<?xml version="1.0" encoding="UTF-8"?>
<billStatus>
  <bill>
    <constitutionalAuthorityStatementText />
    <originChamber>House</originChamber>
    <subjects>
      <billSubjects>
        <policyArea>
          <name>Civil Rights and Liberties, Minority Issues</name>
        </policyArea>
        <legislativeSubjects>
          <item>
            <name>Commemorative events and holidays</name>
          </item>
          <item>
            <name>Community life and organization</name>
          </item>
          <item>
            <name>Political movements and philosophies</name>
          </item>
        </legislativeSubjects>
      </billSubjects>
    </subjects>
    <cosponsors>
      <item>
        <state>LA</state>
        <identifiers>
          <lisID>2330</lisID>
          <bioguideId>J000299</bioguideId>
          <gpoId />
        </identifiers>
        <district>4</district>
        <sponsorshipDate>2017-06-22</sponsorshipDate>
        <lastName>Johnson</lastName>
        <fullName>Rep. Johnson, Mike [R-LA-4]</fullName>
        <middleName />
        <party>R</party>
        <sponsorshipWithdrawnDate />
        <bioguideId>J000299</bioguideId>
        <firstName>Mike</firstName>
        <isOriginalCosponsor>True</isOriginalCosponsor>
      </item>
      <item>
        <state>TX</state>
        <identifiers>
          <lisID>2350</lisID>
          <bioguideId>A000375</bioguideId>
          <gpoId />
        </identifiers>
        <district>19</district>
        <sponsorshipDate>2017-06-22</sponsorshipDate>
        <lastName>Arrington</lastName>
        <fullName>Rep. Arrington, Jodey C. [R-TX-19]</fullName>
        <middleName>C.</middleName>
        <party>R</party>
        <sponsorshipWithdrawnDate />
        <bioguideId>A000375</bioguideId>
        <firstName>Jodey</firstName>
        <isOriginalCosponsor>True</isOriginalCosponsor>
      </item>
      <item>
        <state>NE</state>
        <identifiers>
          <bioguideId>B001298</bioguideId>
          <lisID>2337</lisID>
          <gpoId />
        </identifiers>
        <district>2</district>
        <sponsorshipDate>2017-06-22</sponsorshipDate>
        <lastName>Bacon</lastName>
        <fullName>Rep. Bacon, Don [R-NE-2]</fullName>
        <middleName />
        <party>R</party>
        <sponsorshipWithdrawnDate />
        <bioguideId>B001298</bioguideId>
        <firstName>Don</firstName>
        <isOriginalCosponsor>True</isOriginalCosponsor>
      </item>
      <item>
        <state>CA</state>
        <identifiers>
          <lisID>2311</lisID>
          <bioguideId>B001300</bioguideId>
          <gpoId />
        </identifiers>
        <district>44</district>
        <sponsorshipDate>2017-06-22</sponsorshipDate>
        <lastName>Barragan</lastName>
        <fullName>Rep. Barragan, Nanette Diaz [D-CA-44]</fullName>
        <middleName>Diaz</middleName>
        <party>D</party>
        <sponsorshipWithdrawnDate />
        <bioguideId>B001300</bioguideId>
        <firstName>Nanette</firstName>
        <isOriginalCosponsor>True</isOriginalCosponsor>
      </item>
      <item>
        <state>MI</state>
        <identifiers>
          <bioguideId>B001301</bioguideId>
          <lisID>2333</lisID>
          <gpoId />
        </identifiers>
        <district>1</district>
        <sponsorshipDate>2017-06-22</sponsorshipDate>
        <lastName>Bergman</lastName>
        <fullName>Rep. Bergman, Jack [R-MI-1]</fullName>
        <middleName />
        <party>R</party>
        <sponsorshipWithdrawnDate />
        <bioguideId>B001301</bioguideId>
        <firstName>Jack</firstName>
        <isOriginalCosponsor>True</isOriginalCosponsor>
      </item>
      <item>
        <state>DE</state>
        <identifiers>
          <gpoId />
          <bioguideId>B001303</bioguideId>
          <lisID>2313</lisID>
        </identifiers>
        <district>0</district>
        <sponsorshipDate>2017-06-22</sponsorshipDate>
        <lastName>Blunt Rochester</lastName>
        <fullName>Rep. Blunt Rochester, Lisa [D-DE-At Large]</fullName>
        <middleName />
        <party>D</party>
        <sponsorshipWithdrawnDate />
        <bioguideId>B001303</bioguideId>
        <firstName>Lisa</firstName>
        <isOriginalCosponsor>True</isOriginalCosponsor>
      </item>
      <item>
        <state>MD</state>
        <identifiers>
          <lisID>2331</lisID>
          <gpoId />
          <bioguideId>B001304</bioguideId>
        </identifiers>
        <district>4</district>
        <sponsorshipDate>2017-06-22</sponsorshipDate>
        <lastName>Brown</lastName>
        <fullName>Rep. Brown, Anthony G. [D-MD-4]</fullName>
        <middleName>G.</middleName>
        <party>D</party>
        <sponsorshipWithdrawnDate />
        <bioguideId>B001304</bioguideId>
        <firstName>Anthony</firstName>
        <isOriginalCosponsor>True</isOriginalCosponsor>
      </item>
      <item>
        <state>NC</state>
        <identifiers>
          <gpoId />
          <lisID>2336</lisID>
          <bioguideId>B001305</bioguideId>
        </identifiers>
        <district>13</district>
        <sponsorshipDate>2017-06-22</sponsorshipDate>
        <lastName>Budd</lastName>
        <fullName>Rep. Budd, Ted [R-NC-13]</fullName>
        <middleName />
        <party>R</party>
        <sponsorshipWithdrawnDate />
        <bioguideId>B001305</bioguideId>
        <firstName>Ted</firstName>
        <isOriginalCosponsor>True</isOriginalCosponsor>
      </item>
      <item>
        <state>CA</state>
        <identifiers>
          <lisID>2310</lisID>
          <bioguideId>C001112</bioguideId>
          <gpoId />
        </identifiers>
        <district>24</district>
        <sponsorshipDate>2017-06-22</sponsorshipDate>
        <lastName>Carbajal</lastName>
        <fullName>Rep. Carbajal, Salud O. [D-CA-24]</fullName>
        <middleName>O.</middleName>
        <party>D</party>
        <sponsorshipWithdrawnDate />
        <bioguideId>C001112</bioguideId>
        <firstName>Salud</firstName>
        <isOriginalCosponsor>True</isOriginalCosponsor>
      </item>
      <item>
        <state>WY</state>
        <identifiers>
          <lisID>2356</lisID>
          <bioguideId>C001109</bioguideId>
          <gpoId />
        </identifiers>
        <district>0</district>
        <sponsorshipDate>2017-06-22</sponsorshipDate>
        <lastName>Cheney</lastName>
        <fullName>Rep. Cheney, Liz [R-WY-At Large]</fullName>
        <middleName />
        <party>R</party>
        <sponsorshipWithdrawnDate />
        <bioguideId>C001109</bioguideId>
        <firstName>Liz</firstName>
        <isOriginalCosponsor>True</isOriginalCosponsor>
      </item>
      <item>
        <state>CA</state>
        <identifiers>
          <bioguideId>C001110</bioguideId>
          <lisID>2312</lisID>
          <gpoId />
        </identifiers>
        <district>46</district>
        <sponsorshipDate>2017-06-22</sponsorshipDate>
        <lastName>Correa</lastName>
        <fullName>Rep. Correa, J. Luis [D-CA-46]</fullName>
        <middleName>Luis</middleName>
        <party>D</party>
        <sponsorshipWithdrawnDate />
        <bioguideId>C001110</bioguideId>
        <firstName>J.</firstName>
        <isOriginalCosponsor>True</isOriginalCosponsor>
      </item>
      <item>
        <state>FL</state>
        <identifiers>
          <lisID>2320</lisID>
          <bioguideId>D000627</bioguideId>
          <gpoId />
        </identifiers>
        <district>10</district>
        <sponsorshipDate>2017-06-22</sponsorshipDate>
        <lastName>Demings</lastName>
        <fullName>Rep. Demings, Val Butler [D-FL-10]</fullName>
        <middleName>Butler</middleName>
        <party>D</party>
        <sponsorshipWithdrawnDate />
        <bioguideId>D000627</bioguideId>
        <firstName>Val</firstName>
        <isOriginalCosponsor>True</isOriginalCosponsor>
      </item>
      <item>
        <state>PA</state>
        <identifiers>
          <bioguideId>E000296</bioguideId>
          <lisID>2298</lisID>
          <gpoId />
        </identifiers>
        <district>2</district>
        <sponsorshipDate>2017-06-22</sponsorshipDate>
        <lastName>Evans</lastName>
        <fullName>Rep. Evans, Dwight [D-PA-2]</fullName>
        <middleName />
        <party>D</party>
        <sponsorshipWithdrawnDate />
        <bioguideId>E000296</bioguideId>
        <firstName>Dwight</firstName>
        <isOriginalCosponsor>True</isOriginalCosponsor>
      </item>
      <item>
        <state>NY</state>
        <identifiers>
          <bioguideId>F000464</bioguideId>
          <lisID>2343</lisID>
          <gpoId />
        </identifiers>
        <district>19</district>
        <sponsorshipDate>2017-06-22</sponsorshipDate>
        <lastName>Faso</lastName>
        <fullName>Rep. Faso, John J. [R-NY-19]</fullName>
        <middleName>J.</middleName>
        <party>R</party>
        <sponsorshipWithdrawnDate />
        <bioguideId>F000464</bioguideId>
        <firstName>John</firstName>
        <isOriginalCosponsor>True</isOriginalCosponsor>
      </item>
      <item>
        <state>GA</state>
        <identifiers>
          <lisID>2324</lisID>
          <bioguideId>F000465</bioguideId>
          <gpoId />
        </identifiers>
        <district>3</district>
        <sponsorshipDate>2017-06-22</sponsorshipDate>
        <lastName>Ferguson</lastName>
        <fullName>Rep. Ferguson, A. Drew, IV [R-GA-3]</fullName>
        <middleName>Drew</middleName>
        <party>R</party>
        <sponsorshipWithdrawnDate />
        <bioguideId>F000465</bioguideId>
        <firstName>A.</firstName>
        <isOriginalCosponsor>True</isOriginalCosponsor>
      </item>
      <item>
        <state>PA</state>
        <identifiers>
          <bioguideId>F000466</bioguideId>
          <gpoId />
          <lisID>2345</lisID>
        </identifiers>
        <district>8</district>
        <sponsorshipDate>2017-06-22</sponsorshipDate>
        <lastName>Fitzpatrick</lastName>
        <fullName>Rep. Fitzpatrick, Brian K. [R-PA-8]</fullName>
        <middleName>K.</middleName>
        <party>R</party>
        <sponsorshipWithdrawnDate />
        <bioguideId>F000466</bioguideId>
        <firstName>Brian</firstName>
        <isOriginalCosponsor>True</isOriginalCosponsor>
      </item>
      <item>
        <state>WI</state>
        <identifiers>
          <bioguideId>G000579</bioguideId>
          <lisID>2355</lisID>
          <gpoId />
        </identifiers>
        <district>8</district>
        <sponsorshipDate>2017-06-22</sponsorshipDate>
        <lastName>Gallagher</lastName>
        <fullName>Rep. Gallagher, Mike [R-WI-8]</fullName>
        <middleName />
        <party>R</party>
        <sponsorshipWithdrawnDate />
        <bioguideId>G000579</bioguideId>
        <firstName>Mike</firstName>
        <isOriginalCosponsor>True</isOriginalCosponsor>
      </item>
      <item>
        <state>VA</state>
        <identifiers>
          <bioguideId>G000580</bioguideId>
          <lisID>2353</lisID>
          <gpoId />
        </identifiers>
        <district>5</district>
        <sponsorshipDate>2017-06-22</sponsorshipDate>
        <lastName>Garrett</lastName>
        <fullName>Rep. Garrett, Thomas A., Jr. [R-VA-5]</fullName>
        <middleName>A.</middleName>
        <party>R</party>
        <sponsorshipWithdrawnDate />
        <bioguideId>G000580</bioguideId>
        <firstName>Thomas</firstName>
        <isOriginalCosponsor>True</isOriginalCosponsor>
      </item>
      <item>
        <state>TX</state>
        <identifiers>
          <lisID>2349</lisID>
          <bioguideId>G000581</bioguideId>
          <gpoId />
        </identifiers>
        <district>15</district>
        <sponsorshipDate>2017-06-22</sponsorshipDate>
        <lastName>Gonzalez</lastName>
        <fullName>Rep. Gonzalez, Vicente [D-TX-15]</fullName>
        <middleName />
        <party>D</party>
        <sponsorshipWithdrawnDate />
        <bioguideId>G000581</bioguideId>
        <firstName>Vicente</firstName>
        <isOriginalCosponsor>True</isOriginalCosponsor>
      </item>
      <item>
        <state>NJ</state>
        <identifiers>
          <gpoId />
          <bioguideId>G000583</bioguideId>
          <lisID>2338</lisID>
        </identifiers>
        <district>5</district>
        <sponsorshipDate>2017-06-22</sponsorshipDate>
        <lastName>Gottheimer</lastName>
        <fullName>Rep. Gottheimer, Josh [D-NJ-5]</fullName>
        <middleName />
        <party>D</party>
        <sponsorshipWithdrawnDate />
        <bioguideId>G000583</bioguideId>
        <firstName>Josh</firstName>
        <isOriginalCosponsor>True</isOriginalCosponsor>
      </item>
      <item>
        <state>HI</state>
        <identifiers>
          <lisID>2010</lisID>
          <gpoId>7912</gpoId>
          <bioguideId>H001050</bioguideId>
        </identifiers>
        <district>1</district>
        <sponsorshipDate>2017-06-22</sponsorshipDate>
        <lastName>Hanabusa</lastName>
        <fullName>Rep. Hanabusa, Colleen [D-HI-1]</fullName>
        <middleName />
        <party>D</party>
        <sponsorshipWithdrawnDate />
        <bioguideId>H001050</bioguideId>
        <firstName>Colleen</firstName>
        <isOriginalCosponsor>True</isOriginalCosponsor>
      </item>
      <item>
        <state>WA</state>
        <identifiers>
          <bioguideId>J000298</bioguideId>
          <gpoId />
          <lisID>2354</lisID>
        </identifiers>
        <district>7</district>
        <sponsorshipDate>2017-06-22</sponsorshipDate>
        <lastName>Jayapal</lastName>
        <fullName>Rep. Jayapal, Pramila [D-WA-7]</fullName>
        <middleName />
        <party>D</party>
        <sponsorshipWithdrawnDate />
        <bioguideId>J000298</bioguideId>
        <firstName>Pramila</firstName>
        <isOriginalCosponsor>True</isOriginalCosponsor>
      </item>
      <item>
        <state>CA</state>
        <identifiers>
          <bioguideId>K000389</bioguideId>
          <gpoId />
          <lisID>2308</lisID>
        </identifiers>
        <district>17</district>
        <sponsorshipDate>2017-06-22</sponsorshipDate>
        <lastName>Khanna</lastName>
        <fullName>Rep. Khanna, Ro [D-CA-17]</fullName>
        <middleName />
        <party>D</party>
        <sponsorshipWithdrawnDate />
        <bioguideId>K000389</bioguideId>
        <firstName>Ro</firstName>
        <isOriginalCosponsor>True</isOriginalCosponsor>
      </item>
      <item>
        <state>NV</state>
        <identifiers>
          <gpoId />
          <bioguideId>K000390</bioguideId>
          <lisID>2340</lisID>
        </identifiers>
        <district>4</district>
        <sponsorshipDate>2017-06-22</sponsorshipDate>
        <lastName>Kihuen</lastName>
        <fullName>Rep. Kihuen, Ruben J. [D-NV-4]</fullName>
        <middleName>J.</middleName>
        <party>D</party>
        <sponsorshipWithdrawnDate />
        <bioguideId>K000390</bioguideId>
        <firstName>Ruben</firstName>
        <isOriginalCosponsor>True</isOriginalCosponsor>
      </item>
      <item>
        <state>IL</state>
        <identifiers>
          <bioguideId>K000391</bioguideId>
          <gpoId />
          <lisID>2325</lisID>
        </identifiers>
        <district>8</district>
        <sponsorshipDate>2017-06-22</sponsorshipDate>
        <lastName>Krishnamoorthi</lastName>
        <fullName>Rep. Krishnamoorthi, Raja [D-IL-8]</fullName>
        <middleName />
        <party>D</party>
        <sponsorshipWithdrawnDate />
        <bioguideId>K000391</bioguideId>
        <firstName>Raja</firstName>
        <isOriginalCosponsor>True</isOriginalCosponsor>
      </item>
      <item>
        <state>FL</state>
        <identifiers>
          <lisID>2317</lisID>
          <gpoId />
          <bioguideId>L000586</bioguideId>
        </identifiers>
        <district>5</district>
        <sponsorshipDate>2017-06-22</sponsorshipDate>
        <lastName>Lawson</lastName>
        <fullName>Rep. Lawson, Al, Jr. [D-FL-5]</fullName>
        <middleName />
        <party>D</party>
        <sponsorshipWithdrawnDate />
        <bioguideId>L000586</bioguideId>
        <firstName>Al</firstName>
        <isOriginalCosponsor>True</isOriginalCosponsor>
      </item>
      <item>
        <state>KS</state>
        <identifiers>
          <bioguideId>M001198</bioguideId>
          <lisID>2328</lisID>
          <gpoId />
        </identifiers>
        <district>1</district>
        <sponsorshipDate>2017-06-22</sponsorshipDate>
        <lastName>Marshall</lastName>
        <fullName>Rep. Marshall, Roger W. [R-KS-1]</fullName>
        <middleName>W.</middleName>
        <party>R</party>
        <sponsorshipWithdrawnDate />
        <bioguideId>M001198</bioguideId>
        <firstName>Roger</firstName>
        <isOriginalCosponsor>True</isOriginalCosponsor>
      </item>
      <item>
        <state>FL</state>
        <identifiers>
          <lisID>2322</lisID>
          <gpoId />
          <bioguideId>M001199</bioguideId>
        </identifiers>
        <district>18</district>
        <sponsorshipDate>2017-06-22</sponsorshipDate>
        <lastName>Mast</lastName>
        <fullName>Rep. Mast, Brian J. [R-FL-18]</fullName>
        <middleName>J.</middleName>
        <party>R</party>
        <sponsorshipWithdrawnDate />
        <bioguideId>M001199</bioguideId>
        <firstName>Brian</firstName>
        <isOriginalCosponsor>True</isOriginalCosponsor>
      </item>
      <item>
        <state>VA</state>
        <identifiers>
          <lisID>2352</lisID>
          <gpoId />
          <bioguideId>M001200</bioguideId>
        </identifiers>
        <district>4</district>
        <sponsorshipDate>2017-06-22</sponsorshipDate>
        <lastName>McEachin</lastName>
        <fullName>Rep. McEachin, A. Donald [D-VA-4]</fullName>
        <middleName>Donald</middleName>
        <party>D</party>
        <sponsorshipWithdrawnDate />
        <bioguideId>M001200</bioguideId>
        <firstName>A.</firstName>
        <isOriginalCosponsor>True</isOriginalCosponsor>
      </item>
      <item>
        <state>MI</state>
        <identifiers>
          <lisID>2334</lisID>
          <gpoId />
          <bioguideId>M001201</bioguideId>
        </identifiers>
        <district>10</district>
        <sponsorshipDate>2017-06-22</sponsorshipDate>
        <lastName>Mitchell</lastName>
        <fullName>Rep. Mitchell, Paul [R-MI-10]</fullName>
        <middleName />
        <party>R</party>
        <sponsorshipWithdrawnDate />
        <bioguideId>M001201</bioguideId>
        <firstName>Paul</firstName>
        <isOriginalCosponsor>True</isOriginalCosponsor>
      </item>
      <item>
        <state>FL</state>
        <identifiers>
          <lisID>2318</lisID>
          <bioguideId>M001202</bioguideId>
          <gpoId />
        </identifiers>
        <district>7</district>
        <sponsorshipDate>2017-06-22</sponsorshipDate>
        <lastName>Murphy</lastName>
        <fullName>Rep. Murphy, Stephanie N. [D-FL-7]</fullName>
        <middleName>N.</middleName>
        <party>D</party>
        <sponsorshipWithdrawnDate />
        <bioguideId>M001202</bioguideId>
        <firstName>Stephanie</firstName>
        <isOriginalCosponsor>True</isOriginalCosponsor>
      </item>
      <item>
        <state>AZ</state>
        <identifiers>
          <bioguideId>O000171</bioguideId>
          <lisID>2306</lisID>
          <gpoId />
        </identifiers>
        <district>1</district>
        <sponsorshipDate>2017-06-22</sponsorshipDate>
        <lastName>O'Halleran</lastName>
        <fullName>Rep. O'Halleran, Tom [D-AZ-1]</fullName>
        <middleName />
        <party>D</party>
        <sponsorshipWithdrawnDate />
        <bioguideId>O000171</bioguideId>
        <firstName>Tom</firstName>
        <isOriginalCosponsor>True</isOriginalCosponsor>
      </item>
      <item>
        <state>CA</state>
        <identifiers>
          <lisID>2309</lisID>
          <bioguideId>P000613</bioguideId>
          <gpoId />
        </identifiers>
        <district>20</district>
        <sponsorshipDate>2017-06-22</sponsorshipDate>
        <lastName>Panetta</lastName>
        <fullName>Rep. Panetta, Jimmy [D-CA-20]</fullName>
        <middleName />
        <party>D</party>
        <sponsorshipWithdrawnDate />
        <bioguideId>P000613</bioguideId>
        <firstName>Jimmy</firstName>
        <isOriginalCosponsor>True</isOriginalCosponsor>
      </item>
      <item>
        <state>MD</state>
        <identifiers>
          <bioguideId>R000606</bioguideId>
          <gpoId />
          <lisID>2332</lisID>
        </identifiers>
        <district>8</district>
        <sponsorshipDate>2017-06-22</sponsorshipDate>
        <lastName>Raskin</lastName>
        <fullName>Rep. Raskin, Jamie [D-MD-8]</fullName>
        <middleName />
        <party>D</party>
        <sponsorshipWithdrawnDate />
        <bioguideId>R000606</bioguideId>
        <firstName>Jamie</firstName>
        <isOriginalCosponsor>True</isOriginalCosponsor>
      </item>
      <item>
        <state>FL</state>
        <identifiers>
          <bioguideId>R000607</bioguideId>
          <lisID>2323</lisID>
          <gpoId />
        </identifiers>
        <district>19</district>
        <sponsorshipDate>2017-06-22</sponsorshipDate>
        <lastName>Rooney</lastName>
        <fullName>Rep. Rooney, Francis [R-FL-19]</fullName>
        <middleName />
        <party>R</party>
        <sponsorshipWithdrawnDate />
        <bioguideId>R000607</bioguideId>
        <firstName>Francis</firstName>
        <isOriginalCosponsor>True</isOriginalCosponsor>
      </item>
      <item>
        <state>NV</state>
        <identifiers>
          <lisID>2339</lisID>
          <bioguideId>R000608</bioguideId>
          <gpoId />
        </identifiers>
        <district>3</district>
        <sponsorshipDate>2017-06-22</sponsorshipDate>
        <lastName>Rosen</lastName>
        <fullName>Rep. Rosen, Jacky [D-NV-3]</fullName>
        <middleName />
        <party>D</party>
        <sponsorshipWithdrawnDate />
        <bioguideId>R000608</bioguideId>
        <firstName>Jacky</firstName>
        <isOriginalCosponsor>True</isOriginalCosponsor>
      </item>
      <item>
        <state>FL</state>
        <identifiers>
          <lisID>2316</lisID>
          <bioguideId>R000609</bioguideId>
          <gpoId />
        </identifiers>
        <district>4</district>
        <sponsorshipDate>2017-06-22</sponsorshipDate>
        <lastName>Rutherford</lastName>
        <fullName>Rep. Rutherford, John H. [R-FL-4]</fullName>
        <middleName>H.</middleName>
        <party>R</party>
        <sponsorshipWithdrawnDate />
        <bioguideId>R000609</bioguideId>
        <firstName>John</firstName>
        <isOriginalCosponsor>True</isOriginalCosponsor>
      </item>
      <item>
        <state>IL</state>
        <identifiers>
          <gpoId />
          <lisID>2124</lisID>
          <bioguideId>S001190</bioguideId>
        </identifiers>
        <district>10</district>
        <sponsorshipDate>2017-06-22</sponsorshipDate>
        <lastName>Schneider</lastName>
        <fullName>Rep. Schneider, Bradley Scott [D-IL-10]</fullName>
        <middleName>Scott</middleName>
        <party>D</party>
        <sponsorshipWithdrawnDate />
        <bioguideId>S001190</bioguideId>
        <firstName>Bradley</firstName>
        <isOriginalCosponsor>True</isOriginalCosponsor>
      </item>
      <item>
        <state>PA</state>
        <identifiers>
          <bioguideId>S001199</bioguideId>
          <lisID>2346</lisID>
          <gpoId />
        </identifiers>
        <district>16</district>
        <sponsorshipDate>2017-06-22</sponsorshipDate>
        <lastName>Smucker</lastName>
        <fullName>Rep. Smucker, Lloyd [R-PA-16]</fullName>
        <middleName />
        <party>R</party>
        <sponsorshipWithdrawnDate />
        <bioguideId>S001199</bioguideId>
        <firstName>Lloyd</firstName>
        <isOriginalCosponsor>True</isOriginalCosponsor>
      </item>
      <item>
        <state>FL</state>
        <identifiers>
          <gpoId />
          <bioguideId>S001200</bioguideId>
          <lisID>2319</lisID>
        </identifiers>
        <district>9</district>
        <sponsorshipDate>2017-06-22</sponsorshipDate>
        <lastName>Soto</lastName>
        <fullName>Rep. Soto, Darren [D-FL-9]</fullName>
        <middleName />
        <party>D</party>
        <sponsorshipWithdrawnDate />
        <bioguideId>S001200</bioguideId>
        <firstName>Darren</firstName>
        <isOriginalCosponsor>True</isOriginalCosponsor>
      </item>
      <item>
        <state>NY</state>
        <identifiers>
          <lisID>2341</lisID>
          <bioguideId>S001201</bioguideId>
          <gpoId />
        </identifiers>
        <district>3</district>
        <sponsorshipDate>2017-06-22</sponsorshipDate>
        <lastName>Suozzi</lastName>
        <fullName>Rep. Suozzi, Thomas R. [D-NY-3]</fullName>
        <middleName>R.</middleName>
        <party>D</party>
        <sponsorshipWithdrawnDate />
        <bioguideId>S001201</bioguideId>
        <firstName>Thomas</firstName>
        <isOriginalCosponsor>True</isOriginalCosponsor>
      </item>
      <item>
        <state>VA</state>
        <identifiers>
          <gpoId />
          <lisID>2351</lisID>
          <bioguideId>T000477</bioguideId>
        </identifiers>
        <district>2</district>
        <sponsorshipDate>2017-06-22</sponsorshipDate>
        <lastName>Taylor</lastName>
        <fullName>Rep. Taylor, Scott [R-VA-2]</fullName>
        <middleName />
        <party>R</party>
        <sponsorshipWithdrawnDate />
        <bioguideId>T000477</bioguideId>
        <firstName>Scott</firstName>
        <isOriginalCosponsor>True</isOriginalCosponsor>
      </item>
      <item>
        <state>NY</state>
        <identifiers>
          <lisID>2344</lisID>
          <gpoId />
          <bioguideId>T000478</bioguideId>
        </identifiers>
        <district>22</district>
        <sponsorshipDate>2017-06-22</sponsorshipDate>
        <lastName>Tenney</lastName>
        <fullName>Rep. Tenney, Claudia [R-NY-22]</fullName>
        <middleName />
        <party>R</party>
        <sponsorshipWithdrawnDate />
        <bioguideId>T000478</bioguideId>
        <firstName>Claudia</firstName>
        <isOriginalCosponsor>True</isOriginalCosponsor>
      </item>
      <item>
        <state>MN</state>
        <identifiers>
          <bioguideId>L000587</bioguideId>
          <gpoId />
          <lisID>2335</lisID>
        </identifiers>
        <district>2</district>
        <sponsorshipDate>2017-06-22</sponsorshipDate>
        <lastName>Lewis</lastName>
        <fullName>Rep. Lewis, Jason [R-MN-2]</fullName>
        <middleName />
        <party>R</party>
        <sponsorshipWithdrawnDate />
        <bioguideId>L000587</bioguideId>
        <firstName>Jason</firstName>
        <isOriginalCosponsor>True</isOriginalCosponsor>
      </item>
      <item>
        <state>PA</state>
        <identifiers>
          <lisID>1744</lisID>
          <gpoId>8723</gpoId>
          <bioguideId>M001151</bioguideId>
        </identifiers>
        <district>18</district>
        <sponsorshipDate>2017-06-27</sponsorshipDate>
        <lastName>Murphy</lastName>
        <fullName>Rep. Murphy, Tim [R-PA-18]</fullName>
        <middleName />
        <party>R</party>
        <sponsorshipWithdrawnDate />
        <bioguideId>M001151</bioguideId>
        <firstName>Tim</firstName>
        <isOriginalCosponsor>False</isOriginalCosponsor>
      </item>
      <item>
        <state>CA</state>
        <identifiers>
          <bioguideId>N000179</bioguideId>
          <gpoId>7843</gpoId>
          <lisID>1602</lisID>
        </identifiers>
        <district>32</district>
        <sponsorshipDate>2017-06-27</sponsorshipDate>
        <lastName>NAPOLITANO</lastName>
        <fullName>Rep. Napolitano, Grace F. [D-CA-32]</fullName>
        <middleName>F.</middleName>
        <party>D</party>
        <sponsorshipWithdrawnDate />
        <bioguideId>N000179</bioguideId>
        <firstName>GRACE</firstName>
        <isOriginalCosponsor>False</isOriginalCosponsor>
      </item>
      <item>
        <state>MD</state>
        <identifiers>
          <bioguideId>D000620</bioguideId>
          <lisID>2133</lisID>
          <gpoId />
        </identifiers>
        <district>6</district>
        <sponsorshipDate>2017-06-27</sponsorshipDate>
        <lastName>Delaney</lastName>
        <fullName>Rep. Delaney, John K. [D-MD-6]</fullName>
        <middleName>K.</middleName>
        <party>D</party>
        <sponsorshipWithdrawnDate />
        <bioguideId>D000620</bioguideId>
        <firstName>John</firstName>
        <isOriginalCosponsor>False</isOriginalCosponsor>
      </item>
      <item>
        <state>NE</state>
        <identifiers>
          <bioguideId>F000449</bioguideId>
          <gpoId>8038</gpoId>
          <lisID>1793</lisID>
        </identifiers>
        <district>1</district>
        <sponsorshipDate>2017-06-27</sponsorshipDate>
        <lastName>Fortenberry</lastName>
        <fullName>Rep. Fortenberry, Jeff [R-NE-1]</fullName>
        <middleName />
        <party>R</party>
        <sponsorshipWithdrawnDate />
        <bioguideId>F000449</bioguideId>
        <firstName>Jeff</firstName>
        <isOriginalCosponsor>False</isOriginalCosponsor>
      </item>
      <item>
        <state>IL</state>
        <identifiers>
          <lisID>2126</lisID>
          <gpoId />
          <bioguideId>D000619</bioguideId>
        </identifiers>
        <district>13</district>
        <sponsorshipDate>2017-06-27</sponsorshipDate>
        <lastName>Davis</lastName>
        <fullName>Rep. Davis, Rodney [R-IL-13]</fullName>
        <middleName />
        <party>R</party>
        <sponsorshipWithdrawnDate />
        <bioguideId>D000619</bioguideId>
        <firstName>Rodney</firstName>
        <isOriginalCosponsor>False</isOriginalCosponsor>
      </item>
      <item>
        <state>MI</state>
        <identifiers>
          <lisID>2251</lisID>
          <bioguideId>D000624</bioguideId>
          <gpoId />
        </identifiers>
        <district>12</district>
        <sponsorshipDate>2017-06-27</sponsorshipDate>
        <lastName>Dingell</lastName>
        <fullName>Rep. Dingell, Debbie [D-MI-12]</fullName>
        <middleName />
        <party>D</party>
        <sponsorshipWithdrawnDate />
        <bioguideId>D000624</bioguideId>
        <firstName>Debbie</firstName>
        <isOriginalCosponsor>False</isOriginalCosponsor>
      </item>
      <item>
        <state>IL</state>
        <identifiers>
          <lisID>1781</lisID>
          <bioguideId>L000563</bioguideId>
          <gpoId>7923</gpoId>
        </identifiers>
        <district>3</district>
        <sponsorshipDate>2017-06-27</sponsorshipDate>
        <lastName>Lipinski</lastName>
        <fullName>Rep. Lipinski, Daniel [D-IL-3]</fullName>
        <middleName>William</middleName>
        <party>D</party>
        <sponsorshipWithdrawnDate />
        <bioguideId>L000563</bioguideId>
        <firstName>Daniel</firstName>
        <isOriginalCosponsor>False</isOriginalCosponsor>
      </item>
      <item>
        <state>OH</state>
        <identifiers>
          <bioguideId>J000295</bioguideId>
          <lisID>2154</lisID>
          <gpoId />
        </identifiers>
        <district>14</district>
        <sponsorshipDate>2017-06-28</sponsorshipDate>
        <lastName>Joyce</lastName>
        <fullName>Rep. Joyce, David P. [R-OH-14]</fullName>
        <middleName>P.</middleName>
        <party>R</party>
        <sponsorshipWithdrawnDate />
        <bioguideId>J000295</bioguideId>
        <firstName>David</firstName>
        <isOriginalCosponsor>False</isOriginalCosponsor>
      </item>
      <item>
        <state>AZ</state>
        <identifiers>
          <bioguideId>S001191</bioguideId>
          <gpoId />
          <lisID>2099</lisID>
        </identifiers>
        <district>9</district>
        <sponsorshipDate>2017-06-28</sponsorshipDate>
        <lastName>Sinema</lastName>
        <fullName>Rep. Sinema, Kyrsten [D-AZ-9]</fullName>
        <middleName />
        <party>D</party>
        <sponsorshipWithdrawnDate />
        <bioguideId>S001191</bioguideId>
        <firstName>Kyrsten</firstName>
        <isOriginalCosponsor>False</isOriginalCosponsor>
      </item>
      <item>
        <state>GA</state>
        <identifiers>
          <bioguideId>S001157</bioguideId>
          <gpoId>7910</gpoId>
          <lisID>1722</lisID>
        </identifiers>
        <district>13</district>
        <sponsorshipDate>2017-06-28</sponsorshipDate>
        <lastName>Scott</lastName>
        <fullName>Rep. Scott, David [D-GA-13]</fullName>
        <middleName />
        <party>D</party>
        <sponsorshipWithdrawnDate />
        <bioguideId>S001157</bioguideId>
        <firstName>David</firstName>
        <isOriginalCosponsor>False</isOriginalCosponsor>
      </item>
      <item>
        <state>CA</state>
        <identifiers>
          <bioguideId>T000474</bioguideId>
          <lisID>2231</lisID>
          <gpoId />
        </identifiers>
        <district>35</district>
        <sponsorshipDate>2017-06-28</sponsorshipDate>
        <lastName>Torres</lastName>
        <fullName>Rep. Torres, Norma J. [D-CA-35]</fullName>
        <middleName>J.</middleName>
        <party>D</party>
        <sponsorshipWithdrawnDate />
        <bioguideId>T000474</bioguideId>
        <firstName>Norma</firstName>
        <isOriginalCosponsor>False</isOriginalCosponsor>
      </item>
      <item>
        <state>IA</state>
        <identifiers>
          <bioguideId>Y000066</bioguideId>
          <lisID>2242</lisID>
          <gpoId />
        </identifiers>
        <district>3</district>
        <sponsorshipDate>2017-06-28</sponsorshipDate>
        <lastName>Young</lastName>
        <fullName>Rep. Young, David [R-IA-3]</fullName>
        <middleName />
        <party>R</party>
        <sponsorshipWithdrawnDate />
        <bioguideId>Y000066</bioguideId>
        <firstName>David</firstName>
        <isOriginalCosponsor>False</isOriginalCosponsor>
      </item>
      <item>
        <state>CA</state>
        <identifiers>
          <lisID>2112</lisID>
          <bioguideId>V000130</bioguideId>
          <gpoId />
        </identifiers>
        <district>51</district>
        <sponsorshipDate>2017-06-28</sponsorshipDate>
        <lastName>Vargas</lastName>
        <fullName>Rep. Vargas, Juan [D-CA-51]</fullName>
        <middleName />
        <party>D</party>
        <sponsorshipWithdrawnDate />
        <bioguideId>V000130</bioguideId>
        <firstName>Juan</firstName>
        <isOriginalCosponsor>False</isOriginalCosponsor>
      </item>
      <item>
        <state>CT</state>
        <identifiers>
          <gpoId>7869</gpoId>
          <lisID>1913</lisID>
          <bioguideId>H001047</bioguideId>
        </identifiers>
        <district>4</district>
        <sponsorshipDate>2017-06-28</sponsorshipDate>
        <lastName>Himes</lastName>
        <fullName>Rep. Himes, James A. [D-CT-4]</fullName>
        <middleName>A.</middleName>
        <party>D</party>
        <sponsorshipWithdrawnDate />
        <bioguideId>H001047</bioguideId>
        <firstName>James</firstName>
        <isOriginalCosponsor>False</isOriginalCosponsor>
      </item>
      <item>
        <state>MO</state>
        <identifiers>
          <lisID>1654</lisID>
          <gpoId>8009</gpoId>
          <bioguideId>C001049</bioguideId>
        </identifiers>
        <district>1</district>
        <sponsorshipDate>2017-06-28</sponsorshipDate>
        <lastName>CLAY</lastName>
        <fullName>Rep. Clay, Wm. Lacy [D-MO-1]</fullName>
        <middleName>LACY</middleName>
        <party>D</party>
        <sponsorshipWithdrawnDate />
        <bioguideId>C001049</bioguideId>
        <firstName>WM.</firstName>
        <isOriginalCosponsor>False</isOriginalCosponsor>
      </item>
      <item>
        <state>CA</state>
        <identifiers>
          <lisID>1774</lisID>
          <gpoId>7825</gpoId>
          <bioguideId>C001059</bioguideId>
        </identifiers>
        <district>16</district>
        <sponsorshipDate>2017-06-29</sponsorshipDate>
        <lastName>Costa</lastName>
        <fullName>Rep. Costa, Jim [D-CA-16]</fullName>
        <middleName />
        <party>D</party>
        <sponsorshipWithdrawnDate />
        <bioguideId>C001059</bioguideId>
        <firstName>Jim</firstName>
        <isOriginalCosponsor>False</isOriginalCosponsor>
      </item>
      <item>
        <state>CA</state>
        <identifiers>
          <bioguideId>E000215</bioguideId>
          <gpoId>7819</gpoId>
          <lisID>355</lisID>
        </identifiers>
        <district>18</district>
        <sponsorshipDate>2017-06-29</sponsorshipDate>
        <lastName>ESHOO</lastName>
        <fullName>Rep. Eshoo, Anna G. [D-CA-18]</fullName>
        <middleName>G.</middleName>
        <party>D</party>
        <sponsorshipWithdrawnDate />
        <bioguideId>E000215</bioguideId>
        <firstName>ANNA</firstName>
        <isOriginalCosponsor>False</isOriginalCosponsor>
      </item>
      <item>
        <state>VA</state>
        <identifiers>
          <bioguideId>C001105</bioguideId>
          <lisID>2273</lisID>
          <gpoId />
        </identifiers>
        <district>10</district>
        <sponsorshipDate>2017-06-29</sponsorshipDate>
        <lastName>Comstock</lastName>
        <fullName>Rep. Comstock, Barbara [R-VA-10]</fullName>
        <middleName />
        <party>R</party>
        <sponsorshipWithdrawnDate />
        <bioguideId>C001105</bioguideId>
        <firstName>Barbara</firstName>
        <isOriginalCosponsor>False</isOriginalCosponsor>
      </item>
      <item>
        <state>NY</state>
        <identifiers>
          <lisID>2264</lisID>
          <bioguideId>K000386</bioguideId>
          <gpoId />
        </identifiers>
        <district>24</district>
        <sponsorshipDate>2017-06-29</sponsorshipDate>
        <lastName>Katko</lastName>
        <fullName>Rep. Katko, John [R-NY-24]</fullName>
        <middleName />
        <party>R</party>
        <sponsorshipWithdrawnDate />
        <bioguideId>K000386</bioguideId>
        <firstName>John</firstName>
        <isOriginalCosponsor>False</isOriginalCosponsor>
      </item>
      <item>
        <state>SC</state>
        <identifiers>
          <bioguideId>S000051</bioguideId>
          <lisID>1012</lisID>
          <gpoId />
        </identifiers>
        <district>1</district>
        <sponsorshipDate>2017-06-29</sponsorshipDate>
        <lastName>Sanford</lastName>
        <fullName>Rep. Sanford, Mark [R-SC-1]</fullName>
        <middleName />
        <party>R</party>
        <sponsorshipWithdrawnDate />
        <bioguideId>S000051</bioguideId>
        <firstName>Mark</firstName>
        <isOriginalCosponsor>False</isOriginalCosponsor>
      </item>
      <item>
        <state>WA</state>
        <identifiers>
          <lisID>2096</lisID>
          <bioguideId>D000617</bioguideId>
          <gpoId>8374</gpoId>
        </identifiers>
        <district>1</district>
        <sponsorshipDate>2017-06-29</sponsorshipDate>
        <lastName>DelBene</lastName>
        <fullName>Rep. DelBene, Suzan K. [D-WA-1]</fullName>
        <middleName>K.</middleName>
        <party>D</party>
        <sponsorshipWithdrawnDate />
        <bioguideId>D000617</bioguideId>
        <firstName>Suzan</firstName>
        <isOriginalCosponsor>False</isOriginalCosponsor>
      </item>
      <item>
        <state>IL</state>
        <identifiers>
          <bioguideId>H001059</bioguideId>
          <lisID>2015</lisID>
          <gpoId>7934</gpoId>
        </identifiers>
        <district>14</district>
        <sponsorshipDate>2017-06-29</sponsorshipDate>
        <lastName>Hultgren</lastName>
        <fullName>Rep. Hultgren, Randy [R-IL-14]</fullName>
        <middleName />
        <party>R</party>
        <sponsorshipWithdrawnDate />
        <bioguideId>H001059</bioguideId>
        <firstName>Randy</firstName>
        <isOriginalCosponsor>False</isOriginalCosponsor>
      </item>
      <item>
        <state>TX</state>
        <identifiers>
          <lisID>462</lisID>
          <bioguideId>G000410</bioguideId>
          <gpoId>8185</gpoId>
        </identifiers>
        <district>29</district>
        <sponsorshipDate>2017-07-11</sponsorshipDate>
        <lastName>GREEN</lastName>
        <fullName>Rep. Green, Gene [D-TX-29]</fullName>
        <middleName />
        <party>D</party>
        <sponsorshipWithdrawnDate />
        <bioguideId>G000410</bioguideId>
        <firstName>GENE</firstName>
        <isOriginalCosponsor>False</isOriginalCosponsor>
      </item>
      <item>
        <state>NC</state>
        <identifiers>
          <lisID>2256</lisID>
          <bioguideId>R000603</bioguideId>
          <gpoId />
        </identifiers>
        <district>7</district>
        <sponsorshipDate>2017-07-11</sponsorshipDate>
        <lastName>Rouzer</lastName>
        <fullName>Rep. Rouzer, David [R-NC-7]</fullName>
        <middleName />
        <party>R</party>
        <sponsorshipWithdrawnDate />
        <bioguideId>R000603</bioguideId>
        <firstName>David</firstName>
        <isOriginalCosponsor>False</isOriginalCosponsor>
      </item>
      <item>
        <state>MA</state>
        <identifiers>
          <lisID>1504</lisID>
          <bioguideId>M000312</bioguideId>
          <gpoId>7968</gpoId>
        </identifiers>
        <district>2</district>
        <sponsorshipDate>2017-07-11</sponsorshipDate>
        <lastName>MCGOVERN</lastName>
        <fullName>Rep. McGovern, James P. [D-MA-2]</fullName>
        <middleName>P.</middleName>
        <party>D</party>
        <sponsorshipWithdrawnDate />
        <bioguideId>M000312</bioguideId>
        <firstName>JAMES</firstName>
        <isOriginalCosponsor>False</isOriginalCosponsor>
      </item>
      <item>
        <state>MA</state>
        <identifiers>
          <bioguideId>M001196</bioguideId>
          <lisID>2246</lisID>
          <gpoId />
        </identifiers>
        <district>6</district>
        <sponsorshipDate>2017-07-11</sponsorshipDate>
        <lastName>Moulton</lastName>
        <fullName>Rep. Moulton, Seth [D-MA-6]</fullName>
        <middleName />
        <party>D</party>
        <sponsorshipWithdrawnDate />
        <bioguideId>M001196</bioguideId>
        <firstName>Seth</firstName>
        <isOriginalCosponsor>False</isOriginalCosponsor>
      </item>
      <item>
        <state>IL</state>
        <identifiers>
          <lisID>2295</lisID>
          <gpoId />
          <bioguideId>L000585</bioguideId>
        </identifiers>
        <district>18</district>
        <sponsorshipDate>2017-07-11</sponsorshipDate>
        <lastName>LaHood</lastName>
        <fullName>Rep. LaHood, Darin [R-IL-18]</fullName>
        <middleName />
        <party>R</party>
        <sponsorshipWithdrawnDate />
        <bioguideId>L000585</bioguideId>
        <firstName>Darin</firstName>
        <isOriginalCosponsor>False</isOriginalCosponsor>
      </item>
      <item>
        <state>VA</state>
        <identifiers>
          <lisID>446</lisID>
          <bioguideId>G000289</bioguideId>
          <gpoId>8197</gpoId>
        </identifiers>
        <district>6</district>
        <sponsorshipDate>2017-07-11</sponsorshipDate>
        <lastName>GOODLATTE</lastName>
        <fullName>Rep. Goodlatte, Bob [R-VA-6]</fullName>
        <middleName>W.</middleName>
        <party>R</party>
        <sponsorshipWithdrawnDate />
        <bioguideId>G000289</bioguideId>
        <firstName>ROBERT</firstName>
        <isOriginalCosponsor>False</isOriginalCosponsor>
      </item>
      <item>
        <state>FL</state>
        <identifiers>
          <bioguideId>R000593</bioguideId>
          <gpoId>7884</gpoId>
          <lisID>2003</lisID>
        </identifiers>
        <district>15</district>
        <sponsorshipDate>2017-07-26</sponsorshipDate>
        <lastName>Ross</lastName>
        <fullName>Rep. Ross, Dennis A. [R-FL-15]</fullName>
        <middleName>A.</middleName>
        <party>R</party>
        <sponsorshipWithdrawnDate />
        <bioguideId>R000593</bioguideId>
        <firstName>Dennis</firstName>
        <isOriginalCosponsor>False</isOriginalCosponsor>
      </item>
      <item>
        <state>WA</state>
        <identifiers>
          <bioguideId>M001159</bioguideId>
          <lisID>1809</lisID>
          <gpoId>8209</gpoId>
        </identifiers>
        <district>5</district>
        <sponsorshipDate>2017-07-26</sponsorshipDate>
        <lastName>McMorris Rodgers</lastName>
        <fullName>Rep. McMorris Rodgers, Cathy [R-WA-5]</fullName>
        <middleName />
        <party>R</party>
        <sponsorshipWithdrawnDate />
        <bioguideId>M001159</bioguideId>
        <firstName>Cathy</firstName>
        <isOriginalCosponsor>False</isOriginalCosponsor>
      </item>
    </cosponsors>
    <billType>HRES</billType>
    <recordedVotes />
    <laws />
    <committeeReports />
    <actions>
      <actionByCounts>
        <houseOfRepresentatives>3</houseOfRepresentatives>
      </actionByCounts>
      <actionTypeCounts>
        <introducedInTheHouse>1</introducedInTheHouse>
        <billReferrals>1</billReferrals>
        <introducedInHouse>1</introducedInHouse>
      </actionTypeCounts>
      <item>
        <actionDate>2017-06-22</actionDate>
        <text>Referred to the House Committee on Oversight and Government Reform.</text>
        <sourceSystem>
          <name>House floor actions</name>
          <code>2</code>
        </sourceSystem>
        <committee>
          <systemCode>hsgo00</systemCode>
          <name>Oversight and Government Reform Committee</name>
        </committee>
        <links />
        <actionCode>H11100</actionCode>
        <type>IntroReferral</type>
      </item>
      <item>
        <actionDate>2017-06-22</actionDate>
        <text>Introduced in House</text>
        <sourceSystem>
          <name>Library of Congress</name>
          <code>9</code>
        </sourceSystem>
        <committee />
        <links />
        <actionCode>Intro-H</actionCode>
        <type>IntroReferral</type>
      </item>
      <item>
        <actionDate>2017-06-22</actionDate>
        <text>Introduced in House</text>
        <sourceSystem>
          <name>Library of Congress</name>
          <code>9</code>
        </sourceSystem>
        <committee />
        <links />
        <actionCode>1000</actionCode>
        <type>IntroReferral</type>
      </item>
    </actions>
    <createDate>2017-06-23T03:11:34Z</createDate>
    <version>1.0.0</version>
    <notes />
    <latestAction>
      <actionDate>2017-06-22</actionDate>
      <text>Referred to the House Committee on Oversight and Government Reform.</text>
      <links />
    </latestAction>
    <title>Supporting the designation of a National Day of Civility.</title>
    <summaries>
      <billSummaries>
        <item>
          <versionCode>00</versionCode>
          <updateDate>2017-06-22T04:00:00Z</updateDate>
          <actionDate>2017-06-22</actionDate>
          <text><![CDATA[<p>Supports a National Day of Civility and urges Americans to be more respectful and polite to others in daily life.</p>&nbsp;&nbsp;&nbsp;&nbsp;]]></text>
          <actionDesc>Introduced in House</actionDesc>
          <lastSummaryUpdateDate>2017-07-10T21:21:58Z</lastSummaryUpdateDate>
          <name>Introduced in House</name>
        </item>
      </billSummaries>
    </summaries>
    <congress>115</congress>
    <policyArea>
      <name>Civil Rights and Liberties, Minority Issues</name>
    </policyArea>
    <billNumber>400</billNumber>
    <calendarNumbers />
    <cboCostEstimates />
    <introducedDate>2017-06-22</introducedDate>
    <relatedBills />
    <committees>
      <billCommittees>
        <item>
          <name>Oversight and Government Reform Committee</name>
          <chamber>House</chamber>
          <type>Standing</type>
          <subcommittees />
          <systemCode>hsgo00</systemCode>
          <activities>
            <item>
              <name>Referred to</name>
              <date>2017-06-22T14:00:48Z</date>
            </item>
          </activities>
        </item>
      </billCommittees>
    </committees>
    <titles>
      <item>
        <chamberName />
        <parentTitleType />
        <chamberCode />
        <titleType>Official Title as Introduced</titleType>
        <title>Supporting the designation of a National Day of Civility.</title>
      </item>
      <item>
        <chamberName />
        <parentTitleType />
        <chamberCode />
        <titleType>Display Title</titleType>
        <title>Supporting the designation of a National Day of Civility.</title>
      </item>
    </titles>
    <sponsors>
      <item>
        <fullName>Rep. Crist, Charlie [D-FL-13]</fullName>
        <middleName />
        <district>13</district>
        <byRequestType />
        <firstName>Charlie</firstName>
        <bioguideId>C001111</bioguideId>
        <state>FL</state>
        <party>D</party>
        <lastName>Crist</lastName>
        <identifiers>
          <lisID>2321</lisID>
          <bioguideId>C001111</bioguideId>
          <gpoId />
        </identifiers>
      </item>
    </sponsors>
    <updateDate>2018-02-06T16:39:50Z</updateDate>
    <amendments />
  </bill>
  <dublinCore xmlns:dc="http://purl.org/dc/elements/1.1/">
    <dc:format>text/xml</dc:format>
    <dc:language>EN</dc:language>
    <dc:rights>Pursuant to Title 17 Section 105 of the United States Code, this file is not subject to copyright protection and is in the public domain.</dc:rights>
    <dc:contributor>Congressional Research Service, Library of Congress</dc:contributor>
    <dc:description>This file contains bill summaries and statuses for federal legislation. A bill summary describes the most significant provisions of a piece of legislation and details the effects the legislative text may have on current law and federal programs. Bill summaries are authored by the Congressional Research Service (CRS) of the Library of Congress. As stated in Public Law 91-510 (2 USC 166 (d)(6)), one of the duties of CRS is "to prepare summaries and digests of bills and resolutions of a public general nature introduced in the Senate or House of Representatives". For more information, refer to the User Guide that accompanies this file.</dc:description>
  </dublinCore>
</billStatus>

