<?xml version="1.0" encoding="UTF-8"?>
<billStatus>
  <bill>
    <billNumber>159</billNumber>
    <relatedBills />
    <originChamber>House</originChamber>
    <recordedVotes />
    <latestAction>
      <text>Referred to the Subcommittee on Water Resources and Environment.</text>
      <links />
      <actionDate>2017-03-01</actionDate>
    </latestAction>
    <createDate>2017-03-01T05:20:49Z</createDate>
    <title>Expressing the sense of the House of Representatives that infrastructure spending bills should include development programs that recruit and train individuals from communities with high unemployment rates.</title>
    <summaries>
      <billSummaries>
        <item>
          <versionCode>00</versionCode>
          <updateDate>2017-02-28T05:00:00Z</updateDate>
          <actionDate>2017-02-28</actionDate>
          <text><![CDATA[<p>Expresses the sense of the House of Representatives that infrastructure spending bills enacted during the 115th Congress should include: (1) investments in workforce development programs to recruit and train unemployed veterans that have served in a conflict since September 11, 2001, and individuals from communities with high unemployment rates; and (2) outreach efforts geared toward underrepresented contractors, including minority- and women-owned businesses, veteran owned small businesses, service-disabled veteran owned small businesses, and offerors that employ veterans on a full-time basis.</p>]]></text>
          <actionDesc>Introduced in House</actionDesc>
          <lastSummaryUpdateDate>2017-04-24T20:28:59Z</lastSummaryUpdateDate>
          <name>Introduced in House</name>
        </item>
      </billSummaries>
    </summaries>
    <actions>
      <actionByCounts>
        <houseOfRepresentatives>9</houseOfRepresentatives>
      </actionByCounts>
      <item>
        <actionDate>2017-03-01</actionDate>
        <committee>
          <name>Water Resources and Environment Subcommittee</name>
          <systemCode>hspw02</systemCode>
        </committee>
        <links />
        <sourceSystem>
          <name>House committee actions</name>
          <code>1</code>
        </sourceSystem>
        <text>Referred to the Subcommittee on Water Resources and Environment.</text>
        <type>Committee</type>
      </item>
      <item>
        <actionDate>2017-03-01</actionDate>
        <committee>
          <name>Railroads, Pipelines, and Hazardous Materials Subcommittee</name>
          <systemCode>hspw14</systemCode>
        </committee>
        <links />
        <sourceSystem>
          <name>House committee actions</name>
          <code>1</code>
        </sourceSystem>
        <text>Referred to the Subcommittee on Railroads, Pipelines, and Hazardous Materials.</text>
        <type>Committee</type>
      </item>
      <item>
        <actionDate>2017-03-01</actionDate>
        <committee>
          <name>Highways and Transit Subcommittee</name>
          <systemCode>hspw12</systemCode>
        </committee>
        <links />
        <sourceSystem>
          <name>House committee actions</name>
          <code>1</code>
        </sourceSystem>
        <text>Referred to the Subcommittee on Highways and Transit.</text>
        <type>Committee</type>
      </item>
      <item>
        <actionDate>2017-03-01</actionDate>
        <committee>
          <name>Economic Development, Public Buildings and Emergency Management Subcommittee</name>
          <systemCode>hspw13</systemCode>
        </committee>
        <links />
        <sourceSystem>
          <name>House committee actions</name>
          <code>1</code>
        </sourceSystem>
        <text>Referred to the Subcommittee on Economic Development, Public Buildings and Emergency Management.</text>
        <type>Committee</type>
      </item>
      <item>
        <actionDate>2017-03-01</actionDate>
        <committee>
          <name>Coast Guard and Maritime Transportation Subcommittee</name>
          <systemCode>hspw07</systemCode>
        </committee>
        <links />
        <sourceSystem>
          <name>House committee actions</name>
          <code>1</code>
        </sourceSystem>
        <text>Referred to the Subcommittee on Coast Guard and Maritime Transportation.</text>
        <type>Committee</type>
      </item>
      <item>
        <actionDate>2017-03-01</actionDate>
        <committee>
          <name>Aviation Subcommittee</name>
          <systemCode>hspw05</systemCode>
        </committee>
        <links />
        <sourceSystem>
          <name>House committee actions</name>
          <code>1</code>
        </sourceSystem>
        <text>Referred to the Subcommittee on Aviation.</text>
        <type>Committee</type>
      </item>
      <item>
        <text>Referred to the House Committee on Transportation and Infrastructure.</text>
        <type>IntroReferral</type>
        <sourceSystem>
          <name>House floor actions</name>
          <code>2</code>
        </sourceSystem>
        <committee>
          <name>Transportation and Infrastructure Committee</name>
          <systemCode>hspw00</systemCode>
        </committee>
        <actionCode>H11100</actionCode>
        <actionDate>2017-02-28</actionDate>
        <links />
      </item>
      <item>
        <text>Introduced in House</text>
        <type>IntroReferral</type>
        <sourceSystem>
          <name>Library of Congress</name>
          <code>9</code>
        </sourceSystem>
        <committee />
        <actionCode>Intro-H</actionCode>
        <actionDate>2017-02-28</actionDate>
        <links />
      </item>
      <item>
        <text>Introduced in House</text>
        <type>IntroReferral</type>
        <sourceSystem>
          <name>Library of Congress</name>
          <code>9</code>
        </sourceSystem>
        <committee />
        <actionCode>1000</actionCode>
        <actionDate>2017-02-28</actionDate>
        <links />
      </item>
      <actionTypeCounts>
        <introducedInHouse>1</introducedInHouse>
        <billReferrals>1</billReferrals>
        <placeholderTextForH>6</placeholderTextForH>
        <introducedInTheHouse>1</introducedInTheHouse>
      </actionTypeCounts>
    </actions>
    <updateDate>2018-02-06T16:39:37Z</updateDate>
    <amendments />
    <notes />
    <sponsors>
      <item>
        <bioguideId>M001137</bioguideId>
        <district>5</district>
        <middleName>W.</middleName>
        <byRequestType />
        <firstName>GREGORY</firstName>
        <lastName>MEEKS</lastName>
        <state>NY</state>
        <party>D</party>
        <identifiers>
          <lisID>1506</lisID>
          <bioguideId>M001137</bioguideId>
          <gpoId>8067</gpoId>
        </identifiers>
        <fullName>Rep. Meeks, Gregory W. [D-NY-5]</fullName>
      </item>
    </sponsors>
    <committees>
      <billCommittees>
        <item>
          <type>Standing</type>
          <systemCode>hspw00</systemCode>
          <subcommittees>
            <item>
              <activities>
                <item>
                  <date>2017-03-01T22:05:42Z</date>
                  <name>Referred to</name>
                </item>
              </activities>
              <systemCode>hspw02</systemCode>
              <name>Water Resources and Environment Subcommittee</name>
            </item>
            <item>
              <activities>
                <item>
                  <date>2017-03-01T22:05:08Z</date>
                  <name>Referred to</name>
                </item>
              </activities>
              <systemCode>hspw14</systemCode>
              <name>Railroads, Pipelines, and Hazardous Materials Subcommittee</name>
            </item>
            <item>
              <activities>
                <item>
                  <date>2017-03-01T22:04:17Z</date>
                  <name>Referred to</name>
                </item>
              </activities>
              <systemCode>hspw12</systemCode>
              <name>Highways and Transit Subcommittee</name>
            </item>
            <item>
              <activities>
                <item>
                  <date>2017-03-01T22:03:23Z</date>
                  <name>Referred to</name>
                </item>
              </activities>
              <systemCode>hspw13</systemCode>
              <name>Economic Development, Public Buildings and Emergency Management Subcommittee</name>
            </item>
            <item>
              <activities>
                <item>
                  <date>2017-03-01T22:02:52Z</date>
                  <name>Referred to</name>
                </item>
              </activities>
              <systemCode>hspw07</systemCode>
              <name>Coast Guard and Maritime Transportation Subcommittee</name>
            </item>
            <item>
              <activities>
                <item>
                  <date>2017-03-01T22:02:27Z</date>
                  <name>Referred to</name>
                </item>
              </activities>
              <systemCode>hspw05</systemCode>
              <name>Aviation Subcommittee</name>
            </item>
          </subcommittees>
          <activities>
            <item>
              <date>2017-02-28T15:02:00Z</date>
              <name>Referred to</name>
            </item>
          </activities>
          <chamber>House</chamber>
          <name>Transportation and Infrastructure Committee</name>
        </item>
      </billCommittees>
    </committees>
    <cosponsors>
      <item>
        <bioguideId>L000580</bioguideId>
        <district>1</district>
        <isOriginalCosponsor>True</isOriginalCosponsor>
        <sponsorshipWithdrawnDate />
        <lastName>Lujan Grisham</lastName>
        <state>NM</state>
        <fullName>Rep. Lujan Grisham, Michelle [D-NM-1]</fullName>
        <sponsorshipDate>2017-02-28</sponsorshipDate>
        <middleName />
        <firstName>Michelle</firstName>
        <party>D</party>
        <identifiers>
          <lisID>2146</lisID>
          <gpoId />
          <bioguideId>L000580</bioguideId>
        </identifiers>
      </item>
      <item>
        <bioguideId>W000799</bioguideId>
        <district>1</district>
        <isOriginalCosponsor>True</isOriginalCosponsor>
        <sponsorshipWithdrawnDate />
        <lastName>Walz</lastName>
        <state>MN</state>
        <fullName>Rep. Walz, Timothy J. [D-MN-1]</fullName>
        <sponsorshipDate>2017-02-28</sponsorshipDate>
        <middleName>J.</middleName>
        <firstName>Timothy</firstName>
        <party>D</party>
        <identifiers>
          <bioguideId>W000799</bioguideId>
          <lisID>1856</lisID>
          <gpoId>8001</gpoId>
        </identifiers>
      </item>
      <item>
        <bioguideId>P000610</bioguideId>
        <district>0</district>
        <isOriginalCosponsor>True</isOriginalCosponsor>
        <sponsorshipWithdrawnDate />
        <lastName>Plaskett</lastName>
        <state>VI</state>
        <fullName>Rep. Plaskett, Stacey E. [D-VI-At Large]</fullName>
        <sponsorshipDate>2017-02-28</sponsorshipDate>
        <middleName>E.</middleName>
        <firstName>Stacey</firstName>
        <party>D</party>
        <identifiers>
          <bioguideId>P000610</bioguideId>
          <lisID>2274</lisID>
          <gpoId />
        </identifiers>
      </item>
    </cosponsors>
    <constitutionalAuthorityStatementText />
    <policyArea>
      <name>Labor and Employment</name>
    </policyArea>
    <cboCostEstimates />
    <laws />
    <congress>115</congress>
    <version>1.0.0</version>
    <introducedDate>2017-02-28</introducedDate>
    <committeeReports />
    <titles>
      <item>
        <chamberCode />
        <title>Expressing the sense of the House of Representatives that infrastructure spending bills should include development programs that recruit and train individuals from communities with high unemployment rates.</title>
        <titleType>Official Title as Introduced</titleType>
        <parentTitleType />
        <chamberName />
      </item>
      <item>
        <chamberCode />
        <title>Expressing the sense of the House of Representatives that infrastructure spending bills should include development programs that recruit and train individuals from communities with high unemployment rates.</title>
        <titleType>Display Title</titleType>
        <parentTitleType />
        <chamberName />
      </item>
    </titles>
    <calendarNumbers />
    <subjects>
      <billSubjects>
        <policyArea>
          <name>Labor and Employment</name>
        </policyArea>
        <legislativeSubjects>
          <item>
            <name>Conflicts and wars</name>
          </item>
          <item>
            <name>Disability and paralysis</name>
          </item>
          <item>
            <name>Employee hiring</name>
          </item>
          <item>
            <name>Employment and training programs</name>
          </item>
          <item>
            <name>Indian social and development programs</name>
          </item>
          <item>
            <name>Infrastructure development</name>
          </item>
          <item>
            <name>Minority and disadvantaged businesses</name>
          </item>
          <item>
            <name>Minority employment</name>
          </item>
          <item>
            <name>Public contracts and procurement</name>
          </item>
          <item>
            <name>Small business</name>
          </item>
          <item>
            <name>Unemployment</name>
          </item>
          <item>
            <name>Veterans' education, employment, rehabilitation</name>
          </item>
          <item>
            <name>Women in business</name>
          </item>
        </legislativeSubjects>
      </billSubjects>
    </subjects>
    <billType>HRES</billType>
  </bill>
  <dublinCore xmlns:dc="http://purl.org/dc/elements/1.1/">
    <dc:format>text/xml</dc:format>
    <dc:language>EN</dc:language>
    <dc:rights>Pursuant to Title 17 Section 105 of the United States Code, this file is not subject to copyright protection and is in the public domain.</dc:rights>
    <dc:contributor>Congressional Research Service, Library of Congress</dc:contributor>
    <dc:description>This file contains bill summaries and statuses for federal legislation. A bill summary describes the most significant provisions of a piece of legislation and details the effects the legislative text may have on current law and federal programs. Bill summaries are authored by the Congressional Research Service (CRS) of the Library of Congress. As stated in Public Law 91-510 (2 USC 166 (d)(6)), one of the duties of CRS is "to prepare summaries and digests of bills and resolutions of a public general nature introduced in the Senate or House of Representatives". For more information, refer to the User Guide that accompanies this file.</dc:description>
  </dublinCore>
</billStatus>

