<?xml version="1.0" encoding="UTF-8"?>
<billStatus>
  <bill>
    <createDate>2017-04-26T03:11:44Z</createDate>
    <congress>115</congress>
    <calendarNumbers>
      <item>
        <calendar>H00041</calendar>
        <number />
      </item>
    </calendarNumbers>
    <amendments />
    <recordedVotes>
      <recordedVote>
        <rollNumber>225</rollNumber>
        <sessionNumber>1</sessionNumber>
        <fullActionName>Passage of a Measure</fullActionName>
        <date>2017-04-26T17:53:58Z</date>
        <congress>115</congress>
        <chamber>House</chamber>
        <url>http://clerk.house.gov/evs/2017/roll225.xml</url>
      </recordedVote>
      <recordedVote>
        <rollNumber>224</rollNumber>
        <sessionNumber>1</sessionNumber>
        <fullActionName>Motion for Previous Question</fullActionName>
        <date>2017-04-26T17:46:36Z</date>
        <congress>115</congress>
        <chamber>House</chamber>
        <url>http://clerk.house.gov/evs/2017/roll224.xml</url>
      </recordedVote>
    </recordedVotes>
    <cboCostEstimates />
    <updateDate>2018-02-22T15:26:50Z</updateDate>
    <laws />
    <billNumber>275</billNumber>
    <summaries>
      <billSummaries>
        <item>
          <actionDate>2017-04-25</actionDate>
          <name>Introduced in House</name>
          <versionCode>00</versionCode>
          <actionDesc>Introduced in House</actionDesc>
          <lastSummaryUpdateDate>2017-04-26T08:04:13Z</lastSummaryUpdateDate>
          <text><![CDATA[Sets forth the rule for consideration of the bill (H.R. 1695) to amend title 17, United States Code, to provide additional responsibilities for the Register of Copyrights.]]></text>
          <updateDate>2017-04-25T04:00:00Z</updateDate>
        </item>
      </billSummaries>
    </summaries>
    <constitutionalAuthorityStatementText />
    <notes />
    <sponsors>
      <item>
        <firstName>Doug</firstName>
        <state>GA</state>
        <lastName>Collins</lastName>
        <party>R</party>
        <district>9</district>
        <fullName>Rep. Collins, Doug [R-GA-9]</fullName>
        <middleName />
        <bioguideId>C001093</bioguideId>
        <byRequestType />
        <identifiers>
          <bioguideId>C001093</bioguideId>
          <lisID>2121</lisID>
          <gpoId />
        </identifiers>
      </item>
    </sponsors>
    <titles>
      <item>
        <title>Providing for consideration of the bill (H.R. 1695) to amend title 17, United States Code, to provide additional responsibilities for the Register of Copyrights, and for other purposes.</title>
        <parentTitleType />
        <titleType>Official Title as Introduced</titleType>
        <chamberCode />
        <chamberName />
      </item>
      <item>
        <title>Providing for consideration of the bill (H.R. 1695) to amend title 17, United States Code, to provide additional responsibilities for the Register of Copyrights, and for other purposes.</title>
        <parentTitleType />
        <titleType>Display Title</titleType>
        <chamberCode />
        <chamberName />
      </item>
    </titles>
    <committees>
      <billCommittees>
        <item>
          <activities>
            <item>
              <date>2017-04-25T23:16:17Z</date>
              <name>Reported original measure</name>
            </item>
          </activities>
          <chamber>House</chamber>
          <subcommittees />
          <systemCode>hsru00</systemCode>
          <name>Rules Committee</name>
          <type>Standing</type>
        </item>
      </billCommittees>
    </committees>
    <billType>HRES</billType>
    <actions>
      <actionTypeCounts>
        <reportedToHouse>1</reportedToHouse>
        <motionForPreviousQuestion>1</motionForPreviousQuestion>
        <introducedInHouse>1</introducedInHouse>
        <motionToReconsiderResults>1</motionToReconsiderResults>
        <passageOfAMeasure>1</passageOfAMeasure>
        <generalDebate>1</generalDebate>
        <houseCalendarAssignment>1</houseCalendarAssignment>
        <considerationByHouse>1</considerationByHouse>
        <committeeReportOfAnOriginalMeasure>1</committeeReportOfAnOriginalMeasure>
        <provisionsOfARule>1</provisionsOfARule>
        <passedAgreedToInHouse>1</passedAgreedToInHouse>
      </actionTypeCounts>
      <item>
        <committee />
        <actionCode>H38310</actionCode>
        <sourceSystem>
          <code>2</code>
          <name>House floor actions</name>
        </sourceSystem>
        <actionDate>2017-04-26</actionDate>
        <text>Motion to reconsider laid on the table Agreed to without objection.</text>
        <links />
        <type>Floor</type>
        <actionTime>13:54:00</actionTime>
      </item>
      <item>
        <committee />
        <actionCode>H37100</actionCode>
        <sourceSystem>
          <code>2</code>
          <name>House floor actions</name>
        </sourceSystem>
        <actionDate>2017-04-26</actionDate>
        <text>On agreeing to the resolution Agreed to by recorded vote: 237 - 186 (Roll no. 225). (text: CR H2860)</text>
        <links>
          <link>
            <name>H2860</name>
            <url>https://www.congress.gov/congressional-record/volume-163/house-section/page/H2860</url>
          </link>
          <link>
            <name>Roll no. 225</name>
            <url>http://clerk.house.gov/evs/2017/roll225.xml</url>
          </link>
        </links>
        <type>Floor</type>
        <actionTime>13:53:58</actionTime>
      </item>
      <item>
        <committee />
        <actionCode>8000</actionCode>
        <sourceSystem>
          <code>9</code>
          <name>Library of Congress</name>
        </sourceSystem>
        <actionDate>2017-04-26</actionDate>
        <text>Passed/agreed to in House: On agreeing to the resolution Agreed to by recorded vote: 237 - 186 (Roll no. 225).</text>
        <links>
          <link>
            <name>Roll no. 225</name>
            <url>http://clerk.house.gov/evs/2017/roll225.xml</url>
          </link>
        </links>
        <type>Floor</type>
        <actionTime>13:53:58</actionTime>
      </item>
      <item>
        <committee />
        <actionCode>H35000</actionCode>
        <sourceSystem>
          <code>2</code>
          <name>House floor actions</name>
        </sourceSystem>
        <actionDate>2017-04-26</actionDate>
        <text>On ordering the previous question Agreed to by the Yeas and Nays: 234 - 191 (Roll no. 224). (consideration: CR H2867)</text>
        <links>
          <link>
            <name>H2867</name>
            <url>https://www.congress.gov/congressional-record/volume-163/house-section/page/H2867</url>
          </link>
          <link>
            <name>Roll no. 224</name>
            <url>http://clerk.house.gov/evs/2017/roll224.xml</url>
          </link>
        </links>
        <type>Floor</type>
        <actionTime>13:46:36</actionTime>
      </item>
      <item>
        <committee />
        <actionCode>H8D000</actionCode>
        <sourceSystem>
          <code>2</code>
          <name>House floor actions</name>
        </sourceSystem>
        <actionDate>2017-04-26</actionDate>
        <text>DEBATE - The House proceeded with one hour of debate on H. Res. 275.</text>
        <links>
          <link>
            <name>H. Res. 275</name>
            <url>https://www.congress.gov/bill/115th-congress/house-resolution/275</url>
          </link>
        </links>
        <type>Floor</type>
        <actionTime>12:37:13</actionTime>
      </item>
      <item>
        <committee />
        <actionCode>H30000</actionCode>
        <sourceSystem>
          <code>2</code>
          <name>House floor actions</name>
        </sourceSystem>
        <actionDate>2017-04-26</actionDate>
        <text>Considered as privileged matter. (consideration: CR H2860-2868)</text>
        <links>
          <link>
            <name>H2860-2868</name>
            <url>https://www.congress.gov/congressional-record/volume-163/house-section/page/H2860-2868</url>
          </link>
        </links>
        <type>Floor</type>
        <actionTime>12:34:38</actionTime>
      </item>
      <item>
        <committee />
        <sourceSystem>
          <code>2</code>
          <name>House floor actions</name>
        </sourceSystem>
        <actionDate>2017-04-25</actionDate>
        <text>Placed on the House Calendar, Calendar No. 41.</text>
        <links />
        <type>Calendars</type>
        <actionCode>H12420</actionCode>
      </item>
      <item>
        <committee />
        <actionCode>H12700</actionCode>
        <sourceSystem>
          <code>2</code>
          <name>House floor actions</name>
        </sourceSystem>
        <actionDate>2017-04-25</actionDate>
        <text>The resolution makes in order an amendment in the nature of a substitute consisting of the text of Rules Committee Print 115-13.</text>
        <links />
        <type>Floor</type>
        <actionTime>19:16:18</actionTime>
      </item>
      <item>
        <committee>
          <systemCode>hsru00</systemCode>
          <name>Rules Committee</name>
        </committee>
        <sourceSystem>
          <code>2</code>
          <name>House floor actions</name>
        </sourceSystem>
        <actionDate>2017-04-25</actionDate>
        <text>The House Committee on Rules reported an original measure, H. Rept. 115-95, by Mr. Collins (GA).</text>
        <links>
          <link>
            <name>H. Rept. 115-95</name>
            <url>https://www.congress.gov/congressional-report/115th-congress/house-report/95</url>
          </link>
        </links>
        <type>Committee</type>
        <actionCode>H12100</actionCode>
      </item>
      <item>
        <committee>
          <systemCode>hsru00</systemCode>
          <name>Rules Committee</name>
        </committee>
        <sourceSystem>
          <code>9</code>
          <name>Library of Congress</name>
        </sourceSystem>
        <actionDate>2017-04-25</actionDate>
        <text>The House Committee on Rules reported an original measure, H. Rept. 115-95, by Mr. Collins (GA).</text>
        <links>
          <link>
            <name>H. Rept. 115-95</name>
            <url>https://www.congress.gov/congressional-report/115th-congress/house-report/95</url>
          </link>
        </links>
        <type>Committee</type>
        <actionCode>5000</actionCode>
      </item>
      <item>
        <committee />
        <sourceSystem>
          <code>9</code>
          <name>Library of Congress</name>
        </sourceSystem>
        <actionDate>2017-04-25</actionDate>
        <text>Introduced in House</text>
        <links />
        <type>IntroReferral</type>
        <actionCode>1000</actionCode>
      </item>
      <actionByCounts>
        <houseOfRepresentatives>11</houseOfRepresentatives>
      </actionByCounts>
    </actions>
    <committeeReports>
      <committeeReport>
        <citation>H. Rept. 115-95</citation>
      </committeeReport>
    </committeeReports>
    <version>1.0.0</version>
    <originChamber>House</originChamber>
    <subjects>
      <billSubjects>
        <legislativeSubjects>
          <item>
            <name>House of Representatives</name>
          </item>
          <item>
            <name>Legislative rules and procedure</name>
          </item>
        </legislativeSubjects>
        <policyArea>
          <name>Congress</name>
        </policyArea>
      </billSubjects>
    </subjects>
    <title>Providing for consideration of the bill (H.R. 1695) to amend title 17, United States Code, to provide additional responsibilities for the Register of Copyrights, and for other purposes.</title>
    <introducedDate>2017-04-25</introducedDate>
    <cosponsors />
    <latestAction>
      <actionTime>13:54:00</actionTime>
      <links />
      <text>Motion to reconsider laid on the table Agreed to without objection.</text>
      <actionDate>2017-04-26</actionDate>
    </latestAction>
    <policyArea>
      <name>Congress</name>
    </policyArea>
    <relatedBills>
      <item>
        <relationshipDetails>
          <item>
            <type>Procedurally-related</type>
            <identifiedBy>House</identifiedBy>
          </item>
        </relationshipDetails>
        <congress>115</congress>
        <type>HRES</type>
        <latestAction>
          <actionDate>2017-04-26</actionDate>
          <text>Pursuant to the provisions of H. Res. 275, H. Res. 254 is laid on the table.</text>
          <actionTime>13:54:05</actionTime>
        </latestAction>
        <latestTitle>Providing for further consideration of the bill (H.R. 1628) to provide for reconciliation pursuant to title II of the concurrent resolution on the budget for fiscal year 2017.</latestTitle>
        <number>254</number>
      </item>
      <item>
        <relationshipDetails>
          <item>
            <type>Procedurally-related</type>
            <identifiedBy>House</identifiedBy>
          </item>
        </relationshipDetails>
        <congress>115</congress>
        <type>HR</type>
        <latestAction>
          <actionDate>2017-04-27</actionDate>
          <text>Received in the Senate and Read twice and referred to the Committee on Rules and Administration.</text>
        </latestAction>
        <latestTitle>Register of Copyrights Selection and Accountability Act of 2017</latestTitle>
        <number>1695</number>
      </item>
    </relatedBills>
  </bill>
  <dublinCore xmlns:dc="http://purl.org/dc/elements/1.1/">
    <dc:format>text/xml</dc:format>
    <dc:language>EN</dc:language>
    <dc:rights>Pursuant to Title 17 Section 105 of the United States Code, this file is not subject to copyright protection and is in the public domain.</dc:rights>
    <dc:contributor>Congressional Research Service, Library of Congress</dc:contributor>
    <dc:description>This file contains bill summaries and statuses for federal legislation. A bill summary describes the most significant provisions of a piece of legislation and details the effects the legislative text may have on current law and federal programs. Bill summaries are authored by the Congressional Research Service (CRS) of the Library of Congress. As stated in Public Law 91-510 (2 USC 166 (d)(6)), one of the duties of CRS is "to prepare summaries and digests of bills and resolutions of a public general nature introduced in the Senate or House of Representatives". For more information, refer to the User Guide that accompanies this file.</dc:description>
  </dublinCore>
</billStatus>

