<?xml version="1.0" encoding="UTF-8"?>
<billStatus>
  <bill>
    <cosponsors />
    <congress>115</congress>
    <committees>
      <billCommittees>
        <item>
          <chamber>House</chamber>
          <name>Foreign Affairs Committee</name>
          <systemCode>hsfa00</systemCode>
          <activities>
            <item>
              <date>2017-07-13T14:00:20Z</date>
              <name>Referred to</name>
            </item>
          </activities>
          <type>Standing</type>
          <subcommittees />
        </item>
      </billCommittees>
    </committees>
    <constitutionalAuthorityStatementText />
    <laws />
    <titles>
      <item>
        <titleType>Official Title as Introduced</titleType>
        <title>Encouraging the courts of the United Kingdom of Great Britain and Northern Ireland to allow Charles William Gard and Constance Rhoda Keely Yates to pursue innovative medical care for their son.</title>
        <chamberCode />
        <parentTitleType />
        <chamberName />
      </item>
      <item>
        <titleType>Display Title</titleType>
        <title>Encouraging the courts of the United Kingdom of Great Britain and Northern Ireland to allow Charles William Gard and Constance Rhoda Keely Yates to pursue innovative medical care for their son.</title>
        <chamberCode />
        <parentTitleType />
        <chamberName />
      </item>
    </titles>
    <billType>HRES</billType>
    <amendments />
    <recordedVotes />
    <actions>
      <item>
        <committee>
          <systemCode>hsfa00</systemCode>
          <name>Foreign Affairs Committee</name>
        </committee>
        <sourceSystem>
          <code>2</code>
          <name>House floor actions</name>
        </sourceSystem>
        <actionDate>2017-07-13</actionDate>
        <text>Referred to the House Committee on Foreign Affairs.</text>
        <links />
        <type>IntroReferral</type>
        <actionCode>H11100</actionCode>
      </item>
      <item>
        <committee />
        <sourceSystem>
          <code>9</code>
          <name>Library of Congress</name>
        </sourceSystem>
        <actionDate>2017-07-13</actionDate>
        <text>Introduced in House</text>
        <links />
        <type>IntroReferral</type>
        <actionCode>Intro-H</actionCode>
      </item>
      <item>
        <committee />
        <sourceSystem>
          <code>9</code>
          <name>Library of Congress</name>
        </sourceSystem>
        <actionDate>2017-07-13</actionDate>
        <text>Introduced in House</text>
        <links />
        <type>IntroReferral</type>
        <actionCode>1000</actionCode>
      </item>
      <actionByCounts>
        <houseOfRepresentatives>3</houseOfRepresentatives>
      </actionByCounts>
      <actionTypeCounts>
        <billReferrals>1</billReferrals>
        <introducedInTheHouse>1</introducedInTheHouse>
        <introducedInHouse>1</introducedInHouse>
      </actionTypeCounts>
    </actions>
    <introducedDate>2017-07-13</introducedDate>
    <relatedBills />
    <committeeReports />
    <calendarNumbers />
    <billNumber>444</billNumber>
    <summaries>
      <billSummaries>
        <item>
          <lastSummaryUpdateDate>2017-10-02T18:19:11Z</lastSummaryUpdateDate>
          <updateDate>2017-07-13T04:00:00Z</updateDate>
          <versionCode>00</versionCode>
          <text><![CDATA[<p>Urges the courts of the United Kingdom and Northern Ireland and the European Court of Human Rights to allow Charles William Gard and Constance Rhoda Keely Yates to pursue innovative medical care for their son, Charles Matthew William Gard, in any country where such care may be available.</p>]]></text>
          <name>Introduced in House</name>
          <actionDesc>Introduced in House</actionDesc>
          <actionDate>2017-07-13</actionDate>
        </item>
      </billSummaries>
    </summaries>
    <cboCostEstimates />
    <updateDate>2018-02-06T16:39:53Z</updateDate>
    <policyArea>
      <name>International Affairs</name>
    </policyArea>
    <latestAction>
      <text>Referred to the House Committee on Foreign Affairs.</text>
      <actionDate>2017-07-13</actionDate>
      <links />
    </latestAction>
    <version>1.0.0</version>
    <subjects>
      <billSubjects>
        <legislativeSubjects>
          <item>
            <name>Child health</name>
          </item>
          <item>
            <name>Europe</name>
          </item>
          <item>
            <name>Human rights</name>
          </item>
          <item>
            <name>International law and treaties</name>
          </item>
          <item>
            <name>Long-term, rehabilitative, and terminal care</name>
          </item>
          <item>
            <name>United Kingdom</name>
          </item>
        </legislativeSubjects>
        <policyArea>
          <name>International Affairs</name>
        </policyArea>
      </billSubjects>
    </subjects>
    <title>Encouraging the courts of the United Kingdom of Great Britain and Northern Ireland to allow Charles William Gard and Constance Rhoda Keely Yates to pursue innovative medical care for their son.</title>
    <originChamber>House</originChamber>
    <sponsors>
      <item>
        <byRequestType />
        <district>4</district>
        <party>R</party>
        <fullName>Rep. King, Steve [R-IA-4]</fullName>
        <lastName>King</lastName>
        <state>IA</state>
        <bioguideId>K000362</bioguideId>
        <middleName />
        <firstName>Steve</firstName>
        <identifiers>
          <bioguideId>K000362</bioguideId>
          <lisID>1724</lisID>
          <gpoId>7918</gpoId>
        </identifiers>
      </item>
    </sponsors>
    <notes />
    <createDate>2017-07-14T03:11:31Z</createDate>
  </bill>
  <dublinCore xmlns:dc="http://purl.org/dc/elements/1.1/">
    <dc:format>text/xml</dc:format>
    <dc:language>EN</dc:language>
    <dc:rights>Pursuant to Title 17 Section 105 of the United States Code, this file is not subject to copyright protection and is in the public domain.</dc:rights>
    <dc:contributor>Congressional Research Service, Library of Congress</dc:contributor>
    <dc:description>This file contains bill summaries and statuses for federal legislation. A bill summary describes the most significant provisions of a piece of legislation and details the effects the legislative text may have on current law and federal programs. Bill summaries are authored by the Congressional Research Service (CRS) of the Library of Congress. As stated in Public Law 91-510 (2 USC 166 (d)(6)), one of the duties of CRS is "to prepare summaries and digests of bills and resolutions of a public general nature introduced in the Senate or House of Representatives". For more information, refer to the User Guide that accompanies this file.</dc:description>
  </dublinCore>
</billStatus>

