<?xml version="1.0" encoding="UTF-8"?>
<billStatus>
  <bill>
    <billNumber>238</billNumber>
    <relatedBills />
    <originChamber>House</originChamber>
    <recordedVotes />
    <latestAction>
      <text>Referred to the Subcommittee on Tactical Air and Land Forces.</text>
      <links />
      <actionDate>2017-04-05</actionDate>
    </latestAction>
    <createDate>2017-03-31T05:06:59Z</createDate>
    <title>Expressing the sense of the House of Representatives that the Secretary of the Army should report on the status of future Ground Combat Vehicles of the Army.</title>
    <summaries>
      <billSummaries>
        <item>
          <versionCode>00</versionCode>
          <updateDate>2017-03-30T04:00:00Z</updateDate>
          <actionDate>2017-03-30</actionDate>
          <text><![CDATA[<p>Expresses the sense of the House of Representatives that the Department of the Army should submit to Congress:</p> <ul> <li> a report on the modernization strategy for Army ground combat systems; </li> <li> a report on the current technological, engineering, and capability needs for a future Army ground combat vehicle; </li> <li> classified briefs on the capabilities of ground combat vehicles that are used by U.S. allies and adversaries, that are available from industry, and that require further development or that have the potential to become fully developed over the course of development and production; and </li> <li> a research and development timeline for the rapid innovation and production of future vehicles.</li> </ul> <ul> </ul>]]></text>
          <actionDesc>Introduced in House</actionDesc>
          <lastSummaryUpdateDate>2017-06-15T21:52:41Z</lastSummaryUpdateDate>
          <name>Introduced in House</name>
        </item>
      </billSummaries>
    </summaries>
    <actions>
      <actionByCounts>
        <houseOfRepresentatives>4</houseOfRepresentatives>
      </actionByCounts>
      <actionTypeCounts>
        <placeholderTextForH>1</placeholderTextForH>
        <billReferrals>1</billReferrals>
        <introducedInHouse>1</introducedInHouse>
        <introducedInTheHouse>1</introducedInTheHouse>
      </actionTypeCounts>
      <item>
        <actionDate>2017-04-05</actionDate>
        <committee>
          <systemCode>hsas25</systemCode>
          <name>Tactical Air and Land Forces Subcommittee</name>
        </committee>
        <links />
        <sourceSystem>
          <name>House committee actions</name>
          <code>1</code>
        </sourceSystem>
        <text>Referred to the Subcommittee on Tactical Air and Land Forces.</text>
        <type>Committee</type>
      </item>
      <item>
        <sourceSystem>
          <name>House floor actions</name>
          <code>2</code>
        </sourceSystem>
        <actionDate>2017-03-30</actionDate>
        <text>Referred to the House Committee on Armed Services.</text>
        <type>IntroReferral</type>
        <links />
        <committee>
          <systemCode>hsas00</systemCode>
          <name>Armed Services Committee</name>
        </committee>
        <actionCode>H11100</actionCode>
      </item>
      <item>
        <sourceSystem>
          <name>Library of Congress</name>
          <code>9</code>
        </sourceSystem>
        <actionDate>2017-03-30</actionDate>
        <text>Introduced in House</text>
        <type>IntroReferral</type>
        <links />
        <committee />
        <actionCode>Intro-H</actionCode>
      </item>
      <item>
        <sourceSystem>
          <name>Library of Congress</name>
          <code>9</code>
        </sourceSystem>
        <actionDate>2017-03-30</actionDate>
        <text>Introduced in House</text>
        <type>IntroReferral</type>
        <links />
        <committee />
        <actionCode>1000</actionCode>
      </item>
    </actions>
    <updateDate>2018-02-06T16:39:41Z</updateDate>
    <amendments />
    <notes />
    <sponsors>
      <item>
        <bioguideId>C001051</bioguideId>
        <district>31</district>
        <middleName>R.</middleName>
        <byRequestType />
        <firstName>John</firstName>
        <lastName>Carter</lastName>
        <state>TX</state>
        <party>R</party>
        <identifiers>
          <bioguideId>C001051</bioguideId>
          <lisID>1752</lisID>
          <gpoId>8187</gpoId>
        </identifiers>
        <fullName>Rep. Carter, John R. [R-TX-31]</fullName>
      </item>
    </sponsors>
    <committees>
      <billCommittees>
        <item>
          <chamber>House</chamber>
          <name>Armed Services Committee</name>
          <systemCode>hsas00</systemCode>
          <activities>
            <item>
              <date>2017-03-30T13:02:20Z</date>
              <name>Referred to</name>
            </item>
          </activities>
          <type>Standing</type>
          <subcommittees>
            <item>
              <systemCode>hsas25</systemCode>
              <activities>
                <item>
                  <date>2017-04-05T14:09:14Z</date>
                  <name>Referred to</name>
                </item>
              </activities>
              <name>Tactical Air and Land Forces Subcommittee</name>
            </item>
          </subcommittees>
        </item>
      </billCommittees>
    </committees>
    <cosponsors>
      <item>
        <isOriginalCosponsor>True</isOriginalCosponsor>
        <firstName>C. A.</firstName>
        <party>D</party>
        <sponsorshipDate>2017-03-30</sponsorshipDate>
        <lastName>Ruppersberger</lastName>
        <bioguideId>R000576</bioguideId>
        <middleName>Dutch</middleName>
        <identifiers>
          <lisID>1728</lisID>
          <bioguideId>R000576</bioguideId>
          <gpoId>7977</gpoId>
        </identifiers>
        <fullName>Rep. Ruppersberger, C. A. Dutch [D-MD-2]</fullName>
        <state>MD</state>
        <district>2</district>
        <sponsorshipWithdrawnDate />
      </item>
      <item>
        <isOriginalCosponsor>True</isOriginalCosponsor>
        <firstName>WALTER</firstName>
        <party>R</party>
        <sponsorshipDate>2017-03-30</sponsorshipDate>
        <lastName>JONES</lastName>
        <bioguideId>J000255</bioguideId>
        <middleName>B.</middleName>
        <identifiers>
          <bioguideId>J000255</bioguideId>
          <gpoId>8026</gpoId>
          <lisID>612</lisID>
        </identifiers>
        <fullName>Rep. Jones, Walter B., Jr. [R-NC-3]</fullName>
        <state>NC</state>
        <district>3</district>
        <sponsorshipWithdrawnDate />
      </item>
      <item>
        <isOriginalCosponsor>True</isOriginalCosponsor>
        <firstName>Roger</firstName>
        <party>R</party>
        <sponsorshipDate>2017-03-30</sponsorshipDate>
        <lastName>Williams</lastName>
        <bioguideId>W000816</bioguideId>
        <middleName />
        <identifiers>
          <gpoId />
          <lisID>2165</lisID>
          <bioguideId>W000816</bioguideId>
        </identifiers>
        <fullName>Rep. Williams, Roger [R-TX-25]</fullName>
        <state>TX</state>
        <district>25</district>
        <sponsorshipWithdrawnDate />
      </item>
      <item>
        <isOriginalCosponsor>True</isOriginalCosponsor>
        <firstName>Jim</firstName>
        <party>R</party>
        <sponsorshipDate>2017-03-30</sponsorshipDate>
        <lastName>Banks</lastName>
        <bioguideId>B001299</bioguideId>
        <middleName />
        <identifiers>
          <gpoId />
          <lisID>2326</lisID>
          <bioguideId>B001299</bioguideId>
        </identifiers>
        <fullName>Rep. Banks, Jim [R-IN-3]</fullName>
        <state>IN</state>
        <district>3</district>
        <sponsorshipWithdrawnDate />
      </item>
      <item>
        <isOriginalCosponsor>True</isOriginalCosponsor>
        <firstName>Trent</firstName>
        <party>R</party>
        <sponsorshipDate>2017-03-30</sponsorshipDate>
        <lastName>Franks</lastName>
        <bioguideId>F000448</bioguideId>
        <middleName />
        <identifiers>
          <gpoId>7799</gpoId>
          <lisID>1707</lisID>
          <bioguideId>F000448</bioguideId>
        </identifiers>
        <fullName>Rep. Franks, Trent [R-AZ-8]</fullName>
        <state>AZ</state>
        <district>8</district>
        <sponsorshipWithdrawnDate />
      </item>
      <item>
        <isOriginalCosponsor>True</isOriginalCosponsor>
        <firstName>SHEILA</firstName>
        <party>D</party>
        <sponsorshipDate>2017-03-30</sponsorshipDate>
        <lastName>JACKSON LEE</lastName>
        <bioguideId>J000032</bioguideId>
        <middleName />
        <identifiers>
          <lisID>588</lisID>
          <bioguideId>J000032</bioguideId>
          <gpoId>8174</gpoId>
        </identifiers>
        <fullName>Rep. Jackson Lee, Sheila [D-TX-18]</fullName>
        <state>TX</state>
        <district>18</district>
        <sponsorshipWithdrawnDate />
      </item>
      <item>
        <isOriginalCosponsor>True</isOriginalCosponsor>
        <firstName>Jim</firstName>
        <party>R</party>
        <sponsorshipDate>2017-03-30</sponsorshipDate>
        <lastName>Jordan</lastName>
        <bioguideId>J000289</bioguideId>
        <middleName />
        <identifiers>
          <bioguideId>J000289</bioguideId>
          <lisID>1868</lisID>
          <gpoId>8094</gpoId>
        </identifiers>
        <fullName>Rep. Jordan, Jim [R-OH-4]</fullName>
        <state>OH</state>
        <district>4</district>
        <sponsorshipWithdrawnDate />
      </item>
      <item>
        <isOriginalCosponsor>True</isOriginalCosponsor>
        <firstName>Austin</firstName>
        <party>R</party>
        <sponsorshipDate>2017-03-30</sponsorshipDate>
        <lastName>Scott</lastName>
        <bioguideId>S001189</bioguideId>
        <middleName />
        <identifiers>
          <lisID>2009</lisID>
          <bioguideId>S001189</bioguideId>
          <gpoId>7905</gpoId>
        </identifiers>
        <fullName>Rep. Scott, Austin [R-GA-8]</fullName>
        <state>GA</state>
        <district>8</district>
        <sponsorshipWithdrawnDate />
      </item>
      <item>
        <isOriginalCosponsor>True</isOriginalCosponsor>
        <firstName>Michael</firstName>
        <party>R</party>
        <sponsorshipDate>2017-03-30</sponsorshipDate>
        <lastName>McCaul</lastName>
        <bioguideId>M001157</bioguideId>
        <middleName>T.</middleName>
        <identifiers>
          <bioguideId>M001157</bioguideId>
          <lisID>1804</lisID>
          <gpoId>8166</gpoId>
        </identifiers>
        <fullName>Rep. McCaul, Michael T. [R-TX-10]</fullName>
        <state>TX</state>
        <district>10</district>
        <sponsorshipWithdrawnDate />
      </item>
      <item>
        <isOriginalCosponsor>True</isOriginalCosponsor>
        <firstName>Andre</firstName>
        <party>D</party>
        <sponsorshipDate>2017-03-30</sponsorshipDate>
        <lastName>Carson</lastName>
        <bioguideId>C001072</bioguideId>
        <middleName />
        <identifiers>
          <lisID>1889</lisID>
          <bioguideId>C001072</bioguideId>
          <gpoId>7946</gpoId>
        </identifiers>
        <fullName>Rep. Carson, Andre [D-IN-7]</fullName>
        <state>IN</state>
        <district>7</district>
        <sponsorshipWithdrawnDate />
      </item>
      <item>
        <isOriginalCosponsor>True</isOriginalCosponsor>
        <firstName>Roger</firstName>
        <party>R</party>
        <sponsorshipDate>2017-03-30</sponsorshipDate>
        <lastName>Marshall</lastName>
        <bioguideId>M001198</bioguideId>
        <middleName>W.</middleName>
        <identifiers>
          <lisID>2328</lisID>
          <bioguideId>M001198</bioguideId>
          <gpoId />
        </identifiers>
        <fullName>Rep. Marshall, Roger W. [R-KS-1]</fullName>
        <state>KS</state>
        <district>1</district>
        <sponsorshipWithdrawnDate />
      </item>
    </cosponsors>
    <constitutionalAuthorityStatementText />
    <policyArea>
      <name>Armed Forces and National Security</name>
    </policyArea>
    <cboCostEstimates />
    <laws />
    <congress>115</congress>
    <version>1.0.0</version>
    <introducedDate>2017-03-30</introducedDate>
    <committeeReports />
    <titles>
      <item>
        <title>Expressing the sense of the House of Representatives that the Secretary of the Army should report on the status of future Ground Combat Vehicles of the Army.</title>
        <titleType>Official Title as Introduced</titleType>
        <parentTitleType />
        <chamberCode />
        <chamberName />
      </item>
      <item>
        <title>Expressing the sense of the House of Representatives that the Secretary of the Army should report on the status of future Ground Combat Vehicles of the Army.</title>
        <titleType>Display Title</titleType>
        <parentTitleType />
        <chamberCode />
        <chamberName />
      </item>
    </titles>
    <calendarNumbers />
    <subjects>
      <billSubjects>
        <legislativeSubjects>
          <item>
            <name>Congressional oversight</name>
          </item>
          <item>
            <name>Military procurement, research, weapons development</name>
          </item>
          <item>
            <name>Military readiness</name>
          </item>
          <item>
            <name>Research and development</name>
          </item>
        </legislativeSubjects>
        <policyArea>
          <name>Armed Forces and National Security</name>
        </policyArea>
      </billSubjects>
    </subjects>
    <billType>HRES</billType>
  </bill>
  <dublinCore xmlns:dc="http://purl.org/dc/elements/1.1/">
    <dc:format>text/xml</dc:format>
    <dc:language>EN</dc:language>
    <dc:rights>Pursuant to Title 17 Section 105 of the United States Code, this file is not subject to copyright protection and is in the public domain.</dc:rights>
    <dc:contributor>Congressional Research Service, Library of Congress</dc:contributor>
    <dc:description>This file contains bill summaries and statuses for federal legislation. A bill summary describes the most significant provisions of a piece of legislation and details the effects the legislative text may have on current law and federal programs. Bill summaries are authored by the Congressional Research Service (CRS) of the Library of Congress. As stated in Public Law 91-510 (2 USC 166 (d)(6)), one of the duties of CRS is "to prepare summaries and digests of bills and resolutions of a public general nature introduced in the Senate or House of Representatives". For more information, refer to the User Guide that accompanies this file.</dc:description>
  </dublinCore>
</billStatus>

