<?xml version="1.0" encoding="UTF-8"?>
<billStatus>
  <bill>
    <introducedDate>2017-04-03</introducedDate>
    <committees>
      <billCommittees>
        <item>
          <chamber>House</chamber>
          <name>Rules Committee</name>
          <activities>
            <item>
              <date>2017-04-03T22:50:40Z</date>
              <name>Reported original measure</name>
            </item>
          </activities>
          <type>Standing</type>
          <subcommittees />
          <systemCode>hsru00</systemCode>
        </item>
      </billCommittees>
    </committees>
    <billType>HRES</billType>
    <actions>
      <actionByCounts>
        <houseOfRepresentatives>11</houseOfRepresentatives>
      </actionByCounts>
      <item>
        <actionDate>2017-04-04</actionDate>
        <text>Motion to reconsider laid on the table Agreed to without objection.</text>
        <actionTime>14:14:37</actionTime>
        <sourceSystem>
          <code>2</code>
          <name>House floor actions</name>
        </sourceSystem>
        <committee />
        <links />
        <actionCode>H38310</actionCode>
        <type>Floor</type>
      </item>
      <item>
        <actionDate>2017-04-04</actionDate>
        <text>On agreeing to the resolution Agreed to by recorded vote: 234 - 184 (Roll no. 212). (text: CR H2647)</text>
        <actionTime>14:14:35</actionTime>
        <sourceSystem>
          <code>2</code>
          <name>House floor actions</name>
        </sourceSystem>
        <committee />
        <links>
          <link>
            <url>https://www.congress.gov/congressional-record/volume-163/house-section/page/H2647</url>
            <name>H2647</name>
          </link>
          <link>
            <url>http://clerk.house.gov/evs/2017/roll212.xml</url>
            <name>Roll no. 212</name>
          </link>
        </links>
        <actionCode>H37100</actionCode>
        <type>Floor</type>
      </item>
      <item>
        <actionDate>2017-04-04</actionDate>
        <text>Passed/agreed to in House: On agreeing to the resolution Agreed to by recorded vote: 234 - 184 (Roll no. 212).(text: CR H2647)</text>
        <actionTime>14:14:35</actionTime>
        <sourceSystem>
          <code>9</code>
          <name>Library of Congress</name>
        </sourceSystem>
        <committee />
        <links>
          <link>
            <url>https://www.congress.gov/congressional-record/volume-163/house-section/page/H2647</url>
            <name>H2647</name>
          </link>
          <link>
            <url>http://clerk.house.gov/evs/2017/roll212.xml</url>
            <name>Roll no. 212</name>
          </link>
        </links>
        <actionCode>8000</actionCode>
        <type>Floor</type>
      </item>
      <item>
        <actionDate>2017-04-04</actionDate>
        <text>On ordering the previous question Agreed to by the Yeas and Nays: 232 - 188 (Roll no. 211). (consideration: CR H2650-2651)</text>
        <actionTime>14:04:42</actionTime>
        <sourceSystem>
          <code>2</code>
          <name>House floor actions</name>
        </sourceSystem>
        <committee />
        <links>
          <link>
            <url>https://www.congress.gov/congressional-record/volume-163/house-section/page/H2650-2651</url>
            <name>H2650-2651</name>
          </link>
          <link>
            <url>http://clerk.house.gov/evs/2017/roll211.xml</url>
            <name>Roll no. 211</name>
          </link>
        </links>
        <actionCode>H35000</actionCode>
        <type>Floor</type>
      </item>
      <item>
        <actionDate>2017-04-04</actionDate>
        <text>DEBATE - The House proceeded with one hour of debate on H. Res. 241.</text>
        <actionTime>13:12:52</actionTime>
        <sourceSystem>
          <code>2</code>
          <name>House floor actions</name>
        </sourceSystem>
        <committee />
        <links>
          <link>
            <url>https://www.congress.gov/bill/115th-congress/house-resolution/241</url>
            <name>H. Res. 241</name>
          </link>
        </links>
        <actionCode>H8D000</actionCode>
        <type>Floor</type>
      </item>
      <item>
        <actionDate>2017-04-04</actionDate>
        <text>Considered as privileged matter. (consideration: CR H2647-2651)</text>
        <actionTime>13:11:47</actionTime>
        <sourceSystem>
          <code>2</code>
          <name>House floor actions</name>
        </sourceSystem>
        <committee />
        <links>
          <link>
            <url>https://www.congress.gov/congressional-record/volume-163/house-section/page/H2647-2651</url>
            <name>H2647-2651</name>
          </link>
        </links>
        <actionCode>H30000</actionCode>
        <type>Floor</type>
      </item>
      <item>
        <actionDate>2017-04-03</actionDate>
        <text>Placed on the House Calendar, Calendar No. 33.</text>
        <sourceSystem>
          <code>2</code>
          <name>House floor actions</name>
        </sourceSystem>
        <committee />
        <type>Calendars</type>
        <actionCode>H12420</actionCode>
        <links />
      </item>
      <item>
        <actionDate>2017-04-03</actionDate>
        <text>Rule provides for consideration of H.R. 1304 with 1 hour of general debate. Motion to recommit with or without instructions allowed.</text>
        <actionTime>18:50:41</actionTime>
        <sourceSystem>
          <code>2</code>
          <name>House floor actions</name>
        </sourceSystem>
        <committee />
        <links>
          <link>
            <url>https://www.congress.gov/bill/115th-congress/house-bill/1304</url>
            <name>H.R. 1304</name>
          </link>
        </links>
        <actionCode>H12700</actionCode>
        <type>Floor</type>
      </item>
      <item>
        <actionDate>2017-04-03</actionDate>
        <text>The House Committee on Rules reported an original measure, H. Rept. 115-76, by Mr. Byrne.</text>
        <sourceSystem>
          <code>2</code>
          <name>House floor actions</name>
        </sourceSystem>
        <committee>
          <systemCode>hsru00</systemCode>
          <name>Rules Committee</name>
        </committee>
        <type>Committee</type>
        <actionCode>H12100</actionCode>
        <links>
          <link>
            <url>https://www.congress.gov/congressional-report/115th-congress/house-report/76</url>
            <name>H. Rept. 115-76</name>
          </link>
        </links>
      </item>
      <item>
        <actionDate>2017-04-03</actionDate>
        <text>The House Committee on Rules reported an original measure, H. Rept. 115-76, by Mr. Byrne.</text>
        <sourceSystem>
          <code>9</code>
          <name>Library of Congress</name>
        </sourceSystem>
        <committee>
          <systemCode>hsru00</systemCode>
          <name>Rules Committee</name>
        </committee>
        <type>Committee</type>
        <actionCode>5000</actionCode>
        <links>
          <link>
            <url>https://www.congress.gov/congressional-report/115th-congress/house-report/76</url>
            <name>H. Rept. 115-76</name>
          </link>
        </links>
      </item>
      <item>
        <actionDate>2017-04-03</actionDate>
        <text>Introduced in House</text>
        <sourceSystem>
          <code>9</code>
          <name>Library of Congress</name>
        </sourceSystem>
        <committee />
        <type>IntroReferral</type>
        <actionCode>1000</actionCode>
        <links />
      </item>
      <actionTypeCounts>
        <passageOfAMeasure>1</passageOfAMeasure>
        <houseCalendarAssignment>1</houseCalendarAssignment>
        <introducedInHouse>1</introducedInHouse>
        <considerationByHouse>1</considerationByHouse>
        <reportedToHouse>1</reportedToHouse>
        <provisionsOfARule>1</provisionsOfARule>
        <committeeReportOfAnOriginalMeasure>1</committeeReportOfAnOriginalMeasure>
        <motionToReconsiderResults>1</motionToReconsiderResults>
        <passedAgreedToInHouse>1</passedAgreedToInHouse>
        <generalDebate>1</generalDebate>
        <motionForPreviousQuestion>1</motionForPreviousQuestion>
      </actionTypeCounts>
    </actions>
    <summaries>
      <billSummaries>
        <item>
          <versionCode>00</versionCode>
          <text><![CDATA[Sets forth the rule for consideration of the bill (H.R. 1304) to amend the Employee Retirement Income Security Act of 1974, the Public Health Service Act, and the Internal Revenue Code of 1986 to exclude from the definition of health insurance coverage certain medical stop-loss insurance obtained by certain plan sponsors of group health plans.]]></text>
          <actionDesc>Introduced in House</actionDesc>
          <lastSummaryUpdateDate>2017-04-04T08:04:07Z</lastSummaryUpdateDate>
          <updateDate>2017-04-03T04:00:00Z</updateDate>
          <actionDate>2017-04-03</actionDate>
          <name>Introduced in House</name>
        </item>
      </billSummaries>
    </summaries>
    <updateDate>2018-02-22T15:26:50Z</updateDate>
    <amendments />
    <subjects>
      <billSubjects>
        <legislativeSubjects>
          <item>
            <name>House of Representatives</name>
          </item>
          <item>
            <name>Legislative rules and procedure</name>
          </item>
        </legislativeSubjects>
        <policyArea>
          <name>Congress</name>
        </policyArea>
      </billSubjects>
    </subjects>
    <calendarNumbers>
      <item>
        <number />
        <calendar>H00033</calendar>
      </item>
    </calendarNumbers>
    <cosponsors />
    <titles>
      <item>
        <chamberName />
        <parentTitleType />
        <title>Providing for consideration of the bill (H.R. 1304) to amend the Employee Retirement Income Security Act of 1974, the Public Health Service Act, and the Internal Revenue Code of 1986 to exclude from the definition of health insurance coverage certain medical stop-loss insurance obtained by certain plan sponsors of group health plans.</title>
        <chamberCode />
        <titleType>Official Title as Introduced</titleType>
      </item>
      <item>
        <chamberName />
        <parentTitleType />
        <title>Providing for consideration of the bill (H.R. 1304) to amend the Employee Retirement Income Security Act of 1974, the Public Health Service Act, and the Internal Revenue Code of 1986 to exclude from the definition of health insurance coverage certain medical stop-loss insurance obtained by certain plan sponsors of group health plans.</title>
        <chamberCode />
        <titleType>Display Title</titleType>
      </item>
    </titles>
    <relatedBills>
      <item>
        <latestTitle>Self-Insurance Protection Act</latestTitle>
        <latestAction>
          <actionDate>2017-04-06</actionDate>
          <text>Received in the Senate and Read twice and referred to the Committee on Health, Education, Labor, and Pensions.</text>
        </latestAction>
        <congress>115</congress>
        <number>1304</number>
        <type>HR</type>
        <relationshipDetails>
          <item>
            <type>Procedurally-related</type>
            <identifiedBy>House</identifiedBy>
          </item>
        </relationshipDetails>
      </item>
    </relatedBills>
    <policyArea>
      <name>Congress</name>
    </policyArea>
    <version>1.0.0</version>
    <latestAction>
      <actionTime>14:14:37</actionTime>
      <actionDate>2017-04-04</actionDate>
      <links />
      <text>Motion to reconsider laid on the table Agreed to without objection.</text>
    </latestAction>
    <constitutionalAuthorityStatementText />
    <originChamber>House</originChamber>
    <sponsors>
      <item>
        <district>1</district>
        <state>AL</state>
        <fullName>Rep. Byrne, Bradley [R-AL-1]</fullName>
        <bioguideId>B001289</bioguideId>
        <firstName>Bradley</firstName>
        <byRequestType />
        <party>R</party>
        <middleName />
        <identifiers>
          <bioguideId>B001289</bioguideId>
          <gpoId />
          <lisID>2197</lisID>
        </identifiers>
        <lastName>Byrne</lastName>
      </item>
    </sponsors>
    <cboCostEstimates />
    <createDate>2017-04-04T03:11:44Z</createDate>
    <congress>115</congress>
    <recordedVotes>
      <recordedVote>
        <congress>115</congress>
        <rollNumber>212</rollNumber>
        <fullActionName>Passage of a Measure</fullActionName>
        <sessionNumber>1</sessionNumber>
        <date>2017-04-04T18:14:35Z</date>
        <url>http://clerk.house.gov/evs/2017/roll212.xml</url>
        <chamber>House</chamber>
      </recordedVote>
      <recordedVote>
        <congress>115</congress>
        <rollNumber>211</rollNumber>
        <fullActionName>Motion for Previous Question</fullActionName>
        <sessionNumber>1</sessionNumber>
        <date>2017-04-04T18:04:42Z</date>
        <url>http://clerk.house.gov/evs/2017/roll211.xml</url>
        <chamber>House</chamber>
      </recordedVote>
    </recordedVotes>
    <laws />
    <title>Providing for consideration of the bill (H.R. 1304) to amend the Employee Retirement Income Security Act of 1974, the Public Health Service Act, and the Internal Revenue Code of 1986 to exclude from the definition of health insurance coverage certain medical stop-loss insurance obtained by certain plan sponsors of group health plans.</title>
    <committeeReports>
      <committeeReport>
        <citation>H. Rept. 115-76</citation>
      </committeeReport>
    </committeeReports>
    <billNumber>241</billNumber>
    <notes />
  </bill>
  <dublinCore xmlns:dc="http://purl.org/dc/elements/1.1/">
    <dc:format>text/xml</dc:format>
    <dc:language>EN</dc:language>
    <dc:rights>Pursuant to Title 17 Section 105 of the United States Code, this file is not subject to copyright protection and is in the public domain.</dc:rights>
    <dc:contributor>Congressional Research Service, Library of Congress</dc:contributor>
    <dc:description>This file contains bill summaries and statuses for federal legislation. A bill summary describes the most significant provisions of a piece of legislation and details the effects the legislative text may have on current law and federal programs. Bill summaries are authored by the Congressional Research Service (CRS) of the Library of Congress. As stated in Public Law 91-510 (2 USC 166 (d)(6)), one of the duties of CRS is "to prepare summaries and digests of bills and resolutions of a public general nature introduced in the Senate or House of Representatives". For more information, refer to the User Guide that accompanies this file.</dc:description>
  </dublinCore>
</billStatus>

