<?xml version="1.0" encoding="UTF-8"?>
<billStatus>
  <bill>
    <introducedDate>2017-03-02</introducedDate>
    <congress>115</congress>
    <latestAction>
      <actionDate>2017-03-02</actionDate>
      <links />
      <text>Referred to the House Committee on Oversight and Government Reform.</text>
    </latestAction>
    <originChamber>House</originChamber>
    <billNumber>169</billNumber>
    <sponsors>
      <item>
        <state>MA</state>
        <identifiers>
          <lisID>854</lisID>
          <gpoId>7967</gpoId>
          <bioguideId>N000015</bioguideId>
        </identifiers>
        <bioguideId>N000015</bioguideId>
        <lastName>NEAL</lastName>
        <fullName>Rep. Neal, Richard E. [D-MA-1]</fullName>
        <district>1</district>
        <firstName>RICHARD</firstName>
        <byRequestType />
        <middleName>E.</middleName>
        <party>D</party>
      </item>
    </sponsors>
    <committeeReports />
    <relatedBills>
      <item>
        <number>58</number>
        <congress>115</congress>
        <relationshipDetails>
          <item>
            <type>Related bill</type>
            <identifiedBy>CRS</identifiedBy>
          </item>
        </relationshipDetails>
        <latestTitle>A resolution congratulating the New England Patriots on their victory in Super Bowl LI.</latestTitle>
        <latestAction>
          <text>Submitted in the Senate, considered, and agreed to without amendment and with a preamble by Unanimous Consent. (consideration: CR S1092; text as passed Senate: CR S1091)</text>
          <actionDate>2017-02-10</actionDate>
        </latestAction>
        <type>SRES</type>
      </item>
    </relatedBills>
    <titles>
      <item>
        <chamberCode />
        <titleType>Official Title as Introduced</titleType>
        <parentTitleType />
        <chamberName />
        <title>Congratulating the New England Patriots on their victory in Super Bowl LI.</title>
      </item>
      <item>
        <chamberCode />
        <titleType>Display Title</titleType>
        <parentTitleType />
        <chamberName />
        <title>Congratulating the New England Patriots on their victory in Super Bowl LI.</title>
      </item>
    </titles>
    <constitutionalAuthorityStatementText />
    <billType>HRES</billType>
    <summaries>
      <billSummaries>
        <item>
          <text><![CDATA[<p>Congratulates the New England Patriots on their victory in Super Bowl LI.</p>]]></text>
          <actionDate>2017-03-02</actionDate>
          <updateDate>2017-03-02T05:00:00Z</updateDate>
          <lastSummaryUpdateDate>2017-03-16T19:36:22Z</lastSummaryUpdateDate>
          <name>Introduced in House</name>
          <actionDesc>Introduced in House</actionDesc>
          <versionCode>00</versionCode>
        </item>
      </billSummaries>
    </summaries>
    <subjects>
      <billSubjects>
        <policyArea>
          <name>Sports and Recreation</name>
        </policyArea>
        <legislativeSubjects>
          <item>
            <name>Athletes</name>
          </item>
          <item>
            <name>Congressional tributes</name>
          </item>
          <item>
            <name>Professional sports</name>
          </item>
        </legislativeSubjects>
      </billSubjects>
    </subjects>
    <laws />
    <policyArea>
      <name>Sports and Recreation</name>
    </policyArea>
    <committees>
      <billCommittees>
        <item>
          <type>Standing</type>
          <systemCode>hsgo00</systemCode>
          <subcommittees />
          <activities>
            <item>
              <date>2017-03-02T14:05:25Z</date>
              <name>Referred to</name>
            </item>
          </activities>
          <chamber>House</chamber>
          <name>Oversight and Government Reform Committee</name>
        </item>
      </billCommittees>
    </committees>
    <version>1.0.0</version>
    <recordedVotes />
    <updateDate>2018-02-06T16:39:37Z</updateDate>
    <title>Congratulating the New England Patriots on their victory in Super Bowl LI.</title>
    <createDate>2017-03-03T05:11:22Z</createDate>
    <cboCostEstimates />
    <actions>
      <actionByCounts>
        <houseOfRepresentatives>3</houseOfRepresentatives>
      </actionByCounts>
      <actionTypeCounts>
        <introducedInTheHouse>1</introducedInTheHouse>
        <billReferrals>1</billReferrals>
        <introducedInHouse>1</introducedInHouse>
      </actionTypeCounts>
      <item>
        <actionDate>2017-03-02</actionDate>
        <text>Referred to the House Committee on Oversight and Government Reform.</text>
        <sourceSystem>
          <name>House floor actions</name>
          <code>2</code>
        </sourceSystem>
        <committee>
          <systemCode>hsgo00</systemCode>
          <name>Oversight and Government Reform Committee</name>
        </committee>
        <links />
        <actionCode>H11100</actionCode>
        <type>IntroReferral</type>
      </item>
      <item>
        <actionDate>2017-03-02</actionDate>
        <text>Introduced in House</text>
        <sourceSystem>
          <name>Library of Congress</name>
          <code>9</code>
        </sourceSystem>
        <committee />
        <links />
        <actionCode>Intro-H</actionCode>
        <type>IntroReferral</type>
      </item>
      <item>
        <actionDate>2017-03-02</actionDate>
        <text>Introduced in House</text>
        <sourceSystem>
          <name>Library of Congress</name>
          <code>9</code>
        </sourceSystem>
        <committee />
        <links />
        <actionCode>1000</actionCode>
        <type>IntroReferral</type>
      </item>
    </actions>
    <amendments />
    <notes />
    <calendarNumbers />
    <cosponsors>
      <item>
        <identifiers>
          <lisID>2172</lisID>
          <bioguideId>K000379</bioguideId>
          <gpoId />
        </identifiers>
        <sponsorshipDate>2017-03-02</sponsorshipDate>
        <district>4</district>
        <middleName>P.</middleName>
        <sponsorshipWithdrawnDate />
        <fullName>Rep. Kennedy, Joseph P., III [D-MA-4]</fullName>
        <party>D</party>
        <firstName>Joseph</firstName>
        <isOriginalCosponsor>True</isOriginalCosponsor>
        <lastName>Kennedy</lastName>
        <state>MA</state>
        <bioguideId>K000379</bioguideId>
      </item>
      <item>
        <identifiers>
          <lisID>1927</lisID>
          <gpoId>7984</gpoId>
          <bioguideId>P000597</bioguideId>
        </identifiers>
        <sponsorshipDate>2017-03-02</sponsorshipDate>
        <district>1</district>
        <middleName />
        <sponsorshipWithdrawnDate />
        <fullName>Rep. Pingree, Chellie [D-ME-1]</fullName>
        <party>D</party>
        <firstName>Chellie</firstName>
        <isOriginalCosponsor>True</isOriginalCosponsor>
        <lastName>Pingree</lastName>
        <state>ME</state>
        <bioguideId>P000597</bioguideId>
      </item>
      <item>
        <identifiers>
          <bioguideId>W000800</bioguideId>
          <gpoId>8204</gpoId>
          <lisID>1879</lisID>
        </identifiers>
        <sponsorshipDate>2017-03-02</sponsorshipDate>
        <district>0</district>
        <middleName />
        <sponsorshipWithdrawnDate />
        <fullName>Rep. Welch, Peter [D-VT-At Large]</fullName>
        <party>D</party>
        <firstName>Peter</firstName>
        <isOriginalCosponsor>True</isOriginalCosponsor>
        <lastName>Welch</lastName>
        <state>VT</state>
        <bioguideId>W000800</bioguideId>
      </item>
      <item>
        <identifiers>
          <lisID>2196</lisID>
          <bioguideId>C001101</bioguideId>
          <gpoId />
        </identifiers>
        <sponsorshipDate>2017-03-02</sponsorshipDate>
        <district>5</district>
        <middleName>M.</middleName>
        <sponsorshipWithdrawnDate />
        <fullName>Rep. Clark, Katherine M. [D-MA-5]</fullName>
        <party>D</party>
        <firstName>Katherine</firstName>
        <isOriginalCosponsor>True</isOriginalCosponsor>
        <lastName>Clark</lastName>
        <state>MA</state>
        <bioguideId>C001101</bioguideId>
      </item>
      <item>
        <identifiers>
          <bioguideId>L000557</bioguideId>
          <lisID>1583</lisID>
          <gpoId>7866</gpoId>
        </identifiers>
        <sponsorshipDate>2017-03-02</sponsorshipDate>
        <district>1</district>
        <middleName>B.</middleName>
        <sponsorshipWithdrawnDate />
        <fullName>Rep. Larson, John B. [D-CT-1]</fullName>
        <party>D</party>
        <firstName>JOHN</firstName>
        <isOriginalCosponsor>True</isOriginalCosponsor>
        <lastName>LARSON</lastName>
        <state>CT</state>
        <bioguideId>L000557</bioguideId>
      </item>
      <item>
        <identifiers>
          <gpoId />
          <bioguideId>P000611</bioguideId>
          <lisID>2247</lisID>
        </identifiers>
        <sponsorshipDate>2017-03-02</sponsorshipDate>
        <district>2</district>
        <middleName />
        <sponsorshipWithdrawnDate />
        <fullName>Rep. Poliquin, Bruce [R-ME-2]</fullName>
        <party>R</party>
        <firstName>Bruce</firstName>
        <isOriginalCosponsor>True</isOriginalCosponsor>
        <lastName>Poliquin</lastName>
        <state>ME</state>
        <bioguideId>P000611</bioguideId>
      </item>
      <item>
        <identifiers>
          <lisID>2025</lisID>
          <bioguideId>K000375</bioguideId>
          <gpoId>7975</gpoId>
        </identifiers>
        <sponsorshipDate>2017-03-02</sponsorshipDate>
        <district>9</district>
        <middleName>R.</middleName>
        <sponsorshipWithdrawnDate />
        <fullName>Rep. Keating, William R. [D-MA-9]</fullName>
        <party>D</party>
        <firstName>William</firstName>
        <isOriginalCosponsor>True</isOriginalCosponsor>
        <lastName>Keating</lastName>
        <state>MA</state>
        <bioguideId>K000375</bioguideId>
      </item>
      <item>
        <identifiers>
          <bioguideId>C001069</bioguideId>
          <gpoId>7867</gpoId>
          <lisID>1836</lisID>
        </identifiers>
        <sponsorshipDate>2017-03-02</sponsorshipDate>
        <district>2</district>
        <middleName />
        <sponsorshipWithdrawnDate />
        <fullName>Rep. Courtney, Joe [D-CT-2]</fullName>
        <party>D</party>
        <firstName>Joe</firstName>
        <isOriginalCosponsor>True</isOriginalCosponsor>
        <lastName>Courtney</lastName>
        <state>CT</state>
        <bioguideId>C001069</bioguideId>
      </item>
      <item>
        <identifiers>
          <bioguideId>L000562</bioguideId>
          <lisID>1686</lisID>
          <gpoId>7974</gpoId>
        </identifiers>
        <sponsorshipDate>2017-03-02</sponsorshipDate>
        <district>8</district>
        <middleName>F.</middleName>
        <sponsorshipWithdrawnDate />
        <fullName>Rep. Lynch, Stephen F. [D-MA-8]</fullName>
        <party>D</party>
        <firstName>Stephen</firstName>
        <isOriginalCosponsor>True</isOriginalCosponsor>
        <lastName>Lynch</lastName>
        <state>MA</state>
        <bioguideId>L000562</bioguideId>
      </item>
      <item>
        <identifiers>
          <bioguideId>K000382</bioguideId>
          <lisID>2145</lisID>
          <gpoId />
        </identifiers>
        <sponsorshipDate>2017-03-02</sponsorshipDate>
        <district>2</district>
        <middleName>M.</middleName>
        <sponsorshipWithdrawnDate />
        <fullName>Rep. Kuster, Ann M. [D-NH-2]</fullName>
        <party>D</party>
        <firstName>Ann</firstName>
        <isOriginalCosponsor>True</isOriginalCosponsor>
        <lastName>Kuster</lastName>
        <state>NH</state>
        <bioguideId>K000382</bioguideId>
      </item>
      <item>
        <identifiers>
          <lisID>281</lisID>
          <gpoId>7868</gpoId>
          <bioguideId>D000216</bioguideId>
        </identifiers>
        <sponsorshipDate>2017-03-02</sponsorshipDate>
        <district>3</district>
        <middleName />
        <sponsorshipWithdrawnDate />
        <fullName>Rep. DeLauro, Rosa L. [D-CT-3]</fullName>
        <party>D</party>
        <firstName>ROSA</firstName>
        <isOriginalCosponsor>True</isOriginalCosponsor>
        <lastName>DELAURO</lastName>
        <state>CT</state>
        <bioguideId>D000216</bioguideId>
      </item>
      <item>
        <identifiers>
          <bioguideId>M001196</bioguideId>
          <lisID>2246</lisID>
          <gpoId />
        </identifiers>
        <sponsorshipDate>2017-03-02</sponsorshipDate>
        <district>6</district>
        <middleName />
        <sponsorshipWithdrawnDate />
        <fullName>Rep. Moulton, Seth [D-MA-6]</fullName>
        <party>D</party>
        <firstName>Seth</firstName>
        <isOriginalCosponsor>True</isOriginalCosponsor>
        <lastName>Moulton</lastName>
        <state>MA</state>
        <bioguideId>M001196</bioguideId>
      </item>
      <item>
        <identifiers>
          <bioguideId>S001170</bioguideId>
          <lisID>1861</lisID>
          <gpoId>7528</gpoId>
        </identifiers>
        <sponsorshipDate>2017-03-02</sponsorshipDate>
        <district>1</district>
        <middleName />
        <sponsorshipWithdrawnDate />
        <fullName>Rep. Shea-Porter, Carol [D-NH-1]</fullName>
        <party>D</party>
        <firstName>Carol</firstName>
        <isOriginalCosponsor>True</isOriginalCosponsor>
        <lastName>Shea-Porter</lastName>
        <state>NH</state>
        <bioguideId>S001170</bioguideId>
      </item>
      <item>
        <identifiers>
          <bioguideId>M000312</bioguideId>
          <lisID>1504</lisID>
          <gpoId>7968</gpoId>
        </identifiers>
        <sponsorshipDate>2017-03-02</sponsorshipDate>
        <district>2</district>
        <middleName>P.</middleName>
        <sponsorshipWithdrawnDate />
        <fullName>Rep. McGovern, James P. [D-MA-2]</fullName>
        <party>D</party>
        <firstName>JAMES</firstName>
        <isOriginalCosponsor>True</isOriginalCosponsor>
        <lastName>MCGOVERN</lastName>
        <state>MA</state>
        <bioguideId>M000312</bioguideId>
      </item>
      <item>
        <identifiers>
          <bioguideId>C001084</bioguideId>
          <gpoId>8139</gpoId>
          <lisID>2055</lisID>
        </identifiers>
        <sponsorshipDate>2017-03-02</sponsorshipDate>
        <district>1</district>
        <middleName>N.</middleName>
        <sponsorshipWithdrawnDate />
        <fullName>Rep. Cicilline, David N. [D-RI-1]</fullName>
        <party>D</party>
        <firstName>David</firstName>
        <isOriginalCosponsor>True</isOriginalCosponsor>
        <lastName>Cicilline</lastName>
        <state>RI</state>
        <bioguideId>C001084</bioguideId>
      </item>
      <item>
        <identifiers>
          <bioguideId>C001037</bioguideId>
          <lisID>1564</lisID>
          <gpoId>7973</gpoId>
        </identifiers>
        <sponsorshipDate>2017-03-02</sponsorshipDate>
        <district>7</district>
        <middleName>E.</middleName>
        <sponsorshipWithdrawnDate />
        <fullName>Rep. Capuano, Michael E. [D-MA-7]</fullName>
        <party>D</party>
        <firstName>MICHAEL</firstName>
        <isOriginalCosponsor>True</isOriginalCosponsor>
        <lastName>CAPUANO</lastName>
        <state>MA</state>
        <bioguideId>C001037</bioguideId>
      </item>
      <item>
        <identifiers>
          <bioguideId>E000293</bioguideId>
          <gpoId />
          <lisID>2114</lisID>
        </identifiers>
        <sponsorshipDate>2017-03-02</sponsorshipDate>
        <district>5</district>
        <middleName>H.</middleName>
        <sponsorshipWithdrawnDate />
        <fullName>Rep. Esty, Elizabeth H. [D-CT-5]</fullName>
        <party>D</party>
        <firstName>Elizabeth</firstName>
        <isOriginalCosponsor>True</isOriginalCosponsor>
        <lastName>Esty</lastName>
        <state>CT</state>
        <bioguideId>E000293</bioguideId>
      </item>
      <item>
        <identifiers>
          <lisID>1913</lisID>
          <bioguideId>H001047</bioguideId>
          <gpoId>7869</gpoId>
        </identifiers>
        <sponsorshipDate>2017-03-02</sponsorshipDate>
        <district>4</district>
        <middleName>A.</middleName>
        <sponsorshipWithdrawnDate />
        <fullName>Rep. Himes, James A. [D-CT-4]</fullName>
        <party>D</party>
        <firstName>James</firstName>
        <isOriginalCosponsor>True</isOriginalCosponsor>
        <lastName>Himes</lastName>
        <state>CT</state>
        <bioguideId>H001047</bioguideId>
      </item>
    </cosponsors>
  </bill>
  <dublinCore xmlns:dc="http://purl.org/dc/elements/1.1/">
    <dc:format>text/xml</dc:format>
    <dc:language>EN</dc:language>
    <dc:rights>Pursuant to Title 17 Section 105 of the United States Code, this file is not subject to copyright protection and is in the public domain.</dc:rights>
    <dc:contributor>Congressional Research Service, Library of Congress</dc:contributor>
    <dc:description>This file contains bill summaries and statuses for federal legislation. A bill summary describes the most significant provisions of a piece of legislation and details the effects the legislative text may have on current law and federal programs. Bill summaries are authored by the Congressional Research Service (CRS) of the Library of Congress. As stated in Public Law 91-510 (2 USC 166 (d)(6)), one of the duties of CRS is "to prepare summaries and digests of bills and resolutions of a public general nature introduced in the Senate or House of Representatives". For more information, refer to the User Guide that accompanies this file.</dc:description>
  </dublinCore>
</billStatus>

