<?xml version="1.0" encoding="UTF-8"?>
<billStatus>
  <bill>
    <policyArea>
      <name>Civil Rights and Liberties, Minority Issues</name>
    </policyArea>
    <introducedDate>2017-05-18</introducedDate>
    <cosponsors>
      <item>
        <lastName>Meng</lastName>
        <sponsorshipDate>2017-05-18</sponsorshipDate>
        <bioguideId>M001188</bioguideId>
        <middleName />
        <identifiers>
          <gpoId />
          <lisID>2148</lisID>
          <bioguideId>M001188</bioguideId>
        </identifiers>
        <district>6</district>
        <party>D</party>
        <state>NY</state>
        <firstName>Grace</firstName>
        <sponsorshipWithdrawnDate />
        <isOriginalCosponsor>True</isOriginalCosponsor>
        <fullName>Rep. Meng, Grace [D-NY-6]</fullName>
      </item>
      <item>
        <lastName>Bordallo</lastName>
        <sponsorshipDate>2017-05-18</sponsorshipDate>
        <bioguideId>B001245</bioguideId>
        <middleName>Z.</middleName>
        <identifiers>
          <lisID>1723</lisID>
          <gpoId>7911</gpoId>
          <bioguideId>B001245</bioguideId>
        </identifiers>
        <district>0</district>
        <party>D</party>
        <state>GU</state>
        <firstName>Madeleine</firstName>
        <sponsorshipWithdrawnDate />
        <isOriginalCosponsor>True</isOriginalCosponsor>
        <fullName>Rep. Bordallo, Madeleine Z. [D-GU-At Large]</fullName>
      </item>
      <item>
        <lastName>Lieu</lastName>
        <sponsorshipDate>2017-05-18</sponsorshipDate>
        <bioguideId>L000582</bioguideId>
        <middleName />
        <identifiers>
          <bioguideId>L000582</bioguideId>
          <gpoId />
          <lisID>2230</lisID>
        </identifiers>
        <district>33</district>
        <party>D</party>
        <state>CA</state>
        <firstName>Ted</firstName>
        <sponsorshipWithdrawnDate />
        <isOriginalCosponsor>True</isOriginalCosponsor>
        <fullName>Rep. Lieu, Ted [D-CA-33]</fullName>
      </item>
      <item>
        <lastName>Lowenthal</lastName>
        <sponsorshipDate>2017-05-18</sponsorshipDate>
        <bioguideId>L000579</bioguideId>
        <middleName>S.</middleName>
        <identifiers>
          <lisID>2111</lisID>
          <gpoId />
          <bioguideId>L000579</bioguideId>
        </identifiers>
        <district>47</district>
        <party>D</party>
        <state>CA</state>
        <firstName>Alan</firstName>
        <sponsorshipWithdrawnDate />
        <isOriginalCosponsor>True</isOriginalCosponsor>
        <fullName>Rep. Lowenthal, Alan S. [D-CA-47]</fullName>
      </item>
      <item>
        <lastName>Takano</lastName>
        <sponsorshipDate>2017-05-18</sponsorshipDate>
        <bioguideId>T000472</bioguideId>
        <middleName />
        <identifiers>
          <lisID>2110</lisID>
          <gpoId />
          <bioguideId>T000472</bioguideId>
        </identifiers>
        <district>41</district>
        <party>D</party>
        <state>CA</state>
        <firstName>Mark</firstName>
        <sponsorshipWithdrawnDate />
        <isOriginalCosponsor>True</isOriginalCosponsor>
        <fullName>Rep. Takano, Mark [D-CA-41]</fullName>
      </item>
      <item>
        <lastName>Sablan</lastName>
        <sponsorshipDate>2017-05-18</sponsorshipDate>
        <bioguideId>S001177</bioguideId>
        <middleName>Kilili Camacho</middleName>
        <identifiers>
          <lisID>1962</lisID>
          <bioguideId>S001177</bioguideId>
          <gpoId>8018</gpoId>
        </identifiers>
        <district>0</district>
        <party>D</party>
        <state>MP</state>
        <firstName>Gregorio</firstName>
        <sponsorshipWithdrawnDate />
        <isOriginalCosponsor>True</isOriginalCosponsor>
        <fullName>Rep. Sablan, Gregorio Kilili Camacho [D-MP-At Large]</fullName>
      </item>
      <item>
        <lastName>Gabbard</lastName>
        <sponsorshipDate>2017-05-18</sponsorshipDate>
        <bioguideId>G000571</bioguideId>
        <middleName />
        <identifiers>
          <lisID>2122</lisID>
          <bioguideId>G000571</bioguideId>
          <gpoId />
        </identifiers>
        <district>2</district>
        <party>D</party>
        <state>HI</state>
        <firstName>Tulsi</firstName>
        <sponsorshipWithdrawnDate />
        <isOriginalCosponsor>True</isOriginalCosponsor>
        <fullName>Rep. Gabbard, Tulsi [D-HI-2]</fullName>
      </item>
      <item>
        <lastName>SANCHEZ</lastName>
        <sponsorshipDate>2017-05-18</sponsorshipDate>
        <bioguideId>S001156</bioguideId>
        <middleName>T.</middleName>
        <identifiers>
          <lisID>1757</lisID>
          <bioguideId>S001156</bioguideId>
          <gpoId>7844</gpoId>
        </identifiers>
        <district>38</district>
        <party>D</party>
        <state>CA</state>
        <firstName>LINDA</firstName>
        <sponsorshipWithdrawnDate />
        <isOriginalCosponsor>True</isOriginalCosponsor>
        <fullName>Rep. Sanchez, Linda T. [D-CA-38]</fullName>
      </item>
      <item>
        <lastName>SCHIFF</lastName>
        <sponsorshipDate>2017-05-18</sponsorshipDate>
        <bioguideId>S001150</bioguideId>
        <middleName>B.</middleName>
        <identifiers>
          <bioguideId>S001150</bioguideId>
          <lisID>1635</lisID>
          <gpoId>7834</gpoId>
        </identifiers>
        <district>28</district>
        <party>D</party>
        <state>CA</state>
        <firstName>ADAM</firstName>
        <sponsorshipWithdrawnDate />
        <isOriginalCosponsor>True</isOriginalCosponsor>
        <fullName>Rep. Schiff, Adam B. [D-CA-28]</fullName>
      </item>
      <item>
        <lastName>Speier</lastName>
        <sponsorshipDate>2017-05-18</sponsorshipDate>
        <bioguideId>S001175</bioguideId>
        <middleName />
        <identifiers>
          <gpoId>7817</gpoId>
          <lisID>1890</lisID>
          <bioguideId>S001175</bioguideId>
        </identifiers>
        <district>14</district>
        <party>D</party>
        <state>CA</state>
        <firstName>Jackie</firstName>
        <sponsorshipWithdrawnDate />
        <isOriginalCosponsor>True</isOriginalCosponsor>
        <fullName>Rep. Speier, Jackie [D-CA-14]</fullName>
      </item>
      <item>
        <lastName>Vargas</lastName>
        <sponsorshipDate>2017-05-18</sponsorshipDate>
        <bioguideId>V000130</bioguideId>
        <middleName />
        <identifiers>
          <gpoId />
          <bioguideId>V000130</bioguideId>
          <lisID>2112</lisID>
        </identifiers>
        <district>51</district>
        <party>D</party>
        <state>CA</state>
        <firstName>Juan</firstName>
        <sponsorshipWithdrawnDate />
        <isOriginalCosponsor>True</isOriginalCosponsor>
        <fullName>Rep. Vargas, Juan [D-CA-51]</fullName>
      </item>
      <item>
        <lastName>LEE</lastName>
        <sponsorshipDate>2017-05-18</sponsorshipDate>
        <bioguideId>L000551</bioguideId>
        <middleName />
        <identifiers>
          <gpoId>7814</gpoId>
          <bioguideId>L000551</bioguideId>
          <lisID>1501</lisID>
        </identifiers>
        <district>13</district>
        <party>D</party>
        <state>CA</state>
        <firstName>BARBARA</firstName>
        <sponsorshipWithdrawnDate />
        <isOriginalCosponsor>True</isOriginalCosponsor>
        <fullName>Rep. Lee, Barbara [D-CA-13]</fullName>
      </item>
      <item>
        <lastName>Matsui</lastName>
        <sponsorshipDate>2017-05-18</sponsorshipDate>
        <bioguideId>M001163</bioguideId>
        <middleName>O.</middleName>
        <identifiers>
          <lisID>1814</lisID>
          <gpoId>7810</gpoId>
          <bioguideId>M001163</bioguideId>
        </identifiers>
        <district>6</district>
        <party>D</party>
        <state>CA</state>
        <firstName>Doris</firstName>
        <sponsorshipWithdrawnDate />
        <isOriginalCosponsor>True</isOriginalCosponsor>
        <fullName>Rep. Matsui, Doris O. [D-CA-6]</fullName>
      </item>
      <item>
        <lastName>Peters</lastName>
        <sponsorshipDate>2017-05-18</sponsorshipDate>
        <bioguideId>P000608</bioguideId>
        <middleName>H.</middleName>
        <identifiers>
          <gpoId />
          <lisID>2113</lisID>
          <bioguideId>P000608</bioguideId>
        </identifiers>
        <district>52</district>
        <party>D</party>
        <state>CA</state>
        <firstName>Scott</firstName>
        <sponsorshipWithdrawnDate />
        <isOriginalCosponsor>True</isOriginalCosponsor>
        <fullName>Rep. Peters, Scott H. [D-CA-52]</fullName>
      </item>
      <item>
        <lastName>NAPOLITANO</lastName>
        <sponsorshipDate>2017-05-18</sponsorshipDate>
        <bioguideId>N000179</bioguideId>
        <middleName>F.</middleName>
        <identifiers>
          <bioguideId>N000179</bioguideId>
          <gpoId>7843</gpoId>
          <lisID>1602</lisID>
        </identifiers>
        <district>32</district>
        <party>D</party>
        <state>CA</state>
        <firstName>GRACE</firstName>
        <sponsorshipWithdrawnDate />
        <isOriginalCosponsor>True</isOriginalCosponsor>
        <fullName>Rep. Napolitano, Grace F. [D-CA-32]</fullName>
      </item>
      <item>
        <lastName>VELAZQUEZ</lastName>
        <sponsorshipDate>2017-05-18</sponsorshipDate>
        <bioguideId>V000081</bioguideId>
        <middleName>M.</middleName>
        <identifiers>
          <bioguideId>V000081</bioguideId>
          <lisID>1184</lisID>
          <gpoId>8073</gpoId>
        </identifiers>
        <district>7</district>
        <party>D</party>
        <state>NY</state>
        <firstName>NYDIA</firstName>
        <sponsorshipWithdrawnDate />
        <isOriginalCosponsor>True</isOriginalCosponsor>
        <fullName>Rep. Velazquez, Nydia M. [D-NY-7]</fullName>
      </item>
      <item>
        <lastName>Scott</lastName>
        <sponsorshipDate>2017-05-18</sponsorshipDate>
        <bioguideId>S000185</bioguideId>
        <middleName>C. "Bobby"</middleName>
        <identifiers>
          <gpoId>8194</gpoId>
          <bioguideId>S000185</bioguideId>
          <lisID>1037</lisID>
        </identifiers>
        <district>3</district>
        <party>D</party>
        <state>VA</state>
        <firstName>Robert</firstName>
        <sponsorshipWithdrawnDate />
        <isOriginalCosponsor>True</isOriginalCosponsor>
        <fullName>Rep. Scott, Robert C. "Bobby" [D-VA-3]</fullName>
      </item>
      <item>
        <lastName>Hanabusa</lastName>
        <sponsorshipDate>2017-05-18</sponsorshipDate>
        <bioguideId>H001050</bioguideId>
        <middleName />
        <identifiers>
          <bioguideId>H001050</bioguideId>
          <lisID>2010</lisID>
          <gpoId>7912</gpoId>
        </identifiers>
        <district>1</district>
        <party>D</party>
        <state>HI</state>
        <firstName>Colleen</firstName>
        <sponsorshipWithdrawnDate />
        <isOriginalCosponsor>True</isOriginalCosponsor>
        <fullName>Rep. Hanabusa, Colleen [D-HI-1]</fullName>
      </item>
      <item>
        <lastName>DAVIS</lastName>
        <sponsorshipDate>2017-05-18</sponsorshipDate>
        <bioguideId>D000598</bioguideId>
        <middleName>A.</middleName>
        <identifiers>
          <gpoId>7858</gpoId>
          <bioguideId>D000598</bioguideId>
          <lisID>1641</lisID>
        </identifiers>
        <district>53</district>
        <party>D</party>
        <state>CA</state>
        <firstName>SUSAN</firstName>
        <sponsorshipWithdrawnDate />
        <isOriginalCosponsor>True</isOriginalCosponsor>
        <fullName>Rep. Davis, Susan A. [D-CA-53]</fullName>
      </item>
    </cosponsors>
    <titles>
      <item>
        <parentTitleType />
        <chamberCode />
        <chamberName />
        <titleType>Official Title as Introduced</titleType>
        <title>Recognizing the significance of Asian/Pacific American Heritage Month in May as an important time to celebrate the significant contributions of Asian Americans and Pacific Islanders to the history of the United States.</title>
      </item>
      <item>
        <parentTitleType />
        <chamberCode />
        <chamberName />
        <titleType>Display Title</titleType>
        <title>Recognizing the significance of Asian/Pacific American Heritage Month in May as an important time to celebrate the significant contributions of Asian Americans and Pacific Islanders to the history of the United States.</title>
      </item>
    </titles>
    <congress>115</congress>
    <recordedVotes />
    <amendments />
    <laws />
    <cboCostEstimates />
    <actions>
      <item>
        <sourceSystem>
          <name>House floor actions</name>
          <code>2</code>
        </sourceSystem>
        <actionDate>2017-05-18</actionDate>
        <links />
        <text>Referred to the House Committee on Oversight and Government Reform.</text>
        <committee>
          <systemCode>hsgo00</systemCode>
          <name>Oversight and Government Reform Committee</name>
        </committee>
        <actionCode>H11100</actionCode>
        <type>IntroReferral</type>
      </item>
      <item>
        <sourceSystem>
          <name>Library of Congress</name>
          <code>9</code>
        </sourceSystem>
        <actionDate>2017-05-18</actionDate>
        <links />
        <text>Introduced in House</text>
        <committee />
        <actionCode>Intro-H</actionCode>
        <type>IntroReferral</type>
      </item>
      <item>
        <sourceSystem>
          <name>Library of Congress</name>
          <code>9</code>
        </sourceSystem>
        <actionDate>2017-05-18</actionDate>
        <links />
        <text>Introduced in House</text>
        <committee />
        <actionCode>1000</actionCode>
        <type>IntroReferral</type>
      </item>
      <actionByCounts>
        <houseOfRepresentatives>3</houseOfRepresentatives>
      </actionByCounts>
      <actionTypeCounts>
        <billReferrals>1</billReferrals>
        <introducedInTheHouse>1</introducedInTheHouse>
        <introducedInHouse>1</introducedInHouse>
      </actionTypeCounts>
    </actions>
    <updateDate>2018-02-06T16:39:47Z</updateDate>
    <summaries>
      <billSummaries>
        <item>
          <versionCode>00</versionCode>
          <actionDate>2017-05-18</actionDate>
          <updateDate>2017-05-18T04:00:00Z</updateDate>
          <text><![CDATA[<p>Recognizes the significance of Asian/Pacific American Heritage Month as an important time to celebrate the contributions of Asian Americans and Pacific Islanders to the history of the United States. </p> <p>Recognizes that the Asian American and Pacific Islander communities enhance the rich diversity of the United States. </p>]]></text>
          <actionDesc>Introduced in House</actionDesc>
          <name>Introduced in House</name>
          <lastSummaryUpdateDate>2017-05-25T15:16:24Z</lastSummaryUpdateDate>
        </item>
      </billSummaries>
    </summaries>
    <title>Recognizing the significance of Asian/Pacific American Heritage Month in May as an important time to celebrate the significant contributions of Asian Americans and Pacific Islanders to the history of the United States.</title>
    <calendarNumbers />
    <originChamber>House</originChamber>
    <constitutionalAuthorityStatementText />
    <notes />
    <billType>HRES</billType>
    <committees>
      <billCommittees>
        <item>
          <name>Oversight and Government Reform Committee</name>
          <chamber>House</chamber>
          <type>Standing</type>
          <subcommittees />
          <systemCode>hsgo00</systemCode>
          <activities>
            <item>
              <name>Referred to</name>
              <date>2017-05-18T14:01:15Z</date>
            </item>
          </activities>
        </item>
      </billCommittees>
    </committees>
    <latestAction>
      <text>Referred to the House Committee on Oversight and Government Reform.</text>
      <actionDate>2017-05-18</actionDate>
      <links />
    </latestAction>
    <committeeReports />
    <billNumber>338</billNumber>
    <sponsors>
      <item>
        <byRequestType />
        <state>CA</state>
        <bioguideId>C001080</bioguideId>
        <identifiers>
          <gpoId>7837</gpoId>
          <lisID>1970</lisID>
          <bioguideId>C001080</bioguideId>
        </identifiers>
        <fullName>Rep. Chu, Judy [D-CA-27]</fullName>
        <district>27</district>
        <lastName>Chu</lastName>
        <firstName>Judy</firstName>
        <middleName />
        <party>D</party>
      </item>
    </sponsors>
    <subjects>
      <billSubjects>
        <policyArea>
          <name>Civil Rights and Liberties, Minority Issues</name>
        </policyArea>
        <legislativeSubjects>
          <item>
            <name>Asia</name>
          </item>
          <item>
            <name>Commemorative events and holidays</name>
          </item>
          <item>
            <name>Congressional tributes</name>
          </item>
          <item>
            <name>Racial and ethnic relations</name>
          </item>
        </legislativeSubjects>
      </billSubjects>
    </subjects>
    <createDate>2017-05-19T03:11:37Z</createDate>
    <version>1.0.0</version>
    <relatedBills>
      <item>
        <number>183</number>
        <latestTitle>A resolution recognizing the significance of May 2017 as Asian/Pacific American Heritage Month and as an important time to celebrate the significant contributions of Asian Americans and Pacific Islanders to the history of the United States.</latestTitle>
        <type>SRES</type>
        <relationshipDetails>
          <item>
            <identifiedBy>CRS</identifiedBy>
            <type>Related bill</type>
          </item>
        </relationshipDetails>
        <congress>115</congress>
        <latestAction>
          <text>Submitted in the Senate, considered, and agreed to without amendment and with a preamble by Unanimous Consent. (consideration: CR S3225; text as passed Senate: CR S3224-3225)</text>
          <actionDate>2017-05-25</actionDate>
        </latestAction>
      </item>
    </relatedBills>
  </bill>
  <dublinCore xmlns:dc="http://purl.org/dc/elements/1.1/">
    <dc:format>text/xml</dc:format>
    <dc:language>EN</dc:language>
    <dc:rights>Pursuant to Title 17 Section 105 of the United States Code, this file is not subject to copyright protection and is in the public domain.</dc:rights>
    <dc:contributor>Congressional Research Service, Library of Congress</dc:contributor>
    <dc:description>This file contains bill summaries and statuses for federal legislation. A bill summary describes the most significant provisions of a piece of legislation and details the effects the legislative text may have on current law and federal programs. Bill summaries are authored by the Congressional Research Service (CRS) of the Library of Congress. As stated in Public Law 91-510 (2 USC 166 (d)(6)), one of the duties of CRS is "to prepare summaries and digests of bills and resolutions of a public general nature introduced in the Senate or House of Representatives". For more information, refer to the User Guide that accompanies this file.</dc:description>
  </dublinCore>
</billStatus>

