<?xml version="1.0" encoding="UTF-8"?>
<billStatus>
  <bill>
    <constitutionalAuthorityStatementText />
    <originChamber>House</originChamber>
    <subjects>
      <billSubjects>
        <policyArea>
          <name>Health</name>
        </policyArea>
        <legislativeSubjects>
          <item>
            <name>Commemorative events and holidays</name>
          </item>
          <item>
            <name>Digestive and metabolic diseases</name>
          </item>
          <item>
            <name>Health promotion and preventive care</name>
          </item>
          <item>
            <name>Mental health</name>
          </item>
          <item>
            <name>Nutrition and diet</name>
          </item>
        </legislativeSubjects>
      </billSubjects>
    </subjects>
    <cosponsors>
      <item>
        <isOriginalCosponsor>True</isOriginalCosponsor>
        <fullName>Rep. Butterfield, G. K. [D-NC-1]</fullName>
        <middleName />
        <sponsorshipDate>2017-06-29</sponsorshipDate>
        <bioguideId>B001251</bioguideId>
        <lastName>Butterfield</lastName>
        <party>D</party>
        <district>1</district>
        <firstName>G. K.</firstName>
        <state>NC</state>
        <identifiers>
          <lisID>1761</lisID>
          <bioguideId>B001251</bioguideId>
          <gpoId>8024</gpoId>
        </identifiers>
        <sponsorshipWithdrawnDate />
      </item>
      <item>
        <isOriginalCosponsor>True</isOriginalCosponsor>
        <fullName>Rep. Norton, Eleanor Holmes [D-DC-At Large]</fullName>
        <middleName>HOLMES</middleName>
        <sponsorshipDate>2017-06-29</sponsorshipDate>
        <bioguideId>N000147</bioguideId>
        <lastName>NORTON</lastName>
        <party>D</party>
        <district>0</district>
        <firstName>ELEANOR</firstName>
        <state>DC</state>
        <identifiers>
          <lisID>868</lisID>
          <gpoId>7871</gpoId>
          <bioguideId>N000147</bioguideId>
        </identifiers>
        <sponsorshipWithdrawnDate />
      </item>
      <item>
        <isOriginalCosponsor>True</isOriginalCosponsor>
        <fullName>Rep. Garrett, Thomas A., Jr. [R-VA-5]</fullName>
        <middleName>A.</middleName>
        <sponsorshipDate>2017-06-29</sponsorshipDate>
        <bioguideId>G000580</bioguideId>
        <lastName>Garrett</lastName>
        <party>R</party>
        <district>5</district>
        <firstName>Thomas</firstName>
        <state>VA</state>
        <identifiers>
          <gpoId />
          <bioguideId>G000580</bioguideId>
          <lisID>2353</lisID>
        </identifiers>
        <sponsorshipWithdrawnDate />
      </item>
      <item>
        <isOriginalCosponsor>True</isOriginalCosponsor>
        <fullName>Rep. Johnson, Henry C. "Hank," Jr. [D-GA-4]</fullName>
        <middleName>C. "Hank"</middleName>
        <sponsorshipDate>2017-06-29</sponsorshipDate>
        <bioguideId>J000288</bioguideId>
        <lastName>Johnson</lastName>
        <party>D</party>
        <district>4</district>
        <firstName>Henry</firstName>
        <state>GA</state>
        <identifiers>
          <bioguideId>J000288</bioguideId>
          <lisID>1843</lisID>
          <gpoId>7901</gpoId>
        </identifiers>
        <sponsorshipWithdrawnDate />
      </item>
      <item>
        <isOriginalCosponsor>True</isOriginalCosponsor>
        <fullName>Rep. Jackson Lee, Sheila [D-TX-18]</fullName>
        <middleName />
        <sponsorshipDate>2017-06-29</sponsorshipDate>
        <bioguideId>J000032</bioguideId>
        <lastName>JACKSON LEE</lastName>
        <party>D</party>
        <district>18</district>
        <firstName>SHEILA</firstName>
        <state>TX</state>
        <identifiers>
          <lisID>588</lisID>
          <bioguideId>J000032</bioguideId>
          <gpoId>8174</gpoId>
        </identifiers>
        <sponsorshipWithdrawnDate />
      </item>
      <item>
        <isOriginalCosponsor>True</isOriginalCosponsor>
        <fullName>Rep. Smith, Adam [D-WA-9]</fullName>
        <middleName />
        <sponsorshipDate>2017-06-29</sponsorshipDate>
        <bioguideId>S000510</bioguideId>
        <lastName>SMITH</lastName>
        <party>D</party>
        <district>9</district>
        <firstName>ADAM</firstName>
        <state>WA</state>
        <identifiers>
          <gpoId>8213</gpoId>
          <bioguideId>S000510</bioguideId>
          <lisID>1528</lisID>
        </identifiers>
        <sponsorshipWithdrawnDate />
      </item>
      <item>
        <isOriginalCosponsor>True</isOriginalCosponsor>
        <fullName>Rep. Jayapal, Pramila [D-WA-7]</fullName>
        <middleName />
        <sponsorshipDate>2017-06-29</sponsorshipDate>
        <bioguideId>J000298</bioguideId>
        <lastName>Jayapal</lastName>
        <party>D</party>
        <district>7</district>
        <firstName>Pramila</firstName>
        <state>WA</state>
        <identifiers>
          <bioguideId>J000298</bioguideId>
          <gpoId />
          <lisID>2354</lisID>
        </identifiers>
        <sponsorshipWithdrawnDate />
      </item>
      <item>
        <isOriginalCosponsor>True</isOriginalCosponsor>
        <fullName>Rep. Costello, Ryan A. [R-PA-6]</fullName>
        <middleName>A.</middleName>
        <sponsorshipDate>2017-06-29</sponsorshipDate>
        <bioguideId>C001106</bioguideId>
        <lastName>Costello</lastName>
        <party>R</party>
        <district>6</district>
        <firstName>Ryan</firstName>
        <state>PA</state>
        <identifiers>
          <bioguideId>C001106</bioguideId>
          <lisID>2266</lisID>
          <gpoId />
        </identifiers>
        <sponsorshipWithdrawnDate />
      </item>
      <item>
        <isOriginalCosponsor>True</isOriginalCosponsor>
        <fullName>Rep. Tonko, Paul [D-NY-20]</fullName>
        <middleName />
        <sponsorshipDate>2017-06-29</sponsorshipDate>
        <bioguideId>T000469</bioguideId>
        <lastName>Tonko</lastName>
        <party>D</party>
        <district>20</district>
        <firstName>Paul</firstName>
        <state>NY</state>
        <identifiers>
          <lisID>1942</lisID>
          <gpoId>8082</gpoId>
          <bioguideId>T000469</bioguideId>
        </identifiers>
        <sponsorshipWithdrawnDate />
      </item>
      <item>
        <isOriginalCosponsor>True</isOriginalCosponsor>
        <fullName>Rep. Napolitano, Grace F. [D-CA-32]</fullName>
        <middleName>F.</middleName>
        <sponsorshipDate>2017-06-29</sponsorshipDate>
        <bioguideId>N000179</bioguideId>
        <lastName>NAPOLITANO</lastName>
        <party>D</party>
        <district>32</district>
        <firstName>GRACE</firstName>
        <state>CA</state>
        <identifiers>
          <bioguideId>N000179</bioguideId>
          <gpoId>7843</gpoId>
          <lisID>1602</lisID>
        </identifiers>
        <sponsorshipWithdrawnDate />
      </item>
      <item>
        <isOriginalCosponsor>True</isOriginalCosponsor>
        <fullName>Rep. Deutch, Theodore E. [D-FL-22]</fullName>
        <middleName>E.</middleName>
        <sponsorshipDate>2017-06-29</sponsorshipDate>
        <bioguideId>D000610</bioguideId>
        <lastName>Deutch</lastName>
        <party>D</party>
        <district>22</district>
        <firstName>Theodore</firstName>
        <state>FL</state>
        <identifiers>
          <lisID>1976</lisID>
          <bioguideId>D000610</bioguideId>
          <gpoId>7891</gpoId>
        </identifiers>
        <sponsorshipWithdrawnDate />
      </item>
      <item>
        <isOriginalCosponsor>True</isOriginalCosponsor>
        <fullName>Rep. Pingree, Chellie [D-ME-1]</fullName>
        <middleName />
        <sponsorshipDate>2017-06-29</sponsorshipDate>
        <bioguideId>P000597</bioguideId>
        <lastName>Pingree</lastName>
        <party>D</party>
        <district>1</district>
        <firstName>Chellie</firstName>
        <state>ME</state>
        <identifiers>
          <gpoId>7984</gpoId>
          <lisID>1927</lisID>
          <bioguideId>P000597</bioguideId>
        </identifiers>
        <sponsorshipWithdrawnDate />
      </item>
      <item>
        <isOriginalCosponsor>True</isOriginalCosponsor>
        <fullName>Rep. Eshoo, Anna G. [D-CA-18]</fullName>
        <middleName>G.</middleName>
        <sponsorshipDate>2017-06-29</sponsorshipDate>
        <bioguideId>E000215</bioguideId>
        <lastName>ESHOO</lastName>
        <party>D</party>
        <district>18</district>
        <firstName>ANNA</firstName>
        <state>CA</state>
        <identifiers>
          <bioguideId>E000215</bioguideId>
          <gpoId>7819</gpoId>
          <lisID>355</lisID>
        </identifiers>
        <sponsorshipWithdrawnDate />
      </item>
      <item>
        <isOriginalCosponsor>True</isOriginalCosponsor>
        <fullName>Rep. Wasserman Schultz, Debbie [D-FL-23]</fullName>
        <middleName />
        <sponsorshipDate>2017-06-29</sponsorshipDate>
        <bioguideId>W000797</bioguideId>
        <lastName>Wasserman Schultz</lastName>
        <party>D</party>
        <district>23</district>
        <firstName>Debbie</firstName>
        <state>FL</state>
        <identifiers>
          <lisID>1777</lisID>
          <bioguideId>W000797</bioguideId>
          <gpoId>7892</gpoId>
        </identifiers>
        <sponsorshipWithdrawnDate />
      </item>
      <item>
        <isOriginalCosponsor>True</isOriginalCosponsor>
        <fullName>Rep. Meehan, Patrick [R-PA-7]</fullName>
        <middleName />
        <sponsorshipDate>2017-06-29</sponsorshipDate>
        <bioguideId>M001181</bioguideId>
        <lastName>Meehan</lastName>
        <party>R</party>
        <district>7</district>
        <firstName>Patrick</firstName>
        <state>PA</state>
        <identifiers>
          <lisID>2052</lisID>
          <bioguideId>M001181</bioguideId>
          <gpoId>8125</gpoId>
        </identifiers>
        <sponsorshipWithdrawnDate />
      </item>
      <item>
        <isOriginalCosponsor>True</isOriginalCosponsor>
        <fullName>Rep. Rothfus, Keith J. [R-PA-12]</fullName>
        <middleName>J.</middleName>
        <sponsorshipDate>2017-06-29</sponsorshipDate>
        <bioguideId>R000598</bioguideId>
        <lastName>Rothfus</lastName>
        <party>R</party>
        <district>12</district>
        <firstName>Keith</firstName>
        <state>PA</state>
        <identifiers>
          <gpoId />
          <bioguideId>R000598</bioguideId>
          <lisID>2158</lisID>
        </identifiers>
        <sponsorshipWithdrawnDate />
      </item>
      <item>
        <isOriginalCosponsor>True</isOriginalCosponsor>
        <fullName>Rep. Kind, Ron [D-WI-3]</fullName>
        <middleName />
        <sponsorshipDate>2017-06-29</sponsorshipDate>
        <bioguideId>K000188</bioguideId>
        <lastName>KIND</lastName>
        <party>D</party>
        <district>3</district>
        <firstName>RON</firstName>
        <state>WI</state>
        <identifiers>
          <gpoId>8216</gpoId>
          <lisID>1498</lisID>
          <bioguideId>K000188</bioguideId>
        </identifiers>
        <sponsorshipWithdrawnDate />
      </item>
      <item>
        <isOriginalCosponsor>True</isOriginalCosponsor>
        <fullName>Rep. Peters, Scott H. [D-CA-52]</fullName>
        <middleName>H.</middleName>
        <sponsorshipDate>2017-06-29</sponsorshipDate>
        <bioguideId>P000608</bioguideId>
        <lastName>Peters</lastName>
        <party>D</party>
        <district>52</district>
        <firstName>Scott</firstName>
        <state>CA</state>
        <identifiers>
          <bioguideId>P000608</bioguideId>
          <gpoId />
          <lisID>2113</lisID>
        </identifiers>
        <sponsorshipWithdrawnDate />
      </item>
      <item>
        <isOriginalCosponsor>True</isOriginalCosponsor>
        <fullName>Rep. Velazquez, Nydia M. [D-NY-7]</fullName>
        <middleName>M.</middleName>
        <sponsorshipDate>2017-06-29</sponsorshipDate>
        <bioguideId>V000081</bioguideId>
        <lastName>VELAZQUEZ</lastName>
        <party>D</party>
        <district>7</district>
        <firstName>NYDIA</firstName>
        <state>NY</state>
        <identifiers>
          <bioguideId>V000081</bioguideId>
          <gpoId>8073</gpoId>
          <lisID>1184</lisID>
        </identifiers>
        <sponsorshipWithdrawnDate />
      </item>
      <item>
        <isOriginalCosponsor>True</isOriginalCosponsor>
        <fullName>Rep. Khanna, Ro [D-CA-17]</fullName>
        <middleName />
        <sponsorshipDate>2017-06-29</sponsorshipDate>
        <bioguideId>K000389</bioguideId>
        <lastName>Khanna</lastName>
        <party>D</party>
        <district>17</district>
        <firstName>Ro</firstName>
        <state>CA</state>
        <identifiers>
          <bioguideId>K000389</bioguideId>
          <gpoId />
          <lisID>2308</lisID>
        </identifiers>
        <sponsorshipWithdrawnDate />
      </item>
      <item>
        <isOriginalCosponsor>True</isOriginalCosponsor>
        <fullName>Rep. Davis, Rodney [R-IL-13]</fullName>
        <middleName />
        <sponsorshipDate>2017-06-29</sponsorshipDate>
        <bioguideId>D000619</bioguideId>
        <lastName>Davis</lastName>
        <party>R</party>
        <district>13</district>
        <firstName>Rodney</firstName>
        <state>IL</state>
        <identifiers>
          <lisID>2126</lisID>
          <gpoId />
          <bioguideId>D000619</bioguideId>
        </identifiers>
        <sponsorshipWithdrawnDate />
      </item>
      <item>
        <isOriginalCosponsor>True</isOriginalCosponsor>
        <fullName>Rep. Payne, Donald M., Jr. [D-NJ-10]</fullName>
        <middleName>M.</middleName>
        <sponsorshipDate>2017-06-29</sponsorshipDate>
        <bioguideId>P000604</bioguideId>
        <lastName>Payne</lastName>
        <party>D</party>
        <district>10</district>
        <firstName>Donald</firstName>
        <state>NJ</state>
        <identifiers>
          <gpoId>8373</gpoId>
          <bioguideId>P000604</bioguideId>
          <lisID>2097</lisID>
        </identifiers>
        <sponsorshipWithdrawnDate />
      </item>
      <item>
        <isOriginalCosponsor>True</isOriginalCosponsor>
        <fullName>Rep. Evans, Dwight [D-PA-2]</fullName>
        <middleName />
        <sponsorshipDate>2017-06-29</sponsorshipDate>
        <bioguideId>E000296</bioguideId>
        <lastName>Evans</lastName>
        <party>D</party>
        <district>2</district>
        <firstName>Dwight</firstName>
        <state>PA</state>
        <identifiers>
          <bioguideId>E000296</bioguideId>
          <lisID>2298</lisID>
          <gpoId />
        </identifiers>
        <sponsorshipWithdrawnDate />
      </item>
      <item>
        <isOriginalCosponsor>True</isOriginalCosponsor>
        <fullName>Rep. Bonamici, Suzanne [D-OR-1]</fullName>
        <middleName />
        <sponsorshipDate>2017-06-29</sponsorshipDate>
        <bioguideId>B001278</bioguideId>
        <lastName>Bonamici</lastName>
        <party>D</party>
        <district>1</district>
        <firstName>Suzanne</firstName>
        <state>OR</state>
        <identifiers>
          <bioguideId>B001278</bioguideId>
          <lisID>2092</lisID>
          <gpoId>8367</gpoId>
        </identifiers>
        <sponsorshipWithdrawnDate />
      </item>
      <item>
        <isOriginalCosponsor>True</isOriginalCosponsor>
        <fullName>Rep. Ros-Lehtinen, Ileana [R-FL-27]</fullName>
        <middleName />
        <sponsorshipDate>2017-06-29</sponsorshipDate>
        <bioguideId>R000435</bioguideId>
        <lastName>ROS-LEHTINEN</lastName>
        <party>R</party>
        <district>27</district>
        <firstName>ILEANA</firstName>
        <state>FL</state>
        <identifiers>
          <gpoId>7890</gpoId>
          <lisID>985</lisID>
          <bioguideId>R000435</bioguideId>
        </identifiers>
        <sponsorshipWithdrawnDate />
      </item>
      <item>
        <isOriginalCosponsor>True</isOriginalCosponsor>
        <fullName>Rep. Comstock, Barbara [R-VA-10]</fullName>
        <middleName />
        <sponsorshipDate>2017-06-29</sponsorshipDate>
        <bioguideId>C001105</bioguideId>
        <lastName>Comstock</lastName>
        <party>R</party>
        <district>10</district>
        <firstName>Barbara</firstName>
        <state>VA</state>
        <identifiers>
          <bioguideId>C001105</bioguideId>
          <lisID>2273</lisID>
          <gpoId />
        </identifiers>
        <sponsorshipWithdrawnDate />
      </item>
      <item>
        <isOriginalCosponsor>True</isOriginalCosponsor>
        <fullName>Rep. Lofgren, Zoe [D-CA-19]</fullName>
        <middleName />
        <sponsorshipDate>2017-06-29</sponsorshipDate>
        <bioguideId>L000397</bioguideId>
        <lastName>LOFGREN</lastName>
        <party>D</party>
        <district>19</district>
        <firstName>ZOE</firstName>
        <state>CA</state>
        <identifiers>
          <lisID>701</lisID>
          <gpoId>7821</gpoId>
          <bioguideId>L000397</bioguideId>
        </identifiers>
        <sponsorshipWithdrawnDate />
      </item>
      <item>
        <isOriginalCosponsor>True</isOriginalCosponsor>
        <fullName>Rep. Frankel, Lois [D-FL-21]</fullName>
        <middleName />
        <sponsorshipDate>2017-06-29</sponsorshipDate>
        <bioguideId>F000462</bioguideId>
        <lastName>Frankel</lastName>
        <party>D</party>
        <district>21</district>
        <firstName>Lois</firstName>
        <state>FL</state>
        <identifiers>
          <gpoId />
          <lisID>2119</lisID>
          <bioguideId>F000462</bioguideId>
        </identifiers>
        <sponsorshipWithdrawnDate />
      </item>
      <item>
        <isOriginalCosponsor>True</isOriginalCosponsor>
        <fullName>Rep. McGovern, James P. [D-MA-2]</fullName>
        <middleName>P.</middleName>
        <sponsorshipDate>2017-06-29</sponsorshipDate>
        <bioguideId>M000312</bioguideId>
        <lastName>MCGOVERN</lastName>
        <party>D</party>
        <district>2</district>
        <firstName>JAMES</firstName>
        <state>MA</state>
        <identifiers>
          <lisID>1504</lisID>
          <bioguideId>M000312</bioguideId>
          <gpoId>7968</gpoId>
        </identifiers>
        <sponsorshipWithdrawnDate />
      </item>
      <item>
        <isOriginalCosponsor>True</isOriginalCosponsor>
        <fullName>Rep. Young, Don [R-AK-At Large]</fullName>
        <middleName>E.</middleName>
        <sponsorshipDate>2017-06-29</sponsorshipDate>
        <bioguideId>Y000033</bioguideId>
        <lastName>YOUNG</lastName>
        <party>R</party>
        <district>0</district>
        <firstName>DON</firstName>
        <state>AK</state>
        <identifiers>
          <bioguideId>Y000033</bioguideId>
          <lisID>1256</lisID>
          <gpoId>7785</gpoId>
        </identifiers>
        <sponsorshipWithdrawnDate />
      </item>
      <item>
        <isOriginalCosponsor>True</isOriginalCosponsor>
        <fullName>Rep. Gonzalez-Colon, Jenniffer [R-PR-At Large]</fullName>
        <middleName />
        <sponsorshipDate>2017-06-29</sponsorshipDate>
        <bioguideId>G000582</bioguideId>
        <lastName>Gonzalez-Colon</lastName>
        <party>R</party>
        <district>0</district>
        <firstName>Jenniffer</firstName>
        <state>PR</state>
        <identifiers>
          <lisID>2347</lisID>
          <gpoId />
          <bioguideId>G000582</bioguideId>
        </identifiers>
        <sponsorshipWithdrawnDate />
      </item>
      <item>
        <isOriginalCosponsor>True</isOriginalCosponsor>
        <fullName>Rep. Moulton, Seth [D-MA-6]</fullName>
        <middleName />
        <sponsorshipDate>2017-06-29</sponsorshipDate>
        <bioguideId>M001196</bioguideId>
        <lastName>Moulton</lastName>
        <party>D</party>
        <district>6</district>
        <firstName>Seth</firstName>
        <state>MA</state>
        <identifiers>
          <bioguideId>M001196</bioguideId>
          <lisID>2246</lisID>
          <gpoId />
        </identifiers>
        <sponsorshipWithdrawnDate />
      </item>
      <item>
        <isOriginalCosponsor>True</isOriginalCosponsor>
        <fullName>Rep. DeFazio, Peter A. [D-OR-4]</fullName>
        <middleName>A.</middleName>
        <sponsorshipDate>2017-06-29</sponsorshipDate>
        <bioguideId>D000191</bioguideId>
        <lastName>DEFAZIO</lastName>
        <party>D</party>
        <district>4</district>
        <firstName>PETER</firstName>
        <state>OR</state>
        <identifiers>
          <gpoId>8117</gpoId>
          <lisID>279</lisID>
          <bioguideId>D000191</bioguideId>
        </identifiers>
        <sponsorshipWithdrawnDate />
      </item>
      <item>
        <isOriginalCosponsor>True</isOriginalCosponsor>
        <fullName>Rep. Rooney, Thomas J. [R-FL-17]</fullName>
        <middleName>J.</middleName>
        <sponsorshipDate>2017-06-29</sponsorshipDate>
        <bioguideId>R000583</bioguideId>
        <lastName>Rooney</lastName>
        <party>R</party>
        <district>17</district>
        <firstName>Thomas</firstName>
        <state>FL</state>
        <identifiers>
          <lisID>1916</lisID>
          <bioguideId>R000583</bioguideId>
          <gpoId>7888</gpoId>
        </identifiers>
        <sponsorshipWithdrawnDate />
      </item>
      <item>
        <isOriginalCosponsor>True</isOriginalCosponsor>
        <fullName>Rep. Fitzpatrick, Brian K. [R-PA-8]</fullName>
        <middleName>K.</middleName>
        <sponsorshipDate>2017-06-29</sponsorshipDate>
        <bioguideId>F000466</bioguideId>
        <lastName>Fitzpatrick</lastName>
        <party>R</party>
        <district>8</district>
        <firstName>Brian</firstName>
        <state>PA</state>
        <identifiers>
          <bioguideId>F000466</bioguideId>
          <gpoId />
          <lisID>2345</lisID>
        </identifiers>
        <sponsorshipWithdrawnDate />
      </item>
      <item>
        <isOriginalCosponsor>True</isOriginalCosponsor>
        <fullName>Rep. Donovan, Daniel M., Jr. [R-NY-11]</fullName>
        <middleName>M.</middleName>
        <sponsorshipDate>2017-06-29</sponsorshipDate>
        <bioguideId>D000625</bioguideId>
        <lastName>Donovan</lastName>
        <party>R</party>
        <district>11</district>
        <firstName>Daniel</firstName>
        <state>NY</state>
        <identifiers>
          <gpoId />
          <lisID>2293</lisID>
          <bioguideId>D000625</bioguideId>
        </identifiers>
        <sponsorshipWithdrawnDate />
      </item>
      <item>
        <isOriginalCosponsor>True</isOriginalCosponsor>
        <fullName>Rep. King, Peter T. [R-NY-2]</fullName>
        <middleName>T.</middleName>
        <sponsorshipDate>2017-06-29</sponsorshipDate>
        <bioguideId>K000210</bioguideId>
        <lastName>KING</lastName>
        <party>R</party>
        <district>2</district>
        <firstName>PETER</firstName>
        <state>NY</state>
        <identifiers>
          <lisID>635</lisID>
          <bioguideId>K000210</bioguideId>
          <gpoId>8064</gpoId>
        </identifiers>
        <sponsorshipWithdrawnDate />
      </item>
      <item>
        <isOriginalCosponsor>True</isOriginalCosponsor>
        <fullName>Rep. Connolly, Gerald E. [D-VA-11]</fullName>
        <middleName>E.</middleName>
        <sponsorshipDate>2017-06-29</sponsorshipDate>
        <bioguideId>C001078</bioguideId>
        <lastName>Connolly</lastName>
        <party>D</party>
        <district>11</district>
        <firstName>Gerald</firstName>
        <state>VA</state>
        <identifiers>
          <lisID>1959</lisID>
          <bioguideId>C001078</bioguideId>
          <gpoId>8202</gpoId>
        </identifiers>
        <sponsorshipWithdrawnDate />
      </item>
      <item>
        <isOriginalCosponsor>True</isOriginalCosponsor>
        <fullName>Rep. Walters, Mimi [R-CA-45]</fullName>
        <middleName />
        <sponsorshipDate>2017-06-29</sponsorshipDate>
        <bioguideId>W000820</bioguideId>
        <lastName>Walters</lastName>
        <party>R</party>
        <district>45</district>
        <firstName>Mimi</firstName>
        <state>CA</state>
        <identifiers>
          <bioguideId>W000820</bioguideId>
          <lisID>2232</lisID>
          <gpoId />
        </identifiers>
        <sponsorshipWithdrawnDate />
      </item>
      <item>
        <isOriginalCosponsor>True</isOriginalCosponsor>
        <fullName>Rep. Kilmer, Derek [D-WA-6]</fullName>
        <middleName />
        <sponsorshipDate>2017-06-29</sponsorshipDate>
        <bioguideId>K000381</bioguideId>
        <lastName>Kilmer</lastName>
        <party>D</party>
        <district>6</district>
        <firstName>Derek</firstName>
        <state>WA</state>
        <identifiers>
          <lisID>2169</lisID>
          <bioguideId>K000381</bioguideId>
          <gpoId />
        </identifiers>
        <sponsorshipWithdrawnDate />
      </item>
      <item>
        <isOriginalCosponsor>True</isOriginalCosponsor>
        <fullName>Rep. Lance, Leonard [R-NJ-7]</fullName>
        <middleName />
        <sponsorshipDate>2017-06-29</sponsorshipDate>
        <bioguideId>L000567</bioguideId>
        <lastName>Lance</lastName>
        <party>R</party>
        <district>7</district>
        <firstName>Leonard</firstName>
        <state>NJ</state>
        <identifiers>
          <lisID>1936</lisID>
          <gpoId>8049</gpoId>
          <bioguideId>L000567</bioguideId>
        </identifiers>
        <sponsorshipWithdrawnDate />
      </item>
      <item>
        <isOriginalCosponsor>False</isOriginalCosponsor>
        <fullName>Rep. Pocan, Mark [D-WI-2]</fullName>
        <middleName />
        <sponsorshipDate>2017-07-24</sponsorshipDate>
        <bioguideId>P000607</bioguideId>
        <lastName>Pocan</lastName>
        <party>D</party>
        <district>2</district>
        <firstName>Mark</firstName>
        <state>WI</state>
        <identifiers>
          <gpoId />
          <lisID>2171</lisID>
          <bioguideId>P000607</bioguideId>
        </identifiers>
        <sponsorshipWithdrawnDate />
      </item>
      <item>
        <isOriginalCosponsor>False</isOriginalCosponsor>
        <fullName>Rep. Mast, Brian J. [R-FL-18]</fullName>
        <middleName>J.</middleName>
        <sponsorshipDate>2017-09-08</sponsorshipDate>
        <bioguideId>M001199</bioguideId>
        <lastName>Mast</lastName>
        <party>R</party>
        <district>18</district>
        <firstName>Brian</firstName>
        <state>FL</state>
        <identifiers>
          <lisID>2322</lisID>
          <gpoId />
          <bioguideId>M001199</bioguideId>
        </identifiers>
        <sponsorshipWithdrawnDate />
      </item>
      <item>
        <isOriginalCosponsor>False</isOriginalCosponsor>
        <fullName>Rep. Kennedy, Joseph P., III [D-MA-4]</fullName>
        <middleName>P.</middleName>
        <sponsorshipDate>2017-10-12</sponsorshipDate>
        <bioguideId>K000379</bioguideId>
        <lastName>Kennedy</lastName>
        <party>D</party>
        <district>4</district>
        <firstName>Joseph</firstName>
        <state>MA</state>
        <identifiers>
          <bioguideId>K000379</bioguideId>
          <gpoId />
          <lisID>2172</lisID>
        </identifiers>
        <sponsorshipWithdrawnDate />
      </item>
      <item>
        <isOriginalCosponsor>False</isOriginalCosponsor>
        <fullName>Rep. Ruppersberger, C. A. Dutch [D-MD-2]</fullName>
        <middleName>Dutch</middleName>
        <sponsorshipDate>2017-10-12</sponsorshipDate>
        <bioguideId>R000576</bioguideId>
        <lastName>Ruppersberger</lastName>
        <party>D</party>
        <district>2</district>
        <firstName>C. A.</firstName>
        <state>MD</state>
        <identifiers>
          <gpoId>7977</gpoId>
          <bioguideId>R000576</bioguideId>
          <lisID>1728</lisID>
        </identifiers>
        <sponsorshipWithdrawnDate />
      </item>
      <item>
        <isOriginalCosponsor>False</isOriginalCosponsor>
        <fullName>Rep. Sensenbrenner, F. James, Jr. [R-WI-5]</fullName>
        <middleName>JAMES</middleName>
        <sponsorshipDate>2017-10-12</sponsorshipDate>
        <bioguideId>S000244</bioguideId>
        <lastName>SENSENBRENNER</lastName>
        <party>R</party>
        <district>5</district>
        <firstName>F.</firstName>
        <state>WI</state>
        <identifiers>
          <bioguideId>S000244</bioguideId>
          <lisID>1041</lisID>
          <gpoId>8218</gpoId>
        </identifiers>
        <sponsorshipWithdrawnDate />
      </item>
      <item>
        <isOriginalCosponsor>False</isOriginalCosponsor>
        <fullName>Rep. Schneider, Bradley Scott [D-IL-10]</fullName>
        <middleName>Scott</middleName>
        <sponsorshipDate>2017-11-16</sponsorshipDate>
        <bioguideId>S001190</bioguideId>
        <lastName>Schneider</lastName>
        <party>D</party>
        <district>10</district>
        <firstName>Bradley</firstName>
        <state>IL</state>
        <identifiers>
          <gpoId />
          <lisID>2124</lisID>
          <bioguideId>S001190</bioguideId>
        </identifiers>
        <sponsorshipWithdrawnDate />
      </item>
      <item>
        <isOriginalCosponsor>False</isOriginalCosponsor>
        <fullName>Rep. Delaney, John K. [D-MD-6]</fullName>
        <middleName>K.</middleName>
        <sponsorshipDate>2017-12-20</sponsorshipDate>
        <bioguideId>D000620</bioguideId>
        <lastName>Delaney</lastName>
        <party>D</party>
        <district>6</district>
        <firstName>John</firstName>
        <state>MD</state>
        <identifiers>
          <bioguideId>D000620</bioguideId>
          <lisID>2133</lisID>
          <gpoId />
        </identifiers>
        <sponsorshipWithdrawnDate />
      </item>
    </cosponsors>
    <billType>HRES</billType>
    <recordedVotes />
    <laws />
    <committeeReports />
    <actions>
      <actionByCounts>
        <houseOfRepresentatives>5</houseOfRepresentatives>
      </actionByCounts>
      <actionTypeCounts>
        <introducedInTheHouse>1</introducedInTheHouse>
        <generalDebate>1</generalDebate>
        <billReferrals>1</billReferrals>
        <placeholderTextForH>1</placeholderTextForH>
        <introducedInHouse>1</introducedInHouse>
      </actionTypeCounts>
      <item>
        <actionDate>2017-11-01</actionDate>
        <text>ASSUMING FIRST SPONSORSHIP - Mr. Costello (PA) asked unanimous consent that he may hereafter be considered as the first sponsor of H.Res. 428, a bill originally introduced by Representative Murphy (PA), for the purpose of adding cosponsors and requesting reprintings pursuant to clause 7 of rule XII. Agreed to without objection.</text>
        <sourceSystem>
          <name>House floor actions</name>
          <code>2</code>
        </sourceSystem>
        <committee />
        <links>
          <link>
            <name>H.Res. 428</name>
            <url>https://www.congress.gov/bill/115th-congress/house-resolution/428</url>
          </link>
        </links>
        <actionCode>H8D000</actionCode>
        <type>Floor</type>
        <actionTime>18:26:01</actionTime>
      </item>
      <item>
        <actionDate>2017-06-30</actionDate>
        <committee>
          <systemCode>hsif14</systemCode>
          <name>Health Subcommittee</name>
        </committee>
        <links />
        <sourceSystem>
          <name>House committee actions</name>
          <code>1</code>
        </sourceSystem>
        <text>Referred to the Subcommittee on Health.</text>
        <type>Committee</type>
      </item>
      <item>
        <actionDate>2017-06-29</actionDate>
        <text>Referred to the House Committee on Energy and Commerce.</text>
        <sourceSystem>
          <name>House floor actions</name>
          <code>2</code>
        </sourceSystem>
        <committee>
          <systemCode>hsif00</systemCode>
          <name>Energy and Commerce Committee</name>
        </committee>
        <links />
        <actionCode>H11100</actionCode>
        <type>IntroReferral</type>
      </item>
      <item>
        <actionDate>2017-06-29</actionDate>
        <text>Introduced in House</text>
        <sourceSystem>
          <name>Library of Congress</name>
          <code>9</code>
        </sourceSystem>
        <committee />
        <links />
        <actionCode>Intro-H</actionCode>
        <type>IntroReferral</type>
      </item>
      <item>
        <actionDate>2017-06-29</actionDate>
        <text>Introduced in House</text>
        <sourceSystem>
          <name>Library of Congress</name>
          <code>9</code>
        </sourceSystem>
        <committee />
        <links />
        <actionCode>1000</actionCode>
        <type>IntroReferral</type>
      </item>
    </actions>
    <createDate>2017-06-30T03:11:33Z</createDate>
    <version>1.0.0</version>
    <notes />
    <latestAction>
      <actionDate>2017-11-01</actionDate>
      <text>ASSUMING FIRST SPONSORSHIP - Mr. Costello (PA) asked unanimous consent that he may hereafter be considered as the first sponsor of H.Res. 428, a bill originally introduced by Representative Murphy (PA), for the purpose of adding cosponsors and requesting reprintings pursuant to clause 7 of rule XII. Agreed to without objection.</text>
      <actionTime>18:26:01</actionTime>
      <links />
    </latestAction>
    <title>Expressing support for the designation of "National Eating Disorders Awareness Week" and supporting the goals and ideals to raise awareness and understanding of eating disorders.</title>
    <summaries>
      <billSummaries>
        <item>
          <versionCode>00</versionCode>
          <updateDate>2017-06-29T04:00:00Z</updateDate>
          <actionDate>2017-06-29</actionDate>
          <text><![CDATA[<p> Recognizes National Eating Disorders Awareness Week.</p> <p>Recognizes the rate at which individuals are affected by eating disorders and the inadequate rate at which such individuals seek treatment.</p> <p>Acknowledges that eating disorders can be successfully treated and that individuals with eating disorders can and do recover.</p>]]></text>
          <actionDesc>Introduced in House</actionDesc>
          <lastSummaryUpdateDate>2017-09-22T21:45:38Z</lastSummaryUpdateDate>
          <name>Introduced in House</name>
        </item>
      </billSummaries>
    </summaries>
    <congress>115</congress>
    <policyArea>
      <name>Health</name>
    </policyArea>
    <billNumber>428</billNumber>
    <calendarNumbers />
    <cboCostEstimates />
    <introducedDate>2017-06-29</introducedDate>
    <relatedBills />
    <committees>
      <billCommittees>
        <item>
          <name>Energy and Commerce Committee</name>
          <chamber>House</chamber>
          <type>Standing</type>
          <subcommittees>
            <item>
              <name>Health Subcommittee</name>
              <systemCode>hsif14</systemCode>
              <activities>
                <item>
                  <name>Referred to</name>
                  <date>2017-06-30T13:59:02Z</date>
                </item>
              </activities>
            </item>
          </subcommittees>
          <systemCode>hsif00</systemCode>
          <activities>
            <item>
              <name>Referred to</name>
              <date>2017-06-29T14:07:35Z</date>
            </item>
          </activities>
        </item>
      </billCommittees>
    </committees>
    <titles>
      <item>
        <titleType>Official Title as Introduced</titleType>
        <parentTitleType />
        <chamberName />
        <title>Expressing support for the designation of "National Eating Disorders Awareness Week" and supporting the goals and ideals to raise awareness and understanding of eating disorders.</title>
        <chamberCode />
      </item>
      <item>
        <titleType>Display Title</titleType>
        <parentTitleType />
        <chamberName />
        <title>Expressing support for the designation of "National Eating Disorders Awareness Week" and supporting the goals and ideals to raise awareness and understanding of eating disorders.</title>
        <chamberCode />
      </item>
    </titles>
    <sponsors>
      <item>
        <fullName>Rep. Murphy, Tim [R-PA-18]</fullName>
        <middleName />
        <district>18</district>
        <byRequestType />
        <firstName>Tim</firstName>
        <bioguideId>M001151</bioguideId>
        <state>PA</state>
        <party>R</party>
        <lastName>Murphy</lastName>
        <identifiers>
          <lisID>1744</lisID>
          <gpoId>8723</gpoId>
          <bioguideId>M001151</bioguideId>
        </identifiers>
      </item>
    </sponsors>
    <updateDate>2018-02-06T16:39:52Z</updateDate>
    <amendments />
  </bill>
  <dublinCore xmlns:dc="http://purl.org/dc/elements/1.1/">
    <dc:format>text/xml</dc:format>
    <dc:language>EN</dc:language>
    <dc:rights>Pursuant to Title 17 Section 105 of the United States Code, this file is not subject to copyright protection and is in the public domain.</dc:rights>
    <dc:contributor>Congressional Research Service, Library of Congress</dc:contributor>
    <dc:description>This file contains bill summaries and statuses for federal legislation. A bill summary describes the most significant provisions of a piece of legislation and details the effects the legislative text may have on current law and federal programs. Bill summaries are authored by the Congressional Research Service (CRS) of the Library of Congress. As stated in Public Law 91-510 (2 USC 166 (d)(6)), one of the duties of CRS is "to prepare summaries and digests of bills and resolutions of a public general nature introduced in the Senate or House of Representatives". For more information, refer to the User Guide that accompanies this file.</dc:description>
  </dublinCore>
</billStatus>

