<?xml version="1.0" encoding="UTF-8"?>
<billStatus>
  <bill>
    <sponsors>
      <item>
        <fullName>Rep. Johnson, Eddie Bernice [D-TX-30]</fullName>
        <lastName>JOHNSON</lastName>
        <bioguideId>J000126</bioguideId>
        <party>D</party>
        <middleName>BERNICE</middleName>
        <state>TX</state>
        <firstName>EDDIE</firstName>
        <district>30</district>
        <byRequestType />
        <identifiers>
          <gpoId>8186</gpoId>
          <bioguideId>J000126</bioguideId>
          <lisID>599</lisID>
        </identifiers>
      </item>
    </sponsors>
    <laws />
    <version>1.0.0</version>
    <introducedDate>2017-05-04</introducedDate>
    <cboCostEstimates />
    <titles>
      <item>
        <titleType>Official Title as Introduced</titleType>
        <title>Expressing support for the designation of the week of May 6 through May 12, 2017, as National Nurses Week.</title>
        <chamberCode />
        <parentTitleType />
        <chamberName />
      </item>
      <item>
        <titleType>Display Title</titleType>
        <title>Expressing support for the designation of the week of May 6 through May 12, 2017, as National Nurses Week.</title>
        <chamberCode />
        <parentTitleType />
        <chamberName />
      </item>
    </titles>
    <amendments />
    <recordedVotes />
    <relatedBills>
      <item>
        <type>SRES</type>
        <latestAction>
          <text>Submitted in the Senate, considered, and agreed to without amendment and with a preamble by Unanimous Consent. (consideration: CR S2968-2969; text as passed Senate: CR S2968-2969)</text>
          <actionDate>2017-05-16</actionDate>
        </latestAction>
        <latestTitle>A resolution supporting the goals and ideals of National Nurses Week, to be observed from May 6 through May 12, 2017.</latestTitle>
        <relationshipDetails>
          <item>
            <type>Related bill</type>
            <identifiedBy>CRS</identifiedBy>
          </item>
        </relationshipDetails>
        <congress>115</congress>
        <number>166</number>
      </item>
    </relatedBills>
    <constitutionalAuthorityStatementText />
    <billType>HRES</billType>
    <actions>
      <actionByCounts>
        <houseOfRepresentatives>4</houseOfRepresentatives>
      </actionByCounts>
      <item>
        <actionDate>2017-05-05</actionDate>
        <committee>
          <name>Health Subcommittee</name>
          <systemCode>hsif14</systemCode>
        </committee>
        <links />
        <sourceSystem>
          <name>House committee actions</name>
          <code>1</code>
        </sourceSystem>
        <text>Referred to the Subcommittee on Health.</text>
        <type>Committee</type>
      </item>
      <item>
        <text>Referred to the House Committee on Energy and Commerce.</text>
        <type>IntroReferral</type>
        <sourceSystem>
          <name>House floor actions</name>
          <code>2</code>
        </sourceSystem>
        <committee>
          <name>Energy and Commerce Committee</name>
          <systemCode>hsif00</systemCode>
        </committee>
        <actionCode>H11100</actionCode>
        <actionDate>2017-05-04</actionDate>
        <links />
      </item>
      <item>
        <text>Introduced in House</text>
        <type>IntroReferral</type>
        <sourceSystem>
          <name>Library of Congress</name>
          <code>9</code>
        </sourceSystem>
        <committee />
        <actionCode>Intro-H</actionCode>
        <actionDate>2017-05-04</actionDate>
        <links />
      </item>
      <item>
        <text>Introduced in House</text>
        <type>IntroReferral</type>
        <sourceSystem>
          <name>Library of Congress</name>
          <code>9</code>
        </sourceSystem>
        <committee />
        <actionCode>1000</actionCode>
        <actionDate>2017-05-04</actionDate>
        <links />
      </item>
      <actionTypeCounts>
        <introducedInHouse>1</introducedInHouse>
        <billReferrals>1</billReferrals>
        <placeholderTextForH>1</placeholderTextForH>
        <introducedInTheHouse>1</introducedInTheHouse>
      </actionTypeCounts>
    </actions>
    <notes />
    <originChamber>House</originChamber>
    <congress>115</congress>
    <subjects>
      <billSubjects>
        <policyArea>
          <name>Health</name>
        </policyArea>
        <legislativeSubjects>
          <item>
            <name>Commemorative events and holidays</name>
          </item>
          <item>
            <name>Congressional tributes</name>
          </item>
          <item>
            <name>Health personnel</name>
          </item>
          <item>
            <name>Nursing</name>
          </item>
        </legislativeSubjects>
      </billSubjects>
    </subjects>
    <billNumber>315</billNumber>
    <cosponsors>
      <item>
        <sponsorshipWithdrawnDate />
        <state>WV</state>
        <bioguideId>M001180</bioguideId>
        <fullName>Rep. McKinley, David B. [R-WV-1]</fullName>
        <district>1</district>
        <firstName>David</firstName>
        <middleName>B.</middleName>
        <isOriginalCosponsor>True</isOriginalCosponsor>
        <sponsorshipDate>2017-05-04</sponsorshipDate>
        <identifiers>
          <lisID>2074</lisID>
          <bioguideId>M001180</bioguideId>
          <gpoId>8222</gpoId>
        </identifiers>
        <lastName>McKinley</lastName>
        <party>R</party>
      </item>
      <item>
        <sponsorshipWithdrawnDate />
        <state>OH</state>
        <bioguideId>J000295</bioguideId>
        <fullName>Rep. Joyce, David P. [R-OH-14]</fullName>
        <district>14</district>
        <firstName>David</firstName>
        <middleName>P.</middleName>
        <isOriginalCosponsor>True</isOriginalCosponsor>
        <sponsorshipDate>2017-05-04</sponsorshipDate>
        <identifiers>
          <bioguideId>J000295</bioguideId>
          <lisID>2154</lisID>
          <gpoId />
        </identifiers>
        <lastName>Joyce</lastName>
        <party>R</party>
      </item>
      <item>
        <sponsorshipWithdrawnDate />
        <state>OR</state>
        <bioguideId>B001278</bioguideId>
        <fullName>Rep. Bonamici, Suzanne [D-OR-1]</fullName>
        <district>1</district>
        <firstName>Suzanne</firstName>
        <middleName />
        <isOriginalCosponsor>True</isOriginalCosponsor>
        <sponsorshipDate>2017-05-04</sponsorshipDate>
        <identifiers>
          <gpoId>8367</gpoId>
          <lisID>2092</lisID>
          <bioguideId>B001278</bioguideId>
        </identifiers>
        <lastName>Bonamici</lastName>
        <party>D</party>
      </item>
      <item>
        <sponsorshipWithdrawnDate />
        <state>MO</state>
        <bioguideId>C001049</bioguideId>
        <fullName>Rep. Clay, Wm. Lacy [D-MO-1]</fullName>
        <district>1</district>
        <firstName>WM.</firstName>
        <middleName>LACY</middleName>
        <isOriginalCosponsor>True</isOriginalCosponsor>
        <sponsorshipDate>2017-05-04</sponsorshipDate>
        <identifiers>
          <bioguideId>C001049</bioguideId>
          <lisID>1654</lisID>
          <gpoId>8009</gpoId>
        </identifiers>
        <lastName>CLAY</lastName>
        <party>D</party>
      </item>
      <item>
        <sponsorshipWithdrawnDate />
        <state>VA</state>
        <bioguideId>C001105</bioguideId>
        <fullName>Rep. Comstock, Barbara [R-VA-10]</fullName>
        <district>10</district>
        <firstName>Barbara</firstName>
        <middleName />
        <isOriginalCosponsor>True</isOriginalCosponsor>
        <sponsorshipDate>2017-05-04</sponsorshipDate>
        <identifiers>
          <bioguideId>C001105</bioguideId>
          <lisID>2273</lisID>
          <gpoId />
        </identifiers>
        <lastName>Comstock</lastName>
        <party>R</party>
      </item>
      <item>
        <sponsorshipWithdrawnDate />
        <state>AL</state>
        <bioguideId>S001185</bioguideId>
        <fullName>Rep. Sewell, Terri A. [D-AL-7]</fullName>
        <district>7</district>
        <firstName>Terri</firstName>
        <middleName>A.</middleName>
        <isOriginalCosponsor>True</isOriginalCosponsor>
        <sponsorshipDate>2017-05-04</sponsorshipDate>
        <identifiers>
          <lisID>1988</lisID>
          <bioguideId>S001185</bioguideId>
          <gpoId>7792</gpoId>
        </identifiers>
        <lastName>Sewell</lastName>
        <party>D</party>
      </item>
      <item>
        <sponsorshipWithdrawnDate />
        <state>IL</state>
        <bioguideId>S001145</bioguideId>
        <fullName>Rep. Schakowsky, Janice D. [D-IL-9]</fullName>
        <district>9</district>
        <firstName>JANICE</firstName>
        <middleName>D.</middleName>
        <isOriginalCosponsor>True</isOriginalCosponsor>
        <sponsorshipDate>2017-05-04</sponsorshipDate>
        <identifiers>
          <gpoId>7929</gpoId>
          <lisID>1588</lisID>
          <bioguideId>S001145</bioguideId>
        </identifiers>
        <lastName>SCHAKOWSKY</lastName>
        <party>D</party>
      </item>
      <item>
        <sponsorshipWithdrawnDate />
        <state>HI</state>
        <bioguideId>G000571</bioguideId>
        <fullName>Rep. Gabbard, Tulsi [D-HI-2]</fullName>
        <district>2</district>
        <firstName>Tulsi</firstName>
        <middleName />
        <isOriginalCosponsor>True</isOriginalCosponsor>
        <sponsorshipDate>2017-05-04</sponsorshipDate>
        <identifiers>
          <lisID>2122</lisID>
          <bioguideId>G000571</bioguideId>
          <gpoId />
        </identifiers>
        <lastName>Gabbard</lastName>
        <party>D</party>
      </item>
      <item>
        <sponsorshipWithdrawnDate />
        <state>IL</state>
        <bioguideId>D000619</bioguideId>
        <fullName>Rep. Davis, Rodney [R-IL-13]</fullName>
        <district>13</district>
        <firstName>Rodney</firstName>
        <middleName />
        <isOriginalCosponsor>True</isOriginalCosponsor>
        <sponsorshipDate>2017-05-04</sponsorshipDate>
        <identifiers>
          <lisID>2126</lisID>
          <bioguideId>D000619</bioguideId>
          <gpoId />
        </identifiers>
        <lastName>Davis</lastName>
        <party>R</party>
      </item>
      <item>
        <sponsorshipWithdrawnDate />
        <state>CA</state>
        <bioguideId>L000397</bioguideId>
        <fullName>Rep. Lofgren, Zoe [D-CA-19]</fullName>
        <district>19</district>
        <firstName>ZOE</firstName>
        <middleName />
        <isOriginalCosponsor>True</isOriginalCosponsor>
        <sponsorshipDate>2017-05-04</sponsorshipDate>
        <identifiers>
          <lisID>701</lisID>
          <bioguideId>L000397</bioguideId>
          <gpoId>7821</gpoId>
        </identifiers>
        <lastName>LOFGREN</lastName>
        <party>D</party>
      </item>
    </cosponsors>
    <summaries>
      <billSummaries>
        <item>
          <versionCode>00</versionCode>
          <updateDate>2017-05-04T04:00:00Z</updateDate>
          <actionDate>2017-05-04</actionDate>
          <text><![CDATA[<p> Expresses support for the goals and ideals, and the designation, of National Nurses Week. Recognizes the contributions of nurses to the U.S. health care system.</p>]]></text>
          <actionDesc>Introduced in House</actionDesc>
          <lastSummaryUpdateDate>2017-05-16T22:04:48Z</lastSummaryUpdateDate>
          <name>Introduced in House</name>
        </item>
      </billSummaries>
    </summaries>
    <policyArea>
      <name>Health</name>
    </policyArea>
    <latestAction>
      <links />
      <actionDate>2017-05-05</actionDate>
      <text>Referred to the Subcommittee on Health.</text>
    </latestAction>
    <updateDate>2018-02-06T16:39:46Z</updateDate>
    <committees>
      <billCommittees>
        <item>
          <type>Standing</type>
          <systemCode>hsif00</systemCode>
          <subcommittees>
            <item>
              <activities>
                <item>
                  <date>2017-05-05T15:25:48Z</date>
                  <name>Referred to</name>
                </item>
              </activities>
              <systemCode>hsif14</systemCode>
              <name>Health Subcommittee</name>
            </item>
          </subcommittees>
          <activities>
            <item>
              <date>2017-05-04T13:05:20Z</date>
              <name>Referred to</name>
            </item>
          </activities>
          <chamber>House</chamber>
          <name>Energy and Commerce Committee</name>
        </item>
      </billCommittees>
    </committees>
    <createDate>2017-05-05T03:11:44Z</createDate>
    <title>Expressing support for the designation of the week of May 6 through May 12, 2017, as National Nurses Week.</title>
    <committeeReports />
    <calendarNumbers />
  </bill>
  <dublinCore xmlns:dc="http://purl.org/dc/elements/1.1/">
    <dc:format>text/xml</dc:format>
    <dc:language>EN</dc:language>
    <dc:rights>Pursuant to Title 17 Section 105 of the United States Code, this file is not subject to copyright protection and is in the public domain.</dc:rights>
    <dc:contributor>Congressional Research Service, Library of Congress</dc:contributor>
    <dc:description>This file contains bill summaries and statuses for federal legislation. A bill summary describes the most significant provisions of a piece of legislation and details the effects the legislative text may have on current law and federal programs. Bill summaries are authored by the Congressional Research Service (CRS) of the Library of Congress. As stated in Public Law 91-510 (2 USC 166 (d)(6)), one of the duties of CRS is "to prepare summaries and digests of bills and resolutions of a public general nature introduced in the Senate or House of Representatives". For more information, refer to the User Guide that accompanies this file.</dc:description>
  </dublinCore>
</billStatus>

