<?xml version="1.0" encoding="UTF-8"?>
<billStatus>
  <bill>
    <policyArea>
      <name>Labor and Employment</name>
    </policyArea>
    <committeeReports />
    <congress>115</congress>
    <sponsors>
      <item>
        <identifiers>
          <gpoId>8117</gpoId>
          <lisID>279</lisID>
          <bioguideId>D000191</bioguideId>
        </identifiers>
        <district>4</district>
        <middleName>A.</middleName>
        <byRequestType />
        <fullName>Rep. DeFazio, Peter A. [D-OR-4]</fullName>
        <bioguideId>D000191</bioguideId>
        <state>OR</state>
        <party>D</party>
        <firstName>PETER</firstName>
        <lastName>DEFAZIO</lastName>
      </item>
    </sponsors>
    <calendarNumbers />
    <amendments />
    <relatedBills>
      <item>
        <relationshipDetails>
          <item>
            <identifiedBy>CRS</identifiedBy>
            <type>Related bill</type>
          </item>
        </relationshipDetails>
        <latestAction>
          <actionDate>2017-05-16</actionDate>
          <text>Submitted in the Senate, considered, and agreed to without amendment and with a preamble by Unanimous Consent. (consideration: CR S2968; text as passed Senate: CR S2968)</text>
        </latestAction>
        <type>SRES</type>
        <number>164</number>
        <latestTitle>A resolution recognizing the contributions of senior volunteers and designating the week of May 15 through 19, 2017, as "National Senior Corps Week".</latestTitle>
        <congress>115</congress>
      </item>
    </relatedBills>
    <notes />
    <originChamber>House</originChamber>
    <version>1.0.0</version>
    <billNumber>344</billNumber>
    <title>Recognizing the contributions of senior volunteers.</title>
    <cosponsors>
      <item>
        <sponsorshipWithdrawnDate />
        <state>WI</state>
        <bioguideId>M001160</bioguideId>
        <fullName>Rep. Moore, Gwen [D-WI-4]</fullName>
        <district>4</district>
        <firstName>Gwen</firstName>
        <middleName />
        <isOriginalCosponsor>True</isOriginalCosponsor>
        <sponsorshipDate>2017-05-19</sponsorshipDate>
        <identifiers>
          <gpoId>8217</gpoId>
          <lisID>1811</lisID>
          <bioguideId>M001160</bioguideId>
        </identifiers>
        <lastName>Moore</lastName>
        <party>D</party>
      </item>
      <item>
        <sponsorshipWithdrawnDate />
        <state>MA</state>
        <bioguideId>M001196</bioguideId>
        <fullName>Rep. Moulton, Seth [D-MA-6]</fullName>
        <district>6</district>
        <firstName>Seth</firstName>
        <middleName />
        <isOriginalCosponsor>True</isOriginalCosponsor>
        <sponsorshipDate>2017-05-19</sponsorshipDate>
        <identifiers>
          <bioguideId>M001196</bioguideId>
          <lisID>2246</lisID>
          <gpoId />
        </identifiers>
        <lastName>Moulton</lastName>
        <party>D</party>
      </item>
      <item>
        <sponsorshipWithdrawnDate />
        <state>CA</state>
        <bioguideId>L000551</bioguideId>
        <fullName>Rep. Lee, Barbara [D-CA-13]</fullName>
        <district>13</district>
        <firstName>BARBARA</firstName>
        <middleName />
        <isOriginalCosponsor>True</isOriginalCosponsor>
        <sponsorshipDate>2017-05-19</sponsorshipDate>
        <identifiers>
          <gpoId>7814</gpoId>
          <bioguideId>L000551</bioguideId>
          <lisID>1501</lisID>
        </identifiers>
        <lastName>LEE</lastName>
        <party>D</party>
      </item>
      <item>
        <sponsorshipWithdrawnDate />
        <state>MO</state>
        <bioguideId>C001061</bioguideId>
        <fullName>Rep. Cleaver, Emanuel [D-MO-5]</fullName>
        <district>5</district>
        <firstName>Emanuel</firstName>
        <middleName />
        <isOriginalCosponsor>True</isOriginalCosponsor>
        <sponsorshipDate>2017-05-19</sponsorshipDate>
        <identifiers>
          <bioguideId>C001061</bioguideId>
          <gpoId>8013</gpoId>
          <lisID>1790</lisID>
        </identifiers>
        <lastName>Cleaver</lastName>
        <party>D</party>
      </item>
      <item>
        <sponsorshipWithdrawnDate />
        <state>AZ</state>
        <bioguideId>G000551</bioguideId>
        <fullName>Rep. Grijalva, Raul M. [D-AZ-3]</fullName>
        <district>3</district>
        <firstName>Raul</firstName>
        <middleName>M.</middleName>
        <isOriginalCosponsor>True</isOriginalCosponsor>
        <sponsorshipDate>2017-05-19</sponsorshipDate>
        <identifiers>
          <bioguideId>G000551</bioguideId>
          <lisID>1708</lisID>
          <gpoId>7804</gpoId>
        </identifiers>
        <lastName>Grijalva</lastName>
        <party>D</party>
      </item>
      <item>
        <sponsorshipWithdrawnDate />
        <state>PA</state>
        <bioguideId>B001296</bioguideId>
        <fullName>Rep. Boyle, Brendan F. [D-PA-13]</fullName>
        <district>13</district>
        <firstName>Brendan</firstName>
        <middleName>F.</middleName>
        <isOriginalCosponsor>True</isOriginalCosponsor>
        <sponsorshipDate>2017-05-19</sponsorshipDate>
        <identifiers>
          <gpoId />
          <lisID>2267</lisID>
          <bioguideId>B001296</bioguideId>
        </identifiers>
        <lastName>Boyle</lastName>
        <party>D</party>
      </item>
      <item>
        <sponsorshipWithdrawnDate />
        <state>AL</state>
        <bioguideId>S001185</bioguideId>
        <fullName>Rep. Sewell, Terri A. [D-AL-7]</fullName>
        <district>7</district>
        <firstName>Terri</firstName>
        <middleName>A.</middleName>
        <isOriginalCosponsor>True</isOriginalCosponsor>
        <sponsorshipDate>2017-05-19</sponsorshipDate>
        <identifiers>
          <lisID>1988</lisID>
          <bioguideId>S001185</bioguideId>
          <gpoId>7792</gpoId>
        </identifiers>
        <lastName>Sewell</lastName>
        <party>D</party>
      </item>
      <item>
        <sponsorshipWithdrawnDate />
        <state>IL</state>
        <bioguideId>D000096</bioguideId>
        <fullName>Rep. Davis, Danny K. [D-IL-7]</fullName>
        <district>7</district>
        <firstName>DANNY</firstName>
        <middleName>K.</middleName>
        <isOriginalCosponsor>True</isOriginalCosponsor>
        <sponsorshipDate>2017-05-19</sponsorshipDate>
        <identifiers>
          <lisID>1477</lisID>
          <bioguideId>D000096</bioguideId>
          <gpoId>7927</gpoId>
        </identifiers>
        <lastName>DAVIS</lastName>
        <party>D</party>
      </item>
      <item>
        <sponsorshipWithdrawnDate />
        <state>KY</state>
        <bioguideId>Y000062</bioguideId>
        <fullName>Rep. Yarmuth, John A. [D-KY-3]</fullName>
        <district>3</district>
        <firstName>John</firstName>
        <middleName>A.</middleName>
        <isOriginalCosponsor>True</isOriginalCosponsor>
        <sponsorshipDate>2017-05-19</sponsorshipDate>
        <identifiers>
          <lisID>1853</lisID>
          <bioguideId>Y000062</bioguideId>
          <gpoId>7955</gpoId>
        </identifiers>
        <lastName>Yarmuth</lastName>
        <party>D</party>
      </item>
      <item>
        <sponsorshipWithdrawnDate />
        <state>NM</state>
        <bioguideId>L000580</bioguideId>
        <fullName>Rep. Lujan Grisham, Michelle [D-NM-1]</fullName>
        <district>1</district>
        <firstName>Michelle</firstName>
        <middleName />
        <isOriginalCosponsor>True</isOriginalCosponsor>
        <sponsorshipDate>2017-05-19</sponsorshipDate>
        <identifiers>
          <lisID>2146</lisID>
          <bioguideId>L000580</bioguideId>
          <gpoId />
        </identifiers>
        <lastName>Lujan Grisham</lastName>
        <party>D</party>
      </item>
      <item>
        <sponsorshipWithdrawnDate />
        <state>MI</state>
        <bioguideId>C000714</bioguideId>
        <fullName>Rep. Conyers, John, Jr. [D-MI-13]</fullName>
        <district>13</district>
        <firstName>JOHN</firstName>
        <middleName />
        <isOriginalCosponsor>True</isOriginalCosponsor>
        <sponsorshipDate>2017-05-19</sponsorshipDate>
        <identifiers>
          <lisID>229</lisID>
          <gpoId>7999</gpoId>
          <bioguideId>C000714</bioguideId>
        </identifiers>
        <lastName>CONYERS</lastName>
        <party>D</party>
      </item>
      <item>
        <sponsorshipWithdrawnDate />
        <state>OH</state>
        <bioguideId>R000577</bioguideId>
        <fullName>Rep. Ryan, Tim [D-OH-13]</fullName>
        <district>13</district>
        <firstName>TIM</firstName>
        <middleName />
        <isOriginalCosponsor>True</isOriginalCosponsor>
        <sponsorshipDate>2017-05-19</sponsorshipDate>
        <identifiers>
          <lisID>1756</lisID>
          <bioguideId>R000577</bioguideId>
          <gpoId>8107</gpoId>
        </identifiers>
        <lastName>RYAN</lastName>
        <party>D</party>
      </item>
      <item>
        <sponsorshipWithdrawnDate />
        <state>WI</state>
        <bioguideId>K000188</bioguideId>
        <fullName>Rep. Kind, Ron [D-WI-3]</fullName>
        <district>3</district>
        <firstName>RON</firstName>
        <middleName />
        <isOriginalCosponsor>True</isOriginalCosponsor>
        <sponsorshipDate>2017-05-19</sponsorshipDate>
        <identifiers>
          <gpoId>8216</gpoId>
          <lisID>1498</lisID>
          <bioguideId>K000188</bioguideId>
        </identifiers>
        <lastName>KIND</lastName>
        <party>D</party>
      </item>
      <item>
        <sponsorshipWithdrawnDate />
        <state>FL</state>
        <bioguideId>D000610</bioguideId>
        <fullName>Rep. Deutch, Theodore E. [D-FL-22]</fullName>
        <district>22</district>
        <firstName>Theodore</firstName>
        <middleName>E.</middleName>
        <isOriginalCosponsor>True</isOriginalCosponsor>
        <sponsorshipDate>2017-05-19</sponsorshipDate>
        <identifiers>
          <lisID>1976</lisID>
          <bioguideId>D000610</bioguideId>
          <gpoId>7891</gpoId>
        </identifiers>
        <lastName>Deutch</lastName>
        <party>D</party>
      </item>
      <item>
        <sponsorshipWithdrawnDate />
        <state>NY</state>
        <bioguideId>C001067</bioguideId>
        <fullName>Rep. Clarke, Yvette D. [D-NY-9]</fullName>
        <district>9</district>
        <firstName>Yvette</firstName>
        <middleName>D.</middleName>
        <isOriginalCosponsor>True</isOriginalCosponsor>
        <sponsorshipDate>2017-05-19</sponsorshipDate>
        <identifiers>
          <lisID>1864</lisID>
          <gpoId>8072</gpoId>
          <bioguideId>C001067</bioguideId>
        </identifiers>
        <lastName>Clarke</lastName>
        <party>D</party>
      </item>
      <item>
        <sponsorshipWithdrawnDate />
        <state>IL</state>
        <bioguideId>S001145</bioguideId>
        <fullName>Rep. Schakowsky, Janice D. [D-IL-9]</fullName>
        <district>9</district>
        <firstName>JANICE</firstName>
        <middleName>D.</middleName>
        <isOriginalCosponsor>True</isOriginalCosponsor>
        <sponsorshipDate>2017-05-19</sponsorshipDate>
        <identifiers>
          <gpoId>7929</gpoId>
          <bioguideId>S001145</bioguideId>
          <lisID>1588</lisID>
        </identifiers>
        <lastName>SCHAKOWSKY</lastName>
        <party>D</party>
      </item>
      <item>
        <sponsorshipWithdrawnDate />
        <state>WI</state>
        <bioguideId>P000607</bioguideId>
        <fullName>Rep. Pocan, Mark [D-WI-2]</fullName>
        <district>2</district>
        <firstName>Mark</firstName>
        <middleName />
        <isOriginalCosponsor>True</isOriginalCosponsor>
        <sponsorshipDate>2017-05-19</sponsorshipDate>
        <identifiers>
          <gpoId />
          <bioguideId>P000607</bioguideId>
          <lisID>2171</lisID>
        </identifiers>
        <lastName>Pocan</lastName>
        <party>D</party>
      </item>
      <item>
        <sponsorshipWithdrawnDate />
        <state>MN</state>
        <bioguideId>N000127</bioguideId>
        <fullName>Rep. Nolan, Richard M. [D-MN-8]</fullName>
        <district>8</district>
        <firstName>RICHARD</firstName>
        <middleName />
        <isOriginalCosponsor>True</isOriginalCosponsor>
        <sponsorshipDate>2017-05-19</sponsorshipDate>
        <identifiers>
          <bioguideId>N000127</bioguideId>
          <lisID>867</lisID>
          <gpoId />
        </identifiers>
        <lastName>NOLAN</lastName>
        <party>D</party>
      </item>
      <item>
        <sponsorshipWithdrawnDate />
        <state>MI</state>
        <bioguideId>D000624</bioguideId>
        <fullName>Rep. Dingell, Debbie [D-MI-12]</fullName>
        <district>12</district>
        <firstName>Debbie</firstName>
        <middleName />
        <isOriginalCosponsor>True</isOriginalCosponsor>
        <sponsorshipDate>2017-05-19</sponsorshipDate>
        <identifiers>
          <lisID>2251</lisID>
          <bioguideId>D000624</bioguideId>
          <gpoId />
        </identifiers>
        <lastName>Dingell</lastName>
        <party>D</party>
      </item>
      <item>
        <sponsorshipWithdrawnDate />
        <state>NH</state>
        <bioguideId>S001170</bioguideId>
        <fullName>Rep. Shea-Porter, Carol [D-NH-1]</fullName>
        <district>1</district>
        <firstName>Carol</firstName>
        <middleName />
        <isOriginalCosponsor>True</isOriginalCosponsor>
        <sponsorshipDate>2017-05-19</sponsorshipDate>
        <identifiers>
          <gpoId>7528</gpoId>
          <lisID>1861</lisID>
          <bioguideId>S001170</bioguideId>
        </identifiers>
        <lastName>Shea-Porter</lastName>
        <party>D</party>
      </item>
      <item>
        <sponsorshipWithdrawnDate />
        <state>TX</state>
        <bioguideId>C001091</bioguideId>
        <fullName>Rep. Castro, Joaquin [D-TX-20]</fullName>
        <district>20</district>
        <firstName>Joaquin</firstName>
        <middleName />
        <isOriginalCosponsor>True</isOriginalCosponsor>
        <sponsorshipDate>2017-05-19</sponsorshipDate>
        <identifiers>
          <lisID>2163</lisID>
          <gpoId />
          <bioguideId>C001091</bioguideId>
        </identifiers>
        <lastName>Castro</lastName>
        <party>D</party>
      </item>
      <item>
        <sponsorshipWithdrawnDate />
        <state>CA</state>
        <bioguideId>M001163</bioguideId>
        <fullName>Rep. Matsui, Doris O. [D-CA-6]</fullName>
        <district>6</district>
        <firstName>Doris</firstName>
        <middleName>O.</middleName>
        <isOriginalCosponsor>True</isOriginalCosponsor>
        <sponsorshipDate>2017-05-19</sponsorshipDate>
        <identifiers>
          <lisID>1814</lisID>
          <gpoId>7810</gpoId>
          <bioguideId>M001163</bioguideId>
        </identifiers>
        <lastName>Matsui</lastName>
        <party>D</party>
      </item>
      <item>
        <sponsorshipWithdrawnDate />
        <state>NY</state>
        <bioguideId>N000002</bioguideId>
        <fullName>Rep. Nadler, Jerrold [D-NY-10]</fullName>
        <district>10</district>
        <firstName>JERROLD</firstName>
        <middleName />
        <isOriginalCosponsor>True</isOriginalCosponsor>
        <sponsorshipDate>2017-05-19</sponsorshipDate>
        <identifiers>
          <bioguideId>N000002</bioguideId>
          <gpoId>8069</gpoId>
          <lisID>850</lisID>
        </identifiers>
        <lastName>NADLER</lastName>
        <party>D</party>
      </item>
      <item>
        <sponsorshipWithdrawnDate />
        <state>ME</state>
        <bioguideId>P000597</bioguideId>
        <fullName>Rep. Pingree, Chellie [D-ME-1]</fullName>
        <district>1</district>
        <firstName>Chellie</firstName>
        <middleName />
        <isOriginalCosponsor>True</isOriginalCosponsor>
        <sponsorshipDate>2017-05-19</sponsorshipDate>
        <identifiers>
          <lisID>1927</lisID>
          <gpoId>7984</gpoId>
          <bioguideId>P000597</bioguideId>
        </identifiers>
        <lastName>Pingree</lastName>
        <party>D</party>
      </item>
      <item>
        <sponsorshipWithdrawnDate />
        <state>IN</state>
        <bioguideId>C001072</bioguideId>
        <fullName>Rep. Carson, Andre [D-IN-7]</fullName>
        <district>7</district>
        <firstName>Andre</firstName>
        <middleName />
        <isOriginalCosponsor>True</isOriginalCosponsor>
        <sponsorshipDate>2017-05-19</sponsorshipDate>
        <identifiers>
          <lisID>1889</lisID>
          <bioguideId>C001072</bioguideId>
          <gpoId>7946</gpoId>
        </identifiers>
        <lastName>Carson</lastName>
        <party>D</party>
      </item>
      <item>
        <sponsorshipWithdrawnDate />
        <state>MD</state>
        <bioguideId>R000606</bioguideId>
        <fullName>Rep. Raskin, Jamie [D-MD-8]</fullName>
        <district>8</district>
        <firstName>Jamie</firstName>
        <middleName />
        <isOriginalCosponsor>True</isOriginalCosponsor>
        <sponsorshipDate>2017-05-19</sponsorshipDate>
        <identifiers>
          <bioguideId>R000606</bioguideId>
          <gpoId />
          <lisID>2332</lisID>
        </identifiers>
        <lastName>Raskin</lastName>
        <party>D</party>
      </item>
      <item>
        <sponsorshipWithdrawnDate />
        <state>CA</state>
        <bioguideId>R000486</bioguideId>
        <fullName>Rep. Roybal-Allard, Lucille [D-CA-40]</fullName>
        <district>40</district>
        <firstName>LUCILLE</firstName>
        <middleName />
        <isOriginalCosponsor>True</isOriginalCosponsor>
        <sponsorshipDate>2017-05-19</sponsorshipDate>
        <identifiers>
          <lisID>997</lisID>
          <gpoId>7839</gpoId>
          <bioguideId>R000486</bioguideId>
        </identifiers>
        <lastName>ROYBAL-ALLARD</lastName>
        <party>D</party>
      </item>
      <item>
        <sponsorshipWithdrawnDate />
        <state>FL</state>
        <bioguideId>C001111</bioguideId>
        <fullName>Rep. Crist, Charlie [D-FL-13]</fullName>
        <district>13</district>
        <firstName>Charlie</firstName>
        <middleName />
        <isOriginalCosponsor>True</isOriginalCosponsor>
        <sponsorshipDate>2017-05-19</sponsorshipDate>
        <identifiers>
          <lisID>2321</lisID>
          <bioguideId>C001111</bioguideId>
          <gpoId />
        </identifiers>
        <lastName>Crist</lastName>
        <party>D</party>
      </item>
      <item>
        <sponsorshipWithdrawnDate />
        <state>IA</state>
        <bioguideId>L000565</bioguideId>
        <fullName>Rep. Loebsack, David [D-IA-2]</fullName>
        <district>2</district>
        <firstName>David</firstName>
        <middleName />
        <isOriginalCosponsor>True</isOriginalCosponsor>
        <sponsorshipDate>2017-05-19</sponsorshipDate>
        <identifiers>
          <lisID>1846</lisID>
          <bioguideId>L000565</bioguideId>
          <gpoId>7915</gpoId>
        </identifiers>
        <lastName>Loebsack</lastName>
        <party>D</party>
      </item>
      <item>
        <sponsorshipWithdrawnDate />
        <state>MA</state>
        <bioguideId>M000312</bioguideId>
        <fullName>Rep. McGovern, James P. [D-MA-2]</fullName>
        <district>2</district>
        <firstName>JAMES</firstName>
        <middleName>P.</middleName>
        <isOriginalCosponsor>True</isOriginalCosponsor>
        <sponsorshipDate>2017-05-19</sponsorshipDate>
        <identifiers>
          <lisID>1504</lisID>
          <bioguideId>M000312</bioguideId>
          <gpoId>7968</gpoId>
        </identifiers>
        <lastName>MCGOVERN</lastName>
        <party>D</party>
      </item>
      <item>
        <sponsorshipWithdrawnDate />
        <state>OR</state>
        <bioguideId>B001278</bioguideId>
        <fullName>Rep. Bonamici, Suzanne [D-OR-1]</fullName>
        <district>1</district>
        <firstName>Suzanne</firstName>
        <middleName />
        <isOriginalCosponsor>True</isOriginalCosponsor>
        <sponsorshipDate>2017-05-19</sponsorshipDate>
        <identifiers>
          <gpoId>8367</gpoId>
          <lisID>2092</lisID>
          <bioguideId>B001278</bioguideId>
        </identifiers>
        <lastName>Bonamici</lastName>
        <party>D</party>
      </item>
      <item>
        <sponsorshipWithdrawnDate />
        <state>CA</state>
        <bioguideId>N000179</bioguideId>
        <fullName>Rep. Napolitano, Grace F. [D-CA-32]</fullName>
        <district>32</district>
        <firstName>GRACE</firstName>
        <middleName>F.</middleName>
        <isOriginalCosponsor>True</isOriginalCosponsor>
        <sponsorshipDate>2017-05-19</sponsorshipDate>
        <identifiers>
          <bioguideId>N000179</bioguideId>
          <gpoId>7843</gpoId>
          <lisID>1602</lisID>
        </identifiers>
        <lastName>NAPOLITANO</lastName>
        <party>D</party>
      </item>
      <item>
        <sponsorshipWithdrawnDate />
        <state>PA</state>
        <bioguideId>M001181</bioguideId>
        <fullName>Rep. Meehan, Patrick [R-PA-7]</fullName>
        <district>7</district>
        <firstName>Patrick</firstName>
        <middleName />
        <isOriginalCosponsor>True</isOriginalCosponsor>
        <sponsorshipDate>2017-05-19</sponsorshipDate>
        <identifiers>
          <bioguideId>M001181</bioguideId>
          <lisID>2052</lisID>
          <gpoId>8125</gpoId>
        </identifiers>
        <lastName>Meehan</lastName>
        <party>R</party>
      </item>
      <item>
        <sponsorshipWithdrawnDate />
        <state>CO</state>
        <bioguideId>P000593</bioguideId>
        <fullName>Rep. Perlmutter, Ed [D-CO-7]</fullName>
        <district>7</district>
        <firstName>Ed</firstName>
        <middleName />
        <isOriginalCosponsor>True</isOriginalCosponsor>
        <sponsorshipDate>2017-05-19</sponsorshipDate>
        <identifiers>
          <gpoId>7865</gpoId>
          <lisID>1835</lisID>
          <bioguideId>P000593</bioguideId>
        </identifiers>
        <lastName>Perlmutter</lastName>
        <party>D</party>
      </item>
      <item>
        <sponsorshipWithdrawnDate />
        <state>HI</state>
        <bioguideId>G000571</bioguideId>
        <fullName>Rep. Gabbard, Tulsi [D-HI-2]</fullName>
        <district>2</district>
        <firstName>Tulsi</firstName>
        <middleName />
        <isOriginalCosponsor>True</isOriginalCosponsor>
        <sponsorshipDate>2017-05-19</sponsorshipDate>
        <identifiers>
          <lisID>2122</lisID>
          <bioguideId>G000571</bioguideId>
          <gpoId />
        </identifiers>
        <lastName>Gabbard</lastName>
        <party>D</party>
      </item>
      <item>
        <sponsorshipWithdrawnDate />
        <state>MN</state>
        <bioguideId>M001143</bioguideId>
        <fullName>Rep. McCollum, Betty [D-MN-4]</fullName>
        <district>4</district>
        <firstName>BETTY</firstName>
        <middleName />
        <isOriginalCosponsor>True</isOriginalCosponsor>
        <sponsorshipDate>2017-05-19</sponsorshipDate>
        <identifiers>
          <bioguideId>M001143</bioguideId>
          <lisID>1653</lisID>
          <gpoId>8004</gpoId>
        </identifiers>
        <lastName>MCCOLLUM</lastName>
        <party>D</party>
      </item>
      <item>
        <sponsorshipWithdrawnDate />
        <state>MA</state>
        <bioguideId>K000375</bioguideId>
        <fullName>Rep. Keating, William R. [D-MA-9]</fullName>
        <district>9</district>
        <firstName>William</firstName>
        <middleName>R.</middleName>
        <isOriginalCosponsor>True</isOriginalCosponsor>
        <sponsorshipDate>2017-05-19</sponsorshipDate>
        <identifiers>
          <lisID>2025</lisID>
          <bioguideId>K000375</bioguideId>
          <gpoId>7975</gpoId>
        </identifiers>
        <lastName>Keating</lastName>
        <party>D</party>
      </item>
      <item>
        <sponsorshipWithdrawnDate />
        <state>PA</state>
        <bioguideId>C001090</bioguideId>
        <fullName>Rep. Cartwright, Matt [D-PA-17]</fullName>
        <district>17</district>
        <firstName>Matt</firstName>
        <middleName />
        <isOriginalCosponsor>False</isOriginalCosponsor>
        <sponsorshipDate>2017-05-22</sponsorshipDate>
        <identifiers>
          <bioguideId>C001090</bioguideId>
          <lisID>2159</lisID>
          <gpoId />
        </identifiers>
        <lastName>Cartwright</lastName>
        <party>D</party>
      </item>
      <item>
        <sponsorshipWithdrawnDate />
        <state>PA</state>
        <bioguideId>E000296</bioguideId>
        <fullName>Rep. Evans, Dwight [D-PA-2]</fullName>
        <district>2</district>
        <firstName>Dwight</firstName>
        <middleName />
        <isOriginalCosponsor>False</isOriginalCosponsor>
        <sponsorshipDate>2017-05-22</sponsorshipDate>
        <identifiers>
          <bioguideId>E000296</bioguideId>
          <lisID>2298</lisID>
          <gpoId />
        </identifiers>
        <lastName>Evans</lastName>
        <party>D</party>
      </item>
      <item>
        <sponsorshipWithdrawnDate />
        <state>CA</state>
        <bioguideId>L000397</bioguideId>
        <fullName>Rep. Lofgren, Zoe [D-CA-19]</fullName>
        <district>19</district>
        <firstName>ZOE</firstName>
        <middleName />
        <isOriginalCosponsor>False</isOriginalCosponsor>
        <sponsorshipDate>2017-05-22</sponsorshipDate>
        <identifiers>
          <lisID>701</lisID>
          <bioguideId>L000397</bioguideId>
          <gpoId>7821</gpoId>
        </identifiers>
        <lastName>LOFGREN</lastName>
        <party>D</party>
      </item>
      <item>
        <sponsorshipWithdrawnDate />
        <state>NY</state>
        <bioguideId>S000480</bioguideId>
        <fullName>Rep. Slaughter, Louise McIntosh [D-NY-25]</fullName>
        <district>25</district>
        <firstName>LOUISE</firstName>
        <middleName>M.</middleName>
        <isOriginalCosponsor>False</isOriginalCosponsor>
        <sponsorshipDate>2017-06-06</sponsorshipDate>
        <identifiers>
          <bioguideId>S000480</bioguideId>
          <lisID>1069</lisID>
          <gpoId>8089</gpoId>
        </identifiers>
        <lastName>SLAUGHTER</lastName>
        <party>D</party>
      </item>
      <item>
        <sponsorshipWithdrawnDate />
        <state>NY</state>
        <bioguideId>K000386</bioguideId>
        <fullName>Rep. Katko, John [R-NY-24]</fullName>
        <district>24</district>
        <firstName>John</firstName>
        <middleName />
        <isOriginalCosponsor>False</isOriginalCosponsor>
        <sponsorshipDate>2017-07-27</sponsorshipDate>
        <identifiers>
          <lisID>2264</lisID>
          <bioguideId>K000386</bioguideId>
          <gpoId />
        </identifiers>
        <lastName>Katko</lastName>
        <party>R</party>
      </item>
    </cosponsors>
    <subjects>
      <billSubjects>
        <policyArea>
          <name>Labor and Employment</name>
        </policyArea>
        <legislativeSubjects>
          <item>
            <name>Aging</name>
          </item>
          <item>
            <name>Commemorative events and holidays</name>
          </item>
          <item>
            <name>Corporation for National and Community Service</name>
          </item>
          <item>
            <name>National and community service</name>
          </item>
          <item>
            <name>Social work, volunteer service, charitable organizations</name>
          </item>
        </legislativeSubjects>
      </billSubjects>
    </subjects>
    <constitutionalAuthorityStatementText />
    <laws />
    <actions>
      <actionTypeCounts>
        <introducedInHouse>1</introducedInHouse>
        <introducedInTheHouse>1</introducedInTheHouse>
        <billReferrals>1</billReferrals>
      </actionTypeCounts>
      <item>
        <type>IntroReferral</type>
        <text>Referred to the House Committee on Education and the Workforce.</text>
        <links />
        <committee>
          <systemCode>hsed00</systemCode>
          <name>Education and the Workforce Committee</name>
        </committee>
        <sourceSystem>
          <code>2</code>
          <name>House floor actions</name>
        </sourceSystem>
        <actionDate>2017-05-19</actionDate>
        <actionCode>H11100</actionCode>
      </item>
      <item>
        <type>IntroReferral</type>
        <text>Introduced in House</text>
        <links />
        <committee />
        <sourceSystem>
          <code>9</code>
          <name>Library of Congress</name>
        </sourceSystem>
        <actionDate>2017-05-19</actionDate>
        <actionCode>Intro-H</actionCode>
      </item>
      <item>
        <type>IntroReferral</type>
        <text>Introduced in House</text>
        <links />
        <committee />
        <sourceSystem>
          <code>9</code>
          <name>Library of Congress</name>
        </sourceSystem>
        <actionDate>2017-05-19</actionDate>
        <actionCode>1000</actionCode>
      </item>
      <actionByCounts>
        <houseOfRepresentatives>3</houseOfRepresentatives>
      </actionByCounts>
    </actions>
    <titles>
      <item>
        <parentTitleType />
        <chamberCode />
        <chamberName />
        <titleType>Official Title as Introduced</titleType>
        <title>Recognizing the contributions of senior volunteers.</title>
      </item>
      <item>
        <parentTitleType />
        <chamberCode />
        <chamberName />
        <titleType>Display Title</titleType>
        <title>Recognizing the contributions of senior volunteers.</title>
      </item>
    </titles>
    <summaries>
      <billSummaries>
        <item>
          <text><![CDATA[<p>Encourages the people of the United States to recognize the contributions of senior volunteers and join in the celebration of National Senior Corps Week.</p> <p> Supports adequately funding and growing the proven Senior Corps programs.</p>]]></text>
          <name>Introduced in House</name>
          <lastSummaryUpdateDate>2017-06-07T22:30:36Z</lastSummaryUpdateDate>
          <versionCode>00</versionCode>
          <actionDesc>Introduced in House</actionDesc>
          <updateDate>2017-05-19T04:00:00Z</updateDate>
          <actionDate>2017-05-19</actionDate>
        </item>
      </billSummaries>
    </summaries>
    <committees>
      <billCommittees>
        <item>
          <chamber>House</chamber>
          <name>Education and the Workforce Committee</name>
          <systemCode>hsed00</systemCode>
          <type>Standing</type>
          <subcommittees />
          <activities>
            <item>
              <name>Referred to</name>
              <date>2017-05-19T13:01:45Z</date>
            </item>
          </activities>
        </item>
      </billCommittees>
    </committees>
    <introducedDate>2017-05-19</introducedDate>
    <updateDate>2018-02-06T16:39:47Z</updateDate>
    <cboCostEstimates />
    <recordedVotes />
    <billType>HRES</billType>
    <createDate>2017-05-20T03:11:37Z</createDate>
    <latestAction>
      <text>Referred to the House Committee on Education and the Workforce.</text>
      <links />
      <actionDate>2017-05-19</actionDate>
    </latestAction>
  </bill>
  <dublinCore xmlns:dc="http://purl.org/dc/elements/1.1/">
    <dc:format>text/xml</dc:format>
    <dc:language>EN</dc:language>
    <dc:rights>Pursuant to Title 17 Section 105 of the United States Code, this file is not subject to copyright protection and is in the public domain.</dc:rights>
    <dc:contributor>Congressional Research Service, Library of Congress</dc:contributor>
    <dc:description>This file contains bill summaries and statuses for federal legislation. A bill summary describes the most significant provisions of a piece of legislation and details the effects the legislative text may have on current law and federal programs. Bill summaries are authored by the Congressional Research Service (CRS) of the Library of Congress. As stated in Public Law 91-510 (2 USC 166 (d)(6)), one of the duties of CRS is "to prepare summaries and digests of bills and resolutions of a public general nature introduced in the Senate or House of Representatives". For more information, refer to the User Guide that accompanies this file.</dc:description>
  </dublinCore>
</billStatus>

