<?xml version="1.0" encoding="UTF-8"?>
<billStatus>
  <bill>
    <cosponsors>
      <item>
        <sponsorshipWithdrawnDate />
        <state>NY</state>
        <bioguideId>C001038</bioguideId>
        <fullName>Rep. Crowley, Joseph [D-NY-14]</fullName>
        <district>14</district>
        <firstName>JOSEPH</firstName>
        <middleName />
        <isOriginalCosponsor>True</isOriginalCosponsor>
        <sponsorshipDate>2017-02-16</sponsorshipDate>
        <identifiers>
          <lisID>1604</lisID>
          <gpoId>8068</gpoId>
          <bioguideId>C001038</bioguideId>
        </identifiers>
        <lastName>CROWLEY</lastName>
        <party>D</party>
      </item>
    </cosponsors>
    <congress>115</congress>
    <committees>
      <billCommittees>
        <item>
          <systemCode>hsgo00</systemCode>
          <chamber>House</chamber>
          <type>Standing</type>
          <activities>
            <item>
              <name>Referred to</name>
              <date>2017-02-16T15:10:50Z</date>
            </item>
          </activities>
          <name>Oversight and Government Reform Committee</name>
          <subcommittees />
        </item>
      </billCommittees>
    </committees>
    <constitutionalAuthorityStatementText />
    <laws />
    <titles>
      <item>
        <chamberCode />
        <titleType>Official Title as Introduced</titleType>
        <parentTitleType />
        <chamberName />
        <title>Supporting the goals and ideals of International Mother Language Day in bringing attention to the importance of preserving linguistic and cultural heritage through education.</title>
      </item>
      <item>
        <chamberCode />
        <titleType>Display Title</titleType>
        <parentTitleType />
        <chamberName />
        <title>Supporting the goals and ideals of International Mother Language Day in bringing attention to the importance of preserving linguistic and cultural heritage through education.</title>
      </item>
    </titles>
    <billType>HRES</billType>
    <amendments />
    <recordedVotes />
    <actions>
      <actionByCounts>
        <houseOfRepresentatives>3</houseOfRepresentatives>
      </actionByCounts>
      <actionTypeCounts>
        <introducedInTheHouse>1</introducedInTheHouse>
        <billReferrals>1</billReferrals>
        <introducedInHouse>1</introducedInHouse>
      </actionTypeCounts>
      <item>
        <actionDate>2017-02-16</actionDate>
        <text>Referred to the House Committee on Oversight and Government Reform.</text>
        <sourceSystem>
          <name>House floor actions</name>
          <code>2</code>
        </sourceSystem>
        <committee>
          <systemCode>hsgo00</systemCode>
          <name>Oversight and Government Reform Committee</name>
        </committee>
        <links />
        <actionCode>H11100</actionCode>
        <type>IntroReferral</type>
      </item>
      <item>
        <actionDate>2017-02-16</actionDate>
        <text>Introduced in House</text>
        <sourceSystem>
          <name>Library of Congress</name>
          <code>9</code>
        </sourceSystem>
        <committee />
        <links />
        <actionCode>Intro-H</actionCode>
        <type>IntroReferral</type>
      </item>
      <item>
        <actionDate>2017-02-16</actionDate>
        <text>Introduced in House</text>
        <sourceSystem>
          <name>Library of Congress</name>
          <code>9</code>
        </sourceSystem>
        <committee />
        <links />
        <actionCode>1000</actionCode>
        <type>IntroReferral</type>
      </item>
    </actions>
    <introducedDate>2017-02-16</introducedDate>
    <relatedBills />
    <committeeReports />
    <calendarNumbers />
    <billNumber>141</billNumber>
    <summaries>
      <billSummaries>
        <item>
          <text><![CDATA[<p>Supports the goals and ideals of International Mother Language Day. </p>]]></text>
          <versionCode>00</versionCode>
          <actionDate>2017-02-16</actionDate>
          <name>Introduced in House</name>
          <actionDesc>Introduced in House</actionDesc>
          <lastSummaryUpdateDate>2017-02-21T22:23:57Z</lastSummaryUpdateDate>
          <updateDate>2017-02-16T05:00:00Z</updateDate>
        </item>
      </billSummaries>
    </summaries>
    <cboCostEstimates />
    <updateDate>2018-02-06T16:39:36Z</updateDate>
    <policyArea>
      <name>Arts, Culture, Religion</name>
    </policyArea>
    <latestAction>
      <text>Referred to the House Committee on Oversight and Government Reform.</text>
      <actionDate>2017-02-16</actionDate>
      <links />
    </latestAction>
    <version>1.0.0</version>
    <subjects>
      <billSubjects>
        <legislativeSubjects>
          <item>
            <name>Commemorative events and holidays</name>
          </item>
          <item>
            <name>Foreign language and bilingual programs</name>
          </item>
          <item>
            <name>Historical and cultural resources</name>
          </item>
          <item>
            <name>Language arts</name>
          </item>
        </legislativeSubjects>
        <policyArea>
          <name>Arts, Culture, Religion</name>
        </policyArea>
      </billSubjects>
    </subjects>
    <title>Supporting the goals and ideals of International Mother Language Day in bringing attention to the importance of preserving linguistic and cultural heritage through education.</title>
    <originChamber>House</originChamber>
    <sponsors>
      <item>
        <byRequestType />
        <district>6</district>
        <party>D</party>
        <fullName>Rep. Meng, Grace [D-NY-6]</fullName>
        <lastName>Meng</lastName>
        <state>NY</state>
        <bioguideId>M001188</bioguideId>
        <middleName />
        <firstName>Grace</firstName>
        <identifiers>
          <bioguideId>M001188</bioguideId>
          <lisID>2148</lisID>
          <gpoId />
        </identifiers>
      </item>
    </sponsors>
    <notes />
    <createDate>2017-02-17T04:46:07Z</createDate>
  </bill>
  <dublinCore xmlns:dc="http://purl.org/dc/elements/1.1/">
    <dc:format>text/xml</dc:format>
    <dc:language>EN</dc:language>
    <dc:rights>Pursuant to Title 17 Section 105 of the United States Code, this file is not subject to copyright protection and is in the public domain.</dc:rights>
    <dc:contributor>Congressional Research Service, Library of Congress</dc:contributor>
    <dc:description>This file contains bill summaries and statuses for federal legislation. A bill summary describes the most significant provisions of a piece of legislation and details the effects the legislative text may have on current law and federal programs. Bill summaries are authored by the Congressional Research Service (CRS) of the Library of Congress. As stated in Public Law 91-510 (2 USC 166 (d)(6)), one of the duties of CRS is "to prepare summaries and digests of bills and resolutions of a public general nature introduced in the Senate or House of Representatives". For more information, refer to the User Guide that accompanies this file.</dc:description>
  </dublinCore>
</billStatus>

