<?xml version="1.0" encoding="UTF-8"?>
<billStatus>
  <bill>
    <calendarNumbers />
    <constitutionalAuthorityStatementText />
    <congress>115</congress>
    <titles>
      <item>
        <chamberCode />
        <titleType>Official Title as Introduced</titleType>
        <parentTitleType />
        <chamberName />
        <title>Supporting a democratic Hungary and reaffirming the long-standing and mutually-beneficial relationship between the United States and Hungary.</title>
      </item>
      <item>
        <chamberCode />
        <titleType>Display Title</titleType>
        <parentTitleType />
        <chamberName />
        <title>Supporting a democratic Hungary and reaffirming the long-standing and mutually-beneficial relationship between the United States and Hungary.</title>
      </item>
    </titles>
    <introducedDate>2017-05-24</introducedDate>
    <latestAction>
      <actionDate>2017-06-27</actionDate>
      <text>Referred to the Subcommittee on Europe, Eurasia, and Emerging Threats.</text>
      <links />
    </latestAction>
    <title>Supporting a democratic Hungary and reaffirming the long-standing and mutually-beneficial relationship between the United States and Hungary.</title>
    <subjects>
      <billSubjects>
        <policyArea>
          <name>International Affairs</name>
        </policyArea>
        <legislativeSubjects>
          <item>
            <name>Europe</name>
          </item>
          <item>
            <name>Human rights</name>
          </item>
          <item>
            <name>Hungary</name>
          </item>
          <item>
            <name>Sovereignty, recognition, national governance and status</name>
          </item>
        </legislativeSubjects>
      </billSubjects>
    </subjects>
    <relatedBills />
    <updateDate>2018-02-06T16:39:48Z</updateDate>
    <committeeReports />
    <notes />
    <recordedVotes />
    <amendments />
    <billType>HRES</billType>
    <committees>
      <billCommittees>
        <item>
          <chamber>House</chamber>
          <name>Foreign Affairs Committee</name>
          <systemCode>hsfa00</systemCode>
          <type>Standing</type>
          <subcommittees>
            <item>
              <systemCode>hsfa14</systemCode>
              <name>Europe, Eurasia, and Emerging Threats Subcommittee</name>
              <activities>
                <item>
                  <name>Referred to</name>
                  <date>2017-06-27T16:43:09Z</date>
                </item>
              </activities>
            </item>
          </subcommittees>
          <activities>
            <item>
              <name>Referred to</name>
              <date>2017-05-24T14:00:52Z</date>
            </item>
          </activities>
        </item>
      </billCommittees>
    </committees>
    <cboCostEstimates />
    <billNumber>353</billNumber>
    <policyArea>
      <name>International Affairs</name>
    </policyArea>
    <version>1.0.0</version>
    <createDate>2017-05-25T03:11:38Z</createDate>
    <originChamber>House</originChamber>
    <actions>
      <actionByCounts>
        <houseOfRepresentatives>4</houseOfRepresentatives>
      </actionByCounts>
      <item>
        <actionDate>2017-06-27</actionDate>
        <committee>
          <name>Europe, Eurasia, and Emerging Threats Subcommittee</name>
          <systemCode>hsfa14</systemCode>
        </committee>
        <links />
        <sourceSystem>
          <name>House committee actions</name>
          <code>1</code>
        </sourceSystem>
        <text>Referred to the Subcommittee on Europe, Eurasia, and Emerging Threats.</text>
        <type>Committee</type>
      </item>
      <item>
        <text>Referred to the House Committee on Foreign Affairs.</text>
        <type>IntroReferral</type>
        <sourceSystem>
          <name>House floor actions</name>
          <code>2</code>
        </sourceSystem>
        <committee>
          <name>Foreign Affairs Committee</name>
          <systemCode>hsfa00</systemCode>
        </committee>
        <actionCode>H11100</actionCode>
        <actionDate>2017-05-24</actionDate>
        <links />
      </item>
      <item>
        <text>Introduced in House</text>
        <type>IntroReferral</type>
        <sourceSystem>
          <name>Library of Congress</name>
          <code>9</code>
        </sourceSystem>
        <committee />
        <actionCode>Intro-H</actionCode>
        <actionDate>2017-05-24</actionDate>
        <links />
      </item>
      <item>
        <text>Introduced in House</text>
        <type>IntroReferral</type>
        <sourceSystem>
          <name>Library of Congress</name>
          <code>9</code>
        </sourceSystem>
        <committee />
        <actionCode>1000</actionCode>
        <actionDate>2017-05-24</actionDate>
        <links />
      </item>
      <actionTypeCounts>
        <introducedInHouse>1</introducedInHouse>
        <billReferrals>1</billReferrals>
        <placeholderTextForH>1</placeholderTextForH>
        <introducedInTheHouse>1</introducedInTheHouse>
      </actionTypeCounts>
    </actions>
    <sponsors>
      <item>
        <party>D</party>
        <bioguideId>M001196</bioguideId>
        <district>6</district>
        <firstName>Seth</firstName>
        <middleName />
        <state>MA</state>
        <fullName>Rep. Moulton, Seth [D-MA-6]</fullName>
        <identifiers>
          <bioguideId>M001196</bioguideId>
          <lisID>2246</lisID>
          <gpoId />
        </identifiers>
        <lastName>Moulton</lastName>
        <byRequestType />
      </item>
    </sponsors>
    <summaries>
      <billSummaries>
        <item>
          <text><![CDATA[<p>Reaffirms the mutually-beneficial relationship between the United States and Hungary.</p> <p>Condemns Hungary's movement toward a less free and democratic society.</p> <p>Urges Hungary to reverse laws and policies that curtail individual rights and basic freedoms.</p> <ul> </ul>]]></text>
          <versionCode>00</versionCode>
          <actionDate>2017-05-24</actionDate>
          <name>Introduced in House</name>
          <actionDesc>Introduced in House</actionDesc>
          <lastSummaryUpdateDate>2017-09-06T21:26:37Z</lastSummaryUpdateDate>
          <updateDate>2017-05-24T04:00:00Z</updateDate>
        </item>
      </billSummaries>
    </summaries>
    <laws />
    <cosponsors>
      <item>
        <isOriginalCosponsor>True</isOriginalCosponsor>
        <firstName>Joe</firstName>
        <party>R</party>
        <sponsorshipDate>2017-05-24</sponsorshipDate>
        <lastName>Wilson</lastName>
        <bioguideId>W000795</bioguideId>
        <middleName />
        <identifiers>
          <lisID>1688</lisID>
          <bioguideId>W000795</bioguideId>
          <gpoId>8142</gpoId>
        </identifiers>
        <fullName>Rep. Wilson, Joe [R-SC-2]</fullName>
        <state>SC</state>
        <district>2</district>
        <sponsorshipWithdrawnDate />
      </item>
      <item>
        <isOriginalCosponsor>True</isOriginalCosponsor>
        <firstName>Vicky</firstName>
        <party>R</party>
        <sponsorshipDate>2017-05-24</sponsorshipDate>
        <lastName>Hartzler</lastName>
        <bioguideId>H001053</bioguideId>
        <middleName />
        <identifiers>
          <lisID>2032</lisID>
          <bioguideId>H001053</bioguideId>
          <gpoId>8012</gpoId>
        </identifiers>
        <fullName>Rep. Hartzler, Vicky [R-MO-4]</fullName>
        <state>MO</state>
        <district>4</district>
        <sponsorshipWithdrawnDate>2017-06-29</sponsorshipWithdrawnDate>
      </item>
      <item>
        <isOriginalCosponsor>True</isOriginalCosponsor>
        <firstName>GREGORY</firstName>
        <party>D</party>
        <sponsorshipDate>2017-05-24</sponsorshipDate>
        <lastName>MEEKS</lastName>
        <bioguideId>M001137</bioguideId>
        <middleName>W.</middleName>
        <identifiers>
          <lisID>1506</lisID>
          <gpoId>8067</gpoId>
          <bioguideId>M001137</bioguideId>
        </identifiers>
        <fullName>Rep. Meeks, Gregory W. [D-NY-5]</fullName>
        <state>NY</state>
        <district>5</district>
        <sponsorshipWithdrawnDate />
      </item>
      <item>
        <isOriginalCosponsor>False</isOriginalCosponsor>
        <firstName>FRANK</firstName>
        <party>D</party>
        <sponsorshipDate>2017-06-07</sponsorshipDate>
        <lastName>PALLONE</lastName>
        <bioguideId>P000034</bioguideId>
        <middleName />
        <identifiers>
          <lisID>887</lisID>
          <bioguideId>P000034</bioguideId>
          <gpoId>8048</gpoId>
        </identifiers>
        <fullName>Rep. Pallone, Frank, Jr. [D-NJ-6]</fullName>
        <state>NJ</state>
        <district>6</district>
        <sponsorshipWithdrawnDate />
      </item>
      <item>
        <isOriginalCosponsor>False</isOriginalCosponsor>
        <firstName>Ruben</firstName>
        <party>D</party>
        <sponsorshipDate>2017-06-07</sponsorshipDate>
        <lastName>Gallego</lastName>
        <bioguideId>G000574</bioguideId>
        <middleName />
        <identifiers>
          <gpoId />
          <bioguideId>G000574</bioguideId>
          <lisID>2226</lisID>
        </identifiers>
        <fullName>Rep. Gallego, Ruben [D-AZ-7]</fullName>
        <state>AZ</state>
        <district>7</district>
        <sponsorshipWithdrawnDate />
      </item>
      <item>
        <isOriginalCosponsor>False</isOriginalCosponsor>
        <firstName>JAMES</firstName>
        <party>D</party>
        <sponsorshipDate>2017-06-07</sponsorshipDate>
        <lastName>MCGOVERN</lastName>
        <bioguideId>M000312</bioguideId>
        <middleName>P.</middleName>
        <identifiers>
          <lisID>1504</lisID>
          <bioguideId>M000312</bioguideId>
          <gpoId>7968</gpoId>
        </identifiers>
        <fullName>Rep. McGovern, James P. [D-MA-2]</fullName>
        <state>MA</state>
        <district>2</district>
        <sponsorshipWithdrawnDate />
      </item>
      <item>
        <isOriginalCosponsor>False</isOriginalCosponsor>
        <firstName>Dwight</firstName>
        <party>D</party>
        <sponsorshipDate>2017-06-15</sponsorshipDate>
        <lastName>Evans</lastName>
        <bioguideId>E000296</bioguideId>
        <middleName />
        <identifiers>
          <bioguideId>E000296</bioguideId>
          <lisID>2298</lisID>
          <gpoId />
        </identifiers>
        <fullName>Rep. Evans, Dwight [D-PA-2]</fullName>
        <state>PA</state>
        <district>2</district>
        <sponsorshipWithdrawnDate />
      </item>
      <item>
        <isOriginalCosponsor>False</isOriginalCosponsor>
        <firstName>Katherine</firstName>
        <party>D</party>
        <sponsorshipDate>2017-06-15</sponsorshipDate>
        <lastName>Clark</lastName>
        <bioguideId>C001101</bioguideId>
        <middleName>M.</middleName>
        <identifiers>
          <gpoId />
          <lisID>2196</lisID>
          <bioguideId>C001101</bioguideId>
        </identifiers>
        <fullName>Rep. Clark, Katherine M. [D-MA-5]</fullName>
        <state>MA</state>
        <district>5</district>
        <sponsorshipWithdrawnDate />
      </item>
      <item>
        <isOriginalCosponsor>False</isOriginalCosponsor>
        <firstName>Donald</firstName>
        <party>D</party>
        <sponsorshipDate>2017-07-11</sponsorshipDate>
        <lastName>Beyer</lastName>
        <bioguideId>B001292</bioguideId>
        <middleName>S.</middleName>
        <identifiers>
          <bioguideId>B001292</bioguideId>
          <gpoId />
          <lisID>2272</lisID>
        </identifiers>
        <fullName>Rep. Beyer, Donald S., Jr. [D-VA-8]</fullName>
        <state>VA</state>
        <district>8</district>
        <sponsorshipWithdrawnDate />
      </item>
      <item>
        <isOriginalCosponsor>False</isOriginalCosponsor>
        <firstName>David</firstName>
        <party>D</party>
        <sponsorshipDate>2017-07-19</sponsorshipDate>
        <lastName>Cicilline</lastName>
        <bioguideId>C001084</bioguideId>
        <middleName>N.</middleName>
        <identifiers>
          <lisID>2055</lisID>
          <bioguideId>C001084</bioguideId>
          <gpoId>8139</gpoId>
        </identifiers>
        <fullName>Rep. Cicilline, David N. [D-RI-1]</fullName>
        <state>RI</state>
        <district>1</district>
        <sponsorshipWithdrawnDate />
      </item>
      <item>
        <isOriginalCosponsor>False</isOriginalCosponsor>
        <firstName>Jamie</firstName>
        <party>D</party>
        <sponsorshipDate>2017-09-13</sponsorshipDate>
        <lastName>Raskin</lastName>
        <bioguideId>R000606</bioguideId>
        <middleName />
        <identifiers>
          <bioguideId>R000606</bioguideId>
          <gpoId />
          <lisID>2332</lisID>
        </identifiers>
        <fullName>Rep. Raskin, Jamie [D-MD-8]</fullName>
        <state>MD</state>
        <district>8</district>
        <sponsorshipWithdrawnDate />
      </item>
      <item>
        <isOriginalCosponsor>False</isOriginalCosponsor>
        <firstName>JOHN</firstName>
        <party>D</party>
        <sponsorshipDate>2017-09-14</sponsorshipDate>
        <lastName>CONYERS</lastName>
        <bioguideId>C000714</bioguideId>
        <middleName />
        <identifiers>
          <lisID>229</lisID>
          <gpoId>7999</gpoId>
          <bioguideId>C000714</bioguideId>
        </identifiers>
        <fullName>Rep. Conyers, John, Jr. [D-MI-13]</fullName>
        <state>MI</state>
        <district>13</district>
        <sponsorshipWithdrawnDate />
      </item>
      <item>
        <isOriginalCosponsor>False</isOriginalCosponsor>
        <firstName>Gerald</firstName>
        <party>D</party>
        <sponsorshipDate>2018-01-30</sponsorshipDate>
        <lastName>Connolly</lastName>
        <bioguideId>C001078</bioguideId>
        <middleName>E.</middleName>
        <identifiers>
          <bioguideId>C001078</bioguideId>
          <lisID>1959</lisID>
          <gpoId>8202</gpoId>
        </identifiers>
        <fullName>Rep. Connolly, Gerald E. [D-VA-11]</fullName>
        <state>VA</state>
        <district>11</district>
        <sponsorshipWithdrawnDate />
      </item>
    </cosponsors>
  </bill>
  <dublinCore xmlns:dc="http://purl.org/dc/elements/1.1/">
    <dc:format>text/xml</dc:format>
    <dc:language>EN</dc:language>
    <dc:rights>Pursuant to Title 17 Section 105 of the United States Code, this file is not subject to copyright protection and is in the public domain.</dc:rights>
    <dc:contributor>Congressional Research Service, Library of Congress</dc:contributor>
    <dc:description>This file contains bill summaries and statuses for federal legislation. A bill summary describes the most significant provisions of a piece of legislation and details the effects the legislative text may have on current law and federal programs. Bill summaries are authored by the Congressional Research Service (CRS) of the Library of Congress. As stated in Public Law 91-510 (2 USC 166 (d)(6)), one of the duties of CRS is "to prepare summaries and digests of bills and resolutions of a public general nature introduced in the Senate or House of Representatives". For more information, refer to the User Guide that accompanies this file.</dc:description>
  </dublinCore>
</billStatus>

