<?xml version="1.0" encoding="UTF-8"?>
<billStatus>
  <bill>
    <billNumber>266</billNumber>
    <relatedBills>
      <item>
        <number>117</number>
        <latestTitle>A resolution designating the week of April 15, 2017, through April 23, 2017, as "National Park Week".</latestTitle>
        <type>SRES</type>
        <relationshipDetails>
          <item>
            <identifiedBy>CRS</identifiedBy>
            <type>Related bill</type>
          </item>
        </relationshipDetails>
        <congress>115</congress>
        <latestAction>
          <text>Submitted in the Senate, considered, and agreed to without amendment and with a preamble by Unanimous Consent. (consideration: CR S2352-2353; text: CR S2370)</text>
          <actionDate>2017-04-05</actionDate>
        </latestAction>
      </item>
    </relatedBills>
    <originChamber>House</originChamber>
    <recordedVotes />
    <latestAction>
      <text>Referred to the Subcommittee on Federal Lands.</text>
      <links />
      <actionDate>2017-04-07</actionDate>
    </latestAction>
    <createDate>2017-04-07T03:11:46Z</createDate>
    <title>Designating the week of April 15, 2017, through April 23, 2017, as "National Park Week".</title>
    <summaries>
      <billSummaries>
        <item>
          <versionCode>00</versionCode>
          <updateDate>2017-04-06T04:00:00Z</updateDate>
          <actionDate>2017-04-06</actionDate>
          <text><![CDATA[<p> Supports the designation of a National Park Week.</p> <p>Encourages the people of the United States and the world to visit U.S. national parks. </p>]]></text>
          <actionDesc>Introduced in House</actionDesc>
          <lastSummaryUpdateDate>2017-04-25T17:43:50Z</lastSummaryUpdateDate>
          <name>Introduced in House</name>
        </item>
      </billSummaries>
    </summaries>
    <actions>
      <actionByCounts>
        <houseOfRepresentatives>4</houseOfRepresentatives>
      </actionByCounts>
      <item>
        <actionDate>2017-04-07</actionDate>
        <committee>
          <name>Federal Lands Subcommittee</name>
          <systemCode>hsii10</systemCode>
        </committee>
        <links />
        <sourceSystem>
          <name>House committee actions</name>
          <code>1</code>
        </sourceSystem>
        <text>Referred to the Subcommittee on Federal Lands.</text>
        <type>Committee</type>
      </item>
      <item>
        <text>Referred to the House Committee on Natural Resources.</text>
        <type>IntroReferral</type>
        <sourceSystem>
          <name>House floor actions</name>
          <code>2</code>
        </sourceSystem>
        <committee>
          <name>Natural Resources Committee</name>
          <systemCode>hsii00</systemCode>
        </committee>
        <actionCode>H11100</actionCode>
        <actionDate>2017-04-06</actionDate>
        <links />
      </item>
      <item>
        <text>Introduced in House</text>
        <type>IntroReferral</type>
        <sourceSystem>
          <name>Library of Congress</name>
          <code>9</code>
        </sourceSystem>
        <committee />
        <actionCode>Intro-H</actionCode>
        <actionDate>2017-04-06</actionDate>
        <links />
      </item>
      <item>
        <text>Introduced in House</text>
        <type>IntroReferral</type>
        <sourceSystem>
          <name>Library of Congress</name>
          <code>9</code>
        </sourceSystem>
        <committee />
        <actionCode>1000</actionCode>
        <actionDate>2017-04-06</actionDate>
        <links />
      </item>
      <actionTypeCounts>
        <introducedInHouse>1</introducedInHouse>
        <billReferrals>1</billReferrals>
        <placeholderTextForH>1</placeholderTextForH>
        <introducedInTheHouse>1</introducedInTheHouse>
      </actionTypeCounts>
    </actions>
    <updateDate>2018-02-06T16:39:43Z</updateDate>
    <amendments />
    <notes />
    <sponsors>
      <item>
        <bioguideId>L000584</bioguideId>
        <district>4</district>
        <middleName>B.</middleName>
        <byRequestType />
        <firstName>Mia</firstName>
        <lastName>Love</lastName>
        <state>UT</state>
        <party>R</party>
        <identifiers>
          <gpoId />
          <bioguideId>L000584</bioguideId>
          <lisID>2271</lisID>
        </identifiers>
        <fullName>Rep. Love, Mia B. [R-UT-4]</fullName>
      </item>
    </sponsors>
    <committees>
      <billCommittees>
        <item>
          <subcommittees>
            <item>
              <name>Federal Lands Subcommittee</name>
              <systemCode>hsii10</systemCode>
              <activities>
                <item>
                  <name>Referred to</name>
                  <date>2017-04-07T18:11:25Z</date>
                </item>
              </activities>
            </item>
          </subcommittees>
          <type>Standing</type>
          <systemCode>hsii00</systemCode>
          <activities>
            <item>
              <name>Referred to</name>
              <date>2017-04-06T13:03:45Z</date>
            </item>
          </activities>
          <name>Natural Resources Committee</name>
          <chamber>House</chamber>
        </item>
      </billCommittees>
    </committees>
    <cosponsors>
      <item>
        <bioguideId>G000565</bioguideId>
        <district>4</district>
        <isOriginalCosponsor>True</isOriginalCosponsor>
        <sponsorshipWithdrawnDate />
        <lastName>Gosar</lastName>
        <state>AZ</state>
        <fullName>Rep. Gosar, Paul A. [R-AZ-4]</fullName>
        <sponsorshipDate>2017-04-06</sponsorshipDate>
        <middleName>A.</middleName>
        <firstName>Paul</firstName>
        <party>R</party>
        <identifiers>
          <gpoId>7798</gpoId>
          <lisID>1992</lisID>
          <bioguideId>G000565</bioguideId>
        </identifiers>
      </item>
      <item>
        <bioguideId>S001192</bioguideId>
        <district>2</district>
        <isOriginalCosponsor>True</isOriginalCosponsor>
        <sponsorshipWithdrawnDate />
        <lastName>Stewart</lastName>
        <state>UT</state>
        <fullName>Rep. Stewart, Chris [R-UT-2]</fullName>
        <sponsorshipDate>2017-04-06</sponsorshipDate>
        <middleName />
        <firstName>Chris</firstName>
        <party>R</party>
        <identifiers>
          <gpoId />
          <lisID>2168</lisID>
          <bioguideId>S001192</bioguideId>
        </identifiers>
      </item>
      <item>
        <bioguideId>C001076</bioguideId>
        <district>3</district>
        <isOriginalCosponsor>True</isOriginalCosponsor>
        <sponsorshipWithdrawnDate />
        <lastName>Chaffetz</lastName>
        <state>UT</state>
        <fullName>Rep. Chaffetz, Jason [R-UT-3]</fullName>
        <sponsorshipDate>2017-04-06</sponsorshipDate>
        <middleName />
        <firstName>Jason</firstName>
        <party>R</party>
        <identifiers>
          <lisID>1956</lisID>
          <bioguideId>C001076</bioguideId>
          <gpoId>8191</gpoId>
        </identifiers>
      </item>
      <item>
        <bioguideId>B001250</bioguideId>
        <district>1</district>
        <isOriginalCosponsor>True</isOriginalCosponsor>
        <sponsorshipWithdrawnDate />
        <lastName>Bishop</lastName>
        <state>UT</state>
        <fullName>Rep. Bishop, Rob [R-UT-1]</fullName>
        <sponsorshipDate>2017-04-06</sponsorshipDate>
        <middleName />
        <firstName>Rob</firstName>
        <party>R</party>
        <identifiers>
          <bioguideId>B001250</bioguideId>
          <gpoId>8189</gpoId>
          <lisID>1753</lisID>
        </identifiers>
      </item>
    </cosponsors>
    <constitutionalAuthorityStatementText />
    <policyArea>
      <name>Public Lands and Natural Resources</name>
    </policyArea>
    <cboCostEstimates />
    <laws />
    <congress>115</congress>
    <version>1.0.0</version>
    <introducedDate>2017-04-06</introducedDate>
    <committeeReports />
    <titles>
      <item>
        <titleType>Official Title as Introduced</titleType>
        <parentTitleType />
        <chamberName />
        <title>Designating the week of April 15, 2017, through April 23, 2017, as "National Park Week".</title>
        <chamberCode />
      </item>
      <item>
        <titleType>Display Title</titleType>
        <parentTitleType />
        <chamberName />
        <title>Designating the week of April 15, 2017, through April 23, 2017, as "National Park Week".</title>
        <chamberCode />
      </item>
    </titles>
    <calendarNumbers />
    <subjects>
      <billSubjects>
        <legislativeSubjects>
          <item>
            <name>Commemorative events and holidays</name>
          </item>
          <item>
            <name>Parks, recreation areas, trails</name>
          </item>
        </legislativeSubjects>
        <policyArea>
          <name>Public Lands and Natural Resources</name>
        </policyArea>
      </billSubjects>
    </subjects>
    <billType>HRES</billType>
  </bill>
  <dublinCore xmlns:dc="http://purl.org/dc/elements/1.1/">
    <dc:format>text/xml</dc:format>
    <dc:language>EN</dc:language>
    <dc:rights>Pursuant to Title 17 Section 105 of the United States Code, this file is not subject to copyright protection and is in the public domain.</dc:rights>
    <dc:contributor>Congressional Research Service, Library of Congress</dc:contributor>
    <dc:description>This file contains bill summaries and statuses for federal legislation. A bill summary describes the most significant provisions of a piece of legislation and details the effects the legislative text may have on current law and federal programs. Bill summaries are authored by the Congressional Research Service (CRS) of the Library of Congress. As stated in Public Law 91-510 (2 USC 166 (d)(6)), one of the duties of CRS is "to prepare summaries and digests of bills and resolutions of a public general nature introduced in the Senate or House of Representatives". For more information, refer to the User Guide that accompanies this file.</dc:description>
  </dublinCore>
</billStatus>

