<?xml version="1.0" encoding="UTF-8"?>
<billStatus>
  <bill>
    <cosponsors>
      <item>
        <identifiers>
          <lisID>1864</lisID>
          <gpoId>8072</gpoId>
          <bioguideId>C001067</bioguideId>
        </identifiers>
        <sponsorshipDate>2017-06-02</sponsorshipDate>
        <district>9</district>
        <middleName>D.</middleName>
        <sponsorshipWithdrawnDate />
        <fullName>Rep. Clarke, Yvette D. [D-NY-9]</fullName>
        <party>D</party>
        <firstName>Yvette</firstName>
        <isOriginalCosponsor>True</isOriginalCosponsor>
        <lastName>Clarke</lastName>
        <state>NY</state>
        <bioguideId>C001067</bioguideId>
      </item>
      <item>
        <identifiers>
          <lisID>1976</lisID>
          <bioguideId>D000610</bioguideId>
          <gpoId>7891</gpoId>
        </identifiers>
        <sponsorshipDate>2017-06-02</sponsorshipDate>
        <district>22</district>
        <middleName>E.</middleName>
        <sponsorshipWithdrawnDate />
        <fullName>Rep. Deutch, Theodore E. [D-FL-22]</fullName>
        <party>D</party>
        <firstName>Theodore</firstName>
        <isOriginalCosponsor>True</isOriginalCosponsor>
        <lastName>Deutch</lastName>
        <state>FL</state>
        <bioguideId>D000610</bioguideId>
      </item>
      <item>
        <identifiers>
          <gpoId>8217</gpoId>
          <lisID>1811</lisID>
          <bioguideId>M001160</bioguideId>
        </identifiers>
        <sponsorshipDate>2017-06-02</sponsorshipDate>
        <district>4</district>
        <middleName />
        <sponsorshipWithdrawnDate />
        <fullName>Rep. Moore, Gwen [D-WI-4]</fullName>
        <party>D</party>
        <firstName>Gwen</firstName>
        <isOriginalCosponsor>True</isOriginalCosponsor>
        <lastName>Moore</lastName>
        <state>WI</state>
        <bioguideId>M001160</bioguideId>
      </item>
      <item>
        <identifiers>
          <bioguideId>P000610</bioguideId>
          <lisID>2274</lisID>
          <gpoId />
        </identifiers>
        <sponsorshipDate>2017-06-02</sponsorshipDate>
        <district>0</district>
        <middleName>E.</middleName>
        <sponsorshipWithdrawnDate />
        <fullName>Rep. Plaskett, Stacey E. [D-VI-At Large]</fullName>
        <party>D</party>
        <firstName>Stacey</firstName>
        <isOriginalCosponsor>True</isOriginalCosponsor>
        <lastName>Plaskett</lastName>
        <state>VI</state>
        <bioguideId>P000610</bioguideId>
      </item>
      <item>
        <identifiers>
          <bioguideId>E000179</bioguideId>
          <gpoId>8078</gpoId>
          <lisID>344</lisID>
        </identifiers>
        <sponsorshipDate>2017-06-02</sponsorshipDate>
        <district>16</district>
        <middleName>L.</middleName>
        <sponsorshipWithdrawnDate />
        <fullName>Rep. Engel, Eliot L. [D-NY-16]</fullName>
        <party>D</party>
        <firstName>ELIOT</firstName>
        <isOriginalCosponsor>True</isOriginalCosponsor>
        <lastName>ENGEL</lastName>
        <state>NY</state>
        <bioguideId>E000179</bioguideId>
      </item>
      <item>
        <identifiers>
          <bioguideId>H000324</bioguideId>
          <lisID>511</lisID>
          <gpoId>7895</gpoId>
        </identifiers>
        <sponsorshipDate>2017-06-02</sponsorshipDate>
        <district>20</district>
        <middleName>L.</middleName>
        <sponsorshipWithdrawnDate />
        <fullName>Rep. Hastings, Alcee L. [D-FL-20]</fullName>
        <party>D</party>
        <firstName>ALCEE</firstName>
        <isOriginalCosponsor>True</isOriginalCosponsor>
        <lastName>HASTINGS</lastName>
        <state>FL</state>
        <bioguideId>H000324</bioguideId>
      </item>
      <item>
        <identifiers>
          <gpoId>7840</gpoId>
          <lisID>1205</lisID>
          <bioguideId>W000187</bioguideId>
        </identifiers>
        <sponsorshipDate>2017-06-02</sponsorshipDate>
        <district>43</district>
        <middleName />
        <sponsorshipWithdrawnDate />
        <fullName>Rep. Waters, Maxine [D-CA-43]</fullName>
        <party>D</party>
        <firstName>MAXINE</firstName>
        <isOriginalCosponsor>True</isOriginalCosponsor>
        <lastName>WATERS</lastName>
        <state>CA</state>
        <bioguideId>W000187</bioguideId>
      </item>
      <item>
        <identifiers>
          <lisID>2331</lisID>
          <gpoId />
          <bioguideId>B001304</bioguideId>
        </identifiers>
        <sponsorshipDate>2017-06-07</sponsorshipDate>
        <district>4</district>
        <middleName>G.</middleName>
        <sponsorshipWithdrawnDate />
        <fullName>Rep. Brown, Anthony G. [D-MD-4]</fullName>
        <party>D</party>
        <firstName>Anthony</firstName>
        <isOriginalCosponsor>False</isOriginalCosponsor>
        <lastName>Brown</lastName>
        <state>MD</state>
        <bioguideId>B001304</bioguideId>
      </item>
      <item>
        <identifiers>
          <lisID>478</lisID>
          <bioguideId>G000535</bioguideId>
          <gpoId>7924</gpoId>
        </identifiers>
        <sponsorshipDate>2017-06-07</sponsorshipDate>
        <district>4</district>
        <middleName>V.</middleName>
        <sponsorshipWithdrawnDate />
        <fullName>Rep. Gutierrez, Luis V. [D-IL-4]</fullName>
        <party>D</party>
        <firstName>LUIS</firstName>
        <isOriginalCosponsor>False</isOriginalCosponsor>
        <lastName>GUTIERREZ</lastName>
        <state>IL</state>
        <bioguideId>G000535</bioguideId>
      </item>
      <item>
        <identifiers>
          <gpoId />
          <bioguideId>S001200</bioguideId>
          <lisID>2319</lisID>
        </identifiers>
        <sponsorshipDate>2017-06-07</sponsorshipDate>
        <district>9</district>
        <middleName />
        <sponsorshipWithdrawnDate />
        <fullName>Rep. Soto, Darren [D-FL-9]</fullName>
        <party>D</party>
        <firstName>Darren</firstName>
        <isOriginalCosponsor>False</isOriginalCosponsor>
        <lastName>Soto</lastName>
        <state>FL</state>
        <bioguideId>S001200</bioguideId>
      </item>
      <item>
        <identifiers>
          <bioguideId>E000296</bioguideId>
          <lisID>2298</lisID>
          <gpoId />
        </identifiers>
        <sponsorshipDate>2017-06-15</sponsorshipDate>
        <district>2</district>
        <middleName />
        <sponsorshipWithdrawnDate />
        <fullName>Rep. Evans, Dwight [D-PA-2]</fullName>
        <party>D</party>
        <firstName>Dwight</firstName>
        <isOriginalCosponsor>False</isOriginalCosponsor>
        <lastName>Evans</lastName>
        <state>PA</state>
        <bioguideId>E000296</bioguideId>
      </item>
    </cosponsors>
    <congress>115</congress>
    <committees>
      <billCommittees>
        <item>
          <systemCode>hsgo00</systemCode>
          <chamber>House</chamber>
          <type>Standing</type>
          <activities>
            <item>
              <date>2017-06-02T14:30:27Z</date>
              <name>Referred to</name>
            </item>
          </activities>
          <name>Oversight and Government Reform Committee</name>
          <subcommittees />
        </item>
      </billCommittees>
    </committees>
    <constitutionalAuthorityStatementText />
    <laws />
    <titles>
      <item>
        <chamberName />
        <titleType>Official Title as Introduced</titleType>
        <title>Recognizing the significance of National Caribbean American Heritage Month.</title>
        <parentTitleType />
        <chamberCode />
      </item>
      <item>
        <chamberName />
        <titleType>Display Title</titleType>
        <title>Recognizing the significance of National Caribbean American Heritage Month.</title>
        <parentTitleType />
        <chamberCode />
      </item>
    </titles>
    <billType>HRES</billType>
    <amendments />
    <recordedVotes />
    <actions>
      <actionByCounts>
        <houseOfRepresentatives>3</houseOfRepresentatives>
      </actionByCounts>
      <actionTypeCounts>
        <introducedInTheHouse>1</introducedInTheHouse>
        <billReferrals>1</billReferrals>
        <introducedInHouse>1</introducedInHouse>
      </actionTypeCounts>
      <item>
        <actionDate>2017-06-02</actionDate>
        <text>Referred to the House Committee on Oversight and Government Reform.</text>
        <sourceSystem>
          <name>House floor actions</name>
          <code>2</code>
        </sourceSystem>
        <committee>
          <systemCode>hsgo00</systemCode>
          <name>Oversight and Government Reform Committee</name>
        </committee>
        <links />
        <actionCode>H11100</actionCode>
        <type>IntroReferral</type>
      </item>
      <item>
        <actionDate>2017-06-02</actionDate>
        <text>Introduced in House</text>
        <sourceSystem>
          <name>Library of Congress</name>
          <code>9</code>
        </sourceSystem>
        <committee />
        <links />
        <actionCode>Intro-H</actionCode>
        <type>IntroReferral</type>
      </item>
      <item>
        <actionDate>2017-06-02</actionDate>
        <text>Introduced in House</text>
        <sourceSystem>
          <name>Library of Congress</name>
          <code>9</code>
        </sourceSystem>
        <committee />
        <links />
        <actionCode>1000</actionCode>
        <type>IntroReferral</type>
      </item>
    </actions>
    <introducedDate>2017-06-02</introducedDate>
    <relatedBills />
    <committeeReports />
    <calendarNumbers />
    <billNumber>372</billNumber>
    <summaries>
      <billSummaries>
        <item>
          <lastSummaryUpdateDate>2017-06-07T19:11:27Z</lastSummaryUpdateDate>
          <updateDate>2017-06-02T04:00:00Z</updateDate>
          <versionCode>00</versionCode>
          <text><![CDATA[<p>Supports the goals and ideals of Caribbean-American Heritage Month (in the month of June). </p> <p>Affirms that: (1) the contributions of Caribbean-Americans are a significant part of the history, progress, and heritage of the United States; and (2) the ethnic and racial diversity of the United States enriches and strengthens the nation. </p>]]></text>
          <name>Introduced in House</name>
          <actionDesc>Introduced in House</actionDesc>
          <actionDate>2017-06-02</actionDate>
        </item>
      </billSummaries>
    </summaries>
    <cboCostEstimates />
    <updateDate>2018-02-06T16:39:49Z</updateDate>
    <policyArea>
      <name>Civil Rights and Liberties, Minority Issues</name>
    </policyArea>
    <latestAction>
      <text>Referred to the House Committee on Oversight and Government Reform.</text>
      <actionDate>2017-06-02</actionDate>
      <links />
    </latestAction>
    <version>1.0.0</version>
    <subjects>
      <billSubjects>
        <policyArea>
          <name>Civil Rights and Liberties, Minority Issues</name>
        </policyArea>
        <legislativeSubjects>
          <item>
            <name>Caribbean area</name>
          </item>
          <item>
            <name>Commemorative events and holidays</name>
          </item>
          <item>
            <name>Racial and ethnic relations</name>
          </item>
          <item>
            <name>U.S. history</name>
          </item>
        </legislativeSubjects>
      </billSubjects>
    </subjects>
    <title>Recognizing the significance of National Caribbean American Heritage Month.</title>
    <originChamber>House</originChamber>
    <sponsors>
      <item>
        <byRequestType />
        <district>13</district>
        <party>D</party>
        <fullName>Rep. Lee, Barbara [D-CA-13]</fullName>
        <lastName>LEE</lastName>
        <state>CA</state>
        <bioguideId>L000551</bioguideId>
        <middleName />
        <firstName>BARBARA</firstName>
        <identifiers>
          <gpoId>7814</gpoId>
          <bioguideId>L000551</bioguideId>
          <lisID>1501</lisID>
        </identifiers>
      </item>
    </sponsors>
    <notes />
    <createDate>2017-06-03T03:11:36Z</createDate>
  </bill>
  <dublinCore xmlns:dc="http://purl.org/dc/elements/1.1/">
    <dc:format>text/xml</dc:format>
    <dc:language>EN</dc:language>
    <dc:rights>Pursuant to Title 17 Section 105 of the United States Code, this file is not subject to copyright protection and is in the public domain.</dc:rights>
    <dc:contributor>Congressional Research Service, Library of Congress</dc:contributor>
    <dc:description>This file contains bill summaries and statuses for federal legislation. A bill summary describes the most significant provisions of a piece of legislation and details the effects the legislative text may have on current law and federal programs. Bill summaries are authored by the Congressional Research Service (CRS) of the Library of Congress. As stated in Public Law 91-510 (2 USC 166 (d)(6)), one of the duties of CRS is "to prepare summaries and digests of bills and resolutions of a public general nature introduced in the Senate or House of Representatives". For more information, refer to the User Guide that accompanies this file.</dc:description>
  </dublinCore>
</billStatus>

