<?xml version="1.0" encoding="UTF-8"?>
<billStatus>
  <bill>
    <committeeReports>
      <committeeReport>
        <citation>H. Rept. 115-10</citation>
      </committeeReport>
    </committeeReports>
    <laws />
    <notes />
    <calendarNumbers>
      <item>
        <number />
        <calendar>H00010</calendar>
      </item>
    </calendarNumbers>
    <updateDate>2018-02-22T15:26:47Z</updateDate>
    <cosponsors />
    <billNumber>99</billNumber>
    <policyArea>
      <name>Congress</name>
    </policyArea>
    <committees>
      <billCommittees>
        <item>
          <chamber>House</chamber>
          <name>Rules Committee</name>
          <activities>
            <item>
              <date>2017-02-07T22:20:39Z</date>
              <name>Reported original measure</name>
            </item>
          </activities>
          <type>Standing</type>
          <subcommittees />
          <systemCode>hsru00</systemCode>
        </item>
      </billCommittees>
    </committees>
    <title>Providing for consideration of the bill (H.R. 428) to survey the gradient boundary along the Red River in the States of Oklahoma and Texas, and for other purposes, and providing for consideration of the joint resolution (H.J. Res. 42) disapproving the rule submitted by the Department of Labor relating to drug testing of unemployment compensation applicants.</title>
    <sponsors>
      <item>
        <lastName>Cole</lastName>
        <firstName>Tom</firstName>
        <identifiers>
          <bioguideId>C001053</bioguideId>
          <gpoId>8112</gpoId>
          <lisID>1742</lisID>
        </identifiers>
        <party>R</party>
        <district>4</district>
        <middleName />
        <state>OK</state>
        <bioguideId>C001053</bioguideId>
        <byRequestType />
        <fullName>Rep. Cole, Tom [R-OK-4]</fullName>
      </item>
    </sponsors>
    <constitutionalAuthorityStatementText />
    <latestAction>
      <actionDate>2017-02-14</actionDate>
      <actionTime>14:47:48</actionTime>
      <text>Motion to reconsider laid on the table Agreed to without objection.</text>
      <links />
    </latestAction>
    <createDate>2017-02-08T04:45:55Z</createDate>
    <billType>HRES</billType>
    <actions>
      <actionByCounts>
        <houseOfRepresentatives>13</houseOfRepresentatives>
      </actionByCounts>
      <actionTypeCounts>
        <introducedInHouse>1</introducedInHouse>
        <generalDebate>2</generalDebate>
        <considerationByHouse>2</considerationByHouse>
        <motionForPreviousQuestion>1</motionForPreviousQuestion>
        <passedAgreedToInHouse>1</passedAgreedToInHouse>
        <passageOfAMeasure>1</passageOfAMeasure>
        <provisionsOfARule>1</provisionsOfARule>
        <committeeReportOfAnOriginalMeasure>1</committeeReportOfAnOriginalMeasure>
        <houseCalendarAssignment>1</houseCalendarAssignment>
        <reportedToHouse>1</reportedToHouse>
        <motionToReconsiderResults>1</motionToReconsiderResults>
      </actionTypeCounts>
      <item>
        <actionTime>14:47:48</actionTime>
        <type>Floor</type>
        <links />
        <sourceSystem>
          <name>House floor actions</name>
          <code>2</code>
        </sourceSystem>
        <actionDate>2017-02-14</actionDate>
        <committee />
        <text>Motion to reconsider laid on the table Agreed to without objection.</text>
        <actionCode>H38310</actionCode>
      </item>
      <item>
        <actionTime>14:47:46</actionTime>
        <type>Floor</type>
        <links>
          <link>
            <name>H1145</name>
            <url>https://www.congress.gov/congressional-record/volume-163/house-section/page/H1145</url>
          </link>
          <link>
            <name>Roll no. 89</name>
            <url>http://clerk.house.gov/evs/2017/roll089.xml</url>
          </link>
        </links>
        <sourceSystem>
          <name>House floor actions</name>
          <code>2</code>
        </sourceSystem>
        <actionDate>2017-02-14</actionDate>
        <committee />
        <text>On agreeing to the resolution Agreed to by recorded vote: 225 - 187 (Roll no. 89). (text: CR H1145)</text>
        <actionCode>H37100</actionCode>
      </item>
      <item>
        <actionTime>14:47:46</actionTime>
        <type>Floor</type>
        <links>
          <link>
            <name>H1145</name>
            <url>https://www.congress.gov/congressional-record/volume-163/house-section/page/H1145</url>
          </link>
          <link>
            <name>Roll no. 89</name>
            <url>http://clerk.house.gov/evs/2017/roll089.xml</url>
          </link>
        </links>
        <sourceSystem>
          <name>Library of Congress</name>
          <code>9</code>
        </sourceSystem>
        <actionDate>2017-02-14</actionDate>
        <committee />
        <text>Passed/agreed to in House: On agreeing to the resolution Agreed to by recorded vote: 225 - 187 (Roll no. 89).(text: CR H1145)</text>
        <actionCode>8000</actionCode>
      </item>
      <item>
        <actionTime>14:41:11</actionTime>
        <type>Floor</type>
        <links>
          <link>
            <name>H1151-1152</name>
            <url>https://www.congress.gov/congressional-record/volume-163/house-section/page/H1151-1152</url>
          </link>
          <link>
            <name>Roll no. 88</name>
            <url>http://clerk.house.gov/evs/2017/roll088.xml</url>
          </link>
        </links>
        <sourceSystem>
          <name>House floor actions</name>
          <code>2</code>
        </sourceSystem>
        <actionDate>2017-02-14</actionDate>
        <committee />
        <text>On ordering the previous question Agreed to by the Yeas and Nays: 225 - 189 (Roll no. 88). (consideration: CR H1151-1152)</text>
        <actionCode>H35000</actionCode>
      </item>
      <item>
        <actionTime>14:16:15</actionTime>
        <type>Floor</type>
        <links>
          <link>
            <name>H1151-1152</name>
            <url>https://www.congress.gov/congressional-record/volume-163/house-section/page/H1151-1152</url>
          </link>
        </links>
        <sourceSystem>
          <name>House floor actions</name>
          <code>2</code>
        </sourceSystem>
        <actionDate>2017-02-14</actionDate>
        <committee />
        <text>Considered as unfinished business. (consideration: CR H1151-1152)</text>
        <actionCode>H30000</actionCode>
      </item>
      <item>
        <actionTime>13:55:51</actionTime>
        <type>Floor</type>
        <links>
          <link>
            <name>H. Res. 99</name>
            <url>https://www.congress.gov/bill/115th-congress/house-resolution/99</url>
          </link>
        </links>
        <sourceSystem>
          <name>House floor actions</name>
          <code>2</code>
        </sourceSystem>
        <actionDate>2017-02-14</actionDate>
        <committee />
        <text>POSTPONED PROCEEDINGS - At the conclusion of debate on H. Res. 99, the Chair put the question on ordering the previous question and by voice vote announced that the ayes had prevailed. Mr. Hastings demanded the yeas and nays, and the Chair postponed further proceedings on ordering the previous question until later in the legislative day.</text>
        <actionCode>H8D000</actionCode>
      </item>
      <item>
        <actionTime>13:12:34</actionTime>
        <type>Floor</type>
        <links>
          <link>
            <name>H. Res. 99</name>
            <url>https://www.congress.gov/bill/115th-congress/house-resolution/99</url>
          </link>
        </links>
        <sourceSystem>
          <name>House floor actions</name>
          <code>2</code>
        </sourceSystem>
        <actionDate>2017-02-14</actionDate>
        <committee />
        <text>DEBATE - The House proceeded with one hour of debate on H. Res. 99.</text>
        <actionCode>H8D000</actionCode>
      </item>
      <item>
        <actionTime>13:10:52</actionTime>
        <type>Floor</type>
        <links>
          <link>
            <name>H1145-1151</name>
            <url>https://www.congress.gov/congressional-record/volume-163/house-section/page/H1145-1151</url>
          </link>
        </links>
        <sourceSystem>
          <name>House floor actions</name>
          <code>2</code>
        </sourceSystem>
        <actionDate>2017-02-14</actionDate>
        <committee />
        <text>Considered as privileged matter. (consideration: CR H1145-1151)</text>
        <actionCode>H30000</actionCode>
      </item>
      <item>
        <text>Placed on the House Calendar, Calendar No. 10.</text>
        <type>Calendars</type>
        <links />
        <sourceSystem>
          <name>House floor actions</name>
          <code>2</code>
        </sourceSystem>
        <actionDate>2017-02-07</actionDate>
        <committee />
        <actionCode>H12420</actionCode>
      </item>
      <item>
        <actionTime>17:20:40</actionTime>
        <type>Floor</type>
        <links />
        <sourceSystem>
          <name>House floor actions</name>
          <code>2</code>
        </sourceSystem>
        <actionDate>2017-02-07</actionDate>
        <committee />
        <text>Rule provides for one hour of debate on each bill, the previous question shall be ordered on each bill without intervening motions except one motion to recommit. Both bills are closed to amendments.</text>
        <actionCode>H12700</actionCode>
      </item>
      <item>
        <text>The House Committee on Rules reported an original measure, H. Rept. 115-10, by Mr. Cole.</text>
        <type>Committee</type>
        <links>
          <link>
            <name>H. Rept. 115-10</name>
            <url>https://www.congress.gov/congressional-report/115th-congress/house-report/10</url>
          </link>
        </links>
        <sourceSystem>
          <name>House floor actions</name>
          <code>2</code>
        </sourceSystem>
        <actionDate>2017-02-07</actionDate>
        <committee>
          <name>Rules Committee</name>
          <systemCode>hsru00</systemCode>
        </committee>
        <actionCode>H12100</actionCode>
      </item>
      <item>
        <text>The House Committee on Rules reported an original measure, H. Rept. 115-10, by Mr. Cole.</text>
        <type>Committee</type>
        <links>
          <link>
            <name>H. Rept. 115-10</name>
            <url>https://www.congress.gov/congressional-report/115th-congress/house-report/10</url>
          </link>
        </links>
        <sourceSystem>
          <name>Library of Congress</name>
          <code>9</code>
        </sourceSystem>
        <actionDate>2017-02-07</actionDate>
        <committee>
          <name>Rules Committee</name>
          <systemCode>hsru00</systemCode>
        </committee>
        <actionCode>5000</actionCode>
      </item>
      <item>
        <text>Introduced in House</text>
        <type>IntroReferral</type>
        <links />
        <sourceSystem>
          <name>Library of Congress</name>
          <code>9</code>
        </sourceSystem>
        <actionDate>2017-02-07</actionDate>
        <committee />
        <actionCode>1000</actionCode>
      </item>
    </actions>
    <subjects>
      <billSubjects>
        <legislativeSubjects>
          <item>
            <name>House of Representatives</name>
          </item>
          <item>
            <name>Legislative rules and procedure</name>
          </item>
        </legislativeSubjects>
        <policyArea>
          <name>Congress</name>
        </policyArea>
      </billSubjects>
    </subjects>
    <originChamber>House</originChamber>
    <introducedDate>2017-02-07</introducedDate>
    <relatedBills>
      <item>
        <latestTitle>Red River Gradient Boundary Survey Act</latestTitle>
        <congress>115</congress>
        <number>428</number>
        <type>HR</type>
        <relationshipDetails>
          <item>
            <type>Related bill</type>
            <identifiedBy>House</identifiedBy>
          </item>
          <item>
            <type>Procedurally-related</type>
            <identifiedBy>House</identifiedBy>
          </item>
        </relationshipDetails>
        <latestAction>
          <text>Read twice and referred to the Committee on Energy and Natural Resources.</text>
          <actionDate>2017-03-07</actionDate>
        </latestAction>
      </item>
      <item>
        <latestTitle>Disapproving the rule submitted by the Department of Labor relating to drug testing of unemployment compensation applicants.</latestTitle>
        <congress>115</congress>
        <number>42</number>
        <type>HJRES</type>
        <relationshipDetails>
          <item>
            <type>Procedurally-related</type>
            <identifiedBy>House</identifiedBy>
          </item>
        </relationshipDetails>
        <latestAction>
          <text>Became Public Law No: 115-17.</text>
          <actionDate>2017-03-31</actionDate>
        </latestAction>
      </item>
    </relatedBills>
    <version>1.0.0</version>
    <recordedVotes>
      <recordedVote>
        <url>http://clerk.house.gov/evs/2017/roll089.xml</url>
        <sessionNumber>1</sessionNumber>
        <rollNumber>89</rollNumber>
        <fullActionName>Passage of a Measure</fullActionName>
        <date>2017-02-14T19:47:46Z</date>
        <chamber>House</chamber>
        <congress>115</congress>
      </recordedVote>
      <recordedVote>
        <url>http://clerk.house.gov/evs/2017/roll088.xml</url>
        <sessionNumber>1</sessionNumber>
        <rollNumber>88</rollNumber>
        <fullActionName>Motion for Previous Question</fullActionName>
        <date>2017-02-14T19:41:11Z</date>
        <chamber>House</chamber>
        <congress>115</congress>
      </recordedVote>
    </recordedVotes>
    <titles>
      <item>
        <parentTitleType />
        <titleType>Official Title as Introduced</titleType>
        <title>Providing for consideration of the bill (H.R. 428) to survey the gradient boundary along the Red River in the States of Oklahoma and Texas, and for other purposes, and providing for consideration of the joint resolution (H.J. Res. 42) disapproving the rule submitted by the Department of Labor relating to drug testing of unemployment compensation applicants.</title>
        <chamberCode />
        <chamberName />
      </item>
      <item>
        <parentTitleType />
        <titleType>Display Title</titleType>
        <title>Providing for consideration of the bill (H.R. 428) to survey the gradient boundary along the Red River in the States of Oklahoma and Texas, and for other purposes, and providing for consideration of the joint resolution (H.J. Res. 42) disapproving the rule submitted by the Department of Labor relating to drug testing of unemployment compensation applicants.</title>
        <chamberCode />
        <chamberName />
      </item>
    </titles>
    <cboCostEstimates />
    <summaries>
      <billSummaries>
        <item>
          <actionDate>2017-02-07</actionDate>
          <name>Introduced in House</name>
          <versionCode>00</versionCode>
          <actionDesc>Introduced in House</actionDesc>
          <lastSummaryUpdateDate>2017-02-08T09:02:58Z</lastSummaryUpdateDate>
          <text><![CDATA[Sets forth the rule for consideration of the bill (H.R. 428) to survey the gradient boundary along the Red River in the States of Oklahoma and Texas, and for other purposes, and providing for consideration of the joint resolution (H.J. Res. 42) disapproving the rule submitted by the Department of Labor relating to drug testing of unemployment compensation applicants.]]></text>
          <updateDate>2017-02-07T05:00:00Z</updateDate>
        </item>
      </billSummaries>
    </summaries>
    <amendments />
    <congress>115</congress>
  </bill>
  <dublinCore xmlns:dc="http://purl.org/dc/elements/1.1/">
    <dc:format>text/xml</dc:format>
    <dc:language>EN</dc:language>
    <dc:rights>Pursuant to Title 17 Section 105 of the United States Code, this file is not subject to copyright protection and is in the public domain.</dc:rights>
    <dc:contributor>Congressional Research Service, Library of Congress</dc:contributor>
    <dc:description>This file contains bill summaries and statuses for federal legislation. A bill summary describes the most significant provisions of a piece of legislation and details the effects the legislative text may have on current law and federal programs. Bill summaries are authored by the Congressional Research Service (CRS) of the Library of Congress. As stated in Public Law 91-510 (2 USC 166 (d)(6)), one of the duties of CRS is "to prepare summaries and digests of bills and resolutions of a public general nature introduced in the Senate or House of Representatives". For more information, refer to the User Guide that accompanies this file.</dc:description>
  </dublinCore>
</billStatus>

