<?xml version="1.0" encoding="UTF-8"?>
<billStatus>
  <bill>
    <committeeReports />
    <laws />
    <updateDate>2018-02-28T18:57:37Z</updateDate>
    <notes />
    <billNumber>284</billNumber>
    <introducedDate>2017-04-26</introducedDate>
    <calendarNumbers />
    <title>Expressing support for honoring Earth Day, and for other purposes.</title>
    <originChamber>House</originChamber>
    <billType>HRES</billType>
    <actions>
      <actionByCounts>
        <houseOfRepresentatives>6</houseOfRepresentatives>
      </actionByCounts>
      <actionTypeCounts>
        <billReferralsAggregate>1</billReferralsAggregate>
        <billReferrals>2</billReferrals>
        <placeholderTextForH>1</placeholderTextForH>
        <introducedInTheHouse>1</introducedInTheHouse>
        <introducedInHouse>1</introducedInHouse>
      </actionTypeCounts>
      <item>
        <actionDate>2017-04-28</actionDate>
        <committee>
          <systemCode>hsif18</systemCode>
          <name>Environment and the Economy Subcommittee</name>
        </committee>
        <links />
        <sourceSystem>
          <code>1</code>
          <name>House committee actions</name>
        </sourceSystem>
        <text>Referred to the Subcommittee on Environment.</text>
        <type>Committee</type>
      </item>
      <item>
        <actionDate>2017-04-26</actionDate>
        <committee>
          <systemCode>hsfa00</systemCode>
          <name>Foreign Affairs Committee</name>
        </committee>
        <links />
        <text>Referred to House Foreign Affairs</text>
        <type>IntroReferral</type>
        <sourceSystem>
          <code>2</code>
          <name>House floor actions</name>
        </sourceSystem>
        <actionCode>H11100</actionCode>
      </item>
      <item>
        <actionDate>2017-04-26</actionDate>
        <committee>
          <systemCode>hsif00</systemCode>
          <name>Energy and Commerce Committee</name>
        </committee>
        <links />
        <text>Referred to House Energy and Commerce</text>
        <type>IntroReferral</type>
        <sourceSystem>
          <code>2</code>
          <name>House floor actions</name>
        </sourceSystem>
        <actionCode>H11100</actionCode>
      </item>
      <item>
        <actionDate>2017-04-26</actionDate>
        <committee />
        <links />
        <text>Referred to the Committee on Energy and Commerce, and in addition to the Committee on Foreign Affairs, for a period to be subsequently determined by the Speaker, in each case for consideration of such provisions as fall within the jurisdiction of the committee concerned.</text>
        <type>IntroReferral</type>
        <sourceSystem>
          <code>9</code>
          <name>Library of Congress</name>
        </sourceSystem>
        <actionCode>H11100-A</actionCode>
      </item>
      <item>
        <actionDate>2017-04-26</actionDate>
        <committee />
        <links />
        <text>Introduced in House</text>
        <type>IntroReferral</type>
        <sourceSystem>
          <code>9</code>
          <name>Library of Congress</name>
        </sourceSystem>
        <actionCode>Intro-H</actionCode>
      </item>
      <item>
        <actionDate>2017-04-26</actionDate>
        <committee />
        <links />
        <text>Introduced in House</text>
        <type>IntroReferral</type>
        <sourceSystem>
          <code>9</code>
          <name>Library of Congress</name>
        </sourceSystem>
        <actionCode>1000</actionCode>
      </item>
    </actions>
    <version>1.0.0</version>
    <summaries>
      <billSummaries>
        <item>
          <actionDesc>Introduced in House</actionDesc>
          <actionDate>2017-04-26</actionDate>
          <name>Introduced in House</name>
          <versionCode>00</versionCode>
          <text><![CDATA[<p>Urges: (1) the President to issue a proclamation recognizing Earth Day, consistent with the practice of the previous administration; and (2) governments and people around the world to continue building upon the Paris Agreement and other efforts to ensure that future generations inherit a livable, sustainable, and ecologically rich planet.</p> <p>Encourages the American people to mark Earth Day by working to address environmental challenges, educate others about the need for year-round action, and honor the stewardship ethic for which Senator Gaylord Nelson stood.</p>]]></text>
          <updateDate>2017-04-26T04:00:00Z</updateDate>
          <lastSummaryUpdateDate>2017-08-14T22:06:51Z</lastSummaryUpdateDate>
        </item>
      </billSummaries>
    </summaries>
    <committees>
      <billCommittees>
        <item>
          <type>Standing</type>
          <subcommittees>
            <item>
              <name>Environment and the Economy Subcommittee</name>
              <systemCode>hsif18</systemCode>
              <activities>
                <item>
                  <date>2017-04-28T15:12:45Z</date>
                  <name>Referred to</name>
                </item>
              </activities>
            </item>
          </subcommittees>
          <chamber>House</chamber>
          <activities>
            <item>
              <date>2017-04-26T14:05:25Z</date>
              <name>Referred to</name>
            </item>
          </activities>
          <name>Energy and Commerce Committee</name>
          <systemCode>hsif00</systemCode>
        </item>
        <item>
          <type>Standing</type>
          <subcommittees />
          <chamber>House</chamber>
          <activities>
            <item>
              <date>2017-04-26T14:05:30Z</date>
              <name>Referred to</name>
            </item>
          </activities>
          <name>Foreign Affairs Committee</name>
          <systemCode>hsfa00</systemCode>
        </item>
      </billCommittees>
    </committees>
    <createDate>2017-04-27T03:11:40Z</createDate>
    <constitutionalAuthorityStatementText />
    <recordedVotes />
    <congress>115</congress>
    <relatedBills />
    <titles>
      <item>
        <parentTitleType />
        <chamberCode />
        <chamberName />
        <titleType>Official Title as Introduced</titleType>
        <title>Expressing support for honoring Earth Day, and for other purposes.</title>
      </item>
      <item>
        <parentTitleType />
        <chamberCode />
        <chamberName />
        <titleType>Display Title</titleType>
        <title>Expressing support for honoring Earth Day, and for other purposes.</title>
      </item>
    </titles>
    <cboCostEstimates />
    <sponsors>
      <item>
        <lastName>McEachin</lastName>
        <identifiers>
          <bioguideId>M001200</bioguideId>
          <lisID>2352</lisID>
          <gpoId />
        </identifiers>
        <party>D</party>
        <firstName>A.</firstName>
        <middleName>Donald</middleName>
        <fullName>Rep. McEachin, A. Donald [D-VA-4]</fullName>
        <district>4</district>
        <byRequestType />
        <state>VA</state>
        <bioguideId>M001200</bioguideId>
      </item>
    </sponsors>
    <latestAction>
      <links />
      <actionDate>2017-04-28</actionDate>
      <text>Referred to the Subcommittee on Environment.</text>
    </latestAction>
    <subjects>
      <billSubjects>
        <legislativeSubjects>
          <item>
            <name>Air quality</name>
          </item>
          <item>
            <name>Climate change and greenhouse gases</name>
          </item>
          <item>
            <name>Commemorative events and holidays</name>
          </item>
          <item>
            <name>International law and treaties</name>
          </item>
          <item>
            <name>International organizations and cooperation</name>
          </item>
          <item>
            <name>Members of Congress</name>
          </item>
          <item>
            <name>Presidents and presidential powers, Vice Presidents</name>
          </item>
          <item>
            <name>Senate</name>
          </item>
        </legislativeSubjects>
        <policyArea>
          <name>Environmental Protection</name>
        </policyArea>
      </billSubjects>
    </subjects>
    <amendments />
    <policyArea>
      <name>Environmental Protection</name>
    </policyArea>
    <cosponsors>
      <item>
        <sponsorshipDate>2017-04-26</sponsorshipDate>
        <sponsorshipWithdrawnDate />
        <identifiers>
          <bioguideId>G000551</bioguideId>
          <lisID>1708</lisID>
          <gpoId>7804</gpoId>
        </identifiers>
        <isOriginalCosponsor>True</isOriginalCosponsor>
        <fullName>Rep. Grijalva, Raul M. [D-AZ-3]</fullName>
        <middleName>M.</middleName>
        <bioguideId>G000551</bioguideId>
        <firstName>Raul</firstName>
        <party>D</party>
        <lastName>Grijalva</lastName>
        <district>3</district>
        <state>AZ</state>
      </item>
      <item>
        <sponsorshipDate>2017-04-26</sponsorshipDate>
        <sponsorshipWithdrawnDate />
        <identifiers>
          <gpoId>8048</gpoId>
          <bioguideId>P000034</bioguideId>
          <lisID>887</lisID>
        </identifiers>
        <isOriginalCosponsor>True</isOriginalCosponsor>
        <fullName>Rep. Pallone, Frank, Jr. [D-NJ-6]</fullName>
        <middleName />
        <bioguideId>P000034</bioguideId>
        <firstName>FRANK</firstName>
        <party>D</party>
        <lastName>PALLONE</lastName>
        <district>6</district>
        <state>NJ</state>
      </item>
      <item>
        <sponsorshipDate>2017-04-26</sponsorshipDate>
        <sponsorshipWithdrawnDate />
        <identifiers>
          <bioguideId>J000298</bioguideId>
          <lisID>2354</lisID>
          <gpoId />
        </identifiers>
        <isOriginalCosponsor>True</isOriginalCosponsor>
        <fullName>Rep. Jayapal, Pramila [D-WA-7]</fullName>
        <middleName />
        <bioguideId>J000298</bioguideId>
        <firstName>Pramila</firstName>
        <party>D</party>
        <lastName>Jayapal</lastName>
        <district>7</district>
        <state>WA</state>
      </item>
      <item>
        <sponsorshipDate>2017-04-26</sponsorshipDate>
        <sponsorshipWithdrawnDate />
        <identifiers>
          <lisID>2311</lisID>
          <gpoId />
          <bioguideId>B001300</bioguideId>
        </identifiers>
        <isOriginalCosponsor>True</isOriginalCosponsor>
        <fullName>Rep. Barragan, Nanette Diaz [D-CA-44]</fullName>
        <middleName>Diaz</middleName>
        <bioguideId>B001300</bioguideId>
        <firstName>Nanette</firstName>
        <party>D</party>
        <lastName>Barragan</lastName>
        <district>44</district>
        <state>CA</state>
      </item>
      <item>
        <sponsorshipDate>2017-04-26</sponsorshipDate>
        <sponsorshipWithdrawnDate />
        <identifiers>
          <lisID>99</lisID>
          <gpoId>8116</gpoId>
          <bioguideId>B000574</bioguideId>
        </identifiers>
        <isOriginalCosponsor>True</isOriginalCosponsor>
        <fullName>Rep. Blumenauer, Earl [D-OR-3]</fullName>
        <middleName />
        <bioguideId>B000574</bioguideId>
        <firstName>EARL</firstName>
        <party>D</party>
        <lastName>BLUMENAUER</lastName>
        <district>3</district>
        <state>OR</state>
      </item>
      <item>
        <sponsorshipDate>2017-04-26</sponsorshipDate>
        <sponsorshipWithdrawnDate />
        <identifiers>
          <gpoId />
          <lisID>2101</lisID>
          <bioguideId>H001068</bioguideId>
        </identifiers>
        <isOriginalCosponsor>True</isOriginalCosponsor>
        <fullName>Rep. Huffman, Jared [D-CA-2]</fullName>
        <middleName />
        <bioguideId>H001068</bioguideId>
        <firstName>Jared</firstName>
        <party>D</party>
        <lastName>Huffman</lastName>
        <district>2</district>
        <state>CA</state>
      </item>
      <item>
        <sponsorshipDate>2017-04-26</sponsorshipDate>
        <sponsorshipWithdrawnDate />
        <identifiers>
          <gpoId>7883</gpoId>
          <lisID>1839</lisID>
          <bioguideId>C001066</bioguideId>
        </identifiers>
        <isOriginalCosponsor>True</isOriginalCosponsor>
        <fullName>Rep. Castor, Kathy [D-FL-14]</fullName>
        <middleName />
        <bioguideId>C001066</bioguideId>
        <firstName>Kathy</firstName>
        <party>D</party>
        <lastName>Castor</lastName>
        <district>14</district>
        <state>FL</state>
      </item>
      <item>
        <sponsorshipDate>2017-04-26</sponsorshipDate>
        <sponsorshipWithdrawnDate />
        <identifiers>
          <gpoId />
          <lisID>2272</lisID>
          <bioguideId>B001292</bioguideId>
        </identifiers>
        <isOriginalCosponsor>True</isOriginalCosponsor>
        <fullName>Rep. Beyer, Donald S., Jr. [D-VA-8]</fullName>
        <middleName>S.</middleName>
        <bioguideId>B001292</bioguideId>
        <firstName>Donald</firstName>
        <party>D</party>
        <lastName>Beyer</lastName>
        <district>8</district>
        <state>VA</state>
      </item>
      <item>
        <sponsorshipDate>2017-04-26</sponsorshipDate>
        <sponsorshipWithdrawnDate />
        <identifiers>
          <bioguideId>B001296</bioguideId>
          <lisID>2267</lisID>
          <gpoId />
        </identifiers>
        <isOriginalCosponsor>True</isOriginalCosponsor>
        <fullName>Rep. Boyle, Brendan F. [D-PA-13]</fullName>
        <middleName>F.</middleName>
        <bioguideId>B001296</bioguideId>
        <firstName>Brendan</firstName>
        <party>D</party>
        <lastName>Boyle</lastName>
        <district>13</district>
        <state>PA</state>
      </item>
      <item>
        <sponsorshipDate>2017-04-26</sponsorshipDate>
        <sponsorshipWithdrawnDate />
        <identifiers>
          <lisID>2331</lisID>
          <bioguideId>B001304</bioguideId>
          <gpoId />
        </identifiers>
        <isOriginalCosponsor>True</isOriginalCosponsor>
        <fullName>Rep. Brown, Anthony G. [D-MD-4]</fullName>
        <middleName>G.</middleName>
        <bioguideId>B001304</bioguideId>
        <firstName>Anthony</firstName>
        <party>D</party>
        <lastName>Brown</lastName>
        <district>4</district>
        <state>MD</state>
      </item>
      <item>
        <sponsorshipDate>2017-04-26</sponsorshipDate>
        <sponsorshipWithdrawnDate />
        <identifiers>
          <bioguideId>B001251</bioguideId>
          <gpoId>8024</gpoId>
          <lisID>1761</lisID>
        </identifiers>
        <isOriginalCosponsor>True</isOriginalCosponsor>
        <fullName>Rep. Butterfield, G. K. [D-NC-1]</fullName>
        <middleName />
        <bioguideId>B001251</bioguideId>
        <firstName>G. K.</firstName>
        <party>D</party>
        <lastName>Butterfield</lastName>
        <district>1</district>
        <state>NC</state>
      </item>
      <item>
        <sponsorshipDate>2017-04-26</sponsorshipDate>
        <sponsorshipWithdrawnDate />
        <identifiers>
          <lisID>2310</lisID>
          <gpoId />
          <bioguideId>C001112</bioguideId>
        </identifiers>
        <isOriginalCosponsor>True</isOriginalCosponsor>
        <fullName>Rep. Carbajal, Salud O. [D-CA-24]</fullName>
        <middleName>O.</middleName>
        <bioguideId>C001112</bioguideId>
        <firstName>Salud</firstName>
        <party>D</party>
        <lastName>Carbajal</lastName>
        <district>24</district>
        <state>CA</state>
      </item>
      <item>
        <sponsorshipDate>2017-04-26</sponsorshipDate>
        <sponsorshipWithdrawnDate />
        <identifiers>
          <bioguideId>C001049</bioguideId>
          <lisID>1654</lisID>
          <gpoId>8009</gpoId>
        </identifiers>
        <isOriginalCosponsor>True</isOriginalCosponsor>
        <fullName>Rep. Clay, Wm. Lacy [D-MO-1]</fullName>
        <middleName>LACY</middleName>
        <bioguideId>C001049</bioguideId>
        <firstName>WM.</firstName>
        <party>D</party>
        <lastName>CLAY</lastName>
        <district>1</district>
        <state>MO</state>
      </item>
      <item>
        <sponsorshipDate>2017-04-26</sponsorshipDate>
        <sponsorshipWithdrawnDate />
        <identifiers>
          <gpoId>8202</gpoId>
          <lisID>1959</lisID>
          <bioguideId>C001078</bioguideId>
        </identifiers>
        <isOriginalCosponsor>True</isOriginalCosponsor>
        <fullName>Rep. Connolly, Gerald E. [D-VA-11]</fullName>
        <middleName>E.</middleName>
        <bioguideId>C001078</bioguideId>
        <firstName>Gerald</firstName>
        <party>D</party>
        <lastName>Connolly</lastName>
        <district>11</district>
        <state>VA</state>
      </item>
      <item>
        <sponsorshipDate>2017-04-26</sponsorshipDate>
        <sponsorshipWithdrawnDate />
        <identifiers>
          <gpoId>7999</gpoId>
          <bioguideId>C000714</bioguideId>
          <lisID>229</lisID>
        </identifiers>
        <isOriginalCosponsor>True</isOriginalCosponsor>
        <fullName>Rep. Conyers, John, Jr. [D-MI-13]</fullName>
        <middleName />
        <bioguideId>C000714</bioguideId>
        <firstName>JOHN</firstName>
        <party>D</party>
        <lastName>CONYERS</lastName>
        <district>13</district>
        <state>MI</state>
      </item>
      <item>
        <sponsorshipDate>2017-04-26</sponsorshipDate>
        <sponsorshipWithdrawnDate />
        <identifiers>
          <bioguideId>D000624</bioguideId>
          <lisID>2251</lisID>
          <gpoId />
        </identifiers>
        <isOriginalCosponsor>True</isOriginalCosponsor>
        <fullName>Rep. Dingell, Debbie [D-MI-12]</fullName>
        <middleName />
        <bioguideId>D000624</bioguideId>
        <firstName>Debbie</firstName>
        <party>D</party>
        <lastName>Dingell</lastName>
        <district>12</district>
        <state>MI</state>
      </item>
      <item>
        <sponsorshipDate>2017-04-26</sponsorshipDate>
        <sponsorshipWithdrawnDate />
        <identifiers>
          <bioguideId>E000296</bioguideId>
          <lisID>2298</lisID>
          <gpoId />
        </identifiers>
        <isOriginalCosponsor>True</isOriginalCosponsor>
        <fullName>Rep. Evans, Dwight [D-PA-2]</fullName>
        <middleName />
        <bioguideId>E000296</bioguideId>
        <firstName>Dwight</firstName>
        <party>D</party>
        <lastName>Evans</lastName>
        <district>2</district>
        <state>PA</state>
      </item>
      <item>
        <sponsorshipDate>2017-04-26</sponsorshipDate>
        <sponsorshipWithdrawnDate />
        <identifiers>
          <lisID>1895</lisID>
          <gpoId>8101</gpoId>
          <bioguideId>F000455</bioguideId>
        </identifiers>
        <isOriginalCosponsor>True</isOriginalCosponsor>
        <fullName>Rep. Fudge, Marcia L. [D-OH-11]</fullName>
        <middleName>L.</middleName>
        <bioguideId>F000455</bioguideId>
        <firstName>Marcia</firstName>
        <party>D</party>
        <lastName>Fudge</lastName>
        <district>11</district>
        <state>OH</state>
      </item>
      <item>
        <sponsorshipDate>2017-04-26</sponsorshipDate>
        <sponsorshipWithdrawnDate />
        <identifiers>
          <lisID>2226</lisID>
          <gpoId />
          <bioguideId>G000574</bioguideId>
        </identifiers>
        <isOriginalCosponsor>True</isOriginalCosponsor>
        <fullName>Rep. Gallego, Ruben [D-AZ-7]</fullName>
        <middleName />
        <bioguideId>G000574</bioguideId>
        <firstName>Ruben</firstName>
        <party>D</party>
        <lastName>Gallego</lastName>
        <district>7</district>
        <state>AZ</state>
      </item>
      <item>
        <sponsorshipDate>2017-04-26</sponsorshipDate>
        <sponsorshipWithdrawnDate />
        <identifiers>
          <lisID>2010</lisID>
          <gpoId>7912</gpoId>
          <bioguideId>H001050</bioguideId>
        </identifiers>
        <isOriginalCosponsor>True</isOriginalCosponsor>
        <fullName>Rep. Hanabusa, Colleen [D-HI-1]</fullName>
        <middleName />
        <bioguideId>H001050</bioguideId>
        <firstName>Colleen</firstName>
        <party>D</party>
        <lastName>Hanabusa</lastName>
        <district>1</district>
        <state>HI</state>
      </item>
      <item>
        <sponsorshipDate>2017-04-26</sponsorshipDate>
        <sponsorshipWithdrawnDate />
        <identifiers>
          <lisID>511</lisID>
          <bioguideId>H000324</bioguideId>
          <gpoId>7895</gpoId>
        </identifiers>
        <isOriginalCosponsor>True</isOriginalCosponsor>
        <fullName>Rep. Hastings, Alcee L. [D-FL-20]</fullName>
        <middleName>L.</middleName>
        <bioguideId>H000324</bioguideId>
        <firstName>ALCEE</firstName>
        <party>D</party>
        <lastName>HASTINGS</lastName>
        <district>20</district>
        <state>FL</state>
      </item>
      <item>
        <sponsorshipDate>2017-04-26</sponsorshipDate>
        <sponsorshipWithdrawnDate />
        <identifiers>
          <bioguideId>J000032</bioguideId>
          <gpoId>8174</gpoId>
          <lisID>588</lisID>
        </identifiers>
        <isOriginalCosponsor>True</isOriginalCosponsor>
        <fullName>Rep. Jackson Lee, Sheila [D-TX-18]</fullName>
        <middleName />
        <bioguideId>J000032</bioguideId>
        <firstName>SHEILA</firstName>
        <party>D</party>
        <lastName>JACKSON LEE</lastName>
        <district>18</district>
        <state>TX</state>
      </item>
      <item>
        <sponsorshipDate>2017-04-26</sponsorshipDate>
        <sponsorshipWithdrawnDate />
        <identifiers>
          <lisID>2149</lisID>
          <gpoId />
          <bioguideId>J000294</bioguideId>
        </identifiers>
        <isOriginalCosponsor>True</isOriginalCosponsor>
        <fullName>Rep. Jeffries, Hakeem S. [D-NY-8]</fullName>
        <middleName>S.</middleName>
        <bioguideId>J000294</bioguideId>
        <firstName>Hakeem</firstName>
        <party>D</party>
        <lastName>Jeffries</lastName>
        <district>8</district>
        <state>NY</state>
      </item>
      <item>
        <sponsorshipDate>2017-04-26</sponsorshipDate>
        <sponsorshipWithdrawnDate />
        <identifiers>
          <bioguideId>J000288</bioguideId>
          <lisID>1843</lisID>
          <gpoId>7901</gpoId>
        </identifiers>
        <isOriginalCosponsor>True</isOriginalCosponsor>
        <fullName>Rep. Johnson, Henry C. "Hank," Jr. [D-GA-4]</fullName>
        <middleName>C. "Hank"</middleName>
        <bioguideId>J000288</bioguideId>
        <firstName>Henry</firstName>
        <party>D</party>
        <lastName>Johnson</lastName>
        <district>4</district>
        <state>GA</state>
      </item>
      <item>
        <sponsorshipDate>2017-04-26</sponsorshipDate>
        <sponsorshipWithdrawnDate />
        <identifiers>
          <gpoId>8099</gpoId>
          <bioguideId>K000009</bioguideId>
          <lisID>616</lisID>
        </identifiers>
        <isOriginalCosponsor>True</isOriginalCosponsor>
        <fullName>Rep. Kaptur, Marcy [D-OH-9]</fullName>
        <middleName />
        <bioguideId>K000009</bioguideId>
        <firstName>MARCY</firstName>
        <party>D</party>
        <lastName>KAPTUR</lastName>
        <district>9</district>
        <state>OH</state>
      </item>
      <item>
        <sponsorshipDate>2017-04-26</sponsorshipDate>
        <sponsorshipWithdrawnDate />
        <identifiers>
          <gpoId />
          <lisID>2325</lisID>
          <bioguideId>K000391</bioguideId>
        </identifiers>
        <isOriginalCosponsor>True</isOriginalCosponsor>
        <fullName>Rep. Krishnamoorthi, Raja [D-IL-8]</fullName>
        <middleName />
        <bioguideId>K000391</bioguideId>
        <firstName>Raja</firstName>
        <party>D</party>
        <lastName>Krishnamoorthi</lastName>
        <district>8</district>
        <state>IL</state>
      </item>
      <item>
        <sponsorshipDate>2017-04-26</sponsorshipDate>
        <sponsorshipWithdrawnDate />
        <identifiers>
          <lisID>1501</lisID>
          <bioguideId>L000551</bioguideId>
          <gpoId>7814</gpoId>
        </identifiers>
        <isOriginalCosponsor>True</isOriginalCosponsor>
        <fullName>Rep. Lee, Barbara [D-CA-13]</fullName>
        <middleName />
        <bioguideId>L000551</bioguideId>
        <firstName>BARBARA</firstName>
        <party>D</party>
        <lastName>LEE</lastName>
        <district>13</district>
        <state>CA</state>
      </item>
      <item>
        <sponsorshipDate>2017-04-26</sponsorshipDate>
        <sponsorshipWithdrawnDate />
        <identifiers>
          <gpoId>7902</gpoId>
          <bioguideId>L000287</bioguideId>
          <lisID>688</lisID>
        </identifiers>
        <isOriginalCosponsor>True</isOriginalCosponsor>
        <fullName>Rep. Lewis, John [D-GA-5]</fullName>
        <middleName />
        <bioguideId>L000287</bioguideId>
        <firstName>JOHN</firstName>
        <party>D</party>
        <lastName>LEWIS</lastName>
        <district>5</district>
        <state>GA</state>
      </item>
      <item>
        <sponsorshipDate>2017-04-26</sponsorshipDate>
        <sponsorshipWithdrawnDate />
        <identifiers>
          <bioguideId>L000582</bioguideId>
          <gpoId />
          <lisID>2230</lisID>
        </identifiers>
        <isOriginalCosponsor>True</isOriginalCosponsor>
        <fullName>Rep. Lieu, Ted [D-CA-33]</fullName>
        <middleName />
        <bioguideId>L000582</bioguideId>
        <firstName>Ted</firstName>
        <party>D</party>
        <lastName>Lieu</lastName>
        <district>33</district>
        <state>CA</state>
      </item>
      <item>
        <sponsorshipDate>2017-04-26</sponsorshipDate>
        <sponsorshipWithdrawnDate />
        <identifiers>
          <gpoId>7923</gpoId>
          <lisID>1781</lisID>
          <bioguideId>L000563</bioguideId>
        </identifiers>
        <isOriginalCosponsor>True</isOriginalCosponsor>
        <fullName>Rep. Lipinski, Daniel [D-IL-3]</fullName>
        <middleName>William</middleName>
        <bioguideId>L000563</bioguideId>
        <firstName>Daniel</firstName>
        <party>D</party>
        <lastName>Lipinski</lastName>
        <district>3</district>
        <state>IL</state>
      </item>
      <item>
        <sponsorshipDate>2017-04-26</sponsorshipDate>
        <sponsorshipWithdrawnDate />
        <identifiers>
          <gpoId>8058</gpoId>
          <lisID>1939</lisID>
          <bioguideId>L000570</bioguideId>
        </identifiers>
        <isOriginalCosponsor>True</isOriginalCosponsor>
        <fullName>Rep. Lujan, Ben Ray [D-NM-3]</fullName>
        <middleName>Ray</middleName>
        <bioguideId>L000570</bioguideId>
        <firstName>Ben</firstName>
        <party>D</party>
        <lastName>Lujan</lastName>
        <district>3</district>
        <state>NM</state>
      </item>
      <item>
        <sponsorshipDate>2017-04-26</sponsorshipDate>
        <sponsorshipWithdrawnDate />
        <identifiers>
          <lisID>1653</lisID>
          <bioguideId>M001143</bioguideId>
          <gpoId>8004</gpoId>
        </identifiers>
        <isOriginalCosponsor>True</isOriginalCosponsor>
        <fullName>Rep. McCollum, Betty [D-MN-4]</fullName>
        <middleName />
        <bioguideId>M001143</bioguideId>
        <firstName>BETTY</firstName>
        <party>D</party>
        <lastName>MCCOLLUM</lastName>
        <district>4</district>
        <state>MN</state>
      </item>
      <item>
        <sponsorshipDate>2017-04-26</sponsorshipDate>
        <sponsorshipWithdrawnDate />
        <identifiers>
          <bioguideId>M001196</bioguideId>
          <lisID>2246</lisID>
          <gpoId />
        </identifiers>
        <isOriginalCosponsor>True</isOriginalCosponsor>
        <fullName>Rep. Moulton, Seth [D-MA-6]</fullName>
        <middleName />
        <bioguideId>M001196</bioguideId>
        <firstName>Seth</firstName>
        <party>D</party>
        <lastName>Moulton</lastName>
        <district>6</district>
        <state>MA</state>
      </item>
      <item>
        <sponsorshipDate>2017-04-26</sponsorshipDate>
        <sponsorshipWithdrawnDate />
        <identifiers>
          <lisID>2318</lisID>
          <gpoId />
          <bioguideId>M001202</bioguideId>
        </identifiers>
        <isOriginalCosponsor>True</isOriginalCosponsor>
        <fullName>Rep. Murphy, Stephanie N. [D-FL-7]</fullName>
        <middleName>N.</middleName>
        <bioguideId>M001202</bioguideId>
        <firstName>Stephanie</firstName>
        <party>D</party>
        <lastName>Murphy</lastName>
        <district>7</district>
        <state>FL</state>
      </item>
      <item>
        <sponsorshipDate>2017-04-26</sponsorshipDate>
        <sponsorshipWithdrawnDate />
        <identifiers>
          <bioguideId>N000002</bioguideId>
          <lisID>850</lisID>
          <gpoId>8069</gpoId>
        </identifiers>
        <isOriginalCosponsor>True</isOriginalCosponsor>
        <fullName>Rep. Nadler, Jerrold [D-NY-10]</fullName>
        <middleName />
        <bioguideId>N000002</bioguideId>
        <firstName>JERROLD</firstName>
        <party>D</party>
        <lastName>NADLER</lastName>
        <district>10</district>
        <state>NY</state>
      </item>
      <item>
        <sponsorshipDate>2017-04-26</sponsorshipDate>
        <sponsorshipWithdrawnDate />
        <identifiers>
          <lisID>2202</lisID>
          <gpoId />
          <bioguideId>N000188</bioguideId>
        </identifiers>
        <isOriginalCosponsor>True</isOriginalCosponsor>
        <fullName>Rep. Norcross, Donald [D-NJ-1]</fullName>
        <middleName />
        <bioguideId>N000188</bioguideId>
        <firstName>Donald</firstName>
        <party>D</party>
        <lastName>Norcross</lastName>
        <district>1</district>
        <state>NJ</state>
      </item>
      <item>
        <sponsorshipDate>2017-04-26</sponsorshipDate>
        <sponsorshipWithdrawnDate />
        <identifiers>
          <gpoId>7871</gpoId>
          <lisID>868</lisID>
          <bioguideId>N000147</bioguideId>
        </identifiers>
        <isOriginalCosponsor>True</isOriginalCosponsor>
        <fullName>Rep. Norton, Eleanor Holmes [D-DC-At Large]</fullName>
        <middleName>HOLMES</middleName>
        <bioguideId>N000147</bioguideId>
        <firstName>ELEANOR</firstName>
        <party>D</party>
        <lastName>NORTON</lastName>
        <district>0</district>
        <state>DC</state>
      </item>
      <item>
        <sponsorshipDate>2017-04-26</sponsorshipDate>
        <sponsorshipWithdrawnDate />
        <identifiers>
          <gpoId>8373</gpoId>
          <bioguideId>P000604</bioguideId>
          <lisID>2097</lisID>
        </identifiers>
        <isOriginalCosponsor>True</isOriginalCosponsor>
        <fullName>Rep. Payne, Donald M., Jr. [D-NJ-10]</fullName>
        <middleName>M.</middleName>
        <bioguideId>P000604</bioguideId>
        <firstName>Donald</firstName>
        <party>D</party>
        <lastName>Payne</lastName>
        <district>10</district>
        <state>NJ</state>
      </item>
      <item>
        <sponsorshipDate>2017-04-26</sponsorshipDate>
        <sponsorshipWithdrawnDate />
        <identifiers>
          <bioguideId>P000607</bioguideId>
          <gpoId />
          <lisID>2171</lisID>
        </identifiers>
        <isOriginalCosponsor>True</isOriginalCosponsor>
        <fullName>Rep. Pocan, Mark [D-WI-2]</fullName>
        <middleName />
        <bioguideId>P000607</bioguideId>
        <firstName>Mark</firstName>
        <party>D</party>
        <lastName>Pocan</lastName>
        <district>2</district>
        <state>WI</state>
      </item>
      <item>
        <sponsorshipDate>2017-04-26</sponsorshipDate>
        <sponsorshipWithdrawnDate />
        <identifiers>
          <lisID>2332</lisID>
          <bioguideId>R000606</bioguideId>
          <gpoId />
        </identifiers>
        <isOriginalCosponsor>True</isOriginalCosponsor>
        <fullName>Rep. Raskin, Jamie [D-MD-8]</fullName>
        <middleName />
        <bioguideId>R000606</bioguideId>
        <firstName>Jamie</firstName>
        <party>D</party>
        <lastName>Raskin</lastName>
        <district>8</district>
        <state>MD</state>
      </item>
      <item>
        <sponsorshipDate>2017-04-26</sponsorshipDate>
        <sponsorshipWithdrawnDate />
        <identifiers>
          <lisID>1962</lisID>
          <gpoId>8018</gpoId>
          <bioguideId>S001177</bioguideId>
        </identifiers>
        <isOriginalCosponsor>True</isOriginalCosponsor>
        <fullName>Rep. Sablan, Gregorio Kilili Camacho [D-MP-At Large]</fullName>
        <middleName>Kilili Camacho</middleName>
        <bioguideId>S001177</bioguideId>
        <firstName>Gregorio</firstName>
        <party>D</party>
        <lastName>Sablan</lastName>
        <district>0</district>
        <state>MP</state>
      </item>
      <item>
        <sponsorshipDate>2017-04-26</sponsorshipDate>
        <sponsorshipWithdrawnDate />
        <identifiers>
          <lisID>1593</lisID>
          <bioguideId>T000460</bioguideId>
          <gpoId>7806</gpoId>
        </identifiers>
        <isOriginalCosponsor>True</isOriginalCosponsor>
        <fullName>Rep. Thompson, Mike [D-CA-5]</fullName>
        <middleName />
        <bioguideId>T000460</bioguideId>
        <firstName>MIKE</firstName>
        <party>D</party>
        <lastName>THOMPSON</lastName>
        <district>5</district>
        <state>CA</state>
      </item>
      <item>
        <sponsorshipDate>2017-04-26</sponsorshipDate>
        <sponsorshipWithdrawnDate />
        <identifiers>
          <bioguideId>T000465</bioguideId>
          <lisID>1884</lisID>
          <gpoId>7970</gpoId>
        </identifiers>
        <isOriginalCosponsor>True</isOriginalCosponsor>
        <fullName>Rep. Tsongas, Niki [D-MA-3]</fullName>
        <middleName />
        <bioguideId>T000465</bioguideId>
        <firstName>Niki</firstName>
        <party>D</party>
        <lastName>Tsongas</lastName>
        <district>3</district>
        <state>MA</state>
      </item>
      <item>
        <sponsorshipDate>2017-04-26</sponsorshipDate>
        <sponsorshipWithdrawnDate />
        <identifiers>
          <bioguideId>T000469</bioguideId>
          <lisID>1942</lisID>
          <gpoId>8082</gpoId>
        </identifiers>
        <isOriginalCosponsor>True</isOriginalCosponsor>
        <fullName>Rep. Tonko, Paul [D-NY-20]</fullName>
        <middleName />
        <bioguideId>T000469</bioguideId>
        <firstName>Paul</firstName>
        <party>D</party>
        <lastName>Tonko</lastName>
        <district>20</district>
        <state>NY</state>
      </item>
      <item>
        <sponsorshipDate>2017-04-26</sponsorshipDate>
        <sponsorshipWithdrawnDate />
        <identifiers>
          <bioguideId>W000797</bioguideId>
          <lisID>1777</lisID>
          <gpoId>7892</gpoId>
        </identifiers>
        <isOriginalCosponsor>True</isOriginalCosponsor>
        <fullName>Rep. Wasserman Schultz, Debbie [D-FL-23]</fullName>
        <middleName />
        <bioguideId>W000797</bioguideId>
        <firstName>Debbie</firstName>
        <party>D</party>
        <lastName>Wasserman Schultz</lastName>
        <district>23</district>
        <state>FL</state>
      </item>
      <item>
        <sponsorshipDate>2017-04-26</sponsorshipDate>
        <sponsorshipWithdrawnDate />
        <identifiers>
          <gpoId />
          <bioguideId>W000822</bioguideId>
          <lisID>2259</lisID>
        </identifiers>
        <isOriginalCosponsor>True</isOriginalCosponsor>
        <fullName>Rep. Watson Coleman, Bonnie [D-NJ-12]</fullName>
        <middleName />
        <bioguideId>W000822</bioguideId>
        <firstName>Bonnie</firstName>
        <party>D</party>
        <lastName>Watson Coleman</lastName>
        <district>12</district>
        <state>NJ</state>
      </item>
      <item>
        <sponsorshipDate>2017-04-26</sponsorshipDate>
        <sponsorshipWithdrawnDate />
        <identifiers>
          <gpoId>8073</gpoId>
          <lisID>1184</lisID>
          <bioguideId>V000081</bioguideId>
        </identifiers>
        <isOriginalCosponsor>True</isOriginalCosponsor>
        <fullName>Rep. Velazquez, Nydia M. [D-NY-7]</fullName>
        <middleName>M.</middleName>
        <bioguideId>V000081</bioguideId>
        <firstName>NYDIA</firstName>
        <party>D</party>
        <lastName>VELAZQUEZ</lastName>
        <district>7</district>
        <state>NY</state>
      </item>
      <item>
        <sponsorshipDate>2017-04-26</sponsorshipDate>
        <sponsorshipWithdrawnDate />
        <identifiers>
          <lisID>2004</lisID>
          <bioguideId>W000808</bioguideId>
          <gpoId>7889</gpoId>
        </identifiers>
        <isOriginalCosponsor>True</isOriginalCosponsor>
        <fullName>Rep. Wilson, Frederica S. [D-FL-24]</fullName>
        <middleName>S.</middleName>
        <bioguideId>W000808</bioguideId>
        <firstName>Frederica</firstName>
        <party>D</party>
        <lastName>Wilson</lastName>
        <district>24</district>
        <state>FL</state>
      </item>
      <item>
        <sponsorshipDate>2017-05-03</sponsorshipDate>
        <sponsorshipWithdrawnDate />
        <identifiers>
          <lisID>1037</lisID>
          <gpoId>8194</gpoId>
          <bioguideId>S000185</bioguideId>
        </identifiers>
        <isOriginalCosponsor>False</isOriginalCosponsor>
        <fullName>Rep. Scott, Robert C. "Bobby" [D-VA-3]</fullName>
        <middleName>C. "Bobby"</middleName>
        <bioguideId>S000185</bioguideId>
        <firstName>Robert</firstName>
        <party>D</party>
        <lastName>Scott</lastName>
        <district>3</district>
        <state>VA</state>
      </item>
      <item>
        <sponsorshipDate>2017-05-03</sponsorshipDate>
        <sponsorshipWithdrawnDate />
        <identifiers>
          <lisID>1861</lisID>
          <bioguideId>S001170</bioguideId>
          <gpoId>7528</gpoId>
        </identifiers>
        <isOriginalCosponsor>False</isOriginalCosponsor>
        <fullName>Rep. Shea-Porter, Carol [D-NH-1]</fullName>
        <middleName />
        <bioguideId>S001170</bioguideId>
        <firstName>Carol</firstName>
        <party>D</party>
        <lastName>Shea-Porter</lastName>
        <district>1</district>
        <state>NH</state>
      </item>
    </cosponsors>
  </bill>
  <dublinCore xmlns:dc="http://purl.org/dc/elements/1.1/">
    <dc:format>text/xml</dc:format>
    <dc:language>EN</dc:language>
    <dc:rights>Pursuant to Title 17 Section 105 of the United States Code, this file is not subject to copyright protection and is in the public domain.</dc:rights>
    <dc:contributor>Congressional Research Service, Library of Congress</dc:contributor>
    <dc:description>This file contains bill summaries and statuses for federal legislation. A bill summary describes the most significant provisions of a piece of legislation and details the effects the legislative text may have on current law and federal programs. Bill summaries are authored by the Congressional Research Service (CRS) of the Library of Congress. As stated in Public Law 91-510 (2 USC 166 (d)(6)), one of the duties of CRS is "to prepare summaries and digests of bills and resolutions of a public general nature introduced in the Senate or House of Representatives". For more information, refer to the User Guide that accompanies this file.</dc:description>
  </dublinCore>
</billStatus>

