<?xml version="1.0" encoding="UTF-8"?>
<billStatus>
  <bill>
    <calendarNumbers />
    <constitutionalAuthorityStatementText />
    <congress>115</congress>
    <titles>
      <item>
        <titleType>Official Title as Introduced</titleType>
        <title>Amending the Rules of the House of Representatives to require that before any bill or joint resolution repealing or amending the Patient Protection and Affordable Care Act or the Health Care and Education Affordability Reconciliation Act of 2010 in the House it should be made available on a public website of the House.</title>
        <chamberCode />
        <parentTitleType />
        <chamberName />
      </item>
      <item>
        <titleType>Display Title</titleType>
        <title>Amending the Rules of the House of Representatives to require that before any bill or joint resolution repealing or amending the Patient Protection and Affordable Care Act or the Health Care and Education Affordability Reconciliation Act of 2010 in the House it should be made available on a public website of the House.</title>
        <chamberCode />
        <parentTitleType />
        <chamberName />
      </item>
    </titles>
    <introducedDate>2017-03-08</introducedDate>
    <latestAction>
      <actionDate>2017-03-08</actionDate>
      <text>Referred to the House Committee on Rules.</text>
      <links />
    </latestAction>
    <title>Amending the Rules of the House of Representatives to require that before any bill or joint resolution repealing or amending the Patient Protection and Affordable Care Act or the Health Care and Education Affordability Reconciliation Act of 2010 in the House it should be made available on a public website of the House.</title>
    <subjects>
      <billSubjects>
        <policyArea>
          <name>Congress</name>
        </policyArea>
        <legislativeSubjects>
          <item>
            <name>Government information and archives</name>
          </item>
          <item>
            <name>Health care costs and insurance</name>
          </item>
          <item>
            <name>Health care coverage and access</name>
          </item>
          <item>
            <name>Health programs administration and funding</name>
          </item>
          <item>
            <name>House of Representatives</name>
          </item>
          <item>
            <name>Legislative rules and procedure</name>
          </item>
        </legislativeSubjects>
      </billSubjects>
    </subjects>
    <relatedBills />
    <updateDate>2018-02-06T16:39:38Z</updateDate>
    <committeeReports />
    <notes />
    <recordedVotes />
    <amendments />
    <billType>HRES</billType>
    <committees>
      <billCommittees>
        <item>
          <subcommittees />
          <type>Standing</type>
          <systemCode>hsru00</systemCode>
          <activities>
            <item>
              <name>Referred to</name>
              <date>2017-03-08T15:00:43Z</date>
            </item>
          </activities>
          <name>Rules Committee</name>
          <chamber>House</chamber>
        </item>
      </billCommittees>
    </committees>
    <cboCostEstimates />
    <billNumber>178</billNumber>
    <policyArea>
      <name>Congress</name>
    </policyArea>
    <version>1.0.0</version>
    <createDate>2017-03-09T05:25:07Z</createDate>
    <originChamber>House</originChamber>
    <actions>
      <item>
        <committee>
          <systemCode>hsru00</systemCode>
          <name>Rules Committee</name>
        </committee>
        <sourceSystem>
          <code>2</code>
          <name>House floor actions</name>
        </sourceSystem>
        <actionDate>2017-03-08</actionDate>
        <text>Referred to the House Committee on Rules.</text>
        <links />
        <type>IntroReferral</type>
        <actionCode>H11100</actionCode>
      </item>
      <item>
        <committee />
        <sourceSystem>
          <code>9</code>
          <name>Library of Congress</name>
        </sourceSystem>
        <actionDate>2017-03-08</actionDate>
        <text>Introduced in House</text>
        <links />
        <type>IntroReferral</type>
        <actionCode>Intro-H</actionCode>
      </item>
      <item>
        <committee />
        <sourceSystem>
          <code>9</code>
          <name>Library of Congress</name>
        </sourceSystem>
        <actionDate>2017-03-08</actionDate>
        <text>Introduced in House</text>
        <links />
        <type>IntroReferral</type>
        <actionCode>1000</actionCode>
      </item>
      <actionByCounts>
        <houseOfRepresentatives>3</houseOfRepresentatives>
      </actionByCounts>
      <actionTypeCounts>
        <billReferrals>1</billReferrals>
        <introducedInTheHouse>1</introducedInTheHouse>
        <introducedInHouse>1</introducedInHouse>
      </actionTypeCounts>
    </actions>
    <sponsors>
      <item>
        <party>D</party>
        <bioguideId>K000389</bioguideId>
        <district>17</district>
        <firstName>Ro</firstName>
        <middleName />
        <state>CA</state>
        <fullName>Rep. Khanna, Ro [D-CA-17]</fullName>
        <identifiers>
          <lisID>2308</lisID>
          <gpoId />
          <bioguideId>K000389</bioguideId>
        </identifiers>
        <lastName>Khanna</lastName>
        <byRequestType />
      </item>
    </sponsors>
    <summaries>
      <billSummaries>
        <item>
          <text><![CDATA[<p>Amends Rule XXI (Restrictions on Certain Bills) of the Rules of the House of Representatives to make it out of order to consider:</p> <ul> <li> a bill or joint resolution proposing to repeal or amend the Patient Protection and Affordable Care Act or the Health Care and Education Affordability Reconciliation Act of 2010 unless an easily searchable electronic estimate and comparison prepared by the Congressional Budget Office is made available on a publicly available House website, or</li> <li> a rule or order that waives the application of this resolution.</li> </ul>]]></text>
          <name>Introduced in House</name>
          <lastSummaryUpdateDate>2017-06-15T20:07:47Z</lastSummaryUpdateDate>
          <versionCode>00</versionCode>
          <actionDesc>Introduced in House</actionDesc>
          <updateDate>2017-03-08T05:00:00Z</updateDate>
          <actionDate>2017-03-08</actionDate>
        </item>
      </billSummaries>
    </summaries>
    <laws />
    <cosponsors>
      <item>
        <identifiers>
          <gpoId />
          <lisID>2318</lisID>
          <bioguideId>M001202</bioguideId>
        </identifiers>
        <sponsorshipDate>2017-03-09</sponsorshipDate>
        <district>7</district>
        <middleName>N.</middleName>
        <sponsorshipWithdrawnDate />
        <fullName>Rep. Murphy, Stephanie N. [D-FL-7]</fullName>
        <party>D</party>
        <firstName>Stephanie</firstName>
        <isOriginalCosponsor>False</isOriginalCosponsor>
        <lastName>Murphy</lastName>
        <state>FL</state>
        <bioguideId>M001202</bioguideId>
      </item>
      <item>
        <identifiers>
          <bioguideId>J000294</bioguideId>
          <lisID>2149</lisID>
          <gpoId />
        </identifiers>
        <sponsorshipDate>2017-03-09</sponsorshipDate>
        <district>8</district>
        <middleName>S.</middleName>
        <sponsorshipWithdrawnDate />
        <fullName>Rep. Jeffries, Hakeem S. [D-NY-8]</fullName>
        <party>D</party>
        <firstName>Hakeem</firstName>
        <isOriginalCosponsor>False</isOriginalCosponsor>
        <lastName>Jeffries</lastName>
        <state>NY</state>
        <bioguideId>J000294</bioguideId>
      </item>
      <item>
        <identifiers>
          <bioguideId>N000179</bioguideId>
          <lisID>1602</lisID>
          <gpoId>7843</gpoId>
        </identifiers>
        <sponsorshipDate>2017-03-09</sponsorshipDate>
        <district>32</district>
        <middleName>F.</middleName>
        <sponsorshipWithdrawnDate />
        <fullName>Rep. Napolitano, Grace F. [D-CA-32]</fullName>
        <party>D</party>
        <firstName>GRACE</firstName>
        <isOriginalCosponsor>False</isOriginalCosponsor>
        <lastName>NAPOLITANO</lastName>
        <state>CA</state>
        <bioguideId>N000179</bioguideId>
      </item>
      <item>
        <identifiers>
          <bioguideId>H001050</bioguideId>
          <lisID>2010</lisID>
          <gpoId>7912</gpoId>
        </identifiers>
        <sponsorshipDate>2017-03-09</sponsorshipDate>
        <district>1</district>
        <middleName />
        <sponsorshipWithdrawnDate />
        <fullName>Rep. Hanabusa, Colleen [D-HI-1]</fullName>
        <party>D</party>
        <firstName>Colleen</firstName>
        <isOriginalCosponsor>False</isOriginalCosponsor>
        <lastName>Hanabusa</lastName>
        <state>HI</state>
        <bioguideId>H001050</bioguideId>
      </item>
      <item>
        <identifiers>
          <lisID>2313</lisID>
          <gpoId />
          <bioguideId>B001303</bioguideId>
        </identifiers>
        <sponsorshipDate>2017-03-09</sponsorshipDate>
        <district>0</district>
        <middleName />
        <sponsorshipWithdrawnDate />
        <fullName>Rep. Blunt Rochester, Lisa [D-DE-At Large]</fullName>
        <party>D</party>
        <firstName>Lisa</firstName>
        <isOriginalCosponsor>False</isOriginalCosponsor>
        <lastName>Blunt Rochester</lastName>
        <state>DE</state>
        <bioguideId>B001303</bioguideId>
      </item>
      <item>
        <identifiers>
          <bioguideId>W000800</bioguideId>
          <gpoId>8204</gpoId>
          <lisID>1879</lisID>
        </identifiers>
        <sponsorshipDate>2017-03-09</sponsorshipDate>
        <district>0</district>
        <middleName />
        <sponsorshipWithdrawnDate />
        <fullName>Rep. Welch, Peter [D-VT-At Large]</fullName>
        <party>D</party>
        <firstName>Peter</firstName>
        <isOriginalCosponsor>False</isOriginalCosponsor>
        <lastName>Welch</lastName>
        <state>VT</state>
        <bioguideId>W000800</bioguideId>
      </item>
      <item>
        <identifiers>
          <bioguideId>W000797</bioguideId>
          <lisID>1777</lisID>
          <gpoId>7892</gpoId>
        </identifiers>
        <sponsorshipDate>2017-03-09</sponsorshipDate>
        <district>23</district>
        <middleName />
        <sponsorshipWithdrawnDate />
        <fullName>Rep. Wasserman Schultz, Debbie [D-FL-23]</fullName>
        <party>D</party>
        <firstName>Debbie</firstName>
        <isOriginalCosponsor>False</isOriginalCosponsor>
        <lastName>Wasserman Schultz</lastName>
        <state>FL</state>
        <bioguideId>W000797</bioguideId>
      </item>
      <item>
        <identifiers>
          <gpoId />
          <bioguideId>L000586</bioguideId>
          <lisID>2317</lisID>
        </identifiers>
        <sponsorshipDate>2017-03-09</sponsorshipDate>
        <district>5</district>
        <middleName />
        <sponsorshipWithdrawnDate />
        <fullName>Rep. Lawson, Al, Jr. [D-FL-5]</fullName>
        <party>D</party>
        <firstName>Al</firstName>
        <isOriginalCosponsor>False</isOriginalCosponsor>
        <lastName>Lawson</lastName>
        <state>FL</state>
        <bioguideId>L000586</bioguideId>
      </item>
      <item>
        <identifiers>
          <lisID>91</lisID>
          <bioguideId>B000490</bioguideId>
          <gpoId>7899</gpoId>
        </identifiers>
        <sponsorshipDate>2017-03-10</sponsorshipDate>
        <district>2</district>
        <middleName>D.</middleName>
        <sponsorshipWithdrawnDate />
        <fullName>Rep. Bishop, Sanford D., Jr. [D-GA-2]</fullName>
        <party>D</party>
        <firstName>SANFORD</firstName>
        <isOriginalCosponsor>False</isOriginalCosponsor>
        <lastName>BISHOP</lastName>
        <state>GA</state>
        <bioguideId>B000490</bioguideId>
      </item>
      <item>
        <identifiers>
          <gpoId>7946</gpoId>
          <bioguideId>C001072</bioguideId>
          <lisID>1889</lisID>
        </identifiers>
        <sponsorshipDate>2017-03-10</sponsorshipDate>
        <district>7</district>
        <middleName />
        <sponsorshipWithdrawnDate />
        <fullName>Rep. Carson, Andre [D-IN-7]</fullName>
        <party>D</party>
        <firstName>Andre</firstName>
        <isOriginalCosponsor>False</isOriginalCosponsor>
        <lastName>Carson</lastName>
        <state>IN</state>
        <bioguideId>C001072</bioguideId>
      </item>
      <item>
        <identifiers>
          <lisID>2166</lisID>
          <bioguideId>V000131</bioguideId>
          <gpoId />
        </identifiers>
        <sponsorshipDate>2017-03-17</sponsorshipDate>
        <district>33</district>
        <middleName>A.</middleName>
        <sponsorshipWithdrawnDate />
        <fullName>Rep. Veasey, Marc A. [D-TX-33]</fullName>
        <party>D</party>
        <firstName>Marc</firstName>
        <isOriginalCosponsor>False</isOriginalCosponsor>
        <lastName>Veasey</lastName>
        <state>TX</state>
        <bioguideId>V000131</bioguideId>
      </item>
      <item>
        <identifiers>
          <gpoId>7821</gpoId>
          <bioguideId>L000397</bioguideId>
          <lisID>701</lisID>
        </identifiers>
        <sponsorshipDate>2017-03-17</sponsorshipDate>
        <district>19</district>
        <middleName />
        <sponsorshipWithdrawnDate />
        <fullName>Rep. Lofgren, Zoe [D-CA-19]</fullName>
        <party>D</party>
        <firstName>ZOE</firstName>
        <isOriginalCosponsor>False</isOriginalCosponsor>
        <lastName>LOFGREN</lastName>
        <state>CA</state>
        <bioguideId>L000397</bioguideId>
      </item>
      <item>
        <identifiers>
          <bioguideId>M000312</bioguideId>
          <lisID>1504</lisID>
          <gpoId>7968</gpoId>
        </identifiers>
        <sponsorshipDate>2017-03-24</sponsorshipDate>
        <district>2</district>
        <middleName>P.</middleName>
        <sponsorshipWithdrawnDate />
        <fullName>Rep. McGovern, James P. [D-MA-2]</fullName>
        <party>D</party>
        <firstName>JAMES</firstName>
        <isOriginalCosponsor>False</isOriginalCosponsor>
        <lastName>MCGOVERN</lastName>
        <state>MA</state>
        <bioguideId>M000312</bioguideId>
      </item>
    </cosponsors>
  </bill>
  <dublinCore xmlns:dc="http://purl.org/dc/elements/1.1/">
    <dc:format>text/xml</dc:format>
    <dc:language>EN</dc:language>
    <dc:rights>Pursuant to Title 17 Section 105 of the United States Code, this file is not subject to copyright protection and is in the public domain.</dc:rights>
    <dc:contributor>Congressional Research Service, Library of Congress</dc:contributor>
    <dc:description>This file contains bill summaries and statuses for federal legislation. A bill summary describes the most significant provisions of a piece of legislation and details the effects the legislative text may have on current law and federal programs. Bill summaries are authored by the Congressional Research Service (CRS) of the Library of Congress. As stated in Public Law 91-510 (2 USC 166 (d)(6)), one of the duties of CRS is "to prepare summaries and digests of bills and resolutions of a public general nature introduced in the Senate or House of Representatives". For more information, refer to the User Guide that accompanies this file.</dc:description>
  </dublinCore>
</billStatus>

