<?xml version="1.0" encoding="UTF-8"?>
<billStatus>
  <bill>
    <sponsors>
      <item>
        <fullName>Rep. Green, Al [D-TX-9]</fullName>
        <lastName>Green</lastName>
        <bioguideId>G000553</bioguideId>
        <party>D</party>
        <middleName />
        <state>TX</state>
        <firstName>Al</firstName>
        <district>9</district>
        <byRequestType />
        <identifiers>
          <lisID>1803</lisID>
          <gpoId>8165</gpoId>
          <bioguideId>G000553</bioguideId>
        </identifiers>
      </item>
    </sponsors>
    <laws />
    <version>1.0.0</version>
    <introducedDate>2017-02-01</introducedDate>
    <cboCostEstimates />
    <titles>
      <item>
        <chamberCode />
        <title>Original Black History Month Resolution of 2017</title>
        <titleType>(Extracted from GPO) Short Titles as Introduced</titleType>
        <parentTitleType />
        <chamberName />
      </item>
      <item>
        <chamberCode />
        <title>Original Black History Month Resolution of 2017</title>
        <titleType>Short Titles as Introduced</titleType>
        <parentTitleType />
        <chamberName />
      </item>
      <item>
        <chamberCode />
        <title>Recognizing the significance of Black History Month.</title>
        <titleType>Official Title as Introduced</titleType>
        <parentTitleType />
        <chamberName />
      </item>
      <item>
        <chamberCode />
        <title>Original Black History Month Resolution of 2017</title>
        <titleType>Display Title</titleType>
        <parentTitleType />
        <chamberName />
      </item>
    </titles>
    <amendments />
    <recordedVotes />
    <relatedBills />
    <constitutionalAuthorityStatementText />
    <billType>HRES</billType>
    <actions>
      <actionByCounts>
        <houseOfRepresentatives>3</houseOfRepresentatives>
      </actionByCounts>
      <actionTypeCounts>
        <placeholderTextForB>1</placeholderTextForB>
        <billReferrals>1</billReferrals>
        <introducedInHouse>1</introducedInHouse>
        <introducedInTheHouse>1</introducedInTheHouse>
      </actionTypeCounts>
      <item>
        <actionDate>2017-02-14</actionDate>
        <text>Sponsor introductory remarks on measure. (CR H1173-1175)</text>
        <sourceSystem>
          <name>Library of Congress</name>
          <code>9</code>
        </sourceSystem>
        <committee />
        <links>
          <link>
            <name>H1173-1175</name>
            <url>https://www.congress.gov/congressional-record/volume-163/house-section/page/H1173-1175</url>
          </link>
        </links>
        <actionCode>B00100</actionCode>
        <type>IntroReferral</type>
      </item>
      <item>
        <actionDate>2017-02-01</actionDate>
        <text>Referred to the House Committee on Education and the Workforce.</text>
        <sourceSystem>
          <name>House floor actions</name>
          <code>2</code>
        </sourceSystem>
        <committee>
          <systemCode>hsed00</systemCode>
          <name>Education and the Workforce Committee</name>
        </committee>
        <links />
        <actionCode>H11100</actionCode>
        <type>IntroReferral</type>
      </item>
      <item>
        <actionDate>2017-02-01</actionDate>
        <text>Introduced in House</text>
        <sourceSystem>
          <name>Library of Congress</name>
          <code>9</code>
        </sourceSystem>
        <committee />
        <links />
        <actionCode>Intro-H</actionCode>
        <type>IntroReferral</type>
      </item>
      <item>
        <actionDate>2017-02-01</actionDate>
        <text>Introduced in House</text>
        <sourceSystem>
          <name>Library of Congress</name>
          <code>9</code>
        </sourceSystem>
        <committee />
        <links />
        <actionCode>1000</actionCode>
        <type>IntroReferral</type>
      </item>
    </actions>
    <notes />
    <originChamber>House</originChamber>
    <congress>115</congress>
    <subjects>
      <billSubjects>
        <legislativeSubjects>
          <item>
            <name>Commemorative events and holidays</name>
          </item>
          <item>
            <name>Ethnic studies</name>
          </item>
          <item>
            <name>Racial and ethnic relations</name>
          </item>
          <item>
            <name>Teaching, teachers, curricula</name>
          </item>
          <item>
            <name>U.S. history</name>
          </item>
        </legislativeSubjects>
        <policyArea>
          <name>Civil Rights and Liberties, Minority Issues</name>
        </policyArea>
      </billSubjects>
    </subjects>
    <billNumber>79</billNumber>
    <cosponsors>
      <item>
        <isOriginalCosponsor>True</isOriginalCosponsor>
        <middleName>S.</middleName>
        <sponsorshipDate>2017-02-01</sponsorshipDate>
        <firstName>Alma</firstName>
        <party>D</party>
        <identifiers>
          <lisID>2201</lisID>
          <gpoId />
          <bioguideId>A000370</bioguideId>
        </identifiers>
        <district>12</district>
        <sponsorshipWithdrawnDate />
        <fullName>Rep. Adams, Alma S. [D-NC-12]</fullName>
        <bioguideId>A000370</bioguideId>
        <lastName>Adams</lastName>
        <state>NC</state>
      </item>
      <item>
        <isOriginalCosponsor>True</isOriginalCosponsor>
        <middleName />
        <sponsorshipDate>2017-02-01</sponsorshipDate>
        <firstName>Karen</firstName>
        <party>D</party>
        <identifiers>
          <lisID>1996</lisID>
          <bioguideId>B001270</bioguideId>
          <gpoId>7838</gpoId>
        </identifiers>
        <district>37</district>
        <sponsorshipWithdrawnDate />
        <fullName>Rep. Bass, Karen [D-CA-37]</fullName>
        <bioguideId>B001270</bioguideId>
        <lastName>Bass</lastName>
        <state>CA</state>
      </item>
      <item>
        <isOriginalCosponsor>True</isOriginalCosponsor>
        <middleName />
        <sponsorshipDate>2017-02-01</sponsorshipDate>
        <firstName>Joyce</firstName>
        <party>D</party>
        <identifiers>
          <lisID>2153</lisID>
          <bioguideId>B001281</bioguideId>
          <gpoId />
        </identifiers>
        <district>3</district>
        <sponsorshipWithdrawnDate />
        <fullName>Rep. Beatty, Joyce [D-OH-3]</fullName>
        <bioguideId>B001281</bioguideId>
        <lastName>Beatty</lastName>
        <state>OH</state>
      </item>
      <item>
        <isOriginalCosponsor>True</isOriginalCosponsor>
        <middleName>D.</middleName>
        <sponsorshipDate>2017-02-01</sponsorshipDate>
        <firstName>SANFORD</firstName>
        <party>D</party>
        <identifiers>
          <lisID>91</lisID>
          <gpoId>7899</gpoId>
          <bioguideId>B000490</bioguideId>
        </identifiers>
        <district>2</district>
        <sponsorshipWithdrawnDate />
        <fullName>Rep. Bishop, Sanford D., Jr. [D-GA-2]</fullName>
        <bioguideId>B000490</bioguideId>
        <lastName>BISHOP</lastName>
        <state>GA</state>
      </item>
      <item>
        <isOriginalCosponsor>True</isOriginalCosponsor>
        <middleName />
        <sponsorshipDate>2017-02-01</sponsorshipDate>
        <firstName>Lisa</firstName>
        <party>D</party>
        <identifiers>
          <lisID>2313</lisID>
          <bioguideId>B001303</bioguideId>
          <gpoId />
        </identifiers>
        <district>0</district>
        <sponsorshipWithdrawnDate />
        <fullName>Rep. Blunt Rochester, Lisa [D-DE-At Large]</fullName>
        <bioguideId>B001303</bioguideId>
        <lastName>Blunt Rochester</lastName>
        <state>DE</state>
      </item>
      <item>
        <isOriginalCosponsor>True</isOriginalCosponsor>
        <middleName>G.</middleName>
        <sponsorshipDate>2017-02-01</sponsorshipDate>
        <firstName>Anthony</firstName>
        <party>D</party>
        <identifiers>
          <lisID>2331</lisID>
          <gpoId />
          <bioguideId>B001304</bioguideId>
        </identifiers>
        <district>4</district>
        <sponsorshipWithdrawnDate />
        <fullName>Rep. Brown, Anthony G. [D-MD-4]</fullName>
        <bioguideId>B001304</bioguideId>
        <lastName>Brown</lastName>
        <state>MD</state>
      </item>
      <item>
        <isOriginalCosponsor>True</isOriginalCosponsor>
        <middleName />
        <sponsorshipDate>2017-02-01</sponsorshipDate>
        <firstName>G. K.</firstName>
        <party>D</party>
        <identifiers>
          <gpoId>8024</gpoId>
          <lisID>1761</lisID>
          <bioguideId>B001251</bioguideId>
        </identifiers>
        <district>1</district>
        <sponsorshipWithdrawnDate />
        <fullName>Rep. Butterfield, G. K. [D-NC-1]</fullName>
        <bioguideId>B001251</bioguideId>
        <lastName>Butterfield</lastName>
        <state>NC</state>
      </item>
      <item>
        <isOriginalCosponsor>True</isOriginalCosponsor>
        <middleName />
        <sponsorshipDate>2017-02-01</sponsorshipDate>
        <firstName>Andre</firstName>
        <party>D</party>
        <identifiers>
          <lisID>1889</lisID>
          <bioguideId>C001072</bioguideId>
          <gpoId>7946</gpoId>
        </identifiers>
        <district>7</district>
        <sponsorshipWithdrawnDate />
        <fullName>Rep. Carson, Andre [D-IN-7]</fullName>
        <bioguideId>C001072</bioguideId>
        <lastName>Carson</lastName>
        <state>IN</state>
      </item>
      <item>
        <isOriginalCosponsor>True</isOriginalCosponsor>
        <middleName>D.</middleName>
        <sponsorshipDate>2017-02-01</sponsorshipDate>
        <firstName>Yvette</firstName>
        <party>D</party>
        <identifiers>
          <gpoId>8072</gpoId>
          <bioguideId>C001067</bioguideId>
          <lisID>1864</lisID>
        </identifiers>
        <district>9</district>
        <sponsorshipWithdrawnDate />
        <fullName>Rep. Clarke, Yvette D. [D-NY-9]</fullName>
        <bioguideId>C001067</bioguideId>
        <lastName>Clarke</lastName>
        <state>NY</state>
      </item>
      <item>
        <isOriginalCosponsor>True</isOriginalCosponsor>
        <middleName>LACY</middleName>
        <sponsorshipDate>2017-02-01</sponsorshipDate>
        <firstName>WM.</firstName>
        <party>D</party>
        <identifiers>
          <lisID>1654</lisID>
          <gpoId>8009</gpoId>
          <bioguideId>C001049</bioguideId>
        </identifiers>
        <district>1</district>
        <sponsorshipWithdrawnDate />
        <fullName>Rep. Clay, Wm. Lacy [D-MO-1]</fullName>
        <bioguideId>C001049</bioguideId>
        <lastName>CLAY</lastName>
        <state>MO</state>
      </item>
      <item>
        <isOriginalCosponsor>True</isOriginalCosponsor>
        <middleName />
        <sponsorshipDate>2017-02-01</sponsorshipDate>
        <firstName>Emanuel</firstName>
        <party>D</party>
        <identifiers>
          <lisID>1790</lisID>
          <bioguideId>C001061</bioguideId>
          <gpoId>8013</gpoId>
        </identifiers>
        <district>5</district>
        <sponsorshipWithdrawnDate />
        <fullName>Rep. Cleaver, Emanuel [D-MO-5]</fullName>
        <bioguideId>C001061</bioguideId>
        <lastName>Cleaver</lastName>
        <state>MO</state>
      </item>
      <item>
        <isOriginalCosponsor>True</isOriginalCosponsor>
        <middleName>E.</middleName>
        <sponsorshipDate>2017-02-01</sponsorshipDate>
        <firstName>JAMES</firstName>
        <party>D</party>
        <identifiers>
          <gpoId>8146</gpoId>
          <lisID>208</lisID>
          <bioguideId>C000537</bioguideId>
        </identifiers>
        <district>6</district>
        <sponsorshipWithdrawnDate />
        <fullName>Rep. Clyburn, James E. [D-SC-6]</fullName>
        <bioguideId>C000537</bioguideId>
        <lastName>CLYBURN</lastName>
        <state>SC</state>
      </item>
      <item>
        <isOriginalCosponsor>True</isOriginalCosponsor>
        <middleName />
        <sponsorshipDate>2017-02-01</sponsorshipDate>
        <firstName>JOHN</firstName>
        <party>D</party>
        <identifiers>
          <lisID>229</lisID>
          <bioguideId>C000714</bioguideId>
          <gpoId>7999</gpoId>
        </identifiers>
        <district>13</district>
        <sponsorshipWithdrawnDate />
        <fullName>Rep. Conyers, John, Jr. [D-MI-13]</fullName>
        <bioguideId>C000714</bioguideId>
        <lastName>CONYERS</lastName>
        <state>MI</state>
      </item>
      <item>
        <isOriginalCosponsor>True</isOriginalCosponsor>
        <middleName>E.</middleName>
        <sponsorshipDate>2017-02-01</sponsorshipDate>
        <firstName>ELIJAH</firstName>
        <party>D</party>
        <identifiers>
          <gpoId>7982</gpoId>
          <lisID>256</lisID>
          <bioguideId>C000984</bioguideId>
        </identifiers>
        <district>7</district>
        <sponsorshipWithdrawnDate />
        <fullName>Rep. Cummings, Elijah E. [D-MD-7]</fullName>
        <bioguideId>C000984</bioguideId>
        <lastName>CUMMINGS</lastName>
        <state>MD</state>
      </item>
      <item>
        <isOriginalCosponsor>True</isOriginalCosponsor>
        <middleName>K.</middleName>
        <sponsorshipDate>2017-02-01</sponsorshipDate>
        <firstName>DANNY</firstName>
        <party>D</party>
        <identifiers>
          <lisID>1477</lisID>
          <gpoId>7927</gpoId>
          <bioguideId>D000096</bioguideId>
        </identifiers>
        <district>7</district>
        <sponsorshipWithdrawnDate />
        <fullName>Rep. Davis, Danny K. [D-IL-7]</fullName>
        <bioguideId>D000096</bioguideId>
        <lastName>DAVIS</lastName>
        <state>IL</state>
      </item>
      <item>
        <isOriginalCosponsor>True</isOriginalCosponsor>
        <middleName>Butler</middleName>
        <sponsorshipDate>2017-02-01</sponsorshipDate>
        <firstName>Val</firstName>
        <party>D</party>
        <identifiers>
          <lisID>2320</lisID>
          <bioguideId>D000627</bioguideId>
          <gpoId />
        </identifiers>
        <district>10</district>
        <sponsorshipWithdrawnDate />
        <fullName>Rep. Demings, Val Butler [D-FL-10]</fullName>
        <bioguideId>D000627</bioguideId>
        <lastName>Demings</lastName>
        <state>FL</state>
      </item>
      <item>
        <isOriginalCosponsor>True</isOriginalCosponsor>
        <middleName />
        <sponsorshipDate>2017-02-01</sponsorshipDate>
        <firstName>Keith</firstName>
        <party>D</party>
        <identifiers>
          <bioguideId>E000288</bioguideId>
          <gpoId>8005</gpoId>
          <lisID>1857</lisID>
        </identifiers>
        <district>5</district>
        <sponsorshipWithdrawnDate />
        <fullName>Rep. Ellison, Keith [D-MN-5]</fullName>
        <bioguideId>E000288</bioguideId>
        <lastName>Ellison</lastName>
        <state>MN</state>
      </item>
      <item>
        <isOriginalCosponsor>True</isOriginalCosponsor>
        <middleName />
        <sponsorshipDate>2017-02-01</sponsorshipDate>
        <firstName>Dwight</firstName>
        <party>D</party>
        <identifiers>
          <lisID>2298</lisID>
          <bioguideId>E000296</bioguideId>
          <gpoId />
        </identifiers>
        <district>2</district>
        <sponsorshipWithdrawnDate />
        <fullName>Rep. Evans, Dwight [D-PA-2]</fullName>
        <bioguideId>E000296</bioguideId>
        <lastName>Evans</lastName>
        <state>PA</state>
      </item>
      <item>
        <isOriginalCosponsor>True</isOriginalCosponsor>
        <middleName>L.</middleName>
        <sponsorshipDate>2017-02-01</sponsorshipDate>
        <firstName>Marcia</firstName>
        <party>D</party>
        <identifiers>
          <lisID>1895</lisID>
          <bioguideId>F000455</bioguideId>
          <gpoId>8101</gpoId>
        </identifiers>
        <district>11</district>
        <sponsorshipWithdrawnDate />
        <fullName>Rep. Fudge, Marcia L. [D-OH-11]</fullName>
        <bioguideId>F000455</bioguideId>
        <lastName>Fudge</lastName>
        <state>OH</state>
      </item>
      <item>
        <isOriginalCosponsor>True</isOriginalCosponsor>
        <middleName>L.</middleName>
        <sponsorshipDate>2017-02-01</sponsorshipDate>
        <firstName>ALCEE</firstName>
        <party>D</party>
        <identifiers>
          <bioguideId>H000324</bioguideId>
          <gpoId>7895</gpoId>
          <lisID>511</lisID>
        </identifiers>
        <district>20</district>
        <sponsorshipWithdrawnDate />
        <fullName>Rep. Hastings, Alcee L. [D-FL-20]</fullName>
        <bioguideId>H000324</bioguideId>
        <lastName>HASTINGS</lastName>
        <state>FL</state>
      </item>
      <item>
        <isOriginalCosponsor>True</isOriginalCosponsor>
        <middleName />
        <sponsorshipDate>2017-02-01</sponsorshipDate>
        <firstName>SHEILA</firstName>
        <party>D</party>
        <identifiers>
          <lisID>588</lisID>
          <bioguideId>J000032</bioguideId>
          <gpoId>8174</gpoId>
        </identifiers>
        <district>18</district>
        <sponsorshipWithdrawnDate />
        <fullName>Rep. Jackson Lee, Sheila [D-TX-18]</fullName>
        <bioguideId>J000032</bioguideId>
        <lastName>JACKSON LEE</lastName>
        <state>TX</state>
      </item>
      <item>
        <isOriginalCosponsor>True</isOriginalCosponsor>
        <middleName>S.</middleName>
        <sponsorshipDate>2017-02-01</sponsorshipDate>
        <firstName>Hakeem</firstName>
        <party>D</party>
        <identifiers>
          <bioguideId>J000294</bioguideId>
          <lisID>2149</lisID>
          <gpoId />
        </identifiers>
        <district>8</district>
        <sponsorshipWithdrawnDate />
        <fullName>Rep. Jeffries, Hakeem S. [D-NY-8]</fullName>
        <bioguideId>J000294</bioguideId>
        <lastName>Jeffries</lastName>
        <state>NY</state>
      </item>
      <item>
        <isOriginalCosponsor>True</isOriginalCosponsor>
        <middleName>BERNICE</middleName>
        <sponsorshipDate>2017-02-01</sponsorshipDate>
        <firstName>EDDIE</firstName>
        <party>D</party>
        <identifiers>
          <gpoId>8186</gpoId>
          <lisID>599</lisID>
          <bioguideId>J000126</bioguideId>
        </identifiers>
        <district>30</district>
        <sponsorshipWithdrawnDate />
        <fullName>Rep. Johnson, Eddie Bernice [D-TX-30]</fullName>
        <bioguideId>J000126</bioguideId>
        <lastName>JOHNSON</lastName>
        <state>TX</state>
      </item>
      <item>
        <isOriginalCosponsor>True</isOriginalCosponsor>
        <middleName>C. "Hank"</middleName>
        <sponsorshipDate>2017-02-01</sponsorshipDate>
        <firstName>Henry</firstName>
        <party>D</party>
        <identifiers>
          <gpoId>7901</gpoId>
          <bioguideId>J000288</bioguideId>
          <lisID>1843</lisID>
        </identifiers>
        <district>4</district>
        <sponsorshipWithdrawnDate />
        <fullName>Rep. Johnson, Henry C. "Hank," Jr. [D-GA-4]</fullName>
        <bioguideId>J000288</bioguideId>
        <lastName>Johnson</lastName>
        <state>GA</state>
      </item>
      <item>
        <isOriginalCosponsor>True</isOriginalCosponsor>
        <middleName>L.</middleName>
        <sponsorshipDate>2017-02-01</sponsorshipDate>
        <firstName>Robin</firstName>
        <party>D</party>
        <identifiers>
          <gpoId />
          <lisID>2190</lisID>
          <bioguideId>K000385</bioguideId>
        </identifiers>
        <district>2</district>
        <sponsorshipWithdrawnDate />
        <fullName>Rep. Kelly, Robin L. [D-IL-2]</fullName>
        <bioguideId>K000385</bioguideId>
        <lastName>Kelly</lastName>
        <state>IL</state>
      </item>
      <item>
        <isOriginalCosponsor>True</isOriginalCosponsor>
        <middleName>L.</middleName>
        <sponsorshipDate>2017-02-01</sponsorshipDate>
        <firstName>Brenda</firstName>
        <party>D</party>
        <identifiers>
          <gpoId />
          <bioguideId>L000581</bioguideId>
          <lisID>2252</lisID>
        </identifiers>
        <district>14</district>
        <sponsorshipWithdrawnDate />
        <fullName>Rep. Lawrence, Brenda L. [D-MI-14]</fullName>
        <bioguideId>L000581</bioguideId>
        <lastName>Lawrence</lastName>
        <state>MI</state>
      </item>
      <item>
        <isOriginalCosponsor>True</isOriginalCosponsor>
        <middleName />
        <sponsorshipDate>2017-02-01</sponsorshipDate>
        <firstName>Al</firstName>
        <party>D</party>
        <identifiers>
          <bioguideId>L000586</bioguideId>
          <lisID>2317</lisID>
          <gpoId />
        </identifiers>
        <district>5</district>
        <sponsorshipWithdrawnDate />
        <fullName>Rep. Lawson, Al, Jr. [D-FL-5]</fullName>
        <bioguideId>L000586</bioguideId>
        <lastName>Lawson</lastName>
        <state>FL</state>
      </item>
      <item>
        <isOriginalCosponsor>True</isOriginalCosponsor>
        <middleName />
        <sponsorshipDate>2017-02-01</sponsorshipDate>
        <firstName>BARBARA</firstName>
        <party>D</party>
        <identifiers>
          <bioguideId>L000551</bioguideId>
          <gpoId>7814</gpoId>
          <lisID>1501</lisID>
        </identifiers>
        <district>13</district>
        <sponsorshipWithdrawnDate />
        <fullName>Rep. Lee, Barbara [D-CA-13]</fullName>
        <bioguideId>L000551</bioguideId>
        <lastName>LEE</lastName>
        <state>CA</state>
      </item>
      <item>
        <isOriginalCosponsor>True</isOriginalCosponsor>
        <middleName />
        <sponsorshipDate>2017-02-01</sponsorshipDate>
        <firstName>JOHN</firstName>
        <party>D</party>
        <identifiers>
          <lisID>688</lisID>
          <bioguideId>L000287</bioguideId>
          <gpoId>7902</gpoId>
        </identifiers>
        <district>5</district>
        <sponsorshipWithdrawnDate />
        <fullName>Rep. Lewis, John [D-GA-5]</fullName>
        <bioguideId>L000287</bioguideId>
        <lastName>LEWIS</lastName>
        <state>GA</state>
      </item>
      <item>
        <isOriginalCosponsor>True</isOriginalCosponsor>
        <middleName>Donald</middleName>
        <sponsorshipDate>2017-02-01</sponsorshipDate>
        <firstName>A.</firstName>
        <party>D</party>
        <identifiers>
          <lisID>2352</lisID>
          <gpoId />
          <bioguideId>M001200</bioguideId>
        </identifiers>
        <district>4</district>
        <sponsorshipWithdrawnDate />
        <fullName>Rep. McEachin, A. Donald [D-VA-4]</fullName>
        <bioguideId>M001200</bioguideId>
        <lastName>McEachin</lastName>
        <state>VA</state>
      </item>
      <item>
        <isOriginalCosponsor>True</isOriginalCosponsor>
        <middleName>W.</middleName>
        <sponsorshipDate>2017-02-01</sponsorshipDate>
        <firstName>GREGORY</firstName>
        <party>D</party>
        <identifiers>
          <bioguideId>M001137</bioguideId>
          <gpoId>8067</gpoId>
          <lisID>1506</lisID>
        </identifiers>
        <district>5</district>
        <sponsorshipWithdrawnDate />
        <fullName>Rep. Meeks, Gregory W. [D-NY-5]</fullName>
        <bioguideId>M001137</bioguideId>
        <lastName>MEEKS</lastName>
        <state>NY</state>
      </item>
      <item>
        <isOriginalCosponsor>True</isOriginalCosponsor>
        <middleName />
        <sponsorshipDate>2017-02-01</sponsorshipDate>
        <firstName>Gwen</firstName>
        <party>D</party>
        <identifiers>
          <bioguideId>M001160</bioguideId>
          <lisID>1811</lisID>
          <gpoId>8217</gpoId>
        </identifiers>
        <district>4</district>
        <sponsorshipWithdrawnDate />
        <fullName>Rep. Moore, Gwen [D-WI-4]</fullName>
        <bioguideId>M001160</bioguideId>
        <lastName>Moore</lastName>
        <state>WI</state>
      </item>
      <item>
        <isOriginalCosponsor>True</isOriginalCosponsor>
        <middleName>HOLMES</middleName>
        <sponsorshipDate>2017-02-01</sponsorshipDate>
        <firstName>ELEANOR</firstName>
        <party>D</party>
        <identifiers>
          <lisID>868</lisID>
          <gpoId>7871</gpoId>
          <bioguideId>N000147</bioguideId>
        </identifiers>
        <district>0</district>
        <sponsorshipWithdrawnDate />
        <fullName>Rep. Norton, Eleanor Holmes [D-DC-At Large]</fullName>
        <bioguideId>N000147</bioguideId>
        <lastName>NORTON</lastName>
        <state>DC</state>
      </item>
      <item>
        <isOriginalCosponsor>True</isOriginalCosponsor>
        <middleName>M.</middleName>
        <sponsorshipDate>2017-02-01</sponsorshipDate>
        <firstName>Donald</firstName>
        <party>D</party>
        <identifiers>
          <lisID>2097</lisID>
          <gpoId>8373</gpoId>
          <bioguideId>P000604</bioguideId>
        </identifiers>
        <district>10</district>
        <sponsorshipWithdrawnDate />
        <fullName>Rep. Payne, Donald M., Jr. [D-NJ-10]</fullName>
        <bioguideId>P000604</bioguideId>
        <lastName>Payne</lastName>
        <state>NJ</state>
      </item>
      <item>
        <isOriginalCosponsor>True</isOriginalCosponsor>
        <middleName>E.</middleName>
        <sponsorshipDate>2017-02-01</sponsorshipDate>
        <firstName>Stacey</firstName>
        <party>D</party>
        <identifiers>
          <bioguideId>P000610</bioguideId>
          <lisID>2274</lisID>
          <gpoId />
        </identifiers>
        <district>0</district>
        <sponsorshipWithdrawnDate />
        <fullName>Rep. Plaskett, Stacey E. [D-VI-At Large]</fullName>
        <bioguideId>P000610</bioguideId>
        <lastName>Plaskett</lastName>
        <state>VI</state>
      </item>
      <item>
        <isOriginalCosponsor>True</isOriginalCosponsor>
        <middleName>L.</middleName>
        <sponsorshipDate>2017-02-01</sponsorshipDate>
        <firstName>Cedric</firstName>
        <party>D</party>
        <identifiers>
          <bioguideId>R000588</bioguideId>
          <lisID>2023</lisID>
          <gpoId>7960</gpoId>
        </identifiers>
        <district>2</district>
        <sponsorshipWithdrawnDate />
        <fullName>Rep. Richmond, Cedric L. [D-LA-2]</fullName>
        <bioguideId>R000588</bioguideId>
        <lastName>Richmond</lastName>
        <state>LA</state>
      </item>
      <item>
        <isOriginalCosponsor>True</isOriginalCosponsor>
        <middleName>L.</middleName>
        <sponsorshipDate>2017-02-01</sponsorshipDate>
        <firstName>BOBBY</firstName>
        <party>D</party>
        <identifiers>
          <lisID>1003</lisID>
          <bioguideId>R000515</bioguideId>
          <gpoId>7921</gpoId>
        </identifiers>
        <district>1</district>
        <sponsorshipWithdrawnDate />
        <fullName>Rep. Rush, Bobby L. [D-IL-1]</fullName>
        <bioguideId>R000515</bioguideId>
        <lastName>RUSH</lastName>
        <state>IL</state>
      </item>
      <item>
        <isOriginalCosponsor>True</isOriginalCosponsor>
        <middleName />
        <sponsorshipDate>2017-02-01</sponsorshipDate>
        <firstName>David</firstName>
        <party>D</party>
        <identifiers>
          <gpoId>7910</gpoId>
          <lisID>1722</lisID>
          <bioguideId>S001157</bioguideId>
        </identifiers>
        <district>13</district>
        <sponsorshipWithdrawnDate />
        <fullName>Rep. Scott, David [D-GA-13]</fullName>
        <bioguideId>S001157</bioguideId>
        <lastName>Scott</lastName>
        <state>GA</state>
      </item>
      <item>
        <isOriginalCosponsor>True</isOriginalCosponsor>
        <middleName>C. "Bobby"</middleName>
        <sponsorshipDate>2017-02-01</sponsorshipDate>
        <firstName>Robert</firstName>
        <party>D</party>
        <identifiers>
          <bioguideId>S000185</bioguideId>
          <gpoId>8194</gpoId>
          <lisID>1037</lisID>
        </identifiers>
        <district>3</district>
        <sponsorshipWithdrawnDate />
        <fullName>Rep. Scott, Robert C. "Bobby" [D-VA-3]</fullName>
        <bioguideId>S000185</bioguideId>
        <lastName>Scott</lastName>
        <state>VA</state>
      </item>
      <item>
        <isOriginalCosponsor>True</isOriginalCosponsor>
        <middleName>A.</middleName>
        <sponsorshipDate>2017-02-01</sponsorshipDate>
        <firstName>Terri</firstName>
        <party>D</party>
        <identifiers>
          <lisID>1988</lisID>
          <gpoId>7792</gpoId>
          <bioguideId>S001185</bioguideId>
        </identifiers>
        <district>7</district>
        <sponsorshipWithdrawnDate />
        <fullName>Rep. Sewell, Terri A. [D-AL-7]</fullName>
        <bioguideId>S001185</bioguideId>
        <lastName>Sewell</lastName>
        <state>AL</state>
      </item>
      <item>
        <isOriginalCosponsor>True</isOriginalCosponsor>
        <middleName />
        <sponsorshipDate>2017-02-01</sponsorshipDate>
        <firstName>BENNIE</firstName>
        <party>D</party>
        <identifiers>
          <lisID>1151</lisID>
          <bioguideId>T000193</bioguideId>
          <gpoId>8020</gpoId>
        </identifiers>
        <district>2</district>
        <sponsorshipWithdrawnDate />
        <fullName>Rep. Thompson, Bennie G. [D-MS-2]</fullName>
        <bioguideId>T000193</bioguideId>
        <lastName>THOMPSON</lastName>
        <state>MS</state>
      </item>
      <item>
        <isOriginalCosponsor>True</isOriginalCosponsor>
        <middleName>A.</middleName>
        <sponsorshipDate>2017-02-01</sponsorshipDate>
        <firstName>Marc</firstName>
        <party>D</party>
        <identifiers>
          <lisID>2166</lisID>
          <bioguideId>V000131</bioguideId>
          <gpoId />
        </identifiers>
        <district>33</district>
        <sponsorshipWithdrawnDate />
        <fullName>Rep. Veasey, Marc A. [D-TX-33]</fullName>
        <bioguideId>V000131</bioguideId>
        <lastName>Veasey</lastName>
        <state>TX</state>
      </item>
      <item>
        <isOriginalCosponsor>True</isOriginalCosponsor>
        <middleName />
        <sponsorshipDate>2017-02-01</sponsorshipDate>
        <firstName>MAXINE</firstName>
        <party>D</party>
        <identifiers>
          <gpoId>7840</gpoId>
          <bioguideId>W000187</bioguideId>
          <lisID>1205</lisID>
        </identifiers>
        <district>43</district>
        <sponsorshipWithdrawnDate />
        <fullName>Rep. Waters, Maxine [D-CA-43]</fullName>
        <bioguideId>W000187</bioguideId>
        <lastName>WATERS</lastName>
        <state>CA</state>
      </item>
      <item>
        <isOriginalCosponsor>True</isOriginalCosponsor>
        <middleName />
        <sponsorshipDate>2017-02-01</sponsorshipDate>
        <firstName>Bonnie</firstName>
        <party>D</party>
        <identifiers>
          <bioguideId>W000822</bioguideId>
          <lisID>2259</lisID>
          <gpoId />
        </identifiers>
        <district>12</district>
        <sponsorshipWithdrawnDate />
        <fullName>Rep. Watson Coleman, Bonnie [D-NJ-12]</fullName>
        <bioguideId>W000822</bioguideId>
        <lastName>Watson Coleman</lastName>
        <state>NJ</state>
      </item>
      <item>
        <isOriginalCosponsor>True</isOriginalCosponsor>
        <middleName>S.</middleName>
        <sponsorshipDate>2017-02-01</sponsorshipDate>
        <firstName>Frederica</firstName>
        <party>D</party>
        <identifiers>
          <gpoId>7889</gpoId>
          <lisID>2004</lisID>
          <bioguideId>W000808</bioguideId>
        </identifiers>
        <district>24</district>
        <sponsorshipWithdrawnDate />
        <fullName>Rep. Wilson, Frederica S. [D-FL-24]</fullName>
        <bioguideId>W000808</bioguideId>
        <lastName>Wilson</lastName>
        <state>FL</state>
      </item>
      <item>
        <isOriginalCosponsor>False</isOriginalCosponsor>
        <middleName />
        <sponsorshipDate>2017-02-13</sponsorshipDate>
        <firstName>RICK</firstName>
        <party>D</party>
        <identifiers>
          <bioguideId>L000560</bioguideId>
          <lisID>1675</lisID>
          <gpoId>8206</gpoId>
        </identifiers>
        <district>2</district>
        <sponsorshipWithdrawnDate />
        <fullName>Rep. Larsen, Rick [D-WA-2]</fullName>
        <bioguideId>L000560</bioguideId>
        <lastName>LARSEN</lastName>
        <state>WA</state>
      </item>
      <item>
        <isOriginalCosponsor>False</isOriginalCosponsor>
        <middleName />
        <sponsorshipDate>2017-02-13</sponsorshipDate>
        <firstName>TIM</firstName>
        <party>D</party>
        <identifiers>
          <lisID>1756</lisID>
          <gpoId>8107</gpoId>
          <bioguideId>R000577</bioguideId>
        </identifiers>
        <district>13</district>
        <sponsorshipWithdrawnDate />
        <fullName>Rep. Ryan, Tim [D-OH-13]</fullName>
        <bioguideId>R000577</bioguideId>
        <lastName>RYAN</lastName>
        <state>OH</state>
      </item>
      <item>
        <isOriginalCosponsor>False</isOriginalCosponsor>
        <middleName>E.</middleName>
        <sponsorshipDate>2017-02-13</sponsorshipDate>
        <firstName>JOSE</firstName>
        <party>D</party>
        <identifiers>
          <bioguideId>S000248</bioguideId>
          <gpoId>8077</gpoId>
          <lisID>1042</lisID>
        </identifiers>
        <district>15</district>
        <sponsorshipWithdrawnDate />
        <fullName>Rep. Serrano, Jose E. [D-NY-15]</fullName>
        <bioguideId>S000248</bioguideId>
        <lastName>SERRANO</lastName>
        <state>NY</state>
      </item>
    </cosponsors>
    <summaries>
      <billSummaries>
        <item>
          <versionCode>00</versionCode>
          <updateDate>2017-02-01T05:00:00Z</updateDate>
          <actionDesc>Introduced in House</actionDesc>
          <lastSummaryUpdateDate>2017-02-04T14:56:20Z</lastSummaryUpdateDate>
          <actionDate>2017-02-01</actionDate>
          <name>Introduced in House</name>
          <text><![CDATA[<p><strong>Original Black History Month Resolution of 2017</strong></p> <p>Recognizes: (1) the significance of Black History Month as an important time to acknowledge and celebrate the contributions of African-Americans in the nation's history, and (2) that the ethnic and racial diversity of the United States enriches and strengthens the nation.</p> <p>Encourages: (1) the continued celebration of this month to provide an opportunity for all peoples of the United States to learn more about the past and to better understand the experiences that have shaped the nation, and (2) states to include in their year-round educational curriculum the history and contributions of African-Americans.</p>]]></text>
        </item>
      </billSummaries>
    </summaries>
    <policyArea>
      <name>Civil Rights and Liberties, Minority Issues</name>
    </policyArea>
    <latestAction>
      <links />
      <actionDate>2017-02-14</actionDate>
      <text>Sponsor introductory remarks on measure. (CR H1173-1175)</text>
    </latestAction>
    <updateDate>2018-02-06T16:39:33Z</updateDate>
    <committees>
      <billCommittees>
        <item>
          <chamber>House</chamber>
          <subcommittees />
          <type>Standing</type>
          <activities>
            <item>
              <date>2017-02-01T15:05:45Z</date>
              <name>Referred to</name>
            </item>
          </activities>
          <systemCode>hsed00</systemCode>
          <name>Education and the Workforce Committee</name>
        </item>
      </billCommittees>
    </committees>
    <createDate>2017-02-02T05:28:42Z</createDate>
    <title>Original Black History Month Resolution of 2017</title>
    <committeeReports />
    <calendarNumbers />
  </bill>
  <dublinCore xmlns:dc="http://purl.org/dc/elements/1.1/">
    <dc:format>text/xml</dc:format>
    <dc:language>EN</dc:language>
    <dc:rights>Pursuant to Title 17 Section 105 of the United States Code, this file is not subject to copyright protection and is in the public domain.</dc:rights>
    <dc:contributor>Congressional Research Service, Library of Congress</dc:contributor>
    <dc:description>This file contains bill summaries and statuses for federal legislation. A bill summary describes the most significant provisions of a piece of legislation and details the effects the legislative text may have on current law and federal programs. Bill summaries are authored by the Congressional Research Service (CRS) of the Library of Congress. As stated in Public Law 91-510 (2 USC 166 (d)(6)), one of the duties of CRS is "to prepare summaries and digests of bills and resolutions of a public general nature introduced in the Senate or House of Representatives". For more information, refer to the User Guide that accompanies this file.</dc:description>
  </dublinCore>
</billStatus>

