<?xml version="1.0" encoding="UTF-8"?>
<billStatus>
  <bill>
    <titles>
      <item>
        <chamberName />
        <parentTitleType />
        <chamberCode />
        <titleType>Official Title as Introduced</titleType>
        <title>Disapproving of the United Nations Educational, Scientific and Cultural Organization (UNESCO) World Heritage Committee Inscription of Hebron as a Palestinian World Heritage Site in Danger.</title>
      </item>
      <item>
        <chamberName />
        <parentTitleType />
        <chamberCode />
        <titleType>Display Title</titleType>
        <title>Disapproving of the United Nations Educational, Scientific and Cultural Organization (UNESCO) World Heritage Committee Inscription of Hebron as a Palestinian World Heritage Site in Danger.</title>
      </item>
    </titles>
    <committeeReports />
    <sponsors>
      <item>
        <firstName>ALCEE</firstName>
        <middleName>L.</middleName>
        <identifiers>
          <bioguideId>H000324</bioguideId>
          <lisID>511</lisID>
          <gpoId>7895</gpoId>
        </identifiers>
        <party>D</party>
        <bioguideId>H000324</bioguideId>
        <lastName>HASTINGS</lastName>
        <fullName>Rep. Hastings, Alcee L. [D-FL-20]</fullName>
        <byRequestType />
        <district>20</district>
        <state>FL</state>
      </item>
    </sponsors>
    <title>Disapproving of the United Nations Educational, Scientific and Cultural Organization (UNESCO) World Heritage Committee Inscription of Hebron as a Palestinian World Heritage Site in Danger.</title>
    <actions>
      <actionTypeCounts>
        <placeholderTextForB>1</placeholderTextForB>
        <introducedInTheHouse>1</introducedInTheHouse>
        <introducedInHouse>1</introducedInHouse>
        <billReferrals>1</billReferrals>
      </actionTypeCounts>
      <item>
        <text>Referred to the House Committee on Foreign Affairs.</text>
        <links />
        <actionDate>2017-07-11</actionDate>
        <committee>
          <systemCode>hsfa00</systemCode>
          <name>Foreign Affairs Committee</name>
        </committee>
        <sourceSystem>
          <name>House floor actions</name>
          <code>2</code>
        </sourceSystem>
        <type>IntroReferral</type>
        <actionCode>H11100</actionCode>
      </item>
      <item>
        <text>Sponsor introductory remarks on measure. (CR E958)</text>
        <links>
          <link>
            <url>https://www.congress.gov/congressional-record/volume-163/extensions-of-remarks-section/page/E958</url>
            <name>E958</name>
          </link>
        </links>
        <actionDate>2017-07-11</actionDate>
        <committee />
        <sourceSystem>
          <name>Library of Congress</name>
          <code>9</code>
        </sourceSystem>
        <type>IntroReferral</type>
        <actionCode>B00100</actionCode>
      </item>
      <item>
        <text>Introduced in House</text>
        <links />
        <actionDate>2017-07-11</actionDate>
        <committee />
        <sourceSystem>
          <name>Library of Congress</name>
          <code>9</code>
        </sourceSystem>
        <type>IntroReferral</type>
        <actionCode>Intro-H</actionCode>
      </item>
      <item>
        <text>Introduced in House</text>
        <links />
        <actionDate>2017-07-11</actionDate>
        <committee />
        <sourceSystem>
          <name>Library of Congress</name>
          <code>9</code>
        </sourceSystem>
        <type>IntroReferral</type>
        <actionCode>1000</actionCode>
      </item>
      <actionByCounts>
        <houseOfRepresentatives>3</houseOfRepresentatives>
      </actionByCounts>
    </actions>
    <summaries>
      <billSummaries>
        <item>
          <text><![CDATA[<p>Disapproves of the United Nations Educational, Scientific and Cultural Organization (UNESCO) World Heritage Committee inscription of Hebron as a Palestinian World Heritage Site in Danger.</p> <p>Rejects any future resolution considered by the United Nations (U.N.) that is inherently anti-Israel or seeks to impose a solution on final status issues related to the Israeli-Palestinian peace process.</p> <p>Urges members of the U.N. to refrain from further inflaming tensions in Israel and the Palestinian territories with historically revisionist and anti-Israel resolutions.</p> <ul> </ul>]]></text>
          <name>Introduced in House</name>
          <lastSummaryUpdateDate>2017-09-28T20:42:40Z</lastSummaryUpdateDate>
          <versionCode>00</versionCode>
          <actionDesc>Introduced in House</actionDesc>
          <updateDate>2017-07-11T04:00:00Z</updateDate>
          <actionDate>2017-07-11</actionDate>
        </item>
      </billSummaries>
    </summaries>
    <constitutionalAuthorityStatementText />
    <billNumber>433</billNumber>
    <calendarNumbers />
    <originChamber>House</originChamber>
    <version>1.0.0</version>
    <subjects>
      <billSubjects>
        <legislativeSubjects>
          <item>
            <name>Arab-Israeli relations</name>
          </item>
          <item>
            <name>Historic sites and heritage areas</name>
          </item>
          <item>
            <name>Israel</name>
          </item>
          <item>
            <name>Middle East</name>
          </item>
          <item>
            <name>Palestinians</name>
          </item>
          <item>
            <name>United Nations</name>
          </item>
        </legislativeSubjects>
        <policyArea>
          <name>International Affairs</name>
        </policyArea>
      </billSubjects>
    </subjects>
    <cosponsors>
      <item>
        <isOriginalCosponsor>False</isOriginalCosponsor>
        <firstName>Randy</firstName>
        <party>R</party>
        <sponsorshipDate>2017-07-12</sponsorshipDate>
        <lastName>Weber</lastName>
        <bioguideId>W000814</bioguideId>
        <middleName>K.</middleName>
        <identifiers>
          <lisID>2161</lisID>
          <bioguideId>W000814</bioguideId>
          <gpoId />
        </identifiers>
        <fullName>Rep. Weber, Randy K., Sr. [R-TX-14]</fullName>
        <state>TX</state>
        <district>14</district>
        <sponsorshipWithdrawnDate />
      </item>
      <item>
        <isOriginalCosponsor>False</isOriginalCosponsor>
        <firstName>Ted</firstName>
        <party>R</party>
        <sponsorshipDate>2017-07-18</sponsorshipDate>
        <lastName>Poe</lastName>
        <bioguideId>P000592</bioguideId>
        <middleName />
        <identifiers>
          <bioguideId>P000592</bioguideId>
          <lisID>1802</lisID>
          <gpoId>8158</gpoId>
        </identifiers>
        <fullName>Rep. Poe, Ted [R-TX-2]</fullName>
        <state>TX</state>
        <district>2</district>
        <sponsorshipWithdrawnDate />
      </item>
      <item>
        <isOriginalCosponsor>False</isOriginalCosponsor>
        <firstName>Todd</firstName>
        <party>R</party>
        <sponsorshipDate>2017-07-25</sponsorshipDate>
        <lastName>Rokita</lastName>
        <bioguideId>R000592</bioguideId>
        <middleName />
        <identifiers>
          <bioguideId>R000592</bioguideId>
          <gpoId>7943</gpoId>
          <lisID>2017</lisID>
        </identifiers>
        <fullName>Rep. Rokita, Todd [R-IN-4]</fullName>
        <state>IN</state>
        <district>4</district>
        <sponsorshipWithdrawnDate />
      </item>
      <item>
        <isOriginalCosponsor>False</isOriginalCosponsor>
        <firstName>Glenn</firstName>
        <party>R</party>
        <sponsorshipDate>2017-09-26</sponsorshipDate>
        <lastName>Grothman</lastName>
        <bioguideId>G000576</bioguideId>
        <middleName />
        <identifiers>
          <lisID>2276</lisID>
          <gpoId />
          <bioguideId>G000576</bioguideId>
        </identifiers>
        <fullName>Rep. Grothman, Glenn [R-WI-6]</fullName>
        <state>WI</state>
        <district>6</district>
        <sponsorshipWithdrawnDate />
      </item>
    </cosponsors>
    <latestAction>
      <text>Referred to the House Committee on Foreign Affairs.</text>
      <links />
      <actionDate>2017-07-11</actionDate>
    </latestAction>
    <laws />
    <notes />
    <createDate>2017-07-12T03:11:32Z</createDate>
    <billType>HRES</billType>
    <updateDate>2018-02-06T16:39:52Z</updateDate>
    <relatedBills />
    <cboCostEstimates />
    <introducedDate>2017-07-11</introducedDate>
    <amendments />
    <policyArea>
      <name>International Affairs</name>
    </policyArea>
    <recordedVotes />
    <congress>115</congress>
    <committees>
      <billCommittees>
        <item>
          <chamber>House</chamber>
          <subcommittees />
          <type>Standing</type>
          <activities>
            <item>
              <date>2017-07-11T16:01:05Z</date>
              <name>Referred to</name>
            </item>
          </activities>
          <systemCode>hsfa00</systemCode>
          <name>Foreign Affairs Committee</name>
        </item>
      </billCommittees>
    </committees>
  </bill>
  <dublinCore xmlns:dc="http://purl.org/dc/elements/1.1/">
    <dc:format>text/xml</dc:format>
    <dc:language>EN</dc:language>
    <dc:rights>Pursuant to Title 17 Section 105 of the United States Code, this file is not subject to copyright protection and is in the public domain.</dc:rights>
    <dc:contributor>Congressional Research Service, Library of Congress</dc:contributor>
    <dc:description>This file contains bill summaries and statuses for federal legislation. A bill summary describes the most significant provisions of a piece of legislation and details the effects the legislative text may have on current law and federal programs. Bill summaries are authored by the Congressional Research Service (CRS) of the Library of Congress. As stated in Public Law 91-510 (2 USC 166 (d)(6)), one of the duties of CRS is "to prepare summaries and digests of bills and resolutions of a public general nature introduced in the Senate or House of Representatives". For more information, refer to the User Guide that accompanies this file.</dc:description>
  </dublinCore>
</billStatus>

