<?xml version="1.0" encoding="UTF-8"?>
<billStatus>
  <bill>
    <committeeReports />
    <originChamber>House</originChamber>
    <billNumber>419</billNumber>
    <actions>
      <actionByCounts>
        <houseOfRepresentatives>4</houseOfRepresentatives>
      </actionByCounts>
      <actionTypeCounts>
        <placeholderTextForB>1</placeholderTextForB>
        <billReferrals>1</billReferrals>
        <placeholderTextForH>1</placeholderTextForH>
        <introducedInHouse>1</introducedInHouse>
        <introducedInTheHouse>1</introducedInTheHouse>
      </actionTypeCounts>
      <item>
        <actionDate>2017-06-28</actionDate>
        <committee>
          <systemCode>hsju10</systemCode>
          <name>Constitution and Civil Justice Subcommittee</name>
        </committee>
        <links />
        <sourceSystem>
          <name>House committee actions</name>
          <code>1</code>
        </sourceSystem>
        <text>Referred to the Subcommittee on the Constitution and Civil Justice.</text>
        <type>Committee</type>
      </item>
      <item>
        <actionDate>2017-06-28</actionDate>
        <text>Referred to the House Committee on the Judiciary.</text>
        <sourceSystem>
          <name>House floor actions</name>
          <code>2</code>
        </sourceSystem>
        <committee>
          <systemCode>hsju00</systemCode>
          <name>Judiciary Committee</name>
        </committee>
        <links />
        <actionCode>H11100</actionCode>
        <type>IntroReferral</type>
      </item>
      <item>
        <actionDate>2017-06-28</actionDate>
        <text>Sponsor introductory remarks on measure. (CR H5293-5294)</text>
        <sourceSystem>
          <name>Library of Congress</name>
          <code>9</code>
        </sourceSystem>
        <committee />
        <links>
          <link>
            <name>H5293-5294</name>
            <url>https://www.congress.gov/congressional-record/volume-163/house-section/page/H5293-5294</url>
          </link>
        </links>
        <actionCode>B00100</actionCode>
        <type>IntroReferral</type>
      </item>
      <item>
        <actionDate>2017-06-28</actionDate>
        <text>Introduced in House</text>
        <sourceSystem>
          <name>Library of Congress</name>
          <code>9</code>
        </sourceSystem>
        <committee />
        <links />
        <actionCode>Intro-H</actionCode>
        <type>IntroReferral</type>
      </item>
      <item>
        <actionDate>2017-06-28</actionDate>
        <text>Introduced in House</text>
        <sourceSystem>
          <name>Library of Congress</name>
          <code>9</code>
        </sourceSystem>
        <committee />
        <links />
        <actionCode>1000</actionCode>
        <type>IntroReferral</type>
      </item>
    </actions>
    <calendarNumbers />
    <updateDate>2018-02-06T16:39:51Z</updateDate>
    <cosponsors>
      <item>
        <isOriginalCosponsor>True</isOriginalCosponsor>
        <middleName />
        <sponsorshipDate>2017-06-28</sponsorshipDate>
        <firstName>BRAD</firstName>
        <party>D</party>
        <identifiers>
          <gpoId>7832</gpoId>
          <lisID>1526</lisID>
          <bioguideId>S000344</bioguideId>
        </identifiers>
        <district>30</district>
        <sponsorshipWithdrawnDate />
        <fullName>Rep. Sherman, Brad [D-CA-30]</fullName>
        <bioguideId>S000344</bioguideId>
        <lastName>SHERMAN</lastName>
        <state>CA</state>
      </item>
      <item>
        <isOriginalCosponsor>True</isOriginalCosponsor>
        <middleName />
        <sponsorshipDate>2017-06-28</sponsorshipDate>
        <firstName>Lisa</firstName>
        <party>D</party>
        <identifiers>
          <gpoId />
          <bioguideId>B001303</bioguideId>
          <lisID>2313</lisID>
        </identifiers>
        <district>0</district>
        <sponsorshipWithdrawnDate />
        <fullName>Rep. Blunt Rochester, Lisa [D-DE-At Large]</fullName>
        <bioguideId>B001303</bioguideId>
        <lastName>Blunt Rochester</lastName>
        <state>DE</state>
      </item>
      <item>
        <isOriginalCosponsor>True</isOriginalCosponsor>
        <middleName />
        <sponsorshipDate>2017-06-28</sponsorshipDate>
        <firstName>Jimmy</firstName>
        <party>D</party>
        <identifiers>
          <lisID>2309</lisID>
          <bioguideId>P000613</bioguideId>
          <gpoId />
        </identifiers>
        <district>20</district>
        <sponsorshipWithdrawnDate />
        <fullName>Rep. Panetta, Jimmy [D-CA-20]</fullName>
        <bioguideId>P000613</bioguideId>
        <lastName>Panetta</lastName>
        <state>CA</state>
      </item>
      <item>
        <isOriginalCosponsor>True</isOriginalCosponsor>
        <middleName />
        <sponsorshipDate>2017-06-28</sponsorshipDate>
        <firstName>Jackie</firstName>
        <party>D</party>
        <identifiers>
          <gpoId>7817</gpoId>
          <lisID>1890</lisID>
          <bioguideId>S001175</bioguideId>
        </identifiers>
        <district>14</district>
        <sponsorshipWithdrawnDate />
        <fullName>Rep. Speier, Jackie [D-CA-14]</fullName>
        <bioguideId>S001175</bioguideId>
        <lastName>Speier</lastName>
        <state>CA</state>
      </item>
      <item>
        <isOriginalCosponsor>True</isOriginalCosponsor>
        <middleName />
        <sponsorshipDate>2017-06-28</sponsorshipDate>
        <firstName>Donald</firstName>
        <party>D</party>
        <identifiers>
          <lisID>2202</lisID>
          <gpoId />
          <bioguideId>N000188</bioguideId>
        </identifiers>
        <district>1</district>
        <sponsorshipWithdrawnDate />
        <fullName>Rep. Norcross, Donald [D-NJ-1]</fullName>
        <bioguideId>N000188</bioguideId>
        <lastName>Norcross</lastName>
        <state>NJ</state>
      </item>
      <item>
        <isOriginalCosponsor>True</isOriginalCosponsor>
        <middleName />
        <sponsorshipDate>2017-06-28</sponsorshipDate>
        <firstName>SHEILA</firstName>
        <party>D</party>
        <identifiers>
          <gpoId>8174</gpoId>
          <lisID>588</lisID>
          <bioguideId>J000032</bioguideId>
        </identifiers>
        <district>18</district>
        <sponsorshipWithdrawnDate />
        <fullName>Rep. Jackson Lee, Sheila [D-TX-18]</fullName>
        <bioguideId>J000032</bioguideId>
        <lastName>JACKSON LEE</lastName>
        <state>TX</state>
      </item>
      <item>
        <isOriginalCosponsor>True</isOriginalCosponsor>
        <middleName>Patrick</middleName>
        <sponsorshipDate>2017-06-28</sponsorshipDate>
        <firstName>Sean</firstName>
        <party>D</party>
        <identifiers>
          <bioguideId>M001185</bioguideId>
          <gpoId />
          <lisID>2150</lisID>
        </identifiers>
        <district>18</district>
        <sponsorshipWithdrawnDate />
        <fullName>Rep. Maloney, Sean Patrick [D-NY-18]</fullName>
        <bioguideId>M001185</bioguideId>
        <lastName>Maloney</lastName>
        <state>NY</state>
      </item>
      <item>
        <isOriginalCosponsor>True</isOriginalCosponsor>
        <middleName>O.</middleName>
        <sponsorshipDate>2017-06-28</sponsorshipDate>
        <firstName>Salud</firstName>
        <party>D</party>
        <identifiers>
          <lisID>2310</lisID>
          <bioguideId>C001112</bioguideId>
          <gpoId />
        </identifiers>
        <district>24</district>
        <sponsorshipWithdrawnDate />
        <fullName>Rep. Carbajal, Salud O. [D-CA-24]</fullName>
        <bioguideId>C001112</bioguideId>
        <lastName>Carbajal</lastName>
        <state>CA</state>
      </item>
      <item>
        <isOriginalCosponsor>True</isOriginalCosponsor>
        <middleName>C. "Hank"</middleName>
        <sponsorshipDate>2017-06-28</sponsorshipDate>
        <firstName>Henry</firstName>
        <party>D</party>
        <identifiers>
          <gpoId>7901</gpoId>
          <bioguideId>J000288</bioguideId>
          <lisID>1843</lisID>
        </identifiers>
        <district>4</district>
        <sponsorshipWithdrawnDate />
        <fullName>Rep. Johnson, Henry C. "Hank," Jr. [D-GA-4]</fullName>
        <bioguideId>J000288</bioguideId>
        <lastName>Johnson</lastName>
        <state>GA</state>
      </item>
      <item>
        <isOriginalCosponsor>True</isOriginalCosponsor>
        <middleName>Luis</middleName>
        <sponsorshipDate>2017-06-28</sponsorshipDate>
        <firstName>J.</firstName>
        <party>D</party>
        <identifiers>
          <bioguideId>C001110</bioguideId>
          <lisID>2312</lisID>
          <gpoId />
        </identifiers>
        <district>46</district>
        <sponsorshipWithdrawnDate />
        <fullName>Rep. Correa, J. Luis [D-CA-46]</fullName>
        <bioguideId>C001110</bioguideId>
        <lastName>Correa</lastName>
        <state>CA</state>
      </item>
      <item>
        <isOriginalCosponsor>True</isOriginalCosponsor>
        <middleName>M.</middleName>
        <sponsorshipDate>2017-06-28</sponsorshipDate>
        <firstName>Katherine</firstName>
        <party>D</party>
        <identifiers>
          <gpoId />
          <bioguideId>C001101</bioguideId>
          <lisID>2196</lisID>
        </identifiers>
        <district>5</district>
        <sponsorshipWithdrawnDate />
        <fullName>Rep. Clark, Katherine M. [D-MA-5]</fullName>
        <bioguideId>C001101</bioguideId>
        <lastName>Clark</lastName>
        <state>MA</state>
      </item>
      <item>
        <isOriginalCosponsor>True</isOriginalCosponsor>
        <middleName />
        <sponsorshipDate>2017-06-28</sponsorshipDate>
        <firstName>Ruben</firstName>
        <party>D</party>
        <identifiers>
          <gpoId />
          <bioguideId>G000574</bioguideId>
          <lisID>2226</lisID>
        </identifiers>
        <district>7</district>
        <sponsorshipWithdrawnDate />
        <fullName>Rep. Gallego, Ruben [D-AZ-7]</fullName>
        <bioguideId>G000574</bioguideId>
        <lastName>Gallego</lastName>
        <state>AZ</state>
      </item>
      <item>
        <isOriginalCosponsor>True</isOriginalCosponsor>
        <middleName>Diaz</middleName>
        <sponsorshipDate>2017-06-28</sponsorshipDate>
        <firstName>Nanette</firstName>
        <party>D</party>
        <identifiers>
          <lisID>2311</lisID>
          <bioguideId>B001300</bioguideId>
          <gpoId />
        </identifiers>
        <district>44</district>
        <sponsorshipWithdrawnDate />
        <fullName>Rep. Barragan, Nanette Diaz [D-CA-44]</fullName>
        <bioguideId>B001300</bioguideId>
        <lastName>Barragan</lastName>
        <state>CA</state>
      </item>
      <item>
        <isOriginalCosponsor>True</isOriginalCosponsor>
        <middleName />
        <sponsorshipDate>2017-06-28</sponsorshipDate>
        <firstName>Andre</firstName>
        <party>D</party>
        <identifiers>
          <lisID>1889</lisID>
          <bioguideId>C001072</bioguideId>
          <gpoId>7946</gpoId>
        </identifiers>
        <district>7</district>
        <sponsorshipWithdrawnDate />
        <fullName>Rep. Carson, Andre [D-IN-7]</fullName>
        <bioguideId>C001072</bioguideId>
        <lastName>Carson</lastName>
        <state>IN</state>
      </item>
      <item>
        <isOriginalCosponsor>True</isOriginalCosponsor>
        <middleName />
        <sponsorshipDate>2017-06-28</sponsorshipDate>
        <firstName>Mark</firstName>
        <party>D</party>
        <identifiers>
          <lisID>2110</lisID>
          <bioguideId>T000472</bioguideId>
          <gpoId />
        </identifiers>
        <district>41</district>
        <sponsorshipWithdrawnDate />
        <fullName>Rep. Takano, Mark [D-CA-41]</fullName>
        <bioguideId>T000472</bioguideId>
        <lastName>Takano</lastName>
        <state>CA</state>
      </item>
      <item>
        <isOriginalCosponsor>True</isOriginalCosponsor>
        <middleName />
        <sponsorshipDate>2017-06-28</sponsorshipDate>
        <firstName>Seth</firstName>
        <party>D</party>
        <identifiers>
          <bioguideId>M001196</bioguideId>
          <lisID>2246</lisID>
          <gpoId />
        </identifiers>
        <district>6</district>
        <sponsorshipWithdrawnDate />
        <fullName>Rep. Moulton, Seth [D-MA-6]</fullName>
        <bioguideId>M001196</bioguideId>
        <lastName>Moulton</lastName>
        <state>MA</state>
      </item>
      <item>
        <isOriginalCosponsor>True</isOriginalCosponsor>
        <middleName />
        <sponsorshipDate>2017-06-28</sponsorshipDate>
        <firstName>Juan</firstName>
        <party>D</party>
        <identifiers>
          <lisID>2112</lisID>
          <bioguideId>V000130</bioguideId>
          <gpoId />
        </identifiers>
        <district>51</district>
        <sponsorshipWithdrawnDate />
        <fullName>Rep. Vargas, Juan [D-CA-51]</fullName>
        <bioguideId>V000130</bioguideId>
        <lastName>Vargas</lastName>
        <state>CA</state>
      </item>
      <item>
        <isOriginalCosponsor>True</isOriginalCosponsor>
        <middleName />
        <sponsorshipDate>2017-06-28</sponsorshipDate>
        <firstName>Gwen</firstName>
        <party>D</party>
        <identifiers>
          <gpoId>8217</gpoId>
          <lisID>1811</lisID>
          <bioguideId>M001160</bioguideId>
        </identifiers>
        <district>4</district>
        <sponsorshipWithdrawnDate />
        <fullName>Rep. Moore, Gwen [D-WI-4]</fullName>
        <bioguideId>M001160</bioguideId>
        <lastName>Moore</lastName>
        <state>WI</state>
      </item>
      <item>
        <isOriginalCosponsor>True</isOriginalCosponsor>
        <middleName>A.</middleName>
        <sponsorshipDate>2017-06-28</sponsorshipDate>
        <firstName>SUSAN</firstName>
        <party>D</party>
        <identifiers>
          <lisID>1641</lisID>
          <bioguideId>D000598</bioguideId>
          <gpoId>7858</gpoId>
        </identifiers>
        <district>53</district>
        <sponsorshipWithdrawnDate />
        <fullName>Rep. Davis, Susan A. [D-CA-53]</fullName>
        <bioguideId>D000598</bioguideId>
        <lastName>DAVIS</lastName>
        <state>CA</state>
      </item>
      <item>
        <isOriginalCosponsor>True</isOriginalCosponsor>
        <middleName />
        <sponsorshipDate>2017-06-28</sponsorshipDate>
        <firstName>Bonnie</firstName>
        <party>D</party>
        <identifiers>
          <lisID>2259</lisID>
          <gpoId />
          <bioguideId>W000822</bioguideId>
        </identifiers>
        <district>12</district>
        <sponsorshipWithdrawnDate />
        <fullName>Rep. Watson Coleman, Bonnie [D-NJ-12]</fullName>
        <bioguideId>W000822</bioguideId>
        <lastName>Watson Coleman</lastName>
        <state>NJ</state>
      </item>
      <item>
        <isOriginalCosponsor>True</isOriginalCosponsor>
        <middleName />
        <sponsorshipDate>2017-06-28</sponsorshipDate>
        <firstName>Peter</firstName>
        <party>D</party>
        <identifiers>
          <bioguideId>W000800</bioguideId>
          <lisID>1879</lisID>
          <gpoId>8204</gpoId>
        </identifiers>
        <district>0</district>
        <sponsorshipWithdrawnDate />
        <fullName>Rep. Welch, Peter [D-VT-At Large]</fullName>
        <bioguideId>W000800</bioguideId>
        <lastName>Welch</lastName>
        <state>VT</state>
      </item>
      <item>
        <isOriginalCosponsor>True</isOriginalCosponsor>
        <middleName>J.</middleName>
        <sponsorshipDate>2017-06-28</sponsorshipDate>
        <firstName>Ruben</firstName>
        <party>D</party>
        <identifiers>
          <gpoId />
          <bioguideId>K000390</bioguideId>
          <lisID>2340</lisID>
        </identifiers>
        <district>4</district>
        <sponsorshipWithdrawnDate />
        <fullName>Rep. Kihuen, Ruben J. [D-NV-4]</fullName>
        <bioguideId>K000390</bioguideId>
        <lastName>Kihuen</lastName>
        <state>NV</state>
      </item>
      <item>
        <isOriginalCosponsor>True</isOriginalCosponsor>
        <middleName>C. "Bobby"</middleName>
        <sponsorshipDate>2017-06-28</sponsorshipDate>
        <firstName>Robert</firstName>
        <party>D</party>
        <identifiers>
          <bioguideId>S000185</bioguideId>
          <lisID>1037</lisID>
          <gpoId>8194</gpoId>
        </identifiers>
        <district>3</district>
        <sponsorshipWithdrawnDate />
        <fullName>Rep. Scott, Robert C. "Bobby" [D-VA-3]</fullName>
        <bioguideId>S000185</bioguideId>
        <lastName>Scott</lastName>
        <state>VA</state>
      </item>
      <item>
        <isOriginalCosponsor>True</isOriginalCosponsor>
        <middleName />
        <sponsorshipDate>2017-06-28</sponsorshipDate>
        <firstName>Colleen</firstName>
        <party>D</party>
        <identifiers>
          <lisID>2010</lisID>
          <gpoId>7912</gpoId>
          <bioguideId>H001050</bioguideId>
        </identifiers>
        <district>1</district>
        <sponsorshipWithdrawnDate />
        <fullName>Rep. Hanabusa, Colleen [D-HI-1]</fullName>
        <bioguideId>H001050</bioguideId>
        <lastName>Hanabusa</lastName>
        <state>HI</state>
      </item>
      <item>
        <isOriginalCosponsor>True</isOriginalCosponsor>
        <middleName />
        <sponsorshipDate>2017-06-28</sponsorshipDate>
        <firstName>Jared</firstName>
        <party>D</party>
        <identifiers>
          <lisID>1910</lisID>
          <gpoId>7860</gpoId>
          <bioguideId>P000598</bioguideId>
        </identifiers>
        <district>2</district>
        <sponsorshipWithdrawnDate />
        <fullName>Rep. Polis, Jared [D-CO-2]</fullName>
        <bioguideId>P000598</bioguideId>
        <lastName>Polis</lastName>
        <state>CO</state>
      </item>
      <item>
        <isOriginalCosponsor>True</isOriginalCosponsor>
        <middleName>B.</middleName>
        <sponsorshipDate>2017-06-28</sponsorshipDate>
        <firstName>ADAM</firstName>
        <party>D</party>
        <identifiers>
          <bioguideId>S001150</bioguideId>
          <lisID>1635</lisID>
          <gpoId>7834</gpoId>
        </identifiers>
        <district>28</district>
        <sponsorshipWithdrawnDate />
        <fullName>Rep. Schiff, Adam B. [D-CA-28]</fullName>
        <bioguideId>S001150</bioguideId>
        <lastName>SCHIFF</lastName>
        <state>CA</state>
      </item>
      <item>
        <isOriginalCosponsor>True</isOriginalCosponsor>
        <middleName />
        <sponsorshipDate>2017-06-28</sponsorshipDate>
        <firstName>Jamie</firstName>
        <party>D</party>
        <identifiers>
          <bioguideId>R000606</bioguideId>
          <gpoId />
          <lisID>2332</lisID>
        </identifiers>
        <district>8</district>
        <sponsorshipWithdrawnDate />
        <fullName>Rep. Raskin, Jamie [D-MD-8]</fullName>
        <bioguideId>R000606</bioguideId>
        <lastName>Raskin</lastName>
        <state>MD</state>
      </item>
      <item>
        <isOriginalCosponsor>True</isOriginalCosponsor>
        <middleName />
        <sponsorshipDate>2017-06-28</sponsorshipDate>
        <firstName>Mike</firstName>
        <party>D</party>
        <identifiers>
          <lisID>1967</lisID>
          <bioguideId>Q000023</bioguideId>
          <gpoId>7925</gpoId>
        </identifiers>
        <district>5</district>
        <sponsorshipWithdrawnDate />
        <fullName>Rep. Quigley, Mike [D-IL-5]</fullName>
        <bioguideId>Q000023</bioguideId>
        <lastName>Quigley</lastName>
        <state>IL</state>
      </item>
      <item>
        <isOriginalCosponsor>True</isOriginalCosponsor>
        <middleName>HOLMES</middleName>
        <sponsorshipDate>2017-06-28</sponsorshipDate>
        <firstName>ELEANOR</firstName>
        <party>D</party>
        <identifiers>
          <lisID>868</lisID>
          <gpoId>7871</gpoId>
          <bioguideId>N000147</bioguideId>
        </identifiers>
        <district>0</district>
        <sponsorshipWithdrawnDate />
        <fullName>Rep. Norton, Eleanor Holmes [D-DC-At Large]</fullName>
        <bioguideId>N000147</bioguideId>
        <lastName>NORTON</lastName>
        <state>DC</state>
      </item>
      <item>
        <isOriginalCosponsor>True</isOriginalCosponsor>
        <middleName />
        <sponsorshipDate>2017-06-28</sponsorshipDate>
        <firstName>Pramila</firstName>
        <party>D</party>
        <identifiers>
          <bioguideId>J000298</bioguideId>
          <gpoId />
          <lisID>2354</lisID>
        </identifiers>
        <district>7</district>
        <sponsorshipWithdrawnDate />
        <fullName>Rep. Jayapal, Pramila [D-WA-7]</fullName>
        <bioguideId>J000298</bioguideId>
        <lastName>Jayapal</lastName>
        <state>WA</state>
      </item>
      <item>
        <isOriginalCosponsor>True</isOriginalCosponsor>
        <middleName />
        <sponsorshipDate>2017-06-28</sponsorshipDate>
        <firstName>Mark</firstName>
        <party>D</party>
        <identifiers>
          <gpoId />
          <bioguideId>P000607</bioguideId>
          <lisID>2171</lisID>
        </identifiers>
        <district>2</district>
        <sponsorshipWithdrawnDate />
        <fullName>Rep. Pocan, Mark [D-WI-2]</fullName>
        <bioguideId>P000607</bioguideId>
        <lastName>Pocan</lastName>
        <state>WI</state>
      </item>
      <item>
        <isOriginalCosponsor>False</isOriginalCosponsor>
        <middleName>N.</middleName>
        <sponsorshipDate>2017-07-06</sponsorshipDate>
        <firstName>David</firstName>
        <party>D</party>
        <identifiers>
          <lisID>2055</lisID>
          <bioguideId>C001084</bioguideId>
          <gpoId>8139</gpoId>
        </identifiers>
        <district>1</district>
        <sponsorshipWithdrawnDate />
        <fullName>Rep. Cicilline, David N. [D-RI-1]</fullName>
        <bioguideId>C001084</bioguideId>
        <lastName>Cicilline</lastName>
        <state>RI</state>
      </item>
      <item>
        <isOriginalCosponsor>False</isOriginalCosponsor>
        <middleName />
        <sponsorshipDate>2017-07-06</sponsorshipDate>
        <firstName>Charlie</firstName>
        <party>D</party>
        <identifiers>
          <lisID>2321</lisID>
          <bioguideId>C001111</bioguideId>
          <gpoId />
        </identifiers>
        <district>13</district>
        <sponsorshipWithdrawnDate />
        <fullName>Rep. Crist, Charlie [D-FL-13]</fullName>
        <bioguideId>C001111</bioguideId>
        <lastName>Crist</lastName>
        <state>FL</state>
      </item>
      <item>
        <isOriginalCosponsor>False</isOriginalCosponsor>
        <middleName />
        <sponsorshipDate>2017-07-06</sponsorshipDate>
        <firstName>Kathy</firstName>
        <party>D</party>
        <identifiers>
          <gpoId>7883</gpoId>
          <lisID>1839</lisID>
          <bioguideId>C001066</bioguideId>
        </identifiers>
        <district>14</district>
        <sponsorshipWithdrawnDate />
        <fullName>Rep. Castor, Kathy [D-FL-14]</fullName>
        <bioguideId>C001066</bioguideId>
        <lastName>Castor</lastName>
        <state>FL</state>
      </item>
      <item>
        <isOriginalCosponsor>False</isOriginalCosponsor>
        <middleName />
        <sponsorshipDate>2017-07-06</sponsorshipDate>
        <firstName>Keith</firstName>
        <party>D</party>
        <identifiers>
          <lisID>1857</lisID>
          <gpoId>8005</gpoId>
          <bioguideId>E000288</bioguideId>
        </identifiers>
        <district>5</district>
        <sponsorshipWithdrawnDate />
        <fullName>Rep. Ellison, Keith [D-MN-5]</fullName>
        <bioguideId>E000288</bioguideId>
        <lastName>Ellison</lastName>
        <state>MN</state>
      </item>
      <item>
        <isOriginalCosponsor>False</isOriginalCosponsor>
        <middleName>E.</middleName>
        <sponsorshipDate>2017-07-06</sponsorshipDate>
        <firstName>Gerald</firstName>
        <party>D</party>
        <identifiers>
          <bioguideId>C001078</bioguideId>
          <lisID>1959</lisID>
          <gpoId>8202</gpoId>
        </identifiers>
        <district>11</district>
        <sponsorshipWithdrawnDate />
        <fullName>Rep. Connolly, Gerald E. [D-VA-11]</fullName>
        <bioguideId>C001078</bioguideId>
        <lastName>Connolly</lastName>
        <state>VA</state>
      </item>
      <item>
        <isOriginalCosponsor>False</isOriginalCosponsor>
        <middleName>A.</middleName>
        <sponsorshipDate>2017-07-06</sponsorshipDate>
        <firstName>Marc</firstName>
        <party>D</party>
        <identifiers>
          <gpoId />
          <lisID>2166</lisID>
          <bioguideId>V000131</bioguideId>
        </identifiers>
        <district>33</district>
        <sponsorshipWithdrawnDate />
        <fullName>Rep. Veasey, Marc A. [D-TX-33]</fullName>
        <bioguideId>V000131</bioguideId>
        <lastName>Veasey</lastName>
        <state>TX</state>
      </item>
    </cosponsors>
    <notes />
    <subjects>
      <billSubjects>
        <policyArea>
          <name>Civil Rights and Liberties, Minority Issues</name>
        </policyArea>
        <legislativeSubjects>
          <item>
            <name>Commemorative events and holidays</name>
          </item>
          <item>
            <name>Constitution and constitutional amendments</name>
          </item>
          <item>
            <name>Human rights</name>
          </item>
          <item>
            <name>Sex, gender, sexual orientation discrimination</name>
          </item>
        </legislativeSubjects>
      </billSubjects>
    </subjects>
    <committees>
      <billCommittees>
        <item>
          <chamber>House</chamber>
          <name>Judiciary Committee</name>
          <systemCode>hsju00</systemCode>
          <type>Standing</type>
          <subcommittees>
            <item>
              <systemCode>hsju10</systemCode>
              <name>Constitution and Civil Justice Subcommittee</name>
              <activities>
                <item>
                  <name>Referred to</name>
                  <date>2017-06-28T16:52:00Z</date>
                </item>
              </activities>
            </item>
          </subcommittees>
          <activities>
            <item>
              <name>Referred to</name>
              <date>2017-06-28T14:00:52Z</date>
            </item>
          </activities>
        </item>
      </billCommittees>
    </committees>
    <version>1.0.0</version>
    <recordedVotes />
    <policyArea>
      <name>Civil Rights and Liberties, Minority Issues</name>
    </policyArea>
    <cboCostEstimates />
    <introducedDate>2017-06-28</introducedDate>
    <title>Original LGBTQ Pride Month Resolution of 2017</title>
    <amendments />
    <latestAction>
      <text>Referred to the Subcommittee on the Constitution and Civil Justice.</text>
      <links />
      <actionDate>2017-06-28</actionDate>
    </latestAction>
    <congress>115</congress>
    <billType>HRES</billType>
    <createDate>2017-06-29T03:11:33Z</createDate>
    <sponsors>
      <item>
        <lastName>Green</lastName>
        <party>D</party>
        <state>TX</state>
        <bioguideId>G000553</bioguideId>
        <middleName />
        <byRequestType />
        <fullName>Rep. Green, Al [D-TX-9]</fullName>
        <firstName>Al</firstName>
        <district>9</district>
        <identifiers>
          <bioguideId>G000553</bioguideId>
          <lisID>1803</lisID>
          <gpoId>8165</gpoId>
        </identifiers>
      </item>
    </sponsors>
    <constitutionalAuthorityStatementText />
    <relatedBills />
    <laws />
    <titles>
      <item>
        <titleType>Official Title as Introduced</titleType>
        <title>Encouraging the celebration of the month of June as LGBTQ Pride Month.</title>
        <chamberCode />
        <parentTitleType />
        <chamberName />
      </item>
      <item>
        <titleType>Display Title</titleType>
        <title>Original LGBTQ Pride Month Resolution of 2017</title>
        <chamberCode />
        <parentTitleType />
        <chamberName />
      </item>
    </titles>
    <summaries>
      <billSummaries>
        <item>
          <versionCode>00</versionCode>
          <actionDate>2017-06-28</actionDate>
          <updateDate>2017-06-28T04:00:00Z</updateDate>
          <text><![CDATA[<p>Expresses the sense of the House of Representatives that lesbian, gay, bisexual, transgender, and queer (LGBTQ) rights are human rights and protected by the U.S. Constitution; LBGTQ Pride month should be celebrated; and all Americans should be treated equally regardless of sexual orientation or gender identity.</p> <ul> <ul></ul></ul> <ul></ul>]]></text>
          <actionDesc>Introduced in House</actionDesc>
          <name>Introduced in House</name>
          <lastSummaryUpdateDate>2017-09-26T18:28:17Z</lastSummaryUpdateDate>
        </item>
      </billSummaries>
    </summaries>
  </bill>
  <dublinCore xmlns:dc="http://purl.org/dc/elements/1.1/">
    <dc:format>text/xml</dc:format>
    <dc:language>EN</dc:language>
    <dc:rights>Pursuant to Title 17 Section 105 of the United States Code, this file is not subject to copyright protection and is in the public domain.</dc:rights>
    <dc:contributor>Congressional Research Service, Library of Congress</dc:contributor>
    <dc:description>This file contains bill summaries and statuses for federal legislation. A bill summary describes the most significant provisions of a piece of legislation and details the effects the legislative text may have on current law and federal programs. Bill summaries are authored by the Congressional Research Service (CRS) of the Library of Congress. As stated in Public Law 91-510 (2 USC 166 (d)(6)), one of the duties of CRS is "to prepare summaries and digests of bills and resolutions of a public general nature introduced in the Senate or House of Representatives". For more information, refer to the User Guide that accompanies this file.</dc:description>
  </dublinCore>
</billStatus>

