<?xml version="1.0" encoding="UTF-8"?>
<billStatus>
  <bill>
    <constitutionalAuthorityStatementText />
    <laws />
    <recordedVotes>
      <recordedVote>
        <fullActionName>Passage of a Measure</fullActionName>
        <rollNumber>272</rollNumber>
        <date>2017-05-23T17:43:09Z</date>
        <chamber>House</chamber>
        <url>http://clerk.house.gov/evs/2017/roll272.xml</url>
        <congress>115</congress>
        <sessionNumber>1</sessionNumber>
      </recordedVote>
      <recordedVote>
        <fullActionName>Motion for Previous Question</fullActionName>
        <rollNumber>271</rollNumber>
        <date>2017-05-23T17:34:20Z</date>
        <chamber>House</chamber>
        <url>http://clerk.house.gov/evs/2017/roll271.xml</url>
        <congress>115</congress>
        <sessionNumber>1</sessionNumber>
      </recordedVote>
    </recordedVotes>
    <billType>HRES</billType>
    <cboCostEstimates />
    <updateDate>2018-02-22T15:26:51Z</updateDate>
    <committees>
      <billCommittees>
        <item>
          <chamber>House</chamber>
          <name>Rules Committee</name>
          <activities>
            <item>
              <date>2017-05-22T22:47:56Z</date>
              <name>Reported original measure</name>
            </item>
          </activities>
          <type>Standing</type>
          <subcommittees />
          <systemCode>hsru00</systemCode>
        </item>
      </billCommittees>
    </committees>
    <summaries>
      <billSummaries>
        <item>
          <actionDesc>Introduced in House</actionDesc>
          <updateDate>2017-05-22T04:00:00Z</updateDate>
          <name>Introduced in House</name>
          <lastSummaryUpdateDate>2017-05-23T08:04:46Z</lastSummaryUpdateDate>
          <actionDate>2017-05-22</actionDate>
          <text><![CDATA[Sets forth the rule for consideration of the bill (H.R. 953) to amend the Federal Insecticide, Fungicide, and Rodenticide Act and the Federal Water Pollution Control Act to clarify Congressional intent regarding the regulation of the use of pesticides in or near navigable waters.]]></text>
          <versionCode>00</versionCode>
        </item>
      </billSummaries>
    </summaries>
    <calendarNumbers>
      <item>
        <calendar>H00051</calendar>
        <number />
      </item>
    </calendarNumbers>
    <notes />
    <originChamber>House</originChamber>
    <titles>
      <item>
        <chamberName />
        <title>Providing for consideration of the bill (H.R. 953) to amend the Federal Insecticide, Fungicide, and Rodenticide Act and the Federal Water Pollution Control Act to clarify Congressional intent regarding the regulation of the use of pesticides in or near navigable waters, and for other purposes.</title>
        <titleType>Official Title as Introduced</titleType>
        <chamberCode />
        <parentTitleType />
      </item>
      <item>
        <chamberName />
        <title>Providing for consideration of the bill (H.R. 953) to amend the Federal Insecticide, Fungicide, and Rodenticide Act and the Federal Water Pollution Control Act to clarify Congressional intent regarding the regulation of the use of pesticides in or near navigable waters, and for other purposes.</title>
        <titleType>Display Title</titleType>
        <chamberCode />
        <parentTitleType />
      </item>
    </titles>
    <createDate>2017-05-23T03:11:38Z</createDate>
    <version>1.0.0</version>
    <committeeReports>
      <committeeReport>
        <citation>H. Rept. 115-145</citation>
      </committeeReport>
    </committeeReports>
    <actions>
      <actionByCounts>
        <houseOfRepresentatives>11</houseOfRepresentatives>
      </actionByCounts>
      <actionTypeCounts>
        <introducedInHouse>1</introducedInHouse>
        <generalDebate>1</generalDebate>
        <considerationByHouse>1</considerationByHouse>
        <motionForPreviousQuestion>1</motionForPreviousQuestion>
        <passedAgreedToInHouse>1</passedAgreedToInHouse>
        <passageOfAMeasure>1</passageOfAMeasure>
        <provisionsOfARule>1</provisionsOfARule>
        <committeeReportOfAnOriginalMeasure>1</committeeReportOfAnOriginalMeasure>
        <houseCalendarAssignment>1</houseCalendarAssignment>
        <reportedToHouse>1</reportedToHouse>
        <motionToReconsiderResults>1</motionToReconsiderResults>
      </actionTypeCounts>
      <item>
        <actionTime>13:43:11</actionTime>
        <type>Floor</type>
        <links />
        <sourceSystem>
          <name>House floor actions</name>
          <code>2</code>
        </sourceSystem>
        <actionDate>2017-05-23</actionDate>
        <committee />
        <text>Motion to reconsider laid on the table Agreed to without objection.</text>
        <actionCode>H38310</actionCode>
      </item>
      <item>
        <actionTime>13:43:09</actionTime>
        <type>Floor</type>
        <links>
          <link>
            <name>H4433</name>
            <url>https://www.congress.gov/congressional-record/volume-163/house-section/page/H4433</url>
          </link>
          <link>
            <name>Roll no. 272</name>
            <url>http://clerk.house.gov/evs/2017/roll272.xml</url>
          </link>
        </links>
        <sourceSystem>
          <name>House floor actions</name>
          <code>2</code>
        </sourceSystem>
        <actionDate>2017-05-23</actionDate>
        <committee />
        <text>On agreeing to the resolution Agreed to by recorded vote: 232 - 189 (Roll no. 272). (text: CR H4433)</text>
        <actionCode>H37100</actionCode>
      </item>
      <item>
        <actionTime>13:43:09</actionTime>
        <type>Floor</type>
        <links>
          <link>
            <name>Roll no. 272</name>
            <url>http://clerk.house.gov/evs/2017/roll272.xml</url>
          </link>
        </links>
        <sourceSystem>
          <name>Library of Congress</name>
          <code>9</code>
        </sourceSystem>
        <actionDate>2017-05-23</actionDate>
        <committee />
        <text>Passed/agreed to in House: On agreeing to the resolution Agreed to by recorded vote: 232 - 189 (Roll no. 272).</text>
        <actionCode>8000</actionCode>
      </item>
      <item>
        <actionTime>13:34:20</actionTime>
        <type>Floor</type>
        <links>
          <link>
            <name>H4439-4440</name>
            <url>https://www.congress.gov/congressional-record/volume-163/house-section/page/H4439-4440</url>
          </link>
          <link>
            <name>Roll no. 271</name>
            <url>http://clerk.house.gov/evs/2017/roll271.xml</url>
          </link>
        </links>
        <sourceSystem>
          <name>House floor actions</name>
          <code>2</code>
        </sourceSystem>
        <actionDate>2017-05-23</actionDate>
        <committee />
        <text>On ordering the previous question Agreed to by the Yeas and Nays: 229 - 191 (Roll no. 271). (consideration: CR H4439-4440)</text>
        <actionCode>H35000</actionCode>
      </item>
      <item>
        <actionTime>12:32:30</actionTime>
        <type>Floor</type>
        <links>
          <link>
            <name>H. Res. 348</name>
            <url>https://www.congress.gov/bill/115th-congress/house-resolution/348</url>
          </link>
        </links>
        <sourceSystem>
          <name>House floor actions</name>
          <code>2</code>
        </sourceSystem>
        <actionDate>2017-05-23</actionDate>
        <committee />
        <text>DEBATE - The House proceeded with one hour of debate on H. Res. 348.</text>
        <actionCode>H8D000</actionCode>
      </item>
      <item>
        <actionTime>12:30:00</actionTime>
        <type>Floor</type>
        <links>
          <link>
            <name>H4433-4440</name>
            <url>https://www.congress.gov/congressional-record/volume-163/house-section/page/H4433-4440</url>
          </link>
        </links>
        <sourceSystem>
          <name>House floor actions</name>
          <code>2</code>
        </sourceSystem>
        <actionDate>2017-05-23</actionDate>
        <committee />
        <text>Considered as privileged matter. (consideration: CR H4433-4440)</text>
        <actionCode>H30000</actionCode>
      </item>
      <item>
        <text>Placed on the House Calendar, Calendar No. 51.</text>
        <type>Calendars</type>
        <links />
        <sourceSystem>
          <name>House floor actions</name>
          <code>2</code>
        </sourceSystem>
        <actionDate>2017-05-22</actionDate>
        <committee />
        <actionCode>H12420</actionCode>
      </item>
      <item>
        <actionTime>18:47:57</actionTime>
        <type>Floor</type>
        <links />
        <sourceSystem>
          <name>House floor actions</name>
          <code>2</code>
        </sourceSystem>
        <actionDate>2017-05-22</actionDate>
        <committee />
        <text>It shall be in order to consider as an original bill for the purpose of amendment under the five-minute rule an amendment in the nature of a substitute consisting of the text of Rules Committee Print 115-21.</text>
        <actionCode>H12700</actionCode>
      </item>
      <item>
        <text>The House Committee on Rules reported an original measure, H. Rept. 115-145, by Mr. Woodall.</text>
        <type>Committee</type>
        <links>
          <link>
            <name>H. Rept. 115-145</name>
            <url>https://www.congress.gov/congressional-report/115th-congress/house-report/145</url>
          </link>
        </links>
        <sourceSystem>
          <name>House floor actions</name>
          <code>2</code>
        </sourceSystem>
        <actionDate>2017-05-22</actionDate>
        <committee>
          <name>Rules Committee</name>
          <systemCode>hsru00</systemCode>
        </committee>
        <actionCode>H12100</actionCode>
      </item>
      <item>
        <text>The House Committee on Rules reported an original measure, H. Rept. 115-145, by Mr. Woodall.</text>
        <type>Committee</type>
        <links>
          <link>
            <name>H. Rept. 115-145</name>
            <url>https://www.congress.gov/congressional-report/115th-congress/house-report/145</url>
          </link>
        </links>
        <sourceSystem>
          <name>Library of Congress</name>
          <code>9</code>
        </sourceSystem>
        <actionDate>2017-05-22</actionDate>
        <committee>
          <name>Rules Committee</name>
          <systemCode>hsru00</systemCode>
        </committee>
        <actionCode>5000</actionCode>
      </item>
      <item>
        <text>Introduced in House</text>
        <type>IntroReferral</type>
        <links />
        <sourceSystem>
          <name>Library of Congress</name>
          <code>9</code>
        </sourceSystem>
        <actionDate>2017-05-22</actionDate>
        <committee />
        <actionCode>1000</actionCode>
      </item>
    </actions>
    <policyArea>
      <name>Congress</name>
    </policyArea>
    <latestAction>
      <actionDate>2017-05-23</actionDate>
      <links />
      <text>Motion to reconsider laid on the table Agreed to without objection.</text>
      <actionTime>13:43:11</actionTime>
    </latestAction>
    <billNumber>348</billNumber>
    <amendments />
    <cosponsors />
    <subjects>
      <billSubjects>
        <legislativeSubjects>
          <item>
            <name>House of Representatives</name>
          </item>
          <item>
            <name>Legislative rules and procedure</name>
          </item>
        </legislativeSubjects>
        <policyArea>
          <name>Congress</name>
        </policyArea>
      </billSubjects>
    </subjects>
    <congress>115</congress>
    <title>Providing for consideration of the bill (H.R. 953) to amend the Federal Insecticide, Fungicide, and Rodenticide Act and the Federal Water Pollution Control Act to clarify Congressional intent regarding the regulation of the use of pesticides in or near navigable waters, and for other purposes.</title>
    <introducedDate>2017-05-22</introducedDate>
    <sponsors>
      <item>
        <byRequestType />
        <lastName>Woodall</lastName>
        <middleName />
        <firstName>Rob</firstName>
        <fullName>Rep. Woodall, Rob [R-GA-7]</fullName>
        <bioguideId>W000810</bioguideId>
        <party>R</party>
        <identifiers>
          <gpoId>7904</gpoId>
          <bioguideId>W000810</bioguideId>
          <lisID>2008</lisID>
        </identifiers>
        <state>GA</state>
        <district>7</district>
      </item>
    </sponsors>
    <relatedBills>
      <item>
        <latestTitle>Reducing Regulatory Burdens Act of 2017</latestTitle>
        <type>HR</type>
        <latestAction>
          <actionDate>2017-05-25</actionDate>
          <text>Received in the Senate and Read twice and referred to the Committee on Environment and Public Works.</text>
        </latestAction>
        <number>953</number>
        <congress>115</congress>
        <relationshipDetails>
          <item>
            <type>Procedurally-related</type>
            <identifiedBy>House</identifiedBy>
          </item>
        </relationshipDetails>
      </item>
    </relatedBills>
  </bill>
  <dublinCore xmlns:dc="http://purl.org/dc/elements/1.1/">
    <dc:format>text/xml</dc:format>
    <dc:language>EN</dc:language>
    <dc:rights>Pursuant to Title 17 Section 105 of the United States Code, this file is not subject to copyright protection and is in the public domain.</dc:rights>
    <dc:contributor>Congressional Research Service, Library of Congress</dc:contributor>
    <dc:description>This file contains bill summaries and statuses for federal legislation. A bill summary describes the most significant provisions of a piece of legislation and details the effects the legislative text may have on current law and federal programs. Bill summaries are authored by the Congressional Research Service (CRS) of the Library of Congress. As stated in Public Law 91-510 (2 USC 166 (d)(6)), one of the duties of CRS is "to prepare summaries and digests of bills and resolutions of a public general nature introduced in the Senate or House of Representatives". For more information, refer to the User Guide that accompanies this file.</dc:description>
  </dublinCore>
</billStatus>

