<?xml version="1.0" encoding="UTF-8"?>
<billStatus>
  <bill>
    <cosponsors>
      <item>
        <state>WI</state>
        <identifiers>
          <bioguideId>G000579</bioguideId>
          <lisID>2355</lisID>
          <gpoId />
        </identifiers>
        <district>8</district>
        <sponsorshipDate>2017-09-13</sponsorshipDate>
        <lastName>Gallagher</lastName>
        <fullName>Rep. Gallagher, Mike [R-WI-8]</fullName>
        <middleName />
        <party>R</party>
        <sponsorshipWithdrawnDate />
        <bioguideId>G000579</bioguideId>
        <firstName>Mike</firstName>
        <isOriginalCosponsor>False</isOriginalCosponsor>
      </item>
    </cosponsors>
    <congress>115</congress>
    <committees>
      <billCommittees>
        <item>
          <name>House Administration Committee</name>
          <chamber>House</chamber>
          <type>Standing</type>
          <subcommittees />
          <systemCode>hsha00</systemCode>
          <activities>
            <item>
              <name>Referred to</name>
              <date>2017-01-24T15:09:30Z</date>
            </item>
          </activities>
        </item>
      </billCommittees>
    </committees>
    <constitutionalAuthorityStatementText />
    <laws />
    <titles>
      <item>
        <parentTitleType />
        <chamberCode />
        <chamberName />
        <titleType>Official Title as Introduced</titleType>
        <title>Prohibiting the placement of "Members Only" signs in the House of Representatives wing of the United States Capitol or in office buildings of the House of Representatives.</title>
      </item>
      <item>
        <parentTitleType />
        <chamberCode />
        <chamberName />
        <titleType>Display Title</titleType>
        <title>Prohibiting the placement of "Members Only" signs in the House of Representatives wing of the United States Capitol or in office buildings of the House of Representatives.</title>
      </item>
    </titles>
    <billType>HRES</billType>
    <amendments />
    <recordedVotes />
    <actions>
      <actionByCounts>
        <houseOfRepresentatives>3</houseOfRepresentatives>
      </actionByCounts>
      <actionTypeCounts>
        <introducedInTheHouse>1</introducedInTheHouse>
        <billReferrals>1</billReferrals>
        <introducedInHouse>1</introducedInHouse>
      </actionTypeCounts>
      <item>
        <text>Referred to the House Committee on House Administration.</text>
        <links />
        <sourceSystem>
          <code>2</code>
          <name>House floor actions</name>
        </sourceSystem>
        <actionCode>H11100</actionCode>
        <type>IntroReferral</type>
        <committee>
          <name>House Administration Committee</name>
          <systemCode>hsha00</systemCode>
        </committee>
        <actionDate>2017-01-24</actionDate>
      </item>
      <item>
        <text>Introduced in House</text>
        <links />
        <sourceSystem>
          <code>9</code>
          <name>Library of Congress</name>
        </sourceSystem>
        <actionCode>Intro-H</actionCode>
        <type>IntroReferral</type>
        <committee />
        <actionDate>2017-01-24</actionDate>
      </item>
      <item>
        <text>Introduced in House</text>
        <links />
        <sourceSystem>
          <code>9</code>
          <name>Library of Congress</name>
        </sourceSystem>
        <actionCode>1000</actionCode>
        <type>IntroReferral</type>
        <committee />
        <actionDate>2017-01-24</actionDate>
      </item>
    </actions>
    <introducedDate>2017-01-24</introducedDate>
    <relatedBills />
    <committeeReports />
    <calendarNumbers />
    <billNumber>62</billNumber>
    <summaries>
      <billSummaries>
        <item>
          <text><![CDATA[<p>Requires the Speaker of the House of Representatives to remove any sign stating &quot;Members Only&quot; from, and to ensure that no such sign is placed anywhere in, the House wing of the U.S. Capitol or any House office building.</p>]]></text>
          <versionCode>00</versionCode>
          <actionDate>2017-01-24</actionDate>
          <name>Introduced in House</name>
          <actionDesc>Introduced in House</actionDesc>
          <lastSummaryUpdateDate>2017-03-16T20:04:58Z</lastSummaryUpdateDate>
          <updateDate>2017-01-24T05:00:00Z</updateDate>
        </item>
      </billSummaries>
    </summaries>
    <cboCostEstimates />
    <updateDate>2018-02-06T16:39:32Z</updateDate>
    <policyArea>
      <name>Congress</name>
    </policyArea>
    <latestAction>
      <text>Referred to the House Committee on House Administration.</text>
      <actionDate>2017-01-24</actionDate>
      <links />
    </latestAction>
    <version>1.0.0</version>
    <subjects>
      <billSubjects>
        <policyArea>
          <name>Congress</name>
        </policyArea>
        <legislativeSubjects>
          <item>
            <name>Government buildings, facilities, and property</name>
          </item>
          <item>
            <name>House of Representatives</name>
          </item>
          <item>
            <name>Members of Congress</name>
          </item>
          <item>
            <name>U.S. Capitol</name>
          </item>
        </legislativeSubjects>
      </billSubjects>
    </subjects>
    <title>Prohibiting the placement of "Members Only" signs in the House of Representatives wing of the United States Capitol or in office buildings of the House of Representatives.</title>
    <originChamber>House</originChamber>
    <sponsors>
      <item>
        <byRequestType />
        <district>8</district>
        <party>R</party>
        <fullName>Rep. Fitzpatrick, Brian K. [R-PA-8]</fullName>
        <lastName>Fitzpatrick</lastName>
        <state>PA</state>
        <bioguideId>F000466</bioguideId>
        <middleName>K.</middleName>
        <firstName>Brian</firstName>
        <identifiers>
          <lisID>2345</lisID>
          <bioguideId>F000466</bioguideId>
          <gpoId />
        </identifiers>
      </item>
    </sponsors>
    <notes />
    <createDate>2017-01-25T04:45:51Z</createDate>
  </bill>
  <dublinCore xmlns:dc="http://purl.org/dc/elements/1.1/">
    <dc:format>text/xml</dc:format>
    <dc:language>EN</dc:language>
    <dc:rights>Pursuant to Title 17 Section 105 of the United States Code, this file is not subject to copyright protection and is in the public domain.</dc:rights>
    <dc:contributor>Congressional Research Service, Library of Congress</dc:contributor>
    <dc:description>This file contains bill summaries and statuses for federal legislation. A bill summary describes the most significant provisions of a piece of legislation and details the effects the legislative text may have on current law and federal programs. Bill summaries are authored by the Congressional Research Service (CRS) of the Library of Congress. As stated in Public Law 91-510 (2 USC 166 (d)(6)), one of the duties of CRS is "to prepare summaries and digests of bills and resolutions of a public general nature introduced in the Senate or House of Representatives". For more information, refer to the User Guide that accompanies this file.</dc:description>
  </dublinCore>
</billStatus>

