<?xml version="1.0" encoding="UTF-8"?>
<billStatus>
  <bill>
    <policyArea>
      <name>Congress</name>
    </policyArea>
    <introducedDate>2017-06-15</introducedDate>
    <cosponsors />
    <titles>
      <item>
        <parentTitleType />
        <chamberCode />
        <chamberName />
        <titleType>Official Title as Introduced</titleType>
        <title>Expressing gratitude for the heroic actions of the United States Capitol Police and other first responders in the attack on Members of Congress on June 14, 2017, and expressing hope for a full recovery for the injured.</title>
      </item>
      <item>
        <parentTitleType />
        <chamberCode />
        <chamberName />
        <titleType>Display Title</titleType>
        <title>Expressing gratitude for the heroic actions of the United States Capitol Police and other first responders in the attack on Members of Congress on June 14, 2017, and expressing hope for a full recovery for the injured.</title>
      </item>
    </titles>
    <congress>115</congress>
    <recordedVotes />
    <amendments />
    <laws />
    <cboCostEstimates />
    <actions>
      <item>
        <sourceSystem>
          <name>House floor actions</name>
          <code>2</code>
        </sourceSystem>
        <actionDate>2017-06-15</actionDate>
        <actionTime>13:46:07</actionTime>
        <links />
        <text>Motion to reconsider laid on the table Agreed to without objection.</text>
        <committee />
        <actionCode>H38310</actionCode>
        <type>Floor</type>
      </item>
      <item>
        <sourceSystem>
          <name>House floor actions</name>
          <code>2</code>
        </sourceSystem>
        <actionDate>2017-06-15</actionDate>
        <actionTime>13:46:03</actionTime>
        <links>
          <link>
            <name>H4931</name>
            <url>https://www.congress.gov/congressional-record/volume-163/house-section/page/H4931</url>
          </link>
        </links>
        <text>On agreeing to the resolution Agreed to by voice vote. (text: CR H4931)</text>
        <committee />
        <actionCode>H37100</actionCode>
        <type>Floor</type>
      </item>
      <item>
        <sourceSystem>
          <name>Library of Congress</name>
          <code>9</code>
        </sourceSystem>
        <actionDate>2017-06-15</actionDate>
        <actionTime>13:46:03</actionTime>
        <links />
        <text>Passed/agreed to in House: On agreeing to the resolution Agreed to by voice vote.</text>
        <committee />
        <actionCode>8000</actionCode>
        <type>Floor</type>
      </item>
      <item>
        <sourceSystem>
          <name>House floor actions</name>
          <code>2</code>
        </sourceSystem>
        <actionDate>2017-06-15</actionDate>
        <actionTime>13:42:35</actionTime>
        <links>
          <link>
            <name>H4931</name>
            <url>https://www.congress.gov/congressional-record/volume-163/house-section/page/H4931</url>
          </link>
        </links>
        <text>Considered by unanimous consent. (consideration: CR H4931)</text>
        <committee />
        <actionCode>H30000</actionCode>
        <type>Floor</type>
      </item>
      <item>
        <sourceSystem>
          <name>House floor actions</name>
          <code>2</code>
        </sourceSystem>
        <actionDate>2017-06-15</actionDate>
        <actionTime>13:42:35</actionTime>
        <links />
        <text>Mr. McCarthy asked unanimous consent to consider as introduced.</text>
        <committee />
        <actionCode>H30200</actionCode>
        <type>Floor</type>
      </item>
      <item>
        <sourceSystem>
          <name>Library of Congress</name>
          <code>9</code>
        </sourceSystem>
        <actionDate>2017-06-15</actionDate>
        <links />
        <text>Introduced in House</text>
        <committee />
        <actionCode>Intro-H</actionCode>
        <type>IntroReferral</type>
      </item>
      <item>
        <sourceSystem>
          <name>Library of Congress</name>
          <code>9</code>
        </sourceSystem>
        <actionDate>2017-06-15</actionDate>
        <links />
        <text>Introduced in House</text>
        <committee />
        <actionCode>1000</actionCode>
        <type>IntroReferral</type>
      </item>
      <actionByCounts>
        <houseOfRepresentatives>7</houseOfRepresentatives>
      </actionByCounts>
      <actionTypeCounts>
        <introducedInTheHouse>1</introducedInTheHouse>
        <unanimousConsentRequestToConsider>1</unanimousConsentRequestToConsider>
        <motionToReconsiderResults>1</motionToReconsiderResults>
        <passedAgreedToInHouse>1</passedAgreedToInHouse>
        <passageOfAMeasure>1</passageOfAMeasure>
        <considerationByHouse>1</considerationByHouse>
        <introducedInHouse>1</introducedInHouse>
      </actionTypeCounts>
    </actions>
    <updateDate>2018-02-06T16:39:50Z</updateDate>
    <summaries>
      <billSummaries>
        <item>
          <lastSummaryUpdateDate>2017-09-08T21:23:00Z</lastSummaryUpdateDate>
          <updateDate>2017-06-15T04:00:00Z</updateDate>
          <versionCode>00</versionCode>
          <text><![CDATA[<p> Expresses:</p> <ul> <li> gratitude to U.S. Capitol Police Special Agents Crystal Griner, David Bailey, and Henry Cabrera who placed themselves in harm's way to protect individuals when an armed gunman opened fire at a practice for the annual Congressional Baseball Game for Charity on June 14, 2017;</li> <li> appreciation for the courage and dedication of the U.S. Capitol Police; and</li> <li>thanks to the Alexandria Police Department, Alexandria Sheriff's Office, Alexandria Fire Department and other first responders to the scene.</li> </ul> <p> Reaffirms that an attack on any Member of Congress is an attack on every Member, on the institution, and on representative democracy.</p> <p>Stands firm in the belief that violence has no place in a pluralistic society.</p>]]></text>
          <name>Introduced in House</name>
          <actionDesc>Introduced in House</actionDesc>
          <actionDate>2017-06-15</actionDate>
        </item>
        <item>
          <lastSummaryUpdateDate>2017-09-08T21:23:53Z</lastSummaryUpdateDate>
          <updateDate>2017-06-15T13:35:22Z</updateDate>
          <versionCode>81</versionCode>
          <text><![CDATA[<p>(This measure has not been amended since it was introduced. The summary of that version is repeated here.)</p> <p>Expresses:</p> <ul> <li> gratitude to U.S. Capitol Police Special Agents Crystal Griner, David Bailey, and Henry Cabrera who placed themselves in harm's way to protect individuals when an armed gunman opened fire at a practice for the annual Congressional Baseball Game for Charity on June 14, 2017;</li> <li> appreciation for the courage and dedication of the U.S. Capitol Police; and</li> <li>thanks to the Alexandria Police Department, Alexandria Sheriff's Office, Alexandria Fire Department and other first responders to the scene.</li> </ul> <p> Reaffirms that an attack on any Member of Congress is an attack on every Member, on the institution, and on representative democracy.</p> <p>Stands firm in the belief that violence has no place in a pluralistic society.</p>]]></text>
          <name>Passed House without amendment</name>
          <actionDesc>Passed House without amendment</actionDesc>
          <actionDate>2017-06-15</actionDate>
        </item>
      </billSummaries>
    </summaries>
    <title>Expressing gratitude for the heroic actions of the United States Capitol Police and other first responders in the attack on Members of Congress on June 14, 2017, and expressing hope for a full recovery for the injured.</title>
    <calendarNumbers />
    <originChamber>House</originChamber>
    <constitutionalAuthorityStatementText />
    <notes />
    <billType>HRES</billType>
    <committees>
      <billCommittees />
    </committees>
    <latestAction>
      <text>Motion to reconsider laid on the table Agreed to without objection.</text>
      <actionTime>13:46:07</actionTime>
      <actionDate>2017-06-15</actionDate>
      <links />
    </latestAction>
    <committeeReports />
    <billNumber>385</billNumber>
    <sponsors>
      <item>
        <byRequestType />
        <state>CA</state>
        <bioguideId>M001165</bioguideId>
        <identifiers>
          <lisID>1833</lisID>
          <gpoId>7827</gpoId>
          <bioguideId>M001165</bioguideId>
        </identifiers>
        <fullName>Rep. McCarthy, Kevin [R-CA-23]</fullName>
        <district>23</district>
        <lastName>McCarthy</lastName>
        <firstName>Kevin</firstName>
        <middleName />
        <party>R</party>
      </item>
    </sponsors>
    <subjects>
      <billSubjects>
        <policyArea>
          <name>Congress</name>
        </policyArea>
        <legislativeSubjects>
          <item>
            <name>Assault and harassment offenses</name>
          </item>
          <item>
            <name>Congressional officers and employees</name>
          </item>
          <item>
            <name>Congressional tributes</name>
          </item>
          <item>
            <name>Emergency medical services and trauma care</name>
          </item>
          <item>
            <name>First responders and emergency personnel</name>
          </item>
          <item>
            <name>Health personnel</name>
          </item>
          <item>
            <name>Law enforcement officers</name>
          </item>
          <item>
            <name>Members of Congress</name>
          </item>
          <item>
            <name>Protection of officials</name>
          </item>
          <item>
            <name>U.S. Capitol</name>
          </item>
          <item>
            <name>Violent crime</name>
          </item>
          <item>
            <name>Virginia</name>
          </item>
        </legislativeSubjects>
      </billSubjects>
    </subjects>
    <createDate>2017-06-16T03:11:35Z</createDate>
    <version>1.0.0</version>
    <relatedBills />
  </bill>
  <dublinCore xmlns:dc="http://purl.org/dc/elements/1.1/">
    <dc:format>text/xml</dc:format>
    <dc:language>EN</dc:language>
    <dc:rights>Pursuant to Title 17 Section 105 of the United States Code, this file is not subject to copyright protection and is in the public domain.</dc:rights>
    <dc:contributor>Congressional Research Service, Library of Congress</dc:contributor>
    <dc:description>This file contains bill summaries and statuses for federal legislation. A bill summary describes the most significant provisions of a piece of legislation and details the effects the legislative text may have on current law and federal programs. Bill summaries are authored by the Congressional Research Service (CRS) of the Library of Congress. As stated in Public Law 91-510 (2 USC 166 (d)(6)), one of the duties of CRS is "to prepare summaries and digests of bills and resolutions of a public general nature introduced in the Senate or House of Representatives". For more information, refer to the User Guide that accompanies this file.</dc:description>
  </dublinCore>
</billStatus>

