<?xml version="1.0" encoding="UTF-8"?>
<billStatus>
  <bill>
    <sponsors>
      <item>
        <fullName>Rep. Boyle, Brendan F. [D-PA-13]</fullName>
        <lastName>Boyle</lastName>
        <bioguideId>B001296</bioguideId>
        <party>D</party>
        <middleName>F.</middleName>
        <state>PA</state>
        <firstName>Brendan</firstName>
        <district>13</district>
        <byRequestType />
        <identifiers>
          <gpoId />
          <lisID>2267</lisID>
          <bioguideId>B001296</bioguideId>
        </identifiers>
      </item>
    </sponsors>
    <laws />
    <version>1.0.0</version>
    <introducedDate>2017-07-28</introducedDate>
    <cboCostEstimates />
    <titles>
      <item>
        <titleType>Official Title as Introduced</titleType>
        <title>Commemorating the 40th anniversary of the ALS Association Greater Philadelphia Chapter.</title>
        <chamberCode />
        <parentTitleType />
        <chamberName />
      </item>
      <item>
        <titleType>Display Title</titleType>
        <title>Commemorating the 40th anniversary of the ALS Association Greater Philadelphia Chapter.</title>
        <chamberCode />
        <parentTitleType />
        <chamberName />
      </item>
    </titles>
    <amendments />
    <recordedVotes />
    <relatedBills />
    <constitutionalAuthorityStatementText />
    <billType>HRES</billType>
    <actions>
      <actionByCounts>
        <houseOfRepresentatives>4</houseOfRepresentatives>
      </actionByCounts>
      <item>
        <actionDate>2017-08-04</actionDate>
        <committee>
          <name>Health Subcommittee</name>
          <systemCode>hsif14</systemCode>
        </committee>
        <links />
        <sourceSystem>
          <name>House committee actions</name>
          <code>1</code>
        </sourceSystem>
        <text>Referred to the Subcommittee on Health.</text>
        <type>Committee</type>
      </item>
      <item>
        <text>Referred to the House Committee on Energy and Commerce.</text>
        <type>IntroReferral</type>
        <sourceSystem>
          <name>House floor actions</name>
          <code>2</code>
        </sourceSystem>
        <committee>
          <name>Energy and Commerce Committee</name>
          <systemCode>hsif00</systemCode>
        </committee>
        <actionCode>H11100</actionCode>
        <actionDate>2017-07-28</actionDate>
        <links />
      </item>
      <item>
        <text>Introduced in House</text>
        <type>IntroReferral</type>
        <sourceSystem>
          <name>Library of Congress</name>
          <code>9</code>
        </sourceSystem>
        <committee />
        <actionCode>Intro-H</actionCode>
        <actionDate>2017-07-28</actionDate>
        <links />
      </item>
      <item>
        <text>Introduced in House</text>
        <type>IntroReferral</type>
        <sourceSystem>
          <name>Library of Congress</name>
          <code>9</code>
        </sourceSystem>
        <committee />
        <actionCode>1000</actionCode>
        <actionDate>2017-07-28</actionDate>
        <links />
      </item>
      <actionTypeCounts>
        <introducedInHouse>1</introducedInHouse>
        <billReferrals>1</billReferrals>
        <placeholderTextForH>1</placeholderTextForH>
        <introducedInTheHouse>1</introducedInTheHouse>
      </actionTypeCounts>
    </actions>
    <notes />
    <originChamber>House</originChamber>
    <congress>115</congress>
    <subjects>
      <billSubjects>
        <legislativeSubjects>
          <item>
            <name>Commemorative events and holidays</name>
          </item>
          <item>
            <name>Neurological disorders</name>
          </item>
          <item>
            <name>Pennsylvania</name>
          </item>
          <item>
            <name>Social work, volunteer service, charitable organizations</name>
          </item>
        </legislativeSubjects>
        <policyArea>
          <name>Health</name>
        </policyArea>
      </billSubjects>
    </subjects>
    <billNumber>485</billNumber>
    <cosponsors>
      <item>
        <lastName>BRADY</lastName>
        <sponsorshipDate>2017-07-28</sponsorshipDate>
        <bioguideId>B001227</bioguideId>
        <middleName>A.</middleName>
        <identifiers>
          <gpoId>8119</gpoId>
          <bioguideId>B001227</bioguideId>
          <lisID>1469</lisID>
        </identifiers>
        <district>1</district>
        <party>D</party>
        <state>PA</state>
        <firstName>ROBERT</firstName>
        <sponsorshipWithdrawnDate />
        <isOriginalCosponsor>True</isOriginalCosponsor>
        <fullName>Rep. Brady, Robert A. [D-PA-1]</fullName>
      </item>
      <item>
        <lastName>Evans</lastName>
        <sponsorshipDate>2017-07-28</sponsorshipDate>
        <bioguideId>E000296</bioguideId>
        <middleName />
        <identifiers>
          <bioguideId>E000296</bioguideId>
          <gpoId />
          <lisID>2298</lisID>
        </identifiers>
        <district>2</district>
        <party>D</party>
        <state>PA</state>
        <firstName>Dwight</firstName>
        <sponsorshipWithdrawnDate />
        <isOriginalCosponsor>True</isOriginalCosponsor>
        <fullName>Rep. Evans, Dwight [D-PA-2]</fullName>
      </item>
    </cosponsors>
    <summaries>
      <billSummaries>
        <item>
          <updateDate>2017-07-28T04:00:00Z</updateDate>
          <actionDesc>Introduced in House</actionDesc>
          <versionCode>00</versionCode>
          <name>Introduced in House</name>
          <text><![CDATA[<p>Commemorates the 40th anniversary of the ALS Association Greater Philadelphia Chapter. (Amyotrophic lateral sclerosis, also known as ALS or Lou Gehrig's disease, is a progressive neurodegenerative disease that causes muscle weakness and leads to death.)</p>]]></text>
          <lastSummaryUpdateDate>2017-09-22T21:47:48Z</lastSummaryUpdateDate>
          <actionDate>2017-07-28</actionDate>
        </item>
      </billSummaries>
    </summaries>
    <policyArea>
      <name>Health</name>
    </policyArea>
    <latestAction>
      <links />
      <actionDate>2017-08-04</actionDate>
      <text>Referred to the Subcommittee on Health.</text>
    </latestAction>
    <updateDate>2018-02-06T16:39:57Z</updateDate>
    <committees>
      <billCommittees>
        <item>
          <chamber>House</chamber>
          <subcommittees>
            <item>
              <systemCode>hsif14</systemCode>
              <activities>
                <item>
                  <name>Referred to</name>
                  <date>2017-08-04T15:00:05Z</date>
                </item>
              </activities>
              <name>Health Subcommittee</name>
            </item>
          </subcommittees>
          <systemCode>hsif00</systemCode>
          <name>Energy and Commerce Committee</name>
          <activities>
            <item>
              <name>Referred to</name>
              <date>2017-07-28T13:05:05Z</date>
            </item>
          </activities>
          <type>Standing</type>
        </item>
      </billCommittees>
    </committees>
    <createDate>2017-07-29T03:11:32Z</createDate>
    <title>Commemorating the 40th anniversary of the ALS Association Greater Philadelphia Chapter.</title>
    <committeeReports />
    <calendarNumbers />
  </bill>
  <dublinCore xmlns:dc="http://purl.org/dc/elements/1.1/">
    <dc:format>text/xml</dc:format>
    <dc:language>EN</dc:language>
    <dc:rights>Pursuant to Title 17 Section 105 of the United States Code, this file is not subject to copyright protection and is in the public domain.</dc:rights>
    <dc:contributor>Congressional Research Service, Library of Congress</dc:contributor>
    <dc:description>This file contains bill summaries and statuses for federal legislation. A bill summary describes the most significant provisions of a piece of legislation and details the effects the legislative text may have on current law and federal programs. Bill summaries are authored by the Congressional Research Service (CRS) of the Library of Congress. As stated in Public Law 91-510 (2 USC 166 (d)(6)), one of the duties of CRS is "to prepare summaries and digests of bills and resolutions of a public general nature introduced in the Senate or House of Representatives". For more information, refer to the User Guide that accompanies this file.</dc:description>
  </dublinCore>
</billStatus>

