<?xml version="1.0" encoding="UTF-8"?>
<billStatus>
  <bill>
    <billNumber>58</billNumber>
    <relatedBills />
    <originChamber>House</originChamber>
    <recordedVotes />
    <latestAction>
      <text>Referred to the Subcommittee on Europe, Eurasia, and Emerging Threats.</text>
      <links />
      <actionDate>2017-02-16</actionDate>
    </latestAction>
    <createDate>2017-01-25T04:45:51Z</createDate>
    <title>Expressing the sense of the House of Representatives regarding unanswered questions into the fate of Raoul Wallenberg.</title>
    <summaries>
      <billSummaries>
        <item>
          <versionCode>00</versionCode>
          <updateDate>2017-01-24T05:00:00Z</updateDate>
          <actionDate>2017-01-24</actionDate>
          <text><![CDATA[<p>Urges Russian authorities to grant access to archival collections and to declassify and make publicly available all documents related to Raoul Wallenberg.</p> <p>Urges: (1) the Russian authorities to work with Wallenberg's family, the Swedish government, and Russian and international scholars, researchers, and archivists to resolve outstanding questions surrounding the circumstances of Wallenberg's arrest and death; and (2) the President, Secretary of State, and other high level U.S. government officials to raise the case of Wallenberg to their Russian counterparts and to request direct access to the original and unredacted documentation in the Russian archives.</p> <p>Emphasizes the need for independent verification of any information provided by Russian officials. </p> <p>Reaffirms Wallenberg's humanitarian spirit, personal courage, and nonviolent action in the face of enormous odds and commits to the continued pursuit of answers regarding Wallenberg's fate.</p>]]></text>
          <actionDesc>Introduced in House</actionDesc>
          <lastSummaryUpdateDate>2017-04-19T15:02:35Z</lastSummaryUpdateDate>
          <name>Introduced in House</name>
        </item>
      </billSummaries>
    </summaries>
    <actions>
      <actionTypeCounts>
        <placeholderTextForH>1</placeholderTextForH>
        <introducedInTheHouse>1</introducedInTheHouse>
        <introducedInHouse>1</introducedInHouse>
        <billReferrals>1</billReferrals>
      </actionTypeCounts>
      <item>
        <actionDate>2017-02-16</actionDate>
        <committee>
          <systemCode>hsfa14</systemCode>
          <name>Europe, Eurasia, and Emerging Threats Subcommittee</name>
        </committee>
        <links />
        <sourceSystem>
          <name>House committee actions</name>
          <code>1</code>
        </sourceSystem>
        <text>Referred to the Subcommittee on Europe, Eurasia, and Emerging Threats.</text>
        <type>Committee</type>
      </item>
      <item>
        <text>Referred to the House Committee on Foreign Affairs.</text>
        <links />
        <actionDate>2017-01-24</actionDate>
        <committee>
          <systemCode>hsfa00</systemCode>
          <name>Foreign Affairs Committee</name>
        </committee>
        <sourceSystem>
          <name>House floor actions</name>
          <code>2</code>
        </sourceSystem>
        <type>IntroReferral</type>
        <actionCode>H11100</actionCode>
      </item>
      <item>
        <text>Introduced in House</text>
        <links />
        <actionDate>2017-01-24</actionDate>
        <committee />
        <sourceSystem>
          <name>Library of Congress</name>
          <code>9</code>
        </sourceSystem>
        <type>IntroReferral</type>
        <actionCode>Intro-H</actionCode>
      </item>
      <item>
        <text>Introduced in House</text>
        <links />
        <actionDate>2017-01-24</actionDate>
        <committee />
        <sourceSystem>
          <name>Library of Congress</name>
          <code>9</code>
        </sourceSystem>
        <type>IntroReferral</type>
        <actionCode>1000</actionCode>
      </item>
      <actionByCounts>
        <houseOfRepresentatives>4</houseOfRepresentatives>
      </actionByCounts>
    </actions>
    <updateDate>2018-02-06T16:39:32Z</updateDate>
    <amendments />
    <notes />
    <sponsors>
      <item>
        <bioguideId>R000435</bioguideId>
        <district>27</district>
        <middleName />
        <byRequestType />
        <firstName>ILEANA</firstName>
        <lastName>ROS-LEHTINEN</lastName>
        <state>FL</state>
        <party>R</party>
        <identifiers>
          <lisID>985</lisID>
          <gpoId>7890</gpoId>
          <bioguideId>R000435</bioguideId>
        </identifiers>
        <fullName>Rep. Ros-Lehtinen, Ileana [R-FL-27]</fullName>
      </item>
    </sponsors>
    <committees>
      <billCommittees>
        <item>
          <name>Foreign Affairs Committee</name>
          <chamber>House</chamber>
          <type>Standing</type>
          <subcommittees>
            <item>
              <name>Europe, Eurasia, and Emerging Threats Subcommittee</name>
              <systemCode>hsfa14</systemCode>
              <activities>
                <item>
                  <name>Referred to</name>
                  <date>2017-02-16T22:11:01Z</date>
                </item>
              </activities>
            </item>
          </subcommittees>
          <systemCode>hsfa00</systemCode>
          <activities>
            <item>
              <name>Referred to</name>
              <date>2017-01-24T15:04:05Z</date>
            </item>
          </activities>
        </item>
      </billCommittees>
    </committees>
    <cosponsors>
      <item>
        <state>NY</state>
        <identifiers>
          <bioguideId>L000480</bioguideId>
          <lisID>709</lisID>
          <gpoId>8079</gpoId>
        </identifiers>
        <district>17</district>
        <sponsorshipDate>2017-01-24</sponsorshipDate>
        <lastName>LOWEY</lastName>
        <fullName>Rep. Lowey, Nita M. [D-NY-17]</fullName>
        <middleName>M.</middleName>
        <party>D</party>
        <sponsorshipWithdrawnDate />
        <bioguideId>L000480</bioguideId>
        <firstName>NITA</firstName>
        <isOriginalCosponsor>True</isOriginalCosponsor>
      </item>
      <item>
        <state>IL</state>
        <identifiers>
          <gpoId>7926</gpoId>
          <bioguideId>R000580</bioguideId>
          <lisID>1848</lisID>
        </identifiers>
        <district>6</district>
        <sponsorshipDate>2017-01-24</sponsorshipDate>
        <lastName>Roskam</lastName>
        <fullName>Rep. Roskam, Peter J. [R-IL-6]</fullName>
        <middleName>J.</middleName>
        <party>R</party>
        <sponsorshipWithdrawnDate />
        <bioguideId>R000580</bioguideId>
        <firstName>Peter</firstName>
        <isOriginalCosponsor>True</isOriginalCosponsor>
      </item>
      <item>
        <state>NY</state>
        <identifiers>
          <gpoId>8078</gpoId>
          <lisID>344</lisID>
          <bioguideId>E000179</bioguideId>
        </identifiers>
        <district>16</district>
        <sponsorshipDate>2017-01-24</sponsorshipDate>
        <lastName>ENGEL</lastName>
        <fullName>Rep. Engel, Eliot L. [D-NY-16]</fullName>
        <middleName>L.</middleName>
        <party>D</party>
        <sponsorshipWithdrawnDate />
        <bioguideId>E000179</bioguideId>
        <firstName>ELIOT</firstName>
        <isOriginalCosponsor>True</isOriginalCosponsor>
      </item>
      <item>
        <state>NJ</state>
        <identifiers>
          <bioguideId>S000522</bioguideId>
          <lisID>1071</lisID>
          <gpoId>8046</gpoId>
        </identifiers>
        <district>4</district>
        <sponsorshipDate>2017-01-24</sponsorshipDate>
        <lastName>SMITH</lastName>
        <fullName>Rep. Smith, Christopher H. [R-NJ-4]</fullName>
        <middleName>H.</middleName>
        <party>R</party>
        <sponsorshipWithdrawnDate />
        <bioguideId>S000522</bioguideId>
        <firstName>CHRISTOPHER</firstName>
        <isOriginalCosponsor>True</isOriginalCosponsor>
      </item>
      <item>
        <state>FL</state>
        <identifiers>
          <lisID>1976</lisID>
          <bioguideId>D000610</bioguideId>
          <gpoId>7891</gpoId>
        </identifiers>
        <district>22</district>
        <sponsorshipDate>2017-01-24</sponsorshipDate>
        <lastName>Deutch</lastName>
        <fullName>Rep. Deutch, Theodore E. [D-FL-22]</fullName>
        <middleName>E.</middleName>
        <party>D</party>
        <sponsorshipWithdrawnDate />
        <bioguideId>D000610</bioguideId>
        <firstName>Theodore</firstName>
        <isOriginalCosponsor>True</isOriginalCosponsor>
      </item>
      <item>
        <state>TX</state>
        <identifiers>
          <gpoId>8168</gpoId>
          <lisID>1487</lisID>
          <bioguideId>G000377</bioguideId>
        </identifiers>
        <district>12</district>
        <sponsorshipDate>2017-01-24</sponsorshipDate>
        <lastName>GRANGER</lastName>
        <fullName>Rep. Granger, Kay [R-TX-12]</fullName>
        <middleName />
        <party>R</party>
        <sponsorshipWithdrawnDate />
        <bioguideId>G000377</bioguideId>
        <firstName>KAY</firstName>
        <isOriginalCosponsor>True</isOriginalCosponsor>
      </item>
      <item>
        <state>TX</state>
        <identifiers>
          <lisID>2166</lisID>
          <bioguideId>V000131</bioguideId>
          <gpoId />
        </identifiers>
        <district>33</district>
        <sponsorshipDate>2017-02-28</sponsorshipDate>
        <lastName>Veasey</lastName>
        <fullName>Rep. Veasey, Marc A. [D-TX-33]</fullName>
        <middleName>A.</middleName>
        <party>D</party>
        <sponsorshipWithdrawnDate />
        <bioguideId>V000131</bioguideId>
        <firstName>Marc</firstName>
        <isOriginalCosponsor>False</isOriginalCosponsor>
      </item>
      <item>
        <state>TX</state>
        <identifiers>
          <bioguideId>W000814</bioguideId>
          <lisID>2161</lisID>
          <gpoId />
        </identifiers>
        <district>14</district>
        <sponsorshipDate>2017-06-08</sponsorshipDate>
        <lastName>Weber</lastName>
        <fullName>Rep. Weber, Randy K., Sr. [R-TX-14]</fullName>
        <middleName>K.</middleName>
        <party>R</party>
        <sponsorshipWithdrawnDate />
        <bioguideId>W000814</bioguideId>
        <firstName>Randy</firstName>
        <isOriginalCosponsor>False</isOriginalCosponsor>
      </item>
      <item>
        <state>NY</state>
        <identifiers>
          <bioguideId>K000210</bioguideId>
          <gpoId>8064</gpoId>
          <lisID>635</lisID>
        </identifiers>
        <district>2</district>
        <sponsorshipDate>2017-06-08</sponsorshipDate>
        <lastName>KING</lastName>
        <fullName>Rep. King, Peter T. [R-NY-2]</fullName>
        <middleName>T.</middleName>
        <party>R</party>
        <sponsorshipWithdrawnDate />
        <bioguideId>K000210</bioguideId>
        <firstName>PETER</firstName>
        <isOriginalCosponsor>False</isOriginalCosponsor>
      </item>
      <item>
        <state>NC</state>
        <identifiers>
          <lisID>2142</lisID>
          <bioguideId>M001187</bioguideId>
          <gpoId />
        </identifiers>
        <district>11</district>
        <sponsorshipDate>2017-06-15</sponsorshipDate>
        <lastName>Meadows</lastName>
        <fullName>Rep. Meadows, Mark [R-NC-11]</fullName>
        <middleName />
        <party>R</party>
        <sponsorshipWithdrawnDate />
        <bioguideId>M001187</bioguideId>
        <firstName>Mark</firstName>
        <isOriginalCosponsor>False</isOriginalCosponsor>
      </item>
      <item>
        <state>OH</state>
        <identifiers>
          <bioguideId>C000266</bioguideId>
          <gpoId>8091</gpoId>
          <lisID>186</lisID>
        </identifiers>
        <district>1</district>
        <sponsorshipDate>2017-06-15</sponsorshipDate>
        <lastName>CHABOT</lastName>
        <fullName>Rep. Chabot, Steve [R-OH-1]</fullName>
        <middleName />
        <party>R</party>
        <sponsorshipWithdrawnDate />
        <bioguideId>C000266</bioguideId>
        <firstName>STEVE</firstName>
        <isOriginalCosponsor>False</isOriginalCosponsor>
      </item>
      <item>
        <state>CA</state>
        <identifiers>
          <gpoId />
          <lisID>2111</lisID>
          <bioguideId>L000579</bioguideId>
        </identifiers>
        <district>47</district>
        <sponsorshipDate>2017-07-14</sponsorshipDate>
        <lastName>Lowenthal</lastName>
        <fullName>Rep. Lowenthal, Alan S. [D-CA-47]</fullName>
        <middleName>S.</middleName>
        <party>D</party>
        <sponsorshipWithdrawnDate />
        <bioguideId>L000579</bioguideId>
        <firstName>Alan</firstName>
        <isOriginalCosponsor>False</isOriginalCosponsor>
      </item>
      <item>
        <state>NY</state>
        <identifiers>
          <lisID>2148</lisID>
          <bioguideId>M001188</bioguideId>
          <gpoId />
        </identifiers>
        <district>6</district>
        <sponsorshipDate>2017-09-28</sponsorshipDate>
        <lastName>Meng</lastName>
        <fullName>Rep. Meng, Grace [D-NY-6]</fullName>
        <middleName />
        <party>D</party>
        <sponsorshipWithdrawnDate />
        <bioguideId>M001188</bioguideId>
        <firstName>Grace</firstName>
        <isOriginalCosponsor>False</isOriginalCosponsor>
      </item>
      <item>
        <state>NY</state>
        <identifiers>
          <lisID>850</lisID>
          <bioguideId>N000002</bioguideId>
          <gpoId>8069</gpoId>
        </identifiers>
        <district>10</district>
        <sponsorshipDate>2017-10-02</sponsorshipDate>
        <lastName>NADLER</lastName>
        <fullName>Rep. Nadler, Jerrold [D-NY-10]</fullName>
        <middleName />
        <party>D</party>
        <sponsorshipWithdrawnDate />
        <bioguideId>N000002</bioguideId>
        <firstName>JERROLD</firstName>
        <isOriginalCosponsor>False</isOriginalCosponsor>
      </item>
      <item>
        <state>MA</state>
        <identifiers>
          <lisID>1504</lisID>
          <gpoId>7968</gpoId>
          <bioguideId>M000312</bioguideId>
        </identifiers>
        <district>2</district>
        <sponsorshipDate>2017-10-02</sponsorshipDate>
        <lastName>MCGOVERN</lastName>
        <fullName>Rep. McGovern, James P. [D-MA-2]</fullName>
        <middleName>P.</middleName>
        <party>D</party>
        <sponsorshipWithdrawnDate />
        <bioguideId>M000312</bioguideId>
        <firstName>JAMES</firstName>
        <isOriginalCosponsor>False</isOriginalCosponsor>
      </item>
      <item>
        <state>NY</state>
        <identifiers>
          <lisID>2261</lisID>
          <bioguideId>Z000017</bioguideId>
          <gpoId />
        </identifiers>
        <district>1</district>
        <sponsorshipDate>2017-10-23</sponsorshipDate>
        <lastName>Zeldin</lastName>
        <fullName>Rep. Zeldin, Lee M. [R-NY-1]</fullName>
        <middleName>M.</middleName>
        <party>R</party>
        <sponsorshipWithdrawnDate />
        <bioguideId>Z000017</bioguideId>
        <firstName>Lee</firstName>
        <isOriginalCosponsor>False</isOriginalCosponsor>
      </item>
      <item>
        <state>OH</state>
        <identifiers>
          <gpoId>8099</gpoId>
          <lisID>616</lisID>
          <bioguideId>K000009</bioguideId>
        </identifiers>
        <district>9</district>
        <sponsorshipDate>2017-10-23</sponsorshipDate>
        <lastName>KAPTUR</lastName>
        <fullName>Rep. Kaptur, Marcy [D-OH-9]</fullName>
        <middleName />
        <party>D</party>
        <sponsorshipWithdrawnDate />
        <bioguideId>K000009</bioguideId>
        <firstName>MARCY</firstName>
        <isOriginalCosponsor>False</isOriginalCosponsor>
      </item>
      <item>
        <state>FL</state>
        <identifiers>
          <gpoId>7892</gpoId>
          <lisID>1777</lisID>
          <bioguideId>W000797</bioguideId>
        </identifiers>
        <district>23</district>
        <sponsorshipDate>2017-10-26</sponsorshipDate>
        <lastName>Wasserman Schultz</lastName>
        <fullName>Rep. Wasserman Schultz, Debbie [D-FL-23]</fullName>
        <middleName />
        <party>D</party>
        <sponsorshipWithdrawnDate />
        <bioguideId>W000797</bioguideId>
        <firstName>Debbie</firstName>
        <isOriginalCosponsor>False</isOriginalCosponsor>
      </item>
      <item>
        <state>NJ</state>
        <identifiers>
          <lisID>1818</lisID>
          <bioguideId>S001165</bioguideId>
          <gpoId>8055</gpoId>
        </identifiers>
        <district>8</district>
        <sponsorshipDate>2017-10-26</sponsorshipDate>
        <lastName>Sires</lastName>
        <fullName>Rep. Sires, Albio [D-NJ-8]</fullName>
        <middleName />
        <party>D</party>
        <sponsorshipWithdrawnDate />
        <bioguideId>S001165</bioguideId>
        <firstName>Albio</firstName>
        <isOriginalCosponsor>False</isOriginalCosponsor>
      </item>
      <item>
        <state>MD</state>
        <identifiers>
          <gpoId />
          <lisID>2133</lisID>
          <bioguideId>D000620</bioguideId>
        </identifiers>
        <district>6</district>
        <sponsorshipDate>2017-11-03</sponsorshipDate>
        <lastName>Delaney</lastName>
        <fullName>Rep. Delaney, John K. [D-MD-6]</fullName>
        <middleName>K.</middleName>
        <party>D</party>
        <sponsorshipWithdrawnDate />
        <bioguideId>D000620</bioguideId>
        <firstName>John</firstName>
        <isOriginalCosponsor>False</isOriginalCosponsor>
      </item>
      <item>
        <state>IL</state>
        <identifiers>
          <lisID>2015</lisID>
          <gpoId>7934</gpoId>
          <bioguideId>H001059</bioguideId>
        </identifiers>
        <district>14</district>
        <sponsorshipDate>2017-11-03</sponsorshipDate>
        <lastName>Hultgren</lastName>
        <fullName>Rep. Hultgren, Randy [R-IL-14]</fullName>
        <middleName />
        <party>R</party>
        <sponsorshipWithdrawnDate />
        <bioguideId>H001059</bioguideId>
        <firstName>Randy</firstName>
        <isOriginalCosponsor>False</isOriginalCosponsor>
      </item>
      <item>
        <state>CT</state>
        <identifiers>
          <bioguideId>E000293</bioguideId>
          <lisID>2114</lisID>
          <gpoId />
        </identifiers>
        <district>5</district>
        <sponsorshipDate>2017-11-16</sponsorshipDate>
        <lastName>Esty</lastName>
        <fullName>Rep. Esty, Elizabeth H. [D-CT-5]</fullName>
        <middleName>H.</middleName>
        <party>D</party>
        <sponsorshipWithdrawnDate />
        <bioguideId>E000293</bioguideId>
        <firstName>Elizabeth</firstName>
        <isOriginalCosponsor>False</isOriginalCosponsor>
      </item>
      <item>
        <state>PA</state>
        <identifiers>
          <bioguideId>C001090</bioguideId>
          <lisID>2159</lisID>
          <gpoId />
        </identifiers>
        <district>17</district>
        <sponsorshipDate>2017-11-29</sponsorshipDate>
        <lastName>Cartwright</lastName>
        <fullName>Rep. Cartwright, Matt [D-PA-17]</fullName>
        <middleName />
        <party>D</party>
        <sponsorshipWithdrawnDate />
        <bioguideId>C001090</bioguideId>
        <firstName>Matt</firstName>
        <isOriginalCosponsor>False</isOriginalCosponsor>
      </item>
      <item>
        <state>RI</state>
        <identifiers>
          <lisID>2055</lisID>
          <bioguideId>C001084</bioguideId>
          <gpoId>8139</gpoId>
        </identifiers>
        <district>1</district>
        <sponsorshipDate>2017-11-29</sponsorshipDate>
        <lastName>Cicilline</lastName>
        <fullName>Rep. Cicilline, David N. [D-RI-1]</fullName>
        <middleName>N.</middleName>
        <party>D</party>
        <sponsorshipWithdrawnDate />
        <bioguideId>C001084</bioguideId>
        <firstName>David</firstName>
        <isOriginalCosponsor>False</isOriginalCosponsor>
      </item>
      <item>
        <state>IL</state>
        <identifiers>
          <gpoId />
          <lisID>2190</lisID>
          <bioguideId>K000385</bioguideId>
        </identifiers>
        <district>2</district>
        <sponsorshipDate>2017-11-29</sponsorshipDate>
        <lastName>Kelly</lastName>
        <fullName>Rep. Kelly, Robin L. [D-IL-2]</fullName>
        <middleName>L.</middleName>
        <party>D</party>
        <sponsorshipWithdrawnDate />
        <bioguideId>K000385</bioguideId>
        <firstName>Robin</firstName>
        <isOriginalCosponsor>False</isOriginalCosponsor>
      </item>
      <item>
        <state>IL</state>
        <identifiers>
          <gpoId>7929</gpoId>
          <lisID>1588</lisID>
          <bioguideId>S001145</bioguideId>
        </identifiers>
        <district>9</district>
        <sponsorshipDate>2017-11-29</sponsorshipDate>
        <lastName>SCHAKOWSKY</lastName>
        <fullName>Rep. Schakowsky, Janice D. [D-IL-9]</fullName>
        <middleName>D.</middleName>
        <party>D</party>
        <sponsorshipWithdrawnDate />
        <bioguideId>S001145</bioguideId>
        <firstName>JANICE</firstName>
        <isOriginalCosponsor>False</isOriginalCosponsor>
      </item>
      <item>
        <state>TN</state>
        <identifiers>
          <bioguideId>C001068</bioguideId>
          <lisID>1878</lisID>
          <gpoId>8156</gpoId>
        </identifiers>
        <district>9</district>
        <sponsorshipDate>2018-01-08</sponsorshipDate>
        <lastName>Cohen</lastName>
        <fullName>Rep. Cohen, Steve [D-TN-9]</fullName>
        <middleName />
        <party>D</party>
        <sponsorshipWithdrawnDate />
        <bioguideId>C001068</bioguideId>
        <firstName>Steve</firstName>
        <isOriginalCosponsor>False</isOriginalCosponsor>
      </item>
      <item>
        <state>VA</state>
        <identifiers>
          <lisID>1959</lisID>
          <bioguideId>C001078</bioguideId>
          <gpoId>8202</gpoId>
        </identifiers>
        <district>11</district>
        <sponsorshipDate>2018-01-25</sponsorshipDate>
        <lastName>Connolly</lastName>
        <fullName>Rep. Connolly, Gerald E. [D-VA-11]</fullName>
        <middleName>E.</middleName>
        <party>D</party>
        <sponsorshipWithdrawnDate />
        <bioguideId>C001078</bioguideId>
        <firstName>Gerald</firstName>
        <isOriginalCosponsor>False</isOriginalCosponsor>
      </item>
    </cosponsors>
    <constitutionalAuthorityStatementText />
    <policyArea>
      <name>International Affairs</name>
    </policyArea>
    <cboCostEstimates />
    <laws />
    <congress>115</congress>
    <version>1.0.0</version>
    <introducedDate>2017-01-24</introducedDate>
    <committeeReports />
    <titles>
      <item>
        <title>Expressing the sense of the House of Representatives regarding unanswered questions into the fate of Raoul Wallenberg.</title>
        <titleType>Official Title as Introduced</titleType>
        <parentTitleType />
        <chamberCode />
        <chamberName />
      </item>
      <item>
        <title>Expressing the sense of the House of Representatives regarding unanswered questions into the fate of Raoul Wallenberg.</title>
        <titleType>Display Title</titleType>
        <parentTitleType />
        <chamberCode />
        <chamberName />
      </item>
    </titles>
    <calendarNumbers />
    <subjects>
      <billSubjects>
        <policyArea>
          <name>International Affairs</name>
        </policyArea>
        <legislativeSubjects>
          <item>
            <name>Correctional facilities and imprisonment</name>
          </item>
          <item>
            <name>Detention of persons</name>
          </item>
          <item>
            <name>Diplomacy, foreign officials, Americans abroad</name>
          </item>
          <item>
            <name>Europe</name>
          </item>
          <item>
            <name>Government information and archives</name>
          </item>
          <item>
            <name>Government studies and investigations</name>
          </item>
          <item>
            <name>Human rights</name>
          </item>
          <item>
            <name>Hungary</name>
          </item>
          <item>
            <name>Intelligence activities, surveillance, classified information</name>
          </item>
          <item>
            <name>International organizations and cooperation</name>
          </item>
          <item>
            <name>Russia</name>
          </item>
          <item>
            <name>Sweden</name>
          </item>
          <item>
            <name>War crimes, genocide, crimes against humanity</name>
          </item>
          <item>
            <name>World history</name>
          </item>
        </legislativeSubjects>
      </billSubjects>
    </subjects>
    <billType>HRES</billType>
  </bill>
  <dublinCore xmlns:dc="http://purl.org/dc/elements/1.1/">
    <dc:format>text/xml</dc:format>
    <dc:language>EN</dc:language>
    <dc:rights>Pursuant to Title 17 Section 105 of the United States Code, this file is not subject to copyright protection and is in the public domain.</dc:rights>
    <dc:contributor>Congressional Research Service, Library of Congress</dc:contributor>
    <dc:description>This file contains bill summaries and statuses for federal legislation. A bill summary describes the most significant provisions of a piece of legislation and details the effects the legislative text may have on current law and federal programs. Bill summaries are authored by the Congressional Research Service (CRS) of the Library of Congress. As stated in Public Law 91-510 (2 USC 166 (d)(6)), one of the duties of CRS is "to prepare summaries and digests of bills and resolutions of a public general nature introduced in the Senate or House of Representatives". For more information, refer to the User Guide that accompanies this file.</dc:description>
  </dublinCore>
</billStatus>

