<?xml version="1.0" encoding="UTF-8"?>
<billStatus>
  <bill>
    <policyArea>
      <name>Government Operations and Politics</name>
    </policyArea>
    <committeeReports />
    <congress>115</congress>
    <sponsors>
      <item>
        <identifiers>
          <lisID>1878</lisID>
          <gpoId>8156</gpoId>
          <bioguideId>C001068</bioguideId>
        </identifiers>
        <district>9</district>
        <middleName />
        <byRequestType />
        <fullName>Rep. Cohen, Steve [D-TN-9]</fullName>
        <bioguideId>C001068</bioguideId>
        <state>TN</state>
        <party>D</party>
        <firstName>Steve</firstName>
        <lastName>Cohen</lastName>
      </item>
    </sponsors>
    <calendarNumbers />
    <amendments />
    <relatedBills />
    <notes />
    <originChamber>House</originChamber>
    <version>1.0.0</version>
    <billNumber>456</billNumber>
    <title>Objecting to the conduct of the President of the United States.</title>
    <cosponsors>
      <item>
        <lastName>Green</lastName>
        <sponsorshipDate>2017-07-19</sponsorshipDate>
        <bioguideId>G000553</bioguideId>
        <middleName />
        <identifiers>
          <bioguideId>G000553</bioguideId>
          <lisID>1803</lisID>
          <gpoId>8165</gpoId>
        </identifiers>
        <district>9</district>
        <party>D</party>
        <state>TX</state>
        <firstName>Al</firstName>
        <sponsorshipWithdrawnDate />
        <isOriginalCosponsor>True</isOriginalCosponsor>
        <fullName>Rep. Green, Al [D-TX-9]</fullName>
      </item>
      <item>
        <lastName>Carson</lastName>
        <sponsorshipDate>2017-07-19</sponsorshipDate>
        <bioguideId>C001072</bioguideId>
        <middleName />
        <identifiers>
          <lisID>1889</lisID>
          <bioguideId>C001072</bioguideId>
          <gpoId>7946</gpoId>
        </identifiers>
        <district>7</district>
        <party>D</party>
        <state>IN</state>
        <firstName>Andre</firstName>
        <sponsorshipWithdrawnDate />
        <isOriginalCosponsor>True</isOriginalCosponsor>
        <fullName>Rep. Carson, Andre [D-IN-7]</fullName>
      </item>
      <item>
        <lastName>LEE</lastName>
        <sponsorshipDate>2017-07-19</sponsorshipDate>
        <bioguideId>L000551</bioguideId>
        <middleName />
        <identifiers>
          <gpoId>7814</gpoId>
          <bioguideId>L000551</bioguideId>
          <lisID>1501</lisID>
        </identifiers>
        <district>13</district>
        <party>D</party>
        <state>CA</state>
        <firstName>BARBARA</firstName>
        <sponsorshipWithdrawnDate />
        <isOriginalCosponsor>True</isOriginalCosponsor>
        <fullName>Rep. Lee, Barbara [D-CA-13]</fullName>
      </item>
      <item>
        <lastName>Watson Coleman</lastName>
        <sponsorshipDate>2017-07-19</sponsorshipDate>
        <bioguideId>W000822</bioguideId>
        <middleName />
        <identifiers>
          <bioguideId>W000822</bioguideId>
          <lisID>2259</lisID>
          <gpoId />
        </identifiers>
        <district>12</district>
        <party>D</party>
        <state>NJ</state>
        <firstName>Bonnie</firstName>
        <sponsorshipWithdrawnDate />
        <isOriginalCosponsor>True</isOriginalCosponsor>
        <fullName>Rep. Watson Coleman, Bonnie [D-NJ-12]</fullName>
      </item>
      <item>
        <lastName>Boyle</lastName>
        <sponsorshipDate>2017-07-19</sponsorshipDate>
        <bioguideId>B001296</bioguideId>
        <middleName>F.</middleName>
        <identifiers>
          <gpoId />
          <lisID>2267</lisID>
          <bioguideId>B001296</bioguideId>
        </identifiers>
        <district>13</district>
        <party>D</party>
        <state>PA</state>
        <firstName>Brendan</firstName>
        <sponsorshipWithdrawnDate />
        <isOriginalCosponsor>True</isOriginalCosponsor>
        <fullName>Rep. Boyle, Brendan F. [D-PA-13]</fullName>
      </item>
      <item>
        <lastName>Cicilline</lastName>
        <sponsorshipDate>2017-07-19</sponsorshipDate>
        <bioguideId>C001084</bioguideId>
        <middleName>N.</middleName>
        <identifiers>
          <lisID>2055</lisID>
          <gpoId>8139</gpoId>
          <bioguideId>C001084</bioguideId>
        </identifiers>
        <district>1</district>
        <party>D</party>
        <state>RI</state>
        <firstName>David</firstName>
        <sponsorshipWithdrawnDate />
        <isOriginalCosponsor>True</isOriginalCosponsor>
        <fullName>Rep. Cicilline, David N. [D-RI-1]</fullName>
      </item>
      <item>
        <lastName>Raskin</lastName>
        <sponsorshipDate>2017-07-19</sponsorshipDate>
        <bioguideId>R000606</bioguideId>
        <middleName />
        <identifiers>
          <bioguideId>R000606</bioguideId>
          <gpoId />
          <lisID>2332</lisID>
        </identifiers>
        <district>8</district>
        <party>D</party>
        <state>MD</state>
        <firstName>Jamie</firstName>
        <sponsorshipWithdrawnDate />
        <isOriginalCosponsor>True</isOriginalCosponsor>
        <fullName>Rep. Raskin, Jamie [D-MD-8]</fullName>
      </item>
      <item>
        <lastName>SCHAKOWSKY</lastName>
        <sponsorshipDate>2017-07-19</sponsorshipDate>
        <bioguideId>S001145</bioguideId>
        <middleName>D.</middleName>
        <identifiers>
          <lisID>1588</lisID>
          <bioguideId>S001145</bioguideId>
          <gpoId>7929</gpoId>
        </identifiers>
        <district>9</district>
        <party>D</party>
        <state>IL</state>
        <firstName>JANICE</firstName>
        <sponsorshipWithdrawnDate />
        <isOriginalCosponsor>True</isOriginalCosponsor>
        <fullName>Rep. Schakowsky, Janice D. [D-IL-9]</fullName>
      </item>
      <item>
        <lastName>LEWIS</lastName>
        <sponsorshipDate>2017-07-19</sponsorshipDate>
        <bioguideId>L000287</bioguideId>
        <middleName />
        <identifiers>
          <lisID>688</lisID>
          <bioguideId>L000287</bioguideId>
          <gpoId>7902</gpoId>
        </identifiers>
        <district>5</district>
        <party>D</party>
        <state>GA</state>
        <firstName>JOHN</firstName>
        <sponsorshipWithdrawnDate />
        <isOriginalCosponsor>True</isOriginalCosponsor>
        <fullName>Rep. Lewis, John [D-GA-5]</fullName>
      </item>
      <item>
        <lastName>Yarmuth</lastName>
        <sponsorshipDate>2017-07-19</sponsorshipDate>
        <bioguideId>Y000062</bioguideId>
        <middleName>A.</middleName>
        <identifiers>
          <lisID>1853</lisID>
          <gpoId>7955</gpoId>
          <bioguideId>Y000062</bioguideId>
        </identifiers>
        <district>3</district>
        <party>D</party>
        <state>KY</state>
        <firstName>John</firstName>
        <sponsorshipWithdrawnDate />
        <isOriginalCosponsor>True</isOriginalCosponsor>
        <fullName>Rep. Yarmuth, John A. [D-KY-3]</fullName>
      </item>
      <item>
        <lastName>Chu</lastName>
        <sponsorshipDate>2017-07-19</sponsorshipDate>
        <bioguideId>C001080</bioguideId>
        <middleName />
        <identifiers>
          <gpoId>7837</gpoId>
          <bioguideId>C001080</bioguideId>
          <lisID>1970</lisID>
        </identifiers>
        <district>27</district>
        <party>D</party>
        <state>CA</state>
        <firstName>Judy</firstName>
        <sponsorshipWithdrawnDate />
        <isOriginalCosponsor>True</isOriginalCosponsor>
        <fullName>Rep. Chu, Judy [D-CA-27]</fullName>
      </item>
      <item>
        <lastName>Bass</lastName>
        <sponsorshipDate>2017-07-19</sponsorshipDate>
        <bioguideId>B001270</bioguideId>
        <middleName />
        <identifiers>
          <bioguideId>B001270</bioguideId>
          <lisID>1996</lisID>
          <gpoId>7838</gpoId>
        </identifiers>
        <district>37</district>
        <party>D</party>
        <state>CA</state>
        <firstName>Karen</firstName>
        <sponsorshipWithdrawnDate />
        <isOriginalCosponsor>True</isOriginalCosponsor>
        <fullName>Rep. Bass, Karen [D-CA-37]</fullName>
      </item>
      <item>
        <lastName>Ellison</lastName>
        <sponsorshipDate>2017-07-19</sponsorshipDate>
        <bioguideId>E000288</bioguideId>
        <middleName />
        <identifiers>
          <gpoId>8005</gpoId>
          <lisID>1857</lisID>
          <bioguideId>E000288</bioguideId>
        </identifiers>
        <district>5</district>
        <party>D</party>
        <state>MN</state>
        <firstName>Keith</firstName>
        <sponsorshipWithdrawnDate />
        <isOriginalCosponsor>True</isOriginalCosponsor>
        <fullName>Rep. Ellison, Keith [D-MN-5]</fullName>
      </item>
      <item>
        <lastName>GUTIERREZ</lastName>
        <sponsorshipDate>2017-07-19</sponsorshipDate>
        <bioguideId>G000535</bioguideId>
        <middleName>V.</middleName>
        <identifiers>
          <bioguideId>G000535</bioguideId>
          <lisID>478</lisID>
          <gpoId>7924</gpoId>
        </identifiers>
        <district>4</district>
        <party>D</party>
        <state>IL</state>
        <firstName>LUIS</firstName>
        <sponsorshipWithdrawnDate />
        <isOriginalCosponsor>True</isOriginalCosponsor>
        <fullName>Rep. Gutierrez, Luis V. [D-IL-4]</fullName>
      </item>
      <item>
        <lastName>Fudge</lastName>
        <sponsorshipDate>2017-07-19</sponsorshipDate>
        <bioguideId>F000455</bioguideId>
        <middleName>L.</middleName>
        <identifiers>
          <bioguideId>F000455</bioguideId>
          <gpoId>8101</gpoId>
          <lisID>1895</lisID>
        </identifiers>
        <district>11</district>
        <party>D</party>
        <state>OH</state>
        <firstName>Marcia</firstName>
        <sponsorshipWithdrawnDate />
        <isOriginalCosponsor>True</isOriginalCosponsor>
        <fullName>Rep. Fudge, Marcia L. [D-OH-11]</fullName>
      </item>
      <item>
        <lastName>DeSaulnier</lastName>
        <sponsorshipDate>2017-07-19</sponsorshipDate>
        <bioguideId>D000623</bioguideId>
        <middleName />
        <identifiers>
          <lisID>2227</lisID>
          <bioguideId>D000623</bioguideId>
          <gpoId />
        </identifiers>
        <district>11</district>
        <party>D</party>
        <state>CA</state>
        <firstName>Mark</firstName>
        <sponsorshipWithdrawnDate />
        <isOriginalCosponsor>True</isOriginalCosponsor>
        <fullName>Rep. DeSaulnier, Mark [D-CA-11]</fullName>
      </item>
      <item>
        <lastName>Pocan</lastName>
        <sponsorshipDate>2017-07-19</sponsorshipDate>
        <bioguideId>P000607</bioguideId>
        <middleName />
        <identifiers>
          <gpoId />
          <lisID>2171</lisID>
          <bioguideId>P000607</bioguideId>
        </identifiers>
        <district>2</district>
        <party>D</party>
        <state>WI</state>
        <firstName>Mark</firstName>
        <sponsorshipWithdrawnDate />
        <isOriginalCosponsor>True</isOriginalCosponsor>
        <fullName>Rep. Pocan, Mark [D-WI-2]</fullName>
      </item>
      <item>
        <lastName>WATERS</lastName>
        <sponsorshipDate>2017-07-19</sponsorshipDate>
        <bioguideId>W000187</bioguideId>
        <middleName />
        <identifiers>
          <gpoId>7840</gpoId>
          <lisID>1205</lisID>
          <bioguideId>W000187</bioguideId>
        </identifiers>
        <district>43</district>
        <party>D</party>
        <state>CA</state>
        <firstName>MAXINE</firstName>
        <sponsorshipWithdrawnDate />
        <isOriginalCosponsor>True</isOriginalCosponsor>
        <fullName>Rep. Waters, Maxine [D-CA-43]</fullName>
      </item>
      <item>
        <lastName>Jayapal</lastName>
        <sponsorshipDate>2017-07-19</sponsorshipDate>
        <bioguideId>J000298</bioguideId>
        <middleName />
        <identifiers>
          <bioguideId>J000298</bioguideId>
          <gpoId />
          <lisID>2354</lisID>
        </identifiers>
        <district>7</district>
        <party>D</party>
        <state>WA</state>
        <firstName>Pramila</firstName>
        <sponsorshipWithdrawnDate />
        <isOriginalCosponsor>True</isOriginalCosponsor>
        <fullName>Rep. Jayapal, Pramila [D-WA-7]</fullName>
      </item>
      <item>
        <lastName>Grijalva</lastName>
        <sponsorshipDate>2017-07-19</sponsorshipDate>
        <bioguideId>G000551</bioguideId>
        <middleName>M.</middleName>
        <identifiers>
          <lisID>1708</lisID>
          <bioguideId>G000551</bioguideId>
          <gpoId>7804</gpoId>
        </identifiers>
        <district>3</district>
        <party>D</party>
        <state>AZ</state>
        <firstName>Raul</firstName>
        <sponsorshipWithdrawnDate />
        <isOriginalCosponsor>True</isOriginalCosponsor>
        <fullName>Rep. Grijalva, Raul M. [D-AZ-3]</fullName>
      </item>
      <item>
        <lastName>JACKSON LEE</lastName>
        <sponsorshipDate>2017-07-19</sponsorshipDate>
        <bioguideId>J000032</bioguideId>
        <middleName />
        <identifiers>
          <lisID>588</lisID>
          <bioguideId>J000032</bioguideId>
          <gpoId>8174</gpoId>
        </identifiers>
        <district>18</district>
        <party>D</party>
        <state>TX</state>
        <firstName>SHEILA</firstName>
        <sponsorshipWithdrawnDate />
        <isOriginalCosponsor>True</isOriginalCosponsor>
        <fullName>Rep. Jackson Lee, Sheila [D-TX-18]</fullName>
      </item>
      <item>
        <lastName>LOFGREN</lastName>
        <sponsorshipDate>2017-07-19</sponsorshipDate>
        <bioguideId>L000397</bioguideId>
        <middleName />
        <identifiers>
          <lisID>701</lisID>
          <gpoId>7821</gpoId>
          <bioguideId>L000397</bioguideId>
        </identifiers>
        <district>19</district>
        <party>D</party>
        <state>CA</state>
        <firstName>ZOE</firstName>
        <sponsorshipWithdrawnDate />
        <isOriginalCosponsor>True</isOriginalCosponsor>
        <fullName>Rep. Lofgren, Zoe [D-CA-19]</fullName>
      </item>
      <item>
        <lastName>Espaillat</lastName>
        <sponsorshipDate>2017-07-19</sponsorshipDate>
        <bioguideId>E000297</bioguideId>
        <middleName />
        <identifiers>
          <gpoId />
          <lisID>2342</lisID>
          <bioguideId>E000297</bioguideId>
        </identifiers>
        <district>13</district>
        <party>D</party>
        <state>NY</state>
        <firstName>Adriano</firstName>
        <sponsorshipWithdrawnDate />
        <isOriginalCosponsor>True</isOriginalCosponsor>
        <fullName>Rep. Espaillat, Adriano [D-NY-13]</fullName>
      </item>
      <item>
        <lastName>Payne</lastName>
        <sponsorshipDate>2017-07-19</sponsorshipDate>
        <bioguideId>P000604</bioguideId>
        <middleName>M.</middleName>
        <identifiers>
          <lisID>2097</lisID>
          <bioguideId>P000604</bioguideId>
          <gpoId>8373</gpoId>
        </identifiers>
        <district>10</district>
        <party>D</party>
        <state>NJ</state>
        <firstName>Donald</firstName>
        <sponsorshipWithdrawnDate />
        <isOriginalCosponsor>True</isOriginalCosponsor>
        <fullName>Rep. Payne, Donald M., Jr. [D-NJ-10]</fullName>
      </item>
      <item>
        <lastName>Beyer</lastName>
        <sponsorshipDate>2017-07-19</sponsorshipDate>
        <bioguideId>B001292</bioguideId>
        <middleName>S.</middleName>
        <identifiers>
          <lisID>2272</lisID>
          <bioguideId>B001292</bioguideId>
          <gpoId />
        </identifiers>
        <district>8</district>
        <party>D</party>
        <state>VA</state>
        <firstName>Donald</firstName>
        <sponsorshipWithdrawnDate />
        <isOriginalCosponsor>True</isOriginalCosponsor>
        <fullName>Rep. Beyer, Donald S., Jr. [D-VA-8]</fullName>
      </item>
      <item>
        <lastName>NADLER</lastName>
        <sponsorshipDate>2017-07-19</sponsorshipDate>
        <bioguideId>N000002</bioguideId>
        <middleName />
        <identifiers>
          <lisID>850</lisID>
          <bioguideId>N000002</bioguideId>
          <gpoId>8069</gpoId>
        </identifiers>
        <district>10</district>
        <party>D</party>
        <state>NY</state>
        <firstName>JERROLD</firstName>
        <sponsorshipWithdrawnDate />
        <isOriginalCosponsor>True</isOriginalCosponsor>
        <fullName>Rep. Nadler, Jerrold [D-NY-10]</fullName>
      </item>
      <item>
        <lastName>Lieu</lastName>
        <sponsorshipDate>2017-07-19</sponsorshipDate>
        <bioguideId>L000582</bioguideId>
        <middleName />
        <identifiers>
          <gpoId />
          <lisID>2230</lisID>
          <bioguideId>L000582</bioguideId>
        </identifiers>
        <district>33</district>
        <party>D</party>
        <state>CA</state>
        <firstName>Ted</firstName>
        <sponsorshipWithdrawnDate />
        <isOriginalCosponsor>True</isOriginalCosponsor>
        <fullName>Rep. Lieu, Ted [D-CA-33]</fullName>
      </item>
      <item>
        <lastName>Cardenas</lastName>
        <sponsorshipDate>2017-07-19</sponsorshipDate>
        <bioguideId>C001097</bioguideId>
        <middleName />
        <identifiers>
          <lisID>2107</lisID>
          <gpoId />
          <bioguideId>C001097</bioguideId>
        </identifiers>
        <district>29</district>
        <party>D</party>
        <state>CA</state>
        <firstName>Tony</firstName>
        <sponsorshipWithdrawnDate />
        <isOriginalCosponsor>True</isOriginalCosponsor>
        <fullName>Rep. Cardenas, Tony [D-CA-29]</fullName>
      </item>
      <item>
        <lastName>BLUMENAUER</lastName>
        <sponsorshipDate>2017-07-25</sponsorshipDate>
        <bioguideId>B000574</bioguideId>
        <middleName />
        <identifiers>
          <gpoId>8116</gpoId>
          <bioguideId>B000574</bioguideId>
          <lisID>99</lisID>
        </identifiers>
        <district>3</district>
        <party>D</party>
        <state>OR</state>
        <firstName>EARL</firstName>
        <sponsorshipWithdrawnDate />
        <isOriginalCosponsor>False</isOriginalCosponsor>
        <fullName>Rep. Blumenauer, Earl [D-OR-3]</fullName>
      </item>
      <item>
        <lastName>THOMPSON</lastName>
        <sponsorshipDate>2017-07-26</sponsorshipDate>
        <bioguideId>T000193</bioguideId>
        <middleName />
        <identifiers>
          <lisID>1151</lisID>
          <gpoId>8020</gpoId>
          <bioguideId>T000193</bioguideId>
        </identifiers>
        <district>2</district>
        <party>D</party>
        <state>MS</state>
        <firstName>BENNIE</firstName>
        <sponsorshipWithdrawnDate />
        <isOriginalCosponsor>False</isOriginalCosponsor>
        <fullName>Rep. Thompson, Bennie G. [D-MS-2]</fullName>
      </item>
      <item>
        <lastName>Evans</lastName>
        <sponsorshipDate>2017-08-18</sponsorshipDate>
        <bioguideId>E000296</bioguideId>
        <middleName />
        <identifiers>
          <bioguideId>E000296</bioguideId>
          <gpoId />
          <lisID>2298</lisID>
        </identifiers>
        <district>2</district>
        <party>D</party>
        <state>PA</state>
        <firstName>Dwight</firstName>
        <sponsorshipWithdrawnDate />
        <isOriginalCosponsor>False</isOriginalCosponsor>
        <fullName>Rep. Evans, Dwight [D-PA-2]</fullName>
      </item>
      <item>
        <lastName>MCGOVERN</lastName>
        <sponsorshipDate>2017-08-25</sponsorshipDate>
        <bioguideId>M000312</bioguideId>
        <middleName>P.</middleName>
        <identifiers>
          <lisID>1504</lisID>
          <gpoId>7968</gpoId>
          <bioguideId>M000312</bioguideId>
        </identifiers>
        <district>2</district>
        <party>D</party>
        <state>MA</state>
        <firstName>JAMES</firstName>
        <sponsorshipWithdrawnDate />
        <isOriginalCosponsor>False</isOriginalCosponsor>
        <fullName>Rep. McGovern, James P. [D-MA-2]</fullName>
      </item>
    </cosponsors>
    <subjects>
      <billSubjects>
        <legislativeSubjects>
          <item>
            <name>Computer security and identity theft</name>
          </item>
          <item>
            <name>Congressional oversight</name>
          </item>
          <item>
            <name>Congressional-executive branch relations</name>
          </item>
          <item>
            <name>Corporate finance and management</name>
          </item>
          <item>
            <name>Diplomacy, foreign officials, Americans abroad</name>
          </item>
          <item>
            <name>Elections, voting, political campaign regulation</name>
          </item>
          <item>
            <name>Financial services and investments</name>
          </item>
          <item>
            <name>First Amendment rights</name>
          </item>
          <item>
            <name>Florida</name>
          </item>
          <item>
            <name>Government ethics and transparency, public corruption</name>
          </item>
          <item>
            <name>Government information and archives</name>
          </item>
          <item>
            <name>Human rights</name>
          </item>
          <item>
            <name>International organizations and cooperation</name>
          </item>
          <item>
            <name>Internet and video services</name>
          </item>
          <item>
            <name>Judicial procedure and administration</name>
          </item>
          <item>
            <name>Members of Congress</name>
          </item>
          <item>
            <name>New Jersey</name>
          </item>
          <item>
            <name>News media and reporting</name>
          </item>
          <item>
            <name>Presidents and presidential powers, Vice Presidents</name>
          </item>
          <item>
            <name>Russia</name>
          </item>
          <item>
            <name>Sovereignty, recognition, national governance and status</name>
          </item>
          <item>
            <name>Tax administration and collection, taxpayers</name>
          </item>
          <item>
            <name>Virginia</name>
          </item>
        </legislativeSubjects>
        <policyArea>
          <name>Government Operations and Politics</name>
        </policyArea>
      </billSubjects>
    </subjects>
    <constitutionalAuthorityStatementText />
    <laws />
    <actions>
      <item>
        <links />
        <actionDate>2017-07-19</actionDate>
        <type>IntroReferral</type>
        <text>Referred to the Committee on Oversight and Government Reform, and in addition to the Committees on the Judiciary, and Foreign Affairs, for a period to be subsequently determined by the Speaker, in each case for consideration of such provisions as fall within the jurisdiction of the committee concerned.</text>
        <actionCode>H11100</actionCode>
        <sourceSystem>
          <name>House floor actions</name>
          <code>2</code>
        </sourceSystem>
        <committee>
          <systemCode>hsfa00</systemCode>
          <name>Foreign Affairs Committee</name>
        </committee>
      </item>
      <item>
        <links />
        <actionDate>2017-07-19</actionDate>
        <type>IntroReferral</type>
        <text>Referred to the Committee on Oversight and Government Reform, and in addition to the Committees on the Judiciary, and Foreign Affairs, for a period to be subsequently determined by the Speaker, in each case for consideration of such provisions as fall within the jurisdiction of the committee concerned.</text>
        <actionCode>H11100</actionCode>
        <sourceSystem>
          <name>House floor actions</name>
          <code>2</code>
        </sourceSystem>
        <committee>
          <systemCode>hsju00</systemCode>
          <name>Judiciary Committee</name>
        </committee>
      </item>
      <item>
        <links />
        <actionDate>2017-07-19</actionDate>
        <type>IntroReferral</type>
        <text>Referred to the Committee on Oversight and Government Reform, and in addition to the Committees on the Judiciary, and Foreign Affairs, for a period to be subsequently determined by the Speaker, in each case for consideration of such provisions as fall within the jurisdiction of the committee concerned.</text>
        <actionCode>H11100</actionCode>
        <sourceSystem>
          <name>House floor actions</name>
          <code>2</code>
        </sourceSystem>
        <committee>
          <systemCode>hsgo00</systemCode>
          <name>Oversight and Government Reform Committee</name>
        </committee>
      </item>
      <item>
        <links />
        <actionDate>2017-07-19</actionDate>
        <type>IntroReferral</type>
        <text>Introduced in House</text>
        <actionCode>Intro-H</actionCode>
        <sourceSystem>
          <name>Library of Congress</name>
          <code>9</code>
        </sourceSystem>
        <committee />
      </item>
      <item>
        <links />
        <actionDate>2017-07-19</actionDate>
        <type>IntroReferral</type>
        <text>Introduced in House</text>
        <actionCode>1000</actionCode>
        <sourceSystem>
          <name>Library of Congress</name>
          <code>9</code>
        </sourceSystem>
        <committee />
      </item>
      <actionByCounts>
        <houseOfRepresentatives>5</houseOfRepresentatives>
      </actionByCounts>
      <actionTypeCounts>
        <billReferrals>3</billReferrals>
        <introducedInTheHouse>1</introducedInTheHouse>
        <introducedInHouse>1</introducedInHouse>
      </actionTypeCounts>
    </actions>
    <titles>
      <item>
        <chamberCode />
        <title>Objecting to the conduct of the President of the United States.</title>
        <titleType>Official Title as Introduced</titleType>
        <parentTitleType />
        <chamberName />
      </item>
      <item>
        <chamberCode />
        <title>Objecting to the conduct of the President of the United States.</title>
        <titleType>Display Title</titleType>
        <parentTitleType />
        <chamberName />
      </item>
    </titles>
    <summaries>
      <billSummaries>
        <item>
          <text><![CDATA[<p>Declares that the House of Representatives has no confidence that President Trump is faithfully executing the office of President.</p> <p>Calls for President Trump to:</p> <ul> <li> release his tax returns; </li> <li> place his private business assets in a blind trust or divest from them;</li> <li> donate to the U.S. Treasury any personal profit from foreign patronage of hotels in which he has an ownership interest; </li> <li> refrain from taking any action that results in taxpayer money being spent on goods or services from businesses in which he has an ownership interest;</li> <li> seek congressional consent for any emoluments he has received from foreign countries; </li> <li> refrain from using Twitter inappropriately; </li> <li> support the First Amendment, support freedom of the press, refrain from calling reporting &quot;fake news,&quot; refrain from posting video of himself wrestling with a press logo, and stop limiting full electronic press access to White House press briefings; </li> <li> promote democracy, freedom of the press, and human rights in foreign policy; </li> <li> unequivocally acknowledge that Russia interfered in the 2016 U.S. presidential election and work to protect our electoral process from future foreign interference; </li> <li> refuse any offer to form a cybersecurity unit with the Russian government to protect the United States from election hacking; </li> <li> respect the independence of our nation's judicial branch; </li> <li> respect Members of Congress and refrain from using derogatory nicknames for them; and </li> <li> conduct foreign policy in a manner that reflects the U.S. traditional role as leader of the free world. </li> </ul> <ul> <ul> </ul> </ul>]]></text>
          <versionCode>00</versionCode>
          <actionDate>2017-07-19</actionDate>
          <name>Introduced in House</name>
          <actionDesc>Introduced in House</actionDesc>
          <lastSummaryUpdateDate>2017-10-30T21:47:58Z</lastSummaryUpdateDate>
          <updateDate>2017-07-19T04:00:00Z</updateDate>
        </item>
      </billSummaries>
    </summaries>
    <committees>
      <billCommittees>
        <item>
          <subcommittees />
          <type>Standing</type>
          <systemCode>hsfa00</systemCode>
          <activities>
            <item>
              <name>Referred to</name>
              <date>2017-07-19T14:00:21Z</date>
            </item>
          </activities>
          <name>Foreign Affairs Committee</name>
          <chamber>House</chamber>
        </item>
        <item>
          <subcommittees />
          <type>Standing</type>
          <systemCode>hsju00</systemCode>
          <activities>
            <item>
              <name>Referred to</name>
              <date>2017-07-19T14:00:16Z</date>
            </item>
          </activities>
          <name>Judiciary Committee</name>
          <chamber>House</chamber>
        </item>
        <item>
          <subcommittees />
          <type>Standing</type>
          <systemCode>hsgo00</systemCode>
          <activities>
            <item>
              <name>Referred to</name>
              <date>2017-07-19T14:00:11Z</date>
            </item>
          </activities>
          <name>Oversight and Government Reform Committee</name>
          <chamber>House</chamber>
        </item>
      </billCommittees>
    </committees>
    <introducedDate>2017-07-19</introducedDate>
    <updateDate>2018-02-06T16:39:54Z</updateDate>
    <cboCostEstimates />
    <recordedVotes />
    <billType>HRES</billType>
    <createDate>2017-07-20T03:11:30Z</createDate>
    <latestAction>
      <text>Referred to the Committee on Oversight and Government Reform, and in addition to the Committees on the Judiciary, and Foreign Affairs, for a period to be subsequently determined by the Speaker, in each case for consideration of such provisions as fall within the jurisdiction of the committee concerned.</text>
      <links />
      <actionDate>2017-07-19</actionDate>
    </latestAction>
  </bill>
  <dublinCore xmlns:dc="http://purl.org/dc/elements/1.1/">
    <dc:format>text/xml</dc:format>
    <dc:language>EN</dc:language>
    <dc:rights>Pursuant to Title 17 Section 105 of the United States Code, this file is not subject to copyright protection and is in the public domain.</dc:rights>
    <dc:contributor>Congressional Research Service, Library of Congress</dc:contributor>
    <dc:description>This file contains bill summaries and statuses for federal legislation. A bill summary describes the most significant provisions of a piece of legislation and details the effects the legislative text may have on current law and federal programs. Bill summaries are authored by the Congressional Research Service (CRS) of the Library of Congress. As stated in Public Law 91-510 (2 USC 166 (d)(6)), one of the duties of CRS is "to prepare summaries and digests of bills and resolutions of a public general nature introduced in the Senate or House of Representatives". For more information, refer to the User Guide that accompanies this file.</dc:description>
  </dublinCore>
</billStatus>

