<?xml version="1.0" encoding="UTF-8"?>
<billStatus>
  <bill>
    <policyArea>
      <name>International Affairs</name>
    </policyArea>
    <introducedDate>2017-01-24</introducedDate>
    <cosponsors>
      <item>
        <district>14</district>
        <sponsorshipWithdrawnDate />
        <party>D</party>
        <fullName>Rep. Crowley, Joseph [D-NY-14]</fullName>
        <sponsorshipDate>2017-01-27</sponsorshipDate>
        <bioguideId>C001038</bioguideId>
        <middleName />
        <identifiers>
          <bioguideId>C001038</bioguideId>
          <gpoId>8068</gpoId>
          <lisID>1604</lisID>
        </identifiers>
        <lastName>CROWLEY</lastName>
        <isOriginalCosponsor>False</isOriginalCosponsor>
        <firstName>JOSEPH</firstName>
        <state>NY</state>
      </item>
      <item>
        <district>15</district>
        <sponsorshipWithdrawnDate />
        <party>D</party>
        <fullName>Rep. Serrano, Jose E. [D-NY-15]</fullName>
        <sponsorshipDate>2017-01-27</sponsorshipDate>
        <bioguideId>S000248</bioguideId>
        <middleName>E.</middleName>
        <identifiers>
          <bioguideId>S000248</bioguideId>
          <gpoId>8077</gpoId>
          <lisID>1042</lisID>
        </identifiers>
        <lastName>SERRANO</lastName>
        <isOriginalCosponsor>False</isOriginalCosponsor>
        <firstName>JOSE</firstName>
        <state>NY</state>
      </item>
      <item>
        <district>20</district>
        <sponsorshipWithdrawnDate />
        <party>D</party>
        <fullName>Rep. Tonko, Paul [D-NY-20]</fullName>
        <sponsorshipDate>2017-01-27</sponsorshipDate>
        <bioguideId>T000469</bioguideId>
        <middleName />
        <identifiers>
          <lisID>1942</lisID>
          <gpoId>8082</gpoId>
          <bioguideId>T000469</bioguideId>
        </identifiers>
        <lastName>Tonko</lastName>
        <isOriginalCosponsor>False</isOriginalCosponsor>
        <firstName>Paul</firstName>
        <state>NY</state>
      </item>
      <item>
        <district>46</district>
        <sponsorshipWithdrawnDate />
        <party>D</party>
        <fullName>Rep. Correa, J. Luis [D-CA-46]</fullName>
        <sponsorshipDate>2017-01-27</sponsorshipDate>
        <bioguideId>C001110</bioguideId>
        <middleName>Luis</middleName>
        <identifiers>
          <lisID>2312</lisID>
          <bioguideId>C001110</bioguideId>
          <gpoId />
        </identifiers>
        <lastName>Correa</lastName>
        <isOriginalCosponsor>False</isOriginalCosponsor>
        <firstName>J.</firstName>
        <state>CA</state>
      </item>
      <item>
        <district>8</district>
        <sponsorshipWithdrawnDate />
        <party>D</party>
        <fullName>Rep. Jeffries, Hakeem S. [D-NY-8]</fullName>
        <sponsorshipDate>2017-01-27</sponsorshipDate>
        <bioguideId>J000294</bioguideId>
        <middleName>S.</middleName>
        <identifiers>
          <bioguideId>J000294</bioguideId>
          <lisID>2149</lisID>
          <gpoId />
        </identifiers>
        <lastName>Jeffries</lastName>
        <isOriginalCosponsor>False</isOriginalCosponsor>
        <firstName>Hakeem</firstName>
        <state>NY</state>
      </item>
      <item>
        <district>5</district>
        <sponsorshipWithdrawnDate />
        <party>D</party>
        <fullName>Rep. Ellison, Keith [D-MN-5]</fullName>
        <sponsorshipDate>2017-02-01</sponsorshipDate>
        <bioguideId>E000288</bioguideId>
        <middleName />
        <identifiers>
          <bioguideId>E000288</bioguideId>
          <gpoId>8005</gpoId>
          <lisID>1857</lisID>
        </identifiers>
        <lastName>Ellison</lastName>
        <isOriginalCosponsor>False</isOriginalCosponsor>
        <firstName>Keith</firstName>
        <state>MN</state>
      </item>
    </cosponsors>
    <titles>
      <item>
        <parentTitleType />
        <chamberCode />
        <chamberName />
        <titleType>Official Title as Introduced</titleType>
        <title>Supporting the goals and ideals of a Juan Pablo Duarte Day.</title>
      </item>
      <item>
        <parentTitleType />
        <chamberCode />
        <chamberName />
        <titleType>Display Title</titleType>
        <title>Supporting the goals and ideals of a Juan Pablo Duarte Day.</title>
      </item>
    </titles>
    <congress>115</congress>
    <recordedVotes />
    <amendments />
    <laws />
    <cboCostEstimates />
    <actions>
      <actionByCounts>
        <houseOfRepresentatives>3</houseOfRepresentatives>
      </actionByCounts>
      <actionTypeCounts>
        <introducedInTheHouse>1</introducedInTheHouse>
        <billReferrals>1</billReferrals>
        <introducedInHouse>1</introducedInHouse>
      </actionTypeCounts>
      <item>
        <actionDate>2017-01-24</actionDate>
        <text>Referred to the House Committee on Oversight and Government Reform.</text>
        <sourceSystem>
          <name>House floor actions</name>
          <code>2</code>
        </sourceSystem>
        <committee>
          <systemCode>hsgo00</systemCode>
          <name>Oversight and Government Reform Committee</name>
        </committee>
        <links />
        <actionCode>H11100</actionCode>
        <type>IntroReferral</type>
      </item>
      <item>
        <actionDate>2017-01-24</actionDate>
        <text>Introduced in House</text>
        <sourceSystem>
          <name>Library of Congress</name>
          <code>9</code>
        </sourceSystem>
        <committee />
        <links />
        <actionCode>Intro-H</actionCode>
        <type>IntroReferral</type>
      </item>
      <item>
        <actionDate>2017-01-24</actionDate>
        <text>Introduced in House</text>
        <sourceSystem>
          <name>Library of Congress</name>
          <code>9</code>
        </sourceSystem>
        <committee />
        <links />
        <actionCode>1000</actionCode>
        <type>IntroReferral</type>
      </item>
    </actions>
    <updateDate>2018-02-06T16:39:32Z</updateDate>
    <summaries>
      <billSummaries>
        <item>
          <updateDate>2017-01-24T05:00:00Z</updateDate>
          <lastSummaryUpdateDate>2017-04-19T14:56:24Z</lastSummaryUpdateDate>
          <actionDate>2017-01-24</actionDate>
          <name>Introduced in House</name>
          <actionDesc>Introduced in House</actionDesc>
          <versionCode>00</versionCode>
          <text><![CDATA[<p>Expresses support for: (1) the goals and ideals of a Juan Pablo Duarte Day, and (2) the establishment of a national day of recognition for Juan Pablo Duarte to honor the founding father of the Dominican Republic.</p>]]></text>
        </item>
      </billSummaries>
    </summaries>
    <title>Supporting the goals and ideals of a Juan Pablo Duarte Day.</title>
    <calendarNumbers />
    <originChamber>House</originChamber>
    <constitutionalAuthorityStatementText />
    <notes />
    <billType>HRES</billType>
    <committees>
      <billCommittees>
        <item>
          <systemCode>hsgo00</systemCode>
          <chamber>House</chamber>
          <type>Standing</type>
          <activities>
            <item>
              <name>Referred to</name>
              <date>2017-01-24T15:00:27Z</date>
            </item>
          </activities>
          <name>Oversight and Government Reform Committee</name>
          <subcommittees />
        </item>
      </billCommittees>
    </committees>
    <latestAction>
      <text>Referred to the House Committee on Oversight and Government Reform.</text>
      <actionDate>2017-01-24</actionDate>
      <links />
    </latestAction>
    <committeeReports />
    <billNumber>61</billNumber>
    <sponsors>
      <item>
        <byRequestType />
        <state>NY</state>
        <bioguideId>E000297</bioguideId>
        <identifiers>
          <bioguideId>E000297</bioguideId>
          <gpoId />
          <lisID>2342</lisID>
        </identifiers>
        <fullName>Rep. Espaillat, Adriano [D-NY-13]</fullName>
        <district>13</district>
        <lastName>Espaillat</lastName>
        <firstName>Adriano</firstName>
        <middleName />
        <party>D</party>
      </item>
    </sponsors>
    <subjects>
      <billSubjects>
        <policyArea>
          <name>International Affairs</name>
        </policyArea>
        <legislativeSubjects>
          <item>
            <name>Caribbean area</name>
          </item>
          <item>
            <name>Commemorative events and holidays</name>
          </item>
          <item>
            <name>Dominican Republic</name>
          </item>
          <item>
            <name>Latin America</name>
          </item>
          <item>
            <name>Sovereignty, recognition, national governance and status</name>
          </item>
        </legislativeSubjects>
      </billSubjects>
    </subjects>
    <createDate>2017-01-25T04:45:51Z</createDate>
    <version>1.0.0</version>
    <relatedBills />
  </bill>
  <dublinCore xmlns:dc="http://purl.org/dc/elements/1.1/">
    <dc:format>text/xml</dc:format>
    <dc:language>EN</dc:language>
    <dc:rights>Pursuant to Title 17 Section 105 of the United States Code, this file is not subject to copyright protection and is in the public domain.</dc:rights>
    <dc:contributor>Congressional Research Service, Library of Congress</dc:contributor>
    <dc:description>This file contains bill summaries and statuses for federal legislation. A bill summary describes the most significant provisions of a piece of legislation and details the effects the legislative text may have on current law and federal programs. Bill summaries are authored by the Congressional Research Service (CRS) of the Library of Congress. As stated in Public Law 91-510 (2 USC 166 (d)(6)), one of the duties of CRS is "to prepare summaries and digests of bills and resolutions of a public general nature introduced in the Senate or House of Representatives". For more information, refer to the User Guide that accompanies this file.</dc:description>
  </dublinCore>
</billStatus>

