<?xml version="1.0" encoding="UTF-8"?>
<billStatus>
  <bill>
    <policyArea>
      <name>International Affairs</name>
    </policyArea>
    <calendarNumbers />
    <actions>
      <actionTypeCounts>
        <billReferrals>1</billReferrals>
        <designationOfSpeakerProTempore>1</designationOfSpeakerProTempore>
        <placeholderTextForH>3</placeholderTextForH>
        <introducedInHouse>1</introducedInHouse>
        <introducedInTheHouse>1</introducedInTheHouse>
      </actionTypeCounts>
      <item>
        <actionDate>2017-06-29</actionDate>
        <committee>
          <systemCode>hsfa13</systemCode>
          <name>Middle East and North Africa Subcommittee</name>
        </committee>
        <links />
        <sourceSystem>
          <code>1</code>
          <name>House committee actions</name>
        </sourceSystem>
        <text>Forwarded by Subcommittee to Full Committee (Amended) by Voice Vote .</text>
        <type>Committee</type>
      </item>
      <item>
        <actionDate>2017-06-29</actionDate>
        <committee>
          <systemCode>hsfa13</systemCode>
          <name>Middle East and North Africa Subcommittee</name>
        </committee>
        <links />
        <sourceSystem>
          <code>1</code>
          <name>House committee actions</name>
        </sourceSystem>
        <text>Subcommittee Consideration and Mark-up Session Held.</text>
        <type>Committee</type>
      </item>
      <item>
        <actionDate>2017-05-18</actionDate>
        <committee>
          <systemCode>hsfa13</systemCode>
          <name>Middle East and North Africa Subcommittee</name>
        </committee>
        <links />
        <sourceSystem>
          <code>1</code>
          <name>House committee actions</name>
        </sourceSystem>
        <text>Referred to the Subcommittee on Middle East and North Africa.</text>
        <type>Committee</type>
      </item>
      <item>
        <actionDate>2017-05-18</actionDate>
        <committee>
          <systemCode>hsfa16</systemCode>
          <name>Africa, Global Health, Global Human Rights and International Organizations Subcommittee</name>
        </committee>
        <links />
        <sourceSystem>
          <code>1</code>
          <name>House committee actions</name>
        </sourceSystem>
        <text>Referred to the Subcommittee on Africa, Global Health, Global Human Rights and International Organizations.</text>
        <type>Committee</type>
      </item>
      <item>
        <sourceSystem>
          <code>2</code>
          <name>House floor actions</name>
        </sourceSystem>
        <committee>
          <systemCode>hsfa00</systemCode>
          <name>Foreign Affairs Committee</name>
        </committee>
        <actionDate>2017-04-25</actionDate>
        <text>Referred to the House Committee on Foreign Affairs.</text>
        <links />
        <actionCode>H11100</actionCode>
        <type>IntroReferral</type>
      </item>
      <item>
        <sourceSystem>
          <code>9</code>
          <name>Library of Congress</name>
        </sourceSystem>
        <committee />
        <actionDate>2017-04-25</actionDate>
        <text>Introduced in House</text>
        <links />
        <actionCode>Intro-H</actionCode>
        <type>IntroReferral</type>
      </item>
      <item>
        <sourceSystem>
          <code>9</code>
          <name>Library of Congress</name>
        </sourceSystem>
        <committee />
        <actionDate>2017-04-25</actionDate>
        <text>Introduced in House</text>
        <links />
        <actionCode>1000</actionCode>
        <type>IntroReferral</type>
      </item>
      <actionByCounts>
        <houseOfRepresentatives>7</houseOfRepresentatives>
      </actionByCounts>
    </actions>
    <latestAction>
      <text>Forwarded by Subcommittee to Full Committee (Amended) by Voice Vote .</text>
      <actionDate>2017-06-29</actionDate>
      <links />
    </latestAction>
    <cboCostEstimates />
    <recordedVotes />
    <titles>
      <item>
        <parentTitleType />
        <titleType>Official Title as Introduced</titleType>
        <title>Condemning the Government of Iran's state-sponsored persecution of its Baha'i minority and its continued violation of the International Covenants on Human Rights.</title>
        <chamberCode />
        <chamberName />
      </item>
      <item>
        <parentTitleType />
        <titleType>Display Title</titleType>
        <title>Condemning the Government of Iran's state-sponsored persecution of its Baha'i minority and its continued violation of the International Covenants on Human Rights.</title>
        <chamberCode />
        <chamberName />
      </item>
    </titles>
    <billNumber>274</billNumber>
    <committeeReports />
    <cosponsors>
      <item>
        <bioguideId>D000610</bioguideId>
        <firstName>Theodore</firstName>
        <lastName>Deutch</lastName>
        <state>FL</state>
        <district>22</district>
        <middleName>E.</middleName>
        <isOriginalCosponsor>True</isOriginalCosponsor>
        <sponsorshipDate>2017-04-25</sponsorshipDate>
        <sponsorshipWithdrawnDate />
        <party>D</party>
        <identifiers>
          <bioguideId>D000610</bioguideId>
          <lisID>1976</lisID>
          <gpoId>7891</gpoId>
        </identifiers>
        <fullName>Rep. Deutch, Theodore E. [D-FL-22]</fullName>
      </item>
      <item>
        <bioguideId>C000266</bioguideId>
        <firstName>STEVE</firstName>
        <lastName>CHABOT</lastName>
        <state>OH</state>
        <district>1</district>
        <middleName />
        <isOriginalCosponsor>True</isOriginalCosponsor>
        <sponsorshipDate>2017-04-25</sponsorshipDate>
        <sponsorshipWithdrawnDate />
        <party>R</party>
        <identifiers>
          <gpoId>8091</gpoId>
          <bioguideId>C000266</bioguideId>
          <lisID>186</lisID>
        </identifiers>
        <fullName>Rep. Chabot, Steve [R-OH-1]</fullName>
      </item>
      <item>
        <bioguideId>E000179</bioguideId>
        <firstName>ELIOT</firstName>
        <lastName>ENGEL</lastName>
        <state>NY</state>
        <district>16</district>
        <middleName>L.</middleName>
        <isOriginalCosponsor>True</isOriginalCosponsor>
        <sponsorshipDate>2017-04-25</sponsorshipDate>
        <sponsorshipWithdrawnDate />
        <party>D</party>
        <identifiers>
          <gpoId>8078</gpoId>
          <bioguideId>E000179</bioguideId>
          <lisID>344</lisID>
        </identifiers>
        <fullName>Rep. Engel, Eliot L. [D-NY-16]</fullName>
      </item>
      <item>
        <bioguideId>S000522</bioguideId>
        <firstName>CHRISTOPHER</firstName>
        <lastName>SMITH</lastName>
        <state>NJ</state>
        <district>4</district>
        <middleName>H.</middleName>
        <isOriginalCosponsor>True</isOriginalCosponsor>
        <sponsorshipDate>2017-04-25</sponsorshipDate>
        <sponsorshipWithdrawnDate />
        <party>R</party>
        <identifiers>
          <bioguideId>S000522</bioguideId>
          <lisID>1071</lisID>
          <gpoId>8046</gpoId>
        </identifiers>
        <fullName>Rep. Smith, Christopher H. [R-NJ-4]</fullName>
      </item>
      <item>
        <bioguideId>S001145</bioguideId>
        <firstName>JANICE</firstName>
        <lastName>SCHAKOWSKY</lastName>
        <state>IL</state>
        <district>9</district>
        <middleName>D.</middleName>
        <isOriginalCosponsor>True</isOriginalCosponsor>
        <sponsorshipDate>2017-04-25</sponsorshipDate>
        <sponsorshipWithdrawnDate />
        <party>D</party>
        <identifiers>
          <lisID>1588</lisID>
          <bioguideId>S001145</bioguideId>
          <gpoId>7929</gpoId>
        </identifiers>
        <fullName>Rep. Schakowsky, Janice D. [D-IL-9]</fullName>
      </item>
      <item>
        <bioguideId>J000290</bioguideId>
        <firstName>Lynn</firstName>
        <lastName>Jenkins</lastName>
        <state>KS</state>
        <district>2</district>
        <middleName />
        <isOriginalCosponsor>True</isOriginalCosponsor>
        <sponsorshipDate>2017-04-25</sponsorshipDate>
        <sponsorshipWithdrawnDate />
        <party>R</party>
        <identifiers>
          <gpoId>7950</gpoId>
          <lisID>1921</lisID>
          <bioguideId>J000290</bioguideId>
        </identifiers>
        <fullName>Rep. Jenkins, Lynn [R-KS-2]</fullName>
      </item>
      <item>
        <bioguideId>S001190</bioguideId>
        <firstName>Bradley</firstName>
        <lastName>Schneider</lastName>
        <state>IL</state>
        <district>10</district>
        <middleName>Scott</middleName>
        <isOriginalCosponsor>True</isOriginalCosponsor>
        <sponsorshipDate>2017-04-25</sponsorshipDate>
        <sponsorshipWithdrawnDate />
        <party>D</party>
        <identifiers>
          <gpoId />
          <lisID>2124</lisID>
          <bioguideId>S001190</bioguideId>
        </identifiers>
        <fullName>Rep. Schneider, Bradley Scott [D-IL-10]</fullName>
      </item>
      <item>
        <bioguideId>S001180</bioguideId>
        <firstName>Kurt</firstName>
        <lastName>Schrader</lastName>
        <state>OR</state>
        <district>5</district>
        <middleName />
        <isOriginalCosponsor>False</isOriginalCosponsor>
        <sponsorshipDate>2017-05-19</sponsorshipDate>
        <sponsorshipWithdrawnDate />
        <party>D</party>
        <identifiers>
          <gpoId>8118</gpoId>
          <bioguideId>S001180</bioguideId>
          <lisID>1950</lisID>
        </identifiers>
        <fullName>Rep. Schrader, Kurt [D-OR-5]</fullName>
      </item>
      <item>
        <bioguideId>Y000033</bioguideId>
        <firstName>DON</firstName>
        <lastName>YOUNG</lastName>
        <state>AK</state>
        <district>0</district>
        <middleName>E.</middleName>
        <isOriginalCosponsor>False</isOriginalCosponsor>
        <sponsorshipDate>2017-05-19</sponsorshipDate>
        <sponsorshipWithdrawnDate />
        <party>R</party>
        <identifiers>
          <bioguideId>Y000033</bioguideId>
          <gpoId>7785</gpoId>
          <lisID>1256</lisID>
        </identifiers>
        <fullName>Rep. Young, Don [R-AK-At Large]</fullName>
      </item>
      <item>
        <bioguideId>B001305</bioguideId>
        <firstName>Ted</firstName>
        <lastName>Budd</lastName>
        <state>NC</state>
        <district>13</district>
        <middleName />
        <isOriginalCosponsor>False</isOriginalCosponsor>
        <sponsorshipDate>2017-05-19</sponsorshipDate>
        <sponsorshipWithdrawnDate />
        <party>R</party>
        <identifiers>
          <gpoId />
          <lisID>2336</lisID>
          <bioguideId>B001305</bioguideId>
        </identifiers>
        <fullName>Rep. Budd, Ted [R-NC-13]</fullName>
      </item>
      <item>
        <bioguideId>W000797</bioguideId>
        <firstName>Debbie</firstName>
        <lastName>Wasserman Schultz</lastName>
        <state>FL</state>
        <district>23</district>
        <middleName />
        <isOriginalCosponsor>False</isOriginalCosponsor>
        <sponsorshipDate>2017-05-19</sponsorshipDate>
        <sponsorshipWithdrawnDate />
        <party>D</party>
        <identifiers>
          <lisID>1777</lisID>
          <gpoId>7892</gpoId>
          <bioguideId>W000797</bioguideId>
        </identifiers>
        <fullName>Rep. Wasserman Schultz, Debbie [D-FL-23]</fullName>
      </item>
      <item>
        <bioguideId>C001078</bioguideId>
        <firstName>Gerald</firstName>
        <lastName>Connolly</lastName>
        <state>VA</state>
        <district>11</district>
        <middleName>E.</middleName>
        <isOriginalCosponsor>False</isOriginalCosponsor>
        <sponsorshipDate>2017-05-19</sponsorshipDate>
        <sponsorshipWithdrawnDate />
        <party>D</party>
        <identifiers>
          <gpoId>8202</gpoId>
          <bioguideId>C001078</bioguideId>
          <lisID>1959</lisID>
        </identifiers>
        <fullName>Rep. Connolly, Gerald E. [D-VA-11]</fullName>
      </item>
      <item>
        <bioguideId>M001177</bioguideId>
        <firstName>Tom</firstName>
        <lastName>McClintock</lastName>
        <state>CA</state>
        <district>4</district>
        <middleName />
        <isOriginalCosponsor>False</isOriginalCosponsor>
        <sponsorshipDate>2017-05-19</sponsorshipDate>
        <sponsorshipWithdrawnDate />
        <party>R</party>
        <identifiers>
          <lisID>1908</lisID>
          <gpoId>7809</gpoId>
          <bioguideId>M001177</bioguideId>
        </identifiers>
        <fullName>Rep. McClintock, Tom [R-CA-4]</fullName>
      </item>
      <item>
        <bioguideId>K000387</bioguideId>
        <firstName>Stephen</firstName>
        <lastName>Knight</lastName>
        <state>CA</state>
        <district>25</district>
        <middleName />
        <isOriginalCosponsor>False</isOriginalCosponsor>
        <sponsorshipDate>2017-05-19</sponsorshipDate>
        <sponsorshipWithdrawnDate />
        <party>R</party>
        <identifiers>
          <gpoId />
          <bioguideId>K000387</bioguideId>
          <lisID>2228</lisID>
        </identifiers>
        <fullName>Rep. Knight, Stephen [R-CA-25]</fullName>
      </item>
      <item>
        <bioguideId>F000449</bioguideId>
        <firstName>Jeff</firstName>
        <lastName>Fortenberry</lastName>
        <state>NE</state>
        <district>1</district>
        <middleName />
        <isOriginalCosponsor>False</isOriginalCosponsor>
        <sponsorshipDate>2017-05-19</sponsorshipDate>
        <sponsorshipWithdrawnDate />
        <party>R</party>
        <identifiers>
          <bioguideId>F000449</bioguideId>
          <gpoId>8038</gpoId>
          <lisID>1793</lisID>
        </identifiers>
        <fullName>Rep. Fortenberry, Jeff [R-NE-1]</fullName>
      </item>
      <item>
        <bioguideId>W000798</bioguideId>
        <firstName>Tim</firstName>
        <lastName>Walberg</lastName>
        <state>MI</state>
        <district>7</district>
        <middleName />
        <isOriginalCosponsor>False</isOriginalCosponsor>
        <sponsorshipDate>2017-05-19</sponsorshipDate>
        <sponsorshipWithdrawnDate />
        <party>R</party>
        <identifiers>
          <bioguideId>W000798</bioguideId>
          <lisID>1855</lisID>
          <gpoId>7992</gpoId>
        </identifiers>
        <fullName>Rep. Walberg, Tim [R-MI-7]</fullName>
      </item>
      <item>
        <bioguideId>M001181</bioguideId>
        <firstName>Patrick</firstName>
        <lastName>Meehan</lastName>
        <state>PA</state>
        <district>7</district>
        <middleName />
        <isOriginalCosponsor>False</isOriginalCosponsor>
        <sponsorshipDate>2017-05-19</sponsorshipDate>
        <sponsorshipWithdrawnDate />
        <party>R</party>
        <identifiers>
          <gpoId>8125</gpoId>
          <lisID>2052</lisID>
          <bioguideId>M001181</bioguideId>
        </identifiers>
        <fullName>Rep. Meehan, Patrick [R-PA-7]</fullName>
      </item>
      <item>
        <bioguideId>K000375</bioguideId>
        <firstName>William</firstName>
        <lastName>Keating</lastName>
        <state>MA</state>
        <district>9</district>
        <middleName>R.</middleName>
        <isOriginalCosponsor>False</isOriginalCosponsor>
        <sponsorshipDate>2017-06-06</sponsorshipDate>
        <sponsorshipWithdrawnDate />
        <party>D</party>
        <identifiers>
          <gpoId>7975</gpoId>
          <lisID>2025</lisID>
          <bioguideId>K000375</bioguideId>
        </identifiers>
        <fullName>Rep. Keating, William R. [D-MA-9]</fullName>
      </item>
      <item>
        <bioguideId>W000800</bioguideId>
        <firstName>Peter</firstName>
        <lastName>Welch</lastName>
        <state>VT</state>
        <district>0</district>
        <middleName />
        <isOriginalCosponsor>False</isOriginalCosponsor>
        <sponsorshipDate>2017-06-06</sponsorshipDate>
        <sponsorshipWithdrawnDate />
        <party>D</party>
        <identifiers>
          <lisID>1879</lisID>
          <gpoId>8204</gpoId>
          <bioguideId>W000800</bioguideId>
        </identifiers>
        <fullName>Rep. Welch, Peter [D-VT-At Large]</fullName>
      </item>
      <item>
        <bioguideId>G000552</bioguideId>
        <firstName>Louie</firstName>
        <lastName>Gohmert</lastName>
        <state>TX</state>
        <district>1</district>
        <middleName />
        <isOriginalCosponsor>False</isOriginalCosponsor>
        <sponsorshipDate>2017-06-06</sponsorshipDate>
        <sponsorshipWithdrawnDate />
        <party>R</party>
        <identifiers>
          <lisID>1801</lisID>
          <bioguideId>G000552</bioguideId>
          <gpoId>8157</gpoId>
        </identifiers>
        <fullName>Rep. Gohmert, Louie [R-TX-1]</fullName>
      </item>
      <item>
        <bioguideId>S000510</bioguideId>
        <firstName>ADAM</firstName>
        <lastName>SMITH</lastName>
        <state>WA</state>
        <district>9</district>
        <middleName />
        <isOriginalCosponsor>False</isOriginalCosponsor>
        <sponsorshipDate>2017-06-06</sponsorshipDate>
        <sponsorshipWithdrawnDate />
        <party>D</party>
        <identifiers>
          <gpoId>8213</gpoId>
          <bioguideId>S000510</bioguideId>
          <lisID>1528</lisID>
        </identifiers>
        <fullName>Rep. Smith, Adam [D-WA-9]</fullName>
      </item>
      <item>
        <bioguideId>E000215</bioguideId>
        <firstName>ANNA</firstName>
        <lastName>ESHOO</lastName>
        <state>CA</state>
        <district>18</district>
        <middleName>G.</middleName>
        <isOriginalCosponsor>False</isOriginalCosponsor>
        <sponsorshipDate>2017-06-06</sponsorshipDate>
        <sponsorshipWithdrawnDate />
        <party>D</party>
        <identifiers>
          <lisID>355</lisID>
          <bioguideId>E000215</bioguideId>
          <gpoId>7819</gpoId>
        </identifiers>
        <fullName>Rep. Eshoo, Anna G. [D-CA-18]</fullName>
      </item>
      <item>
        <bioguideId>B000574</bioguideId>
        <firstName>EARL</firstName>
        <lastName>BLUMENAUER</lastName>
        <state>OR</state>
        <district>3</district>
        <middleName />
        <isOriginalCosponsor>False</isOriginalCosponsor>
        <sponsorshipDate>2017-06-07</sponsorshipDate>
        <sponsorshipWithdrawnDate />
        <party>D</party>
        <identifiers>
          <bioguideId>B000574</bioguideId>
          <lisID>99</lisID>
          <gpoId>8116</gpoId>
        </identifiers>
        <fullName>Rep. Blumenauer, Earl [D-OR-3]</fullName>
      </item>
      <item>
        <bioguideId>D000617</bioguideId>
        <firstName>Suzan</firstName>
        <lastName>DelBene</lastName>
        <state>WA</state>
        <district>1</district>
        <middleName>K.</middleName>
        <isOriginalCosponsor>False</isOriginalCosponsor>
        <sponsorshipDate>2017-06-08</sponsorshipDate>
        <sponsorshipWithdrawnDate />
        <party>D</party>
        <identifiers>
          <gpoId>8374</gpoId>
          <lisID>2096</lisID>
          <bioguideId>D000617</bioguideId>
        </identifiers>
        <fullName>Rep. DelBene, Suzan K. [D-WA-1]</fullName>
      </item>
      <item>
        <bioguideId>N000127</bioguideId>
        <firstName>RICHARD</firstName>
        <lastName>NOLAN</lastName>
        <state>MN</state>
        <district>8</district>
        <middleName />
        <isOriginalCosponsor>False</isOriginalCosponsor>
        <sponsorshipDate>2017-06-23</sponsorshipDate>
        <sponsorshipWithdrawnDate />
        <party>D</party>
        <identifiers>
          <lisID>867</lisID>
          <bioguideId>N000127</bioguideId>
          <gpoId />
        </identifiers>
        <fullName>Rep. Nolan, Richard M. [D-MN-8]</fullName>
      </item>
      <item>
        <bioguideId>T000475</bioguideId>
        <firstName>David</firstName>
        <lastName>Trott</lastName>
        <state>MI</state>
        <district>11</district>
        <middleName>A.</middleName>
        <isOriginalCosponsor>False</isOriginalCosponsor>
        <sponsorshipDate>2017-06-23</sponsorshipDate>
        <sponsorshipWithdrawnDate />
        <party>R</party>
        <identifiers>
          <lisID>2250</lisID>
          <gpoId />
          <bioguideId>T000475</bioguideId>
        </identifiers>
        <fullName>Rep. Trott, David A. [R-MI-11]</fullName>
      </item>
      <item>
        <bioguideId>R000409</bioguideId>
        <firstName>DANA</firstName>
        <lastName>ROHRABACHER</lastName>
        <state>CA</state>
        <district>48</district>
        <middleName />
        <isOriginalCosponsor>False</isOriginalCosponsor>
        <sponsorshipDate>2017-06-26</sponsorshipDate>
        <sponsorshipWithdrawnDate />
        <party>R</party>
        <identifiers>
          <gpoId>7851</gpoId>
          <lisID>979</lisID>
          <bioguideId>R000409</bioguideId>
        </identifiers>
        <fullName>Rep. Rohrabacher, Dana [R-CA-48]</fullName>
      </item>
      <item>
        <bioguideId>Z000017</bioguideId>
        <firstName>Lee</firstName>
        <lastName>Zeldin</lastName>
        <state>NY</state>
        <district>1</district>
        <middleName>M.</middleName>
        <isOriginalCosponsor>False</isOriginalCosponsor>
        <sponsorshipDate>2017-06-26</sponsorshipDate>
        <sponsorshipWithdrawnDate />
        <party>R</party>
        <identifiers>
          <lisID>2261</lisID>
          <gpoId />
          <bioguideId>Z000017</bioguideId>
        </identifiers>
        <fullName>Rep. Zeldin, Lee M. [R-NY-1]</fullName>
      </item>
      <item>
        <bioguideId>W000812</bioguideId>
        <firstName>Ann</firstName>
        <lastName>Wagner</lastName>
        <state>MO</state>
        <district>2</district>
        <middleName />
        <isOriginalCosponsor>False</isOriginalCosponsor>
        <sponsorshipDate>2017-06-26</sponsorshipDate>
        <sponsorshipWithdrawnDate />
        <party>R</party>
        <identifiers>
          <gpoId />
          <bioguideId>W000812</bioguideId>
          <lisID>2137</lisID>
        </identifiers>
        <fullName>Rep. Wagner, Ann [R-MO-2]</fullName>
      </item>
      <item>
        <bioguideId>C001094</bioguideId>
        <firstName>Paul</firstName>
        <lastName>Cook</lastName>
        <state>CA</state>
        <district>8</district>
        <middleName />
        <isOriginalCosponsor>False</isOriginalCosponsor>
        <sponsorshipDate>2017-06-28</sponsorshipDate>
        <sponsorshipWithdrawnDate />
        <party>R</party>
        <identifiers>
          <bioguideId>C001094</bioguideId>
          <lisID>2103</lisID>
          <gpoId />
        </identifiers>
        <fullName>Rep. Cook, Paul [R-CA-8]</fullName>
      </item>
      <item>
        <bioguideId>L000563</bioguideId>
        <firstName>Daniel</firstName>
        <lastName>Lipinski</lastName>
        <state>IL</state>
        <district>3</district>
        <middleName>William</middleName>
        <isOriginalCosponsor>False</isOriginalCosponsor>
        <sponsorshipDate>2017-06-29</sponsorshipDate>
        <sponsorshipWithdrawnDate />
        <party>D</party>
        <identifiers>
          <gpoId>7923</gpoId>
          <lisID>1781</lisID>
          <bioguideId>L000563</bioguideId>
        </identifiers>
        <fullName>Rep. Lipinski, Daniel [D-IL-3]</fullName>
      </item>
      <item>
        <bioguideId>C001084</bioguideId>
        <firstName>David</firstName>
        <lastName>Cicilline</lastName>
        <state>RI</state>
        <district>1</district>
        <middleName>N.</middleName>
        <isOriginalCosponsor>False</isOriginalCosponsor>
        <sponsorshipDate>2017-06-29</sponsorshipDate>
        <sponsorshipWithdrawnDate />
        <party>D</party>
        <identifiers>
          <bioguideId>C001084</bioguideId>
          <lisID>2055</lisID>
          <gpoId>8139</gpoId>
        </identifiers>
        <fullName>Rep. Cicilline, David N. [D-RI-1]</fullName>
      </item>
      <item>
        <bioguideId>H001064</bioguideId>
        <firstName>Denny</firstName>
        <lastName>Heck</lastName>
        <state>WA</state>
        <district>10</district>
        <middleName />
        <isOriginalCosponsor>False</isOriginalCosponsor>
        <sponsorshipDate>2017-07-14</sponsorshipDate>
        <sponsorshipWithdrawnDate />
        <party>D</party>
        <identifiers>
          <gpoId />
          <lisID>2170</lisID>
          <bioguideId>H001064</bioguideId>
        </identifiers>
        <fullName>Rep. Heck, Denny [D-WA-10]</fullName>
      </item>
      <item>
        <bioguideId>T000460</bioguideId>
        <firstName>MIKE</firstName>
        <lastName>THOMPSON</lastName>
        <state>CA</state>
        <district>5</district>
        <middleName />
        <isOriginalCosponsor>False</isOriginalCosponsor>
        <sponsorshipDate>2017-07-14</sponsorshipDate>
        <sponsorshipWithdrawnDate />
        <party>D</party>
        <identifiers>
          <bioguideId>T000460</bioguideId>
          <gpoId>7806</gpoId>
          <lisID>1593</lisID>
        </identifiers>
        <fullName>Rep. Thompson, Mike [D-CA-5]</fullName>
      </item>
      <item>
        <bioguideId>R000606</bioguideId>
        <firstName>Jamie</firstName>
        <lastName>Raskin</lastName>
        <state>MD</state>
        <district>8</district>
        <middleName />
        <isOriginalCosponsor>False</isOriginalCosponsor>
        <sponsorshipDate>2017-07-20</sponsorshipDate>
        <sponsorshipWithdrawnDate />
        <party>D</party>
        <identifiers>
          <bioguideId>R000606</bioguideId>
          <lisID>2332</lisID>
          <gpoId />
        </identifiers>
        <fullName>Rep. Raskin, Jamie [D-MD-8]</fullName>
      </item>
      <item>
        <bioguideId>W000804</bioguideId>
        <firstName>Robert</firstName>
        <lastName>Wittman</lastName>
        <state>VA</state>
        <district>1</district>
        <middleName>J.</middleName>
        <isOriginalCosponsor>False</isOriginalCosponsor>
        <sponsorshipDate>2017-07-26</sponsorshipDate>
        <sponsorshipWithdrawnDate />
        <party>R</party>
        <identifiers>
          <lisID>1886</lisID>
          <bioguideId>W000804</bioguideId>
          <gpoId>8192</gpoId>
        </identifiers>
        <fullName>Rep. Wittman, Robert J. [R-VA-1]</fullName>
      </item>
      <item>
        <bioguideId>M001198</bioguideId>
        <firstName>Roger</firstName>
        <lastName>Marshall</lastName>
        <state>KS</state>
        <district>1</district>
        <middleName>W.</middleName>
        <isOriginalCosponsor>False</isOriginalCosponsor>
        <sponsorshipDate>2017-07-27</sponsorshipDate>
        <sponsorshipWithdrawnDate />
        <party>R</party>
        <identifiers>
          <lisID>2328</lisID>
          <gpoId />
          <bioguideId>M001198</bioguideId>
        </identifiers>
        <fullName>Rep. Marshall, Roger W. [R-KS-1]</fullName>
      </item>
      <item>
        <bioguideId>P000599</bioguideId>
        <firstName>Bill</firstName>
        <lastName>Posey</lastName>
        <state>FL</state>
        <district>8</district>
        <middleName />
        <isOriginalCosponsor>False</isOriginalCosponsor>
        <sponsorshipDate>2017-09-07</sponsorshipDate>
        <sponsorshipWithdrawnDate />
        <party>R</party>
        <identifiers>
          <bioguideId>P000599</bioguideId>
          <lisID>1915</lisID>
          <gpoId>7887</gpoId>
        </identifiers>
        <fullName>Rep. Posey, Bill [R-FL-8]</fullName>
      </item>
      <item>
        <bioguideId>L000582</bioguideId>
        <firstName>Ted</firstName>
        <lastName>Lieu</lastName>
        <state>CA</state>
        <district>33</district>
        <middleName />
        <isOriginalCosponsor>False</isOriginalCosponsor>
        <sponsorshipDate>2017-09-07</sponsorshipDate>
        <sponsorshipWithdrawnDate />
        <party>D</party>
        <identifiers>
          <bioguideId>L000582</bioguideId>
          <lisID>2230</lisID>
          <gpoId />
        </identifiers>
        <fullName>Rep. Lieu, Ted [D-CA-33]</fullName>
      </item>
      <item>
        <bioguideId>L000559</bioguideId>
        <firstName>JAMES</firstName>
        <lastName>LANGEVIN</lastName>
        <state>RI</state>
        <district>2</district>
        <middleName>R.</middleName>
        <isOriginalCosponsor>False</isOriginalCosponsor>
        <sponsorshipDate>2017-09-07</sponsorshipDate>
        <sponsorshipWithdrawnDate />
        <party>D</party>
        <identifiers>
          <gpoId>8140</gpoId>
          <bioguideId>L000559</bioguideId>
          <lisID>1668</lisID>
        </identifiers>
        <fullName>Rep. Langevin, James R. [D-RI-2]</fullName>
      </item>
      <item>
        <bioguideId>G000558</bioguideId>
        <firstName>Brett</firstName>
        <lastName>Guthrie</lastName>
        <state>KY</state>
        <district>2</district>
        <middleName />
        <isOriginalCosponsor>False</isOriginalCosponsor>
        <sponsorshipDate>2017-09-07</sponsorshipDate>
        <sponsorshipWithdrawnDate />
        <party>R</party>
        <identifiers>
          <gpoId>7954</gpoId>
          <lisID>1922</lisID>
          <bioguideId>G000558</bioguideId>
        </identifiers>
        <fullName>Rep. Guthrie, Brett [R-KY-2]</fullName>
      </item>
      <item>
        <bioguideId>S000244</bioguideId>
        <firstName>F.</firstName>
        <lastName>SENSENBRENNER</lastName>
        <state>WI</state>
        <district>5</district>
        <middleName>JAMES</middleName>
        <isOriginalCosponsor>False</isOriginalCosponsor>
        <sponsorshipDate>2017-09-07</sponsorshipDate>
        <sponsorshipWithdrawnDate />
        <party>R</party>
        <identifiers>
          <gpoId>8218</gpoId>
          <lisID>1041</lisID>
          <bioguideId>S000244</bioguideId>
        </identifiers>
        <fullName>Rep. Sensenbrenner, F. James, Jr. [R-WI-5]</fullName>
      </item>
      <item>
        <bioguideId>L000570</bioguideId>
        <firstName>Ben</firstName>
        <lastName>Lujan</lastName>
        <state>NM</state>
        <district>3</district>
        <middleName>Ray</middleName>
        <isOriginalCosponsor>False</isOriginalCosponsor>
        <sponsorshipDate>2017-09-07</sponsorshipDate>
        <sponsorshipWithdrawnDate />
        <party>D</party>
        <identifiers>
          <lisID>1939</lisID>
          <gpoId>8058</gpoId>
          <bioguideId>L000570</bioguideId>
        </identifiers>
        <fullName>Rep. Lujan, Ben Ray [D-NM-3]</fullName>
      </item>
      <item>
        <bioguideId>H001059</bioguideId>
        <firstName>Randy</firstName>
        <lastName>Hultgren</lastName>
        <state>IL</state>
        <district>14</district>
        <middleName />
        <isOriginalCosponsor>False</isOriginalCosponsor>
        <sponsorshipDate>2017-09-11</sponsorshipDate>
        <sponsorshipWithdrawnDate />
        <party>R</party>
        <identifiers>
          <bioguideId>H001059</bioguideId>
          <gpoId>7934</gpoId>
          <lisID>2015</lisID>
        </identifiers>
        <fullName>Rep. Hultgren, Randy [R-IL-14]</fullName>
      </item>
      <item>
        <bioguideId>W000822</bioguideId>
        <firstName>Bonnie</firstName>
        <lastName>Watson Coleman</lastName>
        <state>NJ</state>
        <district>12</district>
        <middleName />
        <isOriginalCosponsor>False</isOriginalCosponsor>
        <sponsorshipDate>2017-09-14</sponsorshipDate>
        <sponsorshipWithdrawnDate />
        <party>D</party>
        <identifiers>
          <gpoId />
          <lisID>2259</lisID>
          <bioguideId>W000822</bioguideId>
        </identifiers>
        <fullName>Rep. Watson Coleman, Bonnie [D-NJ-12]</fullName>
      </item>
      <item>
        <bioguideId>P000608</bioguideId>
        <firstName>Scott</firstName>
        <lastName>Peters</lastName>
        <state>CA</state>
        <district>52</district>
        <middleName>H.</middleName>
        <isOriginalCosponsor>False</isOriginalCosponsor>
        <sponsorshipDate>2017-09-14</sponsorshipDate>
        <sponsorshipWithdrawnDate />
        <party>D</party>
        <identifiers>
          <lisID>2113</lisID>
          <bioguideId>P000608</bioguideId>
          <gpoId />
        </identifiers>
        <fullName>Rep. Peters, Scott H. [D-CA-52]</fullName>
      </item>
      <item>
        <bioguideId>K000379</bioguideId>
        <firstName>Joseph</firstName>
        <lastName>Kennedy</lastName>
        <state>MA</state>
        <district>4</district>
        <middleName>P.</middleName>
        <isOriginalCosponsor>False</isOriginalCosponsor>
        <sponsorshipDate>2017-09-25</sponsorshipDate>
        <sponsorshipWithdrawnDate />
        <party>D</party>
        <identifiers>
          <gpoId />
          <lisID>2172</lisID>
          <bioguideId>K000379</bioguideId>
        </identifiers>
        <fullName>Rep. Kennedy, Joseph P., III [D-MA-4]</fullName>
      </item>
      <item>
        <bioguideId>G000577</bioguideId>
        <firstName>Garret</firstName>
        <lastName>Graves</lastName>
        <state>LA</state>
        <district>6</district>
        <middleName />
        <isOriginalCosponsor>False</isOriginalCosponsor>
        <sponsorshipDate>2017-09-25</sponsorshipDate>
        <sponsorshipWithdrawnDate />
        <party>R</party>
        <identifiers>
          <gpoId />
          <lisID>2245</lisID>
          <bioguideId>G000577</bioguideId>
        </identifiers>
        <fullName>Rep. Graves, Garret [R-LA-6]</fullName>
      </item>
      <item>
        <bioguideId>T000472</bioguideId>
        <firstName>Mark</firstName>
        <lastName>Takano</lastName>
        <state>CA</state>
        <district>41</district>
        <middleName />
        <isOriginalCosponsor>False</isOriginalCosponsor>
        <sponsorshipDate>2017-09-27</sponsorshipDate>
        <sponsorshipWithdrawnDate />
        <party>D</party>
        <identifiers>
          <gpoId />
          <bioguideId>T000472</bioguideId>
          <lisID>2110</lisID>
        </identifiers>
        <fullName>Rep. Takano, Mark [D-CA-41]</fullName>
      </item>
      <item>
        <bioguideId>W000813</bioguideId>
        <firstName>Jackie</firstName>
        <lastName>Walorski</lastName>
        <state>IN</state>
        <district>2</district>
        <middleName />
        <isOriginalCosponsor>False</isOriginalCosponsor>
        <sponsorshipDate>2017-09-27</sponsorshipDate>
        <sponsorshipWithdrawnDate />
        <party>R</party>
        <identifiers>
          <bioguideId>W000813</bioguideId>
          <gpoId />
          <lisID>2128</lisID>
        </identifiers>
        <fullName>Rep. Walorski, Jackie [R-IN-2]</fullName>
      </item>
      <item>
        <bioguideId>B001285</bioguideId>
        <firstName>Julia</firstName>
        <lastName>Brownley</lastName>
        <state>CA</state>
        <district>26</district>
        <middleName />
        <isOriginalCosponsor>False</isOriginalCosponsor>
        <sponsorshipDate>2017-09-27</sponsorshipDate>
        <sponsorshipWithdrawnDate />
        <party>D</party>
        <identifiers>
          <lisID>2106</lisID>
          <gpoId />
          <bioguideId>B001285</bioguideId>
        </identifiers>
        <fullName>Rep. Brownley, Julia [D-CA-26]</fullName>
      </item>
      <item>
        <bioguideId>B001292</bioguideId>
        <firstName>Donald</firstName>
        <lastName>Beyer</lastName>
        <state>VA</state>
        <district>8</district>
        <middleName>S.</middleName>
        <isOriginalCosponsor>False</isOriginalCosponsor>
        <sponsorshipDate>2017-10-02</sponsorshipDate>
        <sponsorshipWithdrawnDate />
        <party>D</party>
        <identifiers>
          <gpoId />
          <bioguideId>B001292</bioguideId>
          <lisID>2272</lisID>
        </identifiers>
        <fullName>Rep. Beyer, Donald S., Jr. [D-VA-8]</fullName>
      </item>
      <item>
        <bioguideId>P000607</bioguideId>
        <firstName>Mark</firstName>
        <lastName>Pocan</lastName>
        <state>WI</state>
        <district>2</district>
        <middleName />
        <isOriginalCosponsor>False</isOriginalCosponsor>
        <sponsorshipDate>2017-10-12</sponsorshipDate>
        <sponsorshipWithdrawnDate />
        <party>D</party>
        <identifiers>
          <gpoId />
          <bioguideId>P000607</bioguideId>
          <lisID>2171</lisID>
        </identifiers>
        <fullName>Rep. Pocan, Mark [D-WI-2]</fullName>
      </item>
      <item>
        <bioguideId>R000578</bioguideId>
        <firstName>David</firstName>
        <lastName>Reichert</lastName>
        <state>WA</state>
        <district>8</district>
        <middleName>G.</middleName>
        <isOriginalCosponsor>False</isOriginalCosponsor>
        <sponsorshipDate>2017-10-12</sponsorshipDate>
        <sponsorshipWithdrawnDate />
        <party>R</party>
        <identifiers>
          <gpoId>8212</gpoId>
          <lisID>1810</lisID>
          <bioguideId>R000578</bioguideId>
        </identifiers>
        <fullName>Rep. Reichert, David G. [R-WA-8]</fullName>
      </item>
      <item>
        <bioguideId>D000598</bioguideId>
        <firstName>SUSAN</firstName>
        <lastName>DAVIS</lastName>
        <state>CA</state>
        <district>53</district>
        <middleName>A.</middleName>
        <isOriginalCosponsor>False</isOriginalCosponsor>
        <sponsorshipDate>2017-10-23</sponsorshipDate>
        <sponsorshipWithdrawnDate />
        <party>D</party>
        <identifiers>
          <bioguideId>D000598</bioguideId>
          <lisID>1641</lisID>
          <gpoId>7858</gpoId>
        </identifiers>
        <fullName>Rep. Davis, Susan A. [D-CA-53]</fullName>
      </item>
      <item>
        <bioguideId>C001080</bioguideId>
        <firstName>Judy</firstName>
        <lastName>Chu</lastName>
        <state>CA</state>
        <district>27</district>
        <middleName />
        <isOriginalCosponsor>False</isOriginalCosponsor>
        <sponsorshipDate>2017-10-26</sponsorshipDate>
        <sponsorshipWithdrawnDate />
        <party>D</party>
        <identifiers>
          <bioguideId>C001080</bioguideId>
          <lisID>1970</lisID>
          <gpoId>7837</gpoId>
        </identifiers>
        <fullName>Rep. Chu, Judy [D-CA-27]</fullName>
      </item>
      <item>
        <bioguideId>R000580</bioguideId>
        <firstName>Peter</firstName>
        <lastName>Roskam</lastName>
        <state>IL</state>
        <district>6</district>
        <middleName>J.</middleName>
        <isOriginalCosponsor>False</isOriginalCosponsor>
        <sponsorshipDate>2017-11-28</sponsorshipDate>
        <sponsorshipWithdrawnDate />
        <party>R</party>
        <identifiers>
          <gpoId>7926</gpoId>
          <bioguideId>R000580</bioguideId>
          <lisID>1848</lisID>
        </identifiers>
        <fullName>Rep. Roskam, Peter J. [R-IL-6]</fullName>
      </item>
      <item>
        <bioguideId>B001257</bioguideId>
        <firstName>Gus</firstName>
        <lastName>Bilirakis</lastName>
        <state>FL</state>
        <district>12</district>
        <middleName>M.</middleName>
        <isOriginalCosponsor>False</isOriginalCosponsor>
        <sponsorshipDate>2017-12-14</sponsorshipDate>
        <sponsorshipWithdrawnDate />
        <party>R</party>
        <identifiers>
          <gpoId>7881</gpoId>
          <lisID>1838</lisID>
          <bioguideId>B001257</bioguideId>
        </identifiers>
        <fullName>Rep. Bilirakis, Gus M. [R-FL-12]</fullName>
      </item>
      <item>
        <bioguideId>B001286</bioguideId>
        <firstName>Cheri</firstName>
        <lastName>Bustos</lastName>
        <state>IL</state>
        <district>17</district>
        <middleName />
        <isOriginalCosponsor>False</isOriginalCosponsor>
        <sponsorshipDate>2017-12-21</sponsorshipDate>
        <sponsorshipWithdrawnDate />
        <party>D</party>
        <identifiers>
          <bioguideId>B001286</bioguideId>
          <lisID>2127</lisID>
          <gpoId />
        </identifiers>
        <fullName>Rep. Bustos, Cheri [D-IL-17]</fullName>
      </item>
      <item>
        <bioguideId>S001170</bioguideId>
        <firstName>Carol</firstName>
        <lastName>Shea-Porter</lastName>
        <state>NH</state>
        <district>1</district>
        <middleName />
        <isOriginalCosponsor>False</isOriginalCosponsor>
        <sponsorshipDate>2018-01-08</sponsorshipDate>
        <sponsorshipWithdrawnDate />
        <party>D</party>
        <identifiers>
          <gpoId>7528</gpoId>
          <bioguideId>S001170</bioguideId>
          <lisID>1861</lisID>
        </identifiers>
        <fullName>Rep. Shea-Porter, Carol [D-NH-1]</fullName>
      </item>
      <item>
        <bioguideId>T000478</bioguideId>
        <firstName>Claudia</firstName>
        <lastName>Tenney</lastName>
        <state>NY</state>
        <district>22</district>
        <middleName />
        <isOriginalCosponsor>False</isOriginalCosponsor>
        <sponsorshipDate>2018-01-17</sponsorshipDate>
        <sponsorshipWithdrawnDate />
        <party>R</party>
        <identifiers>
          <bioguideId>T000478</bioguideId>
          <lisID>2344</lisID>
          <gpoId />
        </identifiers>
        <fullName>Rep. Tenney, Claudia [R-NY-22]</fullName>
      </item>
      <item>
        <bioguideId>Y000062</bioguideId>
        <firstName>John</firstName>
        <lastName>Yarmuth</lastName>
        <state>KY</state>
        <district>3</district>
        <middleName>A.</middleName>
        <isOriginalCosponsor>False</isOriginalCosponsor>
        <sponsorshipDate>2018-01-17</sponsorshipDate>
        <sponsorshipWithdrawnDate />
        <party>D</party>
        <identifiers>
          <bioguideId>Y000062</bioguideId>
          <lisID>1853</lisID>
          <gpoId>7955</gpoId>
        </identifiers>
        <fullName>Rep. Yarmuth, John A. [D-KY-3]</fullName>
      </item>
      <item>
        <bioguideId>G000579</bioguideId>
        <firstName>Mike</firstName>
        <lastName>Gallagher</lastName>
        <state>WI</state>
        <district>8</district>
        <middleName />
        <isOriginalCosponsor>False</isOriginalCosponsor>
        <sponsorshipDate>2018-01-17</sponsorshipDate>
        <sponsorshipWithdrawnDate />
        <party>R</party>
        <identifiers>
          <lisID>2355</lisID>
          <gpoId />
          <bioguideId>G000579</bioguideId>
        </identifiers>
        <fullName>Rep. Gallagher, Mike [R-WI-8]</fullName>
      </item>
      <item>
        <bioguideId>P000593</bioguideId>
        <firstName>Ed</firstName>
        <lastName>Perlmutter</lastName>
        <state>CO</state>
        <district>7</district>
        <middleName />
        <isOriginalCosponsor>False</isOriginalCosponsor>
        <sponsorshipDate>2018-01-19</sponsorshipDate>
        <sponsorshipWithdrawnDate />
        <party>D</party>
        <identifiers>
          <gpoId>7865</gpoId>
          <bioguideId>P000593</bioguideId>
          <lisID>1835</lisID>
        </identifiers>
        <fullName>Rep. Perlmutter, Ed [D-CO-7]</fullName>
      </item>
      <item>
        <bioguideId>B001296</bioguideId>
        <firstName>Brendan</firstName>
        <lastName>Boyle</lastName>
        <state>PA</state>
        <district>13</district>
        <middleName>F.</middleName>
        <isOriginalCosponsor>False</isOriginalCosponsor>
        <sponsorshipDate>2018-01-19</sponsorshipDate>
        <sponsorshipWithdrawnDate />
        <party>D</party>
        <identifiers>
          <lisID>2267</lisID>
          <gpoId />
          <bioguideId>B001296</bioguideId>
        </identifiers>
        <fullName>Rep. Boyle, Brendan F. [D-PA-13]</fullName>
      </item>
      <item>
        <bioguideId>S000344</bioguideId>
        <firstName>BRAD</firstName>
        <lastName>SHERMAN</lastName>
        <state>CA</state>
        <district>30</district>
        <middleName />
        <isOriginalCosponsor>False</isOriginalCosponsor>
        <sponsorshipDate>2018-01-19</sponsorshipDate>
        <sponsorshipWithdrawnDate />
        <party>D</party>
        <identifiers>
          <lisID>1526</lisID>
          <bioguideId>S000344</bioguideId>
          <gpoId>7832</gpoId>
        </identifiers>
        <fullName>Rep. Sherman, Brad [D-CA-30]</fullName>
      </item>
      <item>
        <bioguideId>S001175</bioguideId>
        <firstName>Jackie</firstName>
        <lastName>Speier</lastName>
        <state>CA</state>
        <district>14</district>
        <middleName />
        <isOriginalCosponsor>False</isOriginalCosponsor>
        <sponsorshipDate>2018-01-19</sponsorshipDate>
        <sponsorshipWithdrawnDate />
        <party>D</party>
        <identifiers>
          <bioguideId>S001175</bioguideId>
          <lisID>1890</lisID>
          <gpoId>7817</gpoId>
        </identifiers>
        <fullName>Rep. Speier, Jackie [D-CA-14]</fullName>
      </item>
      <item>
        <bioguideId>C001068</bioguideId>
        <firstName>Steve</firstName>
        <lastName>Cohen</lastName>
        <state>TN</state>
        <district>9</district>
        <middleName />
        <isOriginalCosponsor>False</isOriginalCosponsor>
        <sponsorshipDate>2018-01-19</sponsorshipDate>
        <sponsorshipWithdrawnDate />
        <party>D</party>
        <identifiers>
          <lisID>1878</lisID>
          <bioguideId>C001068</bioguideId>
          <gpoId>8156</gpoId>
        </identifiers>
        <fullName>Rep. Cohen, Steve [D-TN-9]</fullName>
      </item>
      <item>
        <bioguideId>D000191</bioguideId>
        <firstName>PETER</firstName>
        <lastName>DEFAZIO</lastName>
        <state>OR</state>
        <district>4</district>
        <middleName>A.</middleName>
        <isOriginalCosponsor>False</isOriginalCosponsor>
        <sponsorshipDate>2018-01-19</sponsorshipDate>
        <sponsorshipWithdrawnDate />
        <party>D</party>
        <identifiers>
          <gpoId>8117</gpoId>
          <lisID>279</lisID>
          <bioguideId>D000191</bioguideId>
        </identifiers>
        <fullName>Rep. DeFazio, Peter A. [D-OR-4]</fullName>
      </item>
      <item>
        <bioguideId>M000312</bioguideId>
        <firstName>JAMES</firstName>
        <lastName>MCGOVERN</lastName>
        <state>MA</state>
        <district>2</district>
        <middleName>P.</middleName>
        <isOriginalCosponsor>False</isOriginalCosponsor>
        <sponsorshipDate>2018-01-19</sponsorshipDate>
        <sponsorshipWithdrawnDate />
        <party>D</party>
        <identifiers>
          <lisID>1504</lisID>
          <gpoId>7968</gpoId>
          <bioguideId>M000312</bioguideId>
        </identifiers>
        <fullName>Rep. McGovern, James P. [D-MA-2]</fullName>
      </item>
      <item>
        <bioguideId>R000515</bioguideId>
        <firstName>BOBBY</firstName>
        <lastName>RUSH</lastName>
        <state>IL</state>
        <district>1</district>
        <middleName>L.</middleName>
        <isOriginalCosponsor>False</isOriginalCosponsor>
        <sponsorshipDate>2018-01-19</sponsorshipDate>
        <sponsorshipWithdrawnDate />
        <party>D</party>
        <identifiers>
          <gpoId>7921</gpoId>
          <bioguideId>R000515</bioguideId>
          <lisID>1003</lisID>
        </identifiers>
        <fullName>Rep. Rush, Bobby L. [D-IL-1]</fullName>
      </item>
      <item>
        <bioguideId>J000288</bioguideId>
        <firstName>Henry</firstName>
        <lastName>Johnson</lastName>
        <state>GA</state>
        <district>4</district>
        <middleName>C. "Hank"</middleName>
        <isOriginalCosponsor>False</isOriginalCosponsor>
        <sponsorshipDate>2018-01-19</sponsorshipDate>
        <sponsorshipWithdrawnDate />
        <party>D</party>
        <identifiers>
          <bioguideId>J000288</bioguideId>
          <gpoId>7901</gpoId>
          <lisID>1843</lisID>
        </identifiers>
        <fullName>Rep. Johnson, Henry C. "Hank," Jr. [D-GA-4]</fullName>
      </item>
      <item>
        <bioguideId>K000381</bioguideId>
        <firstName>Derek</firstName>
        <lastName>Kilmer</lastName>
        <state>WA</state>
        <district>6</district>
        <middleName />
        <isOriginalCosponsor>False</isOriginalCosponsor>
        <sponsorshipDate>2018-02-02</sponsorshipDate>
        <sponsorshipWithdrawnDate />
        <party>D</party>
        <identifiers>
          <bioguideId>K000381</bioguideId>
          <lisID>2169</lisID>
          <gpoId />
        </identifiers>
        <fullName>Rep. Kilmer, Derek [D-WA-6]</fullName>
      </item>
      <item>
        <bioguideId>L000480</bioguideId>
        <firstName>NITA</firstName>
        <lastName>LOWEY</lastName>
        <state>NY</state>
        <district>17</district>
        <middleName>M.</middleName>
        <isOriginalCosponsor>False</isOriginalCosponsor>
        <sponsorshipDate>2018-02-02</sponsorshipDate>
        <sponsorshipWithdrawnDate />
        <party>D</party>
        <identifiers>
          <bioguideId>L000480</bioguideId>
          <lisID>709</lisID>
          <gpoId>8079</gpoId>
        </identifiers>
        <fullName>Rep. Lowey, Nita M. [D-NY-17]</fullName>
      </item>
      <item>
        <bioguideId>C001106</bioguideId>
        <firstName>Ryan</firstName>
        <lastName>Costello</lastName>
        <state>PA</state>
        <district>6</district>
        <middleName>A.</middleName>
        <isOriginalCosponsor>False</isOriginalCosponsor>
        <sponsorshipDate>2018-02-02</sponsorshipDate>
        <sponsorshipWithdrawnDate />
        <party>R</party>
        <identifiers>
          <gpoId />
          <lisID>2266</lisID>
          <bioguideId>C001106</bioguideId>
        </identifiers>
        <fullName>Rep. Costello, Ryan A. [R-PA-6]</fullName>
      </item>
      <item>
        <bioguideId>K000362</bioguideId>
        <firstName>Steve</firstName>
        <lastName>King</lastName>
        <state>IA</state>
        <district>4</district>
        <middleName />
        <isOriginalCosponsor>False</isOriginalCosponsor>
        <sponsorshipDate>2018-02-02</sponsorshipDate>
        <sponsorshipWithdrawnDate />
        <party>R</party>
        <identifiers>
          <bioguideId>K000362</bioguideId>
          <gpoId>7918</gpoId>
          <lisID>1724</lisID>
        </identifiers>
        <fullName>Rep. King, Steve [R-IA-4]</fullName>
      </item>
      <item>
        <bioguideId>G000546</bioguideId>
        <firstName>SAM</firstName>
        <lastName>GRAVES</lastName>
        <state>MO</state>
        <district>6</district>
        <middleName />
        <isOriginalCosponsor>False</isOriginalCosponsor>
        <sponsorshipDate>2018-02-02</sponsorshipDate>
        <sponsorshipWithdrawnDate />
        <party>R</party>
        <identifiers>
          <bioguideId>G000546</bioguideId>
          <lisID>1656</lisID>
          <gpoId>8014</gpoId>
        </identifiers>
        <fullName>Rep. Graves, Sam [R-MO-6]</fullName>
      </item>
      <item>
        <bioguideId>C001107</bioguideId>
        <firstName>Carlos</firstName>
        <lastName>Curbelo</lastName>
        <state>FL</state>
        <district>26</district>
        <middleName />
        <isOriginalCosponsor>False</isOriginalCosponsor>
        <sponsorshipDate>2018-02-02</sponsorshipDate>
        <sponsorshipWithdrawnDate />
        <party>R</party>
        <identifiers>
          <bioguideId>C001107</bioguideId>
          <gpoId />
          <lisID>2235</lisID>
        </identifiers>
        <fullName>Rep. Curbelo, Carlos [R-FL-26]</fullName>
      </item>
      <item>
        <bioguideId>M001159</bioguideId>
        <firstName>Cathy</firstName>
        <lastName>McMorris Rodgers</lastName>
        <state>WA</state>
        <district>5</district>
        <middleName />
        <isOriginalCosponsor>False</isOriginalCosponsor>
        <sponsorshipDate>2018-02-07</sponsorshipDate>
        <sponsorshipWithdrawnDate />
        <party>R</party>
        <identifiers>
          <lisID>1809</lisID>
          <gpoId>8209</gpoId>
          <bioguideId>M001159</bioguideId>
        </identifiers>
        <fullName>Rep. McMorris Rodgers, Cathy [R-WA-5]</fullName>
      </item>
      <item>
        <bioguideId>R000593</bioguideId>
        <firstName>Dennis</firstName>
        <lastName>Ross</lastName>
        <state>FL</state>
        <district>15</district>
        <middleName>A.</middleName>
        <isOriginalCosponsor>False</isOriginalCosponsor>
        <sponsorshipDate>2018-02-07</sponsorshipDate>
        <sponsorshipWithdrawnDate />
        <party>R</party>
        <identifiers>
          <lisID>2003</lisID>
          <bioguideId>R000593</bioguideId>
          <gpoId>7884</gpoId>
        </identifiers>
        <fullName>Rep. Ross, Dennis A. [R-FL-15]</fullName>
      </item>
      <item>
        <bioguideId>L000397</bioguideId>
        <firstName>ZOE</firstName>
        <lastName>LOFGREN</lastName>
        <state>CA</state>
        <district>19</district>
        <middleName />
        <isOriginalCosponsor>False</isOriginalCosponsor>
        <sponsorshipDate>2018-02-07</sponsorshipDate>
        <sponsorshipWithdrawnDate />
        <party>D</party>
        <identifiers>
          <bioguideId>L000397</bioguideId>
          <gpoId>7821</gpoId>
          <lisID>701</lisID>
        </identifiers>
        <fullName>Rep. Lofgren, Zoe [D-CA-19]</fullName>
      </item>
      <item>
        <bioguideId>D000533</bioguideId>
        <firstName>JOHN</firstName>
        <lastName>DUNCAN</lastName>
        <state>TN</state>
        <district>2</district>
        <middleName>J.</middleName>
        <isOriginalCosponsor>False</isOriginalCosponsor>
        <sponsorshipDate>2018-02-07</sponsorshipDate>
        <sponsorshipWithdrawnDate />
        <party>R</party>
        <identifiers>
          <bioguideId>D000533</bioguideId>
          <lisID>322</lisID>
          <gpoId>8149</gpoId>
        </identifiers>
        <fullName>Rep. Duncan, John J., Jr. [R-TN-2]</fullName>
      </item>
      <item>
        <bioguideId>B001278</bioguideId>
        <firstName>Suzanne</firstName>
        <lastName>Bonamici</lastName>
        <state>OR</state>
        <district>1</district>
        <middleName />
        <isOriginalCosponsor>False</isOriginalCosponsor>
        <sponsorshipDate>2018-02-13</sponsorshipDate>
        <sponsorshipWithdrawnDate />
        <party>D</party>
        <identifiers>
          <bioguideId>B001278</bioguideId>
          <gpoId>8367</gpoId>
          <lisID>2092</lisID>
        </identifiers>
        <fullName>Rep. Bonamici, Suzanne [D-OR-1]</fullName>
      </item>
      <item>
        <bioguideId>K000390</bioguideId>
        <firstName>Ruben</firstName>
        <lastName>Kihuen</lastName>
        <state>NV</state>
        <district>4</district>
        <middleName>J.</middleName>
        <isOriginalCosponsor>False</isOriginalCosponsor>
        <sponsorshipDate>2018-02-15</sponsorshipDate>
        <sponsorshipWithdrawnDate />
        <party>D</party>
        <identifiers>
          <lisID>2340</lisID>
          <bioguideId>K000390</bioguideId>
          <gpoId />
        </identifiers>
        <fullName>Rep. Kihuen, Ruben J. [D-NV-4]</fullName>
      </item>
      <item>
        <bioguideId>K000389</bioguideId>
        <firstName>Ro</firstName>
        <lastName>Khanna</lastName>
        <state>CA</state>
        <district>17</district>
        <middleName />
        <isOriginalCosponsor>False</isOriginalCosponsor>
        <sponsorshipDate>2018-02-27</sponsorshipDate>
        <sponsorshipWithdrawnDate />
        <party>D</party>
        <identifiers>
          <bioguideId>K000389</bioguideId>
          <gpoId />
          <lisID>2308</lisID>
        </identifiers>
        <fullName>Rep. Khanna, Ro [D-CA-17]</fullName>
      </item>
      <item>
        <bioguideId>D000619</bioguideId>
        <firstName>Rodney</firstName>
        <lastName>Davis</lastName>
        <state>IL</state>
        <district>13</district>
        <middleName />
        <isOriginalCosponsor>False</isOriginalCosponsor>
        <sponsorshipDate>2018-02-27</sponsorshipDate>
        <sponsorshipWithdrawnDate />
        <party>R</party>
        <identifiers>
          <gpoId />
          <lisID>2126</lisID>
          <bioguideId>D000619</bioguideId>
        </identifiers>
        <fullName>Rep. Davis, Rodney [R-IL-13]</fullName>
      </item>
      <item>
        <bioguideId>P000613</bioguideId>
        <firstName>Jimmy</firstName>
        <lastName>Panetta</lastName>
        <state>CA</state>
        <district>20</district>
        <middleName />
        <isOriginalCosponsor>False</isOriginalCosponsor>
        <sponsorshipDate>2018-02-27</sponsorshipDate>
        <sponsorshipWithdrawnDate />
        <party>D</party>
        <identifiers>
          <gpoId />
          <bioguideId>P000613</bioguideId>
          <lisID>2309</lisID>
        </identifiers>
        <fullName>Rep. Panetta, Jimmy [D-CA-20]</fullName>
      </item>
      <item>
        <bioguideId>M001189</bioguideId>
        <firstName>Luke</firstName>
        <lastName>Messer</lastName>
        <state>IN</state>
        <district>6</district>
        <middleName />
        <isOriginalCosponsor>False</isOriginalCosponsor>
        <sponsorshipDate>2018-02-27</sponsorshipDate>
        <sponsorshipWithdrawnDate />
        <party>R</party>
        <identifiers>
          <bioguideId>M001189</bioguideId>
          <lisID>2130</lisID>
          <gpoId />
        </identifiers>
        <fullName>Rep. Messer, Luke [R-IN-6]</fullName>
      </item>
      <item>
        <bioguideId>G000576</bioguideId>
        <firstName>Glenn</firstName>
        <lastName>Grothman</lastName>
        <state>WI</state>
        <district>6</district>
        <middleName />
        <isOriginalCosponsor>False</isOriginalCosponsor>
        <sponsorshipDate>2018-02-27</sponsorshipDate>
        <sponsorshipWithdrawnDate />
        <party>R</party>
        <identifiers>
          <bioguideId>G000576</bioguideId>
          <lisID>2276</lisID>
          <gpoId />
        </identifiers>
        <fullName>Rep. Grothman, Glenn [R-WI-6]</fullName>
      </item>
      <item>
        <bioguideId>C001037</bioguideId>
        <firstName>MICHAEL</firstName>
        <lastName>CAPUANO</lastName>
        <state>MA</state>
        <district>7</district>
        <middleName>E.</middleName>
        <isOriginalCosponsor>False</isOriginalCosponsor>
        <sponsorshipDate>2018-02-27</sponsorshipDate>
        <sponsorshipWithdrawnDate />
        <party>D</party>
        <identifiers>
          <bioguideId>C001037</bioguideId>
          <gpoId>7973</gpoId>
          <lisID>1564</lisID>
        </identifiers>
        <fullName>Rep. Capuano, Michael E. [D-MA-7]</fullName>
      </item>
    </cosponsors>
    <title>Condemning the Government of Iran's state-sponsored persecution of its Baha'i minority and its continued violation of the International Covenants on Human Rights.</title>
    <subjects>
      <billSubjects>
        <legislativeSubjects>
          <item>
            <name>Detention of persons</name>
          </item>
          <item>
            <name>Human rights</name>
          </item>
          <item>
            <name>Iran</name>
          </item>
          <item>
            <name>Middle East</name>
          </item>
          <item>
            <name>Religion</name>
          </item>
          <item>
            <name>Sanctions</name>
          </item>
        </legislativeSubjects>
        <policyArea>
          <name>International Affairs</name>
        </policyArea>
      </billSubjects>
    </subjects>
    <relatedBills>
      <item>
        <relationshipDetails>
          <item>
            <identifiedBy>CRS</identifiedBy>
            <type>Identical bill</type>
          </item>
        </relationshipDetails>
        <congress>115</congress>
        <latestAction>
          <actionDate>2017-12-21</actionDate>
          <text>Resolution agreed to in Senate with an amendment and an amended preamble by Unanimous Consent. (consideration: CR S8276-8277; text: CR S8277)</text>
        </latestAction>
        <number>139</number>
        <type>SRES</type>
        <latestTitle>A resolution condemning the Government of Iran's state-sponsored persecution of its Baha'i minority and its continued violation of the International Covenants on Human Rights.</latestTitle>
      </item>
    </relatedBills>
    <amendments />
    <constitutionalAuthorityStatementText />
    <committees>
      <billCommittees>
        <item>
          <activities>
            <item>
              <name>Referred to</name>
              <date>2017-04-25T16:00:40Z</date>
            </item>
          </activities>
          <chamber>House</chamber>
          <subcommittees>
            <item>
              <name>Middle East and North Africa Subcommittee</name>
              <systemCode>hsfa13</systemCode>
              <activities>
                <item>
                  <name>Reported by</name>
                  <date>2017-06-29T14:29:05Z</date>
                </item>
                <item>
                  <name>Markup by</name>
                  <date>2017-06-29T14:20:17Z</date>
                </item>
                <item>
                  <name>Referred to</name>
                  <date>2017-05-18T15:45:06Z</date>
                </item>
              </activities>
            </item>
            <item>
              <name>Africa, Global Health, Global Human Rights and International Organizations Subcommittee</name>
              <systemCode>hsfa16</systemCode>
              <activities>
                <item>
                  <name>Referred to</name>
                  <date>2017-05-18T15:10:02Z</date>
                </item>
              </activities>
            </item>
          </subcommittees>
          <systemCode>hsfa00</systemCode>
          <name>Foreign Affairs Committee</name>
          <type>Standing</type>
        </item>
      </billCommittees>
    </committees>
    <congress>115</congress>
    <laws />
    <updateDate>2018-02-28T08:15:26Z</updateDate>
    <sponsors>
      <item>
        <lastName>ROS-LEHTINEN</lastName>
        <middleName />
        <firstName>ILEANA</firstName>
        <party>R</party>
        <bioguideId>R000435</bioguideId>
        <identifiers>
          <bioguideId>R000435</bioguideId>
          <gpoId>7890</gpoId>
          <lisID>985</lisID>
        </identifiers>
        <byRequestType />
        <district>27</district>
        <state>FL</state>
        <fullName>Rep. Ros-Lehtinen, Ileana [R-FL-27]</fullName>
      </item>
    </sponsors>
    <summaries>
      <billSummaries>
        <item>
          <actionDesc>Introduced in House</actionDesc>
          <actionDate>2017-04-25</actionDate>
          <text><![CDATA[<p>Condemns the government of Iran's state-sponsored persecution of its Baha'i minority and its continued violation of the International Covenants on Human Rights. </p> <p>Urges the President and the Department of State to: (1) condemn the Iranian government's continued violation of human rights and demand the immediate release of prisoners held solely on account of their religion, and (2) impose sanctions on Iranian officials and other individuals directly responsible for serious human rights abuses.</p> <ul></ul>]]></text>
          <versionCode>00</versionCode>
          <updateDate>2017-04-25T04:00:00Z</updateDate>
          <lastSummaryUpdateDate>2017-07-10T13:50:12Z</lastSummaryUpdateDate>
          <name>Introduced in House</name>
        </item>
      </billSummaries>
    </summaries>
    <introducedDate>2017-04-25</introducedDate>
    <originChamber>House</originChamber>
    <version>1.0.0</version>
    <createDate>2017-04-26T03:11:44Z</createDate>
    <billType>HRES</billType>
    <notes />
  </bill>
  <dublinCore xmlns:dc="http://purl.org/dc/elements/1.1/">
    <dc:format>text/xml</dc:format>
    <dc:language>EN</dc:language>
    <dc:rights>Pursuant to Title 17 Section 105 of the United States Code, this file is not subject to copyright protection and is in the public domain.</dc:rights>
    <dc:contributor>Congressional Research Service, Library of Congress</dc:contributor>
    <dc:description>This file contains bill summaries and statuses for federal legislation. A bill summary describes the most significant provisions of a piece of legislation and details the effects the legislative text may have on current law and federal programs. Bill summaries are authored by the Congressional Research Service (CRS) of the Library of Congress. As stated in Public Law 91-510 (2 USC 166 (d)(6)), one of the duties of CRS is "to prepare summaries and digests of bills and resolutions of a public general nature introduced in the Senate or House of Representatives". For more information, refer to the User Guide that accompanies this file.</dc:description>
  </dublinCore>
</billStatus>

