<?xml version="1.0" encoding="UTF-8"?>
<billStatus>
  <bill>
    <calendarNumbers />
    <constitutionalAuthorityStatementText />
    <congress>115</congress>
    <titles>
      <item>
        <parentTitleType />
        <chamberCode />
        <chamberName />
        <titleType>Official Title as Introduced</titleType>
        <title>To inform the Senate that a quorum of the House has assembled and of the election of the Speaker and the Clerk.</title>
      </item>
      <item>
        <parentTitleType />
        <chamberCode />
        <chamberName />
        <titleType>Display Title</titleType>
        <title>To inform the Senate that a quorum of the House has assembled and of the election of the Speaker and the Clerk.</title>
      </item>
    </titles>
    <introducedDate>2017-01-03</introducedDate>
    <latestAction>
      <actionDate>2017-01-03</actionDate>
      <text>Motion to reconsider laid on the table Agreed to without objection.</text>
      <links />
      <actionTime>14:36:33</actionTime>
    </latestAction>
    <title>To inform the Senate that a quorum of the House has assembled and of the election of the Speaker and the Clerk.</title>
    <subjects>
      <billSubjects>
        <policyArea>
          <name>Congress</name>
        </policyArea>
        <legislativeSubjects>
          <item>
            <name>Congressional leadership</name>
          </item>
          <item>
            <name>Congressional officers and employees</name>
          </item>
          <item>
            <name>House of Representatives</name>
          </item>
        </legislativeSubjects>
      </billSubjects>
    </subjects>
    <relatedBills>
      <item>
        <latestTitle>Authorizing the Clerk to inform the President of the election of the Speaker and the Clerk.</latestTitle>
        <number>4</number>
        <latestAction>
          <actionDate>2017-01-03</actionDate>
          <text>Motion to reconsider laid on the table Agreed to without objection.</text>
          <actionTime>14:38:25</actionTime>
        </latestAction>
        <congress>115</congress>
        <relationshipDetails>
          <item>
            <identifiedBy>CRS</identifiedBy>
            <type>Related bill</type>
          </item>
        </relationshipDetails>
        <type>HRES</type>
      </item>
    </relatedBills>
    <updateDate>2018-02-06T16:39:29Z</updateDate>
    <committeeReports />
    <notes />
    <recordedVotes />
    <amendments />
    <billType>HRES</billType>
    <committees>
      <billCommittees />
    </committees>
    <cboCostEstimates />
    <billNumber>2</billNumber>
    <policyArea>
      <name>Congress</name>
    </policyArea>
    <version>1.0.0</version>
    <createDate>2017-01-04T07:01:07Z</createDate>
    <originChamber>House</originChamber>
    <actions>
      <actionTypeCounts>
        <considerationByHouse>1</considerationByHouse>
        <passedAgreedToInHouse>1</passedAgreedToInHouse>
        <introducedInTheHouse>1</introducedInTheHouse>
        <passageOfAMeasure>1</passageOfAMeasure>
        <motionToReconsiderResults>1</motionToReconsiderResults>
        <introducedInHouse>1</introducedInHouse>
      </actionTypeCounts>
      <item>
        <actionTime>14:36:33</actionTime>
        <links />
        <text>Motion to reconsider laid on the table Agreed to without objection.</text>
        <committee />
        <actionDate>2017-01-03</actionDate>
        <sourceSystem>
          <name>House floor actions</name>
          <code>2</code>
        </sourceSystem>
        <actionCode>H38310</actionCode>
        <type>Floor</type>
      </item>
      <item>
        <actionTime>14:36:25</actionTime>
        <links>
          <link>
            <name>H6</name>
            <url>https://www.congress.gov/congressional-record/volume-163/house-section/page/H6</url>
          </link>
        </links>
        <text>On agreeing to the resolution Agreed to by voice vote. (text: CR H6)</text>
        <committee />
        <actionDate>2017-01-03</actionDate>
        <sourceSystem>
          <name>House floor actions</name>
          <code>2</code>
        </sourceSystem>
        <actionCode>H37100</actionCode>
        <type>Floor</type>
      </item>
      <item>
        <actionTime>14:36:25</actionTime>
        <links>
          <link>
            <name>H6</name>
            <url>https://www.congress.gov/congressional-record/volume-163/house-section/page/H6</url>
          </link>
        </links>
        <text>Passed/agreed to in House: On agreeing to the resolution Agreed to by voice vote.(text: CR H6)</text>
        <committee />
        <actionDate>2017-01-03</actionDate>
        <sourceSystem>
          <name>Library of Congress</name>
          <code>9</code>
        </sourceSystem>
        <actionCode>8000</actionCode>
        <type>Floor</type>
      </item>
      <item>
        <actionTime>14:36:00</actionTime>
        <links>
          <link>
            <name>H6</name>
            <url>https://www.congress.gov/congressional-record/volume-163/house-section/page/H6</url>
          </link>
        </links>
        <text>Considered as privileged matter. (consideration: CR H6)</text>
        <committee />
        <actionDate>2017-01-03</actionDate>
        <sourceSystem>
          <name>House floor actions</name>
          <code>2</code>
        </sourceSystem>
        <actionCode>H30000</actionCode>
        <type>Floor</type>
      </item>
      <item>
        <type>IntroReferral</type>
        <links />
        <text>Introduced in House</text>
        <committee />
        <actionDate>2017-01-03</actionDate>
        <sourceSystem>
          <name>Library of Congress</name>
          <code>9</code>
        </sourceSystem>
        <actionCode>Intro-H</actionCode>
      </item>
      <item>
        <type>IntroReferral</type>
        <links />
        <text>Introduced in House</text>
        <committee />
        <actionDate>2017-01-03</actionDate>
        <sourceSystem>
          <name>Library of Congress</name>
          <code>9</code>
        </sourceSystem>
        <actionCode>1000</actionCode>
      </item>
      <actionByCounts>
        <houseOfRepresentatives>6</houseOfRepresentatives>
      </actionByCounts>
    </actions>
    <sponsors>
      <item>
        <party>R</party>
        <bioguideId>M001165</bioguideId>
        <district>23</district>
        <firstName>Kevin</firstName>
        <middleName />
        <state>CA</state>
        <fullName>Rep. McCarthy, Kevin [R-CA-23]</fullName>
        <identifiers>
          <bioguideId>M001165</bioguideId>
          <gpoId>7827</gpoId>
          <lisID>1833</lisID>
        </identifiers>
        <lastName>McCarthy</lastName>
        <byRequestType />
      </item>
    </sponsors>
    <summaries>
      <billSummaries>
        <item>
          <versionCode>00</versionCode>
          <actionDate>2017-01-03</actionDate>
          <updateDate>2017-01-03T05:00:00Z</updateDate>
          <text><![CDATA[<p>Informs the Senate that Paul D. Ryan has been elected Speaker of the House and that Karen L. Haas has been elected Clerk.</p>]]></text>
          <actionDesc>Introduced in House</actionDesc>
          <name>Introduced in House</name>
          <lastSummaryUpdateDate>2017-01-23T21:07:55Z</lastSummaryUpdateDate>
        </item>
        <item>
          <versionCode>81</versionCode>
          <actionDate>2017-01-03</actionDate>
          <updateDate>2017-01-03T14:25:59Z</updateDate>
          <text><![CDATA[<p>(This measure has not been amended since it was introduced. The summary of that version is repeated here.)</p> <p>Informs the Senate that Paul D. Ryan has been elected Speaker of the House and that Karen L. Haas has been elected Clerk.</p>]]></text>
          <actionDesc>Passed House without amendment</actionDesc>
          <name>Passed House without amendment</name>
          <lastSummaryUpdateDate>2017-01-23T21:08:03Z</lastSummaryUpdateDate>
        </item>
      </billSummaries>
    </summaries>
    <laws />
    <cosponsors />
  </bill>
  <dublinCore xmlns:dc="http://purl.org/dc/elements/1.1/">
    <dc:format>text/xml</dc:format>
    <dc:language>EN</dc:language>
    <dc:rights>Pursuant to Title 17 Section 105 of the United States Code, this file is not subject to copyright protection and is in the public domain.</dc:rights>
    <dc:contributor>Congressional Research Service, Library of Congress</dc:contributor>
    <dc:description>This file contains bill summaries and statuses for federal legislation. A bill summary describes the most significant provisions of a piece of legislation and details the effects the legislative text may have on current law and federal programs. Bill summaries are authored by the Congressional Research Service (CRS) of the Library of Congress. As stated in Public Law 91-510 (2 USC 166 (d)(6)), one of the duties of CRS is "to prepare summaries and digests of bills and resolutions of a public general nature introduced in the Senate or House of Representatives". For more information, refer to the User Guide that accompanies this file.</dc:description>
  </dublinCore>
</billStatus>

