<?xml version="1.0" encoding="UTF-8"?>
<billStatus>
  <bill>
    <committeeReports />
    <laws />
    <updateDate>2018-02-28T16:24:15Z</updateDate>
    <notes />
    <billNumber>155</billNumber>
    <introducedDate>2017-02-27</introducedDate>
    <calendarNumbers />
    <title>Expressing support for designation of the month of February 2017 as "National Teen Dating Violence Awareness and Prevention Month".</title>
    <originChamber>House</originChamber>
    <billType>HRES</billType>
    <actions>
      <actionByCounts>
        <houseOfRepresentatives>4</houseOfRepresentatives>
      </actionByCounts>
      <actionTypeCounts>
        <billReferrals>1</billReferrals>
        <placeholderTextForH>1</placeholderTextForH>
        <introducedInTheHouse>1</introducedInTheHouse>
        <introducedInHouse>1</introducedInHouse>
      </actionTypeCounts>
      <item>
        <actionDate>2017-03-06</actionDate>
        <committee>
          <systemCode>hsju08</systemCode>
          <name>Crime, Terrorism, Homeland Security, and Investigations Subcommittee</name>
        </committee>
        <links />
        <sourceSystem>
          <code>1</code>
          <name>House committee actions</name>
        </sourceSystem>
        <text>Referred to the Subcommittee on Crime, Terrorism, Homeland Security, and Investigations.</text>
        <type>Committee</type>
      </item>
      <item>
        <actionDate>2017-02-27</actionDate>
        <committee>
          <systemCode>hsju00</systemCode>
          <name>Judiciary Committee</name>
        </committee>
        <links />
        <text>Referred to the House Committee on the Judiciary.</text>
        <type>IntroReferral</type>
        <sourceSystem>
          <code>2</code>
          <name>House floor actions</name>
        </sourceSystem>
        <actionCode>H11100</actionCode>
      </item>
      <item>
        <actionDate>2017-02-27</actionDate>
        <committee />
        <links />
        <text>Introduced in House</text>
        <type>IntroReferral</type>
        <sourceSystem>
          <code>9</code>
          <name>Library of Congress</name>
        </sourceSystem>
        <actionCode>Intro-H</actionCode>
      </item>
      <item>
        <actionDate>2017-02-27</actionDate>
        <committee />
        <links />
        <text>Introduced in House</text>
        <type>IntroReferral</type>
        <sourceSystem>
          <code>9</code>
          <name>Library of Congress</name>
        </sourceSystem>
        <actionCode>1000</actionCode>
      </item>
    </actions>
    <version>1.0.0</version>
    <summaries>
      <billSummaries>
        <item>
          <actionDesc>Introduced in House</actionDesc>
          <actionDate>2017-02-27</actionDate>
          <text><![CDATA[<p>Expresses support for the designation of National Teen Dating Violence Awareness and Prevention Month. </p> <p>Expresses support for communities in empowering teens to develop healthy relationships throughout their lives.</p> <p>Calls on the people of the United States to observe National Teen Dating Violence Awareness and Prevention Month with programs and activities that promote awareness and prevention of teen dating violence in their communities.</p>]]></text>
          <versionCode>00</versionCode>
          <updateDate>2017-02-27T05:00:00Z</updateDate>
          <lastSummaryUpdateDate>2017-03-01T16:21:45Z</lastSummaryUpdateDate>
          <name>Introduced in House</name>
        </item>
      </billSummaries>
    </summaries>
    <committees>
      <billCommittees>
        <item>
          <type>Standing</type>
          <chamber>House</chamber>
          <name>Judiciary Committee</name>
          <activities>
            <item>
              <name>Referred to</name>
              <date>2017-02-27T17:00:30Z</date>
            </item>
          </activities>
          <subcommittees>
            <item>
              <activities>
                <item>
                  <name>Referred to</name>
                  <date>2017-03-06T21:14:02Z</date>
                </item>
              </activities>
              <systemCode>hsju08</systemCode>
              <name>Crime, Terrorism, Homeland Security, and Investigations Subcommittee</name>
            </item>
          </subcommittees>
          <systemCode>hsju00</systemCode>
        </item>
      </billCommittees>
    </committees>
    <createDate>2017-02-28T05:17:25Z</createDate>
    <constitutionalAuthorityStatementText />
    <recordedVotes />
    <congress>115</congress>
    <relatedBills>
      <item>
        <number>758</number>
        <latestAction>
          <text>Referred to the House Committee on the Judiciary.</text>
          <actionDate>2018-02-27</actionDate>
        </latestAction>
        <congress>115</congress>
        <relationshipDetails>
          <item>
            <type>Related bill</type>
            <identifiedBy>CRS</identifiedBy>
          </item>
        </relationshipDetails>
        <latestTitle>Expressing support for designation of the month of February 2018 as "National Teen Dating Violence Awareness and Prevention Month".</latestTitle>
        <type>HRES</type>
      </item>
    </relatedBills>
    <titles>
      <item>
        <title>Expressing support for designation of the month of February 2017 as "National Teen Dating Violence Awareness and Prevention Month".</title>
        <chamberCode />
        <titleType>Official Title as Introduced</titleType>
        <parentTitleType />
        <chamberName />
      </item>
      <item>
        <title>Expressing support for designation of the month of February 2017 as "National Teen Dating Violence Awareness and Prevention Month".</title>
        <chamberCode />
        <titleType>Display Title</titleType>
        <parentTitleType />
        <chamberName />
      </item>
    </titles>
    <cboCostEstimates />
    <sponsors>
      <item>
        <lastName>LEWIS</lastName>
        <identifiers>
          <lisID>688</lisID>
          <gpoId>7902</gpoId>
          <bioguideId>L000287</bioguideId>
        </identifiers>
        <party>D</party>
        <firstName>JOHN</firstName>
        <middleName />
        <fullName>Rep. Lewis, John [D-GA-5]</fullName>
        <district>5</district>
        <byRequestType />
        <state>GA</state>
        <bioguideId>L000287</bioguideId>
      </item>
    </sponsors>
    <latestAction>
      <links />
      <actionDate>2017-03-06</actionDate>
      <text>Referred to the Subcommittee on Crime, Terrorism, Homeland Security, and Investigations.</text>
    </latestAction>
    <subjects>
      <billSubjects>
        <legislativeSubjects>
          <item>
            <name>Assault and harassment offenses</name>
          </item>
          <item>
            <name>Commemorative events and holidays</name>
          </item>
          <item>
            <name>Crime prevention</name>
          </item>
          <item>
            <name>Crimes against children</name>
          </item>
          <item>
            <name>Crimes against women</name>
          </item>
          <item>
            <name>Violent crime</name>
          </item>
        </legislativeSubjects>
        <policyArea>
          <name>Crime and Law Enforcement</name>
        </policyArea>
      </billSubjects>
    </subjects>
    <amendments />
    <policyArea>
      <name>Crime and Law Enforcement</name>
    </policyArea>
    <cosponsors />
  </bill>
  <dublinCore xmlns:dc="http://purl.org/dc/elements/1.1/">
    <dc:format>text/xml</dc:format>
    <dc:language>EN</dc:language>
    <dc:rights>Pursuant to Title 17 Section 105 of the United States Code, this file is not subject to copyright protection and is in the public domain.</dc:rights>
    <dc:contributor>Congressional Research Service, Library of Congress</dc:contributor>
    <dc:description>This file contains bill summaries and statuses for federal legislation. A bill summary describes the most significant provisions of a piece of legislation and details the effects the legislative text may have on current law and federal programs. Bill summaries are authored by the Congressional Research Service (CRS) of the Library of Congress. As stated in Public Law 91-510 (2 USC 166 (d)(6)), one of the duties of CRS is "to prepare summaries and digests of bills and resolutions of a public general nature introduced in the Senate or House of Representatives". For more information, refer to the User Guide that accompanies this file.</dc:description>
  </dublinCore>
</billStatus>

