<?xml version="1.0" encoding="UTF-8"?>
<billStatus>
  <bill>
    <constitutionalAuthorityStatementText />
    <laws />
    <recordedVotes>
      <recordedVote>
        <fullActionName>Passage of a Measure</fullActionName>
        <rollNumber>260</rollNumber>
        <date>2017-05-17T17:58:03Z</date>
        <chamber>House</chamber>
        <url>http://clerk.house.gov/evs/2017/roll260.xml</url>
        <congress>115</congress>
        <sessionNumber>1</sessionNumber>
      </recordedVote>
      <recordedVote>
        <fullActionName>Motion for Previous Question</fullActionName>
        <rollNumber>259</rollNumber>
        <date>2017-05-17T17:50:48Z</date>
        <chamber>House</chamber>
        <url>http://clerk.house.gov/evs/2017/roll259.xml</url>
        <congress>115</congress>
        <sessionNumber>1</sessionNumber>
      </recordedVote>
    </recordedVotes>
    <billType>HRES</billType>
    <cboCostEstimates />
    <updateDate>2018-02-22T15:26:51Z</updateDate>
    <committees>
      <billCommittees>
        <item>
          <systemCode>hsru00</systemCode>
          <chamber>House</chamber>
          <type>Standing</type>
          <name>Rules Committee</name>
          <subcommittees />
          <activities>
            <item>
              <date>2017-05-16T22:39:05Z</date>
              <name>Reported original measure</name>
            </item>
          </activities>
        </item>
      </billCommittees>
    </committees>
    <summaries>
      <billSummaries>
        <item>
          <updateDate>2017-05-16T04:00:00Z</updateDate>
          <actionDesc>Introduced in House</actionDesc>
          <text><![CDATA[Sets forth the rule for consideration of the bill (H.R. 115) to amend title 18, United States Code, to provide additional aggravating factors for the imposition of the death penalty based on the status of the victim.]]></text>
          <lastSummaryUpdateDate>2017-05-17T08:04:27Z</lastSummaryUpdateDate>
          <name>Introduced in House</name>
          <actionDate>2017-05-16</actionDate>
          <versionCode>00</versionCode>
        </item>
      </billSummaries>
    </summaries>
    <calendarNumbers>
      <item>
        <calendar>H00049</calendar>
        <number />
      </item>
    </calendarNumbers>
    <notes />
    <originChamber>House</originChamber>
    <titles>
      <item>
        <chamberName />
        <parentTitleType />
        <title>Providing for consideration of the bill (H.R. 115) to amend title 18, United States Code, to provide additional aggravating factors for the imposition of the death penalty based on the status of the victim.</title>
        <chamberCode />
        <titleType>Official Title as Introduced</titleType>
      </item>
      <item>
        <chamberName />
        <parentTitleType />
        <title>Providing for consideration of the bill (H.R. 115) to amend title 18, United States Code, to provide additional aggravating factors for the imposition of the death penalty based on the status of the victim.</title>
        <chamberCode />
        <titleType>Display Title</titleType>
      </item>
    </titles>
    <createDate>2017-05-17T03:11:37Z</createDate>
    <version>1.0.0</version>
    <committeeReports>
      <committeeReport>
        <citation>H. Rept. 115-126</citation>
      </committeeReport>
    </committeeReports>
    <actions>
      <actionByCounts>
        <houseOfRepresentatives>11</houseOfRepresentatives>
      </actionByCounts>
      <actionTypeCounts>
        <introducedInHouse>1</introducedInHouse>
        <generalDebate>1</generalDebate>
        <considerationByHouse>1</considerationByHouse>
        <motionForPreviousQuestion>1</motionForPreviousQuestion>
        <passedAgreedToInHouse>1</passedAgreedToInHouse>
        <passageOfAMeasure>1</passageOfAMeasure>
        <provisionsOfARule>1</provisionsOfARule>
        <committeeReportOfAnOriginalMeasure>1</committeeReportOfAnOriginalMeasure>
        <houseCalendarAssignment>1</houseCalendarAssignment>
        <reportedToHouse>1</reportedToHouse>
        <motionToReconsiderResults>1</motionToReconsiderResults>
      </actionTypeCounts>
      <item>
        <actionTime>13:58:05</actionTime>
        <type>Floor</type>
        <links />
        <sourceSystem>
          <name>House floor actions</name>
          <code>2</code>
        </sourceSystem>
        <actionDate>2017-05-17</actionDate>
        <committee />
        <text>Motion to reconsider laid on the table Agreed to without objection.</text>
        <actionCode>H38310</actionCode>
      </item>
      <item>
        <actionTime>13:58:03</actionTime>
        <type>Floor</type>
        <links>
          <link>
            <name>H4237</name>
            <url>https://www.congress.gov/congressional-record/volume-163/house-section/page/H4237</url>
          </link>
          <link>
            <name>Roll no. 260</name>
            <url>http://clerk.house.gov/evs/2017/roll260.xml</url>
          </link>
        </links>
        <sourceSystem>
          <name>House floor actions</name>
          <code>2</code>
        </sourceSystem>
        <actionDate>2017-05-17</actionDate>
        <committee />
        <text>On agreeing to the resolution Agreed to by recorded vote: 233 - 184 (Roll no. 260). (text: CR H4237)</text>
        <actionCode>H37100</actionCode>
      </item>
      <item>
        <actionTime>13:58:03</actionTime>
        <type>Floor</type>
        <links>
          <link>
            <name>Roll no. 260</name>
            <url>http://clerk.house.gov/evs/2017/roll260.xml</url>
          </link>
        </links>
        <sourceSystem>
          <name>Library of Congress</name>
          <code>9</code>
        </sourceSystem>
        <actionDate>2017-05-17</actionDate>
        <committee />
        <text>Passed/agreed to in House: On agreeing to the resolution Agreed to by recorded vote: 233 - 184 (Roll no. 260).</text>
        <actionCode>8000</actionCode>
      </item>
      <item>
        <actionTime>13:50:48</actionTime>
        <type>Floor</type>
        <links>
          <link>
            <name>H4244-4245</name>
            <url>https://www.congress.gov/congressional-record/volume-163/house-section/page/H4244-4245</url>
          </link>
          <link>
            <name>Roll no. 259</name>
            <url>http://clerk.house.gov/evs/2017/roll259.xml</url>
          </link>
        </links>
        <sourceSystem>
          <name>House floor actions</name>
          <code>2</code>
        </sourceSystem>
        <actionDate>2017-05-17</actionDate>
        <committee />
        <text>On ordering the previous question Agreed to by the Yeas and Nays: 230 - 189 (Roll no. 259). (consideration: CR H4244-4245)</text>
        <actionCode>H35000</actionCode>
      </item>
      <item>
        <actionTime>12:39:16</actionTime>
        <type>Floor</type>
        <links>
          <link>
            <name>H. Res. 323</name>
            <url>https://www.congress.gov/bill/115th-congress/house-resolution/323</url>
          </link>
        </links>
        <sourceSystem>
          <name>House floor actions</name>
          <code>2</code>
        </sourceSystem>
        <actionDate>2017-05-17</actionDate>
        <committee />
        <text>DEBATE - The House proceeded with one hour of debate on H. Res. 323.</text>
        <actionCode>H8D000</actionCode>
      </item>
      <item>
        <actionTime>12:38:05</actionTime>
        <type>Floor</type>
        <links>
          <link>
            <name>H4237-4245</name>
            <url>https://www.congress.gov/congressional-record/volume-163/house-section/page/H4237-4245</url>
          </link>
        </links>
        <sourceSystem>
          <name>House floor actions</name>
          <code>2</code>
        </sourceSystem>
        <actionDate>2017-05-17</actionDate>
        <committee />
        <text>Considered as privileged matter. (consideration: CR H4237-4245)</text>
        <actionCode>H30000</actionCode>
      </item>
      <item>
        <text>Placed on the House Calendar, Calendar No. 49.</text>
        <type>Calendars</type>
        <links />
        <sourceSystem>
          <name>House floor actions</name>
          <code>2</code>
        </sourceSystem>
        <actionDate>2017-05-16</actionDate>
        <committee />
        <actionCode>H12420</actionCode>
      </item>
      <item>
        <actionTime>18:39:06</actionTime>
        <type>Floor</type>
        <links />
        <sourceSystem>
          <name>House floor actions</name>
          <code>2</code>
        </sourceSystem>
        <actionDate>2017-05-16</actionDate>
        <committee />
        <text>The resolution provides that an amendment in the nature of a substitute consisting of the text of Rules Committee Print 115-17 shall be considered as adopted and the bill, as amended, shall be considered as read.</text>
        <actionCode>H12700</actionCode>
      </item>
      <item>
        <text>The House Committee on Rules reported an original measure, H. Rept. 115-126, by Mr. Buck.</text>
        <type>Committee</type>
        <links>
          <link>
            <name>H. Rept. 115-126</name>
            <url>https://www.congress.gov/congressional-report/115th-congress/house-report/126</url>
          </link>
        </links>
        <sourceSystem>
          <name>House floor actions</name>
          <code>2</code>
        </sourceSystem>
        <actionDate>2017-05-16</actionDate>
        <committee>
          <name>Rules Committee</name>
          <systemCode>hsru00</systemCode>
        </committee>
        <actionCode>H12100</actionCode>
      </item>
      <item>
        <text>The House Committee on Rules reported an original measure, H. Rept. 115-126, by Mr. Buck.</text>
        <type>Committee</type>
        <links>
          <link>
            <name>H. Rept. 115-126</name>
            <url>https://www.congress.gov/congressional-report/115th-congress/house-report/126</url>
          </link>
        </links>
        <sourceSystem>
          <name>Library of Congress</name>
          <code>9</code>
        </sourceSystem>
        <actionDate>2017-05-16</actionDate>
        <committee>
          <name>Rules Committee</name>
          <systemCode>hsru00</systemCode>
        </committee>
        <actionCode>5000</actionCode>
      </item>
      <item>
        <text>Introduced in House</text>
        <type>IntroReferral</type>
        <links />
        <sourceSystem>
          <name>Library of Congress</name>
          <code>9</code>
        </sourceSystem>
        <actionDate>2017-05-16</actionDate>
        <committee />
        <actionCode>1000</actionCode>
      </item>
    </actions>
    <policyArea>
      <name>Congress</name>
    </policyArea>
    <latestAction>
      <actionDate>2017-05-17</actionDate>
      <links />
      <text>Motion to reconsider laid on the table Agreed to without objection.</text>
      <actionTime>13:58:05</actionTime>
    </latestAction>
    <billNumber>323</billNumber>
    <amendments />
    <cosponsors />
    <subjects>
      <billSubjects>
        <legislativeSubjects>
          <item>
            <name>House of Representatives</name>
          </item>
          <item>
            <name>Legislative rules and procedure</name>
          </item>
        </legislativeSubjects>
        <policyArea>
          <name>Congress</name>
        </policyArea>
      </billSubjects>
    </subjects>
    <congress>115</congress>
    <title>Providing for consideration of the bill (H.R. 115) to amend title 18, United States Code, to provide additional aggravating factors for the imposition of the death penalty based on the status of the victim.</title>
    <introducedDate>2017-05-16</introducedDate>
    <sponsors>
      <item>
        <byRequestType />
        <lastName>Buck</lastName>
        <middleName />
        <firstName>Ken</firstName>
        <fullName>Rep. Buck, Ken [R-CO-4]</fullName>
        <bioguideId>B001297</bioguideId>
        <party>R</party>
        <identifiers>
          <bioguideId>B001297</bioguideId>
          <gpoId />
          <lisID>2233</lisID>
        </identifiers>
        <state>CO</state>
        <district>4</district>
      </item>
    </sponsors>
    <relatedBills>
      <item>
        <congress>115</congress>
        <latestTitle>Thin Blue Line Act</latestTitle>
        <type>HR</type>
        <relationshipDetails>
          <item>
            <identifiedBy>House</identifiedBy>
            <type>Procedurally-related</type>
          </item>
        </relationshipDetails>
        <latestAction>
          <text>Received in the Senate and Read twice and referred to the Committee on the Judiciary.</text>
          <actionDate>2017-05-22</actionDate>
        </latestAction>
        <number>115</number>
      </item>
    </relatedBills>
  </bill>
  <dublinCore xmlns:dc="http://purl.org/dc/elements/1.1/">
    <dc:format>text/xml</dc:format>
    <dc:language>EN</dc:language>
    <dc:rights>Pursuant to Title 17 Section 105 of the United States Code, this file is not subject to copyright protection and is in the public domain.</dc:rights>
    <dc:contributor>Congressional Research Service, Library of Congress</dc:contributor>
    <dc:description>This file contains bill summaries and statuses for federal legislation. A bill summary describes the most significant provisions of a piece of legislation and details the effects the legislative text may have on current law and federal programs. Bill summaries are authored by the Congressional Research Service (CRS) of the Library of Congress. As stated in Public Law 91-510 (2 USC 166 (d)(6)), one of the duties of CRS is "to prepare summaries and digests of bills and resolutions of a public general nature introduced in the Senate or House of Representatives". For more information, refer to the User Guide that accompanies this file.</dc:description>
  </dublinCore>
</billStatus>

