<?xml version="1.0" encoding="UTF-8"?>
<billStatus>
  <bill>
    <introducedDate>2017-06-15</introducedDate>
    <congress>115</congress>
    <latestAction>
      <actionDate>2017-06-15</actionDate>
      <links />
      <text>Referred to the House Committee on Oversight and Government Reform.</text>
    </latestAction>
    <originChamber>House</originChamber>
    <billNumber>386</billNumber>
    <sponsors>
      <item>
        <state>TX</state>
        <identifiers>
          <gpoId>8174</gpoId>
          <lisID>588</lisID>
          <bioguideId>J000032</bioguideId>
        </identifiers>
        <bioguideId>J000032</bioguideId>
        <lastName>JACKSON LEE</lastName>
        <fullName>Rep. Jackson Lee, Sheila [D-TX-18]</fullName>
        <district>18</district>
        <firstName>SHEILA</firstName>
        <byRequestType />
        <middleName />
        <party>D</party>
      </item>
    </sponsors>
    <committeeReports />
    <relatedBills />
    <titles>
      <item>
        <parentTitleType />
        <chamberCode />
        <chamberName />
        <titleType>Official Title as Introduced</titleType>
        <title>Recognizing June 19, 2017, as this year's observance of the historical significance of Juneteenth Independence Day.</title>
      </item>
      <item>
        <parentTitleType />
        <chamberCode />
        <chamberName />
        <titleType>Display Title</titleType>
        <title>Recognizing June 19, 2017, as this year's observance of the historical significance of Juneteenth Independence Day.</title>
      </item>
    </titles>
    <constitutionalAuthorityStatementText />
    <billType>HRES</billType>
    <summaries>
      <billSummaries>
        <item>
          <text><![CDATA[<p>Recognizes the historical significance and supports the continued celebration of Juneteenth Independence Day, which&nbsp;commemorates the end of slavery&nbsp;in the United States.</p>]]></text>
          <name>Introduced in House</name>
          <lastSummaryUpdateDate>2017-06-28T17:15:53Z</lastSummaryUpdateDate>
          <versionCode>00</versionCode>
          <actionDesc>Introduced in House</actionDesc>
          <updateDate>2017-06-15T04:00:00Z</updateDate>
          <actionDate>2017-06-15</actionDate>
        </item>
      </billSummaries>
    </summaries>
    <subjects>
      <billSubjects>
        <legislativeSubjects>
          <item>
            <name>Commemorative events and holidays</name>
          </item>
          <item>
            <name>Racial and ethnic relations</name>
          </item>
          <item>
            <name>U.S. history</name>
          </item>
        </legislativeSubjects>
        <policyArea>
          <name>Civil Rights and Liberties, Minority Issues</name>
        </policyArea>
      </billSubjects>
    </subjects>
    <laws />
    <policyArea>
      <name>Civil Rights and Liberties, Minority Issues</name>
    </policyArea>
    <committees>
      <billCommittees>
        <item>
          <chamber>House</chamber>
          <subcommittees />
          <type>Standing</type>
          <activities>
            <item>
              <date>2017-06-15T14:02:25Z</date>
              <name>Referred to</name>
            </item>
          </activities>
          <systemCode>hsgo00</systemCode>
          <name>Oversight and Government Reform Committee</name>
        </item>
      </billCommittees>
    </committees>
    <version>1.0.0</version>
    <recordedVotes />
    <updateDate>2018-02-06T16:39:50Z</updateDate>
    <title>Recognizing June 19, 2017, as this year's observance of the historical significance of Juneteenth Independence Day.</title>
    <createDate>2017-06-16T03:11:35Z</createDate>
    <cboCostEstimates />
    <actions>
      <item>
        <links />
        <actionDate>2017-06-15</actionDate>
        <type>IntroReferral</type>
        <text>Referred to the House Committee on Oversight and Government Reform.</text>
        <actionCode>H11100</actionCode>
        <sourceSystem>
          <name>House floor actions</name>
          <code>2</code>
        </sourceSystem>
        <committee>
          <systemCode>hsgo00</systemCode>
          <name>Oversight and Government Reform Committee</name>
        </committee>
      </item>
      <item>
        <links />
        <actionDate>2017-06-15</actionDate>
        <type>IntroReferral</type>
        <text>Introduced in House</text>
        <actionCode>Intro-H</actionCode>
        <sourceSystem>
          <name>Library of Congress</name>
          <code>9</code>
        </sourceSystem>
        <committee />
      </item>
      <item>
        <links />
        <actionDate>2017-06-15</actionDate>
        <type>IntroReferral</type>
        <text>Introduced in House</text>
        <actionCode>1000</actionCode>
        <sourceSystem>
          <name>Library of Congress</name>
          <code>9</code>
        </sourceSystem>
        <committee />
      </item>
      <actionByCounts>
        <houseOfRepresentatives>3</houseOfRepresentatives>
      </actionByCounts>
      <actionTypeCounts>
        <billReferrals>1</billReferrals>
        <introducedInTheHouse>1</introducedInTheHouse>
        <introducedInHouse>1</introducedInHouse>
      </actionTypeCounts>
    </actions>
    <amendments />
    <notes />
    <calendarNumbers />
    <cosponsors>
      <item>
        <isOriginalCosponsor>True</isOriginalCosponsor>
        <middleName>C. "Hank"</middleName>
        <sponsorshipDate>2017-06-15</sponsorshipDate>
        <firstName>Henry</firstName>
        <party>D</party>
        <identifiers>
          <gpoId>7901</gpoId>
          <bioguideId>J000288</bioguideId>
          <lisID>1843</lisID>
        </identifiers>
        <district>4</district>
        <sponsorshipWithdrawnDate />
        <fullName>Rep. Johnson, Henry C. "Hank," Jr. [D-GA-4]</fullName>
        <bioguideId>J000288</bioguideId>
        <lastName>Johnson</lastName>
        <state>GA</state>
      </item>
      <item>
        <isOriginalCosponsor>True</isOriginalCosponsor>
        <middleName>L.</middleName>
        <sponsorshipDate>2017-06-15</sponsorshipDate>
        <firstName>ALCEE</firstName>
        <party>D</party>
        <identifiers>
          <bioguideId>H000324</bioguideId>
          <lisID>511</lisID>
          <gpoId>7895</gpoId>
        </identifiers>
        <district>20</district>
        <sponsorshipWithdrawnDate />
        <fullName>Rep. Hastings, Alcee L. [D-FL-20]</fullName>
        <bioguideId>H000324</bioguideId>
        <lastName>HASTINGS</lastName>
        <state>FL</state>
      </item>
      <item>
        <isOriginalCosponsor>True</isOriginalCosponsor>
        <middleName>A.</middleName>
        <sponsorshipDate>2017-06-15</sponsorshipDate>
        <firstName>Marc</firstName>
        <party>D</party>
        <identifiers>
          <gpoId />
          <lisID>2166</lisID>
          <bioguideId>V000131</bioguideId>
        </identifiers>
        <district>33</district>
        <sponsorshipWithdrawnDate />
        <fullName>Rep. Veasey, Marc A. [D-TX-33]</fullName>
        <bioguideId>V000131</bioguideId>
        <lastName>Veasey</lastName>
        <state>TX</state>
      </item>
      <item>
        <isOriginalCosponsor>True</isOriginalCosponsor>
        <middleName>HOLMES</middleName>
        <sponsorshipDate>2017-06-15</sponsorshipDate>
        <firstName>ELEANOR</firstName>
        <party>D</party>
        <identifiers>
          <lisID>868</lisID>
          <gpoId>7871</gpoId>
          <bioguideId>N000147</bioguideId>
        </identifiers>
        <district>0</district>
        <sponsorshipWithdrawnDate />
        <fullName>Rep. Norton, Eleanor Holmes [D-DC-At Large]</fullName>
        <bioguideId>N000147</bioguideId>
        <lastName>NORTON</lastName>
        <state>DC</state>
      </item>
      <item>
        <isOriginalCosponsor>True</isOriginalCosponsor>
        <middleName>D.</middleName>
        <sponsorshipDate>2017-06-15</sponsorshipDate>
        <firstName>SANFORD</firstName>
        <party>D</party>
        <identifiers>
          <gpoId>7899</gpoId>
          <bioguideId>B000490</bioguideId>
          <lisID>91</lisID>
        </identifiers>
        <district>2</district>
        <sponsorshipWithdrawnDate />
        <fullName>Rep. Bishop, Sanford D., Jr. [D-GA-2]</fullName>
        <bioguideId>B000490</bioguideId>
        <lastName>BISHOP</lastName>
        <state>GA</state>
      </item>
      <item>
        <isOriginalCosponsor>True</isOriginalCosponsor>
        <middleName />
        <sponsorshipDate>2017-06-15</sponsorshipDate>
        <firstName>Gwen</firstName>
        <party>D</party>
        <identifiers>
          <gpoId>8217</gpoId>
          <lisID>1811</lisID>
          <bioguideId>M001160</bioguideId>
        </identifiers>
        <district>4</district>
        <sponsorshipWithdrawnDate />
        <fullName>Rep. Moore, Gwen [D-WI-4]</fullName>
        <bioguideId>M001160</bioguideId>
        <lastName>Moore</lastName>
        <state>WI</state>
      </item>
      <item>
        <isOriginalCosponsor>True</isOriginalCosponsor>
        <middleName>E.</middleName>
        <sponsorshipDate>2017-06-15</sponsorshipDate>
        <firstName>Gerald</firstName>
        <party>D</party>
        <identifiers>
          <bioguideId>C001078</bioguideId>
          <lisID>1959</lisID>
          <gpoId>8202</gpoId>
        </identifiers>
        <district>11</district>
        <sponsorshipWithdrawnDate />
        <fullName>Rep. Connolly, Gerald E. [D-VA-11]</fullName>
        <bioguideId>C001078</bioguideId>
        <lastName>Connolly</lastName>
        <state>VA</state>
      </item>
      <item>
        <isOriginalCosponsor>True</isOriginalCosponsor>
        <middleName />
        <sponsorshipDate>2017-06-15</sponsorshipDate>
        <firstName>G. K.</firstName>
        <party>D</party>
        <identifiers>
          <lisID>1761</lisID>
          <bioguideId>B001251</bioguideId>
          <gpoId>8024</gpoId>
        </identifiers>
        <district>1</district>
        <sponsorshipWithdrawnDate />
        <fullName>Rep. Butterfield, G. K. [D-NC-1]</fullName>
        <bioguideId>B001251</bioguideId>
        <lastName>Butterfield</lastName>
        <state>NC</state>
      </item>
      <item>
        <isOriginalCosponsor>True</isOriginalCosponsor>
        <middleName>E.</middleName>
        <sponsorshipDate>2017-06-15</sponsorshipDate>
        <firstName>Theodore</firstName>
        <party>D</party>
        <identifiers>
          <lisID>1976</lisID>
          <bioguideId>D000610</bioguideId>
          <gpoId>7891</gpoId>
        </identifiers>
        <district>22</district>
        <sponsorshipWithdrawnDate />
        <fullName>Rep. Deutch, Theodore E. [D-FL-22]</fullName>
        <bioguideId>D000610</bioguideId>
        <lastName>Deutch</lastName>
        <state>FL</state>
      </item>
      <item>
        <isOriginalCosponsor>True</isOriginalCosponsor>
        <middleName>V.</middleName>
        <sponsorshipDate>2017-06-15</sponsorshipDate>
        <firstName>LUIS</firstName>
        <party>D</party>
        <identifiers>
          <lisID>478</lisID>
          <bioguideId>G000535</bioguideId>
          <gpoId>7924</gpoId>
        </identifiers>
        <district>4</district>
        <sponsorshipWithdrawnDate />
        <fullName>Rep. Gutierrez, Luis V. [D-IL-4]</fullName>
        <bioguideId>G000535</bioguideId>
        <lastName>GUTIERREZ</lastName>
        <state>IL</state>
      </item>
      <item>
        <isOriginalCosponsor>True</isOriginalCosponsor>
        <middleName />
        <sponsorshipDate>2017-06-15</sponsorshipDate>
        <firstName>Steve</firstName>
        <party>D</party>
        <identifiers>
          <gpoId>8156</gpoId>
          <lisID>1878</lisID>
          <bioguideId>C001068</bioguideId>
        </identifiers>
        <district>9</district>
        <sponsorshipWithdrawnDate />
        <fullName>Rep. Cohen, Steve [D-TN-9]</fullName>
        <bioguideId>C001068</bioguideId>
        <lastName>Cohen</lastName>
        <state>TN</state>
      </item>
      <item>
        <isOriginalCosponsor>True</isOriginalCosponsor>
        <middleName>T.</middleName>
        <sponsorshipDate>2017-06-15</sponsorshipDate>
        <firstName>Daniel</firstName>
        <party>D</party>
        <identifiers>
          <lisID>2134</lisID>
          <bioguideId>K000380</bioguideId>
          <gpoId />
        </identifiers>
        <district>5</district>
        <sponsorshipWithdrawnDate />
        <fullName>Rep. Kildee, Daniel T. [D-MI-5]</fullName>
        <bioguideId>K000380</bioguideId>
        <lastName>Kildee</lastName>
        <state>MI</state>
      </item>
      <item>
        <isOriginalCosponsor>True</isOriginalCosponsor>
        <middleName>W.</middleName>
        <sponsorshipDate>2017-06-15</sponsorshipDate>
        <firstName>GREGORY</firstName>
        <party>D</party>
        <identifiers>
          <lisID>1506</lisID>
          <gpoId>8067</gpoId>
          <bioguideId>M001137</bioguideId>
        </identifiers>
        <district>5</district>
        <sponsorshipWithdrawnDate />
        <fullName>Rep. Meeks, Gregory W. [D-NY-5]</fullName>
        <bioguideId>M001137</bioguideId>
        <lastName>MEEKS</lastName>
        <state>NY</state>
      </item>
      <item>
        <isOriginalCosponsor>True</isOriginalCosponsor>
        <middleName />
        <sponsorshipDate>2017-06-15</sponsorshipDate>
        <firstName>Mark</firstName>
        <party>D</party>
        <identifiers>
          <gpoId />
          <bioguideId>P000607</bioguideId>
          <lisID>2171</lisID>
        </identifiers>
        <district>2</district>
        <sponsorshipWithdrawnDate />
        <fullName>Rep. Pocan, Mark [D-WI-2]</fullName>
        <bioguideId>P000607</bioguideId>
        <lastName>Pocan</lastName>
        <state>WI</state>
      </item>
      <item>
        <isOriginalCosponsor>True</isOriginalCosponsor>
        <middleName />
        <sponsorshipDate>2017-06-15</sponsorshipDate>
        <firstName>FRANK</firstName>
        <party>D</party>
        <identifiers>
          <lisID>887</lisID>
          <bioguideId>P000034</bioguideId>
          <gpoId>8048</gpoId>
        </identifiers>
        <district>6</district>
        <sponsorshipWithdrawnDate />
        <fullName>Rep. Pallone, Frank, Jr. [D-NJ-6]</fullName>
        <bioguideId>P000034</bioguideId>
        <lastName>PALLONE</lastName>
        <state>NJ</state>
      </item>
      <item>
        <isOriginalCosponsor>True</isOriginalCosponsor>
        <middleName>A.</middleName>
        <sponsorshipDate>2017-06-15</sponsorshipDate>
        <firstName>Terri</firstName>
        <party>D</party>
        <identifiers>
          <lisID>1988</lisID>
          <bioguideId>S001185</bioguideId>
          <gpoId>7792</gpoId>
        </identifiers>
        <district>7</district>
        <sponsorshipWithdrawnDate />
        <fullName>Rep. Sewell, Terri A. [D-AL-7]</fullName>
        <bioguideId>S001185</bioguideId>
        <lastName>Sewell</lastName>
        <state>AL</state>
      </item>
      <item>
        <isOriginalCosponsor>True</isOriginalCosponsor>
        <middleName />
        <sponsorshipDate>2017-06-15</sponsorshipDate>
        <firstName>BENNIE</firstName>
        <party>D</party>
        <identifiers>
          <lisID>1151</lisID>
          <bioguideId>T000193</bioguideId>
          <gpoId>8020</gpoId>
        </identifiers>
        <district>2</district>
        <sponsorshipWithdrawnDate />
        <fullName>Rep. Thompson, Bennie G. [D-MS-2]</fullName>
        <bioguideId>T000193</bioguideId>
        <lastName>THOMPSON</lastName>
        <state>MS</state>
      </item>
      <item>
        <isOriginalCosponsor>True</isOriginalCosponsor>
        <middleName />
        <sponsorshipDate>2017-06-15</sponsorshipDate>
        <firstName>Filemon</firstName>
        <party>D</party>
        <identifiers>
          <lisID>2167</lisID>
          <bioguideId>V000132</bioguideId>
          <gpoId />
        </identifiers>
        <district>34</district>
        <sponsorshipWithdrawnDate />
        <fullName>Rep. Vela, Filemon [D-TX-34]</fullName>
        <bioguideId>V000132</bioguideId>
        <lastName>Vela</lastName>
        <state>TX</state>
      </item>
      <item>
        <isOriginalCosponsor>True</isOriginalCosponsor>
        <middleName />
        <sponsorshipDate>2017-06-15</sponsorshipDate>
        <firstName>Joyce</firstName>
        <party>D</party>
        <identifiers>
          <lisID>2153</lisID>
          <bioguideId>B001281</bioguideId>
          <gpoId />
        </identifiers>
        <district>3</district>
        <sponsorshipWithdrawnDate />
        <fullName>Rep. Beatty, Joyce [D-OH-3]</fullName>
        <bioguideId>B001281</bioguideId>
        <lastName>Beatty</lastName>
        <state>OH</state>
      </item>
      <item>
        <isOriginalCosponsor>True</isOriginalCosponsor>
        <middleName>S.</middleName>
        <sponsorshipDate>2017-06-15</sponsorshipDate>
        <firstName>Hakeem</firstName>
        <party>D</party>
        <identifiers>
          <lisID>2149</lisID>
          <bioguideId>J000294</bioguideId>
          <gpoId />
        </identifiers>
        <district>8</district>
        <sponsorshipWithdrawnDate />
        <fullName>Rep. Jeffries, Hakeem S. [D-NY-8]</fullName>
        <bioguideId>J000294</bioguideId>
        <lastName>Jeffries</lastName>
        <state>NY</state>
      </item>
      <item>
        <isOriginalCosponsor>True</isOriginalCosponsor>
        <middleName>E.</middleName>
        <sponsorshipDate>2017-06-15</sponsorshipDate>
        <firstName>DAVID</firstName>
        <party>D</party>
        <identifiers>
          <lisID>930</lisID>
          <gpoId>8027</gpoId>
          <bioguideId>P000523</bioguideId>
        </identifiers>
        <district>4</district>
        <sponsorshipWithdrawnDate />
        <fullName>Rep. Price, David E. [D-NC-4]</fullName>
        <bioguideId>P000523</bioguideId>
        <lastName>PRICE</lastName>
        <state>NC</state>
      </item>
      <item>
        <isOriginalCosponsor>True</isOriginalCosponsor>
        <middleName>L.</middleName>
        <sponsorshipDate>2017-06-15</sponsorshipDate>
        <firstName>ELIOT</firstName>
        <party>D</party>
        <identifiers>
          <bioguideId>E000179</bioguideId>
          <gpoId>8078</gpoId>
          <lisID>344</lisID>
        </identifiers>
        <district>16</district>
        <sponsorshipWithdrawnDate />
        <fullName>Rep. Engel, Eliot L. [D-NY-16]</fullName>
        <bioguideId>E000179</bioguideId>
        <lastName>ENGEL</lastName>
        <state>NY</state>
      </item>
      <item>
        <isOriginalCosponsor>True</isOriginalCosponsor>
        <middleName>L.</middleName>
        <sponsorshipDate>2017-06-15</sponsorshipDate>
        <firstName>BOBBY</firstName>
        <party>D</party>
        <identifiers>
          <lisID>1003</lisID>
          <gpoId>7921</gpoId>
          <bioguideId>R000515</bioguideId>
        </identifiers>
        <district>1</district>
        <sponsorshipWithdrawnDate />
        <fullName>Rep. Rush, Bobby L. [D-IL-1]</fullName>
        <bioguideId>R000515</bioguideId>
        <lastName>RUSH</lastName>
        <state>IL</state>
      </item>
      <item>
        <isOriginalCosponsor>True</isOriginalCosponsor>
        <middleName />
        <sponsorshipDate>2017-06-15</sponsorshipDate>
        <firstName>BETTY</firstName>
        <party>D</party>
        <identifiers>
          <bioguideId>M001143</bioguideId>
          <lisID>1653</lisID>
          <gpoId>8004</gpoId>
        </identifiers>
        <district>4</district>
        <sponsorshipWithdrawnDate />
        <fullName>Rep. McCollum, Betty [D-MN-4]</fullName>
        <bioguideId>M001143</bioguideId>
        <lastName>MCCOLLUM</lastName>
        <state>MN</state>
      </item>
      <item>
        <isOriginalCosponsor>True</isOriginalCosponsor>
        <middleName>L.</middleName>
        <sponsorshipDate>2017-06-15</sponsorshipDate>
        <firstName>Cedric</firstName>
        <party>D</party>
        <identifiers>
          <lisID>2023</lisID>
          <bioguideId>R000588</bioguideId>
          <gpoId>7960</gpoId>
        </identifiers>
        <district>2</district>
        <sponsorshipWithdrawnDate />
        <fullName>Rep. Richmond, Cedric L. [D-LA-2]</fullName>
        <bioguideId>R000588</bioguideId>
        <lastName>Richmond</lastName>
        <state>LA</state>
      </item>
      <item>
        <isOriginalCosponsor>True</isOriginalCosponsor>
        <middleName />
        <sponsorshipDate>2017-06-15</sponsorshipDate>
        <firstName>JOHN</firstName>
        <party>D</party>
        <identifiers>
          <lisID>229</lisID>
          <gpoId>7999</gpoId>
          <bioguideId>C000714</bioguideId>
        </identifiers>
        <district>13</district>
        <sponsorshipWithdrawnDate />
        <fullName>Rep. Conyers, John, Jr. [D-MI-13]</fullName>
        <bioguideId>C000714</bioguideId>
        <lastName>CONYERS</lastName>
        <state>MI</state>
      </item>
      <item>
        <isOriginalCosponsor>True</isOriginalCosponsor>
        <middleName>J.</middleName>
        <sponsorshipDate>2017-06-15</sponsorshipDate>
        <firstName>Timothy</firstName>
        <party>D</party>
        <identifiers>
          <lisID>1856</lisID>
          <bioguideId>W000799</bioguideId>
          <gpoId>8001</gpoId>
        </identifiers>
        <district>1</district>
        <sponsorshipWithdrawnDate />
        <fullName>Rep. Walz, Timothy J. [D-MN-1]</fullName>
        <bioguideId>W000799</bioguideId>
        <lastName>Walz</lastName>
        <state>MN</state>
      </item>
      <item>
        <isOriginalCosponsor>True</isOriginalCosponsor>
        <middleName>Butler</middleName>
        <sponsorshipDate>2017-06-15</sponsorshipDate>
        <firstName>Val</firstName>
        <party>D</party>
        <identifiers>
          <lisID>2320</lisID>
          <bioguideId>D000627</bioguideId>
          <gpoId />
        </identifiers>
        <district>10</district>
        <sponsorshipWithdrawnDate />
        <fullName>Rep. Demings, Val Butler [D-FL-10]</fullName>
        <bioguideId>D000627</bioguideId>
        <lastName>Demings</lastName>
        <state>FL</state>
      </item>
      <item>
        <isOriginalCosponsor>True</isOriginalCosponsor>
        <middleName />
        <sponsorshipDate>2017-06-15</sponsorshipDate>
        <firstName>BARBARA</firstName>
        <party>D</party>
        <identifiers>
          <gpoId>7814</gpoId>
          <bioguideId>L000551</bioguideId>
          <lisID>1501</lisID>
        </identifiers>
        <district>13</district>
        <sponsorshipWithdrawnDate />
        <fullName>Rep. Lee, Barbara [D-CA-13]</fullName>
        <bioguideId>L000551</bioguideId>
        <lastName>LEE</lastName>
        <state>CA</state>
      </item>
      <item>
        <isOriginalCosponsor>True</isOriginalCosponsor>
        <middleName />
        <sponsorshipDate>2017-06-15</sponsorshipDate>
        <firstName>Keith</firstName>
        <party>D</party>
        <identifiers>
          <lisID>1857</lisID>
          <gpoId>8005</gpoId>
          <bioguideId>E000288</bioguideId>
        </identifiers>
        <district>5</district>
        <sponsorshipWithdrawnDate />
        <fullName>Rep. Ellison, Keith [D-MN-5]</fullName>
        <bioguideId>E000288</bioguideId>
        <lastName>Ellison</lastName>
        <state>MN</state>
      </item>
      <item>
        <isOriginalCosponsor>True</isOriginalCosponsor>
        <middleName>M.</middleName>
        <sponsorshipDate>2017-06-15</sponsorshipDate>
        <firstName>Donald</firstName>
        <party>D</party>
        <identifiers>
          <gpoId>8373</gpoId>
          <bioguideId>P000604</bioguideId>
          <lisID>2097</lisID>
        </identifiers>
        <district>10</district>
        <sponsorshipWithdrawnDate />
        <fullName>Rep. Payne, Donald M., Jr. [D-NJ-10]</fullName>
        <bioguideId>P000604</bioguideId>
        <lastName>Payne</lastName>
        <state>NJ</state>
      </item>
      <item>
        <isOriginalCosponsor>True</isOriginalCosponsor>
        <middleName>LACY</middleName>
        <sponsorshipDate>2017-06-15</sponsorshipDate>
        <firstName>WM.</firstName>
        <party>D</party>
        <identifiers>
          <lisID>1654</lisID>
          <gpoId>8009</gpoId>
          <bioguideId>C001049</bioguideId>
        </identifiers>
        <district>1</district>
        <sponsorshipWithdrawnDate />
        <fullName>Rep. Clay, Wm. Lacy [D-MO-1]</fullName>
        <bioguideId>C001049</bioguideId>
        <lastName>CLAY</lastName>
        <state>MO</state>
      </item>
      <item>
        <isOriginalCosponsor>True</isOriginalCosponsor>
        <middleName>S.</middleName>
        <sponsorshipDate>2017-06-15</sponsorshipDate>
        <firstName>Alma</firstName>
        <party>D</party>
        <identifiers>
          <lisID>2201</lisID>
          <gpoId />
          <bioguideId>A000370</bioguideId>
        </identifiers>
        <district>12</district>
        <sponsorshipWithdrawnDate />
        <fullName>Rep. Adams, Alma S. [D-NC-12]</fullName>
        <bioguideId>A000370</bioguideId>
        <lastName>Adams</lastName>
        <state>NC</state>
      </item>
      <item>
        <isOriginalCosponsor>True</isOriginalCosponsor>
        <middleName />
        <sponsorshipDate>2017-06-15</sponsorshipDate>
        <firstName>Dwight</firstName>
        <party>D</party>
        <identifiers>
          <bioguideId>E000296</bioguideId>
          <lisID>2298</lisID>
          <gpoId />
        </identifiers>
        <district>2</district>
        <sponsorshipWithdrawnDate />
        <fullName>Rep. Evans, Dwight [D-PA-2]</fullName>
        <bioguideId>E000296</bioguideId>
        <lastName>Evans</lastName>
        <state>PA</state>
      </item>
      <item>
        <isOriginalCosponsor>True</isOriginalCosponsor>
        <middleName>J.</middleName>
        <sponsorshipDate>2017-06-15</sponsorshipDate>
        <firstName>Norma</firstName>
        <party>D</party>
        <identifiers>
          <bioguideId>T000474</bioguideId>
          <lisID>2231</lisID>
          <gpoId />
        </identifiers>
        <district>35</district>
        <sponsorshipWithdrawnDate />
        <fullName>Rep. Torres, Norma J. [D-CA-35]</fullName>
        <bioguideId>T000474</bioguideId>
        <lastName>Torres</lastName>
        <state>CA</state>
      </item>
      <item>
        <isOriginalCosponsor>True</isOriginalCosponsor>
        <middleName />
        <sponsorshipDate>2017-06-15</sponsorshipDate>
        <firstName>Brian</firstName>
        <party>D</party>
        <identifiers>
          <gpoId>8088</gpoId>
          <lisID>1794</lisID>
          <bioguideId>H001038</bioguideId>
        </identifiers>
        <district>26</district>
        <sponsorshipWithdrawnDate />
        <fullName>Rep. Higgins, Brian [D-NY-26]</fullName>
        <bioguideId>H001038</bioguideId>
        <lastName>Higgins</lastName>
        <state>NY</state>
      </item>
      <item>
        <isOriginalCosponsor>True</isOriginalCosponsor>
        <middleName />
        <sponsorshipDate>2017-06-15</sponsorshipDate>
        <firstName>ZOE</firstName>
        <party>D</party>
        <identifiers>
          <lisID>701</lisID>
          <bioguideId>L000397</bioguideId>
          <gpoId>7821</gpoId>
        </identifiers>
        <district>19</district>
        <sponsorshipWithdrawnDate />
        <fullName>Rep. Lofgren, Zoe [D-CA-19]</fullName>
        <bioguideId>L000397</bioguideId>
        <lastName>LOFGREN</lastName>
        <state>CA</state>
      </item>
      <item>
        <isOriginalCosponsor>True</isOriginalCosponsor>
        <middleName>Donald</middleName>
        <sponsorshipDate>2017-06-15</sponsorshipDate>
        <firstName>A.</firstName>
        <party>D</party>
        <identifiers>
          <lisID>2352</lisID>
          <gpoId />
          <bioguideId>M001200</bioguideId>
        </identifiers>
        <district>4</district>
        <sponsorshipWithdrawnDate />
        <fullName>Rep. McEachin, A. Donald [D-VA-4]</fullName>
        <bioguideId>M001200</bioguideId>
        <lastName>McEachin</lastName>
        <state>VA</state>
      </item>
      <item>
        <isOriginalCosponsor>True</isOriginalCosponsor>
        <middleName />
        <sponsorshipDate>2017-06-15</sponsorshipDate>
        <firstName>Al</firstName>
        <party>D</party>
        <identifiers>
          <lisID>2317</lisID>
          <bioguideId>L000586</bioguideId>
          <gpoId />
        </identifiers>
        <district>5</district>
        <sponsorshipWithdrawnDate />
        <fullName>Rep. Lawson, Al, Jr. [D-FL-5]</fullName>
        <bioguideId>L000586</bioguideId>
        <lastName>Lawson</lastName>
        <state>FL</state>
      </item>
      <item>
        <isOriginalCosponsor>True</isOriginalCosponsor>
        <middleName>E.</middleName>
        <sponsorshipDate>2017-06-15</sponsorshipDate>
        <firstName>ELIJAH</firstName>
        <party>D</party>
        <identifiers>
          <bioguideId>C000984</bioguideId>
          <gpoId>7982</gpoId>
          <lisID>256</lisID>
        </identifiers>
        <district>7</district>
        <sponsorshipWithdrawnDate />
        <fullName>Rep. Cummings, Elijah E. [D-MD-7]</fullName>
        <bioguideId>C000984</bioguideId>
        <lastName>CUMMINGS</lastName>
        <state>MD</state>
      </item>
      <item>
        <isOriginalCosponsor>True</isOriginalCosponsor>
        <middleName>D.</middleName>
        <sponsorshipDate>2017-06-15</sponsorshipDate>
        <firstName>Yvette</firstName>
        <party>D</party>
        <identifiers>
          <lisID>1864</lisID>
          <gpoId>8072</gpoId>
          <bioguideId>C001067</bioguideId>
        </identifiers>
        <district>9</district>
        <sponsorshipWithdrawnDate />
        <fullName>Rep. Clarke, Yvette D. [D-NY-9]</fullName>
        <bioguideId>C001067</bioguideId>
        <lastName>Clarke</lastName>
        <state>NY</state>
      </item>
      <item>
        <isOriginalCosponsor>True</isOriginalCosponsor>
        <middleName>K.</middleName>
        <sponsorshipDate>2017-06-15</sponsorshipDate>
        <firstName>DANNY</firstName>
        <party>D</party>
        <identifiers>
          <gpoId>7927</gpoId>
          <lisID>1477</lisID>
          <bioguideId>D000096</bioguideId>
        </identifiers>
        <district>7</district>
        <sponsorshipWithdrawnDate />
        <fullName>Rep. Davis, Danny K. [D-IL-7]</fullName>
        <bioguideId>D000096</bioguideId>
        <lastName>DAVIS</lastName>
        <state>IL</state>
      </item>
      <item>
        <isOriginalCosponsor>True</isOriginalCosponsor>
        <middleName />
        <sponsorshipDate>2017-06-15</sponsorshipDate>
        <firstName>David</firstName>
        <party>D</party>
        <identifiers>
          <bioguideId>S001157</bioguideId>
          <gpoId>7910</gpoId>
          <lisID>1722</lisID>
        </identifiers>
        <district>13</district>
        <sponsorshipWithdrawnDate />
        <fullName>Rep. Scott, David [D-GA-13]</fullName>
        <bioguideId>S001157</bioguideId>
        <lastName>Scott</lastName>
        <state>GA</state>
      </item>
      <item>
        <isOriginalCosponsor>True</isOriginalCosponsor>
        <middleName>M.</middleName>
        <sponsorshipDate>2017-06-15</sponsorshipDate>
        <firstName>SANDER</firstName>
        <party>D</party>
        <identifiers>
          <bioguideId>L000263</bioguideId>
          <lisID>683</lisID>
          <gpoId>7997</gpoId>
        </identifiers>
        <district>9</district>
        <sponsorshipWithdrawnDate />
        <fullName>Rep. Levin, Sander M. [D-MI-9]</fullName>
        <bioguideId>L000263</bioguideId>
        <lastName>LEVIN</lastName>
        <state>MI</state>
      </item>
      <item>
        <isOriginalCosponsor>True</isOriginalCosponsor>
        <middleName>L.</middleName>
        <sponsorshipDate>2017-06-15</sponsorshipDate>
        <firstName>Brenda</firstName>
        <party>D</party>
        <identifiers>
          <gpoId />
          <lisID>2252</lisID>
          <bioguideId>L000581</bioguideId>
        </identifiers>
        <district>14</district>
        <sponsorshipWithdrawnDate />
        <fullName>Rep. Lawrence, Brenda L. [D-MI-14]</fullName>
        <bioguideId>L000581</bioguideId>
        <lastName>Lawrence</lastName>
        <state>MI</state>
      </item>
      <item>
        <isOriginalCosponsor>True</isOriginalCosponsor>
        <middleName>M.</middleName>
        <sponsorshipDate>2017-06-15</sponsorshipDate>
        <firstName>Raul</firstName>
        <party>D</party>
        <identifiers>
          <lisID>1708</lisID>
          <bioguideId>G000551</bioguideId>
          <gpoId>7804</gpoId>
        </identifiers>
        <district>3</district>
        <sponsorshipWithdrawnDate />
        <fullName>Rep. Grijalva, Raul M. [D-AZ-3]</fullName>
        <bioguideId>G000551</bioguideId>
        <lastName>Grijalva</lastName>
        <state>AZ</state>
      </item>
      <item>
        <isOriginalCosponsor>True</isOriginalCosponsor>
        <middleName>S.</middleName>
        <sponsorshipDate>2017-06-15</sponsorshipDate>
        <firstName>Frederica</firstName>
        <party>D</party>
        <identifiers>
          <bioguideId>W000808</bioguideId>
          <lisID>2004</lisID>
          <gpoId>7889</gpoId>
        </identifiers>
        <district>24</district>
        <sponsorshipWithdrawnDate />
        <fullName>Rep. Wilson, Frederica S. [D-FL-24]</fullName>
        <bioguideId>W000808</bioguideId>
        <lastName>Wilson</lastName>
        <state>FL</state>
      </item>
      <item>
        <isOriginalCosponsor>True</isOriginalCosponsor>
        <middleName>L.</middleName>
        <sponsorshipDate>2017-06-15</sponsorshipDate>
        <firstName>Robin</firstName>
        <party>D</party>
        <identifiers>
          <lisID>2190</lisID>
          <bioguideId>K000385</bioguideId>
          <gpoId />
        </identifiers>
        <district>2</district>
        <sponsorshipWithdrawnDate />
        <fullName>Rep. Kelly, Robin L. [D-IL-2]</fullName>
        <bioguideId>K000385</bioguideId>
        <lastName>Kelly</lastName>
        <state>IL</state>
      </item>
      <item>
        <isOriginalCosponsor>True</isOriginalCosponsor>
        <middleName />
        <sponsorshipDate>2017-06-15</sponsorshipDate>
        <firstName>Al</firstName>
        <party>D</party>
        <identifiers>
          <bioguideId>G000553</bioguideId>
          <lisID>1803</lisID>
          <gpoId>8165</gpoId>
        </identifiers>
        <district>9</district>
        <sponsorshipWithdrawnDate />
        <fullName>Rep. Green, Al [D-TX-9]</fullName>
        <bioguideId>G000553</bioguideId>
        <lastName>Green</lastName>
        <state>TX</state>
      </item>
      <item>
        <isOriginalCosponsor>True</isOriginalCosponsor>
        <middleName />
        <sponsorshipDate>2017-06-15</sponsorshipDate>
        <firstName>Juan</firstName>
        <party>D</party>
        <identifiers>
          <lisID>2112</lisID>
          <bioguideId>V000130</bioguideId>
          <gpoId />
        </identifiers>
        <district>51</district>
        <sponsorshipWithdrawnDate />
        <fullName>Rep. Vargas, Juan [D-CA-51]</fullName>
        <bioguideId>V000130</bioguideId>
        <lastName>Vargas</lastName>
        <state>CA</state>
      </item>
      <item>
        <isOriginalCosponsor>False</isOriginalCosponsor>
        <middleName />
        <sponsorshipDate>2017-06-16</sponsorshipDate>
        <firstName>Donald</firstName>
        <party>D</party>
        <identifiers>
          <lisID>2202</lisID>
          <gpoId />
          <bioguideId>N000188</bioguideId>
        </identifiers>
        <district>1</district>
        <sponsorshipWithdrawnDate />
        <fullName>Rep. Norcross, Donald [D-NJ-1]</fullName>
        <bioguideId>N000188</bioguideId>
        <lastName>Norcross</lastName>
        <state>NJ</state>
      </item>
      <item>
        <isOriginalCosponsor>False</isOriginalCosponsor>
        <middleName />
        <sponsorshipDate>2017-06-16</sponsorshipDate>
        <firstName>ADAM</firstName>
        <party>D</party>
        <identifiers>
          <gpoId>8213</gpoId>
          <bioguideId>S000510</bioguideId>
          <lisID>1528</lisID>
        </identifiers>
        <district>9</district>
        <sponsorshipWithdrawnDate />
        <fullName>Rep. Smith, Adam [D-WA-9]</fullName>
        <bioguideId>S000510</bioguideId>
        <lastName>SMITH</lastName>
        <state>WA</state>
      </item>
      <item>
        <isOriginalCosponsor>False</isOriginalCosponsor>
        <middleName />
        <sponsorshipDate>2017-06-16</sponsorshipDate>
        <firstName>RICK</firstName>
        <party>D</party>
        <identifiers>
          <lisID>1675</lisID>
          <bioguideId>L000560</bioguideId>
          <gpoId>8206</gpoId>
        </identifiers>
        <district>2</district>
        <sponsorshipWithdrawnDate />
        <fullName>Rep. Larsen, Rick [D-WA-2]</fullName>
        <bioguideId>L000560</bioguideId>
        <lastName>LARSEN</lastName>
        <state>WA</state>
      </item>
      <item>
        <isOriginalCosponsor>False</isOriginalCosponsor>
        <middleName />
        <sponsorshipDate>2017-06-16</sponsorshipDate>
        <firstName>GENE</firstName>
        <party>D</party>
        <identifiers>
          <lisID>462</lisID>
          <bioguideId>G000410</bioguideId>
          <gpoId>8185</gpoId>
        </identifiers>
        <district>29</district>
        <sponsorshipWithdrawnDate />
        <fullName>Rep. Green, Gene [D-TX-29]</fullName>
        <bioguideId>G000410</bioguideId>
        <lastName>GREEN</lastName>
        <state>TX</state>
      </item>
      <item>
        <isOriginalCosponsor>False</isOriginalCosponsor>
        <middleName />
        <sponsorshipDate>2017-06-16</sponsorshipDate>
        <firstName>Mark</firstName>
        <party>D</party>
        <identifiers>
          <lisID>2227</lisID>
          <bioguideId>D000623</bioguideId>
          <gpoId />
        </identifiers>
        <district>11</district>
        <sponsorshipWithdrawnDate />
        <fullName>Rep. DeSaulnier, Mark [D-CA-11]</fullName>
        <bioguideId>D000623</bioguideId>
        <lastName>DeSaulnier</lastName>
        <state>CA</state>
      </item>
      <item>
        <isOriginalCosponsor>False</isOriginalCosponsor>
        <middleName />
        <sponsorshipDate>2017-06-16</sponsorshipDate>
        <firstName>Beto</firstName>
        <party>D</party>
        <identifiers>
          <bioguideId>O000170</bioguideId>
          <lisID>2162</lisID>
          <gpoId />
        </identifiers>
        <district>16</district>
        <sponsorshipWithdrawnDate />
        <fullName>Rep. O'Rourke, Beto [D-TX-16]</fullName>
        <bioguideId>O000170</bioguideId>
        <lastName>O'Rourke</lastName>
        <state>TX</state>
      </item>
      <item>
        <isOriginalCosponsor>False</isOriginalCosponsor>
        <middleName />
        <sponsorshipDate>2017-06-16</sponsorshipDate>
        <firstName>Adriano</firstName>
        <party>D</party>
        <identifiers>
          <lisID>2342</lisID>
          <bioguideId>E000297</bioguideId>
          <gpoId />
        </identifiers>
        <district>13</district>
        <sponsorshipWithdrawnDate />
        <fullName>Rep. Espaillat, Adriano [D-NY-13]</fullName>
        <bioguideId>E000297</bioguideId>
        <lastName>Espaillat</lastName>
        <state>NY</state>
      </item>
    </cosponsors>
  </bill>
  <dublinCore xmlns:dc="http://purl.org/dc/elements/1.1/">
    <dc:format>text/xml</dc:format>
    <dc:language>EN</dc:language>
    <dc:rights>Pursuant to Title 17 Section 105 of the United States Code, this file is not subject to copyright protection and is in the public domain.</dc:rights>
    <dc:contributor>Congressional Research Service, Library of Congress</dc:contributor>
    <dc:description>This file contains bill summaries and statuses for federal legislation. A bill summary describes the most significant provisions of a piece of legislation and details the effects the legislative text may have on current law and federal programs. Bill summaries are authored by the Congressional Research Service (CRS) of the Library of Congress. As stated in Public Law 91-510 (2 USC 166 (d)(6)), one of the duties of CRS is "to prepare summaries and digests of bills and resolutions of a public general nature introduced in the Senate or House of Representatives". For more information, refer to the User Guide that accompanies this file.</dc:description>
  </dublinCore>
</billStatus>

