<?xml version="1.0" encoding="UTF-8"?>
<billStatus>
  <bill>
    <committeeReports>
      <committeeReport>
        <citation>H. Rept. 115-196</citation>
      </committeeReport>
    </committeeReports>
    <laws />
    <notes />
    <calendarNumbers>
      <item>
        <number />
        <calendar>H00061</calendar>
      </item>
    </calendarNumbers>
    <updateDate>2018-02-22T15:26:52Z</updateDate>
    <cosponsors />
    <billNumber>415</billNumber>
    <policyArea>
      <name>Congress</name>
    </policyArea>
    <committees>
      <billCommittees>
        <item>
          <systemCode>hsru00</systemCode>
          <chamber>House</chamber>
          <type>Standing</type>
          <name>Rules Committee</name>
          <subcommittees />
          <activities>
            <item>
              <date>2017-06-27T21:23:47Z</date>
              <name>Reported original measure</name>
            </item>
          </activities>
        </item>
      </billCommittees>
    </committees>
    <title>Providing for consideration of the bill (H.R. 3004) to amend section 276 of the Immigration and Nationality Act relating to reentry of removed aliens, and providing for proceedings during the period from July 3, 2017, through July 10, 2017.</title>
    <sponsors>
      <item>
        <lastName>SESSIONS</lastName>
        <firstName>PETE</firstName>
        <identifiers>
          <bioguideId>S000250</bioguideId>
          <lisID>1525</lisID>
          <gpoId>8188</gpoId>
        </identifiers>
        <party>R</party>
        <district>32</district>
        <middleName />
        <state>TX</state>
        <bioguideId>S000250</bioguideId>
        <byRequestType />
        <fullName>Rep. Sessions, Pete [R-TX-32]</fullName>
      </item>
    </sponsors>
    <constitutionalAuthorityStatementText />
    <latestAction>
      <actionDate>2017-06-29</actionDate>
      <actionTime>14:05:39</actionTime>
      <text>Motion to reconsider laid on the table Agreed to without objection.</text>
      <links />
    </latestAction>
    <createDate>2017-06-28T03:11:33Z</createDate>
    <billType>HRES</billType>
    <actions>
      <actionTypeCounts>
        <motionToReconsiderResults>1</motionToReconsiderResults>
        <houseCalendarAssignment>1</houseCalendarAssignment>
        <generalDebate>1</generalDebate>
        <passageOfAMeasure>1</passageOfAMeasure>
        <motionForPreviousQuestion>1</motionForPreviousQuestion>
        <reportedToHouse>1</reportedToHouse>
        <passedAgreedToInHouse>1</passedAgreedToInHouse>
        <introducedInHouse>1</introducedInHouse>
        <considerationByHouse>1</considerationByHouse>
        <provisionsOfARule>1</provisionsOfARule>
        <committeeReportOfAnOriginalMeasure>1</committeeReportOfAnOriginalMeasure>
      </actionTypeCounts>
      <item>
        <actionTime>14:05:39</actionTime>
        <links />
        <committee />
        <type>Floor</type>
        <actionCode>H38310</actionCode>
        <actionDate>2017-06-29</actionDate>
        <sourceSystem>
          <code>2</code>
          <name>House floor actions</name>
        </sourceSystem>
        <text>Motion to reconsider laid on the table Agreed to without objection.</text>
      </item>
      <item>
        <actionTime>14:05:37</actionTime>
        <links>
          <link>
            <name>H5308</name>
            <url>https://www.congress.gov/congressional-record/volume-163/house-section/page/H5308</url>
          </link>
          <link>
            <name>Roll no. 340</name>
            <url>http://clerk.house.gov/evs/2017/roll340.xml</url>
          </link>
        </links>
        <committee />
        <type>Floor</type>
        <actionCode>H37100</actionCode>
        <actionDate>2017-06-29</actionDate>
        <sourceSystem>
          <code>2</code>
          <name>House floor actions</name>
        </sourceSystem>
        <text>On agreeing to the resolution Agreed to by recorded vote: 236 - 191 (Roll no. 340). (text: CR H5308)</text>
      </item>
      <item>
        <actionTime>14:05:37</actionTime>
        <links>
          <link>
            <name>Roll no. 340</name>
            <url>http://clerk.house.gov/evs/2017/roll340.xml</url>
          </link>
        </links>
        <committee />
        <type>Floor</type>
        <actionCode>8000</actionCode>
        <actionDate>2017-06-29</actionDate>
        <sourceSystem>
          <code>9</code>
          <name>Library of Congress</name>
        </sourceSystem>
        <text>Passed/agreed to in House: On agreeing to the resolution Agreed to by recorded vote: 236 - 191 (Roll no. 340).</text>
      </item>
      <item>
        <actionTime>13:58:27</actionTime>
        <links>
          <link>
            <name>H5316</name>
            <url>https://www.congress.gov/congressional-record/volume-163/house-section/page/H5316</url>
          </link>
          <link>
            <name>Roll no. 339</name>
            <url>http://clerk.house.gov/evs/2017/roll339.xml</url>
          </link>
        </links>
        <committee />
        <type>Floor</type>
        <actionCode>H35000</actionCode>
        <actionDate>2017-06-29</actionDate>
        <sourceSystem>
          <code>2</code>
          <name>House floor actions</name>
        </sourceSystem>
        <text>On ordering the previous question Agreed to by the Yeas and Nays: 235 - 190 (Roll no. 339). (consideration: CR H5316)</text>
      </item>
      <item>
        <actionTime>12:27:33</actionTime>
        <links>
          <link>
            <name>H. Res. 415</name>
            <url>https://www.congress.gov/bill/115th-congress/house-resolution/415</url>
          </link>
        </links>
        <committee />
        <type>Floor</type>
        <actionCode>H8D000</actionCode>
        <actionDate>2017-06-29</actionDate>
        <sourceSystem>
          <code>2</code>
          <name>House floor actions</name>
        </sourceSystem>
        <text>DEBATE - The House proceeded with one hour of debate on H. Res. 415.</text>
      </item>
      <item>
        <actionTime>12:25:17</actionTime>
        <links>
          <link>
            <name>H5308-5316</name>
            <url>https://www.congress.gov/congressional-record/volume-163/house-section/page/H5308-5316</url>
          </link>
        </links>
        <committee />
        <type>Floor</type>
        <actionCode>H30000</actionCode>
        <actionDate>2017-06-29</actionDate>
        <sourceSystem>
          <code>2</code>
          <name>House floor actions</name>
        </sourceSystem>
        <text>Considered as privileged matter. (consideration: CR H5308-5316)</text>
      </item>
      <item>
        <links />
        <committee />
        <type>Calendars</type>
        <actionCode>H12420</actionCode>
        <actionDate>2017-06-27</actionDate>
        <sourceSystem>
          <code>2</code>
          <name>House floor actions</name>
        </sourceSystem>
        <text>Placed on the House Calendar, Calendar No. 61.</text>
      </item>
      <item>
        <actionTime>17:23:48</actionTime>
        <links />
        <committee />
        <type>Floor</type>
        <actionCode>H12700</actionCode>
        <actionDate>2017-06-27</actionDate>
        <sourceSystem>
          <code>2</code>
          <name>House floor actions</name>
        </sourceSystem>
        <text>Providing for adjournment for the period of July 3, 2017 through July 10, 2017.</text>
      </item>
      <item>
        <links>
          <link>
            <name>H. Rept. 115-196</name>
            <url>https://www.congress.gov/congressional-report/115th-congress/house-report/196</url>
          </link>
        </links>
        <committee>
          <name>Rules Committee</name>
          <systemCode>hsru00</systemCode>
        </committee>
        <type>Committee</type>
        <actionCode>H12100</actionCode>
        <actionDate>2017-06-27</actionDate>
        <sourceSystem>
          <code>2</code>
          <name>House floor actions</name>
        </sourceSystem>
        <text>The House Committee on Rules reported an original measure, H. Rept. 115-196, by Mr. Sessions.</text>
      </item>
      <item>
        <links>
          <link>
            <name>H. Rept. 115-196</name>
            <url>https://www.congress.gov/congressional-report/115th-congress/house-report/196</url>
          </link>
        </links>
        <committee>
          <name>Rules Committee</name>
          <systemCode>hsru00</systemCode>
        </committee>
        <type>Committee</type>
        <actionCode>5000</actionCode>
        <actionDate>2017-06-27</actionDate>
        <sourceSystem>
          <code>9</code>
          <name>Library of Congress</name>
        </sourceSystem>
        <text>The House Committee on Rules reported an original measure, H. Rept. 115-196, by Mr. Sessions.</text>
      </item>
      <item>
        <links />
        <committee />
        <type>IntroReferral</type>
        <actionCode>1000</actionCode>
        <actionDate>2017-06-27</actionDate>
        <sourceSystem>
          <code>9</code>
          <name>Library of Congress</name>
        </sourceSystem>
        <text>Introduced in House</text>
      </item>
      <actionByCounts>
        <houseOfRepresentatives>11</houseOfRepresentatives>
      </actionByCounts>
    </actions>
    <subjects>
      <billSubjects>
        <legislativeSubjects>
          <item>
            <name>House of Representatives</name>
          </item>
          <item>
            <name>Legislative rules and procedure</name>
          </item>
        </legislativeSubjects>
        <policyArea>
          <name>Congress</name>
        </policyArea>
      </billSubjects>
    </subjects>
    <originChamber>House</originChamber>
    <introducedDate>2017-06-27</introducedDate>
    <relatedBills>
      <item>
        <latestTitle>Kate's Law</latestTitle>
        <type>HR</type>
        <latestAction>
          <actionDate>2017-07-10</actionDate>
          <text>Received in the Senate.</text>
        </latestAction>
        <number>3004</number>
        <congress>115</congress>
        <relationshipDetails>
          <item>
            <type>Procedurally-related</type>
            <identifiedBy>House</identifiedBy>
          </item>
        </relationshipDetails>
      </item>
    </relatedBills>
    <version>1.0.0</version>
    <recordedVotes>
      <recordedVote>
        <url>http://clerk.house.gov/evs/2017/roll340.xml</url>
        <sessionNumber>1</sessionNumber>
        <rollNumber>340</rollNumber>
        <fullActionName>Passage of a Measure</fullActionName>
        <date>2017-06-29T18:05:37Z</date>
        <chamber>House</chamber>
        <congress>115</congress>
      </recordedVote>
      <recordedVote>
        <url>http://clerk.house.gov/evs/2017/roll339.xml</url>
        <sessionNumber>1</sessionNumber>
        <rollNumber>339</rollNumber>
        <fullActionName>Motion for Previous Question</fullActionName>
        <date>2017-06-29T17:58:27Z</date>
        <chamber>House</chamber>
        <congress>115</congress>
      </recordedVote>
    </recordedVotes>
    <titles>
      <item>
        <title>Providing for consideration of the bill (H.R. 3004) to amend section 276 of the Immigration and Nationality Act relating to reentry of removed aliens, and providing for proceedings during the period from July 3, 2017, through July 10, 2017.</title>
        <parentTitleType />
        <titleType>Official Title as Introduced</titleType>
        <chamberCode />
        <chamberName />
      </item>
      <item>
        <title>Providing for consideration of the bill (H.R. 3004) to amend section 276 of the Immigration and Nationality Act relating to reentry of removed aliens, and providing for proceedings during the period from July 3, 2017, through July 10, 2017.</title>
        <parentTitleType />
        <titleType>Display Title</titleType>
        <chamberCode />
        <chamberName />
      </item>
    </titles>
    <cboCostEstimates />
    <summaries>
      <billSummaries>
        <item>
          <actionDate>2017-06-27</actionDate>
          <name>Introduced in House</name>
          <versionCode>00</versionCode>
          <actionDesc>Introduced in House</actionDesc>
          <lastSummaryUpdateDate>2017-06-28T08:05:22Z</lastSummaryUpdateDate>
          <text><![CDATA[Sets forth the rule for consideration of the bill (H.R. 3004) to amend section 276 of the Immigration and Nationality Act relating to reentry of removed aliens, and providing for proceedings during the period from July 3, 2017, through July 10, 2017.]]></text>
          <updateDate>2017-06-27T04:00:00Z</updateDate>
        </item>
      </billSummaries>
    </summaries>
    <amendments />
    <congress>115</congress>
  </bill>
  <dublinCore xmlns:dc="http://purl.org/dc/elements/1.1/">
    <dc:format>text/xml</dc:format>
    <dc:language>EN</dc:language>
    <dc:rights>Pursuant to Title 17 Section 105 of the United States Code, this file is not subject to copyright protection and is in the public domain.</dc:rights>
    <dc:contributor>Congressional Research Service, Library of Congress</dc:contributor>
    <dc:description>This file contains bill summaries and statuses for federal legislation. A bill summary describes the most significant provisions of a piece of legislation and details the effects the legislative text may have on current law and federal programs. Bill summaries are authored by the Congressional Research Service (CRS) of the Library of Congress. As stated in Public Law 91-510 (2 USC 166 (d)(6)), one of the duties of CRS is "to prepare summaries and digests of bills and resolutions of a public general nature introduced in the Senate or House of Representatives". For more information, refer to the User Guide that accompanies this file.</dc:description>
  </dublinCore>
</billStatus>

