<?xml version="1.0" encoding="UTF-8"?>
<billStatus>
  <bill>
    <billNumber>156</billNumber>
    <committeeReports>
      <committeeReport>
        <citation>H. Rept. 115-21</citation>
      </committeeReport>
    </committeeReports>
    <originChamber>House</originChamber>
    <cboCostEstimates />
    <createDate>2017-03-01T05:20:49Z</createDate>
    <titles>
      <item>
        <chamberName />
        <title>Providing for consideration of the bill (H.R. 1004) to amend chapter 3 of title 5, United States Code, to require the publication of information relating to pending agency regulatory actions, and for other purposes, and providing for consideration of the bill (H.R. 1009) to amend title 44, United States Code, to require the Administrator of the Office of Information and Regulatory Affairs to review regulations, and for other purposes.</title>
        <titleType>Official Title as Introduced</titleType>
        <chamberCode />
        <parentTitleType />
      </item>
      <item>
        <chamberName />
        <title>Providing for consideration of the bill (H.R. 1004) to amend chapter 3 of title 5, United States Code, to require the publication of information relating to pending agency regulatory actions, and for other purposes, and providing for consideration of the bill (H.R. 1009) to amend title 44, United States Code, to require the Administrator of the Office of Information and Regulatory Affairs to review regulations, and for other purposes.</title>
        <titleType>Display Title</titleType>
        <chamberCode />
        <parentTitleType />
      </item>
    </titles>
    <updateDate>2018-02-22T15:26:48Z</updateDate>
    <notes />
    <subjects>
      <billSubjects>
        <policyArea>
          <name>Congress</name>
        </policyArea>
        <legislativeSubjects>
          <item>
            <name>House of Representatives</name>
          </item>
          <item>
            <name>Legislative rules and procedure</name>
          </item>
        </legislativeSubjects>
      </billSubjects>
    </subjects>
    <constitutionalAuthorityStatementText />
    <relatedBills>
      <item>
        <relationshipDetails>
          <item>
            <identifiedBy>House</identifiedBy>
            <type>Procedurally-related</type>
          </item>
          <item>
            <identifiedBy>House</identifiedBy>
            <type>Related bill</type>
          </item>
        </relationshipDetails>
        <type>HR</type>
        <latestAction>
          <actionDate>2017-03-02</actionDate>
          <text>Received in the Senate and Read twice and referred to the Committee on Homeland Security and Governmental Affairs.</text>
        </latestAction>
        <congress>115</congress>
        <latestTitle>Regulatory Integrity Act of 2017</latestTitle>
        <number>1004</number>
      </item>
      <item>
        <relationshipDetails>
          <item>
            <identifiedBy>House</identifiedBy>
            <type>Procedurally-related</type>
          </item>
        </relationshipDetails>
        <type>HR</type>
        <latestAction>
          <actionDate>2017-03-02</actionDate>
          <text>Received in the Senate and Read twice and referred to the Committee on Homeland Security and Governmental Affairs.</text>
        </latestAction>
        <congress>115</congress>
        <latestTitle>OIRA Insight, Reform, and Accountability Act</latestTitle>
        <number>1009</number>
      </item>
    </relatedBills>
    <laws />
    <congress>115</congress>
    <calendarNumbers>
      <item>
        <calendar>H00014</calendar>
        <number />
      </item>
    </calendarNumbers>
    <introducedDate>2017-02-28</introducedDate>
    <policyArea>
      <name>Congress</name>
    </policyArea>
    <version>1.0.0</version>
    <billType>HRES</billType>
    <committees>
      <billCommittees>
        <item>
          <subcommittees />
          <type>Standing</type>
          <name>Rules Committee</name>
          <activities>
            <item>
              <name>Reported original measure</name>
              <date>2017-02-28T21:34:25Z</date>
            </item>
          </activities>
          <chamber>House</chamber>
          <systemCode>hsru00</systemCode>
        </item>
      </billCommittees>
    </committees>
    <actions>
      <actionByCounts>
        <houseOfRepresentatives>13</houseOfRepresentatives>
      </actionByCounts>
      <actionTypeCounts>
        <introducedInHouse>1</introducedInHouse>
        <houseCalendarAssignment>1</houseCalendarAssignment>
        <motionForPreviousQuestion>1</motionForPreviousQuestion>
        <motionToReconsiderResults>1</motionToReconsiderResults>
        <considerationByHouse>2</considerationByHouse>
        <reportedToHouse>1</reportedToHouse>
        <passageOfAMeasure>1</passageOfAMeasure>
        <passedAgreedToInHouse>1</passedAgreedToInHouse>
        <generalDebate>2</generalDebate>
        <provisionsOfARule>1</provisionsOfARule>
        <committeeReportOfAnOriginalMeasure>1</committeeReportOfAnOriginalMeasure>
      </actionTypeCounts>
      <item>
        <committee />
        <links />
        <sourceSystem>
          <code>2</code>
          <name>House floor actions</name>
        </sourceSystem>
        <text>Motion to reconsider laid on the table Agreed to without objection.</text>
        <actionCode>H38310</actionCode>
        <actionDate>2017-03-01</actionDate>
        <actionTime>15:21:48</actionTime>
        <type>Floor</type>
      </item>
      <item>
        <committee />
        <links>
          <link>
            <url>http://clerk.house.gov/evs/2017/roll116.xml</url>
            <name>Roll no. 116</name>
          </link>
        </links>
        <sourceSystem>
          <code>2</code>
          <name>House floor actions</name>
        </sourceSystem>
        <text>On agreeing to the resolution Agreed to by recorded vote: 234 - 180 (Roll no. 116). (text: CR 1403-1404)</text>
        <actionCode>H37100</actionCode>
        <actionDate>2017-03-01</actionDate>
        <actionTime>15:21:47</actionTime>
        <type>Floor</type>
      </item>
      <item>
        <committee />
        <links>
          <link>
            <url>http://clerk.house.gov/evs/2017/roll116.xml</url>
            <name>Roll no. 116</name>
          </link>
        </links>
        <sourceSystem>
          <code>9</code>
          <name>Library of Congress</name>
        </sourceSystem>
        <text>Passed/agreed to in House: On agreeing to the resolution Agreed to by recorded vote: 234 - 180 (Roll no. 116).(text: CR 1403-1404)</text>
        <actionCode>8000</actionCode>
        <actionDate>2017-03-01</actionDate>
        <actionTime>15:21:47</actionTime>
        <type>Floor</type>
      </item>
      <item>
        <committee />
        <links>
          <link>
            <url>https://www.congress.gov/congressional-record/volume-163/house-section/page/H1408</url>
            <name>H1408</name>
          </link>
          <link>
            <url>https://www.congress.gov/congressional-record/volume-163/house-section/page/H1419-1420</url>
            <name>H1419-1420</name>
          </link>
          <link>
            <url>http://clerk.house.gov/evs/2017/roll115.xml</url>
            <name>Roll no. 115</name>
          </link>
        </links>
        <sourceSystem>
          <code>2</code>
          <name>House floor actions</name>
        </sourceSystem>
        <text>On ordering the previous question Agreed to by the Yeas and Nays: 233 - 189 (Roll no. 115). (consideration: CR H1408, H1419-1420)</text>
        <actionCode>H35000</actionCode>
        <actionDate>2017-03-01</actionDate>
        <actionTime>15:14:56</actionTime>
        <type>Floor</type>
      </item>
      <item>
        <committee />
        <links>
          <link>
            <url>https://www.congress.gov/congressional-record/volume-163/house-section/page/H1419-1421</url>
            <name>H1419-1421</name>
          </link>
        </links>
        <sourceSystem>
          <code>2</code>
          <name>House floor actions</name>
        </sourceSystem>
        <text>Considered as unfinished business. (consideration: CR H1419-1421)</text>
        <actionCode>H30000</actionCode>
        <actionDate>2017-03-01</actionDate>
        <actionTime>15:08:28</actionTime>
        <type>Floor</type>
      </item>
      <item>
        <committee />
        <links>
          <link>
            <url>https://www.congress.gov/bill/115th-congress/house-resolution/156</url>
            <name>H.Res. 156</name>
          </link>
        </links>
        <sourceSystem>
          <code>2</code>
          <name>House floor actions</name>
        </sourceSystem>
        <text>POSTPONED PROCEEDINGS - At the conclusion of debate on H.Res. 156, the Chair put the question on ordering the previous question and by voice vote, announced that the ayes had prevailed. Mr. Polis demanded the yeas and nays and the Chair postponed further proceedings on ordering the previous question until later in the legislative day.</text>
        <actionCode>H8D000</actionCode>
        <actionDate>2017-03-01</actionDate>
        <actionTime>13:07:26</actionTime>
        <type>Floor</type>
      </item>
      <item>
        <committee />
        <links>
          <link>
            <url>https://www.congress.gov/bill/115th-congress/house-resolution/156</url>
            <name>H. Res. 156</name>
          </link>
        </links>
        <sourceSystem>
          <code>2</code>
          <name>House floor actions</name>
        </sourceSystem>
        <text>DEBATE - The House proceeded with one hour of debate on H. Res. 156.</text>
        <actionCode>H8D000</actionCode>
        <actionDate>2017-03-01</actionDate>
        <actionTime>12:29:04</actionTime>
        <type>Floor</type>
      </item>
      <item>
        <committee />
        <links>
          <link>
            <url>https://www.congress.gov/congressional-record/volume-163/house-section/page/H1403-1408</url>
            <name>H1403-1408</name>
          </link>
        </links>
        <sourceSystem>
          <code>2</code>
          <name>House floor actions</name>
        </sourceSystem>
        <text>Considered as privileged matter. (consideration: CR H1403-1408)</text>
        <actionCode>H30000</actionCode>
        <actionDate>2017-03-01</actionDate>
        <actionTime>12:24:55</actionTime>
        <type>Floor</type>
      </item>
      <item>
        <committee />
        <links />
        <sourceSystem>
          <code>2</code>
          <name>House floor actions</name>
        </sourceSystem>
        <text>Placed on the House Calendar, Calendar No. 14.</text>
        <actionCode>H12420</actionCode>
        <actionDate>2017-02-28</actionDate>
        <type>Calendars</type>
      </item>
      <item>
        <committee />
        <links>
          <link>
            <url>https://www.congress.gov/bill/115th-congress/house-bill/1004</url>
            <name>H.R. 1004</name>
          </link>
          <link>
            <url>https://www.congress.gov/bill/115th-congress/house-bill/1009</url>
            <name>H.R. 1009</name>
          </link>
        </links>
        <sourceSystem>
          <code>2</code>
          <name>House floor actions</name>
        </sourceSystem>
        <text>Providing for consideration of H.R. 1004 and H.R. 1009.</text>
        <actionCode>H12700</actionCode>
        <actionDate>2017-02-28</actionDate>
        <actionTime>16:34:26</actionTime>
        <type>Floor</type>
      </item>
      <item>
        <committee>
          <systemCode>hsru00</systemCode>
          <name>Rules Committee</name>
        </committee>
        <links>
          <link>
            <url>https://www.congress.gov/congressional-report/115th-congress/house-report/21</url>
            <name>H. Rept. 115-21</name>
          </link>
        </links>
        <sourceSystem>
          <code>2</code>
          <name>House floor actions</name>
        </sourceSystem>
        <text>The House Committee on Rules reported an original measure, H. Rept. 115-21, by Mr. Sessions.</text>
        <actionCode>H12100</actionCode>
        <actionDate>2017-02-28</actionDate>
        <type>Committee</type>
      </item>
      <item>
        <committee>
          <systemCode>hsru00</systemCode>
          <name>Rules Committee</name>
        </committee>
        <links>
          <link>
            <url>https://www.congress.gov/congressional-report/115th-congress/house-report/21</url>
            <name>H. Rept. 115-21</name>
          </link>
        </links>
        <sourceSystem>
          <code>9</code>
          <name>Library of Congress</name>
        </sourceSystem>
        <text>The House Committee on Rules reported an original measure, H. Rept. 115-21, by Mr. Sessions.</text>
        <actionCode>5000</actionCode>
        <actionDate>2017-02-28</actionDate>
        <type>Committee</type>
      </item>
      <item>
        <committee />
        <links />
        <sourceSystem>
          <code>9</code>
          <name>Library of Congress</name>
        </sourceSystem>
        <text>Introduced in House</text>
        <actionCode>1000</actionCode>
        <actionDate>2017-02-28</actionDate>
        <type>IntroReferral</type>
      </item>
    </actions>
    <cosponsors />
    <recordedVotes>
      <recordedVote>
        <rollNumber>116</rollNumber>
        <url>http://clerk.house.gov/evs/2017/roll116.xml</url>
        <chamber>House</chamber>
        <congress>115</congress>
        <sessionNumber>1</sessionNumber>
        <fullActionName>Passage of a Measure</fullActionName>
        <date>2017-03-01T20:21:47Z</date>
      </recordedVote>
      <recordedVote>
        <rollNumber>115</rollNumber>
        <url>http://clerk.house.gov/evs/2017/roll115.xml</url>
        <chamber>House</chamber>
        <congress>115</congress>
        <sessionNumber>1</sessionNumber>
        <fullActionName>Motion for Previous Question</fullActionName>
        <date>2017-03-01T20:14:56Z</date>
      </recordedVote>
    </recordedVotes>
    <amendments />
    <summaries>
      <billSummaries>
        <item>
          <versionCode>00</versionCode>
          <actionDate>2017-02-28</actionDate>
          <lastSummaryUpdateDate>2017-03-01T09:03:34Z</lastSummaryUpdateDate>
          <updateDate>2017-02-28T05:00:00Z</updateDate>
          <actionDesc>Introduced in House</actionDesc>
          <text><![CDATA[Sets forth the rule for consideration of the bill (H.R. 1004) to amend chapter 3 of title 5, United States Code, to require the publication of information relating to pending agency regulatory actions, and for other purposes, and providing for consideration of the bill (H.R. 1009) to amend title 44, United States Code, to require the Administrator of the Office of Information and Regulatory Affairs to review regulations.]]></text>
          <name>Introduced in House</name>
        </item>
      </billSummaries>
    </summaries>
    <title>Providing for consideration of the bill (H.R. 1004) to amend chapter 3 of title 5, United States Code, to require the publication of information relating to pending agency regulatory actions, and for other purposes, and providing for consideration of the bill (H.R. 1009) to amend title 44, United States Code, to require the Administrator of the Office of Information and Regulatory Affairs to review regulations, and for other purposes.</title>
    <latestAction>
      <actionDate>2017-03-01</actionDate>
      <text>Motion to reconsider laid on the table Agreed to without objection.</text>
      <actionTime>15:21:48</actionTime>
      <links />
    </latestAction>
    <sponsors>
      <item>
        <byRequestType />
        <party>R</party>
        <middleName />
        <lastName>SESSIONS</lastName>
        <district>32</district>
        <bioguideId>S000250</bioguideId>
        <fullName>Rep. Sessions, Pete [R-TX-32]</fullName>
        <firstName>PETE</firstName>
        <identifiers>
          <bioguideId>S000250</bioguideId>
          <lisID>1525</lisID>
          <gpoId>8188</gpoId>
        </identifiers>
        <state>TX</state>
      </item>
    </sponsors>
  </bill>
  <dublinCore xmlns:dc="http://purl.org/dc/elements/1.1/">
    <dc:format>text/xml</dc:format>
    <dc:language>EN</dc:language>
    <dc:rights>Pursuant to Title 17 Section 105 of the United States Code, this file is not subject to copyright protection and is in the public domain.</dc:rights>
    <dc:contributor>Congressional Research Service, Library of Congress</dc:contributor>
    <dc:description>This file contains bill summaries and statuses for federal legislation. A bill summary describes the most significant provisions of a piece of legislation and details the effects the legislative text may have on current law and federal programs. Bill summaries are authored by the Congressional Research Service (CRS) of the Library of Congress. As stated in Public Law 91-510 (2 USC 166 (d)(6)), one of the duties of CRS is "to prepare summaries and digests of bills and resolutions of a public general nature introduced in the Senate or House of Representatives". For more information, refer to the User Guide that accompanies this file.</dc:description>
  </dublinCore>
</billStatus>

