<?xml version="1.0" encoding="UTF-8"?>
<billStatus>
  <bill>
    <createDate>2017-07-12T03:11:32Z</createDate>
    <billNumber>431</billNumber>
    <originChamber>House</originChamber>
    <cosponsors />
    <constitutionalAuthorityStatementText />
    <version>1.0.0</version>
    <laws />
    <sponsors>
      <item>
        <fullName>Rep. Byrne, Bradley [R-AL-1]</fullName>
        <party>R</party>
        <bioguideId>B001289</bioguideId>
        <lastName>Byrne</lastName>
        <middleName />
        <identifiers>
          <bioguideId>B001289</bioguideId>
          <gpoId />
          <lisID>2197</lisID>
        </identifiers>
        <firstName>Bradley</firstName>
        <state>AL</state>
        <byRequestType />
        <district>1</district>
      </item>
    </sponsors>
    <committeeReports>
      <committeeReport>
        <citation>H. Rept. 115-212</citation>
      </committeeReport>
    </committeeReports>
    <notes />
    <summaries>
      <billSummaries>
        <item>
          <actionDate>2017-07-11</actionDate>
          <versionCode>00</versionCode>
          <text><![CDATA[Sets forth the rule for consideration of the bill (H.R. 2810) to authorize appropriations for fiscal year 2018 for military activities of the Department of Defense and for military construction, to prescribe military personnel strengths for such fiscal year, and for other purposes, and providing for consideration of the bill (H.R. 23) to provide drought relief in the State of California.]]></text>
          <name>Introduced in House</name>
          <actionDesc>Introduced in House</actionDesc>
          <lastSummaryUpdateDate>2017-07-12T08:06:41Z</lastSummaryUpdateDate>
          <updateDate>2017-07-11T04:00:00Z</updateDate>
        </item>
      </billSummaries>
    </summaries>
    <introducedDate>2017-07-11</introducedDate>
    <cboCostEstimates />
    <relatedBills>
      <item>
        <latestTitle>National Defense Authorization Act for Fiscal Year 2018</latestTitle>
        <type>HR</type>
        <relationshipDetails>
          <item>
            <type>Related bill</type>
            <identifiedBy>House</identifiedBy>
          </item>
          <item>
            <type>Procedurally-related</type>
            <identifiedBy>House</identifiedBy>
          </item>
        </relationshipDetails>
        <latestAction>
          <text>Became Public Law No: 115-91.</text>
          <actionDate>2017-12-12</actionDate>
        </latestAction>
        <congress>115</congress>
        <number>2810</number>
      </item>
      <item>
        <latestTitle>Gaining Responsibility on Water Act of 2017</latestTitle>
        <type>HR</type>
        <relationshipDetails>
          <item>
            <type>Procedurally-related</type>
            <identifiedBy>House</identifiedBy>
          </item>
        </relationshipDetails>
        <latestAction>
          <text>Received in the Senate and Read twice and referred to the Committee on Energy and Natural Resources.</text>
          <actionDate>2017-07-18</actionDate>
        </latestAction>
        <congress>115</congress>
        <number>23</number>
      </item>
    </relatedBills>
    <committees>
      <billCommittees>
        <item>
          <subcommittees />
          <chamber>House</chamber>
          <activities>
            <item>
              <date>2017-07-12T01:22:28Z</date>
              <name>Reported original measure</name>
            </item>
          </activities>
          <type>Standing</type>
          <name>Rules Committee</name>
          <systemCode>hsru00</systemCode>
        </item>
      </billCommittees>
    </committees>
    <subjects>
      <billSubjects>
        <policyArea>
          <name>Congress</name>
        </policyArea>
        <legislativeSubjects>
          <item>
            <name>House of Representatives</name>
          </item>
          <item>
            <name>Legislative rules and procedure</name>
          </item>
        </legislativeSubjects>
      </billSubjects>
    </subjects>
    <policyArea>
      <name>Congress</name>
    </policyArea>
    <recordedVotes>
      <recordedVote>
        <date>2017-07-12T18:53:56Z</date>
        <fullActionName>Passage of a Measure</fullActionName>
        <rollNumber>348</rollNumber>
        <url>http://clerk.house.gov/evs/2017/roll348.xml</url>
        <congress>115</congress>
        <chamber>House</chamber>
        <sessionNumber>1</sessionNumber>
      </recordedVote>
      <recordedVote>
        <date>2017-07-12T18:46:16Z</date>
        <fullActionName>Motion for Previous Question</fullActionName>
        <rollNumber>347</rollNumber>
        <url>http://clerk.house.gov/evs/2017/roll347.xml</url>
        <congress>115</congress>
        <chamber>House</chamber>
        <sessionNumber>1</sessionNumber>
      </recordedVote>
    </recordedVotes>
    <latestAction>
      <actionDate>2017-07-12</actionDate>
      <text>Motion to reconsider laid on the table Agreed to without objection.</text>
      <links />
      <actionTime>14:53:57</actionTime>
    </latestAction>
    <titles>
      <item>
        <titleType>Official Title as Introduced</titleType>
        <chamberName />
        <title>Providing for consideration of the bill (H.R. 2810) to authorize appropriations for fiscal year 2018 for military activities of the Department of Defense and for military construction, to prescribe military personnel strengths for such fiscal year, and for other purposes, and providing for consideration of the bill (H.R. 23) to provide drought relief in the State of California, and for other purposes.</title>
        <chamberCode />
        <parentTitleType />
      </item>
      <item>
        <titleType>Display Title</titleType>
        <chamberName />
        <title>Providing for consideration of the bill (H.R. 2810) to authorize appropriations for fiscal year 2018 for military activities of the Department of Defense and for military construction, to prescribe military personnel strengths for such fiscal year, and for other purposes, and providing for consideration of the bill (H.R. 23) to provide drought relief in the State of California, and for other purposes.</title>
        <chamberCode />
        <parentTitleType />
      </item>
    </titles>
    <amendments />
    <billType>HRES</billType>
    <calendarNumbers>
      <item>
        <calendar>H00062</calendar>
        <number />
      </item>
    </calendarNumbers>
    <title>Providing for consideration of the bill (H.R. 2810) to authorize appropriations for fiscal year 2018 for military activities of the Department of Defense and for military construction, to prescribe military personnel strengths for such fiscal year, and for other purposes, and providing for consideration of the bill (H.R. 23) to provide drought relief in the State of California, and for other purposes.</title>
    <congress>115</congress>
    <updateDate>2018-02-22T15:26:52Z</updateDate>
    <actions>
      <actionByCounts>
        <houseOfRepresentatives>13</houseOfRepresentatives>
      </actionByCounts>
      <item>
        <actionDate>2017-07-12</actionDate>
        <text>Motion to reconsider laid on the table Agreed to without objection.</text>
        <actionTime>14:53:57</actionTime>
        <sourceSystem>
          <code>2</code>
          <name>House floor actions</name>
        </sourceSystem>
        <committee />
        <links />
        <actionCode>H38310</actionCode>
        <type>Floor</type>
      </item>
      <item>
        <actionDate>2017-07-12</actionDate>
        <text>On agreeing to the resolution Agreed to by recorded vote: 232 - 187 (Roll no. 348). (text: CR: H5444-5445)</text>
        <actionTime>14:53:56</actionTime>
        <sourceSystem>
          <code>2</code>
          <name>House floor actions</name>
        </sourceSystem>
        <committee />
        <links>
          <link>
            <url>https://www.congress.gov/congressional-record/volume-163/house-section/page/H5444-5445</url>
            <name>H5444-5445</name>
          </link>
          <link>
            <url>http://clerk.house.gov/evs/2017/roll348.xml</url>
            <name>Roll no. 348</name>
          </link>
        </links>
        <actionCode>H37100</actionCode>
        <type>Floor</type>
      </item>
      <item>
        <actionDate>2017-07-12</actionDate>
        <text>Passed/agreed to in House: On agreeing to the resolution Agreed to by recorded vote: 232 - 187 (Roll no. 348).</text>
        <actionTime>14:53:56</actionTime>
        <sourceSystem>
          <code>9</code>
          <name>Library of Congress</name>
        </sourceSystem>
        <committee />
        <links>
          <link>
            <url>http://clerk.house.gov/evs/2017/roll348.xml</url>
            <name>Roll no. 348</name>
          </link>
        </links>
        <actionCode>8000</actionCode>
        <type>Floor</type>
      </item>
      <item>
        <actionDate>2017-07-12</actionDate>
        <text>On ordering the previous question Agreed to by the Yeas and Nays: 234 - 183 (Roll no. 347). (consideration: CR H5483-5484)</text>
        <actionTime>14:46:16</actionTime>
        <sourceSystem>
          <code>2</code>
          <name>House floor actions</name>
        </sourceSystem>
        <committee />
        <links>
          <link>
            <url>https://www.congress.gov/congressional-record/volume-163/house-section/page/H5483-5484</url>
            <name>H5483-5484</name>
          </link>
          <link>
            <url>http://clerk.house.gov/evs/2017/roll347.xml</url>
            <name>Roll no. 347</name>
          </link>
        </links>
        <actionCode>H35000</actionCode>
        <type>Floor</type>
      </item>
      <item>
        <actionDate>2017-07-12</actionDate>
        <text>Considered as unfinished business. (consideration: CR H5483-5485)</text>
        <actionTime>14:22:19</actionTime>
        <sourceSystem>
          <code>2</code>
          <name>House floor actions</name>
        </sourceSystem>
        <committee />
        <links>
          <link>
            <url>https://www.congress.gov/congressional-record/volume-163/house-section/page/H5483-5485</url>
            <name>H5483-5485</name>
          </link>
        </links>
        <actionCode>H30000</actionCode>
        <type>Floor</type>
      </item>
      <item>
        <actionDate>2017-07-12</actionDate>
        <text>POSTPONED PROCEEDINGS - At the conclusion of debate on H. Res. 431, the Chair put the question on ordering the previous question, and by voice vote announced that the ayes prevailed. Mr. Polis demanded the yeas and nays and the Chair postponed further proceedings on the question of ordering the previous question until later in the legislative day.</text>
        <actionTime>13:32:10</actionTime>
        <sourceSystem>
          <code>2</code>
          <name>House floor actions</name>
        </sourceSystem>
        <committee />
        <links>
          <link>
            <url>https://www.congress.gov/bill/115th-congress/house-resolution/431</url>
            <name>H. Res. 431</name>
          </link>
        </links>
        <actionCode>H8D000</actionCode>
        <type>Floor</type>
      </item>
      <item>
        <actionDate>2017-07-12</actionDate>
        <text>DEBATE - The House proceeded with one hour of debate on H. Res. 431.</text>
        <actionTime>12:34:44</actionTime>
        <sourceSystem>
          <code>2</code>
          <name>House floor actions</name>
        </sourceSystem>
        <committee />
        <links>
          <link>
            <url>https://www.congress.gov/bill/115th-congress/house-resolution/431</url>
            <name>H. Res. 431</name>
          </link>
        </links>
        <actionCode>H8D000</actionCode>
        <type>Floor</type>
      </item>
      <item>
        <actionDate>2017-07-12</actionDate>
        <text>Considered as privileged matter. (consideration: CR H5444-5453)</text>
        <actionTime>12:29:03</actionTime>
        <sourceSystem>
          <code>2</code>
          <name>House floor actions</name>
        </sourceSystem>
        <committee />
        <links>
          <link>
            <url>https://www.congress.gov/congressional-record/volume-163/house-section/page/H5444-5453</url>
            <name>H5444-5453</name>
          </link>
        </links>
        <actionCode>H30000</actionCode>
        <type>Floor</type>
      </item>
      <item>
        <actionDate>2017-07-11</actionDate>
        <text>Placed on the House Calendar, Calendar No. 62.</text>
        <sourceSystem>
          <code>2</code>
          <name>House floor actions</name>
        </sourceSystem>
        <committee />
        <type>Calendars</type>
        <actionCode>H12420</actionCode>
        <links />
      </item>
      <item>
        <actionDate>2017-07-11</actionDate>
        <text>The resolution provides for one hour of debate on both H.R. 2810 and H.R. 23. Both bills are considered under structured rules.</text>
        <actionTime>21:22:29</actionTime>
        <sourceSystem>
          <code>2</code>
          <name>House floor actions</name>
        </sourceSystem>
        <committee />
        <links>
          <link>
            <url>https://www.congress.gov/bill/115th-congress/house-bill/23</url>
            <name>H.R. 23</name>
          </link>
          <link>
            <url>https://www.congress.gov/bill/115th-congress/house-bill/2810</url>
            <name>H.R. 2810</name>
          </link>
        </links>
        <actionCode>H12700</actionCode>
        <type>Floor</type>
      </item>
      <item>
        <actionDate>2017-07-11</actionDate>
        <text>The House Committee on Rules reported an original measure, H. Rept. 115-212, by Mr. Byrne.</text>
        <sourceSystem>
          <code>2</code>
          <name>House floor actions</name>
        </sourceSystem>
        <committee>
          <systemCode>hsru00</systemCode>
          <name>Rules Committee</name>
        </committee>
        <type>Committee</type>
        <actionCode>H12100</actionCode>
        <links>
          <link>
            <url>https://www.congress.gov/congressional-report/115th-congress/house-report/212</url>
            <name>H. Rept. 115-212</name>
          </link>
        </links>
      </item>
      <item>
        <actionDate>2017-07-11</actionDate>
        <text>The House Committee on Rules reported an original measure, H. Rept. 115-212, by Mr. Byrne.</text>
        <sourceSystem>
          <code>9</code>
          <name>Library of Congress</name>
        </sourceSystem>
        <committee>
          <systemCode>hsru00</systemCode>
          <name>Rules Committee</name>
        </committee>
        <type>Committee</type>
        <actionCode>5000</actionCode>
        <links>
          <link>
            <url>https://www.congress.gov/congressional-report/115th-congress/house-report/212</url>
            <name>H. Rept. 115-212</name>
          </link>
        </links>
      </item>
      <item>
        <actionDate>2017-07-11</actionDate>
        <text>Introduced in House</text>
        <sourceSystem>
          <code>9</code>
          <name>Library of Congress</name>
        </sourceSystem>
        <committee />
        <type>IntroReferral</type>
        <actionCode>1000</actionCode>
        <links />
      </item>
      <actionTypeCounts>
        <motionForPreviousQuestion>1</motionForPreviousQuestion>
        <passageOfAMeasure>1</passageOfAMeasure>
        <houseCalendarAssignment>1</houseCalendarAssignment>
        <introducedInHouse>1</introducedInHouse>
        <considerationByHouse>2</considerationByHouse>
        <reportedToHouse>1</reportedToHouse>
        <provisionsOfARule>1</provisionsOfARule>
        <committeeReportOfAnOriginalMeasure>1</committeeReportOfAnOriginalMeasure>
        <motionToReconsiderResults>1</motionToReconsiderResults>
        <passedAgreedToInHouse>1</passedAgreedToInHouse>
        <generalDebate>2</generalDebate>
      </actionTypeCounts>
    </actions>
  </bill>
  <dublinCore xmlns:dc="http://purl.org/dc/elements/1.1/">
    <dc:format>text/xml</dc:format>
    <dc:language>EN</dc:language>
    <dc:rights>Pursuant to Title 17 Section 105 of the United States Code, this file is not subject to copyright protection and is in the public domain.</dc:rights>
    <dc:contributor>Congressional Research Service, Library of Congress</dc:contributor>
    <dc:description>This file contains bill summaries and statuses for federal legislation. A bill summary describes the most significant provisions of a piece of legislation and details the effects the legislative text may have on current law and federal programs. Bill summaries are authored by the Congressional Research Service (CRS) of the Library of Congress. As stated in Public Law 91-510 (2 USC 166 (d)(6)), one of the duties of CRS is "to prepare summaries and digests of bills and resolutions of a public general nature introduced in the Senate or House of Representatives". For more information, refer to the User Guide that accompanies this file.</dc:description>
  </dublinCore>
</billStatus>

