<?xml version="1.0" encoding="UTF-8"?>
<billStatus>
  <bill>
    <actions>
      <actionTypeCounts>
        <reportedToHouse>1</reportedToHouse>
        <motionForPreviousQuestion>1</motionForPreviousQuestion>
        <introducedInHouse>1</introducedInHouse>
        <motionToReconsiderResults>1</motionToReconsiderResults>
        <passageOfAMeasure>1</passageOfAMeasure>
        <generalDebate>1</generalDebate>
        <houseCalendarAssignment>1</houseCalendarAssignment>
        <considerationByHouse>1</considerationByHouse>
        <committeeReportOfAnOriginalMeasure>1</committeeReportOfAnOriginalMeasure>
        <provisionsOfARule>1</provisionsOfARule>
        <passedAgreedToInHouse>1</passedAgreedToInHouse>
      </actionTypeCounts>
      <item>
        <committee />
        <actionCode>H38310</actionCode>
        <sourceSystem>
          <code>2</code>
          <name>House floor actions</name>
        </sourceSystem>
        <actionDate>2017-07-28</actionDate>
        <text>Motion to reconsider laid on the table Agreed to without objection.</text>
        <links />
        <type>Floor</type>
        <actionTime>09:35:14</actionTime>
      </item>
      <item>
        <committee />
        <actionCode>H37100</actionCode>
        <sourceSystem>
          <code>2</code>
          <name>House floor actions</name>
        </sourceSystem>
        <actionDate>2017-07-28</actionDate>
        <text>On agreeing to the resolution Agreed to by voice vote. (text: CR H6525)</text>
        <links>
          <link>
            <name>H6525</name>
            <url>https://www.congress.gov/congressional-record/volume-163/house-section/page/H6525</url>
          </link>
        </links>
        <type>Floor</type>
        <actionTime>09:35:10</actionTime>
      </item>
      <item>
        <committee />
        <actionCode>8000</actionCode>
        <sourceSystem>
          <code>9</code>
          <name>Library of Congress</name>
        </sourceSystem>
        <actionDate>2017-07-28</actionDate>
        <text>Passed/agreed to in House: On agreeing to the resolution Agreed to by voice vote.</text>
        <links />
        <type>Floor</type>
        <actionTime>09:35:10</actionTime>
      </item>
      <item>
        <committee />
        <actionCode>H35000</actionCode>
        <sourceSystem>
          <code>2</code>
          <name>House floor actions</name>
        </sourceSystem>
        <actionDate>2017-07-28</actionDate>
        <text>The previous question was ordered without objection.</text>
        <links />
        <type>Floor</type>
        <actionTime>09:35:00</actionTime>
      </item>
      <item>
        <committee />
        <actionCode>H8D000</actionCode>
        <sourceSystem>
          <code>2</code>
          <name>House floor actions</name>
        </sourceSystem>
        <actionDate>2017-07-28</actionDate>
        <text>DEBATE - The House proceeded with one hour of debate on H. Res. 480.</text>
        <links>
          <link>
            <name>H. Res. 480</name>
            <url>https://www.congress.gov/bill/115th-congress/house-resolution/480</url>
          </link>
        </links>
        <type>Floor</type>
        <actionTime>09:18:15</actionTime>
      </item>
      <item>
        <committee />
        <actionCode>H30000</actionCode>
        <sourceSystem>
          <code>2</code>
          <name>House floor actions</name>
        </sourceSystem>
        <actionDate>2017-07-28</actionDate>
        <text>Considered as privileged matter. (consideration: CR H6525-6527)</text>
        <links>
          <link>
            <name>H6525-6527</name>
            <url>https://www.congress.gov/congressional-record/volume-163/house-section/page/H6525-6527</url>
          </link>
        </links>
        <type>Floor</type>
        <actionTime>09:17:01</actionTime>
      </item>
      <item>
        <committee />
        <sourceSystem>
          <code>2</code>
          <name>House floor actions</name>
        </sourceSystem>
        <actionDate>2017-07-27</actionDate>
        <text>Placed on the House Calendar, Calendar No. 70.</text>
        <links />
        <type>Calendars</type>
        <actionCode>H12420</actionCode>
      </item>
      <item>
        <committee />
        <actionCode>H12700</actionCode>
        <sourceSystem>
          <code>2</code>
          <name>House floor actions</name>
        </sourceSystem>
        <actionDate>2017-07-27</actionDate>
        <text>The resolution provides that the amendment in the nature of a substitute printed in the Rules Committee report shall be considered as adopted and the bill, as amended, shall be considered as read.</text>
        <links />
        <type>Floor</type>
        <actionTime>18:41:05</actionTime>
      </item>
      <item>
        <committee>
          <systemCode>hsru00</systemCode>
          <name>Rules Committee</name>
        </committee>
        <sourceSystem>
          <code>2</code>
          <name>House floor actions</name>
        </sourceSystem>
        <actionDate>2017-07-27</actionDate>
        <text>The House Committee on Rules reported an original measure, H. Rept. 115-262, by Mr. Collins (GA).</text>
        <links>
          <link>
            <name>H. Rept. 115-262</name>
            <url>https://www.congress.gov/congressional-report/115th-congress/house-report/262</url>
          </link>
        </links>
        <type>Committee</type>
        <actionCode>H12100</actionCode>
      </item>
      <item>
        <committee>
          <systemCode>hsru00</systemCode>
          <name>Rules Committee</name>
        </committee>
        <sourceSystem>
          <code>9</code>
          <name>Library of Congress</name>
        </sourceSystem>
        <actionDate>2017-07-27</actionDate>
        <text>The House Committee on Rules reported an original measure, H. Rept. 115-262, by Mr. Collins (GA).</text>
        <links>
          <link>
            <name>H. Rept. 115-262</name>
            <url>https://www.congress.gov/congressional-report/115th-congress/house-report/262</url>
          </link>
        </links>
        <type>Committee</type>
        <actionCode>5000</actionCode>
      </item>
      <item>
        <committee />
        <sourceSystem>
          <code>9</code>
          <name>Library of Congress</name>
        </sourceSystem>
        <actionDate>2017-07-27</actionDate>
        <text>Introduced in House</text>
        <links />
        <type>IntroReferral</type>
        <actionCode>1000</actionCode>
      </item>
      <actionByCounts>
        <houseOfRepresentatives>11</houseOfRepresentatives>
      </actionByCounts>
    </actions>
    <constitutionalAuthorityStatementText />
    <latestAction>
      <links />
      <text>Motion to reconsider laid on the table Agreed to without objection.</text>
      <actionTime>09:35:14</actionTime>
      <actionDate>2017-07-28</actionDate>
    </latestAction>
    <laws />
    <cosponsors />
    <title>Providing for consideration of the bill (S. 114) to amend title 38, United States Code, to require the Secretary of Veterans Affairs to submit an annual report regarding performance awards and bonuses awarded to certain high-level employees of the Department of Veterans Affairs.</title>
    <committees>
      <billCommittees>
        <item>
          <activities>
            <item>
              <date>2017-07-27T22:41:04Z</date>
              <name>Reported original measure</name>
            </item>
          </activities>
          <type>Standing</type>
          <systemCode>hsru00</systemCode>
          <name>Rules Committee</name>
          <subcommittees />
          <chamber>House</chamber>
        </item>
      </billCommittees>
    </committees>
    <notes />
    <committeeReports>
      <committeeReport>
        <citation>H. Rept. 115-262</citation>
      </committeeReport>
    </committeeReports>
    <calendarNumbers>
      <item>
        <calendar>H00070</calendar>
        <number />
      </item>
    </calendarNumbers>
    <policyArea>
      <name>Congress</name>
    </policyArea>
    <summaries>
      <billSummaries>
        <item>
          <lastSummaryUpdateDate>2017-07-28T08:06:26Z</lastSummaryUpdateDate>
          <text><![CDATA[Sets forth the rule for consideration of the bill (S. 114) to amend title 38, United States Code, to require the Secretary of Veterans Affairs to submit an annual report regarding performance awards and bonuses awarded to certain high-level employees of the Department of Veterans Affairs.]]></text>
          <actionDesc>Introduced in House</actionDesc>
          <actionDate>2017-07-27</actionDate>
          <name>Introduced in House</name>
          <updateDate>2017-07-27T04:00:00Z</updateDate>
          <versionCode>00</versionCode>
        </item>
      </billSummaries>
    </summaries>
    <subjects>
      <billSubjects>
        <legislativeSubjects>
          <item>
            <name>House of Representatives</name>
          </item>
          <item>
            <name>Legislative rules and procedure</name>
          </item>
        </legislativeSubjects>
        <policyArea>
          <name>Congress</name>
        </policyArea>
      </billSubjects>
    </subjects>
    <billNumber>480</billNumber>
    <cboCostEstimates />
    <introducedDate>2017-07-27</introducedDate>
    <congress>115</congress>
    <billType>HRES</billType>
    <sponsors>
      <item>
        <state>GA</state>
        <middleName />
        <bioguideId>C001093</bioguideId>
        <firstName>Doug</firstName>
        <byRequestType />
        <lastName>Collins</lastName>
        <identifiers>
          <bioguideId>C001093</bioguideId>
          <lisID>2121</lisID>
          <gpoId />
        </identifiers>
        <fullName>Rep. Collins, Doug [R-GA-9]</fullName>
        <party>R</party>
        <district>9</district>
      </item>
    </sponsors>
    <amendments />
    <version>1.0.0</version>
    <relatedBills>
      <item>
        <number>114</number>
        <latestTitle>VA Choice and Quality Employment Act of 2017</latestTitle>
        <type>S</type>
        <congress>115</congress>
        <relationshipDetails>
          <item>
            <identifiedBy>House</identifiedBy>
            <type>Procedurally-related</type>
          </item>
        </relationshipDetails>
        <latestAction>
          <actionDate>2017-08-12</actionDate>
          <text>Became Public Law No: 115-46.</text>
        </latestAction>
      </item>
    </relatedBills>
    <createDate>2017-07-28T03:11:32Z</createDate>
    <updateDate>2018-02-22T15:26:53Z</updateDate>
    <recordedVotes />
    <titles>
      <item>
        <chamberName />
        <parentTitleType />
        <title>Providing for consideration of the bill (S. 114) to amend title 38, United States Code, to require the Secretary of Veterans Affairs to submit an annual report regarding performance awards and bonuses awarded to certain high-level employees of the Department of Veterans Affairs.</title>
        <chamberCode />
        <titleType>Official Title as Introduced</titleType>
      </item>
      <item>
        <chamberName />
        <parentTitleType />
        <title>Providing for consideration of the bill (S. 114) to amend title 38, United States Code, to require the Secretary of Veterans Affairs to submit an annual report regarding performance awards and bonuses awarded to certain high-level employees of the Department of Veterans Affairs.</title>
        <chamberCode />
        <titleType>Display Title</titleType>
      </item>
    </titles>
    <originChamber>House</originChamber>
  </bill>
  <dublinCore xmlns:dc="http://purl.org/dc/elements/1.1/">
    <dc:format>text/xml</dc:format>
    <dc:language>EN</dc:language>
    <dc:rights>Pursuant to Title 17 Section 105 of the United States Code, this file is not subject to copyright protection and is in the public domain.</dc:rights>
    <dc:contributor>Congressional Research Service, Library of Congress</dc:contributor>
    <dc:description>This file contains bill summaries and statuses for federal legislation. A bill summary describes the most significant provisions of a piece of legislation and details the effects the legislative text may have on current law and federal programs. Bill summaries are authored by the Congressional Research Service (CRS) of the Library of Congress. As stated in Public Law 91-510 (2 USC 166 (d)(6)), one of the duties of CRS is "to prepare summaries and digests of bills and resolutions of a public general nature introduced in the Senate or House of Representatives". For more information, refer to the User Guide that accompanies this file.</dc:description>
  </dublinCore>
</billStatus>

