<?xml version="1.0" encoding="UTF-8"?>
<billStatus>
  <bill>
    <constitutionalAuthorityStatementText />
    <laws />
    <recordedVotes />
    <billType>HRES</billType>
    <cboCostEstimates />
    <updateDate>2018-02-22T15:26:52Z</updateDate>
    <committees>
      <billCommittees>
        <item>
          <activities>
            <item>
              <date>2017-07-28T17:20:46Z</date>
              <name>Reported by</name>
            </item>
            <item>
              <date>2017-07-26T13:49:53Z</date>
              <name>Markup by</name>
            </item>
            <item>
              <date>2017-07-14T13:00:31Z</date>
              <name>Referred to</name>
            </item>
          </activities>
          <type>Standing</type>
          <systemCode>hshm00</systemCode>
          <name>Homeland Security Committee</name>
          <subcommittees />
          <chamber>House</chamber>
        </item>
      </billCommittees>
    </committees>
    <summaries>
      <billSummaries>
        <item>
          <text><![CDATA[<p>Directs the Department of Homeland Security (DHS) to transmit to the House of Representatives copies of any DHS document or communication that refers or relates to:</p> <ul> <li> a payment to a business owned or controlled by Donald J. Trump, the Trump Organization or any of its subsidiaries, or any member of the Trump family in the past three years;</li> <li> an expenditure by DHS for services or goods from a business owned or controlled by Donald J. Trump, the Trump Organization or any of its subsidiaries, or any member of the Trump family;</li> <li> costs to DHS associated with the protection of Donald J. Trump or any member of his family or the Trump Organization while on international travel that has not been documented by DHS as in furtherance of the U.S. government; and</li> <li> costs to DHS associated with Eric Trump's trips to Uruguay in January 2017, the Dominican Republic in February 2017, or the United Kingdom and the Republic of Ireland in April 2017 or with trips by Donald Trump, Jr., and Eric Trump to the United Arab Emirates in February 2017or Canada in February 2017.</li> </ul>]]></text>
          <lastSummaryUpdateDate>2017-10-02T19:54:25Z</lastSummaryUpdateDate>
          <versionCode>00</versionCode>
          <actionDesc>Introduced in House</actionDesc>
          <actionDate>2017-07-14</actionDate>
          <name>Introduced in House</name>
          <updateDate>2017-07-14T04:00:00Z</updateDate>
        </item>
        <item>
          <text><![CDATA[<p>(This measure has not been amended since it was introduced. The summary of that version is repeated here.)</p> <p>Directs the Department of Homeland Security (DHS) to transmit to the House of Representatives copies of any DHS document or communication that refers or relates to:</p> <ul> <li> a payment to a business owned or controlled by Donald J. Trump, the Trump Organization or any of its subsidiaries, or any member of the Trump family in the past three years;</li> <li> an expenditure by DHS for services or goods from a business owned or controlled by Donald J. Trump, the Trump Organization or any of its subsidiaries, or any member of the Trump family;</li> <li> costs to DHS associated with the protection of Donald J. Trump or any member of his family or the Trump Organization while on international travel that has not been documented by DHS as in furtherance of the U.S. government; and</li> <li> costs to DHS associated with Eric Trump's trips to Uruguay in January 2017, the Dominican Republic in February 2017, or the United Kingdom and the Republic of Ireland in April 2017 or with trips by Donald Trump, Jr., and Eric Trump to the United Arab Emirates in February 2017or Canada in February 2017.</li> </ul>]]></text>
          <lastSummaryUpdateDate>2017-10-02T19:55:20Z</lastSummaryUpdateDate>
          <versionCode>79</versionCode>
          <actionDesc>Reported to House without amendment</actionDesc>
          <actionDate>2017-07-28</actionDate>
          <name>Reported to House without amendment</name>
          <updateDate>2017-07-28T13:37:27Z</updateDate>
        </item>
      </billSummaries>
    </summaries>
    <calendarNumbers>
      <item>
        <calendar>H00074</calendar>
        <number />
      </item>
    </calendarNumbers>
    <notes />
    <originChamber>House</originChamber>
    <titles>
      <item>
        <title>Directing the Secretary of Homeland Security to transmit certain documents to the House of Representatives relating to Department of Homeland Security policies and activities relating to businesses owned or controlled by President Donald J. Trump.</title>
        <parentTitleType />
        <titleType>Official Title as Introduced</titleType>
        <chamberCode />
        <chamberName />
      </item>
      <item>
        <title>Directing the Secretary of Homeland Security to transmit certain documents to the House of Representatives relating to Department of Homeland Security policies and activities relating to businesses owned or controlled by President Donald J. Trump.</title>
        <parentTitleType />
        <titleType>Display Title</titleType>
        <chamberCode />
        <chamberName />
      </item>
    </titles>
    <createDate>2017-07-15T03:11:31Z</createDate>
    <version>1.0.0</version>
    <committeeReports>
      <committeeReport>
        <citation>H. Rept. 115-270</citation>
      </committeeReport>
    </committeeReports>
    <actions>
      <actionByCounts>
        <houseOfRepresentatives>8</houseOfRepresentatives>
      </actionByCounts>
      <item>
        <committee />
        <links />
        <text>Placed on the House Calendar, Calendar No. 74.</text>
        <actionDate>2017-07-28</actionDate>
        <type>Calendars</type>
        <actionCode>H12420</actionCode>
        <sourceSystem>
          <code>2</code>
          <name>House floor actions</name>
        </sourceSystem>
      </item>
      <item>
        <committee>
          <name>Homeland Security Committee</name>
          <systemCode>hshm00</systemCode>
        </committee>
        <links>
          <link>
            <name>H. Rept. 115-270</name>
            <url>https://www.congress.gov/congressional-report/115th-congress/house-report/270</url>
          </link>
        </links>
        <text>Reported adversely by the Committee on Homeland Security. H. Rept. 115-270.</text>
        <actionDate>2017-07-28</actionDate>
        <type>Committee</type>
        <actionCode>H12200</actionCode>
        <sourceSystem>
          <code>2</code>
          <name>House floor actions</name>
        </sourceSystem>
      </item>
      <item>
        <committee>
          <name>Homeland Security Committee</name>
          <systemCode>hshm00</systemCode>
        </committee>
        <links>
          <link>
            <name>H. Rept. 115-270</name>
            <url>https://www.congress.gov/congressional-report/115th-congress/house-report/270</url>
          </link>
        </links>
        <text>Reported adversely by the Committee on Homeland Security. H. Rept. 115-270.</text>
        <actionDate>2017-07-28</actionDate>
        <type>Committee</type>
        <actionCode>5000</actionCode>
        <sourceSystem>
          <code>9</code>
          <name>Library of Congress</name>
        </sourceSystem>
      </item>
      <item>
        <actionDate>2017-07-26</actionDate>
        <committee>
          <name>Homeland Security Committee</name>
          <systemCode>hshm00</systemCode>
        </committee>
        <links />
        <sourceSystem>
          <code>1</code>
          <name>House committee actions</name>
        </sourceSystem>
        <text>Ordered to be Reported by Voice Vote.</text>
        <type>Committee</type>
      </item>
      <item>
        <actionDate>2017-07-26</actionDate>
        <committee>
          <name>Homeland Security Committee</name>
          <systemCode>hshm00</systemCode>
        </committee>
        <links />
        <sourceSystem>
          <code>1</code>
          <name>House committee actions</name>
        </sourceSystem>
        <text>Committee Consideration and Mark-up Session Held.</text>
        <type>Committee</type>
      </item>
      <item>
        <committee>
          <name>Homeland Security Committee</name>
          <systemCode>hshm00</systemCode>
        </committee>
        <links />
        <text>Referred to the House Committee on Homeland Security.</text>
        <actionDate>2017-07-14</actionDate>
        <type>IntroReferral</type>
        <actionCode>H11100</actionCode>
        <sourceSystem>
          <code>2</code>
          <name>House floor actions</name>
        </sourceSystem>
      </item>
      <item>
        <committee />
        <links />
        <text>Introduced in House</text>
        <actionDate>2017-07-14</actionDate>
        <type>IntroReferral</type>
        <actionCode>Intro-H</actionCode>
        <sourceSystem>
          <code>9</code>
          <name>Library of Congress</name>
        </sourceSystem>
      </item>
      <item>
        <committee />
        <links />
        <text>Introduced in House</text>
        <actionDate>2017-07-14</actionDate>
        <type>IntroReferral</type>
        <actionCode>1000</actionCode>
        <sourceSystem>
          <code>9</code>
          <name>Library of Congress</name>
        </sourceSystem>
      </item>
      <actionTypeCounts>
        <introducedInTheHouse>1</introducedInTheHouse>
        <introducedInHouse>1</introducedInHouse>
        <billReferrals>1</billReferrals>
        <actionStageOverride>1</actionStageOverride>
        <committeeReportOfABill>1</committeeReportOfABill>
        <houseCalendarAssignment>1</houseCalendarAssignment>
        <placeholderTextForH>1</placeholderTextForH>
        <reportedToHouse>1</reportedToHouse>
      </actionTypeCounts>
    </actions>
    <policyArea>
      <name>Government Operations and Politics</name>
    </policyArea>
    <latestAction>
      <actionDate>2017-07-28</actionDate>
      <text>Placed on the House Calendar, Calendar No. 74.</text>
      <links />
    </latestAction>
    <billNumber>447</billNumber>
    <amendments />
    <cosponsors>
      <item>
        <district>2</district>
        <fullName>Rep. Thompson, Bennie G. [D-MS-2]</fullName>
        <middleName />
        <bioguideId>T000193</bioguideId>
        <isOriginalCosponsor>True</isOriginalCosponsor>
        <sponsorshipWithdrawnDate />
        <state>MS</state>
        <party>D</party>
        <lastName>THOMPSON</lastName>
        <identifiers>
          <bioguideId>T000193</bioguideId>
          <gpoId>8020</gpoId>
          <lisID>1151</lisID>
        </identifiers>
        <firstName>BENNIE</firstName>
        <sponsorshipDate>2017-07-14</sponsorshipDate>
      </item>
      <item>
        <district>10</district>
        <fullName>Rep. Payne, Donald M., Jr. [D-NJ-10]</fullName>
        <middleName>M.</middleName>
        <bioguideId>P000604</bioguideId>
        <isOriginalCosponsor>True</isOriginalCosponsor>
        <sponsorshipWithdrawnDate />
        <state>NJ</state>
        <party>D</party>
        <lastName>Payne</lastName>
        <identifiers>
          <bioguideId>P000604</bioguideId>
          <lisID>2097</lisID>
          <gpoId>8373</gpoId>
        </identifiers>
        <firstName>Donald</firstName>
        <sponsorshipDate>2017-07-14</sponsorshipDate>
      </item>
      <item>
        <district>10</district>
        <fullName>Rep. Demings, Val Butler [D-FL-10]</fullName>
        <middleName>Butler</middleName>
        <bioguideId>D000627</bioguideId>
        <isOriginalCosponsor>True</isOriginalCosponsor>
        <sponsorshipWithdrawnDate />
        <state>FL</state>
        <party>D</party>
        <lastName>Demings</lastName>
        <identifiers>
          <gpoId />
          <bioguideId>D000627</bioguideId>
          <lisID>2320</lisID>
        </identifiers>
        <firstName>Val</firstName>
        <sponsorshipDate>2017-07-14</sponsorshipDate>
      </item>
      <item>
        <district>44</district>
        <fullName>Rep. Barragan, Nanette Diaz [D-CA-44]</fullName>
        <middleName>Diaz</middleName>
        <bioguideId>B001300</bioguideId>
        <isOriginalCosponsor>True</isOriginalCosponsor>
        <sponsorshipWithdrawnDate />
        <state>CA</state>
        <party>D</party>
        <lastName>Barragan</lastName>
        <identifiers>
          <lisID>2311</lisID>
          <gpoId />
          <bioguideId>B001300</bioguideId>
        </identifiers>
        <firstName>Nanette</firstName>
        <sponsorshipDate>2017-07-14</sponsorshipDate>
      </item>
      <item>
        <district>2</district>
        <fullName>Rep. Langevin, James R. [D-RI-2]</fullName>
        <middleName>R.</middleName>
        <bioguideId>L000559</bioguideId>
        <isOriginalCosponsor>True</isOriginalCosponsor>
        <sponsorshipWithdrawnDate />
        <state>RI</state>
        <party>D</party>
        <lastName>LANGEVIN</lastName>
        <identifiers>
          <bioguideId>L000559</bioguideId>
          <gpoId>8140</gpoId>
          <lisID>1668</lisID>
        </identifiers>
        <firstName>JAMES</firstName>
        <sponsorshipDate>2017-07-14</sponsorshipDate>
      </item>
      <item>
        <district>46</district>
        <fullName>Rep. Correa, J. Luis [D-CA-46]</fullName>
        <middleName>Luis</middleName>
        <bioguideId>C001110</bioguideId>
        <isOriginalCosponsor>False</isOriginalCosponsor>
        <sponsorshipWithdrawnDate />
        <state>CA</state>
        <party>D</party>
        <lastName>Correa</lastName>
        <identifiers>
          <bioguideId>C001110</bioguideId>
          <gpoId />
          <lisID>2312</lisID>
        </identifiers>
        <firstName>J.</firstName>
        <sponsorshipDate>2017-07-20</sponsorshipDate>
      </item>
      <item>
        <district>7</district>
        <fullName>Rep. Jayapal, Pramila [D-WA-7]</fullName>
        <middleName />
        <bioguideId>J000298</bioguideId>
        <isOriginalCosponsor>False</isOriginalCosponsor>
        <sponsorshipWithdrawnDate />
        <state>WA</state>
        <party>D</party>
        <lastName>Jayapal</lastName>
        <identifiers>
          <bioguideId>J000298</bioguideId>
          <gpoId />
          <lisID>2354</lisID>
        </identifiers>
        <firstName>Pramila</firstName>
        <sponsorshipDate>2017-07-24</sponsorshipDate>
      </item>
    </cosponsors>
    <subjects>
      <billSubjects>
        <policyArea>
          <name>Government Operations and Politics</name>
        </policyArea>
        <legislativeSubjects>
          <item>
            <name>Canada</name>
          </item>
          <item>
            <name>Caribbean area</name>
          </item>
          <item>
            <name>Congressional oversight</name>
          </item>
          <item>
            <name>Corporate finance and management</name>
          </item>
          <item>
            <name>Department of Homeland Security</name>
          </item>
          <item>
            <name>Dominican Republic</name>
          </item>
          <item>
            <name>Europe</name>
          </item>
          <item>
            <name>Federal officials</name>
          </item>
          <item>
            <name>Financial services and investments</name>
          </item>
          <item>
            <name>Government ethics and transparency, public corruption</name>
          </item>
          <item>
            <name>Government information and archives</name>
          </item>
          <item>
            <name>Ireland</name>
          </item>
          <item>
            <name>Latin America</name>
          </item>
          <item>
            <name>Middle East</name>
          </item>
          <item>
            <name>Presidents and presidential powers, Vice Presidents</name>
          </item>
          <item>
            <name>Protection of officials</name>
          </item>
          <item>
            <name>Transportation costs</name>
          </item>
          <item>
            <name>Travel and tourism</name>
          </item>
          <item>
            <name>United Arab Emirates</name>
          </item>
          <item>
            <name>United Kingdom</name>
          </item>
          <item>
            <name>Uruguay</name>
          </item>
        </legislativeSubjects>
      </billSubjects>
    </subjects>
    <congress>115</congress>
    <title>Directing the Secretary of Homeland Security to transmit certain documents to the House of Representatives relating to Department of Homeland Security policies and activities relating to businesses owned or controlled by President Donald J. Trump.</title>
    <introducedDate>2017-07-14</introducedDate>
    <sponsors>
      <item>
        <byRequestType />
        <lastName>Watson Coleman</lastName>
        <middleName />
        <firstName>Bonnie</firstName>
        <fullName>Rep. Watson Coleman, Bonnie [D-NJ-12]</fullName>
        <bioguideId>W000822</bioguideId>
        <party>D</party>
        <identifiers>
          <gpoId />
          <bioguideId>W000822</bioguideId>
          <lisID>2259</lisID>
        </identifiers>
        <state>NJ</state>
        <district>12</district>
      </item>
    </sponsors>
    <relatedBills />
  </bill>
  <dublinCore xmlns:dc="http://purl.org/dc/elements/1.1/">
    <dc:format>text/xml</dc:format>
    <dc:language>EN</dc:language>
    <dc:rights>Pursuant to Title 17 Section 105 of the United States Code, this file is not subject to copyright protection and is in the public domain.</dc:rights>
    <dc:contributor>Congressional Research Service, Library of Congress</dc:contributor>
    <dc:description>This file contains bill summaries and statuses for federal legislation. A bill summary describes the most significant provisions of a piece of legislation and details the effects the legislative text may have on current law and federal programs. Bill summaries are authored by the Congressional Research Service (CRS) of the Library of Congress. As stated in Public Law 91-510 (2 USC 166 (d)(6)), one of the duties of CRS is "to prepare summaries and digests of bills and resolutions of a public general nature introduced in the Senate or House of Representatives". For more information, refer to the User Guide that accompanies this file.</dc:description>
  </dublinCore>
</billStatus>

