<?xml version="1.0" encoding="UTF-8"?>
<billStatus>
  <bill>
    <policyArea>
      <name>Health</name>
    </policyArea>
    <introducedDate>2017-05-19</introducedDate>
    <cosponsors>
      <item>
        <state>NJ</state>
        <identifiers>
          <gpoId>8048</gpoId>
          <bioguideId>P000034</bioguideId>
          <lisID>887</lisID>
        </identifiers>
        <district>6</district>
        <sponsorshipDate>2017-05-19</sponsorshipDate>
        <lastName>PALLONE</lastName>
        <fullName>Rep. Pallone, Frank, Jr. [D-NJ-6]</fullName>
        <middleName />
        <party>D</party>
        <sponsorshipWithdrawnDate />
        <bioguideId>P000034</bioguideId>
        <firstName>FRANK</firstName>
        <isOriginalCosponsor>True</isOriginalCosponsor>
      </item>
      <item>
        <state>MA</state>
        <identifiers>
          <lisID>854</lisID>
          <bioguideId>N000015</bioguideId>
          <gpoId>7967</gpoId>
        </identifiers>
        <district>1</district>
        <sponsorshipDate>2017-05-19</sponsorshipDate>
        <lastName>NEAL</lastName>
        <fullName>Rep. Neal, Richard E. [D-MA-1]</fullName>
        <middleName>E.</middleName>
        <party>D</party>
        <sponsorshipWithdrawnDate />
        <bioguideId>N000015</bioguideId>
        <firstName>RICHARD</firstName>
        <isOriginalCosponsor>True</isOriginalCosponsor>
      </item>
      <item>
        <state>VA</state>
        <identifiers>
          <gpoId>8194</gpoId>
          <bioguideId>S000185</bioguideId>
          <lisID>1037</lisID>
        </identifiers>
        <district>3</district>
        <sponsorshipDate>2017-05-19</sponsorshipDate>
        <lastName>Scott</lastName>
        <fullName>Rep. Scott, Robert C. "Bobby" [D-VA-3]</fullName>
        <middleName>C. "Bobby"</middleName>
        <party>D</party>
        <sponsorshipWithdrawnDate />
        <bioguideId>S000185</bioguideId>
        <firstName>Robert</firstName>
        <isOriginalCosponsor>True</isOriginalCosponsor>
      </item>
      <item>
        <state>KY</state>
        <identifiers>
          <lisID>1853</lisID>
          <bioguideId>Y000062</bioguideId>
          <gpoId>7955</gpoId>
        </identifiers>
        <district>3</district>
        <sponsorshipDate>2017-05-19</sponsorshipDate>
        <lastName>Yarmuth</lastName>
        <fullName>Rep. Yarmuth, John A. [D-KY-3]</fullName>
        <middleName>A.</middleName>
        <party>D</party>
        <sponsorshipWithdrawnDate />
        <bioguideId>Y000062</bioguideId>
        <firstName>John</firstName>
        <isOriginalCosponsor>True</isOriginalCosponsor>
      </item>
      <item>
        <state>CA</state>
        <identifiers>
          <bioguideId>H001068</bioguideId>
          <gpoId />
          <lisID>2101</lisID>
        </identifiers>
        <district>2</district>
        <sponsorshipDate>2017-07-11</sponsorshipDate>
        <lastName>Huffman</lastName>
        <fullName>Rep. Huffman, Jared [D-CA-2]</fullName>
        <middleName />
        <party>D</party>
        <sponsorshipWithdrawnDate />
        <bioguideId>H001068</bioguideId>
        <firstName>Jared</firstName>
        <isOriginalCosponsor>False</isOriginalCosponsor>
      </item>
      <item>
        <state>GA</state>
        <identifiers>
          <lisID>1722</lisID>
          <bioguideId>S001157</bioguideId>
          <gpoId>7910</gpoId>
        </identifiers>
        <district>13</district>
        <sponsorshipDate>2017-07-11</sponsorshipDate>
        <lastName>Scott</lastName>
        <fullName>Rep. Scott, David [D-GA-13]</fullName>
        <middleName />
        <party>D</party>
        <sponsorshipWithdrawnDate />
        <bioguideId>S001157</bioguideId>
        <firstName>David</firstName>
        <isOriginalCosponsor>False</isOriginalCosponsor>
      </item>
      <item>
        <state>TN</state>
        <identifiers>
          <gpoId>8156</gpoId>
          <lisID>1878</lisID>
          <bioguideId>C001068</bioguideId>
        </identifiers>
        <district>9</district>
        <sponsorshipDate>2017-07-11</sponsorshipDate>
        <lastName>Cohen</lastName>
        <fullName>Rep. Cohen, Steve [D-TN-9]</fullName>
        <middleName />
        <party>D</party>
        <sponsorshipWithdrawnDate />
        <bioguideId>C001068</bioguideId>
        <firstName>Steve</firstName>
        <isOriginalCosponsor>False</isOriginalCosponsor>
      </item>
      <item>
        <state>IN</state>
        <identifiers>
          <lisID>1889</lisID>
          <bioguideId>C001072</bioguideId>
          <gpoId>7946</gpoId>
        </identifiers>
        <district>7</district>
        <sponsorshipDate>2017-07-11</sponsorshipDate>
        <lastName>Carson</lastName>
        <fullName>Rep. Carson, Andre [D-IN-7]</fullName>
        <middleName />
        <party>D</party>
        <sponsorshipWithdrawnDate />
        <bioguideId>C001072</bioguideId>
        <firstName>Andre</firstName>
        <isOriginalCosponsor>False</isOriginalCosponsor>
      </item>
      <item>
        <state>NV</state>
        <identifiers>
          <lisID>2339</lisID>
          <bioguideId>R000608</bioguideId>
          <gpoId />
        </identifiers>
        <district>3</district>
        <sponsorshipDate>2017-07-11</sponsorshipDate>
        <lastName>Rosen</lastName>
        <fullName>Rep. Rosen, Jacky [D-NV-3]</fullName>
        <middleName />
        <party>D</party>
        <sponsorshipWithdrawnDate />
        <bioguideId>R000608</bioguideId>
        <firstName>Jacky</firstName>
        <isOriginalCosponsor>False</isOriginalCosponsor>
      </item>
      <item>
        <state>AZ</state>
        <identifiers>
          <bioguideId>G000551</bioguideId>
          <lisID>1708</lisID>
          <gpoId>7804</gpoId>
        </identifiers>
        <district>3</district>
        <sponsorshipDate>2017-07-14</sponsorshipDate>
        <lastName>Grijalva</lastName>
        <fullName>Rep. Grijalva, Raul M. [D-AZ-3]</fullName>
        <middleName>M.</middleName>
        <party>D</party>
        <sponsorshipWithdrawnDate />
        <bioguideId>G000551</bioguideId>
        <firstName>Raul</firstName>
        <isOriginalCosponsor>False</isOriginalCosponsor>
      </item>
      <item>
        <state>CA</state>
        <identifiers>
          <gpoId>7815</gpoId>
          <lisID>1973</lisID>
          <bioguideId>G000559</bioguideId>
        </identifiers>
        <district>3</district>
        <sponsorshipDate>2017-07-14</sponsorshipDate>
        <lastName>Garamendi</lastName>
        <fullName>Rep. Garamendi, John [D-CA-3]</fullName>
        <middleName />
        <party>D</party>
        <sponsorshipWithdrawnDate />
        <bioguideId>G000559</bioguideId>
        <firstName>John</firstName>
        <isOriginalCosponsor>False</isOriginalCosponsor>
      </item>
      <item>
        <state>CA</state>
        <identifiers>
          <lisID>2110</lisID>
          <gpoId />
          <bioguideId>T000472</bioguideId>
        </identifiers>
        <district>41</district>
        <sponsorshipDate>2017-10-26</sponsorshipDate>
        <lastName>Takano</lastName>
        <fullName>Rep. Takano, Mark [D-CA-41]</fullName>
        <middleName />
        <party>D</party>
        <sponsorshipWithdrawnDate />
        <bioguideId>T000472</bioguideId>
        <firstName>Mark</firstName>
        <isOriginalCosponsor>False</isOriginalCosponsor>
      </item>
    </cosponsors>
    <titles>
      <item>
        <chamberCode />
        <title>Urging the President to faithfully carry out the Affordable Care Act.</title>
        <titleType>Official Title as Introduced</titleType>
        <parentTitleType />
        <chamberName />
      </item>
      <item>
        <chamberCode />
        <title>Urging the President to faithfully carry out the Affordable Care Act.</title>
        <titleType>Display Title</titleType>
        <parentTitleType />
        <chamberName />
      </item>
    </titles>
    <congress>115</congress>
    <recordedVotes />
    <amendments />
    <laws />
    <cboCostEstimates />
    <actions>
      <actionByCounts>
        <houseOfRepresentatives>7</houseOfRepresentatives>
      </actionByCounts>
      <item>
        <actionDate>2017-05-26</actionDate>
        <committee>
          <name>Health Subcommittee</name>
          <systemCode>hsif14</systemCode>
        </committee>
        <links />
        <sourceSystem>
          <name>House committee actions</name>
          <code>1</code>
        </sourceSystem>
        <text>Referred to the Subcommittee on Health.</text>
        <type>Committee</type>
      </item>
      <item>
        <actionDate>2017-05-22</actionDate>
        <committee>
          <name>Health Subcommittee</name>
          <systemCode>hswm02</systemCode>
        </committee>
        <links />
        <sourceSystem>
          <name>House committee actions</name>
          <code>1</code>
        </sourceSystem>
        <text>Referred to the Subcommittee on Health.</text>
        <type>Committee</type>
      </item>
      <item>
        <text>Referred to House Ways and Means</text>
        <type>IntroReferral</type>
        <sourceSystem>
          <name>House floor actions</name>
          <code>2</code>
        </sourceSystem>
        <committee>
          <name>Ways and Means Committee</name>
          <systemCode>hswm00</systemCode>
        </committee>
        <actionCode>H11100</actionCode>
        <actionDate>2017-05-19</actionDate>
        <links />
      </item>
      <item>
        <text>Referred to House Energy and Commerce</text>
        <type>IntroReferral</type>
        <sourceSystem>
          <name>House floor actions</name>
          <code>2</code>
        </sourceSystem>
        <committee>
          <name>Energy and Commerce Committee</name>
          <systemCode>hsif00</systemCode>
        </committee>
        <actionCode>H11100</actionCode>
        <actionDate>2017-05-19</actionDate>
        <links />
      </item>
      <item>
        <text>Referred to the Committee on Energy and Commerce, and in addition to the Committee on Ways and Means, for a period to be subsequently determined by the Speaker, in each case for consideration of such provisions as fall within the jurisdiction of the committee concerned.</text>
        <type>IntroReferral</type>
        <sourceSystem>
          <name>Library of Congress</name>
          <code>9</code>
        </sourceSystem>
        <committee />
        <actionCode>H11100-A</actionCode>
        <actionDate>2017-05-19</actionDate>
        <links />
      </item>
      <item>
        <text>Introduced in House</text>
        <type>IntroReferral</type>
        <sourceSystem>
          <name>Library of Congress</name>
          <code>9</code>
        </sourceSystem>
        <committee />
        <actionCode>Intro-H</actionCode>
        <actionDate>2017-05-19</actionDate>
        <links />
      </item>
      <item>
        <text>Introduced in House</text>
        <type>IntroReferral</type>
        <sourceSystem>
          <name>Library of Congress</name>
          <code>9</code>
        </sourceSystem>
        <committee />
        <actionCode>1000</actionCode>
        <actionDate>2017-05-19</actionDate>
        <links />
      </item>
      <actionTypeCounts>
        <introducedInHouse>1</introducedInHouse>
        <placeholderTextForH>2</placeholderTextForH>
        <billReferrals>2</billReferrals>
        <billReferralsAggregate>1</billReferralsAggregate>
        <introducedInTheHouse>1</introducedInTheHouse>
      </actionTypeCounts>
    </actions>
    <updateDate>2018-02-06T16:39:47Z</updateDate>
    <summaries>
      <billSummaries>
        <item>
          <versionCode>00</versionCode>
          <actionDate>2017-05-19</actionDate>
          <updateDate>2017-05-19T04:00:00Z</updateDate>
          <text><![CDATA[<p>Urges the President to take care that the laws are faithfully executed by: (1) ensuring cost sharing reduction payments under the Patient Protection and Affordable Care Act (PPACA) are paid; (2) enforcing PPACA's individual mandate provisions; (3) working with states and insurers to make sure that consumers have options; and (4) providing adequate funding for specified PPACA activities.</p> Discourages the President from using executive actions to undermine PPACA.]]></text>
          <actionDesc>Introduced in House</actionDesc>
          <name>Introduced in House</name>
          <lastSummaryUpdateDate>2017-06-14T15:30:09Z</lastSummaryUpdateDate>
        </item>
      </billSummaries>
    </summaries>
    <title>Urging the President to faithfully carry out the Affordable Care Act.</title>
    <calendarNumbers />
    <originChamber>House</originChamber>
    <constitutionalAuthorityStatementText />
    <notes />
    <billType>HRES</billType>
    <committees>
      <billCommittees>
        <item>
          <chamber>House</chamber>
          <name>Energy and Commerce Committee</name>
          <systemCode>hsif00</systemCode>
          <activities>
            <item>
              <date>2017-05-19T13:01:35Z</date>
              <name>Referred to</name>
            </item>
          </activities>
          <type>Standing</type>
          <subcommittees>
            <item>
              <systemCode>hsif14</systemCode>
              <activities>
                <item>
                  <date>2017-05-26T15:30:06Z</date>
                  <name>Referred to</name>
                </item>
              </activities>
              <name>Health Subcommittee</name>
            </item>
          </subcommittees>
        </item>
        <item>
          <chamber>House</chamber>
          <name>Ways and Means Committee</name>
          <systemCode>hswm00</systemCode>
          <activities>
            <item>
              <date>2017-05-19T13:01:40Z</date>
              <name>Referred to</name>
            </item>
          </activities>
          <type>Standing</type>
          <subcommittees>
            <item>
              <systemCode>hswm02</systemCode>
              <activities>
                <item>
                  <date>2017-05-22T16:33:31Z</date>
                  <name>Referred to</name>
                </item>
              </activities>
              <name>Health Subcommittee</name>
            </item>
          </subcommittees>
        </item>
      </billCommittees>
    </committees>
    <latestAction>
      <text>Referred to the Subcommittee on Health.</text>
      <actionDate>2017-05-26</actionDate>
      <links />
    </latestAction>
    <committeeReports />
    <billNumber>345</billNumber>
    <sponsors>
      <item>
        <byRequestType />
        <state>RI</state>
        <bioguideId>C001084</bioguideId>
        <identifiers>
          <lisID>2055</lisID>
          <bioguideId>C001084</bioguideId>
          <gpoId>8139</gpoId>
        </identifiers>
        <fullName>Rep. Cicilline, David N. [D-RI-1]</fullName>
        <district>1</district>
        <lastName>Cicilline</lastName>
        <firstName>David</firstName>
        <middleName>N.</middleName>
        <party>D</party>
      </item>
    </sponsors>
    <subjects>
      <billSubjects>
        <legislativeSubjects>
          <item>
            <name>Government information and archives</name>
          </item>
          <item>
            <name>Health care costs and insurance</name>
          </item>
          <item>
            <name>Health care coverage and access</name>
          </item>
          <item>
            <name>Health programs administration and funding</name>
          </item>
          <item>
            <name>Presidents and presidential powers, Vice Presidents</name>
          </item>
        </legislativeSubjects>
        <policyArea>
          <name>Health</name>
        </policyArea>
      </billSubjects>
    </subjects>
    <createDate>2017-05-20T03:11:37Z</createDate>
    <version>1.0.0</version>
    <relatedBills />
  </bill>
  <dublinCore xmlns:dc="http://purl.org/dc/elements/1.1/">
    <dc:format>text/xml</dc:format>
    <dc:language>EN</dc:language>
    <dc:rights>Pursuant to Title 17 Section 105 of the United States Code, this file is not subject to copyright protection and is in the public domain.</dc:rights>
    <dc:contributor>Congressional Research Service, Library of Congress</dc:contributor>
    <dc:description>This file contains bill summaries and statuses for federal legislation. A bill summary describes the most significant provisions of a piece of legislation and details the effects the legislative text may have on current law and federal programs. Bill summaries are authored by the Congressional Research Service (CRS) of the Library of Congress. As stated in Public Law 91-510 (2 USC 166 (d)(6)), one of the duties of CRS is "to prepare summaries and digests of bills and resolutions of a public general nature introduced in the Senate or House of Representatives". For more information, refer to the User Guide that accompanies this file.</dc:description>
  </dublinCore>
</billStatus>

