<?xml version="1.0" encoding="UTF-8"?>
<billStatus>
  <bill>
    <introducedDate>2017-05-18</introducedDate>
    <congress>115</congress>
    <latestAction>
      <actionDate>2017-05-18</actionDate>
      <links />
      <text>Referred to the House Committee on Foreign Affairs.</text>
    </latestAction>
    <originChamber>House</originChamber>
    <billNumber>342</billNumber>
    <sponsors>
      <item>
        <state>NY</state>
        <identifiers>
          <gpoId>8079</gpoId>
          <lisID>709</lisID>
          <bioguideId>L000480</bioguideId>
        </identifiers>
        <bioguideId>L000480</bioguideId>
        <lastName>LOWEY</lastName>
        <fullName>Rep. Lowey, Nita M. [D-NY-17]</fullName>
        <district>17</district>
        <firstName>NITA</firstName>
        <byRequestType />
        <middleName>M.</middleName>
        <party>D</party>
      </item>
    </sponsors>
    <committeeReports />
    <relatedBills />
    <titles>
      <item>
        <chamberName />
        <titleType>Official Title as Introduced</titleType>
        <title>Recognizing the essential contributions of frontline health workers to strengthening the United States national security and economic prosperity, sustaining and expanding progress on global health, and saving the lives of millions of women, men, and children around the world.</title>
        <parentTitleType />
        <chamberCode />
      </item>
      <item>
        <chamberName />
        <titleType>Display Title</titleType>
        <title>Recognizing the essential contributions of frontline health workers to strengthening the United States national security and economic prosperity, sustaining and expanding progress on global health, and saving the lives of millions of women, men, and children around the world.</title>
        <parentTitleType />
        <chamberCode />
      </item>
    </titles>
    <constitutionalAuthorityStatementText />
    <billType>HRES</billType>
    <summaries>
      <billSummaries>
        <item>
          <text><![CDATA[<p>Reaffirms the critical role of frontline health workers in achieving core global health goals. </p> <p>Commends U.S. progress in helping to build local capacity and save lives in the world's most vulnerable communities by training and supporting such workers.</p> <p>Urges greater global attention and support for such workers to ensure their protection and their ability to respond effectively during humanitarian and public health crises and to safeguard the health of the world's most vulnerable populations.</p> <p>Calls on all relevant federal agencies to develop a health workforce strengthening action plan with concrete targets for increasing equitable access to qualified health workers in low- and middle-income countries to support the Global Strategy on Human Resources for Health: Workforce 2030 and recommendations of the High-Level Commission on Health Employment and Economic Growth.</p> <ul> </ul>]]></text>
          <name>Introduced in House</name>
          <lastSummaryUpdateDate>2017-08-24T19:36:36Z</lastSummaryUpdateDate>
          <versionCode>00</versionCode>
          <actionDesc>Introduced in House</actionDesc>
          <updateDate>2017-05-18T04:00:00Z</updateDate>
          <actionDate>2017-05-18</actionDate>
        </item>
      </billSummaries>
    </summaries>
    <subjects>
      <billSubjects>
        <legislativeSubjects>
          <item>
            <name>Child health</name>
          </item>
          <item>
            <name>Conflicts and wars</name>
          </item>
          <item>
            <name>Congressional tributes</name>
          </item>
          <item>
            <name>Disaster relief and insurance</name>
          </item>
          <item>
            <name>Employment and training programs</name>
          </item>
          <item>
            <name>Foreign aid and international relief</name>
          </item>
          <item>
            <name>Health care coverage and access</name>
          </item>
          <item>
            <name>Health personnel</name>
          </item>
          <item>
            <name>Health programs administration and funding</name>
          </item>
          <item>
            <name>Infectious and parasitic diseases</name>
          </item>
          <item>
            <name>Medical education</name>
          </item>
          <item>
            <name>Natural disasters</name>
          </item>
          <item>
            <name>Women's health</name>
          </item>
          <item>
            <name>Worker safety and health</name>
          </item>
          <item>
            <name>World health</name>
          </item>
        </legislativeSubjects>
        <policyArea>
          <name>International Affairs</name>
        </policyArea>
      </billSubjects>
    </subjects>
    <laws />
    <policyArea>
      <name>International Affairs</name>
    </policyArea>
    <committees>
      <billCommittees>
        <item>
          <name>Foreign Affairs Committee</name>
          <chamber>House</chamber>
          <type>Standing</type>
          <subcommittees />
          <systemCode>hsfa00</systemCode>
          <activities>
            <item>
              <name>Referred to</name>
              <date>2017-05-18T14:02:10Z</date>
            </item>
          </activities>
        </item>
      </billCommittees>
    </committees>
    <version>1.0.0</version>
    <recordedVotes />
    <updateDate>2018-02-06T16:39:47Z</updateDate>
    <title>Recognizing the essential contributions of frontline health workers to strengthening the United States national security and economic prosperity, sustaining and expanding progress on global health, and saving the lives of millions of women, men, and children around the world.</title>
    <createDate>2017-05-19T03:11:37Z</createDate>
    <cboCostEstimates />
    <actions>
      <item>
        <links />
        <actionDate>2017-05-18</actionDate>
        <type>IntroReferral</type>
        <text>Referred to the House Committee on Foreign Affairs.</text>
        <actionCode>H11100</actionCode>
        <sourceSystem>
          <name>House floor actions</name>
          <code>2</code>
        </sourceSystem>
        <committee>
          <systemCode>hsfa00</systemCode>
          <name>Foreign Affairs Committee</name>
        </committee>
      </item>
      <item>
        <links />
        <actionDate>2017-05-18</actionDate>
        <type>IntroReferral</type>
        <text>Introduced in House</text>
        <actionCode>Intro-H</actionCode>
        <sourceSystem>
          <name>Library of Congress</name>
          <code>9</code>
        </sourceSystem>
        <committee />
      </item>
      <item>
        <links />
        <actionDate>2017-05-18</actionDate>
        <type>IntroReferral</type>
        <text>Introduced in House</text>
        <actionCode>1000</actionCode>
        <sourceSystem>
          <name>Library of Congress</name>
          <code>9</code>
        </sourceSystem>
        <committee />
      </item>
      <actionByCounts>
        <houseOfRepresentatives>3</houseOfRepresentatives>
      </actionByCounts>
      <actionTypeCounts>
        <billReferrals>1</billReferrals>
        <introducedInTheHouse>1</introducedInTheHouse>
        <introducedInHouse>1</introducedInHouse>
      </actionTypeCounts>
    </actions>
    <amendments />
    <notes />
    <calendarNumbers />
    <cosponsors>
      <item>
        <isOriginalCosponsor>True</isOriginalCosponsor>
        <firstName>Mario</firstName>
        <party>R</party>
        <sponsorshipDate>2017-05-18</sponsorshipDate>
        <lastName>Diaz-Balart</lastName>
        <bioguideId>D000600</bioguideId>
        <middleName />
        <identifiers>
          <gpoId>7893</gpoId>
          <lisID>1717</lisID>
          <bioguideId>D000600</bioguideId>
        </identifiers>
        <fullName>Rep. Diaz-Balart, Mario [R-FL-25]</fullName>
        <state>FL</state>
        <district>25</district>
        <sponsorshipWithdrawnDate />
      </item>
      <item>
        <isOriginalCosponsor>False</isOriginalCosponsor>
        <firstName>JAMES</firstName>
        <party>D</party>
        <sponsorshipDate>2017-06-07</sponsorshipDate>
        <lastName>MCGOVERN</lastName>
        <bioguideId>M000312</bioguideId>
        <middleName>P.</middleName>
        <identifiers>
          <lisID>1504</lisID>
          <bioguideId>M000312</bioguideId>
          <gpoId>7968</gpoId>
        </identifiers>
        <fullName>Rep. McGovern, James P. [D-MA-2]</fullName>
        <state>MA</state>
        <district>2</district>
        <sponsorshipWithdrawnDate />
      </item>
      <item>
        <isOriginalCosponsor>False</isOriginalCosponsor>
        <firstName>LUCILLE</firstName>
        <party>D</party>
        <sponsorshipDate>2017-06-07</sponsorshipDate>
        <lastName>ROYBAL-ALLARD</lastName>
        <bioguideId>R000486</bioguideId>
        <middleName />
        <identifiers>
          <lisID>997</lisID>
          <gpoId>7839</gpoId>
          <bioguideId>R000486</bioguideId>
        </identifiers>
        <fullName>Rep. Roybal-Allard, Lucille [D-CA-40]</fullName>
        <state>CA</state>
        <district>40</district>
        <sponsorshipWithdrawnDate />
      </item>
      <item>
        <isOriginalCosponsor>False</isOriginalCosponsor>
        <firstName>Raul</firstName>
        <party>D</party>
        <sponsorshipDate>2017-06-07</sponsorshipDate>
        <lastName>Grijalva</lastName>
        <bioguideId>G000551</bioguideId>
        <middleName>M.</middleName>
        <identifiers>
          <bioguideId>G000551</bioguideId>
          <lisID>1708</lisID>
          <gpoId>7804</gpoId>
        </identifiers>
        <fullName>Rep. Grijalva, Raul M. [D-AZ-3]</fullName>
        <state>AZ</state>
        <district>3</district>
        <sponsorshipWithdrawnDate />
      </item>
      <item>
        <isOriginalCosponsor>False</isOriginalCosponsor>
        <firstName>ELIOT</firstName>
        <party>D</party>
        <sponsorshipDate>2017-06-07</sponsorshipDate>
        <lastName>ENGEL</lastName>
        <bioguideId>E000179</bioguideId>
        <middleName>L.</middleName>
        <identifiers>
          <bioguideId>E000179</bioguideId>
          <gpoId>8078</gpoId>
          <lisID>344</lisID>
        </identifiers>
        <fullName>Rep. Engel, Eliot L. [D-NY-16]</fullName>
        <state>NY</state>
        <district>16</district>
        <sponsorshipWithdrawnDate />
      </item>
      <item>
        <isOriginalCosponsor>False</isOriginalCosponsor>
        <firstName>Derek</firstName>
        <party>D</party>
        <sponsorshipDate>2017-06-23</sponsorshipDate>
        <lastName>Kilmer</lastName>
        <bioguideId>K000381</bioguideId>
        <middleName />
        <identifiers>
          <lisID>2169</lisID>
          <bioguideId>K000381</bioguideId>
          <gpoId />
        </identifiers>
        <fullName>Rep. Kilmer, Derek [D-WA-6]</fullName>
        <state>WA</state>
        <district>6</district>
        <sponsorshipWithdrawnDate />
      </item>
      <item>
        <isOriginalCosponsor>False</isOriginalCosponsor>
        <firstName>JAMES</firstName>
        <party>D</party>
        <sponsorshipDate>2017-06-23</sponsorshipDate>
        <lastName>LANGEVIN</lastName>
        <bioguideId>L000559</bioguideId>
        <middleName>R.</middleName>
        <identifiers>
          <gpoId>8140</gpoId>
          <lisID>1668</lisID>
          <bioguideId>L000559</bioguideId>
        </identifiers>
        <fullName>Rep. Langevin, James R. [D-RI-2]</fullName>
        <state>RI</state>
        <district>2</district>
        <sponsorshipWithdrawnDate />
      </item>
      <item>
        <isOriginalCosponsor>False</isOriginalCosponsor>
        <firstName>Randy</firstName>
        <party>R</party>
        <sponsorshipDate>2017-06-23</sponsorshipDate>
        <lastName>Weber</lastName>
        <bioguideId>W000814</bioguideId>
        <middleName>K.</middleName>
        <identifiers>
          <bioguideId>W000814</bioguideId>
          <lisID>2161</lisID>
          <gpoId />
        </identifiers>
        <fullName>Rep. Weber, Randy K., Sr. [R-TX-14]</fullName>
        <state>TX</state>
        <district>14</district>
        <sponsorshipWithdrawnDate />
      </item>
      <item>
        <isOriginalCosponsor>False</isOriginalCosponsor>
        <firstName>ADAM</firstName>
        <party>D</party>
        <sponsorshipDate>2017-07-12</sponsorshipDate>
        <lastName>SMITH</lastName>
        <bioguideId>S000510</bioguideId>
        <middleName />
        <identifiers>
          <bioguideId>S000510</bioguideId>
          <lisID>1528</lisID>
          <gpoId>8213</gpoId>
        </identifiers>
        <fullName>Rep. Smith, Adam [D-WA-9]</fullName>
        <state>WA</state>
        <district>9</district>
        <sponsorshipWithdrawnDate />
      </item>
      <item>
        <isOriginalCosponsor>False</isOriginalCosponsor>
        <firstName>BETTY</firstName>
        <party>D</party>
        <sponsorshipDate>2017-07-12</sponsorshipDate>
        <lastName>MCCOLLUM</lastName>
        <bioguideId>M001143</bioguideId>
        <middleName />
        <identifiers>
          <bioguideId>M001143</bioguideId>
          <lisID>1653</lisID>
          <gpoId>8004</gpoId>
        </identifiers>
        <fullName>Rep. McCollum, Betty [D-MN-4]</fullName>
        <state>MN</state>
        <district>4</district>
        <sponsorshipWithdrawnDate />
      </item>
      <item>
        <isOriginalCosponsor>False</isOriginalCosponsor>
        <firstName>Sean</firstName>
        <party>D</party>
        <sponsorshipDate>2017-07-12</sponsorshipDate>
        <lastName>Maloney</lastName>
        <bioguideId>M001185</bioguideId>
        <middleName>Patrick</middleName>
        <identifiers>
          <bioguideId>M001185</bioguideId>
          <gpoId />
          <lisID>2150</lisID>
        </identifiers>
        <fullName>Rep. Maloney, Sean Patrick [D-NY-18]</fullName>
        <state>NY</state>
        <district>18</district>
        <sponsorshipWithdrawnDate />
      </item>
      <item>
        <isOriginalCosponsor>False</isOriginalCosponsor>
        <firstName>Scott</firstName>
        <party>R</party>
        <sponsorshipDate>2017-07-12</sponsorshipDate>
        <lastName>DesJarlais</lastName>
        <bioguideId>D000616</bioguideId>
        <middleName />
        <identifiers>
          <gpoId>8151</gpoId>
          <bioguideId>D000616</bioguideId>
          <lisID>2062</lisID>
        </identifiers>
        <fullName>Rep. DesJarlais, Scott [R-TN-4]</fullName>
        <state>TN</state>
        <district>4</district>
        <sponsorshipWithdrawnDate />
      </item>
      <item>
        <isOriginalCosponsor>False</isOriginalCosponsor>
        <firstName>Daniel</firstName>
        <party>R</party>
        <sponsorshipDate>2017-09-26</sponsorshipDate>
        <lastName>Donovan</lastName>
        <bioguideId>D000625</bioguideId>
        <middleName>M.</middleName>
        <identifiers>
          <gpoId />
          <lisID>2293</lisID>
          <bioguideId>D000625</bioguideId>
        </identifiers>
        <fullName>Rep. Donovan, Daniel M., Jr. [R-NY-11]</fullName>
        <state>NY</state>
        <district>11</district>
        <sponsorshipWithdrawnDate />
      </item>
    </cosponsors>
  </bill>
  <dublinCore xmlns:dc="http://purl.org/dc/elements/1.1/">
    <dc:format>text/xml</dc:format>
    <dc:language>EN</dc:language>
    <dc:rights>Pursuant to Title 17 Section 105 of the United States Code, this file is not subject to copyright protection and is in the public domain.</dc:rights>
    <dc:contributor>Congressional Research Service, Library of Congress</dc:contributor>
    <dc:description>This file contains bill summaries and statuses for federal legislation. A bill summary describes the most significant provisions of a piece of legislation and details the effects the legislative text may have on current law and federal programs. Bill summaries are authored by the Congressional Research Service (CRS) of the Library of Congress. As stated in Public Law 91-510 (2 USC 166 (d)(6)), one of the duties of CRS is "to prepare summaries and digests of bills and resolutions of a public general nature introduced in the Senate or House of Representatives". For more information, refer to the User Guide that accompanies this file.</dc:description>
  </dublinCore>
</billStatus>

