<?xml version="1.0" encoding="UTF-8"?>
<billStatus>
  <bill>
    <policyArea>
      <name>Congress</name>
    </policyArea>
    <introducedDate>2017-03-21</introducedDate>
    <cosponsors>
      <item>
        <identifiers>
          <bioguideId>N000127</bioguideId>
          <gpoId />
          <lisID>867</lisID>
        </identifiers>
        <sponsorshipDate>2017-03-24</sponsorshipDate>
        <district>8</district>
        <middleName />
        <sponsorshipWithdrawnDate />
        <fullName>Rep. Nolan, Richard M. [D-MN-8]</fullName>
        <party>D</party>
        <firstName>RICHARD</firstName>
        <isOriginalCosponsor>False</isOriginalCosponsor>
        <lastName>NOLAN</lastName>
        <state>MN</state>
        <bioguideId>N000127</bioguideId>
      </item>
      <item>
        <identifiers>
          <lisID>2297</lisID>
          <bioguideId>C001108</bioguideId>
          <gpoId />
        </identifiers>
        <sponsorshipDate>2017-04-03</sponsorshipDate>
        <district>1</district>
        <middleName />
        <sponsorshipWithdrawnDate />
        <fullName>Rep. Comer, James [R-KY-1]</fullName>
        <party>R</party>
        <firstName>James</firstName>
        <isOriginalCosponsor>False</isOriginalCosponsor>
        <lastName>Comer</lastName>
        <state>KY</state>
        <bioguideId>C001108</bioguideId>
      </item>
      <item>
        <identifiers>
          <gpoId>8216</gpoId>
          <bioguideId>K000188</bioguideId>
          <lisID>1498</lisID>
        </identifiers>
        <sponsorshipDate>2017-05-03</sponsorshipDate>
        <district>3</district>
        <middleName />
        <sponsorshipWithdrawnDate />
        <fullName>Rep. Kind, Ron [D-WI-3]</fullName>
        <party>D</party>
        <firstName>RON</firstName>
        <isOriginalCosponsor>False</isOriginalCosponsor>
        <lastName>KIND</lastName>
        <state>WI</state>
        <bioguideId>K000188</bioguideId>
      </item>
      <item>
        <identifiers>
          <gpoId />
          <lisID>2341</lisID>
          <bioguideId>S001201</bioguideId>
        </identifiers>
        <sponsorshipDate>2017-05-03</sponsorshipDate>
        <district>3</district>
        <middleName>R.</middleName>
        <sponsorshipWithdrawnDate />
        <fullName>Rep. Suozzi, Thomas R. [D-NY-3]</fullName>
        <party>D</party>
        <firstName>Thomas</firstName>
        <isOriginalCosponsor>False</isOriginalCosponsor>
        <lastName>Suozzi</lastName>
        <state>NY</state>
        <bioguideId>S001201</bioguideId>
      </item>
      <item>
        <identifiers>
          <gpoId>8003</gpoId>
          <lisID>1930</lisID>
          <bioguideId>P000594</bioguideId>
        </identifiers>
        <sponsorshipDate>2017-06-07</sponsorshipDate>
        <district>3</district>
        <middleName />
        <sponsorshipWithdrawnDate />
        <fullName>Rep. Paulsen, Erik [R-MN-3]</fullName>
        <party>R</party>
        <firstName>Erik</firstName>
        <isOriginalCosponsor>False</isOriginalCosponsor>
        <lastName>Paulsen</lastName>
        <state>MN</state>
        <bioguideId>P000594</bioguideId>
      </item>
      <item>
        <identifiers>
          <gpoId>8007</gpoId>
          <lisID>910</lisID>
          <bioguideId>P000258</bioguideId>
        </identifiers>
        <sponsorshipDate>2017-06-15</sponsorshipDate>
        <district>7</district>
        <middleName>C.</middleName>
        <sponsorshipWithdrawnDate />
        <fullName>Rep. Peterson, Collin C. [D-MN-7]</fullName>
        <party>D</party>
        <firstName>COLLIN</firstName>
        <isOriginalCosponsor>False</isOriginalCosponsor>
        <lastName>PETERSON</lastName>
        <state>MN</state>
        <bioguideId>P000258</bioguideId>
      </item>
      <item>
        <identifiers>
          <lisID>635</lisID>
          <gpoId>8064</gpoId>
          <bioguideId>K000210</bioguideId>
        </identifiers>
        <sponsorshipDate>2017-06-28</sponsorshipDate>
        <district>2</district>
        <middleName>T.</middleName>
        <sponsorshipWithdrawnDate />
        <fullName>Rep. King, Peter T. [R-NY-2]</fullName>
        <party>R</party>
        <firstName>PETER</firstName>
        <isOriginalCosponsor>False</isOriginalCosponsor>
        <lastName>KING</lastName>
        <state>NY</state>
        <bioguideId>K000210</bioguideId>
      </item>
      <item>
        <identifiers>
          <bioguideId>M001188</bioguideId>
          <lisID>2148</lisID>
          <gpoId />
        </identifiers>
        <sponsorshipDate>2017-09-18</sponsorshipDate>
        <district>6</district>
        <middleName />
        <sponsorshipWithdrawnDate />
        <fullName>Rep. Meng, Grace [D-NY-6]</fullName>
        <party>D</party>
        <firstName>Grace</firstName>
        <isOriginalCosponsor>False</isOriginalCosponsor>
        <lastName>Meng</lastName>
        <state>NY</state>
        <bioguideId>M001188</bioguideId>
      </item>
    </cosponsors>
    <titles>
      <item>
        <title>Establishing a Select Committee on POW and MIA Affairs.</title>
        <titleType>Official Title as Introduced</titleType>
        <parentTitleType />
        <chamberCode />
        <chamberName />
      </item>
      <item>
        <title>Establishing a Select Committee on POW and MIA Affairs.</title>
        <titleType>Display Title</titleType>
        <parentTitleType />
        <chamberCode />
        <chamberName />
      </item>
    </titles>
    <congress>115</congress>
    <recordedVotes />
    <amendments />
    <laws />
    <cboCostEstimates />
    <actions>
      <item>
        <sourceSystem>
          <name>House floor actions</name>
          <code>2</code>
        </sourceSystem>
        <actionDate>2017-03-21</actionDate>
        <links />
        <text>Referred to the House Committee on Rules.</text>
        <committee>
          <systemCode>hsru00</systemCode>
          <name>Rules Committee</name>
        </committee>
        <actionCode>H11100</actionCode>
        <type>IntroReferral</type>
      </item>
      <item>
        <sourceSystem>
          <name>Library of Congress</name>
          <code>9</code>
        </sourceSystem>
        <actionDate>2017-03-21</actionDate>
        <links />
        <text>Introduced in House</text>
        <committee />
        <actionCode>Intro-H</actionCode>
        <type>IntroReferral</type>
      </item>
      <item>
        <sourceSystem>
          <name>Library of Congress</name>
          <code>9</code>
        </sourceSystem>
        <actionDate>2017-03-21</actionDate>
        <links />
        <text>Introduced in House</text>
        <committee />
        <actionCode>1000</actionCode>
        <type>IntroReferral</type>
      </item>
      <actionByCounts>
        <houseOfRepresentatives>3</houseOfRepresentatives>
      </actionByCounts>
      <actionTypeCounts>
        <billReferrals>1</billReferrals>
        <introducedInTheHouse>1</introducedInTheHouse>
        <introducedInHouse>1</introducedInHouse>
      </actionTypeCounts>
    </actions>
    <updateDate>2018-02-06T16:39:40Z</updateDate>
    <summaries>
      <billSummaries>
        <item>
          <lastSummaryUpdateDate>2017-06-07T19:05:09Z</lastSummaryUpdateDate>
          <updateDate>2017-03-21T04:00:00Z</updateDate>
          <versionCode>00</versionCode>
          <text><![CDATA[<p>Establishes the House Select Committee on POW and MIA Affairs to conduct a full investigation of all unresolved matters relating to any U.S. personnel unaccounted for from the Vietnam era, the Korean conflict, World War II, Cold War Missions, the Persian Gulf War, Operation Iraqi Freedom, or Operation Enduring Freedom.</p>]]></text>
          <name>Introduced in House</name>
          <actionDesc>Introduced in House</actionDesc>
          <actionDate>2017-03-21</actionDate>
        </item>
      </billSummaries>
    </summaries>
    <title>Establishing a Select Committee on POW and MIA Affairs.</title>
    <calendarNumbers />
    <originChamber>House</originChamber>
    <constitutionalAuthorityStatementText />
    <notes />
    <billType>HRES</billType>
    <committees>
      <billCommittees>
        <item>
          <subcommittees />
          <type>Standing</type>
          <systemCode>hsru00</systemCode>
          <activities>
            <item>
              <name>Referred to</name>
              <date>2017-03-21T14:03:10Z</date>
            </item>
          </activities>
          <name>Rules Committee</name>
          <chamber>House</chamber>
        </item>
      </billCommittees>
    </committees>
    <latestAction>
      <text>Referred to the House Committee on Rules.</text>
      <actionDate>2017-03-21</actionDate>
      <links />
    </latestAction>
    <committeeReports />
    <billNumber>219</billNumber>
    <sponsors>
      <item>
        <byRequestType />
        <state>NC</state>
        <bioguideId>W000819</bioguideId>
        <identifiers>
          <gpoId />
          <bioguideId>W000819</bioguideId>
          <lisID>2255</lisID>
        </identifiers>
        <fullName>Rep. Walker, Mark [R-NC-6]</fullName>
        <district>6</district>
        <lastName>Walker</lastName>
        <firstName>Mark</firstName>
        <middleName />
        <party>R</party>
      </item>
    </sponsors>
    <subjects>
      <billSubjects>
        <policyArea>
          <name>Congress</name>
        </policyArea>
        <legislativeSubjects>
          <item>
            <name>Conflicts and wars</name>
          </item>
          <item>
            <name>Congressional committees</name>
          </item>
          <item>
            <name>Congressional operations and organization</name>
          </item>
          <item>
            <name>Congressional oversight</name>
          </item>
          <item>
            <name>House of Representatives</name>
          </item>
          <item>
            <name>Military personnel and dependents</name>
          </item>
        </legislativeSubjects>
      </billSubjects>
    </subjects>
    <createDate>2017-03-22T05:45:12Z</createDate>
    <version>1.0.0</version>
    <relatedBills />
  </bill>
  <dublinCore xmlns:dc="http://purl.org/dc/elements/1.1/">
    <dc:format>text/xml</dc:format>
    <dc:language>EN</dc:language>
    <dc:rights>Pursuant to Title 17 Section 105 of the United States Code, this file is not subject to copyright protection and is in the public domain.</dc:rights>
    <dc:contributor>Congressional Research Service, Library of Congress</dc:contributor>
    <dc:description>This file contains bill summaries and statuses for federal legislation. A bill summary describes the most significant provisions of a piece of legislation and details the effects the legislative text may have on current law and federal programs. Bill summaries are authored by the Congressional Research Service (CRS) of the Library of Congress. As stated in Public Law 91-510 (2 USC 166 (d)(6)), one of the duties of CRS is "to prepare summaries and digests of bills and resolutions of a public general nature introduced in the Senate or House of Representatives". For more information, refer to the User Guide that accompanies this file.</dc:description>
  </dublinCore>
</billStatus>

