<?xml version="1.0" encoding="UTF-8"?>
<billStatus>
  <bill>
    <policyArea>
      <name>Labor and Employment</name>
    </policyArea>
    <committeeReports />
    <congress>115</congress>
    <sponsors>
      <item>
        <identifiers>
          <gpoId>7844</gpoId>
          <bioguideId>S001156</bioguideId>
          <lisID>1757</lisID>
        </identifiers>
        <district>38</district>
        <middleName>T.</middleName>
        <byRequestType />
        <fullName>Rep. Sanchez, Linda T. [D-CA-38]</fullName>
        <bioguideId>S001156</bioguideId>
        <state>CA</state>
        <party>D</party>
        <firstName>LINDA</firstName>
        <lastName>SANCHEZ</lastName>
      </item>
    </sponsors>
    <calendarNumbers />
    <amendments />
    <relatedBills />
    <notes />
    <originChamber>House</originChamber>
    <version>1.0.0</version>
    <billNumber>430</billNumber>
    <title>Expressing support for the designation of Journeyman Lineman Recognition Day.</title>
    <cosponsors>
      <item>
        <identifiers>
          <lisID>2074</lisID>
          <bioguideId>M001180</bioguideId>
          <gpoId>8222</gpoId>
        </identifiers>
        <sponsorshipDate>2017-07-06</sponsorshipDate>
        <district>1</district>
        <middleName>B.</middleName>
        <sponsorshipWithdrawnDate />
        <fullName>Rep. McKinley, David B. [R-WV-1]</fullName>
        <party>R</party>
        <firstName>David</firstName>
        <isOriginalCosponsor>True</isOriginalCosponsor>
        <lastName>McKinley</lastName>
        <state>WV</state>
        <bioguideId>M001180</bioguideId>
      </item>
      <item>
        <identifiers>
          <lisID>2202</lisID>
          <gpoId />
          <bioguideId>N000188</bioguideId>
        </identifiers>
        <sponsorshipDate>2017-07-06</sponsorshipDate>
        <district>1</district>
        <middleName />
        <sponsorshipWithdrawnDate />
        <fullName>Rep. Norcross, Donald [D-NJ-1]</fullName>
        <party>D</party>
        <firstName>Donald</firstName>
        <isOriginalCosponsor>True</isOriginalCosponsor>
        <lastName>Norcross</lastName>
        <state>NJ</state>
        <bioguideId>N000188</bioguideId>
      </item>
      <item>
        <identifiers>
          <lisID>2096</lisID>
          <bioguideId>D000617</bioguideId>
          <gpoId>8374</gpoId>
        </identifiers>
        <sponsorshipDate>2017-07-06</sponsorshipDate>
        <district>1</district>
        <middleName>K.</middleName>
        <sponsorshipWithdrawnDate />
        <fullName>Rep. DelBene, Suzan K. [D-WA-1]</fullName>
        <party>D</party>
        <firstName>Suzan</firstName>
        <isOriginalCosponsor>True</isOriginalCosponsor>
        <lastName>DelBene</lastName>
        <state>WA</state>
        <bioguideId>D000617</bioguideId>
      </item>
      <item>
        <identifiers>
          <bioguideId>Y000033</bioguideId>
          <lisID>1256</lisID>
          <gpoId>7785</gpoId>
        </identifiers>
        <sponsorshipDate>2017-07-06</sponsorshipDate>
        <district>0</district>
        <middleName>E.</middleName>
        <sponsorshipWithdrawnDate />
        <fullName>Rep. Young, Don [R-AK-At Large]</fullName>
        <party>R</party>
        <firstName>DON</firstName>
        <isOriginalCosponsor>True</isOriginalCosponsor>
        <lastName>YOUNG</lastName>
        <state>AK</state>
        <bioguideId>Y000033</bioguideId>
      </item>
      <item>
        <identifiers>
          <lisID>1675</lisID>
          <bioguideId>L000560</bioguideId>
          <gpoId>8206</gpoId>
        </identifiers>
        <sponsorshipDate>2017-07-06</sponsorshipDate>
        <district>2</district>
        <middleName />
        <sponsorshipWithdrawnDate />
        <fullName>Rep. Larsen, Rick [D-WA-2]</fullName>
        <party>D</party>
        <firstName>RICK</firstName>
        <isOriginalCosponsor>True</isOriginalCosponsor>
        <lastName>LARSEN</lastName>
        <state>WA</state>
        <bioguideId>L000560</bioguideId>
      </item>
      <item>
        <identifiers>
          <gpoId>7815</gpoId>
          <lisID>1973</lisID>
          <bioguideId>G000559</bioguideId>
        </identifiers>
        <sponsorshipDate>2017-07-06</sponsorshipDate>
        <district>3</district>
        <middleName />
        <sponsorshipWithdrawnDate />
        <fullName>Rep. Garamendi, John [D-CA-3]</fullName>
        <party>D</party>
        <firstName>John</firstName>
        <isOriginalCosponsor>True</isOriginalCosponsor>
        <lastName>Garamendi</lastName>
        <state>CA</state>
        <bioguideId>G000559</bioguideId>
      </item>
      <item>
        <identifiers>
          <bioguideId>J000288</bioguideId>
          <lisID>1843</lisID>
          <gpoId>7901</gpoId>
        </identifiers>
        <sponsorshipDate>2017-07-06</sponsorshipDate>
        <district>4</district>
        <middleName>C. "Hank"</middleName>
        <sponsorshipWithdrawnDate />
        <fullName>Rep. Johnson, Henry C. "Hank," Jr. [D-GA-4]</fullName>
        <party>D</party>
        <firstName>Henry</firstName>
        <isOriginalCosponsor>True</isOriginalCosponsor>
        <lastName>Johnson</lastName>
        <state>GA</state>
        <bioguideId>J000288</bioguideId>
      </item>
      <item>
        <identifiers>
          <bioguideId>D000216</bioguideId>
          <lisID>281</lisID>
          <gpoId>7868</gpoId>
        </identifiers>
        <sponsorshipDate>2017-07-06</sponsorshipDate>
        <district>3</district>
        <middleName />
        <sponsorshipWithdrawnDate />
        <fullName>Rep. DeLauro, Rosa L. [D-CT-3]</fullName>
        <party>D</party>
        <firstName>ROSA</firstName>
        <isOriginalCosponsor>True</isOriginalCosponsor>
        <lastName>DELAURO</lastName>
        <state>CT</state>
        <bioguideId>D000216</bioguideId>
      </item>
      <item>
        <identifiers>
          <gpoId />
          <lisID>2171</lisID>
          <bioguideId>P000607</bioguideId>
        </identifiers>
        <sponsorshipDate>2017-07-06</sponsorshipDate>
        <district>2</district>
        <middleName />
        <sponsorshipWithdrawnDate />
        <fullName>Rep. Pocan, Mark [D-WI-2]</fullName>
        <party>D</party>
        <firstName>Mark</firstName>
        <isOriginalCosponsor>True</isOriginalCosponsor>
        <lastName>Pocan</lastName>
        <state>WI</state>
        <bioguideId>P000607</bioguideId>
      </item>
      <item>
        <identifiers>
          <bioguideId>L000562</bioguideId>
          <lisID>1686</lisID>
          <gpoId>7974</gpoId>
        </identifiers>
        <sponsorshipDate>2017-07-06</sponsorshipDate>
        <district>8</district>
        <middleName>F.</middleName>
        <sponsorshipWithdrawnDate />
        <fullName>Rep. Lynch, Stephen F. [D-MA-8]</fullName>
        <party>D</party>
        <firstName>Stephen</firstName>
        <isOriginalCosponsor>True</isOriginalCosponsor>
        <lastName>Lynch</lastName>
        <state>MA</state>
        <bioguideId>L000562</bioguideId>
      </item>
      <item>
        <identifiers>
          <gpoId />
          <bioguideId>A000371</bioguideId>
          <lisID>2229</lisID>
        </identifiers>
        <sponsorshipDate>2017-07-11</sponsorshipDate>
        <district>31</district>
        <middleName />
        <sponsorshipWithdrawnDate />
        <fullName>Rep. Aguilar, Pete [D-CA-31]</fullName>
        <party>D</party>
        <firstName>Pete</firstName>
        <isOriginalCosponsor>False</isOriginalCosponsor>
        <lastName>Aguilar</lastName>
        <state>CA</state>
        <bioguideId>A000371</bioguideId>
      </item>
      <item>
        <identifiers>
          <lisID>1781</lisID>
          <bioguideId>L000563</bioguideId>
          <gpoId>7923</gpoId>
        </identifiers>
        <sponsorshipDate>2017-07-11</sponsorshipDate>
        <district>3</district>
        <middleName>William</middleName>
        <sponsorshipWithdrawnDate />
        <fullName>Rep. Lipinski, Daniel [D-IL-3]</fullName>
        <party>D</party>
        <firstName>Daniel</firstName>
        <isOriginalCosponsor>False</isOriginalCosponsor>
        <lastName>Lipinski</lastName>
        <state>IL</state>
        <bioguideId>L000563</bioguideId>
      </item>
      <item>
        <identifiers>
          <lisID>2111</lisID>
          <gpoId />
          <bioguideId>L000579</bioguideId>
        </identifiers>
        <sponsorshipDate>2017-07-11</sponsorshipDate>
        <district>47</district>
        <middleName>S.</middleName>
        <sponsorshipWithdrawnDate />
        <fullName>Rep. Lowenthal, Alan S. [D-CA-47]</fullName>
        <party>D</party>
        <firstName>Alan</firstName>
        <isOriginalCosponsor>False</isOriginalCosponsor>
        <lastName>Lowenthal</lastName>
        <state>CA</state>
        <bioguideId>L000579</bioguideId>
      </item>
    </cosponsors>
    <subjects>
      <billSubjects>
        <legislativeSubjects>
          <item>
            <name>Commemorative events and holidays</name>
          </item>
          <item>
            <name>Congressional tributes</name>
          </item>
          <item>
            <name>Electric power generation and transmission</name>
          </item>
          <item>
            <name>Worker safety and health</name>
          </item>
        </legislativeSubjects>
        <policyArea>
          <name>Labor and Employment</name>
        </policyArea>
      </billSubjects>
    </subjects>
    <constitutionalAuthorityStatementText />
    <laws />
    <actions>
      <item>
        <links />
        <actionDate>2017-07-06</actionDate>
        <type>IntroReferral</type>
        <text>Referred to the House Committee on Energy and Commerce.</text>
        <actionCode>H11100</actionCode>
        <sourceSystem>
          <name>House floor actions</name>
          <code>2</code>
        </sourceSystem>
        <committee>
          <systemCode>hsif00</systemCode>
          <name>Energy and Commerce Committee</name>
        </committee>
      </item>
      <item>
        <links />
        <actionDate>2017-07-06</actionDate>
        <type>IntroReferral</type>
        <text>Introduced in House</text>
        <actionCode>Intro-H</actionCode>
        <sourceSystem>
          <name>Library of Congress</name>
          <code>9</code>
        </sourceSystem>
        <committee />
      </item>
      <item>
        <links />
        <actionDate>2017-07-06</actionDate>
        <type>IntroReferral</type>
        <text>Introduced in House</text>
        <actionCode>1000</actionCode>
        <sourceSystem>
          <name>Library of Congress</name>
          <code>9</code>
        </sourceSystem>
        <committee />
      </item>
      <actionByCounts>
        <houseOfRepresentatives>3</houseOfRepresentatives>
      </actionByCounts>
      <actionTypeCounts>
        <billReferrals>1</billReferrals>
        <introducedInTheHouse>1</introducedInTheHouse>
        <introducedInHouse>1</introducedInHouse>
      </actionTypeCounts>
    </actions>
    <titles>
      <item>
        <title>Expressing support for the designation of Journeyman Lineman Recognition Day.</title>
        <titleType>Official Title as Introduced</titleType>
        <parentTitleType />
        <chamberCode />
        <chamberName />
      </item>
      <item>
        <title>Expressing support for the designation of Journeyman Lineman Recognition Day.</title>
        <titleType>Display Title</titleType>
        <parentTitleType />
        <chamberCode />
        <chamberName />
      </item>
    </titles>
    <summaries>
      <billSummaries>
        <item>
          <versionCode>00</versionCode>
          <updateDate>2017-07-06T04:00:00Z</updateDate>
          <actionDesc>Introduced in House</actionDesc>
          <lastSummaryUpdateDate>2017-09-26T20:46:38Z</lastSummaryUpdateDate>
          <actionDate>2017-07-06</actionDate>
          <name>Introduced in House</name>
          <text><![CDATA[<p>Supports the designation of Journeyman Lineman Recognition Day. (A journeyman lineman is a person who builds and maintains electrical power systems.)</p>]]></text>
        </item>
      </billSummaries>
    </summaries>
    <committees>
      <billCommittees>
        <item>
          <subcommittees />
          <type>Standing</type>
          <systemCode>hsif00</systemCode>
          <activities>
            <item>
              <name>Referred to</name>
              <date>2017-07-06T13:00:31Z</date>
            </item>
          </activities>
          <name>Energy and Commerce Committee</name>
          <chamber>House</chamber>
        </item>
      </billCommittees>
    </committees>
    <introducedDate>2017-07-06</introducedDate>
    <updateDate>2018-02-06T16:39:52Z</updateDate>
    <cboCostEstimates />
    <recordedVotes />
    <billType>HRES</billType>
    <createDate>2017-07-07T03:11:32Z</createDate>
    <latestAction>
      <text>Referred to the House Committee on Energy and Commerce.</text>
      <links />
      <actionDate>2017-07-06</actionDate>
    </latestAction>
  </bill>
  <dublinCore xmlns:dc="http://purl.org/dc/elements/1.1/">
    <dc:format>text/xml</dc:format>
    <dc:language>EN</dc:language>
    <dc:rights>Pursuant to Title 17 Section 105 of the United States Code, this file is not subject to copyright protection and is in the public domain.</dc:rights>
    <dc:contributor>Congressional Research Service, Library of Congress</dc:contributor>
    <dc:description>This file contains bill summaries and statuses for federal legislation. A bill summary describes the most significant provisions of a piece of legislation and details the effects the legislative text may have on current law and federal programs. Bill summaries are authored by the Congressional Research Service (CRS) of the Library of Congress. As stated in Public Law 91-510 (2 USC 166 (d)(6)), one of the duties of CRS is "to prepare summaries and digests of bills and resolutions of a public general nature introduced in the Senate or House of Representatives". For more information, refer to the User Guide that accompanies this file.</dc:description>
  </dublinCore>
</billStatus>

