<?xml version="1.0" encoding="UTF-8"?>
<billStatus>
  <bill>
    <constitutionalAuthorityStatementText />
    <originChamber>House</originChamber>
    <subjects>
      <billSubjects>
        <legislativeSubjects>
          <item>
            <name>Athletes</name>
          </item>
          <item>
            <name>California</name>
          </item>
          <item>
            <name>Congressional tributes</name>
          </item>
        </legislativeSubjects>
        <policyArea>
          <name>Sports and Recreation</name>
        </policyArea>
      </billSubjects>
    </subjects>
    <cosponsors />
    <billType>HRES</billType>
    <recordedVotes />
    <laws />
    <committeeReports />
    <actions>
      <actionTypeCounts>
        <introducedInTheHouse>1</introducedInTheHouse>
        <introducedInHouse>1</introducedInHouse>
        <billReferrals>1</billReferrals>
      </actionTypeCounts>
      <item>
        <text>Referred to the House Committee on Oversight and Government Reform.</text>
        <links />
        <actionDate>2017-09-01</actionDate>
        <committee>
          <systemCode>hsgo00</systemCode>
          <name>Oversight and Government Reform Committee</name>
        </committee>
        <sourceSystem>
          <name>House floor actions</name>
          <code>2</code>
        </sourceSystem>
        <type>IntroReferral</type>
        <actionCode>H11100</actionCode>
      </item>
      <item>
        <text>Introduced in House</text>
        <links />
        <actionDate>2017-09-01</actionDate>
        <committee />
        <sourceSystem>
          <name>Library of Congress</name>
          <code>9</code>
        </sourceSystem>
        <type>IntroReferral</type>
        <actionCode>Intro-H</actionCode>
      </item>
      <item>
        <text>Introduced in House</text>
        <links />
        <actionDate>2017-09-01</actionDate>
        <committee />
        <sourceSystem>
          <name>Library of Congress</name>
          <code>9</code>
        </sourceSystem>
        <type>IntroReferral</type>
        <actionCode>1000</actionCode>
      </item>
      <actionByCounts>
        <houseOfRepresentatives>3</houseOfRepresentatives>
      </actionByCounts>
    </actions>
    <createDate>2017-09-02T03:11:30Z</createDate>
    <version>1.0.0</version>
    <notes />
    <latestAction>
      <actionDate>2017-09-01</actionDate>
      <text>Referred to the House Committee on Oversight and Government Reform.</text>
      <links />
    </latestAction>
    <title>Honoring the Covina Pony League Baseball Team of Covina, California, for winning the 2017 Pony League World Series Championship.</title>
    <summaries>
      <billSummaries>
        <item>
          <versionCode>00</versionCode>
          <updateDate>2017-09-01T04:00:00Z</updateDate>
          <actionDate>2017-09-01</actionDate>
          <text><![CDATA[<p>Congratulates the Covina Pony League Baseball Team of Covina, California, for their victory in the 2017 Pony League World Series championship.</p>]]></text>
          <actionDesc>Introduced in House</actionDesc>
          <lastSummaryUpdateDate>2017-11-22T15:18:03Z</lastSummaryUpdateDate>
          <name>Introduced in House</name>
        </item>
      </billSummaries>
    </summaries>
    <congress>115</congress>
    <policyArea>
      <name>Sports and Recreation</name>
    </policyArea>
    <billNumber>499</billNumber>
    <calendarNumbers />
    <cboCostEstimates />
    <introducedDate>2017-09-01</introducedDate>
    <relatedBills />
    <committees>
      <billCommittees>
        <item>
          <systemCode>hsgo00</systemCode>
          <name>Oversight and Government Reform Committee</name>
          <type>Standing</type>
          <activities>
            <item>
              <name>Referred to</name>
              <date>2017-09-01T17:01:30Z</date>
            </item>
          </activities>
          <chamber>House</chamber>
          <subcommittees />
        </item>
      </billCommittees>
    </committees>
    <titles>
      <item>
        <chamberCode />
        <titleType>Official Title as Introduced</titleType>
        <parentTitleType />
        <chamberName />
        <title>Honoring the Covina Pony League Baseball Team of Covina, California, for winning the 2017 Pony League World Series Championship.</title>
      </item>
      <item>
        <chamberCode />
        <titleType>Display Title</titleType>
        <parentTitleType />
        <chamberName />
        <title>Honoring the Covina Pony League Baseball Team of Covina, California, for winning the 2017 Pony League World Series Championship.</title>
      </item>
    </titles>
    <sponsors>
      <item>
        <fullName>Rep. Napolitano, Grace F. [D-CA-32]</fullName>
        <middleName>F.</middleName>
        <district>32</district>
        <byRequestType />
        <firstName>GRACE</firstName>
        <bioguideId>N000179</bioguideId>
        <state>CA</state>
        <party>D</party>
        <lastName>NAPOLITANO</lastName>
        <identifiers>
          <bioguideId>N000179</bioguideId>
          <lisID>1602</lisID>
          <gpoId>7843</gpoId>
        </identifiers>
      </item>
    </sponsors>
    <updateDate>2018-02-06T16:39:57Z</updateDate>
    <amendments />
  </bill>
  <dublinCore xmlns:dc="http://purl.org/dc/elements/1.1/">
    <dc:format>text/xml</dc:format>
    <dc:language>EN</dc:language>
    <dc:rights>Pursuant to Title 17 Section 105 of the United States Code, this file is not subject to copyright protection and is in the public domain.</dc:rights>
    <dc:contributor>Congressional Research Service, Library of Congress</dc:contributor>
    <dc:description>This file contains bill summaries and statuses for federal legislation. A bill summary describes the most significant provisions of a piece of legislation and details the effects the legislative text may have on current law and federal programs. Bill summaries are authored by the Congressional Research Service (CRS) of the Library of Congress. As stated in Public Law 91-510 (2 USC 166 (d)(6)), one of the duties of CRS is "to prepare summaries and digests of bills and resolutions of a public general nature introduced in the Senate or House of Representatives". For more information, refer to the User Guide that accompanies this file.</dc:description>
  </dublinCore>
</billStatus>

