<?xml version="1.0" encoding="UTF-8"?>
<billStatus>
  <bill>
    <calendarNumbers />
    <constitutionalAuthorityStatementText />
    <congress>115</congress>
    <titles>
      <item>
        <chamberCode />
        <titleType>Official Title as Introduced</titleType>
        <parentTitleType />
        <chamberName />
        <title>Expressing support for the designation of June 21 as International Yoga Day.</title>
      </item>
      <item>
        <chamberCode />
        <titleType>Display Title</titleType>
        <parentTitleType />
        <chamberName />
        <title>Expressing support for the designation of June 21 as International Yoga Day.</title>
      </item>
    </titles>
    <introducedDate>2017-06-21</introducedDate>
    <latestAction>
      <actionDate>2017-06-21</actionDate>
      <text>Referred to the House Committee on Oversight and Government Reform.</text>
      <links />
    </latestAction>
    <title>Expressing support for the designation of June 21 as International Yoga Day.</title>
    <subjects>
      <billSubjects>
        <legislativeSubjects>
          <item>
            <name>Commemorative events and holidays</name>
          </item>
          <item>
            <name>Physical fitness and lifestyle</name>
          </item>
        </legislativeSubjects>
        <policyArea>
          <name>Health</name>
        </policyArea>
      </billSubjects>
    </subjects>
    <relatedBills />
    <updateDate>2018-02-06T16:39:50Z</updateDate>
    <committeeReports />
    <notes />
    <recordedVotes />
    <amendments />
    <billType>HRES</billType>
    <committees>
      <billCommittees>
        <item>
          <systemCode>hsgo00</systemCode>
          <name>Oversight and Government Reform Committee</name>
          <type>Standing</type>
          <activities>
            <item>
              <name>Referred to</name>
              <date>2017-06-21T14:01:20Z</date>
            </item>
          </activities>
          <chamber>House</chamber>
          <subcommittees />
        </item>
      </billCommittees>
    </committees>
    <cboCostEstimates />
    <billNumber>398</billNumber>
    <policyArea>
      <name>Health</name>
    </policyArea>
    <version>1.0.0</version>
    <createDate>2017-06-22T08:44:28Z</createDate>
    <originChamber>House</originChamber>
    <actions>
      <actionByCounts>
        <houseOfRepresentatives>3</houseOfRepresentatives>
      </actionByCounts>
      <actionTypeCounts>
        <introducedInTheHouse>1</introducedInTheHouse>
        <billReferrals>1</billReferrals>
        <introducedInHouse>1</introducedInHouse>
      </actionTypeCounts>
      <item>
        <sourceSystem>
          <name>House floor actions</name>
          <code>2</code>
        </sourceSystem>
        <actionDate>2017-06-21</actionDate>
        <text>Referred to the House Committee on Oversight and Government Reform.</text>
        <type>IntroReferral</type>
        <links />
        <committee>
          <systemCode>hsgo00</systemCode>
          <name>Oversight and Government Reform Committee</name>
        </committee>
        <actionCode>H11100</actionCode>
      </item>
      <item>
        <sourceSystem>
          <name>Library of Congress</name>
          <code>9</code>
        </sourceSystem>
        <actionDate>2017-06-21</actionDate>
        <text>Introduced in House</text>
        <type>IntroReferral</type>
        <links />
        <committee />
        <actionCode>Intro-H</actionCode>
      </item>
      <item>
        <sourceSystem>
          <name>Library of Congress</name>
          <code>9</code>
        </sourceSystem>
        <actionDate>2017-06-21</actionDate>
        <text>Introduced in House</text>
        <type>IntroReferral</type>
        <links />
        <committee />
        <actionCode>1000</actionCode>
      </item>
    </actions>
    <sponsors>
      <item>
        <party>D</party>
        <bioguideId>G000571</bioguideId>
        <district>2</district>
        <firstName>Tulsi</firstName>
        <middleName />
        <state>HI</state>
        <fullName>Rep. Gabbard, Tulsi [D-HI-2]</fullName>
        <identifiers>
          <lisID>2122</lisID>
          <gpoId />
          <bioguideId>G000571</bioguideId>
        </identifiers>
        <lastName>Gabbard</lastName>
        <byRequestType />
      </item>
    </sponsors>
    <summaries>
      <billSummaries>
        <item>
          <text><![CDATA[<p>Expresses support for the designation of International Yoga Day.</p> <p> Encourages all individuals to participate in International Yoga Day events.</p>]]></text>
          <actionDate>2017-06-21</actionDate>
          <updateDate>2017-06-21T04:00:00Z</updateDate>
          <lastSummaryUpdateDate>2017-07-03T13:37:56Z</lastSummaryUpdateDate>
          <name>Introduced in House</name>
          <actionDesc>Introduced in House</actionDesc>
          <versionCode>00</versionCode>
        </item>
      </billSummaries>
    </summaries>
    <laws />
    <cosponsors>
      <item>
        <state>OH</state>
        <identifiers>
          <lisID>1756</lisID>
          <bioguideId>R000577</bioguideId>
          <gpoId>8107</gpoId>
        </identifiers>
        <district>13</district>
        <sponsorshipDate>2017-06-21</sponsorshipDate>
        <lastName>RYAN</lastName>
        <fullName>Rep. Ryan, Tim [D-OH-13]</fullName>
        <middleName />
        <party>D</party>
        <sponsorshipWithdrawnDate />
        <bioguideId>R000577</bioguideId>
        <firstName>TIM</firstName>
        <isOriginalCosponsor>True</isOriginalCosponsor>
      </item>
      <item>
        <state>IL</state>
        <identifiers>
          <bioguideId>K000391</bioguideId>
          <gpoId />
          <lisID>2325</lisID>
        </identifiers>
        <district>8</district>
        <sponsorshipDate>2017-06-21</sponsorshipDate>
        <lastName>Krishnamoorthi</lastName>
        <fullName>Rep. Krishnamoorthi, Raja [D-IL-8]</fullName>
        <middleName />
        <party>D</party>
        <sponsorshipWithdrawnDate />
        <bioguideId>K000391</bioguideId>
        <firstName>Raja</firstName>
        <isOriginalCosponsor>True</isOriginalCosponsor>
      </item>
      <item>
        <state>WA</state>
        <identifiers>
          <bioguideId>J000298</bioguideId>
          <gpoId />
          <lisID>2354</lisID>
        </identifiers>
        <district>7</district>
        <sponsorshipDate>2017-06-21</sponsorshipDate>
        <lastName>Jayapal</lastName>
        <fullName>Rep. Jayapal, Pramila [D-WA-7]</fullName>
        <middleName />
        <party>D</party>
        <sponsorshipWithdrawnDate />
        <bioguideId>J000298</bioguideId>
        <firstName>Pramila</firstName>
        <isOriginalCosponsor>True</isOriginalCosponsor>
      </item>
      <item>
        <state>WA</state>
        <identifiers>
          <gpoId>8213</gpoId>
          <bioguideId>S000510</bioguideId>
          <lisID>1528</lisID>
        </identifiers>
        <district>9</district>
        <sponsorshipDate>2017-06-22</sponsorshipDate>
        <lastName>SMITH</lastName>
        <fullName>Rep. Smith, Adam [D-WA-9]</fullName>
        <middleName />
        <party>D</party>
        <sponsorshipWithdrawnDate />
        <bioguideId>S000510</bioguideId>
        <firstName>ADAM</firstName>
        <isOriginalCosponsor>False</isOriginalCosponsor>
      </item>
    </cosponsors>
  </bill>
  <dublinCore xmlns:dc="http://purl.org/dc/elements/1.1/">
    <dc:format>text/xml</dc:format>
    <dc:language>EN</dc:language>
    <dc:rights>Pursuant to Title 17 Section 105 of the United States Code, this file is not subject to copyright protection and is in the public domain.</dc:rights>
    <dc:contributor>Congressional Research Service, Library of Congress</dc:contributor>
    <dc:description>This file contains bill summaries and statuses for federal legislation. A bill summary describes the most significant provisions of a piece of legislation and details the effects the legislative text may have on current law and federal programs. Bill summaries are authored by the Congressional Research Service (CRS) of the Library of Congress. As stated in Public Law 91-510 (2 USC 166 (d)(6)), one of the duties of CRS is "to prepare summaries and digests of bills and resolutions of a public general nature introduced in the Senate or House of Representatives". For more information, refer to the User Guide that accompanies this file.</dc:description>
  </dublinCore>
</billStatus>

