<?xml version="1.0" encoding="UTF-8"?>
<billStatus>
  <bill>
    <billNumber>335</billNumber>
    <relatedBills>
      <item>
        <number>241</number>
        <latestTitle>A resolution supporting the goals and ideals of National Purple Heart Recognition Day.</latestTitle>
        <type>SRES</type>
        <relationshipDetails>
          <item>
            <identifiedBy>CRS</identifiedBy>
            <type>Related bill</type>
          </item>
          <item>
            <identifiedBy>CRS</identifiedBy>
            <type>Identical bill</type>
          </item>
        </relationshipDetails>
        <congress>115</congress>
        <latestAction>
          <text>Submitted in the Senate, considered, and agreed to without amendment and with a preamble by Unanimous Consent. (Sponsor introductory remarks on measure: CR S4673; consideration: CR S4695; text of measure as introduced: CR S4673-4674)</text>
          <actionDate>2017-08-01</actionDate>
        </latestAction>
      </item>
      <item>
        <number>2810</number>
        <latestTitle>National Defense Authorization Act for Fiscal Year 2018</latestTitle>
        <type>HR</type>
        <relationshipDetails>
          <item>
            <identifiedBy>CRS</identifiedBy>
            <type>Related bill</type>
          </item>
        </relationshipDetails>
        <congress>115</congress>
        <latestAction>
          <text>Became Public Law No: 115-91.</text>
          <actionDate>2017-12-12</actionDate>
        </latestAction>
      </item>
    </relatedBills>
    <originChamber>House</originChamber>
    <recordedVotes />
    <latestAction>
      <text>Referred to the Subcommittee on Military Personnel.</text>
      <links />
      <actionDate>2017-06-16</actionDate>
    </latestAction>
    <createDate>2017-05-18T03:11:38Z</createDate>
    <title>Supporting the goals and ideals of National Purple Heart Recognition Day.</title>
    <summaries>
      <billSummaries>
        <item>
          <updateDate>2017-05-17T04:00:00Z</updateDate>
          <actionDesc>Introduced in House</actionDesc>
          <versionCode>00</versionCode>
          <name>Introduced in House</name>
          <text><![CDATA[<p>Supports the goals and ideals of National Purple Heart Recognition Day. </p>]]></text>
          <lastSummaryUpdateDate>2017-09-11T18:02:21Z</lastSummaryUpdateDate>
          <actionDate>2017-05-17</actionDate>
        </item>
      </billSummaries>
    </summaries>
    <actions>
      <actionByCounts>
        <houseOfRepresentatives>4</houseOfRepresentatives>
      </actionByCounts>
      <actionTypeCounts>
        <introducedInTheHouse>1</introducedInTheHouse>
        <billReferrals>1</billReferrals>
        <placeholderTextForH>1</placeholderTextForH>
        <introducedInHouse>1</introducedInHouse>
      </actionTypeCounts>
      <item>
        <actionDate>2017-06-16</actionDate>
        <committee>
          <systemCode>hsas02</systemCode>
          <name>Military Personnel Subcommittee</name>
        </committee>
        <links />
        <sourceSystem>
          <name>House committee actions</name>
          <code>1</code>
        </sourceSystem>
        <text>Referred to the Subcommittee on Military Personnel.</text>
        <type>Committee</type>
      </item>
      <item>
        <actionDate>2017-05-17</actionDate>
        <text>Referred to the House Committee on Armed Services.</text>
        <sourceSystem>
          <name>House floor actions</name>
          <code>2</code>
        </sourceSystem>
        <committee>
          <systemCode>hsas00</systemCode>
          <name>Armed Services Committee</name>
        </committee>
        <links />
        <actionCode>H11100</actionCode>
        <type>IntroReferral</type>
      </item>
      <item>
        <actionDate>2017-05-17</actionDate>
        <text>Introduced in House</text>
        <sourceSystem>
          <name>Library of Congress</name>
          <code>9</code>
        </sourceSystem>
        <committee />
        <links />
        <actionCode>Intro-H</actionCode>
        <type>IntroReferral</type>
      </item>
      <item>
        <actionDate>2017-05-17</actionDate>
        <text>Introduced in House</text>
        <sourceSystem>
          <name>Library of Congress</name>
          <code>9</code>
        </sourceSystem>
        <committee />
        <links />
        <actionCode>1000</actionCode>
        <type>IntroReferral</type>
      </item>
    </actions>
    <updateDate>2018-02-06T16:39:47Z</updateDate>
    <amendments />
    <notes />
    <sponsors>
      <item>
        <bioguideId>W000799</bioguideId>
        <district>1</district>
        <middleName>J.</middleName>
        <byRequestType />
        <firstName>Timothy</firstName>
        <lastName>Walz</lastName>
        <state>MN</state>
        <party>D</party>
        <identifiers>
          <bioguideId>W000799</bioguideId>
          <lisID>1856</lisID>
          <gpoId>8001</gpoId>
        </identifiers>
        <fullName>Rep. Walz, Timothy J. [D-MN-1]</fullName>
      </item>
    </sponsors>
    <committees>
      <billCommittees>
        <item>
          <systemCode>hsas00</systemCode>
          <chamber>House</chamber>
          <type>Standing</type>
          <activities>
            <item>
              <date>2017-05-17T14:03:45Z</date>
              <name>Referred to</name>
            </item>
          </activities>
          <name>Armed Services Committee</name>
          <subcommittees>
            <item>
              <activities>
                <item>
                  <date>2017-06-16T14:21:28Z</date>
                  <name>Referred to</name>
                </item>
              </activities>
              <systemCode>hsas02</systemCode>
              <name>Military Personnel Subcommittee</name>
            </item>
          </subcommittees>
        </item>
      </billCommittees>
    </committees>
    <cosponsors>
      <item>
        <isOriginalCosponsor>True</isOriginalCosponsor>
        <middleName>J.</middleName>
        <sponsorshipDate>2017-05-17</sponsorshipDate>
        <firstName>Brian</firstName>
        <party>R</party>
        <identifiers>
          <bioguideId>M001199</bioguideId>
          <lisID>2322</lisID>
          <gpoId />
        </identifiers>
        <district>18</district>
        <sponsorshipWithdrawnDate />
        <fullName>Rep. Mast, Brian J. [R-FL-18]</fullName>
        <bioguideId>M001199</bioguideId>
        <lastName>Mast</lastName>
        <state>FL</state>
      </item>
      <item>
        <isOriginalCosponsor>True</isOriginalCosponsor>
        <middleName />
        <sponsorshipDate>2017-05-17</sponsorshipDate>
        <firstName>MIKE</firstName>
        <party>D</party>
        <identifiers>
          <bioguideId>T000460</bioguideId>
          <lisID>1593</lisID>
          <gpoId>7806</gpoId>
        </identifiers>
        <district>5</district>
        <sponsorshipWithdrawnDate />
        <fullName>Rep. Thompson, Mike [D-CA-5]</fullName>
        <bioguideId>T000460</bioguideId>
        <lastName>THOMPSON</lastName>
        <state>CA</state>
      </item>
      <item>
        <isOriginalCosponsor>True</isOriginalCosponsor>
        <middleName>B.</middleName>
        <sponsorshipDate>2017-05-17</sponsorshipDate>
        <firstName>WALTER</firstName>
        <party>R</party>
        <identifiers>
          <bioguideId>J000255</bioguideId>
          <lisID>612</lisID>
          <gpoId>8026</gpoId>
        </identifiers>
        <district>3</district>
        <sponsorshipWithdrawnDate />
        <fullName>Rep. Jones, Walter B., Jr. [R-NC-3]</fullName>
        <bioguideId>J000255</bioguideId>
        <lastName>JONES</lastName>
        <state>NC</state>
      </item>
      <item>
        <isOriginalCosponsor>True</isOriginalCosponsor>
        <middleName>Patrick</middleName>
        <sponsorshipDate>2017-05-17</sponsorshipDate>
        <firstName>Sean</firstName>
        <party>D</party>
        <identifiers>
          <bioguideId>M001185</bioguideId>
          <gpoId />
          <lisID>2150</lisID>
        </identifiers>
        <district>18</district>
        <sponsorshipWithdrawnDate />
        <fullName>Rep. Maloney, Sean Patrick [D-NY-18]</fullName>
        <bioguideId>M001185</bioguideId>
        <lastName>Maloney</lastName>
        <state>NY</state>
      </item>
      <item>
        <isOriginalCosponsor>True</isOriginalCosponsor>
        <middleName />
        <sponsorshipDate>2017-05-17</sponsorshipDate>
        <firstName>TIM</firstName>
        <party>D</party>
        <identifiers>
          <lisID>1756</lisID>
          <bioguideId>R000577</bioguideId>
          <gpoId>8107</gpoId>
        </identifiers>
        <district>13</district>
        <sponsorshipWithdrawnDate />
        <fullName>Rep. Ryan, Tim [D-OH-13]</fullName>
        <bioguideId>R000577</bioguideId>
        <lastName>RYAN</lastName>
        <state>OH</state>
      </item>
      <item>
        <isOriginalCosponsor>True</isOriginalCosponsor>
        <middleName />
        <sponsorshipDate>2017-05-17</sponsorshipDate>
        <firstName>Dwight</firstName>
        <party>D</party>
        <identifiers>
          <gpoId />
          <lisID>2298</lisID>
          <bioguideId>E000296</bioguideId>
        </identifiers>
        <district>2</district>
        <sponsorshipWithdrawnDate />
        <fullName>Rep. Evans, Dwight [D-PA-2]</fullName>
        <bioguideId>E000296</bioguideId>
        <lastName>Evans</lastName>
        <state>PA</state>
      </item>
      <item>
        <isOriginalCosponsor>True</isOriginalCosponsor>
        <middleName>M.</middleName>
        <sponsorshipDate>2017-05-17</sponsorshipDate>
        <firstName>Ann</firstName>
        <party>D</party>
        <identifiers>
          <lisID>2145</lisID>
          <bioguideId>K000382</bioguideId>
          <gpoId />
        </identifiers>
        <district>2</district>
        <sponsorshipWithdrawnDate />
        <fullName>Rep. Kuster, Ann M. [D-NH-2]</fullName>
        <bioguideId>K000382</bioguideId>
        <lastName>Kuster</lastName>
        <state>NH</state>
      </item>
      <item>
        <isOriginalCosponsor>True</isOriginalCosponsor>
        <middleName />
        <sponsorshipDate>2017-05-17</sponsorshipDate>
        <firstName>Trent</firstName>
        <party>R</party>
        <identifiers>
          <gpoId>7799</gpoId>
          <lisID>1707</lisID>
          <bioguideId>F000448</bioguideId>
        </identifiers>
        <district>8</district>
        <sponsorshipWithdrawnDate />
        <fullName>Rep. Franks, Trent [R-AZ-8]</fullName>
        <bioguideId>F000448</bioguideId>
        <lastName>Franks</lastName>
        <state>AZ</state>
      </item>
      <item>
        <isOriginalCosponsor>True</isOriginalCosponsor>
        <middleName>H.</middleName>
        <sponsorshipDate>2017-05-17</sponsorshipDate>
        <firstName>Elizabeth</firstName>
        <party>D</party>
        <identifiers>
          <lisID>2114</lisID>
          <bioguideId>E000293</bioguideId>
          <gpoId />
        </identifiers>
        <district>5</district>
        <sponsorshipWithdrawnDate />
        <fullName>Rep. Esty, Elizabeth H. [D-CT-5]</fullName>
        <bioguideId>E000293</bioguideId>
        <lastName>Esty</lastName>
        <state>CT</state>
      </item>
      <item>
        <isOriginalCosponsor>True</isOriginalCosponsor>
        <middleName>H.</middleName>
        <sponsorshipDate>2017-05-17</sponsorshipDate>
        <firstName>Scott</firstName>
        <party>D</party>
        <identifiers>
          <gpoId />
          <lisID>2113</lisID>
          <bioguideId>P000608</bioguideId>
        </identifiers>
        <district>52</district>
        <sponsorshipWithdrawnDate />
        <fullName>Rep. Peters, Scott H. [D-CA-52]</fullName>
        <bioguideId>P000608</bioguideId>
        <lastName>Peters</lastName>
        <state>CA</state>
      </item>
      <item>
        <isOriginalCosponsor>True</isOriginalCosponsor>
        <middleName />
        <sponsorshipDate>2017-05-17</sponsorshipDate>
        <firstName>Julia</firstName>
        <party>D</party>
        <identifiers>
          <lisID>2106</lisID>
          <bioguideId>B001285</bioguideId>
          <gpoId />
        </identifiers>
        <district>26</district>
        <sponsorshipWithdrawnDate />
        <fullName>Rep. Brownley, Julia [D-CA-26]</fullName>
        <bioguideId>B001285</bioguideId>
        <lastName>Brownley</lastName>
        <state>CA</state>
      </item>
      <item>
        <isOriginalCosponsor>True</isOriginalCosponsor>
        <middleName />
        <sponsorshipDate>2017-05-17</sponsorshipDate>
        <firstName>Jimmy</firstName>
        <party>D</party>
        <identifiers>
          <lisID>2309</lisID>
          <bioguideId>P000613</bioguideId>
          <gpoId />
        </identifiers>
        <district>20</district>
        <sponsorshipWithdrawnDate />
        <fullName>Rep. Panetta, Jimmy [D-CA-20]</fullName>
        <bioguideId>P000613</bioguideId>
        <lastName>Panetta</lastName>
        <state>CA</state>
      </item>
      <item>
        <isOriginalCosponsor>False</isOriginalCosponsor>
        <middleName />
        <sponsorshipDate>2017-05-22</sponsorshipDate>
        <firstName>Joe</firstName>
        <party>D</party>
        <identifiers>
          <lisID>1836</lisID>
          <bioguideId>C001069</bioguideId>
          <gpoId>7867</gpoId>
        </identifiers>
        <district>2</district>
        <sponsorshipWithdrawnDate />
        <fullName>Rep. Courtney, Joe [D-CT-2]</fullName>
        <bioguideId>C001069</bioguideId>
        <lastName>Courtney</lastName>
        <state>CT</state>
      </item>
      <item>
        <isOriginalCosponsor>False</isOriginalCosponsor>
        <middleName>William</middleName>
        <sponsorshipDate>2017-05-22</sponsorshipDate>
        <firstName>Daniel</firstName>
        <party>D</party>
        <identifiers>
          <lisID>1781</lisID>
          <bioguideId>L000563</bioguideId>
          <gpoId>7923</gpoId>
        </identifiers>
        <district>3</district>
        <sponsorshipWithdrawnDate />
        <fullName>Rep. Lipinski, Daniel [D-IL-3]</fullName>
        <bioguideId>L000563</bioguideId>
        <lastName>Lipinski</lastName>
        <state>IL</state>
      </item>
      <item>
        <isOriginalCosponsor>False</isOriginalCosponsor>
        <middleName>P.</middleName>
        <sponsorshipDate>2017-05-22</sponsorshipDate>
        <firstName>David</firstName>
        <party>R</party>
        <identifiers>
          <bioguideId>R000582</bioguideId>
          <lisID>1954</lisID>
          <gpoId>8148</gpoId>
        </identifiers>
        <district>1</district>
        <sponsorshipWithdrawnDate />
        <fullName>Rep. Roe, David P. [R-TN-1]</fullName>
        <bioguideId>R000582</bioguideId>
        <lastName>Roe</lastName>
        <state>TN</state>
      </item>
      <item>
        <isOriginalCosponsor>False</isOriginalCosponsor>
        <middleName />
        <sponsorshipDate>2017-05-24</sponsorshipDate>
        <firstName>Mark</firstName>
        <party>D</party>
        <identifiers>
          <lisID>2110</lisID>
          <gpoId />
          <bioguideId>T000472</bioguideId>
        </identifiers>
        <district>41</district>
        <sponsorshipWithdrawnDate />
        <fullName>Rep. Takano, Mark [D-CA-41]</fullName>
        <bioguideId>T000472</bioguideId>
        <lastName>Takano</lastName>
        <state>CA</state>
      </item>
      <item>
        <isOriginalCosponsor>False</isOriginalCosponsor>
        <middleName />
        <sponsorshipDate>2017-06-16</sponsorshipDate>
        <firstName>Carol</firstName>
        <party>D</party>
        <identifiers>
          <lisID>1861</lisID>
          <bioguideId>S001170</bioguideId>
          <gpoId>7528</gpoId>
        </identifiers>
        <district>1</district>
        <sponsorshipWithdrawnDate />
        <fullName>Rep. Shea-Porter, Carol [D-NH-1]</fullName>
        <bioguideId>S001170</bioguideId>
        <lastName>Shea-Porter</lastName>
        <state>NH</state>
      </item>
    </cosponsors>
    <constitutionalAuthorityStatementText />
    <policyArea>
      <name>Armed Forces and National Security</name>
    </policyArea>
    <cboCostEstimates />
    <laws />
    <congress>115</congress>
    <version>1.0.0</version>
    <introducedDate>2017-05-17</introducedDate>
    <committeeReports />
    <titles>
      <item>
        <titleType>Official Title as Introduced</titleType>
        <parentTitleType />
        <chamberName />
        <title>Supporting the goals and ideals of National Purple Heart Recognition Day.</title>
        <chamberCode />
      </item>
      <item>
        <titleType>Display Title</titleType>
        <parentTitleType />
        <chamberName />
        <title>Supporting the goals and ideals of National Purple Heart Recognition Day.</title>
        <chamberCode />
      </item>
    </titles>
    <calendarNumbers />
    <subjects>
      <billSubjects>
        <policyArea>
          <name>Armed Forces and National Security</name>
        </policyArea>
        <legislativeSubjects>
          <item>
            <name>Commemorative events and holidays</name>
          </item>
          <item>
            <name>Conflicts and wars</name>
          </item>
          <item>
            <name>Military history</name>
          </item>
          <item>
            <name>Military personnel and dependents</name>
          </item>
        </legislativeSubjects>
      </billSubjects>
    </subjects>
    <billType>HRES</billType>
  </bill>
  <dublinCore xmlns:dc="http://purl.org/dc/elements/1.1/">
    <dc:format>text/xml</dc:format>
    <dc:language>EN</dc:language>
    <dc:rights>Pursuant to Title 17 Section 105 of the United States Code, this file is not subject to copyright protection and is in the public domain.</dc:rights>
    <dc:contributor>Congressional Research Service, Library of Congress</dc:contributor>
    <dc:description>This file contains bill summaries and statuses for federal legislation. A bill summary describes the most significant provisions of a piece of legislation and details the effects the legislative text may have on current law and federal programs. Bill summaries are authored by the Congressional Research Service (CRS) of the Library of Congress. As stated in Public Law 91-510 (2 USC 166 (d)(6)), one of the duties of CRS is "to prepare summaries and digests of bills and resolutions of a public general nature introduced in the Senate or House of Representatives". For more information, refer to the User Guide that accompanies this file.</dc:description>
  </dublinCore>
</billStatus>

