<?xml version="1.0" encoding="UTF-8"?>
<billStatus>
  <bill>
    <introducedDate>2017-05-24</introducedDate>
    <congress>115</congress>
    <latestAction>
      <actionDate>2017-06-06</actionDate>
      <actionTime>19:03:27</actionTime>
      <links />
      <text>The title of the measure was amended. Agreed to without objection.</text>
    </latestAction>
    <originChamber>House</originChamber>
    <billNumber>355</billNumber>
    <sponsors>
      <item>
        <state>NY</state>
        <identifiers>
          <lisID>1506</lisID>
          <gpoId>8067</gpoId>
          <bioguideId>M001137</bioguideId>
        </identifiers>
        <bioguideId>M001137</bioguideId>
        <lastName>MEEKS</lastName>
        <fullName>Rep. Meeks, Gregory W. [D-NY-5]</fullName>
        <district>5</district>
        <firstName>GREGORY</firstName>
        <byRequestType />
        <middleName>W.</middleName>
        <party>D</party>
      </item>
    </sponsors>
    <committeeReports />
    <relatedBills />
    <titles>
      <item>
        <chamberCode>H</chamberCode>
        <titleType>Official Titles as Amended by House</titleType>
        <parentTitleType>Official Titles House of Representatives</parentTitleType>
        <chamberName>House</chamberName>
        <title>Condemning in the strongest terms the terrorist attacks in Manchester, United Kingdom, on May 22, 2017, and in London, United Kingdom, on June 3, 2017, expressing heartfelt condolences, and reaffirming unwavering support for the special relationship between our peoples and nations in the wake of these attacks.</title>
      </item>
      <item>
        <chamberCode />
        <titleType>Official Title as Introduced</titleType>
        <parentTitleType />
        <chamberName />
        <title>Condemning in the strongest terms the terrorist attacks in Manchester, United Kingdom, on May 22, 2017, expressing heartfelt condolences, and reaffirming unwavering support for the special relationship between our peoples and nations in the wake of these attacks.</title>
      </item>
      <item>
        <chamberCode />
        <titleType>Display Title</titleType>
        <parentTitleType />
        <chamberName />
        <title>Condemning in the strongest terms the terrorist attacks in Manchester, United Kingdom, on May 22, 2017, and in London, United Kingdom, on June 3, 2017, expressing heartfelt condolences, and reaffirming unwavering support for the special relationship between our peoples and nations in the wake of these attacks.</title>
      </item>
    </titles>
    <constitutionalAuthorityStatementText />
    <billType>HRES</billType>
    <summaries>
      <billSummaries>
        <item>
          <lastSummaryUpdateDate>2017-06-05T21:02:05Z</lastSummaryUpdateDate>
          <updateDate>2017-05-24T04:00:00Z</updateDate>
          <versionCode>00</versionCode>
          <text><![CDATA[<p>Condemns the terrorist attacks in Manchester, United Kingdom, on May 22, 2017.</p> <p> Reaffirms the American commitment to the special relationship with the United Kingdom, supports the British government's efforts to bring those involved in such attack to justice, and expresses appreciation for the United Kingdom's significant efforts to combat terrorism. </p> <p>Recognizes the growing threat posed by Islamist terrorist groups worldwide. Reaffirms the U.S. commitment to the global fight against violent extremists and to the defense of universal democratic values.</p>]]></text>
          <name>Introduced in House</name>
          <actionDesc>Introduced in House</actionDesc>
          <actionDate>2017-05-24</actionDate>
        </item>
        <item>
          <lastSummaryUpdateDate>2017-07-07T21:01:27Z</lastSummaryUpdateDate>
          <updateDate>2017-06-06T14:23:01Z</updateDate>
          <versionCode>36</versionCode>
          <text><![CDATA[<p>Condemns the terrorist attacks in the United Kingdom in Manchester on May 22, 2017, and in London on June 3, 2017. Supports the British government's efforts to bring those involved in those attacks to justice.</p> <p> Reaffirms a commitment to the special relationship with the United Kingdom and to the defense of universal democratic values.</p> <p> Expresses appreciation for the United Kingdom's significant efforts to combat terrorism. </p> <p>Recognizes the growing threat posed by Islamist terrorist groups worldwide and reaffirms the U.S. commitment to the global fight against such violent extremists.</p>]]></text>
          <name>Passed House amended</name>
          <actionDesc>Passed House amended</actionDesc>
          <actionDate>2017-06-06</actionDate>
        </item>
      </billSummaries>
    </summaries>
    <subjects>
      <billSubjects>
        <policyArea>
          <name>International Affairs</name>
        </policyArea>
        <legislativeSubjects>
          <item>
            <name>Congressional tributes</name>
          </item>
          <item>
            <name>Crime victims</name>
          </item>
          <item>
            <name>Criminal investigation, prosecution, interrogation</name>
          </item>
          <item>
            <name>Europe</name>
          </item>
          <item>
            <name>Political movements and philosophies</name>
          </item>
          <item>
            <name>Terrorism</name>
          </item>
          <item>
            <name>United Kingdom</name>
          </item>
        </legislativeSubjects>
      </billSubjects>
    </subjects>
    <laws />
    <policyArea>
      <name>International Affairs</name>
    </policyArea>
    <committees>
      <billCommittees>
        <item>
          <chamber>House</chamber>
          <subcommittees />
          <systemCode>hsfa00</systemCode>
          <name>Foreign Affairs Committee</name>
          <activities>
            <item>
              <name>Markup by</name>
              <date>2017-05-25T14:59:49Z</date>
            </item>
            <item>
              <name>Referred to</name>
              <date>2017-05-24T14:00:37Z</date>
            </item>
          </activities>
          <type>Standing</type>
        </item>
      </billCommittees>
    </committees>
    <version>1.0.0</version>
    <recordedVotes>
      <recordedVote>
        <url>http://clerk.house.gov/evs/2017/roll287.xml</url>
        <chamber>House</chamber>
        <sessionNumber>1</sessionNumber>
        <fullActionName>Final Passage Under Suspension of the Rules Results</fullActionName>
        <date>2017-06-06T23:03:20Z</date>
        <congress>115</congress>
        <rollNumber>287</rollNumber>
      </recordedVote>
    </recordedVotes>
    <updateDate>2018-02-06T16:39:48Z</updateDate>
    <title>Condemning in the strongest terms the terrorist attacks in Manchester, United Kingdom, on May 22, 2017, and in London, United Kingdom, on June 3, 2017, expressing heartfelt condolences, and reaffirming unwavering support for the special relationship between our peoples and nations in the wake of these attacks.</title>
    <createDate>2017-05-25T03:11:38Z</createDate>
    <cboCostEstimates />
    <actions>
      <item>
        <links />
        <actionDate>2017-06-06</actionDate>
        <type>Floor</type>
        <text>The title of the measure was amended. Agreed to without objection.</text>
        <actionCode>H38800</actionCode>
        <sourceSystem>
          <name>House floor actions</name>
          <code>2</code>
        </sourceSystem>
        <actionTime>19:03:27</actionTime>
        <committee />
      </item>
      <item>
        <links>
          <link>
            <url>https://www.congress.gov/congressional-record/volume-163/house-section/page/H4638-4639</url>
            <name>H4638-4639</name>
          </link>
          <link>
            <url>http://clerk.house.gov/evs/2017/roll287.xml</url>
            <name>Roll no. 287</name>
          </link>
        </links>
        <actionDate>2017-06-06</actionDate>
        <type>Floor</type>
        <text>On motion to suspend the rules and agree to the resolution, as amended Agreed to by the Yeas and Nays: (2/3 required): 397 - 0 (Roll no. 287). (text: CR H4638-4639)</text>
        <actionCode>H37300</actionCode>
        <sourceSystem>
          <name>House floor actions</name>
          <code>2</code>
        </sourceSystem>
        <actionTime>19:03:20</actionTime>
        <committee />
      </item>
      <item>
        <links>
          <link>
            <url>http://clerk.house.gov/evs/2017/roll287.xml</url>
            <name>Roll no. 287</name>
          </link>
        </links>
        <actionDate>2017-06-06</actionDate>
        <type>Floor</type>
        <text>Passed/agreed to in House: On motion to suspend the rules and agree to the resolution, as amended Agreed to by the Yeas and Nays: (2/3 required): 397 - 0 (Roll no. 287).</text>
        <actionCode>8000</actionCode>
        <sourceSystem>
          <name>Library of Congress</name>
          <code>9</code>
        </sourceSystem>
        <actionTime>19:03:20</actionTime>
        <committee />
      </item>
      <item>
        <links>
          <link>
            <url>https://www.congress.gov/congressional-record/volume-163/house-section/page/H4641-4642</url>
            <name>H4641-4642</name>
          </link>
        </links>
        <actionDate>2017-06-06</actionDate>
        <type>Floor</type>
        <text>Considered as unfinished business. (consideration: CR H4641-4642)</text>
        <actionCode>H30000</actionCode>
        <sourceSystem>
          <name>House floor actions</name>
          <code>2</code>
        </sourceSystem>
        <actionTime>18:56:13</actionTime>
        <committee />
      </item>
      <item>
        <links />
        <actionDate>2017-06-06</actionDate>
        <type>Floor</type>
        <text>At the conclusion of debate, the Yeas and Nays were demanded and ordered. Pursuant to the provisions of clause 8, rule XX, the Chair announced that further proceedings on the motion would be postponed.</text>
        <actionCode>H37220</actionCode>
        <sourceSystem>
          <name>House floor actions</name>
          <code>2</code>
        </sourceSystem>
        <actionTime>17:38:53</actionTime>
        <committee />
      </item>
      <item>
        <links>
          <link>
            <url>https://www.congress.gov/bill/115th-congress/house-resolution/355</url>
            <name>H. Res. 355</name>
          </link>
        </links>
        <actionDate>2017-06-06</actionDate>
        <type>Floor</type>
        <text>DEBATE - The House proceeded with forty minutes of debate on H. Res. 355.</text>
        <actionCode>H8D000</actionCode>
        <sourceSystem>
          <name>House floor actions</name>
          <code>2</code>
        </sourceSystem>
        <actionTime>17:24:55</actionTime>
        <committee />
      </item>
      <item>
        <links>
          <link>
            <url>https://www.congress.gov/congressional-record/volume-163/house-section/page/H4638-4640</url>
            <name>H4638-4640</name>
          </link>
        </links>
        <actionDate>2017-06-06</actionDate>
        <type>Floor</type>
        <text>Considered under suspension of the rules. (consideration: CR H4638-4640)</text>
        <actionCode>H30000</actionCode>
        <sourceSystem>
          <name>House floor actions</name>
          <code>2</code>
        </sourceSystem>
        <actionTime>17:24:52</actionTime>
        <committee />
      </item>
      <item>
        <links />
        <actionDate>2017-06-06</actionDate>
        <type>Floor</type>
        <text>Mr. Royce (CA) moved to suspend the rules and agree to the resolution, as amended.</text>
        <actionCode>H30300</actionCode>
        <sourceSystem>
          <name>House floor actions</name>
          <code>2</code>
        </sourceSystem>
        <actionTime>17:24:42</actionTime>
        <committee />
      </item>
      <item>
        <actionDate>2017-05-25</actionDate>
        <committee>
          <systemCode>hsfa00</systemCode>
          <name>Foreign Affairs Committee</name>
        </committee>
        <links />
        <sourceSystem>
          <name>House committee actions</name>
          <code>1</code>
        </sourceSystem>
        <text>Ordered to be Reported by Voice Vote.</text>
        <type>Committee</type>
      </item>
      <item>
        <actionDate>2017-05-25</actionDate>
        <committee>
          <systemCode>hsfa00</systemCode>
          <name>Foreign Affairs Committee</name>
        </committee>
        <links />
        <sourceSystem>
          <name>House committee actions</name>
          <code>1</code>
        </sourceSystem>
        <text>Committee Consideration and Mark-up Session Held.</text>
        <type>Committee</type>
      </item>
      <item>
        <links />
        <actionDate>2017-05-24</actionDate>
        <type>IntroReferral</type>
        <text>Referred to the House Committee on Foreign Affairs.</text>
        <actionCode>H11100</actionCode>
        <sourceSystem>
          <name>House floor actions</name>
          <code>2</code>
        </sourceSystem>
        <committee>
          <systemCode>hsfa00</systemCode>
          <name>Foreign Affairs Committee</name>
        </committee>
      </item>
      <item>
        <links />
        <actionDate>2017-05-24</actionDate>
        <type>IntroReferral</type>
        <text>Introduced in House</text>
        <actionCode>Intro-H</actionCode>
        <sourceSystem>
          <name>Library of Congress</name>
          <code>9</code>
        </sourceSystem>
        <committee />
      </item>
      <item>
        <links />
        <actionDate>2017-05-24</actionDate>
        <type>IntroReferral</type>
        <text>Introduced in House</text>
        <actionCode>1000</actionCode>
        <sourceSystem>
          <name>Library of Congress</name>
          <code>9</code>
        </sourceSystem>
        <committee />
      </item>
      <actionByCounts>
        <houseOfRepresentatives>13</houseOfRepresentatives>
      </actionByCounts>
      <actionTypeCounts>
        <billReferrals>1</billReferrals>
        <amendingTheTitleOfAnActWithoutObjection>1</amendingTheTitleOfAnActWithoutObjection>
        <generalDebate>1</generalDebate>
        <introducedInHouse>1</introducedInHouse>
        <finalPassageUnderSuspensionOfTheRulesResults>1</finalPassageUnderSuspensionOfTheRulesResults>
        <considerationByHouse>2</considerationByHouse>
        <actionStageOverride>1</actionStageOverride>
        <placeholderTextForH>2</placeholderTextForH>
        <introducedInTheHouse>1</introducedInTheHouse>
        <passedAgreedToInHouse>1</passedAgreedToInHouse>
        <motionMadeToSuspendTheRules>1</motionMadeToSuspendTheRules>
      </actionTypeCounts>
    </actions>
    <amendments />
    <notes />
    <calendarNumbers />
    <cosponsors>
      <item>
        <sponsorshipWithdrawnDate />
        <state>CA</state>
        <bioguideId>C001094</bioguideId>
        <fullName>Rep. Cook, Paul [R-CA-8]</fullName>
        <district>8</district>
        <firstName>Paul</firstName>
        <middleName />
        <isOriginalCosponsor>True</isOriginalCosponsor>
        <sponsorshipDate>2017-05-24</sponsorshipDate>
        <identifiers>
          <bioguideId>C001094</bioguideId>
          <gpoId />
          <lisID>2103</lisID>
        </identifiers>
        <lastName>Cook</lastName>
        <party>R</party>
      </item>
      <item>
        <sponsorshipWithdrawnDate />
        <state>NY</state>
        <bioguideId>E000179</bioguideId>
        <fullName>Rep. Engel, Eliot L. [D-NY-16]</fullName>
        <district>16</district>
        <firstName>ELIOT</firstName>
        <middleName>L.</middleName>
        <isOriginalCosponsor>True</isOriginalCosponsor>
        <sponsorshipDate>2017-05-24</sponsorshipDate>
        <identifiers>
          <bioguideId>E000179</bioguideId>
          <gpoId>8078</gpoId>
          <lisID>344</lisID>
        </identifiers>
        <lastName>ENGEL</lastName>
        <party>D</party>
      </item>
      <item>
        <sponsorshipWithdrawnDate />
        <state>CA</state>
        <bioguideId>R000487</bioguideId>
        <fullName>Rep. Royce, Edward R. [R-CA-39]</fullName>
        <district>39</district>
        <firstName>ED</firstName>
        <middleName />
        <isOriginalCosponsor>True</isOriginalCosponsor>
        <sponsorshipDate>2017-05-24</sponsorshipDate>
        <identifiers>
          <bioguideId>R000487</bioguideId>
          <gpoId>7845</gpoId>
          <lisID>998</lisID>
        </identifiers>
        <lastName>ROYCE</lastName>
        <party>R</party>
      </item>
      <item>
        <sponsorshipWithdrawnDate />
        <state>RI</state>
        <bioguideId>C001084</bioguideId>
        <fullName>Rep. Cicilline, David N. [D-RI-1]</fullName>
        <district>1</district>
        <firstName>David</firstName>
        <middleName>N.</middleName>
        <isOriginalCosponsor>True</isOriginalCosponsor>
        <sponsorshipDate>2017-05-24</sponsorshipDate>
        <identifiers>
          <lisID>2055</lisID>
          <bioguideId>C001084</bioguideId>
          <gpoId>8139</gpoId>
        </identifiers>
        <lastName>Cicilline</lastName>
        <party>D</party>
      </item>
      <item>
        <sponsorshipWithdrawnDate />
        <state>MA</state>
        <bioguideId>K000375</bioguideId>
        <fullName>Rep. Keating, William R. [D-MA-9]</fullName>
        <district>9</district>
        <firstName>William</firstName>
        <middleName>R.</middleName>
        <isOriginalCosponsor>True</isOriginalCosponsor>
        <sponsorshipDate>2017-05-24</sponsorshipDate>
        <identifiers>
          <lisID>2025</lisID>
          <bioguideId>K000375</bioguideId>
          <gpoId>7975</gpoId>
        </identifiers>
        <lastName>Keating</lastName>
        <party>D</party>
      </item>
      <item>
        <sponsorshipWithdrawnDate />
        <state>FL</state>
        <bioguideId>D000610</bioguideId>
        <fullName>Rep. Deutch, Theodore E. [D-FL-22]</fullName>
        <district>22</district>
        <firstName>Theodore</firstName>
        <middleName>E.</middleName>
        <isOriginalCosponsor>True</isOriginalCosponsor>
        <sponsorshipDate>2017-05-24</sponsorshipDate>
        <identifiers>
          <lisID>1976</lisID>
          <bioguideId>D000610</bioguideId>
          <gpoId>7891</gpoId>
        </identifiers>
        <lastName>Deutch</lastName>
        <party>D</party>
      </item>
      <item>
        <sponsorshipWithdrawnDate />
        <state>VA</state>
        <bioguideId>C001078</bioguideId>
        <fullName>Rep. Connolly, Gerald E. [D-VA-11]</fullName>
        <district>11</district>
        <firstName>Gerald</firstName>
        <middleName>E.</middleName>
        <isOriginalCosponsor>True</isOriginalCosponsor>
        <sponsorshipDate>2017-05-24</sponsorshipDate>
        <identifiers>
          <bioguideId>C001078</bioguideId>
          <lisID>1959</lisID>
          <gpoId>8202</gpoId>
        </identifiers>
        <lastName>Connolly</lastName>
        <party>D</party>
      </item>
      <item>
        <sponsorshipWithdrawnDate />
        <state>MO</state>
        <bioguideId>W000812</bioguideId>
        <fullName>Rep. Wagner, Ann [R-MO-2]</fullName>
        <district>2</district>
        <firstName>Ann</firstName>
        <middleName />
        <isOriginalCosponsor>True</isOriginalCosponsor>
        <sponsorshipDate>2017-05-24</sponsorshipDate>
        <identifiers>
          <lisID>2137</lisID>
          <bioguideId>W000812</bioguideId>
          <gpoId />
        </identifiers>
        <lastName>Wagner</lastName>
        <party>R</party>
      </item>
      <item>
        <sponsorshipWithdrawnDate />
        <state>CA</state>
        <bioguideId>R000409</bioguideId>
        <fullName>Rep. Rohrabacher, Dana [R-CA-48]</fullName>
        <district>48</district>
        <firstName>DANA</firstName>
        <middleName />
        <isOriginalCosponsor>True</isOriginalCosponsor>
        <sponsorshipDate>2017-05-24</sponsorshipDate>
        <identifiers>
          <bioguideId>R000409</bioguideId>
          <lisID>979</lisID>
          <gpoId>7851</gpoId>
        </identifiers>
        <lastName>ROHRABACHER</lastName>
        <party>R</party>
      </item>
      <item>
        <sponsorshipWithdrawnDate />
        <state>TX</state>
        <bioguideId>P000592</bioguideId>
        <fullName>Rep. Poe, Ted [R-TX-2]</fullName>
        <district>2</district>
        <firstName>Ted</firstName>
        <middleName />
        <isOriginalCosponsor>True</isOriginalCosponsor>
        <sponsorshipDate>2017-05-24</sponsorshipDate>
        <identifiers>
          <bioguideId>P000592</bioguideId>
          <lisID>1802</lisID>
          <gpoId>8158</gpoId>
        </identifiers>
        <lastName>Poe</lastName>
        <party>R</party>
      </item>
      <item>
        <sponsorshipWithdrawnDate />
        <state>CA</state>
        <bioguideId>S000344</bioguideId>
        <fullName>Rep. Sherman, Brad [D-CA-30]</fullName>
        <district>30</district>
        <firstName>BRAD</firstName>
        <middleName />
        <isOriginalCosponsor>True</isOriginalCosponsor>
        <sponsorshipDate>2017-05-24</sponsorshipDate>
        <identifiers>
          <gpoId>7832</gpoId>
          <lisID>1526</lisID>
          <bioguideId>S000344</bioguideId>
        </identifiers>
        <lastName>SHERMAN</lastName>
        <party>D</party>
      </item>
      <item>
        <sponsorshipWithdrawnDate />
        <state>NC</state>
        <bioguideId>M001187</bioguideId>
        <fullName>Rep. Meadows, Mark [R-NC-11]</fullName>
        <district>11</district>
        <firstName>Mark</firstName>
        <middleName />
        <isOriginalCosponsor>True</isOriginalCosponsor>
        <sponsorshipDate>2017-05-24</sponsorshipDate>
        <identifiers>
          <gpoId />
          <bioguideId>M001187</bioguideId>
          <lisID>2142</lisID>
        </identifiers>
        <lastName>Meadows</lastName>
        <party>R</party>
      </item>
      <item>
        <sponsorshipWithdrawnDate />
        <state>PA</state>
        <bioguideId>D000604</bioguideId>
        <fullName>Rep. Dent, Charles W. [R-PA-15]</fullName>
        <district>15</district>
        <firstName>Charles</firstName>
        <middleName>W.</middleName>
        <isOriginalCosponsor>True</isOriginalCosponsor>
        <sponsorshipDate>2017-05-24</sponsorshipDate>
        <identifiers>
          <gpoId>8133</gpoId>
          <bioguideId>D000604</bioguideId>
          <lisID>1799</lisID>
        </identifiers>
        <lastName>Dent</lastName>
        <party>R</party>
      </item>
      <item>
        <sponsorshipWithdrawnDate />
        <state>VA</state>
        <bioguideId>G000289</bioguideId>
        <fullName>Rep. Goodlatte, Bob [R-VA-6]</fullName>
        <district>6</district>
        <firstName>ROBERT</firstName>
        <middleName>W.</middleName>
        <isOriginalCosponsor>True</isOriginalCosponsor>
        <sponsorshipDate>2017-05-24</sponsorshipDate>
        <identifiers>
          <lisID>446</lisID>
          <gpoId>8197</gpoId>
          <bioguideId>G000289</bioguideId>
        </identifiers>
        <lastName>GOODLATTE</lastName>
        <party>R</party>
      </item>
      <item>
        <sponsorshipWithdrawnDate />
        <state>IL</state>
        <bioguideId>B001295</bioguideId>
        <fullName>Rep. Bost, Mike [R-IL-12]</fullName>
        <district>12</district>
        <firstName>Mike</firstName>
        <middleName />
        <isOriginalCosponsor>False</isOriginalCosponsor>
        <sponsorshipDate>2017-06-06</sponsorshipDate>
        <identifiers>
          <bioguideId>B001295</bioguideId>
          <lisID>2243</lisID>
          <gpoId />
        </identifiers>
        <lastName>Bost</lastName>
        <party>R</party>
      </item>
      <item>
        <sponsorshipWithdrawnDate />
        <state>AZ</state>
        <bioguideId>S001191</bioguideId>
        <fullName>Rep. Sinema, Kyrsten [D-AZ-9]</fullName>
        <district>9</district>
        <firstName>Kyrsten</firstName>
        <middleName />
        <isOriginalCosponsor>False</isOriginalCosponsor>
        <sponsorshipDate>2017-06-06</sponsorshipDate>
        <identifiers>
          <bioguideId>S001191</bioguideId>
          <gpoId />
          <lisID>2099</lisID>
        </identifiers>
        <lastName>Sinema</lastName>
        <party>D</party>
      </item>
      <item>
        <sponsorshipWithdrawnDate />
        <state>FL</state>
        <bioguideId>D000621</bioguideId>
        <fullName>Rep. DeSantis, Ron [R-FL-6]</fullName>
        <district>6</district>
        <firstName>Ron</firstName>
        <middleName />
        <isOriginalCosponsor>False</isOriginalCosponsor>
        <sponsorshipDate>2017-06-06</sponsorshipDate>
        <identifiers>
          <lisID>2116</lisID>
          <gpoId />
          <bioguideId>D000621</bioguideId>
        </identifiers>
        <lastName>DeSantis</lastName>
        <party>R</party>
      </item>
      <item>
        <sponsorshipWithdrawnDate />
        <state>CA</state>
        <bioguideId>T000474</bioguideId>
        <fullName>Rep. Torres, Norma J. [D-CA-35]</fullName>
        <district>35</district>
        <firstName>Norma</firstName>
        <middleName>J.</middleName>
        <isOriginalCosponsor>False</isOriginalCosponsor>
        <sponsorshipDate>2017-06-06</sponsorshipDate>
        <identifiers>
          <bioguideId>T000474</bioguideId>
          <lisID>2231</lisID>
          <gpoId />
        </identifiers>
        <lastName>Torres</lastName>
        <party>D</party>
      </item>
      <item>
        <sponsorshipWithdrawnDate />
        <state>NY</state>
        <bioguideId>S001201</bioguideId>
        <fullName>Rep. Suozzi, Thomas R. [D-NY-3]</fullName>
        <district>3</district>
        <firstName>Thomas</firstName>
        <middleName>R.</middleName>
        <isOriginalCosponsor>False</isOriginalCosponsor>
        <sponsorshipDate>2017-06-06</sponsorshipDate>
        <identifiers>
          <lisID>2341</lisID>
          <bioguideId>S001201</bioguideId>
          <gpoId />
        </identifiers>
        <lastName>Suozzi</lastName>
        <party>D</party>
      </item>
      <item>
        <sponsorshipWithdrawnDate />
        <state>SC</state>
        <bioguideId>W000795</bioguideId>
        <fullName>Rep. Wilson, Joe [R-SC-2]</fullName>
        <district>2</district>
        <firstName>Joe</firstName>
        <middleName />
        <isOriginalCosponsor>False</isOriginalCosponsor>
        <sponsorshipDate>2017-06-06</sponsorshipDate>
        <identifiers>
          <lisID>1688</lisID>
          <bioguideId>W000795</bioguideId>
          <gpoId>8142</gpoId>
        </identifiers>
        <lastName>Wilson</lastName>
        <party>R</party>
      </item>
      <item>
        <sponsorshipWithdrawnDate />
        <state>HI</state>
        <bioguideId>G000571</bioguideId>
        <fullName>Rep. Gabbard, Tulsi [D-HI-2]</fullName>
        <district>2</district>
        <firstName>Tulsi</firstName>
        <middleName />
        <isOriginalCosponsor>False</isOriginalCosponsor>
        <sponsorshipDate>2017-06-06</sponsorshipDate>
        <identifiers>
          <lisID>2122</lisID>
          <bioguideId>G000571</bioguideId>
          <gpoId />
        </identifiers>
        <lastName>Gabbard</lastName>
        <party>D</party>
      </item>
      <item>
        <sponsorshipWithdrawnDate />
        <state>IN</state>
        <bioguideId>M001189</bioguideId>
        <fullName>Rep. Messer, Luke [R-IN-6]</fullName>
        <district>6</district>
        <firstName>Luke</firstName>
        <middleName />
        <isOriginalCosponsor>False</isOriginalCosponsor>
        <sponsorshipDate>2017-06-06</sponsorshipDate>
        <identifiers>
          <lisID>2130</lisID>
          <gpoId />
          <bioguideId>M001189</bioguideId>
        </identifiers>
        <lastName>Messer</lastName>
        <party>R</party>
      </item>
    </cosponsors>
  </bill>
  <dublinCore xmlns:dc="http://purl.org/dc/elements/1.1/">
    <dc:format>text/xml</dc:format>
    <dc:language>EN</dc:language>
    <dc:rights>Pursuant to Title 17 Section 105 of the United States Code, this file is not subject to copyright protection and is in the public domain.</dc:rights>
    <dc:contributor>Congressional Research Service, Library of Congress</dc:contributor>
    <dc:description>This file contains bill summaries and statuses for federal legislation. A bill summary describes the most significant provisions of a piece of legislation and details the effects the legislative text may have on current law and federal programs. Bill summaries are authored by the Congressional Research Service (CRS) of the Library of Congress. As stated in Public Law 91-510 (2 USC 166 (d)(6)), one of the duties of CRS is "to prepare summaries and digests of bills and resolutions of a public general nature introduced in the Senate or House of Representatives". For more information, refer to the User Guide that accompanies this file.</dc:description>
  </dublinCore>
</billStatus>

