<?xml version="1.0" encoding="UTF-8"?>
<billStatus>
  <bill>
    <policyArea>
      <name>Energy</name>
    </policyArea>
    <committeeReports />
    <congress>115</congress>
    <sponsors>
      <item>
        <identifiers>
          <gpoId>7816</gpoId>
          <lisID>1832</lisID>
          <bioguideId>M001166</bioguideId>
        </identifiers>
        <district>9</district>
        <middleName />
        <byRequestType />
        <fullName>Rep. McNerney, Jerry [D-CA-9]</fullName>
        <bioguideId>M001166</bioguideId>
        <state>CA</state>
        <party>D</party>
        <firstName>Jerry</firstName>
        <lastName>McNerney</lastName>
      </item>
    </sponsors>
    <calendarNumbers />
    <amendments />
    <relatedBills />
    <notes />
    <originChamber>House</originChamber>
    <version>1.0.0</version>
    <billNumber>334</billNumber>
    <title>Expressing the sense of the House of Representatives regarding grid modernization.</title>
    <cosponsors>
      <item>
        <lastName>Latta</lastName>
        <firstName>Robert</firstName>
        <sponsorshipWithdrawnDate />
        <isOriginalCosponsor>True</isOriginalCosponsor>
        <district>5</district>
        <party>R</party>
        <fullName>Rep. Latta, Robert E. [R-OH-5]</fullName>
        <middleName>E.</middleName>
        <state>OH</state>
        <bioguideId>L000566</bioguideId>
        <sponsorshipDate>2017-05-17</sponsorshipDate>
        <identifiers>
          <gpoId>8095</gpoId>
          <lisID>1885</lisID>
          <bioguideId>L000566</bioguideId>
        </identifiers>
      </item>
    </cosponsors>
    <subjects>
      <billSubjects>
        <legislativeSubjects>
          <item>
            <name>Advanced technology and technological innovations</name>
          </item>
          <item>
            <name>Computer security and identity theft</name>
          </item>
          <item>
            <name>Electric power generation and transmission</name>
          </item>
          <item>
            <name>Energy efficiency and conservation</name>
          </item>
          <item>
            <name>Energy research</name>
          </item>
          <item>
            <name>Energy storage, supplies, demand</name>
          </item>
          <item>
            <name>Research and development</name>
          </item>
        </legislativeSubjects>
        <policyArea>
          <name>Energy</name>
        </policyArea>
      </billSubjects>
    </subjects>
    <constitutionalAuthorityStatementText />
    <laws />
    <actions>
      <actionByCounts>
        <houseOfRepresentatives>6</houseOfRepresentatives>
      </actionByCounts>
      <item>
        <actionDate>2017-05-19</actionDate>
        <committee>
          <name>Energy and Power Subcommittee</name>
          <systemCode>hsif03</systemCode>
        </committee>
        <links />
        <sourceSystem>
          <name>House committee actions</name>
          <code>1</code>
        </sourceSystem>
        <text>Referred to the Subcommittee on Energy.</text>
        <type>Committee</type>
      </item>
      <item>
        <text>Referred to House Science, Space, and Technology</text>
        <type>IntroReferral</type>
        <sourceSystem>
          <name>House floor actions</name>
          <code>2</code>
        </sourceSystem>
        <committee>
          <name>Science, Space, and Technology Committee</name>
          <systemCode>hssy00</systemCode>
        </committee>
        <actionCode>H11100</actionCode>
        <actionDate>2017-05-17</actionDate>
        <links />
      </item>
      <item>
        <text>Referred to the Committee on Energy and Commerce, and in addition to the Committee on Science, Space, and Technology, for a period to be subsequently determined by the Speaker, in each case for consideration of such provisions as fall within the jurisdiction of the committee concerned.</text>
        <type>IntroReferral</type>
        <sourceSystem>
          <name>Library of Congress</name>
          <code>9</code>
        </sourceSystem>
        <committee />
        <actionCode>H11100-A</actionCode>
        <actionDate>2017-05-17</actionDate>
        <links />
      </item>
      <item>
        <text>Referred to House Energy and Commerce</text>
        <type>IntroReferral</type>
        <sourceSystem>
          <name>House floor actions</name>
          <code>2</code>
        </sourceSystem>
        <committee>
          <name>Energy and Commerce Committee</name>
          <systemCode>hsif00</systemCode>
        </committee>
        <actionCode>H11100</actionCode>
        <actionDate>2017-05-17</actionDate>
        <links />
      </item>
      <item>
        <text>Introduced in House</text>
        <type>IntroReferral</type>
        <sourceSystem>
          <name>Library of Congress</name>
          <code>9</code>
        </sourceSystem>
        <committee />
        <actionCode>Intro-H</actionCode>
        <actionDate>2017-05-17</actionDate>
        <links />
      </item>
      <item>
        <text>Introduced in House</text>
        <type>IntroReferral</type>
        <sourceSystem>
          <name>Library of Congress</name>
          <code>9</code>
        </sourceSystem>
        <committee />
        <actionCode>1000</actionCode>
        <actionDate>2017-05-17</actionDate>
        <links />
      </item>
      <actionTypeCounts>
        <introducedInHouse>1</introducedInHouse>
        <placeholderTextForH>1</placeholderTextForH>
        <billReferrals>2</billReferrals>
        <billReferralsAggregate>1</billReferralsAggregate>
        <introducedInTheHouse>1</introducedInTheHouse>
      </actionTypeCounts>
    </actions>
    <titles>
      <item>
        <chamberCode />
        <title>Expressing the sense of the House of Representatives regarding grid modernization.</title>
        <titleType>Official Title as Introduced</titleType>
        <parentTitleType />
        <chamberName />
      </item>
      <item>
        <chamberCode />
        <title>Expressing the sense of the House of Representatives regarding grid modernization.</title>
        <titleType>Display Title</titleType>
        <parentTitleType />
        <chamberName />
      </item>
    </titles>
    <summaries>
      <billSummaries>
        <item>
          <lastSummaryUpdateDate>2017-09-14T14:12:09Z</lastSummaryUpdateDate>
          <updateDate>2017-05-17T04:00:00Z</updateDate>
          <versionCode>00</versionCode>
          <text><![CDATA[<p>Urges the United States to promote and advance the modernization of its energy delivery infrastructure and bolster the reliability, affordability, diversity, efficiency, security, and resiliency of domestic energy supplies through advanced grid technology.</p>]]></text>
          <name>Introduced in House</name>
          <actionDesc>Introduced in House</actionDesc>
          <actionDate>2017-05-17</actionDate>
        </item>
      </billSummaries>
    </summaries>
    <committees>
      <billCommittees>
        <item>
          <chamber>House</chamber>
          <subcommittees>
            <item>
              <systemCode>hsif03</systemCode>
              <activities>
                <item>
                  <name>Referred to</name>
                  <date>2017-05-19T13:13:00Z</date>
                </item>
              </activities>
              <name>Energy and Power Subcommittee</name>
            </item>
          </subcommittees>
          <systemCode>hsif00</systemCode>
          <name>Energy and Commerce Committee</name>
          <activities>
            <item>
              <name>Referred to</name>
              <date>2017-05-17T14:01:00Z</date>
            </item>
          </activities>
          <type>Standing</type>
        </item>
        <item>
          <chamber>House</chamber>
          <subcommittees />
          <systemCode>hssy00</systemCode>
          <name>Science, Space, and Technology Committee</name>
          <activities>
            <item>
              <name>Referred to</name>
              <date>2017-05-17T14:01:05Z</date>
            </item>
          </activities>
          <type>Standing</type>
        </item>
      </billCommittees>
    </committees>
    <introducedDate>2017-05-17</introducedDate>
    <updateDate>2018-02-06T16:39:47Z</updateDate>
    <cboCostEstimates />
    <recordedVotes />
    <billType>HRES</billType>
    <createDate>2017-05-18T03:11:38Z</createDate>
    <latestAction>
      <text>Referred to the Subcommittee on Energy.</text>
      <links />
      <actionDate>2017-05-19</actionDate>
    </latestAction>
  </bill>
  <dublinCore xmlns:dc="http://purl.org/dc/elements/1.1/">
    <dc:format>text/xml</dc:format>
    <dc:language>EN</dc:language>
    <dc:rights>Pursuant to Title 17 Section 105 of the United States Code, this file is not subject to copyright protection and is in the public domain.</dc:rights>
    <dc:contributor>Congressional Research Service, Library of Congress</dc:contributor>
    <dc:description>This file contains bill summaries and statuses for federal legislation. A bill summary describes the most significant provisions of a piece of legislation and details the effects the legislative text may have on current law and federal programs. Bill summaries are authored by the Congressional Research Service (CRS) of the Library of Congress. As stated in Public Law 91-510 (2 USC 166 (d)(6)), one of the duties of CRS is "to prepare summaries and digests of bills and resolutions of a public general nature introduced in the Senate or House of Representatives". For more information, refer to the User Guide that accompanies this file.</dc:description>
  </dublinCore>
</billStatus>

