<?xml version="1.0" encoding="UTF-8"?>
<billStatus>
  <bill>
    <constitutionalAuthorityStatementText />
    <originChamber>House</originChamber>
    <subjects>
      <billSubjects>
        <policyArea>
          <name>International Affairs</name>
        </policyArea>
        <legislativeSubjects>
          <item>
            <name>Asia</name>
          </item>
          <item>
            <name>China</name>
          </item>
          <item>
            <name>Diplomacy, foreign officials, Americans abroad</name>
          </item>
          <item>
            <name>Drug trafficking and controlled substances</name>
          </item>
          <item>
            <name>Drug, alcohol, tobacco use</name>
          </item>
          <item>
            <name>Health promotion and preventive care</name>
          </item>
          <item>
            <name>International organizations and cooperation</name>
          </item>
          <item>
            <name>Latin America</name>
          </item>
          <item>
            <name>Law enforcement administration and funding</name>
          </item>
          <item>
            <name>Mexico</name>
          </item>
          <item>
            <name>Organized crime</name>
          </item>
        </legislativeSubjects>
      </billSubjects>
    </subjects>
    <cosponsors>
      <item>
        <lastName>Joyce</lastName>
        <firstName>David</firstName>
        <sponsorshipWithdrawnDate />
        <isOriginalCosponsor>True</isOriginalCosponsor>
        <district>14</district>
        <party>R</party>
        <fullName>Rep. Joyce, David P. [R-OH-14]</fullName>
        <middleName>P.</middleName>
        <state>OH</state>
        <bioguideId>J000295</bioguideId>
        <sponsorshipDate>2017-04-06</sponsorshipDate>
        <identifiers>
          <bioguideId>J000295</bioguideId>
          <lisID>2154</lisID>
          <gpoId />
        </identifiers>
      </item>
      <item>
        <lastName>RYAN</lastName>
        <firstName>TIM</firstName>
        <sponsorshipWithdrawnDate />
        <isOriginalCosponsor>True</isOriginalCosponsor>
        <district>13</district>
        <party>D</party>
        <fullName>Rep. Ryan, Tim [D-OH-13]</fullName>
        <middleName />
        <state>OH</state>
        <bioguideId>R000577</bioguideId>
        <sponsorshipDate>2017-04-06</sponsorshipDate>
        <identifiers>
          <bioguideId>R000577</bioguideId>
          <lisID>1756</lisID>
          <gpoId>8107</gpoId>
        </identifiers>
      </item>
      <item>
        <lastName>Tsongas</lastName>
        <firstName>Niki</firstName>
        <sponsorshipWithdrawnDate />
        <isOriginalCosponsor>True</isOriginalCosponsor>
        <district>3</district>
        <party>D</party>
        <fullName>Rep. Tsongas, Niki [D-MA-3]</fullName>
        <middleName />
        <state>MA</state>
        <bioguideId>T000465</bioguideId>
        <sponsorshipDate>2017-04-06</sponsorshipDate>
        <identifiers>
          <lisID>1884</lisID>
          <bioguideId>T000465</bioguideId>
          <gpoId>7970</gpoId>
        </identifiers>
      </item>
      <item>
        <lastName>Comstock</lastName>
        <firstName>Barbara</firstName>
        <sponsorshipWithdrawnDate />
        <isOriginalCosponsor>False</isOriginalCosponsor>
        <district>10</district>
        <party>R</party>
        <fullName>Rep. Comstock, Barbara [R-VA-10]</fullName>
        <middleName />
        <state>VA</state>
        <bioguideId>C001105</bioguideId>
        <sponsorshipDate>2017-05-04</sponsorshipDate>
        <identifiers>
          <lisID>2273</lisID>
          <bioguideId>C001105</bioguideId>
          <gpoId />
        </identifiers>
      </item>
    </cosponsors>
    <billType>HRES</billType>
    <recordedVotes />
    <laws />
    <committeeReports />
    <actions>
      <actionByCounts>
        <houseOfRepresentatives>10</houseOfRepresentatives>
      </actionByCounts>
      <actionTypeCounts>
        <introducedInTheHouse>1</introducedInTheHouse>
        <billReferrals>3</billReferrals>
        <placeholderTextForH>4</placeholderTextForH>
        <introducedInHouse>1</introducedInHouse>
        <billReferralsAggregate>1</billReferralsAggregate>
      </actionTypeCounts>
      <item>
        <actionDate>2017-05-18</actionDate>
        <committee>
          <systemCode>hsfa07</systemCode>
          <name>Western Hemisphere Subcommittee</name>
        </committee>
        <links />
        <sourceSystem>
          <name>House committee actions</name>
          <code>1</code>
        </sourceSystem>
        <text>Referred to the Subcommittee on the Western Hemisphere.</text>
        <type>Committee</type>
      </item>
      <item>
        <actionDate>2017-05-18</actionDate>
        <committee>
          <systemCode>hsfa05</systemCode>
          <name>Asia and the Pacific Subcommittee</name>
        </committee>
        <links />
        <sourceSystem>
          <name>House committee actions</name>
          <code>1</code>
        </sourceSystem>
        <text>Referred to the Subcommittee on Asia and the Pacific.</text>
        <type>Committee</type>
      </item>
      <item>
        <actionDate>2017-04-21</actionDate>
        <committee>
          <systemCode>hsju08</systemCode>
          <name>Crime, Terrorism, Homeland Security, and Investigations Subcommittee</name>
        </committee>
        <links />
        <sourceSystem>
          <name>House committee actions</name>
          <code>1</code>
        </sourceSystem>
        <text>Referred to the Subcommittee on Crime, Terrorism, Homeland Security, and Investigations.</text>
        <type>Committee</type>
      </item>
      <item>
        <actionDate>2017-04-07</actionDate>
        <committee>
          <systemCode>hsif14</systemCode>
          <name>Health Subcommittee</name>
        </committee>
        <links />
        <sourceSystem>
          <name>House committee actions</name>
          <code>1</code>
        </sourceSystem>
        <text>Referred to the Subcommittee on Health.</text>
        <type>Committee</type>
      </item>
      <item>
        <actionDate>2017-04-06</actionDate>
        <text>Referred to House Energy and Commerce</text>
        <sourceSystem>
          <name>House floor actions</name>
          <code>2</code>
        </sourceSystem>
        <committee>
          <systemCode>hsif00</systemCode>
          <name>Energy and Commerce Committee</name>
        </committee>
        <links />
        <actionCode>H11100</actionCode>
        <type>IntroReferral</type>
      </item>
      <item>
        <actionDate>2017-04-06</actionDate>
        <text>Referred to House Judiciary</text>
        <sourceSystem>
          <name>House floor actions</name>
          <code>2</code>
        </sourceSystem>
        <committee>
          <systemCode>hsju00</systemCode>
          <name>Judiciary Committee</name>
        </committee>
        <links />
        <actionCode>H11100</actionCode>
        <type>IntroReferral</type>
      </item>
      <item>
        <actionDate>2017-04-06</actionDate>
        <text>Referred to House Foreign Affairs</text>
        <sourceSystem>
          <name>House floor actions</name>
          <code>2</code>
        </sourceSystem>
        <committee>
          <systemCode>hsfa00</systemCode>
          <name>Foreign Affairs Committee</name>
        </committee>
        <links />
        <actionCode>H11100</actionCode>
        <type>IntroReferral</type>
      </item>
      <item>
        <actionDate>2017-04-06</actionDate>
        <text>Referred to the Committee on Foreign Affairs, and in addition to the Committees on the Judiciary, and Energy and Commerce, for a period to be subsequently determined by the Speaker, in each case for consideration of such provisions as fall within the jurisdiction of the committee concerned.</text>
        <sourceSystem>
          <name>Library of Congress</name>
          <code>9</code>
        </sourceSystem>
        <committee />
        <links />
        <actionCode>H11100-A</actionCode>
        <type>IntroReferral</type>
      </item>
      <item>
        <actionDate>2017-04-06</actionDate>
        <text>Introduced in House</text>
        <sourceSystem>
          <name>Library of Congress</name>
          <code>9</code>
        </sourceSystem>
        <committee />
        <links />
        <actionCode>Intro-H</actionCode>
        <type>IntroReferral</type>
      </item>
      <item>
        <actionDate>2017-04-06</actionDate>
        <text>Introduced in House</text>
        <sourceSystem>
          <name>Library of Congress</name>
          <code>9</code>
        </sourceSystem>
        <committee />
        <links />
        <actionCode>1000</actionCode>
        <type>IntroReferral</type>
      </item>
    </actions>
    <createDate>2017-04-07T03:11:46Z</createDate>
    <version>1.0.0</version>
    <notes />
    <latestAction>
      <actionDate>2017-05-18</actionDate>
      <text>Referred to the Subcommittee on the Western Hemisphere.</text>
      <links />
    </latestAction>
    <title>Expressing the sense of the House of Representatives regarding the trafficking of illicit fentanyl into the United States from Mexico and China.</title>
    <summaries>
      <billSummaries>
        <item>
          <lastSummaryUpdateDate>2017-04-28T14:54:41Z</lastSummaryUpdateDate>
          <updateDate>2017-04-06T04:00:00Z</updateDate>
          <versionCode>00</versionCode>
          <text><![CDATA[<p>Expresses the sense of the Senate that:</p> <ul> <li> the use of illicit fentanyl in the United States and the resulting overdose deaths are a public health crisis;</li> <li> the trafficking of illicit fentanyl into the United States, especially by transnational criminal organizations, is a problem that requires close cooperation between the U.S. government and the governments of Mexico and China; and </li> <li>all three such countries have a shared interest in, and responsibility for, stopping the production of illicit fentanyl and its trafficking into the United States.</li> </ul> <p>Calls for the United States to:</p> <ul> <li>support the efforts by the governments of Mexico and China to stop such production and trafficking into the United States;</li> <li> take further measures to reduce and prevent heroin and fentanyl consumption through enhanced enforcement to reduce the illegal supply and increased use of evidence-based prevention, treatment, and recovery services; and</li> <li>use its broad diplomatic and law enforcement resources, in partnership with the governments of China and Mexico, to stop such production and trafficking.</li> </ul>]]></text>
          <name>Introduced in House</name>
          <actionDesc>Introduced in House</actionDesc>
          <actionDate>2017-04-06</actionDate>
        </item>
      </billSummaries>
    </summaries>
    <congress>115</congress>
    <policyArea>
      <name>International Affairs</name>
    </policyArea>
    <billNumber>268</billNumber>
    <calendarNumbers />
    <cboCostEstimates />
    <introducedDate>2017-04-06</introducedDate>
    <relatedBills>
      <item>
        <relationshipDetails>
          <item>
            <identifiedBy>CRS</identifiedBy>
            <type>Related bill</type>
          </item>
          <item>
            <identifiedBy>CRS</identifiedBy>
            <type>Identical bill</type>
          </item>
        </relationshipDetails>
        <latestAction>
          <actionDate>2017-01-10</actionDate>
          <text>Referred to the Committee on Foreign Relations.</text>
        </latestAction>
        <type>SRES</type>
        <number>10</number>
        <latestTitle>A resolution expressing the sense of the Senate regarding the trafficking of illicit fentanyl into the United States from Mexico and China.</latestTitle>
        <congress>115</congress>
      </item>
      <item>
        <relationshipDetails>
          <item>
            <identifiedBy>CRS</identifiedBy>
            <type>Identical bill</type>
          </item>
        </relationshipDetails>
        <latestAction>
          <actionDate>2017-03-15</actionDate>
          <text>Resolution agreed to in Senate without amendment and with a preamble by Unanimous Consent.</text>
        </latestAction>
        <type>SRES</type>
        <number>83</number>
        <latestTitle>A resolution expressing the sense of the Senate regarding the trafficking of illicit fentanyl into the United States from Mexico and China.</latestTitle>
        <congress>115</congress>
      </item>
    </relatedBills>
    <committees>
      <billCommittees>
        <item>
          <name>Foreign Affairs Committee</name>
          <chamber>House</chamber>
          <type>Standing</type>
          <subcommittees>
            <item>
              <name>Western Hemisphere Subcommittee</name>
              <systemCode>hsfa07</systemCode>
              <activities>
                <item>
                  <name>Referred to</name>
                  <date>2017-05-18T16:03:50Z</date>
                </item>
              </activities>
            </item>
            <item>
              <name>Asia and the Pacific Subcommittee</name>
              <systemCode>hsfa05</systemCode>
              <activities>
                <item>
                  <name>Referred to</name>
                  <date>2017-05-18T15:26:55Z</date>
                </item>
              </activities>
            </item>
          </subcommittees>
          <systemCode>hsfa00</systemCode>
          <activities>
            <item>
              <name>Referred to</name>
              <date>2017-04-06T13:06:45Z</date>
            </item>
          </activities>
        </item>
        <item>
          <name>Judiciary Committee</name>
          <chamber>House</chamber>
          <type>Standing</type>
          <subcommittees>
            <item>
              <name>Crime, Terrorism, Homeland Security, and Investigations Subcommittee</name>
              <systemCode>hsju08</systemCode>
              <activities>
                <item>
                  <name>Referred to</name>
                  <date>2017-04-21T14:52:38Z</date>
                </item>
              </activities>
            </item>
          </subcommittees>
          <systemCode>hsju00</systemCode>
          <activities>
            <item>
              <name>Referred to</name>
              <date>2017-04-06T13:06:50Z</date>
            </item>
          </activities>
        </item>
        <item>
          <name>Energy and Commerce Committee</name>
          <chamber>House</chamber>
          <type>Standing</type>
          <subcommittees>
            <item>
              <name>Health Subcommittee</name>
              <systemCode>hsif14</systemCode>
              <activities>
                <item>
                  <name>Referred to</name>
                  <date>2017-04-07T14:31:21Z</date>
                </item>
              </activities>
            </item>
          </subcommittees>
          <systemCode>hsif00</systemCode>
          <activities>
            <item>
              <name>Referred to</name>
              <date>2017-04-06T13:07:00Z</date>
            </item>
          </activities>
        </item>
      </billCommittees>
    </committees>
    <titles>
      <item>
        <chamberName />
        <parentTitleType />
        <chamberCode />
        <titleType>Official Title as Introduced</titleType>
        <title>Expressing the sense of the House of Representatives regarding the trafficking of illicit fentanyl into the United States from Mexico and China.</title>
      </item>
      <item>
        <chamberName />
        <parentTitleType />
        <chamberCode />
        <titleType>Display Title</titleType>
        <title>Expressing the sense of the House of Representatives regarding the trafficking of illicit fentanyl into the United States from Mexico and China.</title>
      </item>
    </titles>
    <sponsors>
      <item>
        <fullName>Rep. McKinley, David B. [R-WV-1]</fullName>
        <middleName>B.</middleName>
        <district>1</district>
        <byRequestType />
        <firstName>David</firstName>
        <bioguideId>M001180</bioguideId>
        <state>WV</state>
        <party>R</party>
        <lastName>McKinley</lastName>
        <identifiers>
          <lisID>2074</lisID>
          <bioguideId>M001180</bioguideId>
          <gpoId>8222</gpoId>
        </identifiers>
      </item>
    </sponsors>
    <updateDate>2018-02-06T16:39:43Z</updateDate>
    <amendments />
  </bill>
  <dublinCore xmlns:dc="http://purl.org/dc/elements/1.1/">
    <dc:format>text/xml</dc:format>
    <dc:language>EN</dc:language>
    <dc:rights>Pursuant to Title 17 Section 105 of the United States Code, this file is not subject to copyright protection and is in the public domain.</dc:rights>
    <dc:contributor>Congressional Research Service, Library of Congress</dc:contributor>
    <dc:description>This file contains bill summaries and statuses for federal legislation. A bill summary describes the most significant provisions of a piece of legislation and details the effects the legislative text may have on current law and federal programs. Bill summaries are authored by the Congressional Research Service (CRS) of the Library of Congress. As stated in Public Law 91-510 (2 USC 166 (d)(6)), one of the duties of CRS is "to prepare summaries and digests of bills and resolutions of a public general nature introduced in the Senate or House of Representatives". For more information, refer to the User Guide that accompanies this file.</dc:description>
  </dublinCore>
</billStatus>

