<?xml version="1.0" encoding="UTF-8"?>
<billStatus>
  <bill>
    <introducedDate>2017-01-10</introducedDate>
    <congress>115</congress>
    <latestAction>
      <actionDate>2017-01-10</actionDate>
      <actionTime>12:34:10</actionTime>
      <links />
      <text>Motion to reconsider laid on the table Agreed to without objection.</text>
    </latestAction>
    <originChamber>House</originChamber>
    <billNumber>37</billNumber>
    <sponsors>
      <item>
        <state>GA</state>
        <identifiers>
          <lisID>2121</lisID>
          <gpoId />
          <bioguideId>C001093</bioguideId>
        </identifiers>
        <bioguideId>C001093</bioguideId>
        <lastName>Collins</lastName>
        <fullName>Rep. Collins, Doug [R-GA-9]</fullName>
        <district>9</district>
        <firstName>Doug</firstName>
        <byRequestType />
        <middleName />
        <party>R</party>
      </item>
    </sponsors>
    <committeeReports />
    <relatedBills />
    <titles>
      <item>
        <chamberName />
        <titleType>Official Title as Introduced</titleType>
        <title>Providing for the attendance of the House at the Inaugural Ceremonies of the President and Vice President of the United States.</title>
        <parentTitleType />
        <chamberCode />
      </item>
      <item>
        <chamberName />
        <titleType>Display Title</titleType>
        <title>Providing for the attendance of the House at the Inaugural Ceremonies of the President and Vice President of the United States.</title>
        <parentTitleType />
        <chamberCode />
      </item>
    </titles>
    <constitutionalAuthorityStatementText />
    <billType>HRES</billType>
    <summaries>
      <billSummaries>
        <item>
          <versionCode>00</versionCode>
          <actionDate>2017-01-10</actionDate>
          <updateDate>2017-01-10T05:00:00Z</updateDate>
          <text><![CDATA[<p>Requires the House of Representatives to: (1) proceed to the West Front of the Capitol at 10:30 a.m. on Friday, January 20, 2017, to attend the inaugural ceremonies of the President and Vice President of the United States; and (2) adjourn upon the conclusion of the ceremonies until noon on Monday, January 23, 2017.</p>]]></text>
          <actionDesc>Introduced in House</actionDesc>
          <name>Introduced in House</name>
          <lastSummaryUpdateDate>2017-03-15T18:49:03Z</lastSummaryUpdateDate>
        </item>
        <item>
          <versionCode>81</versionCode>
          <actionDate>2017-01-10</actionDate>
          <updateDate>2017-01-10T14:41:30Z</updateDate>
          <text><![CDATA[<p>(This measure has not been amended since it was introduced. The summary of that version is repeated here.)</p> <p>Requires the House of Representatives to: (1) proceed to the West Front of the Capitol at 10:30 a.m. on Friday, January 20, 2017, to attend the inaugural ceremonies of the President and Vice President of the United States; and (2) adjourn upon the conclusion of the ceremonies until noon on Monday, January 23, 2017.</p>]]></text>
          <actionDesc>Passed House without amendment</actionDesc>
          <name>Passed House without amendment</name>
          <lastSummaryUpdateDate>2017-03-15T18:47:53Z</lastSummaryUpdateDate>
        </item>
      </billSummaries>
    </summaries>
    <subjects>
      <billSubjects>
        <policyArea>
          <name>Congress</name>
        </policyArea>
        <legislativeSubjects>
          <item>
            <name>Congressional operations and organization</name>
          </item>
          <item>
            <name>House of Representatives</name>
          </item>
          <item>
            <name>Presidents and presidential powers, Vice Presidents</name>
          </item>
        </legislativeSubjects>
      </billSubjects>
    </subjects>
    <laws />
    <policyArea>
      <name>Congress</name>
    </policyArea>
    <committees>
      <billCommittees />
    </committees>
    <version>1.0.0</version>
    <recordedVotes />
    <updateDate>2018-02-06T16:39:31Z</updateDate>
    <title>Providing for the attendance of the House at the Inaugural Ceremonies of the President and Vice President of the United States.</title>
    <createDate>2017-01-11T05:09:40Z</createDate>
    <cboCostEstimates />
    <actions>
      <actionByCounts>
        <houseOfRepresentatives>6</houseOfRepresentatives>
      </actionByCounts>
      <actionTypeCounts>
        <passedAgreedToInHouse>1</passedAgreedToInHouse>
        <passageOfAMeasure>1</passageOfAMeasure>
        <considerationByHouse>1</considerationByHouse>
        <introducedInTheHouse>1</introducedInTheHouse>
        <introducedInHouse>1</introducedInHouse>
        <motionToReconsiderResults>1</motionToReconsiderResults>
      </actionTypeCounts>
      <item>
        <sourceSystem>
          <name>House floor actions</name>
          <code>2</code>
        </sourceSystem>
        <actionDate>2017-01-10</actionDate>
        <text>Motion to reconsider laid on the table Agreed to without objection.</text>
        <type>Floor</type>
        <links />
        <committee />
        <actionCode>H38310</actionCode>
        <actionTime>12:34:10</actionTime>
      </item>
      <item>
        <sourceSystem>
          <name>House floor actions</name>
          <code>2</code>
        </sourceSystem>
        <actionDate>2017-01-10</actionDate>
        <text>On agreeing to the resolution Agreed to without objection. (text: CR H249)</text>
        <type>Floor</type>
        <links>
          <link>
            <name>H249</name>
            <url>https://www.congress.gov/congressional-record/volume-163/house-section/page/H249</url>
          </link>
        </links>
        <committee />
        <actionCode>H37100</actionCode>
        <actionTime>12:34:06</actionTime>
      </item>
      <item>
        <sourceSystem>
          <name>Library of Congress</name>
          <code>9</code>
        </sourceSystem>
        <actionDate>2017-01-10</actionDate>
        <text>Passed/agreed to in House: On agreeing to the resolution Agreed to without objection.(text: CR H249)</text>
        <type>Floor</type>
        <links>
          <link>
            <name>H249</name>
            <url>https://www.congress.gov/congressional-record/volume-163/house-section/page/H249</url>
          </link>
        </links>
        <committee />
        <actionCode>8000</actionCode>
        <actionTime>12:34:06</actionTime>
      </item>
      <item>
        <sourceSystem>
          <name>House floor actions</name>
          <code>2</code>
        </sourceSystem>
        <actionDate>2017-01-10</actionDate>
        <text>Considered as privileged matter. (consideration: CR H249)</text>
        <type>Floor</type>
        <links>
          <link>
            <name>H249</name>
            <url>https://www.congress.gov/congressional-record/volume-163/house-section/page/H249</url>
          </link>
        </links>
        <committee />
        <actionCode>H30000</actionCode>
        <actionTime>12:33:46</actionTime>
      </item>
      <item>
        <sourceSystem>
          <name>Library of Congress</name>
          <code>9</code>
        </sourceSystem>
        <actionDate>2017-01-10</actionDate>
        <text>Introduced in House</text>
        <type>IntroReferral</type>
        <links />
        <committee />
        <actionCode>Intro-H</actionCode>
      </item>
      <item>
        <sourceSystem>
          <name>Library of Congress</name>
          <code>9</code>
        </sourceSystem>
        <actionDate>2017-01-10</actionDate>
        <text>Introduced in House</text>
        <type>IntroReferral</type>
        <links />
        <committee />
        <actionCode>1000</actionCode>
      </item>
    </actions>
    <amendments />
    <notes />
    <calendarNumbers />
    <cosponsors />
  </bill>
  <dublinCore xmlns:dc="http://purl.org/dc/elements/1.1/">
    <dc:format>text/xml</dc:format>
    <dc:language>EN</dc:language>
    <dc:rights>Pursuant to Title 17 Section 105 of the United States Code, this file is not subject to copyright protection and is in the public domain.</dc:rights>
    <dc:contributor>Congressional Research Service, Library of Congress</dc:contributor>
    <dc:description>This file contains bill summaries and statuses for federal legislation. A bill summary describes the most significant provisions of a piece of legislation and details the effects the legislative text may have on current law and federal programs. Bill summaries are authored by the Congressional Research Service (CRS) of the Library of Congress. As stated in Public Law 91-510 (2 USC 166 (d)(6)), one of the duties of CRS is "to prepare summaries and digests of bills and resolutions of a public general nature introduced in the Senate or House of Representatives". For more information, refer to the User Guide that accompanies this file.</dc:description>
  </dublinCore>
</billStatus>

