<?xml version="1.0" encoding="UTF-8"?>
<billStatus>
  <bill>
    <committeeReports>
      <committeeReport>
        <citation>H. Rept. 115-12</citation>
      </committeeReport>
    </committeeReports>
    <laws />
    <notes />
    <calendarNumbers>
      <item>
        <number />
        <calendar>H00012</calendar>
      </item>
    </calendarNumbers>
    <updateDate>2018-02-22T15:26:47Z</updateDate>
    <cosponsors />
    <billNumber>123</billNumber>
    <policyArea>
      <name>Congress</name>
    </policyArea>
    <committees>
      <billCommittees>
        <item>
          <subcommittees />
          <type>Standing</type>
          <name>Rules Committee</name>
          <activities>
            <item>
              <name>Reported original measure</name>
              <date>2017-02-14T21:46:40Z</date>
            </item>
          </activities>
          <chamber>House</chamber>
          <systemCode>hsru00</systemCode>
        </item>
      </billCommittees>
    </committees>
    <title>Providing for consideration of the joint resolution (H.J. Res. 43) providing for congressional disapproval under chapter 8 of title 5, United States Code, of the final rule submitted by Secretary of Health and Human Services relating to compliance with title X requirements by project recipients in selecting subrecipients; providing for consideration of the joint resolution (H.J. Res. 69) providing for congressional disapproval under chapter 8 of title 5, United States Code, of the final rule of the Department of the Interior relating to "Non-Subsistence Take of Wildlife, and Public Participation and Closure Procedures, on National Wildlife Refuges in Alaska"; and providing for proceedings during the period from February 17, 2017, through February 24, 2017.</title>
    <sponsors>
      <item>
        <lastName>Burgess</lastName>
        <firstName>Michael</firstName>
        <identifiers>
          <bioguideId>B001248</bioguideId>
          <gpoId>8182</gpoId>
          <lisID>1751</lisID>
        </identifiers>
        <party>R</party>
        <district>26</district>
        <middleName>C.</middleName>
        <state>TX</state>
        <bioguideId>B001248</bioguideId>
        <byRequestType />
        <fullName>Rep. Burgess, Michael C. [R-TX-26]</fullName>
      </item>
    </sponsors>
    <constitutionalAuthorityStatementText />
    <latestAction>
      <actionDate>2017-02-15</actionDate>
      <actionTime>13:26:19</actionTime>
      <text>Motion to reconsider laid on the table Agreed to without objection.</text>
      <links />
    </latestAction>
    <createDate>2017-02-15T05:12:35Z</createDate>
    <billType>HRES</billType>
    <actions>
      <actionTypeCounts>
        <passageOfAMeasure>1</passageOfAMeasure>
        <generalDebate>1</generalDebate>
        <passedAgreedToInHouse>1</passedAgreedToInHouse>
        <reportedToHouse>1</reportedToHouse>
        <considerationByHouse>1</considerationByHouse>
        <motionToReconsiderResults>1</motionToReconsiderResults>
        <motionForPreviousQuestion>1</motionForPreviousQuestion>
        <houseCalendarAssignment>1</houseCalendarAssignment>
        <provisionsOfARule>1</provisionsOfARule>
        <introducedInHouse>1</introducedInHouse>
        <committeeReportOfAnOriginalMeasure>1</committeeReportOfAnOriginalMeasure>
      </actionTypeCounts>
      <actionByCounts>
        <houseOfRepresentatives>11</houseOfRepresentatives>
      </actionByCounts>
      <item>
        <actionDate>2017-02-15</actionDate>
        <type>Floor</type>
        <actionCode>H38310</actionCode>
        <links />
        <actionTime>13:26:19</actionTime>
        <text>Motion to reconsider laid on the table Agreed to without objection.</text>
        <committee />
        <sourceSystem>
          <code>2</code>
          <name>House floor actions</name>
        </sourceSystem>
      </item>
      <item>
        <actionDate>2017-02-15</actionDate>
        <type>Floor</type>
        <actionCode>H37100</actionCode>
        <links>
          <link>
            <url>https://www.congress.gov/congressional-record/volume-163/house-section/page/H1193</url>
            <name>H1193</name>
          </link>
          <link>
            <url>http://clerk.house.gov/evs/2017/roll094.xml</url>
            <name>Roll no. 94</name>
          </link>
        </links>
        <actionTime>13:26:18</actionTime>
        <text>On agreeing to the resolution Agreed to by the Yeas and Nays: 233 - 188 (Roll no. 94). (text: CR H1193)</text>
        <committee />
        <sourceSystem>
          <code>2</code>
          <name>House floor actions</name>
        </sourceSystem>
      </item>
      <item>
        <actionDate>2017-02-15</actionDate>
        <type>Floor</type>
        <actionCode>8000</actionCode>
        <links>
          <link>
            <url>https://www.congress.gov/congressional-record/volume-163/house-section/page/H1193</url>
            <name>H1193</name>
          </link>
          <link>
            <url>http://clerk.house.gov/evs/2017/roll094.xml</url>
            <name>Roll no. 94</name>
          </link>
        </links>
        <actionTime>13:26:18</actionTime>
        <text>Passed/agreed to in House: On agreeing to the resolution Agreed to by the Yeas and Nays: 233 - 188 (Roll no. 94).(text: CR H1193)</text>
        <committee />
        <sourceSystem>
          <code>9</code>
          <name>Library of Congress</name>
        </sourceSystem>
      </item>
      <item>
        <actionDate>2017-02-15</actionDate>
        <type>Floor</type>
        <actionCode>H35000</actionCode>
        <links>
          <link>
            <url>https://www.congress.gov/congressional-record/volume-163/house-section/page/H1199</url>
            <name>H1199</name>
          </link>
          <link>
            <url>http://clerk.house.gov/evs/2017/roll093.xml</url>
            <name>Roll no. 93</name>
          </link>
        </links>
        <actionTime>13:19:29</actionTime>
        <text>On ordering the previous question Agreed to by the Yeas and Nays: 233 - 190 (Roll no. 93). (consideration: CR H1199)</text>
        <committee />
        <sourceSystem>
          <code>2</code>
          <name>House floor actions</name>
        </sourceSystem>
      </item>
      <item>
        <actionDate>2017-02-15</actionDate>
        <type>Floor</type>
        <actionCode>H8D000</actionCode>
        <links>
          <link>
            <url>https://www.congress.gov/bill/115th-congress/house-resolution/123</url>
            <name>H. Res. 123</name>
          </link>
        </links>
        <actionTime>12:23:11</actionTime>
        <text>DEBATE - The House proceeded with one hour of debate on H. Res. 123.</text>
        <committee />
        <sourceSystem>
          <code>2</code>
          <name>House floor actions</name>
        </sourceSystem>
      </item>
      <item>
        <actionDate>2017-02-15</actionDate>
        <type>Floor</type>
        <actionCode>H30000</actionCode>
        <links>
          <link>
            <url>https://www.congress.gov/congressional-record/volume-163/house-section/page/H1193-1200</url>
            <name>H1193-1200</name>
          </link>
        </links>
        <actionTime>12:20:55</actionTime>
        <text>Considered as privileged matter. (consideration: CR H1193-1200)</text>
        <committee />
        <sourceSystem>
          <code>2</code>
          <name>House floor actions</name>
        </sourceSystem>
      </item>
      <item>
        <actionDate>2017-02-14</actionDate>
        <type>Calendars</type>
        <actionCode>H12420</actionCode>
        <links />
        <text>Placed on the House Calendar, Calendar No. 12.</text>
        <committee />
        <sourceSystem>
          <code>2</code>
          <name>House floor actions</name>
        </sourceSystem>
      </item>
      <item>
        <actionDate>2017-02-14</actionDate>
        <type>Floor</type>
        <actionCode>H12700</actionCode>
        <links>
          <link>
            <url>https://www.congress.gov/bill/115th-congress/house-joint-resolution/43</url>
            <name>H.J.Res. 43</name>
          </link>
          <link>
            <url>https://www.congress.gov/bill/115th-congress/house-joint-resolution/69</url>
            <name>H.J.Res. 69</name>
          </link>
        </links>
        <actionTime>16:46:41</actionTime>
        <text>The resolution provides for one hour of general debate on both H.J.Res. 43 and H.J.Res. 69; and provides for proceedings during the period from February 17, 2017, through February 24, 2017.</text>
        <committee />
        <sourceSystem>
          <code>2</code>
          <name>House floor actions</name>
        </sourceSystem>
      </item>
      <item>
        <actionDate>2017-02-14</actionDate>
        <type>Committee</type>
        <actionCode>H12100</actionCode>
        <links>
          <link>
            <url>https://www.congress.gov/congressional-report/115th-congress/house-report/12</url>
            <name>H. Rept. 115-12</name>
          </link>
        </links>
        <text>The House Committee on Rules reported an original measure, H. Rept. 115-12, by Mr. Burgess.</text>
        <committee>
          <systemCode>hsru00</systemCode>
          <name>Rules Committee</name>
        </committee>
        <sourceSystem>
          <code>2</code>
          <name>House floor actions</name>
        </sourceSystem>
      </item>
      <item>
        <actionDate>2017-02-14</actionDate>
        <type>Committee</type>
        <actionCode>5000</actionCode>
        <links>
          <link>
            <url>https://www.congress.gov/congressional-report/115th-congress/house-report/12</url>
            <name>H. Rept. 115-12</name>
          </link>
        </links>
        <text>The House Committee on Rules reported an original measure, H. Rept. 115-12, by Mr. Burgess.</text>
        <committee>
          <systemCode>hsru00</systemCode>
          <name>Rules Committee</name>
        </committee>
        <sourceSystem>
          <code>9</code>
          <name>Library of Congress</name>
        </sourceSystem>
      </item>
      <item>
        <actionDate>2017-02-14</actionDate>
        <type>IntroReferral</type>
        <actionCode>1000</actionCode>
        <links />
        <text>Introduced in House</text>
        <committee />
        <sourceSystem>
          <code>9</code>
          <name>Library of Congress</name>
        </sourceSystem>
      </item>
    </actions>
    <subjects>
      <billSubjects>
        <legislativeSubjects>
          <item>
            <name>House of Representatives</name>
          </item>
          <item>
            <name>Legislative rules and procedure</name>
          </item>
        </legislativeSubjects>
        <policyArea>
          <name>Congress</name>
        </policyArea>
      </billSubjects>
    </subjects>
    <originChamber>House</originChamber>
    <introducedDate>2017-02-14</introducedDate>
    <relatedBills>
      <item>
        <relationshipDetails>
          <item>
            <identifiedBy>House</identifiedBy>
            <type>Procedurally-related</type>
          </item>
          <item>
            <identifiedBy>House</identifiedBy>
            <type>Related bill</type>
          </item>
        </relationshipDetails>
        <type>HJRES</type>
        <latestTitle>Providing for congressional disapproval under chapter 8 of title 5, United States Code, of the final rule submitted by Secretary of Health and Human Services relating to compliance with title X requirements by project recipients in selecting subrecipients.</latestTitle>
        <number>43</number>
        <congress>115</congress>
        <latestAction>
          <actionDate>2017-04-13</actionDate>
          <text>Became Public Law No: 115-23.</text>
        </latestAction>
      </item>
      <item>
        <relationshipDetails>
          <item>
            <identifiedBy>House</identifiedBy>
            <type>Procedurally-related</type>
          </item>
        </relationshipDetails>
        <type>HJRES</type>
        <latestTitle>Providing for congressional disapproval under chapter 8 of title 5, United States Code, of the final rule of the Department of the Interior relating to "Non-Subsistence Take of Wildlife, and Public Participation and Closure Procedures, on National Wildlife Refuges in Alaska".</latestTitle>
        <number>69</number>
        <congress>115</congress>
        <latestAction>
          <actionDate>2017-04-03</actionDate>
          <text>Became Public Law No: 115-20.</text>
        </latestAction>
      </item>
    </relatedBills>
    <version>1.0.0</version>
    <recordedVotes>
      <recordedVote>
        <url>http://clerk.house.gov/evs/2017/roll094.xml</url>
        <sessionNumber>1</sessionNumber>
        <rollNumber>94</rollNumber>
        <fullActionName>Passage of a Measure</fullActionName>
        <date>2017-02-15T18:26:18Z</date>
        <chamber>House</chamber>
        <congress>115</congress>
      </recordedVote>
      <recordedVote>
        <url>http://clerk.house.gov/evs/2017/roll093.xml</url>
        <sessionNumber>1</sessionNumber>
        <rollNumber>93</rollNumber>
        <fullActionName>Motion for Previous Question</fullActionName>
        <date>2017-02-15T18:19:29Z</date>
        <chamber>House</chamber>
        <congress>115</congress>
      </recordedVote>
    </recordedVotes>
    <titles>
      <item>
        <parentTitleType />
        <titleType>Official Title as Introduced</titleType>
        <title>Providing for consideration of the joint resolution (H.J. Res. 43) providing for congressional disapproval under chapter 8 of title 5, United States Code, of the final rule submitted by Secretary of Health and Human Services relating to compliance with title X requirements by project recipients in selecting subrecipients; providing for consideration of the joint resolution (H.J. Res. 69) providing for congressional disapproval under chapter 8 of title 5, United States Code, of the final rule of the Department of the Interior relating to "Non-Subsistence Take of Wildlife, and Public Participation and Closure Procedures, on National Wildlife Refuges in Alaska"; and providing for proceedings during the period from February 17, 2017, through February 24, 2017.</title>
        <chamberCode />
        <chamberName />
      </item>
      <item>
        <parentTitleType />
        <titleType>Display Title</titleType>
        <title>Providing for consideration of the joint resolution (H.J. Res. 43) providing for congressional disapproval under chapter 8 of title 5, United States Code, of the final rule submitted by Secretary of Health and Human Services relating to compliance with title X requirements by project recipients in selecting subrecipients; providing for consideration of the joint resolution (H.J. Res. 69) providing for congressional disapproval under chapter 8 of title 5, United States Code, of the final rule of the Department of the Interior relating to "Non-Subsistence Take of Wildlife, and Public Participation and Closure Procedures, on National Wildlife Refuges in Alaska"; and providing for proceedings during the period from February 17, 2017, through February 24, 2017.</title>
        <chamberCode />
        <chamberName />
      </item>
    </titles>
    <cboCostEstimates />
    <summaries>
      <billSummaries>
        <item>
          <versionCode>00</versionCode>
          <text><![CDATA[Sets forth the rule for consideration of the joint resolution (H.J. Res. 43) providing for congressional disapproval under chapter 8 of title 5, United States Code, of the final rule submitted by Secretary of Health and Human Services relating to compliance with title X requirements by project recipients in selecting subrecipients; providing for consideration of the joint resolution (H.J. Res. 69) providing for congressional disapproval under chapter 8 of title 5, United States Code, of the final rule of the Department of the Interior relating to "Non-Subsistence Take of Wildlife, and Public Participation and Closure Procedures, on National Wildlife Refuges in Alaska"; and providing for proceedings during the period from February 17, 2017, through February 24, 2017.]]></text>
          <actionDesc>Introduced in House</actionDesc>
          <lastSummaryUpdateDate>2017-02-15T09:02:58Z</lastSummaryUpdateDate>
          <updateDate>2017-02-14T05:00:00Z</updateDate>
          <actionDate>2017-02-14</actionDate>
          <name>Introduced in House</name>
        </item>
      </billSummaries>
    </summaries>
    <amendments />
    <congress>115</congress>
  </bill>
  <dublinCore xmlns:dc="http://purl.org/dc/elements/1.1/">
    <dc:format>text/xml</dc:format>
    <dc:language>EN</dc:language>
    <dc:rights>Pursuant to Title 17 Section 105 of the United States Code, this file is not subject to copyright protection and is in the public domain.</dc:rights>
    <dc:contributor>Congressional Research Service, Library of Congress</dc:contributor>
    <dc:description>This file contains bill summaries and statuses for federal legislation. A bill summary describes the most significant provisions of a piece of legislation and details the effects the legislative text may have on current law and federal programs. Bill summaries are authored by the Congressional Research Service (CRS) of the Library of Congress. As stated in Public Law 91-510 (2 USC 166 (d)(6)), one of the duties of CRS is "to prepare summaries and digests of bills and resolutions of a public general nature introduced in the Senate or House of Representatives". For more information, refer to the User Guide that accompanies this file.</dc:description>
  </dublinCore>
</billStatus>

