<?xml version="1.0" encoding="UTF-8"?>
<billStatus>
  <bill>
    <introducedDate>2017-01-03</introducedDate>
    <congress>115</congress>
    <latestAction>
      <actionDate>2017-01-03</actionDate>
      <actionTime>17:37:09</actionTime>
      <links />
      <text>Motion to reconsider laid on the table Agreed to without objection.</text>
    </latestAction>
    <originChamber>House</originChamber>
    <billNumber>7</billNumber>
    <sponsors>
      <item>
        <state>NY</state>
        <identifiers>
          <bioguideId>C001038</bioguideId>
          <gpoId>8068</gpoId>
          <lisID>1604</lisID>
        </identifiers>
        <bioguideId>C001038</bioguideId>
        <lastName>CROWLEY</lastName>
        <fullName>Rep. Crowley, Joseph [D-NY-14]</fullName>
        <district>14</district>
        <firstName>JOSEPH</firstName>
        <byRequestType />
        <middleName />
        <party>D</party>
      </item>
    </sponsors>
    <committeeReports />
    <relatedBills />
    <titles>
      <item>
        <chamberName />
        <parentTitleType />
        <chamberCode />
        <titleType>Official Title as Introduced</titleType>
        <title>Electing Members to certain standing committees of the House of Representatives.</title>
      </item>
      <item>
        <chamberName />
        <parentTitleType />
        <chamberCode />
        <titleType>Display Title</titleType>
        <title>Electing Members to certain standing committees of the House of Representatives.</title>
      </item>
    </titles>
    <constitutionalAuthorityStatementText />
    <billType>HRES</billType>
    <summaries>
      <billSummaries>
        <item>
          <lastSummaryUpdateDate>2017-01-23T21:14:35Z</lastSummaryUpdateDate>
          <updateDate>2017-01-03T05:00:00Z</updateDate>
          <versionCode>00</versionCode>
          <text><![CDATA[<p>Elects specified Members to the following House Committees: (1) Appropriations, (2) the Budget, (3) Education and the Workforce, (4) Energy and Commerce, (5) Financial Services, (6) Foreign Affairs, (7) Homeland Security, (8) House Administration, (9) Natural Resources, (10) Oversight and Government Reform, (11) Rules, (12) Small Business, and (13) Ways and Means.</p>]]></text>
          <name>Introduced in House</name>
          <actionDesc>Introduced in House</actionDesc>
          <actionDate>2017-01-03</actionDate>
        </item>
        <item>
          <lastSummaryUpdateDate>2017-01-23T21:14:42Z</lastSummaryUpdateDate>
          <updateDate>2017-01-03T14:29:11Z</updateDate>
          <versionCode>81</versionCode>
          <text><![CDATA[<p>(This measure has not been amended since it was introduced. The summary of that version is repeated here.)</p> <p>Elects specified Members to the following House Committees: (1) Appropriations, (2) the Budget, (3) Education and the Workforce, (4) Energy and Commerce, (5) Financial Services, (6) Foreign Affairs, (7) Homeland Security, (8) House Administration, (9) Natural Resources, (10) Oversight and Government Reform, (11) Rules, (12) Small Business, and (13) Ways and Means.</p>]]></text>
          <name>Passed House without amendment</name>
          <actionDesc>Passed House without amendment</actionDesc>
          <actionDate>2017-01-03</actionDate>
        </item>
      </billSummaries>
    </summaries>
    <subjects>
      <billSubjects>
        <policyArea>
          <name>Congress</name>
        </policyArea>
        <legislativeSubjects>
          <item>
            <name>Congressional committees</name>
          </item>
          <item>
            <name>House Committee on Education and the Workforce</name>
          </item>
          <item>
            <name>House Committee on Energy and Commerce</name>
          </item>
          <item>
            <name>House Committee on Financial Services</name>
          </item>
          <item>
            <name>House Committee on Foreign Affairs</name>
          </item>
          <item>
            <name>House Committee on Homeland Security</name>
          </item>
          <item>
            <name>House Committee on House Administration</name>
          </item>
          <item>
            <name>House Committee on Natural Resources</name>
          </item>
          <item>
            <name>House Committee on Oversight and Government Reform</name>
          </item>
          <item>
            <name>House Committee on Rules</name>
          </item>
          <item>
            <name>House Committee on Small Business</name>
          </item>
          <item>
            <name>House Committee on Ways and Means</name>
          </item>
          <item>
            <name>House Committee on the Budget</name>
          </item>
          <item>
            <name>House of Representatives</name>
          </item>
          <item>
            <name>Members of Congress</name>
          </item>
        </legislativeSubjects>
      </billSubjects>
    </subjects>
    <laws />
    <policyArea>
      <name>Congress</name>
    </policyArea>
    <committees>
      <billCommittees />
    </committees>
    <version>1.0.0</version>
    <recordedVotes />
    <updateDate>2018-02-06T16:39:29Z</updateDate>
    <title>Electing Members to certain standing committees of the House of Representatives.</title>
    <createDate>2017-01-04T07:01:07Z</createDate>
    <cboCostEstimates />
    <actions>
      <item>
        <committee />
        <sourceSystem>
          <code>2</code>
          <name>House floor actions</name>
        </sourceSystem>
        <actionDate>2017-01-03</actionDate>
        <text>Motion to reconsider laid on the table Agreed to without objection.</text>
        <actionTime>17:37:09</actionTime>
        <links />
        <actionCode>H38310</actionCode>
        <type>Floor</type>
      </item>
      <item>
        <committee />
        <sourceSystem>
          <code>2</code>
          <name>House floor actions</name>
        </sourceSystem>
        <actionDate>2017-01-03</actionDate>
        <text>On agreeing to the resolution Agreed to without objection. (text: CR H28-29)</text>
        <actionTime>17:36:55</actionTime>
        <links>
          <link>
            <url>https://www.congress.gov/congressional-record/volume-163/house-section/page/H28-29</url>
            <name>H28-29</name>
          </link>
        </links>
        <actionCode>H37100</actionCode>
        <type>Floor</type>
      </item>
      <item>
        <committee />
        <sourceSystem>
          <code>9</code>
          <name>Library of Congress</name>
        </sourceSystem>
        <actionDate>2017-01-03</actionDate>
        <text>Passed/agreed to in House: On agreeing to the resolution Agreed to without objection.(text: CR H28-29)</text>
        <actionTime>17:36:55</actionTime>
        <links>
          <link>
            <url>https://www.congress.gov/congressional-record/volume-163/house-section/page/H28-29</url>
            <name>H28-29</name>
          </link>
        </links>
        <actionCode>8000</actionCode>
        <type>Floor</type>
      </item>
      <item>
        <committee />
        <sourceSystem>
          <code>2</code>
          <name>House floor actions</name>
        </sourceSystem>
        <actionDate>2017-01-03</actionDate>
        <text>Considered as privileged matter. (consideration: CR H28-29)</text>
        <actionTime>17:36:41</actionTime>
        <links>
          <link>
            <url>https://www.congress.gov/congressional-record/volume-163/house-section/page/H28-29</url>
            <name>H28-29</name>
          </link>
        </links>
        <actionCode>H30000</actionCode>
        <type>Floor</type>
      </item>
      <item>
        <committee />
        <sourceSystem>
          <code>9</code>
          <name>Library of Congress</name>
        </sourceSystem>
        <actionDate>2017-01-03</actionDate>
        <text>Introduced in House</text>
        <links />
        <type>IntroReferral</type>
        <actionCode>Intro-H</actionCode>
      </item>
      <item>
        <committee />
        <sourceSystem>
          <code>9</code>
          <name>Library of Congress</name>
        </sourceSystem>
        <actionDate>2017-01-03</actionDate>
        <text>Introduced in House</text>
        <links />
        <type>IntroReferral</type>
        <actionCode>1000</actionCode>
      </item>
      <actionByCounts>
        <houseOfRepresentatives>6</houseOfRepresentatives>
      </actionByCounts>
      <actionTypeCounts>
        <motionToReconsiderResults>1</motionToReconsiderResults>
        <passedAgreedToInHouse>1</passedAgreedToInHouse>
        <introducedInTheHouse>1</introducedInTheHouse>
        <considerationByHouse>1</considerationByHouse>
        <passageOfAMeasure>1</passageOfAMeasure>
        <introducedInHouse>1</introducedInHouse>
      </actionTypeCounts>
    </actions>
    <amendments />
    <notes />
    <calendarNumbers />
    <cosponsors />
  </bill>
  <dublinCore xmlns:dc="http://purl.org/dc/elements/1.1/">
    <dc:format>text/xml</dc:format>
    <dc:language>EN</dc:language>
    <dc:rights>Pursuant to Title 17 Section 105 of the United States Code, this file is not subject to copyright protection and is in the public domain.</dc:rights>
    <dc:contributor>Congressional Research Service, Library of Congress</dc:contributor>
    <dc:description>This file contains bill summaries and statuses for federal legislation. A bill summary describes the most significant provisions of a piece of legislation and details the effects the legislative text may have on current law and federal programs. Bill summaries are authored by the Congressional Research Service (CRS) of the Library of Congress. As stated in Public Law 91-510 (2 USC 166 (d)(6)), one of the duties of CRS is "to prepare summaries and digests of bills and resolutions of a public general nature introduced in the Senate or House of Representatives". For more information, refer to the User Guide that accompanies this file.</dc:description>
  </dublinCore>
</billStatus>

