<?xml version="1.0" encoding="UTF-8"?>
<billStatus>
  <bill>
    <createDate>2017-01-11T05:09:40Z</createDate>
    <congress>115</congress>
    <calendarNumbers>
      <item>
        <calendar>H00003</calendar>
        <number />
      </item>
    </calendarNumbers>
    <amendments />
    <recordedVotes>
      <recordedVote>
        <rollNumber>33</rollNumber>
        <sessionNumber>1</sessionNumber>
        <fullActionName>Passage of a Measure</fullActionName>
        <date>2017-01-11T18:40:10Z</date>
        <congress>115</congress>
        <chamber>House</chamber>
        <url>http://clerk.house.gov/evs/2017/roll033.xml</url>
      </recordedVote>
      <recordedVote>
        <rollNumber>32</rollNumber>
        <sessionNumber>1</sessionNumber>
        <fullActionName>Motion for Previous Question</fullActionName>
        <date>2017-01-11T18:33:17Z</date>
        <congress>115</congress>
        <chamber>House</chamber>
        <url>http://clerk.house.gov/evs/2017/roll032.xml</url>
      </recordedVote>
    </recordedVotes>
    <cboCostEstimates />
    <updateDate>2018-02-22T15:26:47Z</updateDate>
    <laws />
    <billNumber>40</billNumber>
    <summaries>
      <billSummaries>
        <item>
          <versionCode>00</versionCode>
          <actionDate>2017-01-10</actionDate>
          <lastSummaryUpdateDate>2017-01-11T09:02:31Z</lastSummaryUpdateDate>
          <updateDate>2017-01-10T05:00:00Z</updateDate>
          <actionDesc>Introduced in House</actionDesc>
          <text><![CDATA[Sets forth the rule for consideration of the bill (H.R. 78) to improve the consideration by the Securities and Exchange Commission of the costs and benefits of its regulations and orders; providing for consideration of the bill (H.R. 238) to reauthorize the Commodity Futures Trading Commission, to better protect futures customers, to provide end-users with market certainty, to make basic reforms to ensure transparency and accountability at the Commission, to help farmers, ranchers, and end-users manage risks, to help keep consumer costs low, and for other purposes.]]></text>
          <name>Introduced in House</name>
        </item>
      </billSummaries>
    </summaries>
    <constitutionalAuthorityStatementText />
    <notes />
    <sponsors>
      <item>
        <firstName>Dan</firstName>
        <state>WA</state>
        <lastName>Newhouse</lastName>
        <party>R</party>
        <district>4</district>
        <fullName>Rep. Newhouse, Dan [R-WA-4]</fullName>
        <middleName />
        <bioguideId>N000189</bioguideId>
        <byRequestType />
        <identifiers>
          <lisID>2275</lisID>
          <gpoId />
          <bioguideId>N000189</bioguideId>
        </identifiers>
      </item>
    </sponsors>
    <titles>
      <item>
        <titleType>Official Title as Introduced</titleType>
        <chamberName />
        <title>Providing for consideration of the bill (H.R. 78) to improve the consideration by the Securities and Exchange Commission of the costs and benefits of its regulations and orders; providing for consideration of the bill (H.R. 238) to reauthorize the Commodity Futures Trading Commission, to better protect futures customers, to provide end-users with market certainty, to make basic reforms to ensure transparency and accountability at the Commission, to help farmers, ranchers, and end-users manage risks, to help keep consumer costs low, and for other purposes; and for other purposes.</title>
        <chamberCode />
        <parentTitleType />
      </item>
      <item>
        <titleType>Display Title</titleType>
        <chamberName />
        <title>Providing for consideration of the bill (H.R. 78) to improve the consideration by the Securities and Exchange Commission of the costs and benefits of its regulations and orders; providing for consideration of the bill (H.R. 238) to reauthorize the Commodity Futures Trading Commission, to better protect futures customers, to provide end-users with market certainty, to make basic reforms to ensure transparency and accountability at the Commission, to help farmers, ranchers, and end-users manage risks, to help keep consumer costs low, and for other purposes; and for other purposes.</title>
        <chamberCode />
        <parentTitleType />
      </item>
    </titles>
    <committees>
      <billCommittees>
        <item>
          <subcommittees />
          <type>Standing</type>
          <name>Rules Committee</name>
          <activities>
            <item>
              <name>Reported original measure</name>
              <date>2017-01-10T23:02:34Z</date>
            </item>
          </activities>
          <chamber>House</chamber>
          <systemCode>hsru00</systemCode>
        </item>
      </billCommittees>
    </committees>
    <billType>HRES</billType>
    <actions>
      <item>
        <text>Motion to reconsider laid on the table Agreed to without objection.</text>
        <actionCode>H38310</actionCode>
        <actionTime>13:40:11</actionTime>
        <committee />
        <actionDate>2017-01-11</actionDate>
        <type>Floor</type>
        <sourceSystem>
          <code>2</code>
          <name>House floor actions</name>
        </sourceSystem>
        <links />
      </item>
      <item>
        <text>On agreeing to the resolution Agreed to by recorded vote: 233 - 170 (Roll no. 33). (text: CR H316)</text>
        <actionCode>H37100</actionCode>
        <actionTime>13:40:10</actionTime>
        <committee />
        <actionDate>2017-01-11</actionDate>
        <type>Floor</type>
        <sourceSystem>
          <code>2</code>
          <name>House floor actions</name>
        </sourceSystem>
        <links>
          <link>
            <name>H316</name>
            <url>https://www.congress.gov/congressional-record/volume-163/house-section/page/H316</url>
          </link>
          <link>
            <name>Roll no. 33</name>
            <url>http://clerk.house.gov/evs/2017/roll033.xml</url>
          </link>
        </links>
      </item>
      <item>
        <text>Passed/agreed to in House: On agreeing to the resolution Agreed to by recorded vote: 233 - 170 (Roll no. 33).(text: CR H316)</text>
        <actionCode>8000</actionCode>
        <actionTime>13:40:10</actionTime>
        <committee />
        <actionDate>2017-01-11</actionDate>
        <type>Floor</type>
        <sourceSystem>
          <code>9</code>
          <name>Library of Congress</name>
        </sourceSystem>
        <links>
          <link>
            <name>H316</name>
            <url>https://www.congress.gov/congressional-record/volume-163/house-section/page/H316</url>
          </link>
          <link>
            <name>Roll no. 33</name>
            <url>http://clerk.house.gov/evs/2017/roll033.xml</url>
          </link>
        </links>
      </item>
      <item>
        <text>On ordering the previous question Agreed to by the Yeas and Nays: 232 - 168 (Roll no. 32). (consideration: CR H321-322)</text>
        <actionCode>H35000</actionCode>
        <actionTime>13:33:17</actionTime>
        <committee />
        <actionDate>2017-01-11</actionDate>
        <type>Floor</type>
        <sourceSystem>
          <code>2</code>
          <name>House floor actions</name>
        </sourceSystem>
        <links>
          <link>
            <name>H321-322</name>
            <url>https://www.congress.gov/congressional-record/volume-163/house-section/page/H321-322</url>
          </link>
          <link>
            <name>Roll no. 32</name>
            <url>http://clerk.house.gov/evs/2017/roll032.xml</url>
          </link>
        </links>
      </item>
      <item>
        <text>DEBATE - The House proceeded with one hour of debate on H. Res. 40.</text>
        <actionCode>H8D000</actionCode>
        <actionTime>12:34:28</actionTime>
        <committee />
        <actionDate>2017-01-11</actionDate>
        <type>Floor</type>
        <sourceSystem>
          <code>2</code>
          <name>House floor actions</name>
        </sourceSystem>
        <links>
          <link>
            <name>H. Res. 40</name>
            <url>https://www.congress.gov/bill/115th-congress/house-resolution/40</url>
          </link>
        </links>
      </item>
      <item>
        <text>Considered as privileged matter. (consideration: CR H316-322)</text>
        <actionCode>H30000</actionCode>
        <actionTime>12:28:59</actionTime>
        <committee />
        <actionDate>2017-01-11</actionDate>
        <type>Floor</type>
        <sourceSystem>
          <code>2</code>
          <name>House floor actions</name>
        </sourceSystem>
        <links>
          <link>
            <name>H316-322</name>
            <url>https://www.congress.gov/congressional-record/volume-163/house-section/page/H316-322</url>
          </link>
        </links>
      </item>
      <item>
        <text>Placed on the House Calendar, Calendar No. 3.</text>
        <actionCode>H12420</actionCode>
        <committee />
        <actionDate>2017-01-10</actionDate>
        <type>Calendars</type>
        <sourceSystem>
          <code>2</code>
          <name>House floor actions</name>
        </sourceSystem>
        <links />
      </item>
      <item>
        <text>The resolution provides for one hour of general debate on both H.R. 78 and H.R. 238. The resolution provides for suspension authority at any time on the legislative day of January 13, 2017. The resolution also provides for legislative proceedings during the period of January</text>
        <actionCode>H12700</actionCode>
        <actionTime>18:02:35</actionTime>
        <committee />
        <actionDate>2017-01-10</actionDate>
        <type>Floor</type>
        <sourceSystem>
          <code>2</code>
          <name>House floor actions</name>
        </sourceSystem>
        <links>
          <link>
            <name>H.R. 238</name>
            <url>https://www.congress.gov/bill/115th-congress/house-bill/238</url>
          </link>
          <link>
            <name>H.R. 78</name>
            <url>https://www.congress.gov/bill/115th-congress/house-bill/78</url>
          </link>
        </links>
      </item>
      <item>
        <text>The House Committee on Rules reported an original measure, H. Rept. 115-3, by Mr. Newhouse.</text>
        <actionCode>H12100</actionCode>
        <committee>
          <systemCode>hsru00</systemCode>
          <name>Rules Committee</name>
        </committee>
        <actionDate>2017-01-10</actionDate>
        <type>Committee</type>
        <sourceSystem>
          <code>2</code>
          <name>House floor actions</name>
        </sourceSystem>
        <links>
          <link>
            <name>H. Rept. 115-3</name>
            <url>https://www.congress.gov/congressional-report/115th-congress/house-report/3</url>
          </link>
        </links>
      </item>
      <item>
        <text>The House Committee on Rules reported an original measure, H. Rept. 115-3, by Mr. Newhouse.</text>
        <actionCode>5000</actionCode>
        <committee>
          <systemCode>hsru00</systemCode>
          <name>Rules Committee</name>
        </committee>
        <actionDate>2017-01-10</actionDate>
        <type>Committee</type>
        <sourceSystem>
          <code>9</code>
          <name>Library of Congress</name>
        </sourceSystem>
        <links>
          <link>
            <name>H. Rept. 115-3</name>
            <url>https://www.congress.gov/congressional-report/115th-congress/house-report/3</url>
          </link>
        </links>
      </item>
      <item>
        <text>Introduced in House</text>
        <actionCode>1000</actionCode>
        <committee />
        <actionDate>2017-01-10</actionDate>
        <type>IntroReferral</type>
        <sourceSystem>
          <code>9</code>
          <name>Library of Congress</name>
        </sourceSystem>
        <links />
      </item>
      <actionByCounts>
        <houseOfRepresentatives>11</houseOfRepresentatives>
      </actionByCounts>
      <actionTypeCounts>
        <reportedToHouse>1</reportedToHouse>
        <provisionsOfARule>1</provisionsOfARule>
        <houseCalendarAssignment>1</houseCalendarAssignment>
        <passedAgreedToInHouse>1</passedAgreedToInHouse>
        <considerationByHouse>1</considerationByHouse>
        <motionToReconsiderResults>1</motionToReconsiderResults>
        <generalDebate>1</generalDebate>
        <committeeReportOfAnOriginalMeasure>1</committeeReportOfAnOriginalMeasure>
        <introducedInHouse>1</introducedInHouse>
        <motionForPreviousQuestion>1</motionForPreviousQuestion>
        <passageOfAMeasure>1</passageOfAMeasure>
      </actionTypeCounts>
    </actions>
    <committeeReports>
      <committeeReport>
        <citation>H. Rept. 115-3</citation>
      </committeeReport>
    </committeeReports>
    <version>1.0.0</version>
    <originChamber>House</originChamber>
    <subjects>
      <billSubjects>
        <policyArea>
          <name>Congress</name>
        </policyArea>
        <legislativeSubjects>
          <item>
            <name>House of Representatives</name>
          </item>
          <item>
            <name>Legislative rules and procedure</name>
          </item>
        </legislativeSubjects>
      </billSubjects>
    </subjects>
    <title>Providing for consideration of the bill (H.R. 78) to improve the consideration by the Securities and Exchange Commission of the costs and benefits of its regulations and orders; providing for consideration of the bill (H.R. 238) to reauthorize the Commodity Futures Trading Commission, to better protect futures customers, to provide end-users with market certainty, to make basic reforms to ensure transparency and accountability at the Commission, to help farmers, ranchers, and end-users manage risks, to help keep consumer costs low, and for other purposes; and for other purposes.</title>
    <introducedDate>2017-01-10</introducedDate>
    <cosponsors />
    <latestAction>
      <actionTime>13:40:11</actionTime>
      <links />
      <text>Motion to reconsider laid on the table Agreed to without objection.</text>
      <actionDate>2017-01-11</actionDate>
    </latestAction>
    <policyArea>
      <name>Congress</name>
    </policyArea>
    <relatedBills>
      <item>
        <latestTitle>SEC Regulatory Accountability Act</latestTitle>
        <congress>115</congress>
        <number>78</number>
        <type>HR</type>
        <relationshipDetails>
          <item>
            <type>Related bill</type>
            <identifiedBy>House</identifiedBy>
          </item>
          <item>
            <type>Procedurally-related</type>
            <identifiedBy>House</identifiedBy>
          </item>
        </relationshipDetails>
        <latestAction>
          <text>Received in the Senate and Read twice and referred to the Committee on Banking, Housing, and Urban Affairs.</text>
          <actionDate>2017-01-17</actionDate>
        </latestAction>
      </item>
      <item>
        <latestTitle>Commodity End-User Relief Act</latestTitle>
        <congress>115</congress>
        <number>238</number>
        <type>HR</type>
        <relationshipDetails>
          <item>
            <type>Procedurally-related</type>
            <identifiedBy>House</identifiedBy>
          </item>
        </relationshipDetails>
        <latestAction>
          <text>Received in the Senate and Read twice and referred to the Committee on Agriculture, Nutrition, and Forestry.</text>
          <actionDate>2017-01-17</actionDate>
        </latestAction>
      </item>
    </relatedBills>
  </bill>
  <dublinCore xmlns:dc="http://purl.org/dc/elements/1.1/">
    <dc:format>text/xml</dc:format>
    <dc:language>EN</dc:language>
    <dc:rights>Pursuant to Title 17 Section 105 of the United States Code, this file is not subject to copyright protection and is in the public domain.</dc:rights>
    <dc:contributor>Congressional Research Service, Library of Congress</dc:contributor>
    <dc:description>This file contains bill summaries and statuses for federal legislation. A bill summary describes the most significant provisions of a piece of legislation and details the effects the legislative text may have on current law and federal programs. Bill summaries are authored by the Congressional Research Service (CRS) of the Library of Congress. As stated in Public Law 91-510 (2 USC 166 (d)(6)), one of the duties of CRS is "to prepare summaries and digests of bills and resolutions of a public general nature introduced in the Senate or House of Representatives". For more information, refer to the User Guide that accompanies this file.</dc:description>
  </dublinCore>
</billStatus>

