<?xml version="1.0" encoding="UTF-8"?>
<billStatus>
  <bill>
    <policyArea>
      <name>International Affairs</name>
    </policyArea>
    <introducedDate>2017-03-13</introducedDate>
    <cosponsors>
      <item>
        <isOriginalCosponsor>True</isOriginalCosponsor>
        <firstName>Mike</firstName>
        <party>R</party>
        <sponsorshipDate>2017-03-13</sponsorshipDate>
        <lastName>Bishop</lastName>
        <bioguideId>B001293</bioguideId>
        <middleName />
        <identifiers>
          <bioguideId>B001293</bioguideId>
          <gpoId />
          <lisID>2249</lisID>
        </identifiers>
        <fullName>Rep. Bishop, Mike [R-MI-8]</fullName>
        <state>MI</state>
        <district>8</district>
        <sponsorshipWithdrawnDate />
      </item>
      <item>
        <isOriginalCosponsor>True</isOriginalCosponsor>
        <firstName>Debbie</firstName>
        <party>D</party>
        <sponsorshipDate>2017-03-13</sponsorshipDate>
        <lastName>Dingell</lastName>
        <bioguideId>D000624</bioguideId>
        <middleName />
        <identifiers>
          <bioguideId>D000624</bioguideId>
          <lisID>2251</lisID>
          <gpoId />
        </identifiers>
        <fullName>Rep. Dingell, Debbie [D-MI-12]</fullName>
        <state>MI</state>
        <district>12</district>
        <sponsorshipWithdrawnDate />
      </item>
      <item>
        <isOriginalCosponsor>True</isOriginalCosponsor>
        <firstName>David</firstName>
        <party>R</party>
        <sponsorshipDate>2017-03-13</sponsorshipDate>
        <lastName>Joyce</lastName>
        <bioguideId>J000295</bioguideId>
        <middleName>P.</middleName>
        <identifiers>
          <gpoId />
          <lisID>2154</lisID>
          <bioguideId>J000295</bioguideId>
        </identifiers>
        <fullName>Rep. Joyce, David P. [R-OH-14]</fullName>
        <state>OH</state>
        <district>14</district>
        <sponsorshipWithdrawnDate />
      </item>
      <item>
        <isOriginalCosponsor>True</isOriginalCosponsor>
        <firstName>MARCY</firstName>
        <party>D</party>
        <sponsorshipDate>2017-03-13</sponsorshipDate>
        <lastName>KAPTUR</lastName>
        <bioguideId>K000009</bioguideId>
        <middleName />
        <identifiers>
          <bioguideId>K000009</bioguideId>
          <gpoId>8099</gpoId>
          <lisID>616</lisID>
        </identifiers>
        <fullName>Rep. Kaptur, Marcy [D-OH-9]</fullName>
        <state>OH</state>
        <district>9</district>
        <sponsorshipWithdrawnDate />
      </item>
      <item>
        <isOriginalCosponsor>True</isOriginalCosponsor>
        <firstName>LOUISE</firstName>
        <party>D</party>
        <sponsorshipDate>2017-03-13</sponsorshipDate>
        <lastName>SLAUGHTER</lastName>
        <bioguideId>S000480</bioguideId>
        <middleName>M.</middleName>
        <identifiers>
          <lisID>1069</lisID>
          <bioguideId>S000480</bioguideId>
          <gpoId>8089</gpoId>
        </identifiers>
        <fullName>Rep. Slaughter, Louise McIntosh [D-NY-25]</fullName>
        <state>NY</state>
        <district>25</district>
        <sponsorshipWithdrawnDate />
      </item>
      <item>
        <isOriginalCosponsor>True</isOriginalCosponsor>
        <firstName>Mark</firstName>
        <party>D</party>
        <sponsorshipDate>2017-03-13</sponsorshipDate>
        <lastName>Pocan</lastName>
        <bioguideId>P000607</bioguideId>
        <middleName />
        <identifiers>
          <bioguideId>P000607</bioguideId>
          <lisID>2171</lisID>
          <gpoId />
        </identifiers>
        <fullName>Rep. Pocan, Mark [D-WI-2]</fullName>
        <state>WI</state>
        <district>2</district>
        <sponsorshipWithdrawnDate />
      </item>
      <item>
        <isOriginalCosponsor>True</isOriginalCosponsor>
        <firstName>David</firstName>
        <party>R</party>
        <sponsorshipDate>2017-03-13</sponsorshipDate>
        <lastName>Trott</lastName>
        <bioguideId>T000475</bioguideId>
        <middleName>A.</middleName>
        <identifiers>
          <bioguideId>T000475</bioguideId>
          <lisID>2250</lisID>
          <gpoId />
        </identifiers>
        <fullName>Rep. Trott, David A. [R-MI-11]</fullName>
        <state>MI</state>
        <district>11</district>
        <sponsorshipWithdrawnDate />
      </item>
      <item>
        <isOriginalCosponsor>True</isOriginalCosponsor>
        <firstName>Jackie</firstName>
        <party>R</party>
        <sponsorshipDate>2017-03-13</sponsorshipDate>
        <lastName>Walorski</lastName>
        <bioguideId>W000813</bioguideId>
        <middleName />
        <identifiers>
          <bioguideId>W000813</bioguideId>
          <gpoId />
          <lisID>2128</lisID>
        </identifiers>
        <fullName>Rep. Walorski, Jackie [R-IN-2]</fullName>
        <state>IN</state>
        <district>2</district>
        <sponsorshipWithdrawnDate />
      </item>
      <item>
        <isOriginalCosponsor>True</isOriginalCosponsor>
        <firstName>LUIS</firstName>
        <party>D</party>
        <sponsorshipDate>2017-03-13</sponsorshipDate>
        <lastName>GUTIERREZ</lastName>
        <bioguideId>G000535</bioguideId>
        <middleName>V.</middleName>
        <identifiers>
          <gpoId>7924</gpoId>
          <bioguideId>G000535</bioguideId>
          <lisID>478</lisID>
        </identifiers>
        <fullName>Rep. Gutierrez, Luis V. [D-IL-4]</fullName>
        <state>IL</state>
        <district>4</district>
        <sponsorshipWithdrawnDate />
      </item>
      <item>
        <isOriginalCosponsor>True</isOriginalCosponsor>
        <firstName>SANDER</firstName>
        <party>D</party>
        <sponsorshipDate>2017-03-13</sponsorshipDate>
        <lastName>LEVIN</lastName>
        <bioguideId>L000263</bioguideId>
        <middleName>M.</middleName>
        <identifiers>
          <bioguideId>L000263</bioguideId>
          <gpoId>7997</gpoId>
          <lisID>683</lisID>
        </identifiers>
        <fullName>Rep. Levin, Sander M. [D-MI-9]</fullName>
        <state>MI</state>
        <district>9</district>
        <sponsorshipWithdrawnDate />
      </item>
      <item>
        <isOriginalCosponsor>True</isOriginalCosponsor>
        <firstName>Paul</firstName>
        <party>R</party>
        <sponsorshipDate>2017-03-13</sponsorshipDate>
        <lastName>Mitchell</lastName>
        <bioguideId>M001201</bioguideId>
        <middleName />
        <identifiers>
          <gpoId />
          <lisID>2334</lisID>
          <bioguideId>M001201</bioguideId>
        </identifiers>
        <fullName>Rep. Mitchell, Paul [R-MI-10]</fullName>
        <state>MI</state>
        <district>10</district>
        <sponsorshipWithdrawnDate />
      </item>
      <item>
        <isOriginalCosponsor>True</isOriginalCosponsor>
        <firstName>Brian</firstName>
        <party>D</party>
        <sponsorshipDate>2017-03-13</sponsorshipDate>
        <lastName>Higgins</lastName>
        <bioguideId>H001038</bioguideId>
        <middleName />
        <identifiers>
          <gpoId>8088</gpoId>
          <bioguideId>H001038</bioguideId>
          <lisID>1794</lisID>
        </identifiers>
        <fullName>Rep. Higgins, Brian [D-NY-26]</fullName>
        <state>NY</state>
        <district>26</district>
        <sponsorshipWithdrawnDate />
      </item>
      <item>
        <isOriginalCosponsor>True</isOriginalCosponsor>
        <firstName>JANICE</firstName>
        <party>D</party>
        <sponsorshipDate>2017-03-13</sponsorshipDate>
        <lastName>SCHAKOWSKY</lastName>
        <bioguideId>S001145</bioguideId>
        <middleName>D.</middleName>
        <identifiers>
          <bioguideId>S001145</bioguideId>
          <lisID>1588</lisID>
          <gpoId>7929</gpoId>
        </identifiers>
        <fullName>Rep. Schakowsky, Janice D. [D-IL-9]</fullName>
        <state>IL</state>
        <district>9</district>
        <sponsorshipWithdrawnDate />
      </item>
      <item>
        <isOriginalCosponsor>True</isOriginalCosponsor>
        <firstName>John</firstName>
        <party>R</party>
        <sponsorshipDate>2017-03-13</sponsorshipDate>
        <lastName>Moolenaar</lastName>
        <bioguideId>M001194</bioguideId>
        <middleName>R.</middleName>
        <identifiers>
          <gpoId />
          <bioguideId>M001194</bioguideId>
          <lisID>2248</lisID>
        </identifiers>
        <fullName>Rep. Moolenaar, John R. [R-MI-4]</fullName>
        <state>MI</state>
        <district>4</district>
        <sponsorshipWithdrawnDate />
      </item>
      <item>
        <isOriginalCosponsor>True</isOriginalCosponsor>
        <firstName>JOHN</firstName>
        <party>D</party>
        <sponsorshipDate>2017-03-13</sponsorshipDate>
        <lastName>CONYERS</lastName>
        <bioguideId>C000714</bioguideId>
        <middleName />
        <identifiers>
          <lisID>229</lisID>
          <gpoId>7999</gpoId>
          <bioguideId>C000714</bioguideId>
        </identifiers>
        <fullName>Rep. Conyers, John, Jr. [D-MI-13]</fullName>
        <state>MI</state>
        <district>13</district>
        <sponsorshipWithdrawnDate />
      </item>
      <item>
        <isOriginalCosponsor>False</isOriginalCosponsor>
        <firstName>Brenda</firstName>
        <party>D</party>
        <sponsorshipDate>2017-03-20</sponsorshipDate>
        <lastName>Lawrence</lastName>
        <bioguideId>L000581</bioguideId>
        <middleName>L.</middleName>
        <identifiers>
          <lisID>2252</lisID>
          <gpoId />
          <bioguideId>L000581</bioguideId>
        </identifiers>
        <fullName>Rep. Lawrence, Brenda L. [D-MI-14]</fullName>
        <state>MI</state>
        <district>14</district>
        <sponsorshipWithdrawnDate />
      </item>
    </cosponsors>
    <titles>
      <item>
        <chamberName />
        <parentTitleType />
        <chamberCode />
        <titleType>Official Title as Introduced</titleType>
        <title>Expressing the sense of the House of Representatives that the President and the Secretary of State should ensure that the Canadian Government does not permanently store nuclear waste in the Great Lakes Basin.</title>
      </item>
      <item>
        <chamberName />
        <parentTitleType />
        <chamberCode />
        <titleType>Display Title</titleType>
        <title>Expressing the sense of the House of Representatives that the President and the Secretary of State should ensure that the Canadian Government does not permanently store nuclear waste in the Great Lakes Basin.</title>
      </item>
    </titles>
    <congress>115</congress>
    <recordedVotes />
    <amendments />
    <laws />
    <cboCostEstimates />
    <actions>
      <actionByCounts>
        <houseOfRepresentatives>4</houseOfRepresentatives>
      </actionByCounts>
      <actionTypeCounts>
        <placeholderTextForH>1</placeholderTextForH>
        <billReferrals>1</billReferrals>
        <introducedInHouse>1</introducedInHouse>
        <introducedInTheHouse>1</introducedInTheHouse>
      </actionTypeCounts>
      <item>
        <actionDate>2017-05-18</actionDate>
        <committee>
          <systemCode>hsfa07</systemCode>
          <name>Western Hemisphere Subcommittee</name>
        </committee>
        <links />
        <sourceSystem>
          <name>House committee actions</name>
          <code>1</code>
        </sourceSystem>
        <text>Referred to the Subcommittee on the Western Hemisphere.</text>
        <type>Committee</type>
      </item>
      <item>
        <sourceSystem>
          <name>House floor actions</name>
          <code>2</code>
        </sourceSystem>
        <actionDate>2017-03-13</actionDate>
        <text>Referred to the House Committee on Foreign Affairs.</text>
        <type>IntroReferral</type>
        <links />
        <committee>
          <systemCode>hsfa00</systemCode>
          <name>Foreign Affairs Committee</name>
        </committee>
        <actionCode>H11100</actionCode>
      </item>
      <item>
        <sourceSystem>
          <name>Library of Congress</name>
          <code>9</code>
        </sourceSystem>
        <actionDate>2017-03-13</actionDate>
        <text>Introduced in House</text>
        <type>IntroReferral</type>
        <links />
        <committee />
        <actionCode>Intro-H</actionCode>
      </item>
      <item>
        <sourceSystem>
          <name>Library of Congress</name>
          <code>9</code>
        </sourceSystem>
        <actionDate>2017-03-13</actionDate>
        <text>Introduced in House</text>
        <type>IntroReferral</type>
        <links />
        <committee />
        <actionCode>1000</actionCode>
      </item>
    </actions>
    <updateDate>2018-02-06T16:39:39Z</updateDate>
    <summaries>
      <billSummaries>
        <item>
          <text><![CDATA[<p>Expresses the sense of the House of Representatives that: (1) the Canadian government should not allow a permanent nuclear waste repository to be built within the Great Lakes Basin, (2) the President and the Secretary of State should take appropriate action to work with the Canadian government to prevent a permanent nuclear waste repository from being built there, and (3)the President and the Secretary of State should work together with their Canadian government counterparts on a safe and responsible solution for the long-term storage of nuclear waste.</p>]]></text>
          <actionDate>2017-03-13</actionDate>
          <updateDate>2017-03-13T04:00:00Z</updateDate>
          <lastSummaryUpdateDate>2017-03-31T20:39:28Z</lastSummaryUpdateDate>
          <name>Introduced in House</name>
          <actionDesc>Introduced in House</actionDesc>
          <versionCode>00</versionCode>
        </item>
      </billSummaries>
    </summaries>
    <title>Expressing the sense of the House of Representatives that the President and the Secretary of State should ensure that the Canadian Government does not permanently store nuclear waste in the Great Lakes Basin.</title>
    <calendarNumbers />
    <originChamber>House</originChamber>
    <constitutionalAuthorityStatementText />
    <notes />
    <billType>HRES</billType>
    <committees>
      <billCommittees>
        <item>
          <systemCode>hsfa00</systemCode>
          <name>Foreign Affairs Committee</name>
          <type>Standing</type>
          <activities>
            <item>
              <name>Referred to</name>
              <date>2017-03-13T16:01:50Z</date>
            </item>
          </activities>
          <chamber>House</chamber>
          <subcommittees>
            <item>
              <activities>
                <item>
                  <name>Referred to</name>
                  <date>2017-05-18T16:02:08Z</date>
                </item>
              </activities>
              <systemCode>hsfa07</systemCode>
              <name>Western Hemisphere Subcommittee</name>
            </item>
          </subcommittees>
        </item>
      </billCommittees>
    </committees>
    <latestAction>
      <text>Referred to the Subcommittee on the Western Hemisphere.</text>
      <actionDate>2017-05-18</actionDate>
      <links />
    </latestAction>
    <committeeReports />
    <billNumber>197</billNumber>
    <sponsors>
      <item>
        <byRequestType />
        <state>MI</state>
        <bioguideId>K000380</bioguideId>
        <identifiers>
          <bioguideId>K000380</bioguideId>
          <lisID>2134</lisID>
          <gpoId />
        </identifiers>
        <fullName>Rep. Kildee, Daniel T. [D-MI-5]</fullName>
        <district>5</district>
        <lastName>Kildee</lastName>
        <firstName>Daniel</firstName>
        <middleName>T.</middleName>
        <party>D</party>
      </item>
    </sponsors>
    <subjects>
      <billSubjects>
        <legislativeSubjects>
          <item>
            <name>Canada</name>
          </item>
          <item>
            <name>Diplomacy, foreign officials, Americans abroad</name>
          </item>
          <item>
            <name>Great Lakes</name>
          </item>
          <item>
            <name>Radioactive wastes and releases</name>
          </item>
          <item>
            <name>Water quality</name>
          </item>
          <item>
            <name>Watersheds</name>
          </item>
        </legislativeSubjects>
        <policyArea>
          <name>International Affairs</name>
        </policyArea>
      </billSubjects>
    </subjects>
    <createDate>2017-03-15T16:30:50Z</createDate>
    <version>1.0.0</version>
    <relatedBills>
      <item>
        <type>SRES</type>
        <latestAction>
          <text>Referred to the Committee on Foreign Relations. (text of measure as introduced: CR S1847)</text>
          <actionDate>2017-03-15</actionDate>
        </latestAction>
        <latestTitle>A resolution expressing the sense of the Senate that the President and the Secretary of State should ensure that the Government of Canada does not permanently store nuclear waste in the Great Lakes Basin.</latestTitle>
        <relationshipDetails>
          <item>
            <type>Related bill</type>
            <identifiedBy>CRS</identifiedBy>
          </item>
          <item>
            <type>Identical bill</type>
            <identifiedBy>CRS</identifiedBy>
          </item>
        </relationshipDetails>
        <congress>115</congress>
        <number>88</number>
      </item>
    </relatedBills>
  </bill>
  <dublinCore xmlns:dc="http://purl.org/dc/elements/1.1/">
    <dc:format>text/xml</dc:format>
    <dc:language>EN</dc:language>
    <dc:rights>Pursuant to Title 17 Section 105 of the United States Code, this file is not subject to copyright protection and is in the public domain.</dc:rights>
    <dc:contributor>Congressional Research Service, Library of Congress</dc:contributor>
    <dc:description>This file contains bill summaries and statuses for federal legislation. A bill summary describes the most significant provisions of a piece of legislation and details the effects the legislative text may have on current law and federal programs. Bill summaries are authored by the Congressional Research Service (CRS) of the Library of Congress. As stated in Public Law 91-510 (2 USC 166 (d)(6)), one of the duties of CRS is "to prepare summaries and digests of bills and resolutions of a public general nature introduced in the Senate or House of Representatives". For more information, refer to the User Guide that accompanies this file.</dc:description>
  </dublinCore>
</billStatus>

