<?xml version="1.0" encoding="UTF-8"?>
<billStatus>
  <bill>
    <constitutionalAuthorityStatementText />
    <laws />
    <recordedVotes>
      <recordedVote>
        <fullActionName>Passage of a Measure</fullActionName>
        <rollNumber>326</rollNumber>
        <date>2017-06-27T17:49:49Z</date>
        <chamber>House</chamber>
        <url>http://clerk.house.gov/evs/2017/roll326.xml</url>
        <congress>115</congress>
        <sessionNumber>1</sessionNumber>
      </recordedVote>
      <recordedVote>
        <fullActionName>Motion for Previous Question</fullActionName>
        <rollNumber>325</rollNumber>
        <date>2017-06-27T17:41:34Z</date>
        <chamber>House</chamber>
        <url>http://clerk.house.gov/evs/2017/roll325.xml</url>
        <congress>115</congress>
        <sessionNumber>1</sessionNumber>
      </recordedVote>
    </recordedVotes>
    <billType>HRES</billType>
    <cboCostEstimates />
    <updateDate>2018-02-22T15:26:51Z</updateDate>
    <committees>
      <billCommittees>
        <item>
          <subcommittees />
          <type>Standing</type>
          <name>Rules Committee</name>
          <activities>
            <item>
              <name>Reported original measure</name>
              <date>2017-06-13T21:48:30Z</date>
            </item>
          </activities>
          <chamber>House</chamber>
          <systemCode>hsru00</systemCode>
        </item>
      </billCommittees>
    </committees>
    <summaries>
      <billSummaries>
        <item>
          <actionDesc>Introduced in House</actionDesc>
          <versionCode>00</versionCode>
          <text><![CDATA[Sets forth the rule for consideration of the bill (H.R. 1215) to improve patient access to health care services and provide improved medical care by reducing the excessive burden the liability system places on the health care delivery system.]]></text>
          <actionDate>2017-06-13</actionDate>
          <name>Introduced in House</name>
          <lastSummaryUpdateDate>2017-06-14T08:05:05Z</lastSummaryUpdateDate>
          <updateDate>2017-06-13T04:00:00Z</updateDate>
        </item>
      </billSummaries>
    </summaries>
    <calendarNumbers>
      <item>
        <calendar>H00057</calendar>
        <number />
      </item>
    </calendarNumbers>
    <notes />
    <originChamber>House</originChamber>
    <titles>
      <item>
        <chamberName />
        <title>Providing for consideration of the bill (H.R. 1215) to improve patient access to health care services and provide improved medical care by reducing the excessive burden the liability system places on the health care delivery system.</title>
        <titleType>Official Title as Introduced</titleType>
        <chamberCode />
        <parentTitleType />
      </item>
      <item>
        <chamberName />
        <title>Providing for consideration of the bill (H.R. 1215) to improve patient access to health care services and provide improved medical care by reducing the excessive burden the liability system places on the health care delivery system.</title>
        <titleType>Display Title</titleType>
        <chamberCode />
        <parentTitleType />
      </item>
    </titles>
    <createDate>2017-06-14T03:11:35Z</createDate>
    <version>1.0.0</version>
    <committeeReports>
      <committeeReport>
        <citation>H. Rept. 115-179</citation>
      </committeeReport>
    </committeeReports>
    <actions>
      <actionByCounts>
        <houseOfRepresentatives>11</houseOfRepresentatives>
      </actionByCounts>
      <item>
        <actionDate>2017-06-27</actionDate>
        <text>Motion to reconsider laid on the table Agreed to without objection.</text>
        <links />
        <actionCode>H38310</actionCode>
        <committee />
        <type>Floor</type>
        <actionTime>13:49:51</actionTime>
        <sourceSystem>
          <name>House floor actions</name>
          <code>2</code>
        </sourceSystem>
      </item>
      <item>
        <actionDate>2017-06-27</actionDate>
        <text>On agreeing to the resolution Agreed to by recorded vote: 235 - 186 (Roll no. 326). (text: CR H5193)</text>
        <links>
          <link>
            <url>https://www.congress.gov/congressional-record/volume-163/house-section/page/H5193</url>
            <name>H5193</name>
          </link>
          <link>
            <url>http://clerk.house.gov/evs/2017/roll326.xml</url>
            <name>Roll no. 326</name>
          </link>
        </links>
        <actionCode>H37100</actionCode>
        <committee />
        <type>Floor</type>
        <actionTime>13:49:49</actionTime>
        <sourceSystem>
          <name>House floor actions</name>
          <code>2</code>
        </sourceSystem>
      </item>
      <item>
        <actionDate>2017-06-27</actionDate>
        <text>Passed/agreed to in House: On agreeing to the resolution Agreed to by recorded vote: 235 - 186 (Roll no. 326).</text>
        <links>
          <link>
            <url>http://clerk.house.gov/evs/2017/roll326.xml</url>
            <name>Roll no. 326</name>
          </link>
        </links>
        <actionCode>8000</actionCode>
        <committee />
        <type>Floor</type>
        <actionTime>13:49:49</actionTime>
        <sourceSystem>
          <name>Library of Congress</name>
          <code>9</code>
        </sourceSystem>
      </item>
      <item>
        <actionDate>2017-06-27</actionDate>
        <text>On ordering the previous question Agreed to by the Yeas and Nays: 234 - 184 (Roll no. 325). (consideration: CR H5200)</text>
        <links>
          <link>
            <url>https://www.congress.gov/congressional-record/volume-163/house-section/page/H5200</url>
            <name>H5200</name>
          </link>
          <link>
            <url>http://clerk.house.gov/evs/2017/roll325.xml</url>
            <name>Roll no. 325</name>
          </link>
        </links>
        <actionCode>H35000</actionCode>
        <committee />
        <type>Floor</type>
        <actionTime>13:41:34</actionTime>
        <sourceSystem>
          <name>House floor actions</name>
          <code>2</code>
        </sourceSystem>
      </item>
      <item>
        <actionDate>2017-06-27</actionDate>
        <text>DEBATE - The House proceeded with one hour of debate on H. Res. 382.</text>
        <links>
          <link>
            <url>https://www.congress.gov/bill/115th-congress/house-resolution/382</url>
            <name>H. Res. 382</name>
          </link>
        </links>
        <actionCode>H8D000</actionCode>
        <committee />
        <type>Floor</type>
        <actionTime>12:31:12</actionTime>
        <sourceSystem>
          <name>House floor actions</name>
          <code>2</code>
        </sourceSystem>
      </item>
      <item>
        <actionDate>2017-06-27</actionDate>
        <text>Considered as privileged matter. (consideration: CR H5193-5201)</text>
        <links>
          <link>
            <url>https://www.congress.gov/congressional-record/volume-163/house-section/page/H5193-5201</url>
            <name>H5193-5201</name>
          </link>
        </links>
        <actionCode>H30000</actionCode>
        <committee />
        <type>Floor</type>
        <actionTime>12:29:55</actionTime>
        <sourceSystem>
          <name>House floor actions</name>
          <code>2</code>
        </sourceSystem>
      </item>
      <item>
        <actionDate>2017-06-13</actionDate>
        <text>Placed on the House Calendar, Calendar No. 57.</text>
        <links />
        <actionCode>H12420</actionCode>
        <type>Calendars</type>
        <committee />
        <sourceSystem>
          <name>House floor actions</name>
          <code>2</code>
        </sourceSystem>
      </item>
      <item>
        <actionDate>2017-06-13</actionDate>
        <text>The resolution makes in order as original text for purpose of amendment an amendment in the nature of a substitute consisting of the text of Rules Committee Print 115-10. The resolution makes in order only those amendments printed in the report.</text>
        <links />
        <actionCode>H12700</actionCode>
        <committee />
        <type>Floor</type>
        <actionTime>17:48:31</actionTime>
        <sourceSystem>
          <name>House floor actions</name>
          <code>2</code>
        </sourceSystem>
      </item>
      <item>
        <actionDate>2017-06-13</actionDate>
        <text>The House Committee on Rules reported an original measure, H. Rept. 115-179, by Mr. Burgess.</text>
        <links>
          <link>
            <url>https://www.congress.gov/congressional-report/115th-congress/house-report/179</url>
            <name>H. Rept. 115-179</name>
          </link>
        </links>
        <actionCode>H12100</actionCode>
        <type>Committee</type>
        <committee>
          <name>Rules Committee</name>
          <systemCode>hsru00</systemCode>
        </committee>
        <sourceSystem>
          <name>House floor actions</name>
          <code>2</code>
        </sourceSystem>
      </item>
      <item>
        <actionDate>2017-06-13</actionDate>
        <text>The House Committee on Rules reported an original measure, H. Rept. 115-179, by Mr. Burgess.</text>
        <links>
          <link>
            <url>https://www.congress.gov/congressional-report/115th-congress/house-report/179</url>
            <name>H. Rept. 115-179</name>
          </link>
        </links>
        <actionCode>5000</actionCode>
        <type>Committee</type>
        <committee>
          <name>Rules Committee</name>
          <systemCode>hsru00</systemCode>
        </committee>
        <sourceSystem>
          <name>Library of Congress</name>
          <code>9</code>
        </sourceSystem>
      </item>
      <item>
        <actionDate>2017-06-13</actionDate>
        <text>Introduced in House</text>
        <links />
        <actionCode>1000</actionCode>
        <type>IntroReferral</type>
        <committee />
        <sourceSystem>
          <name>Library of Congress</name>
          <code>9</code>
        </sourceSystem>
      </item>
      <actionTypeCounts>
        <considerationByHouse>1</considerationByHouse>
        <motionForPreviousQuestion>1</motionForPreviousQuestion>
        <houseCalendarAssignment>1</houseCalendarAssignment>
        <passageOfAMeasure>1</passageOfAMeasure>
        <generalDebate>1</generalDebate>
        <motionToReconsiderResults>1</motionToReconsiderResults>
        <passedAgreedToInHouse>1</passedAgreedToInHouse>
        <introducedInHouse>1</introducedInHouse>
        <committeeReportOfAnOriginalMeasure>1</committeeReportOfAnOriginalMeasure>
        <provisionsOfARule>1</provisionsOfARule>
        <reportedToHouse>1</reportedToHouse>
      </actionTypeCounts>
    </actions>
    <policyArea>
      <name>Congress</name>
    </policyArea>
    <latestAction>
      <actionDate>2017-06-27</actionDate>
      <links />
      <text>Motion to reconsider laid on the table Agreed to without objection.</text>
      <actionTime>13:49:51</actionTime>
    </latestAction>
    <billNumber>382</billNumber>
    <amendments />
    <cosponsors />
    <subjects>
      <billSubjects>
        <policyArea>
          <name>Congress</name>
        </policyArea>
        <legislativeSubjects>
          <item>
            <name>House of Representatives</name>
          </item>
          <item>
            <name>Legislative rules and procedure</name>
          </item>
        </legislativeSubjects>
      </billSubjects>
    </subjects>
    <congress>115</congress>
    <title>Providing for consideration of the bill (H.R. 1215) to improve patient access to health care services and provide improved medical care by reducing the excessive burden the liability system places on the health care delivery system.</title>
    <introducedDate>2017-06-13</introducedDate>
    <sponsors>
      <item>
        <byRequestType />
        <lastName>Burgess</lastName>
        <middleName>C.</middleName>
        <firstName>Michael</firstName>
        <fullName>Rep. Burgess, Michael C. [R-TX-26]</fullName>
        <bioguideId>B001248</bioguideId>
        <party>R</party>
        <identifiers>
          <bioguideId>B001248</bioguideId>
          <gpoId>8182</gpoId>
          <lisID>1751</lisID>
        </identifiers>
        <state>TX</state>
        <district>26</district>
      </item>
    </sponsors>
    <relatedBills>
      <item>
        <relationshipDetails>
          <item>
            <identifiedBy>House</identifiedBy>
            <type>Procedurally-related</type>
          </item>
        </relationshipDetails>
        <type>HR</type>
        <latestAction>
          <actionDate>2017-06-29</actionDate>
          <text>Received in the Senate and Read twice and referred to the Committee on the Judiciary.</text>
        </latestAction>
        <congress>115</congress>
        <latestTitle>Protecting Access to Care Act of 2017</latestTitle>
        <number>1215</number>
      </item>
    </relatedBills>
  </bill>
  <dublinCore xmlns:dc="http://purl.org/dc/elements/1.1/">
    <dc:format>text/xml</dc:format>
    <dc:language>EN</dc:language>
    <dc:rights>Pursuant to Title 17 Section 105 of the United States Code, this file is not subject to copyright protection and is in the public domain.</dc:rights>
    <dc:contributor>Congressional Research Service, Library of Congress</dc:contributor>
    <dc:description>This file contains bill summaries and statuses for federal legislation. A bill summary describes the most significant provisions of a piece of legislation and details the effects the legislative text may have on current law and federal programs. Bill summaries are authored by the Congressional Research Service (CRS) of the Library of Congress. As stated in Public Law 91-510 (2 USC 166 (d)(6)), one of the duties of CRS is "to prepare summaries and digests of bills and resolutions of a public general nature introduced in the Senate or House of Representatives". For more information, refer to the User Guide that accompanies this file.</dc:description>
  </dublinCore>
</billStatus>

