<?xml version="1.0" encoding="UTF-8"?>
<billStatus>
  <bill>
    <policyArea>
      <name>Health</name>
    </policyArea>
    <committeeReports />
    <congress>115</congress>
    <sponsors>
      <item>
        <identifiers>
          <gpoId>8088</gpoId>
          <bioguideId>H001038</bioguideId>
          <lisID>1794</lisID>
        </identifiers>
        <district>26</district>
        <middleName />
        <byRequestType />
        <fullName>Rep. Higgins, Brian [D-NY-26]</fullName>
        <bioguideId>H001038</bioguideId>
        <state>NY</state>
        <party>D</party>
        <firstName>Brian</firstName>
        <lastName>Higgins</lastName>
      </item>
    </sponsors>
    <calendarNumbers />
    <amendments />
    <relatedBills />
    <notes />
    <originChamber>House</originChamber>
    <version>1.0.0</version>
    <billNumber>148</billNumber>
    <title>Expressing support for the designation of "National Multiple Myeloma Awareness Month".</title>
    <cosponsors>
      <item>
        <bioguideId>L000397</bioguideId>
        <district>19</district>
        <isOriginalCosponsor>False</isOriginalCosponsor>
        <sponsorshipWithdrawnDate />
        <lastName>LOFGREN</lastName>
        <state>CA</state>
        <fullName>Rep. Lofgren, Zoe [D-CA-19]</fullName>
        <sponsorshipDate>2017-03-28</sponsorshipDate>
        <middleName />
        <firstName>ZOE</firstName>
        <party>D</party>
        <identifiers>
          <gpoId>7821</gpoId>
          <bioguideId>L000397</bioguideId>
          <lisID>701</lisID>
        </identifiers>
      </item>
    </cosponsors>
    <subjects>
      <billSubjects>
        <legislativeSubjects>
          <item>
            <name>Blood and blood diseases</name>
          </item>
          <item>
            <name>Cancer</name>
          </item>
          <item>
            <name>Commemorative events and holidays</name>
          </item>
          <item>
            <name>Medical research</name>
          </item>
        </legislativeSubjects>
        <policyArea>
          <name>Health</name>
        </policyArea>
      </billSubjects>
    </subjects>
    <constitutionalAuthorityStatementText />
    <laws />
    <actions>
      <actionByCounts>
        <houseOfRepresentatives>3</houseOfRepresentatives>
      </actionByCounts>
      <actionTypeCounts>
        <introducedInTheHouse>1</introducedInTheHouse>
        <billReferrals>1</billReferrals>
        <introducedInHouse>1</introducedInHouse>
      </actionTypeCounts>
      <item>
        <text>Referred to the House Committee on Oversight and Government Reform.</text>
        <links />
        <sourceSystem>
          <code>2</code>
          <name>House floor actions</name>
        </sourceSystem>
        <actionCode>H11100</actionCode>
        <type>IntroReferral</type>
        <committee>
          <name>Oversight and Government Reform Committee</name>
          <systemCode>hsgo00</systemCode>
        </committee>
        <actionDate>2017-02-17</actionDate>
      </item>
      <item>
        <text>Introduced in House</text>
        <links />
        <sourceSystem>
          <code>9</code>
          <name>Library of Congress</name>
        </sourceSystem>
        <actionCode>Intro-H</actionCode>
        <type>IntroReferral</type>
        <committee />
        <actionDate>2017-02-17</actionDate>
      </item>
      <item>
        <text>Introduced in House</text>
        <links />
        <sourceSystem>
          <code>9</code>
          <name>Library of Congress</name>
        </sourceSystem>
        <actionCode>1000</actionCode>
        <type>IntroReferral</type>
        <committee />
        <actionDate>2017-02-17</actionDate>
      </item>
    </actions>
    <titles>
      <item>
        <chamberCode />
        <chamberName />
        <parentTitleType />
        <titleType>Official Title as Introduced</titleType>
        <title>Expressing support for the designation of "National Multiple Myeloma Awareness Month".</title>
      </item>
      <item>
        <chamberCode />
        <chamberName />
        <parentTitleType />
        <titleType>Display Title</titleType>
        <title>Expressing support for the designation of "National Multiple Myeloma Awareness Month".</title>
      </item>
    </titles>
    <summaries>
      <billSummaries>
        <item>
          <text><![CDATA[<p>Expresses support for the designation of National Multiple Myeloma Awareness Month.</p>]]></text>
          <versionCode>00</versionCode>
          <actionDate>2017-02-17</actionDate>
          <name>Introduced in House</name>
          <actionDesc>Introduced in House</actionDesc>
          <lastSummaryUpdateDate>2017-02-27T13:44:35Z</lastSummaryUpdateDate>
          <updateDate>2017-02-17T05:00:00Z</updateDate>
        </item>
      </billSummaries>
    </summaries>
    <committees>
      <billCommittees>
        <item>
          <subcommittees />
          <type>Standing</type>
          <systemCode>hsgo00</systemCode>
          <activities>
            <item>
              <name>Referred to</name>
              <date>2017-02-17T18:00:30Z</date>
            </item>
          </activities>
          <name>Oversight and Government Reform Committee</name>
          <chamber>House</chamber>
        </item>
      </billCommittees>
    </committees>
    <introducedDate>2017-02-17</introducedDate>
    <updateDate>2018-02-06T16:39:37Z</updateDate>
    <cboCostEstimates />
    <recordedVotes />
    <billType>HRES</billType>
    <createDate>2017-02-18T05:13:59Z</createDate>
    <latestAction>
      <text>Referred to the House Committee on Oversight and Government Reform.</text>
      <links />
      <actionDate>2017-02-17</actionDate>
    </latestAction>
  </bill>
  <dublinCore xmlns:dc="http://purl.org/dc/elements/1.1/">
    <dc:format>text/xml</dc:format>
    <dc:language>EN</dc:language>
    <dc:rights>Pursuant to Title 17 Section 105 of the United States Code, this file is not subject to copyright protection and is in the public domain.</dc:rights>
    <dc:contributor>Congressional Research Service, Library of Congress</dc:contributor>
    <dc:description>This file contains bill summaries and statuses for federal legislation. A bill summary describes the most significant provisions of a piece of legislation and details the effects the legislative text may have on current law and federal programs. Bill summaries are authored by the Congressional Research Service (CRS) of the Library of Congress. As stated in Public Law 91-510 (2 USC 166 (d)(6)), one of the duties of CRS is "to prepare summaries and digests of bills and resolutions of a public general nature introduced in the Senate or House of Representatives". For more information, refer to the User Guide that accompanies this file.</dc:description>
  </dublinCore>
</billStatus>

