<?xml version="1.0" encoding="UTF-8"?>
<billStatus>
  <bill>
    <introducedDate>2017-02-03</introducedDate>
    <congress>115</congress>
    <latestAction>
      <actionDate>2017-02-16</actionDate>
      <links />
      <text>Referred to the Subcommittee on Europe, Eurasia, and Emerging Threats.</text>
    </latestAction>
    <originChamber>House</originChamber>
    <billNumber>88</billNumber>
    <sponsors>
      <item>
        <state>MD</state>
        <identifiers>
          <bioguideId>H001052</bioguideId>
          <lisID>2026</lisID>
          <gpoId>7976</gpoId>
        </identifiers>
        <bioguideId>H001052</bioguideId>
        <lastName>Harris</lastName>
        <fullName>Rep. Harris, Andy [R-MD-1]</fullName>
        <district>1</district>
        <firstName>Andy</firstName>
        <byRequestType />
        <middleName />
        <party>R</party>
      </item>
    </sponsors>
    <committeeReports />
    <relatedBills />
    <titles>
      <item>
        <titleType>Official Title as Introduced</titleType>
        <title>Calling on the Russian Federation to stop the violence in Ukraine, and for other purposes.</title>
        <chamberCode />
        <parentTitleType />
        <chamberName />
      </item>
      <item>
        <titleType>Display Title</titleType>
        <title>Calling on the Russian Federation to stop the violence in Ukraine, and for other purposes.</title>
        <chamberCode />
        <parentTitleType />
        <chamberName />
      </item>
    </titles>
    <constitutionalAuthorityStatementText />
    <billType>HRES</billType>
    <summaries>
      <billSummaries>
        <item>
          <versionCode>00</versionCode>
          <text><![CDATA[<p>Calls on the Russian Federation to:</p> <ul> <li> stop the violence in Ukraine, </li> <li> honor the ceasefire agreed to under the Minsk Accord, </li> <li> withdraw heavy weapons and troops from Ukraine's sovereign territory, </li> <li> stop financing the separatists in eastern Ukraine, </li> <li> allow repairs to critical infrastructure, and </li> <li> fulfill all of its Minsk commitments.</li> </ul> <p> Expresses the sense of the House of Representatives that continued unlawful Russian aggression in Ukraine may warrant considering the imposition of additional and more burdensome sanctions on the Russian Federation.</p> <p>Calls on: (1) the United States and other North Atlantic Treaty Organization countries to provide more defensive military support for Ukraine in fighting off Russian aggression, and (2) the United States and the United Nations to provide more support for the internally displaced people in Ukraine.</p>]]></text>
          <actionDesc>Introduced in House</actionDesc>
          <actionDate>2017-02-03</actionDate>
          <lastSummaryUpdateDate>2017-04-19T15:13:37Z</lastSummaryUpdateDate>
          <name>Introduced in House</name>
          <updateDate>2017-02-03T05:00:00Z</updateDate>
        </item>
      </billSummaries>
    </summaries>
    <subjects>
      <billSubjects>
        <policyArea>
          <name>International Affairs</name>
        </policyArea>
        <legislativeSubjects>
          <item>
            <name>Alliances</name>
          </item>
          <item>
            <name>Europe</name>
          </item>
          <item>
            <name>Foreign aid and international relief</name>
          </item>
          <item>
            <name>Military assistance, sales, and agreements</name>
          </item>
          <item>
            <name>Military operations and strategy</name>
          </item>
          <item>
            <name>Refugees, asylum, displaced persons</name>
          </item>
          <item>
            <name>Russia</name>
          </item>
          <item>
            <name>Sanctions</name>
          </item>
          <item>
            <name>Sovereignty, recognition, national governance and status</name>
          </item>
          <item>
            <name>Trade restrictions</name>
          </item>
          <item>
            <name>Ukraine</name>
          </item>
          <item>
            <name>United Nations</name>
          </item>
        </legislativeSubjects>
      </billSubjects>
    </subjects>
    <laws />
    <policyArea>
      <name>International Affairs</name>
    </policyArea>
    <committees>
      <billCommittees>
        <item>
          <chamber>House</chamber>
          <name>Foreign Affairs Committee</name>
          <systemCode>hsfa00</systemCode>
          <activities>
            <item>
              <date>2017-02-03T14:03:45Z</date>
              <name>Referred to</name>
            </item>
          </activities>
          <type>Standing</type>
          <subcommittees>
            <item>
              <systemCode>hsfa14</systemCode>
              <activities>
                <item>
                  <date>2017-02-16T22:13:12Z</date>
                  <name>Referred to</name>
                </item>
              </activities>
              <name>Europe, Eurasia, and Emerging Threats Subcommittee</name>
            </item>
          </subcommittees>
        </item>
      </billCommittees>
    </committees>
    <version>1.0.0</version>
    <recordedVotes />
    <updateDate>2018-02-06T16:39:34Z</updateDate>
    <title>Calling on the Russian Federation to stop the violence in Ukraine, and for other purposes.</title>
    <createDate>2017-02-04T05:07:02Z</createDate>
    <cboCostEstimates />
    <actions>
      <actionByCounts>
        <houseOfRepresentatives>4</houseOfRepresentatives>
      </actionByCounts>
      <actionTypeCounts>
        <introducedInTheHouse>1</introducedInTheHouse>
        <billReferrals>1</billReferrals>
        <placeholderTextForH>1</placeholderTextForH>
        <introducedInHouse>1</introducedInHouse>
      </actionTypeCounts>
      <item>
        <actionDate>2017-02-16</actionDate>
        <committee>
          <systemCode>hsfa14</systemCode>
          <name>Europe, Eurasia, and Emerging Threats Subcommittee</name>
        </committee>
        <links />
        <sourceSystem>
          <name>House committee actions</name>
          <code>1</code>
        </sourceSystem>
        <text>Referred to the Subcommittee on Europe, Eurasia, and Emerging Threats.</text>
        <type>Committee</type>
      </item>
      <item>
        <actionDate>2017-02-03</actionDate>
        <text>Referred to the House Committee on Foreign Affairs.</text>
        <sourceSystem>
          <name>House floor actions</name>
          <code>2</code>
        </sourceSystem>
        <committee>
          <systemCode>hsfa00</systemCode>
          <name>Foreign Affairs Committee</name>
        </committee>
        <links />
        <actionCode>H11100</actionCode>
        <type>IntroReferral</type>
      </item>
      <item>
        <actionDate>2017-02-03</actionDate>
        <text>Introduced in House</text>
        <sourceSystem>
          <name>Library of Congress</name>
          <code>9</code>
        </sourceSystem>
        <committee />
        <links />
        <actionCode>Intro-H</actionCode>
        <type>IntroReferral</type>
      </item>
      <item>
        <actionDate>2017-02-03</actionDate>
        <text>Introduced in House</text>
        <sourceSystem>
          <name>Library of Congress</name>
          <code>9</code>
        </sourceSystem>
        <committee />
        <links />
        <actionCode>1000</actionCode>
        <type>IntroReferral</type>
      </item>
    </actions>
    <amendments />
    <notes />
    <calendarNumbers />
    <cosponsors>
      <item>
        <isOriginalCosponsor>True</isOriginalCosponsor>
        <firstName>MARCY</firstName>
        <party>D</party>
        <sponsorshipDate>2017-02-03</sponsorshipDate>
        <lastName>KAPTUR</lastName>
        <bioguideId>K000009</bioguideId>
        <middleName />
        <identifiers>
          <lisID>616</lisID>
          <bioguideId>K000009</bioguideId>
          <gpoId>8099</gpoId>
        </identifiers>
        <fullName>Rep. Kaptur, Marcy [D-OH-9]</fullName>
        <state>OH</state>
        <district>9</district>
        <sponsorshipWithdrawnDate />
      </item>
      <item>
        <isOriginalCosponsor>True</isOriginalCosponsor>
        <firstName>Brian</firstName>
        <party>R</party>
        <sponsorshipDate>2017-02-03</sponsorshipDate>
        <lastName>Fitzpatrick</lastName>
        <bioguideId>F000466</bioguideId>
        <middleName>K.</middleName>
        <identifiers>
          <lisID>2345</lisID>
          <bioguideId>F000466</bioguideId>
          <gpoId />
        </identifiers>
        <fullName>Rep. Fitzpatrick, Brian K. [R-PA-8]</fullName>
        <state>PA</state>
        <district>8</district>
        <sponsorshipWithdrawnDate />
      </item>
      <item>
        <isOriginalCosponsor>True</isOriginalCosponsor>
        <firstName>SANDER</firstName>
        <party>D</party>
        <sponsorshipDate>2017-02-03</sponsorshipDate>
        <lastName>LEVIN</lastName>
        <bioguideId>L000263</bioguideId>
        <middleName>M.</middleName>
        <identifiers>
          <lisID>683</lisID>
          <gpoId>7997</gpoId>
          <bioguideId>L000263</bioguideId>
        </identifiers>
        <fullName>Rep. Levin, Sander M. [D-MI-9]</fullName>
        <state>MI</state>
        <district>9</district>
        <sponsorshipWithdrawnDate />
      </item>
      <item>
        <isOriginalCosponsor>False</isOriginalCosponsor>
        <firstName>Patrick</firstName>
        <party>R</party>
        <sponsorshipDate>2017-06-14</sponsorshipDate>
        <lastName>Meehan</lastName>
        <bioguideId>M001181</bioguideId>
        <middleName />
        <identifiers>
          <lisID>2052</lisID>
          <gpoId>8125</gpoId>
          <bioguideId>M001181</bioguideId>
        </identifiers>
        <fullName>Rep. Meehan, Patrick [R-PA-7]</fullName>
        <state>PA</state>
        <district>7</district>
        <sponsorshipWithdrawnDate />
      </item>
      <item>
        <isOriginalCosponsor>False</isOriginalCosponsor>
        <firstName>Charles</firstName>
        <party>R</party>
        <sponsorshipDate>2017-06-14</sponsorshipDate>
        <lastName>Dent</lastName>
        <bioguideId>D000604</bioguideId>
        <middleName>W.</middleName>
        <identifiers>
          <bioguideId>D000604</bioguideId>
          <gpoId>8133</gpoId>
          <lisID>1799</lisID>
        </identifiers>
        <fullName>Rep. Dent, Charles W. [R-PA-15]</fullName>
        <state>PA</state>
        <district>15</district>
        <sponsorshipWithdrawnDate />
      </item>
      <item>
        <isOriginalCosponsor>False</isOriginalCosponsor>
        <firstName>Mike</firstName>
        <party>D</party>
        <sponsorshipDate>2017-06-14</sponsorshipDate>
        <lastName>Quigley</lastName>
        <bioguideId>Q000023</bioguideId>
        <middleName />
        <identifiers>
          <lisID>1967</lisID>
          <bioguideId>Q000023</bioguideId>
          <gpoId>7925</gpoId>
        </identifiers>
        <fullName>Rep. Quigley, Mike [D-IL-5]</fullName>
        <state>IL</state>
        <district>5</district>
        <sponsorshipWithdrawnDate />
      </item>
      <item>
        <isOriginalCosponsor>False</isOriginalCosponsor>
        <firstName>Ryan</firstName>
        <party>R</party>
        <sponsorshipDate>2017-06-14</sponsorshipDate>
        <lastName>Costello</lastName>
        <bioguideId>C001106</bioguideId>
        <middleName>A.</middleName>
        <identifiers>
          <lisID>2266</lisID>
          <bioguideId>C001106</bioguideId>
          <gpoId />
        </identifiers>
        <fullName>Rep. Costello, Ryan A. [R-PA-6]</fullName>
        <state>PA</state>
        <district>6</district>
        <sponsorshipWithdrawnDate />
      </item>
      <item>
        <isOriginalCosponsor>False</isOriginalCosponsor>
        <firstName>Matt</firstName>
        <party>D</party>
        <sponsorshipDate>2017-06-14</sponsorshipDate>
        <lastName>Cartwright</lastName>
        <bioguideId>C001090</bioguideId>
        <middleName />
        <identifiers>
          <lisID>2159</lisID>
          <bioguideId>C001090</bioguideId>
          <gpoId />
        </identifiers>
        <fullName>Rep. Cartwright, Matt [D-PA-17]</fullName>
        <state>PA</state>
        <district>17</district>
        <sponsorshipWithdrawnDate />
      </item>
      <item>
        <isOriginalCosponsor>False</isOriginalCosponsor>
        <firstName>Steven</firstName>
        <party>R</party>
        <sponsorshipDate>2017-07-19</sponsorshipDate>
        <lastName>Palazzo</lastName>
        <bioguideId>P000601</bioguideId>
        <middleName>M.</middleName>
        <identifiers>
          <gpoId>8022</gpoId>
          <lisID>2035</lisID>
          <bioguideId>P000601</bioguideId>
        </identifiers>
        <fullName>Rep. Palazzo, Steven M. [R-MS-4]</fullName>
        <state>MS</state>
        <district>4</district>
        <sponsorshipWithdrawnDate />
      </item>
    </cosponsors>
  </bill>
  <dublinCore xmlns:dc="http://purl.org/dc/elements/1.1/">
    <dc:format>text/xml</dc:format>
    <dc:language>EN</dc:language>
    <dc:rights>Pursuant to Title 17 Section 105 of the United States Code, this file is not subject to copyright protection and is in the public domain.</dc:rights>
    <dc:contributor>Congressional Research Service, Library of Congress</dc:contributor>
    <dc:description>This file contains bill summaries and statuses for federal legislation. A bill summary describes the most significant provisions of a piece of legislation and details the effects the legislative text may have on current law and federal programs. Bill summaries are authored by the Congressional Research Service (CRS) of the Library of Congress. As stated in Public Law 91-510 (2 USC 166 (d)(6)), one of the duties of CRS is "to prepare summaries and digests of bills and resolutions of a public general nature introduced in the Senate or House of Representatives". For more information, refer to the User Guide that accompanies this file.</dc:description>
  </dublinCore>
</billStatus>

