<?xml version="1.0" encoding="UTF-8"?>
<billStatus>
  <bill>
    <policyArea>
      <name>International Affairs</name>
    </policyArea>
    <committeeReports />
    <congress>115</congress>
    <sponsors>
      <item>
        <identifiers>
          <lisID>1818</lisID>
          <bioguideId>S001165</bioguideId>
          <gpoId>8055</gpoId>
        </identifiers>
        <district>8</district>
        <middleName />
        <byRequestType />
        <fullName>Rep. Sires, Albio [D-NJ-8]</fullName>
        <bioguideId>S001165</bioguideId>
        <state>NJ</state>
        <party>D</party>
        <firstName>Albio</firstName>
        <lastName>Sires</lastName>
      </item>
    </sponsors>
    <calendarNumbers />
    <amendments />
    <relatedBills>
      <item>
        <number>18</number>
        <type>SRES</type>
        <latestAction>
          <text>Placed on Senate Legislative Calendar under General Orders. Calendar No. 114.</text>
          <actionDate>2017-06-05</actionDate>
        </latestAction>
        <congress>115</congress>
        <latestTitle>A resolution reaffirming the United States-Argentina partnership and recognizing Argentina's economic reforms.</latestTitle>
        <relationshipDetails>
          <item>
            <identifiedBy>CRS</identifiedBy>
            <type>Related bill</type>
          </item>
        </relationshipDetails>
      </item>
    </relatedBills>
    <notes />
    <originChamber>House</originChamber>
    <version>1.0.0</version>
    <billNumber>54</billNumber>
    <title>Reaffirming the United States-Argentina partnership and recognizing Argentina's economic reforms.</title>
    <cosponsors>
      <item>
        <isOriginalCosponsor>True</isOriginalCosponsor>
        <fullName>Rep. Duncan, Jeff [R-SC-3]</fullName>
        <middleName />
        <sponsorshipDate>2017-01-23</sponsorshipDate>
        <bioguideId>D000615</bioguideId>
        <lastName>Duncan</lastName>
        <party>R</party>
        <district>3</district>
        <firstName>Jeff</firstName>
        <state>SC</state>
        <identifiers>
          <gpoId>8143</gpoId>
          <bioguideId>D000615</bioguideId>
          <lisID>2057</lisID>
        </identifiers>
        <sponsorshipWithdrawnDate />
      </item>
      <item>
        <isOriginalCosponsor>True</isOriginalCosponsor>
        <fullName>Rep. Engel, Eliot L. [D-NY-16]</fullName>
        <middleName>L.</middleName>
        <sponsorshipDate>2017-01-23</sponsorshipDate>
        <bioguideId>E000179</bioguideId>
        <lastName>ENGEL</lastName>
        <party>D</party>
        <district>16</district>
        <firstName>ELIOT</firstName>
        <state>NY</state>
        <identifiers>
          <gpoId>8078</gpoId>
          <lisID>344</lisID>
          <bioguideId>E000179</bioguideId>
        </identifiers>
        <sponsorshipWithdrawnDate />
      </item>
      <item>
        <isOriginalCosponsor>True</isOriginalCosponsor>
        <fullName>Rep. Ros-Lehtinen, Ileana [R-FL-27]</fullName>
        <middleName />
        <sponsorshipDate>2017-01-23</sponsorshipDate>
        <bioguideId>R000435</bioguideId>
        <lastName>ROS-LEHTINEN</lastName>
        <party>R</party>
        <district>27</district>
        <firstName>ILEANA</firstName>
        <state>FL</state>
        <identifiers>
          <lisID>985</lisID>
          <gpoId>7890</gpoId>
          <bioguideId>R000435</bioguideId>
        </identifiers>
        <sponsorshipWithdrawnDate />
      </item>
      <item>
        <isOriginalCosponsor>False</isOriginalCosponsor>
        <fullName>Rep. Soto, Darren [D-FL-9]</fullName>
        <middleName />
        <sponsorshipDate>2017-03-21</sponsorshipDate>
        <bioguideId>S001200</bioguideId>
        <lastName>Soto</lastName>
        <party>D</party>
        <district>9</district>
        <firstName>Darren</firstName>
        <state>FL</state>
        <identifiers>
          <gpoId />
          <bioguideId>S001200</bioguideId>
          <lisID>2319</lisID>
        </identifiers>
        <sponsorshipWithdrawnDate />
      </item>
      <item>
        <isOriginalCosponsor>False</isOriginalCosponsor>
        <fullName>Rep. Torres, Norma J. [D-CA-35]</fullName>
        <middleName>J.</middleName>
        <sponsorshipDate>2017-03-21</sponsorshipDate>
        <bioguideId>T000474</bioguideId>
        <lastName>Torres</lastName>
        <party>D</party>
        <district>35</district>
        <firstName>Norma</firstName>
        <state>CA</state>
        <identifiers>
          <bioguideId>T000474</bioguideId>
          <lisID>2231</lisID>
          <gpoId />
        </identifiers>
        <sponsorshipWithdrawnDate />
      </item>
      <item>
        <isOriginalCosponsor>False</isOriginalCosponsor>
        <fullName>Rep. Wasserman Schultz, Debbie [D-FL-23]</fullName>
        <middleName />
        <sponsorshipDate>2017-03-21</sponsorshipDate>
        <bioguideId>W000797</bioguideId>
        <lastName>Wasserman Schultz</lastName>
        <party>D</party>
        <district>23</district>
        <firstName>Debbie</firstName>
        <state>FL</state>
        <identifiers>
          <gpoId>7892</gpoId>
          <lisID>1777</lisID>
          <bioguideId>W000797</bioguideId>
        </identifiers>
        <sponsorshipWithdrawnDate />
      </item>
      <item>
        <isOriginalCosponsor>False</isOriginalCosponsor>
        <fullName>Rep. Cardenas, Tony [D-CA-29]</fullName>
        <middleName />
        <sponsorshipDate>2017-03-22</sponsorshipDate>
        <bioguideId>C001097</bioguideId>
        <lastName>Cardenas</lastName>
        <party>D</party>
        <district>29</district>
        <firstName>Tony</firstName>
        <state>CA</state>
        <identifiers>
          <bioguideId>C001097</bioguideId>
          <lisID>2107</lisID>
          <gpoId />
        </identifiers>
        <sponsorshipWithdrawnDate />
      </item>
      <item>
        <isOriginalCosponsor>False</isOriginalCosponsor>
        <fullName>Rep. Meeks, Gregory W. [D-NY-5]</fullName>
        <middleName>W.</middleName>
        <sponsorshipDate>2017-03-27</sponsorshipDate>
        <bioguideId>M001137</bioguideId>
        <lastName>MEEKS</lastName>
        <party>D</party>
        <district>5</district>
        <firstName>GREGORY</firstName>
        <state>NY</state>
        <identifiers>
          <bioguideId>M001137</bioguideId>
          <gpoId>8067</gpoId>
          <lisID>1506</lisID>
        </identifiers>
        <sponsorshipWithdrawnDate />
      </item>
      <item>
        <isOriginalCosponsor>False</isOriginalCosponsor>
        <fullName>Rep. Deutch, Theodore E. [D-FL-22]</fullName>
        <middleName>E.</middleName>
        <sponsorshipDate>2017-03-27</sponsorshipDate>
        <bioguideId>D000610</bioguideId>
        <lastName>Deutch</lastName>
        <party>D</party>
        <district>22</district>
        <firstName>Theodore</firstName>
        <state>FL</state>
        <identifiers>
          <lisID>1976</lisID>
          <bioguideId>D000610</bioguideId>
          <gpoId>7891</gpoId>
        </identifiers>
        <sponsorshipWithdrawnDate />
      </item>
      <item>
        <isOriginalCosponsor>False</isOriginalCosponsor>
        <fullName>Rep. Royce, Edward R. [R-CA-39]</fullName>
        <middleName />
        <sponsorshipDate>2017-03-27</sponsorshipDate>
        <bioguideId>R000487</bioguideId>
        <lastName>ROYCE</lastName>
        <party>R</party>
        <district>39</district>
        <firstName>ED</firstName>
        <state>CA</state>
        <identifiers>
          <lisID>998</lisID>
          <bioguideId>R000487</bioguideId>
          <gpoId>7845</gpoId>
        </identifiers>
        <sponsorshipWithdrawnDate />
      </item>
      <item>
        <isOriginalCosponsor>False</isOriginalCosponsor>
        <fullName>Rep. Visclosky, Peter J. [D-IN-1]</fullName>
        <middleName>J.</middleName>
        <sponsorshipDate>2017-03-29</sponsorshipDate>
        <bioguideId>V000108</bioguideId>
        <lastName>VISCLOSKY</lastName>
        <party>D</party>
        <district>1</district>
        <firstName>PETER</firstName>
        <state>IN</state>
        <identifiers>
          <lisID>1188</lisID>
          <bioguideId>V000108</bioguideId>
          <gpoId>7940</gpoId>
        </identifiers>
        <sponsorshipWithdrawnDate />
      </item>
      <item>
        <isOriginalCosponsor>False</isOriginalCosponsor>
        <fullName>Rep. Sherman, Brad [D-CA-30]</fullName>
        <middleName />
        <sponsorshipDate>2017-03-29</sponsorshipDate>
        <bioguideId>S000344</bioguideId>
        <lastName>SHERMAN</lastName>
        <party>D</party>
        <district>30</district>
        <firstName>BRAD</firstName>
        <state>CA</state>
        <identifiers>
          <lisID>1526</lisID>
          <bioguideId>S000344</bioguideId>
          <gpoId>7832</gpoId>
        </identifiers>
        <sponsorshipWithdrawnDate />
      </item>
      <item>
        <isOriginalCosponsor>False</isOriginalCosponsor>
        <fullName>Rep. Cicilline, David N. [D-RI-1]</fullName>
        <middleName>N.</middleName>
        <sponsorshipDate>2017-03-29</sponsorshipDate>
        <bioguideId>C001084</bioguideId>
        <lastName>Cicilline</lastName>
        <party>D</party>
        <district>1</district>
        <firstName>David</firstName>
        <state>RI</state>
        <identifiers>
          <lisID>2055</lisID>
          <bioguideId>C001084</bioguideId>
          <gpoId>8139</gpoId>
        </identifiers>
        <sponsorshipWithdrawnDate />
      </item>
      <item>
        <isOriginalCosponsor>False</isOriginalCosponsor>
        <fullName>Rep. Stewart, Chris [R-UT-2]</fullName>
        <middleName />
        <sponsorshipDate>2017-03-29</sponsorshipDate>
        <bioguideId>S001192</bioguideId>
        <lastName>Stewart</lastName>
        <party>R</party>
        <district>2</district>
        <firstName>Chris</firstName>
        <state>UT</state>
        <identifiers>
          <lisID>2168</lisID>
          <gpoId />
          <bioguideId>S001192</bioguideId>
        </identifiers>
        <sponsorshipWithdrawnDate />
      </item>
    </cosponsors>
    <subjects>
      <billSubjects>
        <legislativeSubjects>
          <item>
            <name>Alliances</name>
          </item>
          <item>
            <name>Argentina</name>
          </item>
          <item>
            <name>Congressional tributes</name>
          </item>
          <item>
            <name>Criminal investigation, prosecution, interrogation</name>
          </item>
          <item>
            <name>Economic development</name>
          </item>
          <item>
            <name>Foreign loans and debt</name>
          </item>
          <item>
            <name>International organizations and cooperation</name>
          </item>
          <item>
            <name>Israel</name>
          </item>
          <item>
            <name>Latin America</name>
          </item>
          <item>
            <name>Middle East</name>
          </item>
          <item>
            <name>Terrorism</name>
          </item>
        </legislativeSubjects>
        <policyArea>
          <name>International Affairs</name>
        </policyArea>
      </billSubjects>
    </subjects>
    <constitutionalAuthorityStatementText />
    <laws />
    <actions>
      <actionByCounts>
        <houseOfRepresentatives>12</houseOfRepresentatives>
      </actionByCounts>
      <actionTypeCounts>
        <introducedInTheHouse>1</introducedInTheHouse>
        <actionStageOverride>1</actionStageOverride>
        <placeholderTextForH>2</placeholderTextForH>
        <generalDebate>1</generalDebate>
        <finalPassageUnderSuspensionOfTheRulesResults>1</finalPassageUnderSuspensionOfTheRulesResults>
        <motionToReconsiderResults>1</motionToReconsiderResults>
        <motionMadeToSuspendTheRules>1</motionMadeToSuspendTheRules>
        <billReferrals>1</billReferrals>
        <considerationByHouse>1</considerationByHouse>
        <introducedInHouse>1</introducedInHouse>
        <passedAgreedToInHouse>1</passedAgreedToInHouse>
      </actionTypeCounts>
      <item>
        <text>Motion to reconsider laid on the table Agreed to without objection.</text>
        <links />
        <sourceSystem>
          <code>2</code>
          <name>House floor actions</name>
        </sourceSystem>
        <actionCode>H38310</actionCode>
        <type>Floor</type>
        <actionTime>17:49:14</actionTime>
        <committee />
        <actionDate>2017-04-03</actionDate>
      </item>
      <item>
        <text>On motion to suspend the rules and agree to the resolution, as amended Agreed to by voice vote. (text as passed House: CR H2609)</text>
        <links>
          <link>
            <name>H2609</name>
            <url>https://www.congress.gov/congressional-record/volume-163/house-section/page/H2609</url>
          </link>
        </links>
        <sourceSystem>
          <code>2</code>
          <name>House floor actions</name>
        </sourceSystem>
        <actionCode>H37300</actionCode>
        <type>Floor</type>
        <actionTime>17:49:10</actionTime>
        <committee />
        <actionDate>2017-04-03</actionDate>
      </item>
      <item>
        <text>Passed/agreed to in House: On motion to suspend the rules and agree to the resolution, as amended Agreed to by voice vote.(text as passed House: CR H2609)</text>
        <links>
          <link>
            <name>H2609</name>
            <url>https://www.congress.gov/congressional-record/volume-163/house-section/page/H2609</url>
          </link>
        </links>
        <sourceSystem>
          <code>9</code>
          <name>Library of Congress</name>
        </sourceSystem>
        <actionCode>8000</actionCode>
        <type>Floor</type>
        <actionTime>17:49:10</actionTime>
        <committee />
        <actionDate>2017-04-03</actionDate>
      </item>
      <item>
        <text>DEBATE - The House proceeded with forty minutes of debate on H. Res. 54.</text>
        <links>
          <link>
            <name>H. Res. 54</name>
            <url>https://www.congress.gov/bill/115th-congress/house-resolution/54</url>
          </link>
        </links>
        <sourceSystem>
          <code>2</code>
          <name>House floor actions</name>
        </sourceSystem>
        <actionCode>H8D000</actionCode>
        <type>Floor</type>
        <actionTime>17:32:12</actionTime>
        <committee />
        <actionDate>2017-04-03</actionDate>
      </item>
      <item>
        <text>Considered under suspension of the rules. (consideration: CR H2609-2611)</text>
        <links>
          <link>
            <name>H2609-2611</name>
            <url>https://www.congress.gov/congressional-record/volume-163/house-section/page/H2609-2611</url>
          </link>
        </links>
        <sourceSystem>
          <code>2</code>
          <name>House floor actions</name>
        </sourceSystem>
        <actionCode>H30000</actionCode>
        <type>Floor</type>
        <actionTime>17:32:10</actionTime>
        <committee />
        <actionDate>2017-04-03</actionDate>
      </item>
      <item>
        <text>Mr. Royce (CA) moved to suspend the rules and agree to the resolution, as amended.</text>
        <links />
        <sourceSystem>
          <code>2</code>
          <name>House floor actions</name>
        </sourceSystem>
        <actionCode>H30300</actionCode>
        <type>Floor</type>
        <actionTime>17:31:59</actionTime>
        <committee />
        <actionDate>2017-04-03</actionDate>
      </item>
      <item>
        <actionDate>2017-03-29</actionDate>
        <committee>
          <name>Foreign Affairs Committee</name>
          <systemCode>hsfa00</systemCode>
        </committee>
        <links />
        <sourceSystem>
          <code>1</code>
          <name>House committee actions</name>
        </sourceSystem>
        <text>Ordered to be Reported in the Nature of a Substitute (Amended) by Voice Vote.</text>
        <type>Committee</type>
      </item>
      <item>
        <actionDate>2017-03-29</actionDate>
        <committee>
          <name>Foreign Affairs Committee</name>
          <systemCode>hsfa00</systemCode>
        </committee>
        <links />
        <sourceSystem>
          <code>1</code>
          <name>House committee actions</name>
        </sourceSystem>
        <text>Committee Consideration and Mark-up Session Held.</text>
        <type>Committee</type>
      </item>
      <item>
        <actionDate>2017-02-16</actionDate>
        <committee>
          <name>Western Hemisphere Subcommittee</name>
          <systemCode>hsfa07</systemCode>
        </committee>
        <links />
        <sourceSystem>
          <code>1</code>
          <name>House committee actions</name>
        </sourceSystem>
        <text>Referred to the Subcommittee on the Western Hemisphere.</text>
        <type>Committee</type>
      </item>
      <item>
        <text>Referred to the House Committee on Foreign Affairs.</text>
        <links />
        <sourceSystem>
          <code>2</code>
          <name>House floor actions</name>
        </sourceSystem>
        <actionCode>H11100</actionCode>
        <type>IntroReferral</type>
        <committee>
          <name>Foreign Affairs Committee</name>
          <systemCode>hsfa00</systemCode>
        </committee>
        <actionDate>2017-01-23</actionDate>
      </item>
      <item>
        <text>Introduced in House</text>
        <links />
        <sourceSystem>
          <code>9</code>
          <name>Library of Congress</name>
        </sourceSystem>
        <actionCode>Intro-H</actionCode>
        <type>IntroReferral</type>
        <committee />
        <actionDate>2017-01-23</actionDate>
      </item>
      <item>
        <text>Introduced in House</text>
        <links />
        <sourceSystem>
          <code>9</code>
          <name>Library of Congress</name>
        </sourceSystem>
        <actionCode>1000</actionCode>
        <type>IntroReferral</type>
        <committee />
        <actionDate>2017-01-23</actionDate>
      </item>
    </actions>
    <titles>
      <item>
        <titleType>Official Title as Introduced</titleType>
        <title>Reaffirming the United States-Argentina partnership and recognizing Argentina's economic reforms.</title>
        <chamberCode />
        <parentTitleType />
        <chamberName />
      </item>
      <item>
        <titleType>Display Title</titleType>
        <title>Reaffirming the United States-Argentina partnership and recognizing Argentina's economic reforms.</title>
        <chamberCode />
        <parentTitleType />
        <chamberName />
      </item>
    </titles>
    <summaries>
      <billSummaries>
        <item>
          <versionCode>00</versionCode>
          <updateDate>2017-01-23T05:00:00Z</updateDate>
          <actionDate>2017-01-23</actionDate>
          <text><![CDATA[<p>Declares that the House of Representatives: </p> <ul> <li>upholds its commitment to the partnership between the United States and Argentina and reaffirms that Argentina is a major U.S. ally; </li> <li>encourages the Department of State to coordinate an interagency strategy to increase cooperation with the government of Argentina on areas of bilateral, regional, and global concern; </li> <li>commends President Mauricio Macri and his Administration for making far-reaching economic reforms that will benefit the people of Argentina, stimulate economic growth, and deepen Argentina's integration with the global economy; </li> <li>praises such government for resolving its dispute with international creditors; and </li> <li>encourages such government to continue to investigate and prosecute those responsible for the 1994 bombing of the Argentine-Israeli Mutual Association (AMIA) in Buenos Aires and the death of AMIA special prosecutor Alberto Nisman. </li></ul> <ul></ul>]]></text>
          <actionDesc>Introduced in House</actionDesc>
          <lastSummaryUpdateDate>2017-01-30T20:43:08Z</lastSummaryUpdateDate>
          <name>Introduced in House</name>
        </item>
        <item>
          <versionCode>36</versionCode>
          <updateDate>2017-04-03T10:42:06Z</updateDate>
          <actionDate>2017-04-03</actionDate>
          <text><![CDATA[<p>Declares that the House of Representatives: </p> <ul> <li>upholds its commitment to the partnership between the United States and Argentina and reaffirms that Argentina is a major U.S. ally; </li> <li>encourages the Department of State to coordinate a new interagency strategy to increase cooperation with the government of Argentina on areas of bilateral, regional, and global concern; </li> <li>commends the government of Argentina for making far-reaching economic reforms that will benefit the people of Argentina, stimulate economic growth, and deepen Argentina's integration with the global economy; </li> <li>praises such government for resolving most of its business disputes at the World Bank's International Centre for the Settlement of Investment Disputes; and </li> <li>encourages such government to continue to investigate and prosecute those responsible for the 1994 bombing of the Asociacion Mutual Israelita Argentina (AMIA) building in Buenos Aires and the death of AMIA special prosecutor Alberto Nisman. </li></ul> <ul></ul>]]></text>
          <actionDesc>Passed House amended</actionDesc>
          <lastSummaryUpdateDate>2017-04-08T12:48:32Z</lastSummaryUpdateDate>
          <name>Passed House amended</name>
        </item>
      </billSummaries>
    </summaries>
    <committees>
      <billCommittees>
        <item>
          <chamber>House</chamber>
          <name>Foreign Affairs Committee</name>
          <systemCode>hsfa00</systemCode>
          <type>Standing</type>
          <subcommittees>
            <item>
              <systemCode>hsfa07</systemCode>
              <name>Western Hemisphere Subcommittee</name>
              <activities>
                <item>
                  <name>Referred to</name>
                  <date>2017-02-16T22:25:03Z</date>
                </item>
              </activities>
            </item>
          </subcommittees>
          <activities>
            <item>
              <name>Markup by</name>
              <date>2017-03-29T13:20:04Z</date>
            </item>
            <item>
              <name>Referred to</name>
              <date>2017-01-23T17:00:20Z</date>
            </item>
          </activities>
        </item>
      </billCommittees>
    </committees>
    <introducedDate>2017-01-23</introducedDate>
    <updateDate>2018-02-06T16:39:32Z</updateDate>
    <cboCostEstimates />
    <recordedVotes />
    <billType>HRES</billType>
    <createDate>2017-01-24T05:12:16Z</createDate>
    <latestAction>
      <actionTime>17:49:14</actionTime>
      <text>Motion to reconsider laid on the table Agreed to without objection.</text>
      <links />
      <actionDate>2017-04-03</actionDate>
    </latestAction>
  </bill>
  <dublinCore xmlns:dc="http://purl.org/dc/elements/1.1/">
    <dc:format>text/xml</dc:format>
    <dc:language>EN</dc:language>
    <dc:rights>Pursuant to Title 17 Section 105 of the United States Code, this file is not subject to copyright protection and is in the public domain.</dc:rights>
    <dc:contributor>Congressional Research Service, Library of Congress</dc:contributor>
    <dc:description>This file contains bill summaries and statuses for federal legislation. A bill summary describes the most significant provisions of a piece of legislation and details the effects the legislative text may have on current law and federal programs. Bill summaries are authored by the Congressional Research Service (CRS) of the Library of Congress. As stated in Public Law 91-510 (2 USC 166 (d)(6)), one of the duties of CRS is "to prepare summaries and digests of bills and resolutions of a public general nature introduced in the Senate or House of Representatives". For more information, refer to the User Guide that accompanies this file.</dc:description>
  </dublinCore>
</billStatus>

