<?xml version="1.0" encoding="UTF-8"?>
<billStatus>
  <bill>
    <cboCostEstimates />
    <title>Providing for consideration of the joint resolution (H.J. Res. 99) making further continuing appropriations for fiscal year 2017, and for other purposes.</title>
    <originChamber>House</originChamber>
    <summaries>
      <billSummaries>
        <item>
          <lastSummaryUpdateDate>2017-04-28T08:03:51Z</lastSummaryUpdateDate>
          <text><![CDATA[Sets forth the rule for consideration of the joint resolution (H.J. Res. 99) making further continuing appropriations for fiscal year 2017.]]></text>
          <actionDesc>Introduced in House</actionDesc>
          <actionDate>2017-04-27</actionDate>
          <name>Introduced in House</name>
          <updateDate>2017-04-27T04:00:00Z</updateDate>
          <versionCode>00</versionCode>
        </item>
      </billSummaries>
    </summaries>
    <constitutionalAuthorityStatementText />
    <latestAction>
      <actionDate>2017-04-28</actionDate>
      <actionTime>10:22:11</actionTime>
      <links />
      <text>Motion to reconsider laid on the table Agreed to without objection.</text>
    </latestAction>
    <actions>
      <item>
        <text>Motion to reconsider laid on the table Agreed to without objection.</text>
        <actionCode>H38310</actionCode>
        <actionTime>10:22:11</actionTime>
        <committee />
        <actionDate>2017-04-28</actionDate>
        <type>Floor</type>
        <sourceSystem>
          <code>2</code>
          <name>House floor actions</name>
        </sourceSystem>
        <links />
      </item>
      <item>
        <text>On agreeing to the resolution Agreed to by the Yeas and Nays: 235 - 178 (Roll no. 235). (text: CR H2947)</text>
        <actionCode>H37100</actionCode>
        <actionTime>10:22:09</actionTime>
        <committee />
        <actionDate>2017-04-28</actionDate>
        <type>Floor</type>
        <sourceSystem>
          <code>2</code>
          <name>House floor actions</name>
        </sourceSystem>
        <links>
          <link>
            <name>H2947</name>
            <url>https://www.congress.gov/congressional-record/volume-163/house-section/page/H2947</url>
          </link>
          <link>
            <name>Roll no. 235</name>
            <url>http://clerk.house.gov/evs/2017/roll235.xml</url>
          </link>
        </links>
      </item>
      <item>
        <text>Passed/agreed to in House: On agreeing to the resolution Agreed to by the Yeas and Nays: 235 - 178 (Roll no. 235).</text>
        <actionCode>8000</actionCode>
        <actionTime>10:22:09</actionTime>
        <committee />
        <actionDate>2017-04-28</actionDate>
        <type>Floor</type>
        <sourceSystem>
          <code>9</code>
          <name>Library of Congress</name>
        </sourceSystem>
        <links>
          <link>
            <name>Roll no. 235</name>
            <url>http://clerk.house.gov/evs/2017/roll235.xml</url>
          </link>
        </links>
      </item>
      <item>
        <text>The previous question was ordered without objection.</text>
        <actionCode>H35000</actionCode>
        <actionTime>09:55:04</actionTime>
        <committee />
        <actionDate>2017-04-28</actionDate>
        <type>Floor</type>
        <sourceSystem>
          <code>2</code>
          <name>House floor actions</name>
        </sourceSystem>
        <links />
      </item>
      <item>
        <text>DEBATE - The House proceeded with one hour of debate on H. Res. 289.</text>
        <actionCode>H8D000</actionCode>
        <actionTime>09:16:47</actionTime>
        <committee />
        <actionDate>2017-04-28</actionDate>
        <type>Floor</type>
        <sourceSystem>
          <code>2</code>
          <name>House floor actions</name>
        </sourceSystem>
        <links>
          <link>
            <name>H. Res. 289</name>
            <url>https://www.congress.gov/bill/115th-congress/house-resolution/289</url>
          </link>
        </links>
      </item>
      <item>
        <text>Considered as privileged matter. (consideration: CR H2947-2955)</text>
        <actionCode>H30000</actionCode>
        <actionTime>09:15:48</actionTime>
        <committee />
        <actionDate>2017-04-28</actionDate>
        <type>Floor</type>
        <sourceSystem>
          <code>2</code>
          <name>House floor actions</name>
        </sourceSystem>
        <links>
          <link>
            <name>H2947-2955</name>
            <url>https://www.congress.gov/congressional-record/volume-163/house-section/page/H2947-2955</url>
          </link>
        </links>
      </item>
      <item>
        <text>Placed on the House Calendar, Calendar No. 43.</text>
        <actionCode>H12420</actionCode>
        <committee />
        <actionDate>2017-04-27</actionDate>
        <type>Calendars</type>
        <sourceSystem>
          <code>2</code>
          <name>House floor actions</name>
        </sourceSystem>
        <links />
      </item>
      <item>
        <text>Rule provides for consideration of H.J. Res. 99 with 1 hour of general debate. Previous question shall be considered as ordered without intervening motions except motion to recommit. Measure will be considered read. Bill is closed to amendments.</text>
        <actionCode>H12700</actionCode>
        <actionTime>23:10:46</actionTime>
        <committee />
        <actionDate>2017-04-27</actionDate>
        <type>Floor</type>
        <sourceSystem>
          <code>2</code>
          <name>House floor actions</name>
        </sourceSystem>
        <links>
          <link>
            <name>H.J. Res. 99</name>
            <url>https://www.congress.gov/bill/115th-congress/house-joint-resolution/99</url>
          </link>
        </links>
      </item>
      <item>
        <text>The House Committee on Rules reported an original measure, H. Rept. 115-97, by Mr. Sessions.</text>
        <actionCode>H12100</actionCode>
        <committee>
          <systemCode>hsru00</systemCode>
          <name>Rules Committee</name>
        </committee>
        <actionDate>2017-04-27</actionDate>
        <type>Committee</type>
        <sourceSystem>
          <code>2</code>
          <name>House floor actions</name>
        </sourceSystem>
        <links>
          <link>
            <name>H. Rept. 115-97</name>
            <url>https://www.congress.gov/congressional-report/115th-congress/house-report/97</url>
          </link>
        </links>
      </item>
      <item>
        <text>The House Committee on Rules reported an original measure, H. Rept. 115-97, by Mr. Sessions.</text>
        <actionCode>5000</actionCode>
        <committee>
          <systemCode>hsru00</systemCode>
          <name>Rules Committee</name>
        </committee>
        <actionDate>2017-04-27</actionDate>
        <type>Committee</type>
        <sourceSystem>
          <code>9</code>
          <name>Library of Congress</name>
        </sourceSystem>
        <links>
          <link>
            <name>H. Rept. 115-97</name>
            <url>https://www.congress.gov/congressional-report/115th-congress/house-report/97</url>
          </link>
        </links>
      </item>
      <item>
        <text>Introduced in House</text>
        <actionCode>1000</actionCode>
        <committee />
        <actionDate>2017-04-27</actionDate>
        <type>IntroReferral</type>
        <sourceSystem>
          <code>9</code>
          <name>Library of Congress</name>
        </sourceSystem>
        <links />
      </item>
      <actionByCounts>
        <houseOfRepresentatives>11</houseOfRepresentatives>
      </actionByCounts>
      <actionTypeCounts>
        <reportedToHouse>1</reportedToHouse>
        <provisionsOfARule>1</provisionsOfARule>
        <houseCalendarAssignment>1</houseCalendarAssignment>
        <passedAgreedToInHouse>1</passedAgreedToInHouse>
        <considerationByHouse>1</considerationByHouse>
        <motionToReconsiderResults>1</motionToReconsiderResults>
        <generalDebate>1</generalDebate>
        <committeeReportOfAnOriginalMeasure>1</committeeReportOfAnOriginalMeasure>
        <introducedInHouse>1</introducedInHouse>
        <motionForPreviousQuestion>1</motionForPreviousQuestion>
        <passageOfAMeasure>1</passageOfAMeasure>
      </actionTypeCounts>
    </actions>
    <amendments />
    <introducedDate>2017-04-27</introducedDate>
    <policyArea>
      <name>Congress</name>
    </policyArea>
    <billNumber>289</billNumber>
    <congress>115</congress>
    <committeeReports>
      <committeeReport>
        <citation>H. Rept. 115-97</citation>
      </committeeReport>
    </committeeReports>
    <cosponsors />
    <version>1.0.0</version>
    <createDate>2017-04-28T03:11:41Z</createDate>
    <billType>HRES</billType>
    <titles>
      <item>
        <titleType>Official Title as Introduced</titleType>
        <chamberCode />
        <title>Providing for consideration of the joint resolution (H.J. Res. 99) making further continuing appropriations for fiscal year 2017, and for other purposes.</title>
        <chamberName />
        <parentTitleType />
      </item>
      <item>
        <titleType>Display Title</titleType>
        <chamberCode />
        <title>Providing for consideration of the joint resolution (H.J. Res. 99) making further continuing appropriations for fiscal year 2017, and for other purposes.</title>
        <chamberName />
        <parentTitleType />
      </item>
    </titles>
    <notes />
    <sponsors>
      <item>
        <byRequestType />
        <party>R</party>
        <fullName>Rep. Sessions, Pete [R-TX-32]</fullName>
        <identifiers>
          <bioguideId>S000250</bioguideId>
          <lisID>1525</lisID>
          <gpoId>8188</gpoId>
        </identifiers>
        <lastName>SESSIONS</lastName>
        <bioguideId>S000250</bioguideId>
        <state>TX</state>
        <firstName>PETE</firstName>
        <middleName />
        <district>32</district>
      </item>
    </sponsors>
    <recordedVotes>
      <recordedVote>
        <date>2017-04-28T14:22:09Z</date>
        <chamber>House</chamber>
        <rollNumber>235</rollNumber>
        <url>http://clerk.house.gov/evs/2017/roll235.xml</url>
        <congress>115</congress>
        <fullActionName>Passage of a Measure</fullActionName>
        <sessionNumber>1</sessionNumber>
      </recordedVote>
    </recordedVotes>
    <relatedBills>
      <item>
        <latestTitle>Making further continuing appropriations for fiscal year 2017, and for other purposes.</latestTitle>
        <latestAction>
          <actionDate>2017-04-28</actionDate>
          <text>Became Public Law No: 115-30.</text>
        </latestAction>
        <congress>115</congress>
        <number>99</number>
        <type>HJRES</type>
        <relationshipDetails>
          <item>
            <type>Procedurally-related</type>
            <identifiedBy>House</identifiedBy>
          </item>
        </relationshipDetails>
      </item>
    </relatedBills>
    <subjects>
      <billSubjects>
        <legislativeSubjects>
          <item>
            <name>House of Representatives</name>
          </item>
          <item>
            <name>Legislative rules and procedure</name>
          </item>
        </legislativeSubjects>
        <policyArea>
          <name>Congress</name>
        </policyArea>
      </billSubjects>
    </subjects>
    <updateDate>2018-02-22T15:26:50Z</updateDate>
    <laws />
    <calendarNumbers>
      <item>
        <number />
        <calendar>H00043</calendar>
      </item>
    </calendarNumbers>
    <committees>
      <billCommittees>
        <item>
          <systemCode>hsru00</systemCode>
          <chamber>House</chamber>
          <type>Standing</type>
          <name>Rules Committee</name>
          <subcommittees />
          <activities>
            <item>
              <date>2017-04-28T03:10:45Z</date>
              <name>Reported original measure</name>
            </item>
          </activities>
        </item>
      </billCommittees>
    </committees>
  </bill>
  <dublinCore xmlns:dc="http://purl.org/dc/elements/1.1/">
    <dc:format>text/xml</dc:format>
    <dc:language>EN</dc:language>
    <dc:rights>Pursuant to Title 17 Section 105 of the United States Code, this file is not subject to copyright protection and is in the public domain.</dc:rights>
    <dc:contributor>Congressional Research Service, Library of Congress</dc:contributor>
    <dc:description>This file contains bill summaries and statuses for federal legislation. A bill summary describes the most significant provisions of a piece of legislation and details the effects the legislative text may have on current law and federal programs. Bill summaries are authored by the Congressional Research Service (CRS) of the Library of Congress. As stated in Public Law 91-510 (2 USC 166 (d)(6)), one of the duties of CRS is "to prepare summaries and digests of bills and resolutions of a public general nature introduced in the Senate or House of Representatives". For more information, refer to the User Guide that accompanies this file.</dc:description>
  </dublinCore>
</billStatus>

