<?xml version="1.0" encoding="UTF-8"?>
<billStatus>
  <bill>
    <introducedDate>2017-03-09</introducedDate>
    <congress>115</congress>
    <latestAction>
      <actionDate>2017-04-25</actionDate>
      <actionTime>18:54:45</actionTime>
      <links />
      <text>On motion to suspend the rules and agree to the resolution, as amended Agreed to by the Yeas and Nays: (2/3 required): 411 - 2 (Roll no. 222). (text: CR H2832)</text>
    </latestAction>
    <originChamber>House</originChamber>
    <billNumber>187</billNumber>
    <sponsors>
      <item>
        <state>CA</state>
        <identifiers>
          <bioguideId>B001270</bioguideId>
          <lisID>1996</lisID>
          <gpoId>7838</gpoId>
        </identifiers>
        <bioguideId>B001270</bioguideId>
        <lastName>Bass</lastName>
        <fullName>Rep. Bass, Karen [D-CA-37]</fullName>
        <district>37</district>
        <firstName>Karen</firstName>
        <byRequestType />
        <middleName />
        <party>D</party>
      </item>
    </sponsors>
    <committeeReports />
    <relatedBills />
    <titles>
      <item>
        <chamberCode />
        <titleType>Official Title as Introduced</titleType>
        <parentTitleType />
        <chamberName />
        <title>Relating to efforts to respond to the famine in South Sudan.</title>
      </item>
      <item>
        <chamberCode />
        <titleType>Display Title</titleType>
        <parentTitleType />
        <chamberName />
        <title>Relating to efforts to respond to the famine in South Sudan.</title>
      </item>
    </titles>
    <constitutionalAuthorityStatementText />
    <billType>HRES</billType>
    <summaries>
      <billSummaries>
        <item>
          <text><![CDATA[<p>Expresses the sense of the House of Representatives that the U.S. Agency for International Development should: (1) increase emergency funding in March 2017 to respond to the famine in South Sudan by providing food and other essential resources and to collaborate with international relief organizations to reach vulnerable populations, and (2) provide emergency food assistance under the Food for Peace Act.</p> <p>Calls upon the government of South Sudan to: (1) declare and observe a cessation of hostilities to allow food and essential supplies to reach affected civilians; and (2) allow immediate and unrestricted humanitarian access to southern Unity, where the famine is underway.</p> <p>Condemns all threats and violence against civilian populations and aid workers.</p> <p>Supports efforts of the U.S. government, working with partners in the international community, to facilitate humanitarian access to affected areas and encourages greater diplomatic pressure on the parties to return to the negotiation table to stop the violence and allow full humanitarian access.</p> <ul> <ul></ul></ul>]]></text>
          <versionCode>00</versionCode>
          <actionDate>2017-03-09</actionDate>
          <name>Introduced in House</name>
          <actionDesc>Introduced in House</actionDesc>
          <lastSummaryUpdateDate>2017-04-25T14:00:46Z</lastSummaryUpdateDate>
          <updateDate>2017-03-09T05:00:00Z</updateDate>
        </item>
        <item>
          <text><![CDATA[<p>Expresses the sense of the House of Representatives that the U.S. Agency for International Development should: (1) continue to provide immediate and robust assistance to respond to the famine in South Sudan by providing food and other essential resources and to collaborate with international relief organizations to reach vulnerable populations, and (2) be encouraged to continue to provide needed and locally appropriate food aid through the Food for Peace and Emergency Food Security Programs.</p> <p>Calls upon the government of South Sudan to: (1) declare and observe a cessation of hostilities to allow food and essential supplies to reach affected civilians; and (2) allow immediate and unrestricted humanitarian access to southern Unity, where the famine is underway.</p> <p>Condemns: (1) all threats and violence against civilian populations and aid workers, including the over 70 humanitarian aid workers killed since the conflict began and the brutal attack by the South Sudanese military on humanitarian aid workers at the Terrain Camp in July 2016; and (2) the looting by security forces of humanitarian assistance destined for civilians in need.</p> <p>Supports the U.S. government effort, with partners in the international community, to facilitate humanitarian access to affected areas and encourages greater diplomatic pressure on the parties to return to the negotiation table to stop the violence and allow full humanitarian access.</p>]]></text>
          <versionCode>36</versionCode>
          <actionDate>2017-04-25</actionDate>
          <name>Passed House amended</name>
          <actionDesc>Passed House amended</actionDesc>
          <lastSummaryUpdateDate>2017-06-15T20:17:42Z</lastSummaryUpdateDate>
          <updateDate>2017-04-25T13:10:50Z</updateDate>
        </item>
      </billSummaries>
    </summaries>
    <subjects>
      <billSubjects>
        <policyArea>
          <name>International Affairs</name>
        </policyArea>
        <legislativeSubjects>
          <item>
            <name>Africa</name>
          </item>
          <item>
            <name>Conflicts and wars</name>
          </item>
          <item>
            <name>Diplomacy, foreign officials, Americans abroad</name>
          </item>
          <item>
            <name>Food assistance and relief</name>
          </item>
          <item>
            <name>Foreign aid and international relief</name>
          </item>
          <item>
            <name>International organizations and cooperation</name>
          </item>
          <item>
            <name>Refugees, asylum, displaced persons</name>
          </item>
          <item>
            <name>South Sudan</name>
          </item>
        </legislativeSubjects>
      </billSubjects>
    </subjects>
    <laws />
    <policyArea>
      <name>International Affairs</name>
    </policyArea>
    <committees>
      <billCommittees>
        <item>
          <chamber>House</chamber>
          <name>Foreign Affairs Committee</name>
          <systemCode>hsfa00</systemCode>
          <activities>
            <item>
              <date>2017-03-29T13:35:34Z</date>
              <name>Markup by</name>
            </item>
            <item>
              <date>2017-03-09T15:03:20Z</date>
              <name>Referred to</name>
            </item>
          </activities>
          <type>Standing</type>
          <subcommittees />
        </item>
      </billCommittees>
    </committees>
    <version>1.0.0</version>
    <recordedVotes>
      <recordedVote>
        <url>http://clerk.house.gov/evs/2017/roll222.xml</url>
        <chamber>House</chamber>
        <sessionNumber>1</sessionNumber>
        <fullActionName>Final Passage Under Suspension of the Rules Results</fullActionName>
        <date>2017-04-25T22:54:45Z</date>
        <congress>115</congress>
        <rollNumber>222</rollNumber>
      </recordedVote>
    </recordedVotes>
    <updateDate>2018-02-06T16:39:38Z</updateDate>
    <title>Relating to efforts to respond to the famine in South Sudan.</title>
    <createDate>2017-03-10T05:16:31Z</createDate>
    <cboCostEstimates />
    <actions>
      <actionTypeCounts>
        <considerationByHouse>2</considerationByHouse>
        <actionStageOverride>1</actionStageOverride>
        <placeholderTextForH>2</placeholderTextForH>
        <generalDebate>1</generalDebate>
        <introducedInTheHouse>1</introducedInTheHouse>
        <passedAgreedToInHouse>1</passedAgreedToInHouse>
        <finalPassageUnderSuspensionOfTheRulesResults>1</finalPassageUnderSuspensionOfTheRulesResults>
        <motionMadeToSuspendTheRules>1</motionMadeToSuspendTheRules>
        <billReferrals>1</billReferrals>
        <introducedInHouse>1</introducedInHouse>
      </actionTypeCounts>
      <item>
        <actionTime>18:54:45</actionTime>
        <links>
          <link>
            <name>H2832</name>
            <url>https://www.congress.gov/congressional-record/volume-163/house-section/page/H2832</url>
          </link>
          <link>
            <name>Roll no. 222</name>
            <url>http://clerk.house.gov/evs/2017/roll222.xml</url>
          </link>
        </links>
        <text>On motion to suspend the rules and agree to the resolution, as amended Agreed to by the Yeas and Nays: (2/3 required): 411 - 2 (Roll no. 222). (text: CR H2832)</text>
        <committee />
        <actionDate>2017-04-25</actionDate>
        <sourceSystem>
          <name>House floor actions</name>
          <code>2</code>
        </sourceSystem>
        <actionCode>H37300</actionCode>
        <type>Floor</type>
      </item>
      <item>
        <actionTime>18:54:45</actionTime>
        <links>
          <link>
            <name>H2832</name>
            <url>https://www.congress.gov/congressional-record/volume-163/house-section/page/H2832</url>
          </link>
          <link>
            <name>Roll no. 222</name>
            <url>http://clerk.house.gov/evs/2017/roll222.xml</url>
          </link>
        </links>
        <text>Passed/agreed to in House: On motion to suspend the rules and agree to the resolution, as amended Agreed to by the Yeas and Nays: (2/3 required): 411 - 2 (Roll no. 222).(text: CR H2832)</text>
        <committee />
        <actionDate>2017-04-25</actionDate>
        <sourceSystem>
          <name>Library of Congress</name>
          <code>9</code>
        </sourceSystem>
        <actionCode>8000</actionCode>
        <type>Floor</type>
      </item>
      <item>
        <actionTime>18:32:15</actionTime>
        <links>
          <link>
            <name>H2837-2838</name>
            <url>https://www.congress.gov/congressional-record/volume-163/house-section/page/H2837-2838</url>
          </link>
        </links>
        <text>Considered as unfinished business. (consideration: CR H2837-2838)</text>
        <committee />
        <actionDate>2017-04-25</actionDate>
        <sourceSystem>
          <name>House floor actions</name>
          <code>2</code>
        </sourceSystem>
        <actionCode>H30000</actionCode>
        <type>Floor</type>
      </item>
      <item>
        <actionTime>18:21:00</actionTime>
        <links />
        <text>At the conclusion of debate, the Yeas and Nays were demanded and ordered. Pursuant to the provisions of clause 8, rule XX, the Chair announced that further proceedings on the motion would be postponed.</text>
        <committee />
        <actionDate>2017-04-25</actionDate>
        <sourceSystem>
          <name>House floor actions</name>
          <code>2</code>
        </sourceSystem>
        <actionCode>H37220</actionCode>
        <type>Floor</type>
      </item>
      <item>
        <actionTime>17:45:00</actionTime>
        <links>
          <link>
            <name>H. Res. 187</name>
            <url>https://www.congress.gov/bill/115th-congress/house-resolution/187</url>
          </link>
        </links>
        <text>DEBATE - The House proceeded with forty minutes of debate on H. Res. 187.</text>
        <committee />
        <actionDate>2017-04-25</actionDate>
        <sourceSystem>
          <name>House floor actions</name>
          <code>2</code>
        </sourceSystem>
        <actionCode>H8D000</actionCode>
        <type>Floor</type>
      </item>
      <item>
        <actionTime>17:45:00</actionTime>
        <links>
          <link>
            <name>H2832-2837</name>
            <url>https://www.congress.gov/congressional-record/volume-163/house-section/page/H2832-2837</url>
          </link>
        </links>
        <text>Considered under suspension of the rules. (consideration: CR H2832-2837)</text>
        <committee />
        <actionDate>2017-04-25</actionDate>
        <sourceSystem>
          <name>House floor actions</name>
          <code>2</code>
        </sourceSystem>
        <actionCode>H30000</actionCode>
        <type>Floor</type>
      </item>
      <item>
        <actionTime>17:45:00</actionTime>
        <links />
        <text>Mr. Royce (CA) moved to suspend the rules and agree to the resolution, as amended.</text>
        <committee />
        <actionDate>2017-04-25</actionDate>
        <sourceSystem>
          <name>House floor actions</name>
          <code>2</code>
        </sourceSystem>
        <actionCode>H30300</actionCode>
        <type>Floor</type>
      </item>
      <item>
        <actionDate>2017-03-29</actionDate>
        <committee>
          <systemCode>hsfa00</systemCode>
          <name>Foreign Affairs Committee</name>
        </committee>
        <links />
        <sourceSystem>
          <name>House committee actions</name>
          <code>1</code>
        </sourceSystem>
        <text>Ordered to be Reported in the Nature of a Substitute (Amended) by Voice Vote.</text>
        <type>Committee</type>
      </item>
      <item>
        <actionDate>2017-03-29</actionDate>
        <committee>
          <systemCode>hsfa00</systemCode>
          <name>Foreign Affairs Committee</name>
        </committee>
        <links />
        <sourceSystem>
          <name>House committee actions</name>
          <code>1</code>
        </sourceSystem>
        <text>Committee Consideration and Mark-up Session Held.</text>
        <type>Committee</type>
      </item>
      <item>
        <type>IntroReferral</type>
        <links />
        <text>Referred to the House Committee on Foreign Affairs.</text>
        <committee>
          <systemCode>hsfa00</systemCode>
          <name>Foreign Affairs Committee</name>
        </committee>
        <actionDate>2017-03-09</actionDate>
        <sourceSystem>
          <name>House floor actions</name>
          <code>2</code>
        </sourceSystem>
        <actionCode>H11100</actionCode>
      </item>
      <item>
        <type>IntroReferral</type>
        <links />
        <text>Introduced in House</text>
        <committee />
        <actionDate>2017-03-09</actionDate>
        <sourceSystem>
          <name>Library of Congress</name>
          <code>9</code>
        </sourceSystem>
        <actionCode>Intro-H</actionCode>
      </item>
      <item>
        <type>IntroReferral</type>
        <links />
        <text>Introduced in House</text>
        <committee />
        <actionDate>2017-03-09</actionDate>
        <sourceSystem>
          <name>Library of Congress</name>
          <code>9</code>
        </sourceSystem>
        <actionCode>1000</actionCode>
      </item>
      <actionByCounts>
        <houseOfRepresentatives>12</houseOfRepresentatives>
      </actionByCounts>
    </actions>
    <amendments />
    <notes />
    <calendarNumbers />
    <cosponsors>
      <item>
        <isOriginalCosponsor>True</isOriginalCosponsor>
        <middleName />
        <sponsorshipDate>2017-03-09</sponsorshipDate>
        <firstName>BARBARA</firstName>
        <party>D</party>
        <identifiers>
          <lisID>1501</lisID>
          <gpoId>7814</gpoId>
          <bioguideId>L000551</bioguideId>
        </identifiers>
        <district>13</district>
        <sponsorshipWithdrawnDate />
        <fullName>Rep. Lee, Barbara [D-CA-13]</fullName>
        <bioguideId>L000551</bioguideId>
        <lastName>LEE</lastName>
        <state>CA</state>
      </item>
      <item>
        <isOriginalCosponsor>True</isOriginalCosponsor>
        <middleName>D.</middleName>
        <sponsorshipDate>2017-03-09</sponsorshipDate>
        <firstName>SANFORD</firstName>
        <party>D</party>
        <identifiers>
          <lisID>91</lisID>
          <bioguideId>B000490</bioguideId>
          <gpoId>7899</gpoId>
        </identifiers>
        <district>2</district>
        <sponsorshipWithdrawnDate />
        <fullName>Rep. Bishop, Sanford D., Jr. [D-GA-2]</fullName>
        <bioguideId>B000490</bioguideId>
        <lastName>BISHOP</lastName>
        <state>GA</state>
      </item>
      <item>
        <isOriginalCosponsor>True</isOriginalCosponsor>
        <middleName>A.</middleName>
        <sponsorshipDate>2017-03-09</sponsorshipDate>
        <firstName>ROBERT</firstName>
        <party>D</party>
        <identifiers>
          <bioguideId>B001227</bioguideId>
          <lisID>1469</lisID>
          <gpoId>8119</gpoId>
        </identifiers>
        <district>1</district>
        <sponsorshipWithdrawnDate />
        <fullName>Rep. Brady, Robert A. [D-PA-1]</fullName>
        <bioguideId>B001227</bioguideId>
        <lastName>BRADY</lastName>
        <state>PA</state>
      </item>
      <item>
        <isOriginalCosponsor>True</isOriginalCosponsor>
        <middleName />
        <sponsorshipDate>2017-03-09</sponsorshipDate>
        <firstName>JOHN</firstName>
        <party>D</party>
        <identifiers>
          <lisID>688</lisID>
          <bioguideId>L000287</bioguideId>
          <gpoId>7902</gpoId>
        </identifiers>
        <district>5</district>
        <sponsorshipWithdrawnDate />
        <fullName>Rep. Lewis, John [D-GA-5]</fullName>
        <bioguideId>L000287</bioguideId>
        <lastName>LEWIS</lastName>
        <state>GA</state>
      </item>
      <item>
        <isOriginalCosponsor>True</isOriginalCosponsor>
        <middleName>E.</middleName>
        <sponsorshipDate>2017-03-09</sponsorshipDate>
        <firstName>MICHAEL</firstName>
        <party>D</party>
        <identifiers>
          <bioguideId>C001037</bioguideId>
          <lisID>1564</lisID>
          <gpoId>7973</gpoId>
        </identifiers>
        <district>7</district>
        <sponsorshipWithdrawnDate />
        <fullName>Rep. Capuano, Michael E. [D-MA-7]</fullName>
        <bioguideId>C001037</bioguideId>
        <lastName>CAPUANO</lastName>
        <state>MA</state>
      </item>
      <item>
        <isOriginalCosponsor>True</isOriginalCosponsor>
        <middleName>R.</middleName>
        <sponsorshipDate>2017-03-09</sponsorshipDate>
        <firstName>William</firstName>
        <party>D</party>
        <identifiers>
          <lisID>2025</lisID>
          <bioguideId>K000375</bioguideId>
          <gpoId>7975</gpoId>
        </identifiers>
        <district>9</district>
        <sponsorshipWithdrawnDate />
        <fullName>Rep. Keating, William R. [D-MA-9]</fullName>
        <bioguideId>K000375</bioguideId>
        <lastName>Keating</lastName>
        <state>MA</state>
      </item>
      <item>
        <isOriginalCosponsor>True</isOriginalCosponsor>
        <middleName>N.</middleName>
        <sponsorshipDate>2017-03-09</sponsorshipDate>
        <firstName>David</firstName>
        <party>D</party>
        <identifiers>
          <bioguideId>C001084</bioguideId>
          <gpoId>8139</gpoId>
          <lisID>2055</lisID>
        </identifiers>
        <district>1</district>
        <sponsorshipWithdrawnDate />
        <fullName>Rep. Cicilline, David N. [D-RI-1]</fullName>
        <bioguideId>C001084</bioguideId>
        <lastName>Cicilline</lastName>
        <state>RI</state>
      </item>
      <item>
        <isOriginalCosponsor>True</isOriginalCosponsor>
        <middleName />
        <sponsorshipDate>2017-03-09</sponsorshipDate>
        <firstName>Adriano</firstName>
        <party>D</party>
        <identifiers>
          <lisID>2342</lisID>
          <gpoId />
          <bioguideId>E000297</bioguideId>
        </identifiers>
        <district>13</district>
        <sponsorshipWithdrawnDate />
        <fullName>Rep. Espaillat, Adriano [D-NY-13]</fullName>
        <bioguideId>E000297</bioguideId>
        <lastName>Espaillat</lastName>
        <state>NY</state>
      </item>
      <item>
        <isOriginalCosponsor>True</isOriginalCosponsor>
        <middleName>R.</middleName>
        <sponsorshipDate>2017-03-09</sponsorshipDate>
        <firstName>Thomas</firstName>
        <party>D</party>
        <identifiers>
          <gpoId />
          <bioguideId>S001201</bioguideId>
          <lisID>2341</lisID>
        </identifiers>
        <district>3</district>
        <sponsorshipWithdrawnDate />
        <fullName>Rep. Suozzi, Thomas R. [D-NY-3]</fullName>
        <bioguideId>S001201</bioguideId>
        <lastName>Suozzi</lastName>
        <state>NY</state>
      </item>
      <item>
        <isOriginalCosponsor>True</isOriginalCosponsor>
        <middleName>F.</middleName>
        <sponsorshipDate>2017-03-09</sponsorshipDate>
        <firstName>Brendan</firstName>
        <party>D</party>
        <identifiers>
          <lisID>2267</lisID>
          <gpoId />
          <bioguideId>B001296</bioguideId>
        </identifiers>
        <district>13</district>
        <sponsorshipWithdrawnDate />
        <fullName>Rep. Boyle, Brendan F. [D-PA-13]</fullName>
        <bioguideId>B001296</bioguideId>
        <lastName>Boyle</lastName>
        <state>PA</state>
      </item>
      <item>
        <isOriginalCosponsor>True</isOriginalCosponsor>
        <middleName>L.</middleName>
        <sponsorshipDate>2017-03-09</sponsorshipDate>
        <firstName>Robin</firstName>
        <party>D</party>
        <identifiers>
          <bioguideId>K000385</bioguideId>
          <lisID>2190</lisID>
          <gpoId />
        </identifiers>
        <district>2</district>
        <sponsorshipWithdrawnDate />
        <fullName>Rep. Kelly, Robin L. [D-IL-2]</fullName>
        <bioguideId>K000385</bioguideId>
        <lastName>Kelly</lastName>
        <state>IL</state>
      </item>
      <item>
        <isOriginalCosponsor>True</isOriginalCosponsor>
        <middleName />
        <sponsorshipDate>2017-03-09</sponsorshipDate>
        <firstName>Joaquin</firstName>
        <party>D</party>
        <identifiers>
          <lisID>2163</lisID>
          <gpoId />
          <bioguideId>C001091</bioguideId>
        </identifiers>
        <district>20</district>
        <sponsorshipWithdrawnDate />
        <fullName>Rep. Castro, Joaquin [D-TX-20]</fullName>
        <bioguideId>C001091</bioguideId>
        <lastName>Castro</lastName>
        <state>TX</state>
      </item>
      <item>
        <isOriginalCosponsor>True</isOriginalCosponsor>
        <middleName />
        <sponsorshipDate>2017-03-09</sponsorshipDate>
        <firstName>Tulsi</firstName>
        <party>D</party>
        <identifiers>
          <lisID>2122</lisID>
          <gpoId />
          <bioguideId>G000571</bioguideId>
        </identifiers>
        <district>2</district>
        <sponsorshipWithdrawnDate />
        <fullName>Rep. Gabbard, Tulsi [D-HI-2]</fullName>
        <bioguideId>G000571</bioguideId>
        <lastName>Gabbard</lastName>
        <state>HI</state>
      </item>
      <item>
        <isOriginalCosponsor>True</isOriginalCosponsor>
        <middleName />
        <sponsorshipDate>2017-03-09</sponsorshipDate>
        <firstName>Lois</firstName>
        <party>D</party>
        <identifiers>
          <lisID>2119</lisID>
          <gpoId />
          <bioguideId>F000462</bioguideId>
        </identifiers>
        <district>21</district>
        <sponsorshipWithdrawnDate />
        <fullName>Rep. Frankel, Lois [D-FL-21]</fullName>
        <bioguideId>F000462</bioguideId>
        <lastName>Frankel</lastName>
        <state>FL</state>
      </item>
      <item>
        <isOriginalCosponsor>True</isOriginalCosponsor>
        <middleName>W.</middleName>
        <sponsorshipDate>2017-03-09</sponsorshipDate>
        <firstName>GREGORY</firstName>
        <party>D</party>
        <identifiers>
          <lisID>1506</lisID>
          <bioguideId>M001137</bioguideId>
          <gpoId>8067</gpoId>
        </identifiers>
        <district>5</district>
        <sponsorshipWithdrawnDate />
        <fullName>Rep. Meeks, Gregory W. [D-NY-5]</fullName>
        <bioguideId>M001137</bioguideId>
        <lastName>MEEKS</lastName>
        <state>NY</state>
      </item>
      <item>
        <isOriginalCosponsor>True</isOriginalCosponsor>
        <middleName />
        <sponsorshipDate>2017-03-09</sponsorshipDate>
        <firstName>Albio</firstName>
        <party>D</party>
        <identifiers>
          <lisID>1818</lisID>
          <gpoId>8055</gpoId>
          <bioguideId>S001165</bioguideId>
        </identifiers>
        <district>8</district>
        <sponsorshipWithdrawnDate />
        <fullName>Rep. Sires, Albio [D-NJ-8]</fullName>
        <bioguideId>S001165</bioguideId>
        <lastName>Sires</lastName>
        <state>NJ</state>
      </item>
      <item>
        <isOriginalCosponsor>True</isOriginalCosponsor>
        <middleName>E.</middleName>
        <sponsorshipDate>2017-03-09</sponsorshipDate>
        <firstName>Theodore</firstName>
        <party>D</party>
        <identifiers>
          <gpoId>7891</gpoId>
          <lisID>1976</lisID>
          <bioguideId>D000610</bioguideId>
        </identifiers>
        <district>22</district>
        <sponsorshipWithdrawnDate />
        <fullName>Rep. Deutch, Theodore E. [D-FL-22]</fullName>
        <bioguideId>D000610</bioguideId>
        <lastName>Deutch</lastName>
        <state>FL</state>
      </item>
      <item>
        <isOriginalCosponsor>True</isOriginalCosponsor>
        <middleName>Scott</middleName>
        <sponsorshipDate>2017-03-09</sponsorshipDate>
        <firstName>Bradley</firstName>
        <party>D</party>
        <identifiers>
          <gpoId />
          <lisID>2124</lisID>
          <bioguideId>S001190</bioguideId>
        </identifiers>
        <district>10</district>
        <sponsorshipWithdrawnDate />
        <fullName>Rep. Schneider, Bradley Scott [D-IL-10]</fullName>
        <bioguideId>S001190</bioguideId>
        <lastName>Schneider</lastName>
        <state>IL</state>
      </item>
      <item>
        <isOriginalCosponsor>True</isOriginalCosponsor>
        <middleName>J.</middleName>
        <sponsorshipDate>2017-03-09</sponsorshipDate>
        <firstName>Norma</firstName>
        <party>D</party>
        <identifiers>
          <gpoId />
          <bioguideId>T000474</bioguideId>
          <lisID>2231</lisID>
        </identifiers>
        <district>35</district>
        <sponsorshipWithdrawnDate />
        <fullName>Rep. Torres, Norma J. [D-CA-35]</fullName>
        <bioguideId>T000474</bioguideId>
        <lastName>Torres</lastName>
        <state>CA</state>
      </item>
      <item>
        <isOriginalCosponsor>True</isOriginalCosponsor>
        <middleName>S.</middleName>
        <sponsorshipDate>2017-03-09</sponsorshipDate>
        <firstName>Frederica</firstName>
        <party>D</party>
        <identifiers>
          <bioguideId>W000808</bioguideId>
          <gpoId>7889</gpoId>
          <lisID>2004</lisID>
        </identifiers>
        <district>24</district>
        <sponsorshipWithdrawnDate />
        <fullName>Rep. Wilson, Frederica S. [D-FL-24]</fullName>
        <bioguideId>W000808</bioguideId>
        <lastName>Wilson</lastName>
        <state>FL</state>
      </item>
      <item>
        <isOriginalCosponsor>True</isOriginalCosponsor>
        <middleName />
        <sponsorshipDate>2017-03-09</sponsorshipDate>
        <firstName>JOHN</firstName>
        <party>D</party>
        <identifiers>
          <lisID>229</lisID>
          <bioguideId>C000714</bioguideId>
          <gpoId>7999</gpoId>
        </identifiers>
        <district>13</district>
        <sponsorshipWithdrawnDate />
        <fullName>Rep. Conyers, John, Jr. [D-MI-13]</fullName>
        <bioguideId>C000714</bioguideId>
        <lastName>CONYERS</lastName>
        <state>MI</state>
      </item>
      <item>
        <isOriginalCosponsor>True</isOriginalCosponsor>
        <middleName />
        <sponsorshipDate>2017-03-09</sponsorshipDate>
        <firstName>SHEILA</firstName>
        <party>D</party>
        <identifiers>
          <bioguideId>J000032</bioguideId>
          <gpoId>8174</gpoId>
          <lisID>588</lisID>
        </identifiers>
        <district>18</district>
        <sponsorshipWithdrawnDate />
        <fullName>Rep. Jackson Lee, Sheila [D-TX-18]</fullName>
        <bioguideId>J000032</bioguideId>
        <lastName>JACKSON LEE</lastName>
        <state>TX</state>
      </item>
      <item>
        <isOriginalCosponsor>True</isOriginalCosponsor>
        <middleName />
        <sponsorshipDate>2017-03-09</sponsorshipDate>
        <firstName>Steve</firstName>
        <party>D</party>
        <identifiers>
          <lisID>1878</lisID>
          <gpoId>8156</gpoId>
          <bioguideId>C001068</bioguideId>
        </identifiers>
        <district>9</district>
        <sponsorshipWithdrawnDate />
        <fullName>Rep. Cohen, Steve [D-TN-9]</fullName>
        <bioguideId>C001068</bioguideId>
        <lastName>Cohen</lastName>
        <state>TN</state>
      </item>
      <item>
        <isOriginalCosponsor>True</isOriginalCosponsor>
        <middleName>P.</middleName>
        <sponsorshipDate>2017-03-09</sponsorshipDate>
        <firstName>JAMES</firstName>
        <party>D</party>
        <identifiers>
          <bioguideId>M000312</bioguideId>
          <lisID>1504</lisID>
          <gpoId>7968</gpoId>
        </identifiers>
        <district>2</district>
        <sponsorshipWithdrawnDate />
        <fullName>Rep. McGovern, James P. [D-MA-2]</fullName>
        <bioguideId>M000312</bioguideId>
        <lastName>MCGOVERN</lastName>
        <state>MA</state>
      </item>
      <item>
        <isOriginalCosponsor>True</isOriginalCosponsor>
        <middleName>H.</middleName>
        <sponsorshipDate>2017-03-09</sponsorshipDate>
        <firstName>CHRISTOPHER</firstName>
        <party>R</party>
        <identifiers>
          <bioguideId>S000522</bioguideId>
          <lisID>1071</lisID>
          <gpoId>8046</gpoId>
        </identifiers>
        <district>4</district>
        <sponsorshipWithdrawnDate />
        <fullName>Rep. Smith, Christopher H. [R-NJ-4]</fullName>
        <bioguideId>S000522</bioguideId>
        <lastName>SMITH</lastName>
        <state>NJ</state>
      </item>
      <item>
        <isOriginalCosponsor>True</isOriginalCosponsor>
        <middleName />
        <sponsorshipDate>2017-03-09</sponsorshipDate>
        <firstName>BRAD</firstName>
        <party>D</party>
        <identifiers>
          <bioguideId>S000344</bioguideId>
          <gpoId>7832</gpoId>
          <lisID>1526</lisID>
        </identifiers>
        <district>30</district>
        <sponsorshipWithdrawnDate />
        <fullName>Rep. Sherman, Brad [D-CA-30]</fullName>
        <bioguideId>S000344</bioguideId>
        <lastName>SHERMAN</lastName>
        <state>CA</state>
      </item>
      <item>
        <isOriginalCosponsor>True</isOriginalCosponsor>
        <middleName>L.</middleName>
        <sponsorshipDate>2017-03-09</sponsorshipDate>
        <firstName>ALCEE</firstName>
        <party>D</party>
        <identifiers>
          <lisID>511</lisID>
          <bioguideId>H000324</bioguideId>
          <gpoId>7895</gpoId>
        </identifiers>
        <district>20</district>
        <sponsorshipWithdrawnDate />
        <fullName>Rep. Hastings, Alcee L. [D-FL-20]</fullName>
        <bioguideId>H000324</bioguideId>
        <lastName>HASTINGS</lastName>
        <state>FL</state>
      </item>
      <item>
        <isOriginalCosponsor>False</isOriginalCosponsor>
        <middleName />
        <sponsorshipDate>2017-03-13</sponsorshipDate>
        <firstName>Brian</firstName>
        <party>D</party>
        <identifiers>
          <gpoId>8088</gpoId>
          <bioguideId>H001038</bioguideId>
          <lisID>1794</lisID>
        </identifiers>
        <district>26</district>
        <sponsorshipWithdrawnDate />
        <fullName>Rep. Higgins, Brian [D-NY-26]</fullName>
        <bioguideId>H001038</bioguideId>
        <lastName>Higgins</lastName>
        <state>NY</state>
      </item>
      <item>
        <isOriginalCosponsor>False</isOriginalCosponsor>
        <middleName />
        <sponsorshipDate>2017-03-15</sponsorshipDate>
        <firstName>Pramila</firstName>
        <party>D</party>
        <identifiers>
          <lisID>2354</lisID>
          <bioguideId>J000298</bioguideId>
          <gpoId />
        </identifiers>
        <district>7</district>
        <sponsorshipWithdrawnDate />
        <fullName>Rep. Jayapal, Pramila [D-WA-7]</fullName>
        <bioguideId>J000298</bioguideId>
        <lastName>Jayapal</lastName>
        <state>WA</state>
      </item>
      <item>
        <isOriginalCosponsor>False</isOriginalCosponsor>
        <middleName />
        <sponsorshipDate>2017-03-20</sponsorshipDate>
        <firstName>EARL</firstName>
        <party>D</party>
        <identifiers>
          <bioguideId>B000574</bioguideId>
          <gpoId>8116</gpoId>
          <lisID>99</lisID>
        </identifiers>
        <district>3</district>
        <sponsorshipWithdrawnDate />
        <fullName>Rep. Blumenauer, Earl [D-OR-3]</fullName>
        <bioguideId>B000574</bioguideId>
        <lastName>BLUMENAUER</lastName>
        <state>OR</state>
      </item>
      <item>
        <isOriginalCosponsor>False</isOriginalCosponsor>
        <middleName>L.</middleName>
        <sponsorshipDate>2017-03-20</sponsorshipDate>
        <firstName>BOBBY</firstName>
        <party>D</party>
        <identifiers>
          <gpoId>7921</gpoId>
          <lisID>1003</lisID>
          <bioguideId>R000515</bioguideId>
        </identifiers>
        <district>1</district>
        <sponsorshipWithdrawnDate />
        <fullName>Rep. Rush, Bobby L. [D-IL-1]</fullName>
        <bioguideId>R000515</bioguideId>
        <lastName>RUSH</lastName>
        <state>IL</state>
      </item>
      <item>
        <isOriginalCosponsor>False</isOriginalCosponsor>
        <middleName />
        <sponsorshipDate>2017-03-20</sponsorshipDate>
        <firstName>Emanuel</firstName>
        <party>D</party>
        <identifiers>
          <lisID>1790</lisID>
          <bioguideId>C001061</bioguideId>
          <gpoId>8013</gpoId>
        </identifiers>
        <district>5</district>
        <sponsorshipWithdrawnDate />
        <fullName>Rep. Cleaver, Emanuel [D-MO-5]</fullName>
        <bioguideId>C001061</bioguideId>
        <lastName>Cleaver</lastName>
        <state>MO</state>
      </item>
      <item>
        <isOriginalCosponsor>False</isOriginalCosponsor>
        <middleName>J.</middleName>
        <sponsorshipDate>2017-03-28</sponsorshipDate>
        <firstName>Timothy</firstName>
        <party>D</party>
        <identifiers>
          <bioguideId>W000799</bioguideId>
          <lisID>1856</lisID>
          <gpoId>8001</gpoId>
        </identifiers>
        <district>1</district>
        <sponsorshipWithdrawnDate />
        <fullName>Rep. Walz, Timothy J. [D-MN-1]</fullName>
        <bioguideId>W000799</bioguideId>
        <lastName>Walz</lastName>
        <state>MN</state>
      </item>
      <item>
        <isOriginalCosponsor>False</isOriginalCosponsor>
        <middleName />
        <sponsorshipDate>2017-03-28</sponsorshipDate>
        <firstName>STEVE</firstName>
        <party>R</party>
        <identifiers>
          <lisID>186</lisID>
          <gpoId>8091</gpoId>
          <bioguideId>C000266</bioguideId>
        </identifiers>
        <district>1</district>
        <sponsorshipWithdrawnDate />
        <fullName>Rep. Chabot, Steve [R-OH-1]</fullName>
        <bioguideId>C000266</bioguideId>
        <lastName>CHABOT</lastName>
        <state>OH</state>
      </item>
      <item>
        <isOriginalCosponsor>False</isOriginalCosponsor>
        <middleName>L.</middleName>
        <sponsorshipDate>2017-03-28</sponsorshipDate>
        <firstName>ELIOT</firstName>
        <party>D</party>
        <identifiers>
          <gpoId>8078</gpoId>
          <lisID>344</lisID>
          <bioguideId>E000179</bioguideId>
        </identifiers>
        <district>16</district>
        <sponsorshipWithdrawnDate />
        <fullName>Rep. Engel, Eliot L. [D-NY-16]</fullName>
        <bioguideId>E000179</bioguideId>
        <lastName>ENGEL</lastName>
        <state>NY</state>
      </item>
      <item>
        <isOriginalCosponsor>False</isOriginalCosponsor>
        <middleName>E.</middleName>
        <sponsorshipDate>2017-03-28</sponsorshipDate>
        <firstName>Gerald</firstName>
        <party>D</party>
        <identifiers>
          <bioguideId>C001078</bioguideId>
          <gpoId>8202</gpoId>
          <lisID>1959</lisID>
        </identifiers>
        <district>11</district>
        <sponsorshipWithdrawnDate />
        <fullName>Rep. Connolly, Gerald E. [D-VA-11]</fullName>
        <bioguideId>C001078</bioguideId>
        <lastName>Connolly</lastName>
        <state>VA</state>
      </item>
      <item>
        <isOriginalCosponsor>False</isOriginalCosponsor>
        <middleName />
        <sponsorshipDate>2017-03-28</sponsorshipDate>
        <firstName>Ami</firstName>
        <party>D</party>
        <identifiers>
          <lisID>2102</lisID>
          <gpoId />
          <bioguideId>B001287</bioguideId>
        </identifiers>
        <district>7</district>
        <sponsorshipWithdrawnDate />
        <fullName>Rep. Bera, Ami [D-CA-7]</fullName>
        <bioguideId>B001287</bioguideId>
        <lastName>Bera</lastName>
        <state>CA</state>
      </item>
      <item>
        <isOriginalCosponsor>False</isOriginalCosponsor>
        <middleName>J.</middleName>
        <sponsorshipDate>2017-03-29</sponsorshipDate>
        <firstName>Thomas</firstName>
        <party>R</party>
        <identifiers>
          <bioguideId>R000583</bioguideId>
          <lisID>1916</lisID>
          <gpoId>7888</gpoId>
        </identifiers>
        <district>17</district>
        <sponsorshipWithdrawnDate />
        <fullName>Rep. Rooney, Thomas J. [R-FL-17]</fullName>
        <bioguideId>R000583</bioguideId>
        <lastName>Rooney</lastName>
        <state>FL</state>
      </item>
      <item>
        <isOriginalCosponsor>False</isOriginalCosponsor>
        <middleName />
        <sponsorshipDate>2017-03-29</sponsorshipDate>
        <firstName>ED</firstName>
        <party>R</party>
        <identifiers>
          <lisID>998</lisID>
          <bioguideId>R000487</bioguideId>
          <gpoId>7845</gpoId>
        </identifiers>
        <district>39</district>
        <sponsorshipWithdrawnDate />
        <fullName>Rep. Royce, Edward R. [R-CA-39]</fullName>
        <bioguideId>R000487</bioguideId>
        <lastName>ROYCE</lastName>
        <state>CA</state>
      </item>
      <item>
        <isOriginalCosponsor>False</isOriginalCosponsor>
        <middleName />
        <sponsorshipDate>2017-03-29</sponsorshipDate>
        <firstName>Suzanne</firstName>
        <party>D</party>
        <identifiers>
          <gpoId>8367</gpoId>
          <bioguideId>B001278</bioguideId>
          <lisID>2092</lisID>
        </identifiers>
        <district>1</district>
        <sponsorshipWithdrawnDate />
        <fullName>Rep. Bonamici, Suzanne [D-OR-1]</fullName>
        <bioguideId>B001278</bioguideId>
        <lastName>Bonamici</lastName>
        <state>OR</state>
      </item>
      <item>
        <isOriginalCosponsor>False</isOriginalCosponsor>
        <middleName />
        <sponsorshipDate>2017-04-06</sponsorshipDate>
        <firstName>JOSEPH</firstName>
        <party>D</party>
        <identifiers>
          <lisID>1604</lisID>
          <gpoId>8068</gpoId>
          <bioguideId>C001038</bioguideId>
        </identifiers>
        <district>14</district>
        <sponsorshipWithdrawnDate />
        <fullName>Rep. Crowley, Joseph [D-NY-14]</fullName>
        <bioguideId>C001038</bioguideId>
        <lastName>CROWLEY</lastName>
        <state>NY</state>
      </item>
      <item>
        <isOriginalCosponsor>False</isOriginalCosponsor>
        <middleName />
        <sponsorshipDate>2017-04-25</sponsorshipDate>
        <firstName>ADAM</firstName>
        <party>D</party>
        <identifiers>
          <lisID>1528</lisID>
          <bioguideId>S000510</bioguideId>
          <gpoId>8213</gpoId>
        </identifiers>
        <district>9</district>
        <sponsorshipWithdrawnDate />
        <fullName>Rep. Smith, Adam [D-WA-9]</fullName>
        <bioguideId>S000510</bioguideId>
        <lastName>SMITH</lastName>
        <state>WA</state>
      </item>
    </cosponsors>
  </bill>
  <dublinCore xmlns:dc="http://purl.org/dc/elements/1.1/">
    <dc:format>text/xml</dc:format>
    <dc:language>EN</dc:language>
    <dc:rights>Pursuant to Title 17 Section 105 of the United States Code, this file is not subject to copyright protection and is in the public domain.</dc:rights>
    <dc:contributor>Congressional Research Service, Library of Congress</dc:contributor>
    <dc:description>This file contains bill summaries and statuses for federal legislation. A bill summary describes the most significant provisions of a piece of legislation and details the effects the legislative text may have on current law and federal programs. Bill summaries are authored by the Congressional Research Service (CRS) of the Library of Congress. As stated in Public Law 91-510 (2 USC 166 (d)(6)), one of the duties of CRS is "to prepare summaries and digests of bills and resolutions of a public general nature introduced in the Senate or House of Representatives". For more information, refer to the User Guide that accompanies this file.</dc:description>
  </dublinCore>
</billStatus>

