<?xml version="1.0" encoding="UTF-8"?>
<billStatus>
  <bill>
    <sponsors>
      <item>
        <fullName>Rep. Castro, Joaquin [D-TX-20]</fullName>
        <lastName>Castro</lastName>
        <bioguideId>C001091</bioguideId>
        <party>D</party>
        <middleName />
        <state>TX</state>
        <firstName>Joaquin</firstName>
        <district>20</district>
        <byRequestType />
        <identifiers>
          <lisID>2163</lisID>
          <gpoId />
          <bioguideId>C001091</bioguideId>
        </identifiers>
      </item>
    </sponsors>
    <laws />
    <version>1.0.0</version>
    <introducedDate>2017-05-03</introducedDate>
    <cboCostEstimates />
    <titles>
      <item>
        <parentTitleType>Official Titles House of Representatives</parentTitleType>
        <chamberCode>H</chamberCode>
        <chamberName>House</chamberName>
        <titleType>Official Titles as Amended by House</titleType>
        <title>Reaffirming the 40 years of relations between the United States and the Association of Southeast Asian Nations (ASEAN), and the shared pursuit of economic growth and regional security in Southeast Asia.</title>
      </item>
      <item>
        <parentTitleType />
        <chamberCode />
        <chamberName />
        <titleType>Official Title as Introduced</titleType>
        <title>Recognizing that for 50 years the Association of South East Asian Nations (ASEAN) has worked toward stability, prosperity, and peace in Southeast Asia.</title>
      </item>
      <item>
        <parentTitleType />
        <chamberCode />
        <chamberName />
        <titleType>Display Title</titleType>
        <title>Reaffirming the 40 years of relations between the United States and the Association of Southeast Asian Nations (ASEAN), and the shared pursuit of economic growth and regional security in Southeast Asia.</title>
      </item>
    </titles>
    <amendments />
    <recordedVotes>
      <recordedVote>
        <sessionNumber>1</sessionNumber>
        <chamber>House</chamber>
        <congress>115</congress>
        <rollNumber>540</rollNumber>
        <fullActionName>Final Passage Under Suspension of the Rules Results</fullActionName>
        <date>2017-09-27T21:30:38Z</date>
        <url>http://clerk.house.gov/evs/2017/roll540.xml</url>
      </recordedVote>
    </recordedVotes>
    <relatedBills>
      <item>
        <congress>115</congress>
        <number>157</number>
        <type>SRES</type>
        <relationshipDetails>
          <item>
            <type>Related bill</type>
            <identifiedBy>CRS</identifiedBy>
          </item>
        </relationshipDetails>
        <latestTitle>A resolution recognizing that for 50 years, the Association of South East Asian Nations (ASEAN) and its ten members-Brunei, Cambodia, Indonesia, Laos, Malaysia, Myanmar, the Philippines, Singapore, Thailand, and Vietnam-have worked toward stability, prosperity, and peace in Southeast Asia.</latestTitle>
        <latestAction>
          <text>Referred to the Committee on Foreign Relations. (text of measure as introduced: CR S2778-2780)</text>
          <actionDate>2017-05-04</actionDate>
        </latestAction>
      </item>
    </relatedBills>
    <constitutionalAuthorityStatementText />
    <billType>HRES</billType>
    <actions>
      <actionTypeCounts>
        <passedAgreedToInHouse>1</passedAgreedToInHouse>
        <generalDebate>1</generalDebate>
        <placeholderTextForH>4</placeholderTextForH>
        <finalPassageUnderSuspensionOfTheRulesResults>1</finalPassageUnderSuspensionOfTheRulesResults>
        <amendingTheTitleOfAnActWithoutObjection>1</amendingTheTitleOfAnActWithoutObjection>
        <motionMadeToSuspendTheRules>1</motionMadeToSuspendTheRules>
        <introducedInHouse>1</introducedInHouse>
        <introducedInTheHouse>1</introducedInTheHouse>
        <motionToReconsiderResults>1</motionToReconsiderResults>
        <actionStageOverride>1</actionStageOverride>
        <considerationByHouse>2</considerationByHouse>
        <billReferrals>1</billReferrals>
        <designationOfSpeakerProTempore>1</designationOfSpeakerProTempore>
      </actionTypeCounts>
      <item>
        <type>Floor</type>
        <text>Motion to reconsider laid on the table Agreed to without objection.</text>
        <links />
        <committee />
        <actionTime>17:30:43</actionTime>
        <sourceSystem>
          <code>2</code>
          <name>House floor actions</name>
        </sourceSystem>
        <actionDate>2017-09-27</actionDate>
        <actionCode>H38310</actionCode>
      </item>
      <item>
        <type>Floor</type>
        <text>The title of the measure was amended. Agreed to without objection.</text>
        <links />
        <committee />
        <actionTime>17:30:42</actionTime>
        <sourceSystem>
          <code>2</code>
          <name>House floor actions</name>
        </sourceSystem>
        <actionDate>2017-09-27</actionDate>
        <actionCode>H38800</actionCode>
      </item>
      <item>
        <type>Floor</type>
        <text>On motion to suspend the rules and agree to the resolution, as amended Agreed to by the Yeas and Nays: (2/3 required): 413 - 0 (Roll no. 540). (text: CR 9/25/2017 H7444)</text>
        <links>
          <link>
            <name>CR 9/25/2017 H7444</name>
            <url>https://www.congress.gov/congressional-record/volume-163/house-section/page/H7444</url>
          </link>
          <link>
            <name>Roll no. 540</name>
            <url>http://clerk.house.gov/evs/2017/roll540.xml</url>
          </link>
        </links>
        <committee />
        <actionTime>17:30:38</actionTime>
        <sourceSystem>
          <code>2</code>
          <name>House floor actions</name>
        </sourceSystem>
        <actionDate>2017-09-27</actionDate>
        <actionCode>H37300</actionCode>
      </item>
      <item>
        <type>Floor</type>
        <text>Passed/agreed to in House: On motion to suspend the rules and agree to the resolution, as amended Agreed to by the Yeas and Nays: (2/3 required): 413 - 0 (Roll no. 540).</text>
        <links>
          <link>
            <name>Roll no. 540</name>
            <url>http://clerk.house.gov/evs/2017/roll540.xml</url>
          </link>
        </links>
        <committee />
        <actionTime>17:30:38</actionTime>
        <sourceSystem>
          <code>9</code>
          <name>Library of Congress</name>
        </sourceSystem>
        <actionDate>2017-09-27</actionDate>
        <actionCode>8000</actionCode>
      </item>
      <item>
        <type>Floor</type>
        <text>Considered as unfinished business. (consideration: CR H7552-7553)</text>
        <links>
          <link>
            <name>H7552-7553</name>
            <url>https://www.congress.gov/congressional-record/volume-163/house-section/page/H7552-7553</url>
          </link>
        </links>
        <committee />
        <actionTime>17:23:33</actionTime>
        <sourceSystem>
          <code>2</code>
          <name>House floor actions</name>
        </sourceSystem>
        <actionDate>2017-09-27</actionDate>
        <actionCode>H30000</actionCode>
      </item>
      <item>
        <type>Floor</type>
        <text>At the conclusion of debate, the Yeas and Nays were demanded and ordered. Pursuant to the provisions of clause 8, rule XX, the Chair announced that further proceedings on the motion would be postponed.</text>
        <links />
        <committee />
        <actionTime>15:44:22</actionTime>
        <sourceSystem>
          <code>2</code>
          <name>House floor actions</name>
        </sourceSystem>
        <actionDate>2017-09-25</actionDate>
        <actionCode>H37220</actionCode>
      </item>
      <item>
        <type>Floor</type>
        <text>DEBATE - The House proceeded with forty minutes of debate on H. Res. 311.</text>
        <links>
          <link>
            <name>H. Res. 311</name>
            <url>https://www.congress.gov/bill/115th-congress/house-resolution/311</url>
          </link>
        </links>
        <committee />
        <actionTime>15:26:07</actionTime>
        <sourceSystem>
          <code>2</code>
          <name>House floor actions</name>
        </sourceSystem>
        <actionDate>2017-09-25</actionDate>
        <actionCode>H8D000</actionCode>
      </item>
      <item>
        <type>Floor</type>
        <text>Considered under suspension of the rules. (consideration: CR H7444-7446)</text>
        <links>
          <link>
            <name>H7444-7446</name>
            <url>https://www.congress.gov/congressional-record/volume-163/house-section/page/H7444-7446</url>
          </link>
        </links>
        <committee />
        <actionTime>15:26:04</actionTime>
        <sourceSystem>
          <code>2</code>
          <name>House floor actions</name>
        </sourceSystem>
        <actionDate>2017-09-25</actionDate>
        <actionCode>H30000</actionCode>
      </item>
      <item>
        <type>Floor</type>
        <text>Mr. Royce (CA) moved to suspend the rules and agree to the resolution, as amended.</text>
        <links />
        <committee />
        <actionTime>15:25:53</actionTime>
        <sourceSystem>
          <code>2</code>
          <name>House floor actions</name>
        </sourceSystem>
        <actionDate>2017-09-25</actionDate>
        <actionCode>H30300</actionCode>
      </item>
      <item>
        <actionDate>2017-07-27</actionDate>
        <committee>
          <systemCode>hsfa00</systemCode>
          <name>Foreign Affairs Committee</name>
        </committee>
        <links />
        <sourceSystem>
          <code>1</code>
          <name>House committee actions</name>
        </sourceSystem>
        <text>Ordered to be Reported in the Nature of a Substitute (Amended) by Voice Vote.</text>
        <type>Committee</type>
      </item>
      <item>
        <actionDate>2017-07-27</actionDate>
        <committee>
          <systemCode>hsfa00</systemCode>
          <name>Foreign Affairs Committee</name>
        </committee>
        <links />
        <sourceSystem>
          <code>1</code>
          <name>House committee actions</name>
        </sourceSystem>
        <text>Committee Consideration and Mark-up Session Held.</text>
        <type>Committee</type>
      </item>
      <item>
        <actionDate>2017-06-15</actionDate>
        <committee>
          <systemCode>hsfa05</systemCode>
          <name>Asia and the Pacific Subcommittee</name>
        </committee>
        <links />
        <sourceSystem>
          <code>1</code>
          <name>House committee actions</name>
        </sourceSystem>
        <text>Forwarded by Subcommittee to Full Committee (Amended) by Voice Vote .</text>
        <type>Committee</type>
      </item>
      <item>
        <actionDate>2017-06-15</actionDate>
        <committee>
          <systemCode>hsfa05</systemCode>
          <name>Asia and the Pacific Subcommittee</name>
        </committee>
        <links />
        <sourceSystem>
          <code>1</code>
          <name>House committee actions</name>
        </sourceSystem>
        <text>Subcommittee Consideration and Mark-up Session Held.</text>
        <type>Committee</type>
      </item>
      <item>
        <actionDate>2017-05-18</actionDate>
        <committee>
          <systemCode>hsfa05</systemCode>
          <name>Asia and the Pacific Subcommittee</name>
        </committee>
        <links />
        <sourceSystem>
          <code>1</code>
          <name>House committee actions</name>
        </sourceSystem>
        <text>Referred to the Subcommittee on Asia and the Pacific.</text>
        <type>Committee</type>
      </item>
      <item>
        <type>IntroReferral</type>
        <text>Referred to the House Committee on Foreign Affairs.</text>
        <links />
        <committee>
          <systemCode>hsfa00</systemCode>
          <name>Foreign Affairs Committee</name>
        </committee>
        <sourceSystem>
          <code>2</code>
          <name>House floor actions</name>
        </sourceSystem>
        <actionDate>2017-05-03</actionDate>
        <actionCode>H11100</actionCode>
      </item>
      <item>
        <type>IntroReferral</type>
        <text>Introduced in House</text>
        <links />
        <committee />
        <sourceSystem>
          <code>9</code>
          <name>Library of Congress</name>
        </sourceSystem>
        <actionDate>2017-05-03</actionDate>
        <actionCode>Intro-H</actionCode>
      </item>
      <item>
        <type>IntroReferral</type>
        <text>Introduced in House</text>
        <links />
        <committee />
        <sourceSystem>
          <code>9</code>
          <name>Library of Congress</name>
        </sourceSystem>
        <actionDate>2017-05-03</actionDate>
        <actionCode>1000</actionCode>
      </item>
      <actionByCounts>
        <houseOfRepresentatives>17</houseOfRepresentatives>
      </actionByCounts>
    </actions>
    <notes />
    <originChamber>House</originChamber>
    <congress>115</congress>
    <subjects>
      <billSubjects>
        <policyArea>
          <name>International Affairs</name>
        </policyArea>
        <legislativeSubjects>
          <item>
            <name>Asia</name>
          </item>
          <item>
            <name>Brunei</name>
          </item>
          <item>
            <name>Burma</name>
          </item>
          <item>
            <name>Cambodia</name>
          </item>
          <item>
            <name>China</name>
          </item>
          <item>
            <name>Detention of persons</name>
          </item>
          <item>
            <name>Diplomacy, foreign officials, Americans abroad</name>
          </item>
          <item>
            <name>Economic development</name>
          </item>
          <item>
            <name>Foreign aid and international relief</name>
          </item>
          <item>
            <name>Human rights</name>
          </item>
          <item>
            <name>Human trafficking</name>
          </item>
          <item>
            <name>Indonesia</name>
          </item>
          <item>
            <name>International exchange and broadcasting</name>
          </item>
          <item>
            <name>International law and treaties</name>
          </item>
          <item>
            <name>International organizations and cooperation</name>
          </item>
          <item>
            <name>Laos</name>
          </item>
          <item>
            <name>Malaysia</name>
          </item>
          <item>
            <name>Marine and coastal resources, fisheries</name>
          </item>
          <item>
            <name>Pacific Ocean</name>
          </item>
          <item>
            <name>Philippines</name>
          </item>
          <item>
            <name>Refugees, asylum, displaced persons</name>
          </item>
          <item>
            <name>Singapore</name>
          </item>
          <item>
            <name>Smuggling and trafficking</name>
          </item>
          <item>
            <name>Sovereignty, recognition, national governance and status</name>
          </item>
          <item>
            <name>Thailand</name>
          </item>
          <item>
            <name>Transportation safety and security</name>
          </item>
          <item>
            <name>United Nations</name>
          </item>
          <item>
            <name>Vietnam</name>
          </item>
        </legislativeSubjects>
      </billSubjects>
    </subjects>
    <billNumber>311</billNumber>
    <cosponsors>
      <item>
        <identifiers>
          <lisID>2137</lisID>
          <bioguideId>W000812</bioguideId>
          <gpoId />
        </identifiers>
        <sponsorshipDate>2017-05-03</sponsorshipDate>
        <district>2</district>
        <middleName />
        <sponsorshipWithdrawnDate />
        <fullName>Rep. Wagner, Ann [R-MO-2]</fullName>
        <party>R</party>
        <firstName>Ann</firstName>
        <isOriginalCosponsor>True</isOriginalCosponsor>
        <lastName>Wagner</lastName>
        <state>MO</state>
        <bioguideId>W000812</bioguideId>
      </item>
      <item>
        <identifiers>
          <bioguideId>L000582</bioguideId>
          <gpoId />
          <lisID>2230</lisID>
        </identifiers>
        <sponsorshipDate>2017-05-18</sponsorshipDate>
        <district>33</district>
        <middleName />
        <sponsorshipWithdrawnDate />
        <fullName>Rep. Lieu, Ted [D-CA-33]</fullName>
        <party>D</party>
        <firstName>Ted</firstName>
        <isOriginalCosponsor>False</isOriginalCosponsor>
        <lastName>Lieu</lastName>
        <state>CA</state>
        <bioguideId>L000582</bioguideId>
      </item>
      <item>
        <identifiers>
          <bioguideId>M001143</bioguideId>
          <gpoId>8004</gpoId>
          <lisID>1653</lisID>
        </identifiers>
        <sponsorshipDate>2017-05-18</sponsorshipDate>
        <district>4</district>
        <middleName />
        <sponsorshipWithdrawnDate />
        <fullName>Rep. McCollum, Betty [D-MN-4]</fullName>
        <party>D</party>
        <firstName>BETTY</firstName>
        <isOriginalCosponsor>False</isOriginalCosponsor>
        <lastName>MCCOLLUM</lastName>
        <state>MN</state>
        <bioguideId>M001143</bioguideId>
      </item>
      <item>
        <identifiers>
          <lisID>2102</lisID>
          <bioguideId>B001287</bioguideId>
          <gpoId />
        </identifiers>
        <sponsorshipDate>2017-05-18</sponsorshipDate>
        <district>7</district>
        <middleName />
        <sponsorshipWithdrawnDate />
        <fullName>Rep. Bera, Ami [D-CA-7]</fullName>
        <party>D</party>
        <firstName>Ami</firstName>
        <isOriginalCosponsor>False</isOriginalCosponsor>
        <lastName>Bera</lastName>
        <state>CA</state>
        <bioguideId>B001287</bioguideId>
      </item>
      <item>
        <identifiers>
          <lisID>2318</lisID>
          <bioguideId>M001202</bioguideId>
          <gpoId />
        </identifiers>
        <sponsorshipDate>2017-05-18</sponsorshipDate>
        <district>7</district>
        <middleName>N.</middleName>
        <sponsorshipWithdrawnDate />
        <fullName>Rep. Murphy, Stephanie N. [D-FL-7]</fullName>
        <party>D</party>
        <firstName>Stephanie</firstName>
        <isOriginalCosponsor>False</isOriginalCosponsor>
        <lastName>Murphy</lastName>
        <state>FL</state>
        <bioguideId>M001202</bioguideId>
      </item>
      <item>
        <identifiers>
          <gpoId>8174</gpoId>
          <lisID>588</lisID>
          <bioguideId>J000032</bioguideId>
        </identifiers>
        <sponsorshipDate>2017-05-18</sponsorshipDate>
        <district>18</district>
        <middleName />
        <sponsorshipWithdrawnDate />
        <fullName>Rep. Jackson Lee, Sheila [D-TX-18]</fullName>
        <party>D</party>
        <firstName>SHEILA</firstName>
        <isOriginalCosponsor>False</isOriginalCosponsor>
        <lastName>JACKSON LEE</lastName>
        <state>TX</state>
        <bioguideId>J000032</bioguideId>
      </item>
      <item>
        <identifiers>
          <gpoId>8067</gpoId>
          <bioguideId>M001137</bioguideId>
          <lisID>1506</lisID>
        </identifiers>
        <sponsorshipDate>2017-05-18</sponsorshipDate>
        <district>5</district>
        <middleName>W.</middleName>
        <sponsorshipWithdrawnDate />
        <fullName>Rep. Meeks, Gregory W. [D-NY-5]</fullName>
        <party>D</party>
        <firstName>GREGORY</firstName>
        <isOriginalCosponsor>False</isOriginalCosponsor>
        <lastName>MEEKS</lastName>
        <state>NY</state>
        <bioguideId>M001137</bioguideId>
      </item>
      <item>
        <identifiers>
          <bioguideId>C001038</bioguideId>
          <lisID>1604</lisID>
          <gpoId>8068</gpoId>
        </identifiers>
        <sponsorshipDate>2017-05-18</sponsorshipDate>
        <district>14</district>
        <middleName />
        <sponsorshipWithdrawnDate />
        <fullName>Rep. Crowley, Joseph [D-NY-14]</fullName>
        <party>D</party>
        <firstName>JOSEPH</firstName>
        <isOriginalCosponsor>False</isOriginalCosponsor>
        <lastName>CROWLEY</lastName>
        <state>NY</state>
        <bioguideId>C001038</bioguideId>
      </item>
      <item>
        <identifiers>
          <bioguideId>C001078</bioguideId>
          <lisID>1959</lisID>
          <gpoId>8202</gpoId>
        </identifiers>
        <sponsorshipDate>2017-05-18</sponsorshipDate>
        <district>11</district>
        <middleName>E.</middleName>
        <sponsorshipWithdrawnDate />
        <fullName>Rep. Connolly, Gerald E. [D-VA-11]</fullName>
        <party>D</party>
        <firstName>Gerald</firstName>
        <isOriginalCosponsor>False</isOriginalCosponsor>
        <lastName>Connolly</lastName>
        <state>VA</state>
        <bioguideId>C001078</bioguideId>
      </item>
      <item>
        <identifiers>
          <gpoId>7790</gpoId>
          <lisID>1987</lisID>
          <bioguideId>B001274</bioguideId>
        </identifiers>
        <sponsorshipDate>2017-05-19</sponsorshipDate>
        <district>5</district>
        <middleName />
        <sponsorshipWithdrawnDate />
        <fullName>Rep. Brooks, Mo [R-AL-5]</fullName>
        <party>R</party>
        <firstName>Mo</firstName>
        <isOriginalCosponsor>False</isOriginalCosponsor>
        <lastName>Brooks</lastName>
        <state>AL</state>
        <bioguideId>B001274</bioguideId>
      </item>
      <item>
        <identifiers>
          <bioguideId>P000592</bioguideId>
          <lisID>1802</lisID>
          <gpoId>8158</gpoId>
        </identifiers>
        <sponsorshipDate>2017-05-19</sponsorshipDate>
        <district>2</district>
        <middleName />
        <sponsorshipWithdrawnDate />
        <fullName>Rep. Poe, Ted [R-TX-2]</fullName>
        <party>R</party>
        <firstName>Ted</firstName>
        <isOriginalCosponsor>False</isOriginalCosponsor>
        <lastName>Poe</lastName>
        <state>TX</state>
        <bioguideId>P000592</bioguideId>
      </item>
      <item>
        <identifiers>
          <lisID>1071</lisID>
          <gpoId>8046</gpoId>
          <bioguideId>S000522</bioguideId>
        </identifiers>
        <sponsorshipDate>2017-05-19</sponsorshipDate>
        <district>4</district>
        <middleName>H.</middleName>
        <sponsorshipWithdrawnDate />
        <fullName>Rep. Smith, Christopher H. [R-NJ-4]</fullName>
        <party>R</party>
        <firstName>CHRISTOPHER</firstName>
        <isOriginalCosponsor>False</isOriginalCosponsor>
        <lastName>SMITH</lastName>
        <state>NJ</state>
        <bioguideId>S000522</bioguideId>
      </item>
      <item>
        <identifiers>
          <bioguideId>F000449</bioguideId>
          <gpoId>8038</gpoId>
          <lisID>1793</lisID>
        </identifiers>
        <sponsorshipDate>2017-05-19</sponsorshipDate>
        <district>1</district>
        <middleName />
        <sponsorshipWithdrawnDate />
        <fullName>Rep. Fortenberry, Jeff [R-NE-1]</fullName>
        <party>R</party>
        <firstName>Jeff</firstName>
        <isOriginalCosponsor>False</isOriginalCosponsor>
        <lastName>Fortenberry</lastName>
        <state>NE</state>
        <bioguideId>F000449</bioguideId>
      </item>
      <item>
        <identifiers>
          <lisID>1041</lisID>
          <gpoId>8218</gpoId>
          <bioguideId>S000244</bioguideId>
        </identifiers>
        <sponsorshipDate>2017-05-30</sponsorshipDate>
        <district>5</district>
        <middleName>JAMES</middleName>
        <sponsorshipWithdrawnDate />
        <fullName>Rep. Sensenbrenner, F. James, Jr. [R-WI-5]</fullName>
        <party>R</party>
        <firstName>F.</firstName>
        <isOriginalCosponsor>False</isOriginalCosponsor>
        <lastName>SENSENBRENNER</lastName>
        <state>WI</state>
        <bioguideId>S000244</bioguideId>
      </item>
      <item>
        <identifiers>
          <gpoId />
          <lisID>2342</lisID>
          <bioguideId>E000297</bioguideId>
        </identifiers>
        <sponsorshipDate>2017-05-30</sponsorshipDate>
        <district>13</district>
        <middleName />
        <sponsorshipWithdrawnDate />
        <fullName>Rep. Espaillat, Adriano [D-NY-13]</fullName>
        <party>D</party>
        <firstName>Adriano</firstName>
        <isOriginalCosponsor>False</isOriginalCosponsor>
        <lastName>Espaillat</lastName>
        <state>NY</state>
        <bioguideId>E000297</bioguideId>
      </item>
      <item>
        <identifiers>
          <bioguideId>H001050</bioguideId>
          <lisID>2010</lisID>
          <gpoId>7912</gpoId>
        </identifiers>
        <sponsorshipDate>2017-06-07</sponsorshipDate>
        <district>1</district>
        <middleName />
        <sponsorshipWithdrawnDate />
        <fullName>Rep. Hanabusa, Colleen [D-HI-1]</fullName>
        <party>D</party>
        <firstName>Colleen</firstName>
        <isOriginalCosponsor>False</isOriginalCosponsor>
        <lastName>Hanabusa</lastName>
        <state>HI</state>
        <bioguideId>H001050</bioguideId>
      </item>
      <item>
        <identifiers>
          <lisID>1723</lisID>
          <gpoId>7911</gpoId>
          <bioguideId>B001245</bioguideId>
        </identifiers>
        <sponsorshipDate>2017-06-07</sponsorshipDate>
        <district>0</district>
        <middleName>Z.</middleName>
        <sponsorshipWithdrawnDate />
        <fullName>Rep. Bordallo, Madeleine Z. [D-GU-At Large]</fullName>
        <party>D</party>
        <firstName>Madeleine</firstName>
        <isOriginalCosponsor>False</isOriginalCosponsor>
        <lastName>Bordallo</lastName>
        <state>GU</state>
        <bioguideId>B001245</bioguideId>
      </item>
      <item>
        <identifiers>
          <bioguideId>L000579</bioguideId>
          <gpoId />
          <lisID>2111</lisID>
        </identifiers>
        <sponsorshipDate>2017-06-07</sponsorshipDate>
        <district>47</district>
        <middleName>S.</middleName>
        <sponsorshipWithdrawnDate />
        <fullName>Rep. Lowenthal, Alan S. [D-CA-47]</fullName>
        <party>D</party>
        <firstName>Alan</firstName>
        <isOriginalCosponsor>False</isOriginalCosponsor>
        <lastName>Lowenthal</lastName>
        <state>CA</state>
        <bioguideId>L000579</bioguideId>
      </item>
      <item>
        <identifiers>
          <lisID>2122</lisID>
          <bioguideId>G000571</bioguideId>
          <gpoId />
        </identifiers>
        <sponsorshipDate>2017-06-07</sponsorshipDate>
        <district>2</district>
        <middleName />
        <sponsorshipWithdrawnDate />
        <fullName>Rep. Gabbard, Tulsi [D-HI-2]</fullName>
        <party>D</party>
        <firstName>Tulsi</firstName>
        <isOriginalCosponsor>False</isOriginalCosponsor>
        <lastName>Gabbard</lastName>
        <state>HI</state>
        <bioguideId>G000571</bioguideId>
      </item>
      <item>
        <identifiers>
          <bioguideId>S001200</bioguideId>
          <gpoId />
          <lisID>2319</lisID>
        </identifiers>
        <sponsorshipDate>2017-06-07</sponsorshipDate>
        <district>9</district>
        <middleName />
        <sponsorshipWithdrawnDate />
        <fullName>Rep. Soto, Darren [D-FL-9]</fullName>
        <party>D</party>
        <firstName>Darren</firstName>
        <isOriginalCosponsor>False</isOriginalCosponsor>
        <lastName>Soto</lastName>
        <state>FL</state>
        <bioguideId>S001200</bioguideId>
      </item>
      <item>
        <identifiers>
          <gpoId>7864</gpoId>
          <lisID>1912</lisID>
          <bioguideId>C001077</bioguideId>
        </identifiers>
        <sponsorshipDate>2017-06-07</sponsorshipDate>
        <district>6</district>
        <middleName />
        <sponsorshipWithdrawnDate />
        <fullName>Rep. Coffman, Mike [R-CO-6]</fullName>
        <party>R</party>
        <firstName>Mike</firstName>
        <isOriginalCosponsor>False</isOriginalCosponsor>
        <lastName>Coffman</lastName>
        <state>CO</state>
        <bioguideId>C001077</bioguideId>
      </item>
      <item>
        <identifiers>
          <bioguideId>B001289</bioguideId>
          <lisID>2197</lisID>
          <gpoId />
        </identifiers>
        <sponsorshipDate>2017-06-07</sponsorshipDate>
        <district>1</district>
        <middleName />
        <sponsorshipWithdrawnDate />
        <fullName>Rep. Byrne, Bradley [R-AL-1]</fullName>
        <party>R</party>
        <firstName>Bradley</firstName>
        <isOriginalCosponsor>False</isOriginalCosponsor>
        <lastName>Byrne</lastName>
        <state>AL</state>
        <bioguideId>B001289</bioguideId>
      </item>
      <item>
        <identifiers>
          <gpoId>7832</gpoId>
          <lisID>1526</lisID>
          <bioguideId>S000344</bioguideId>
        </identifiers>
        <sponsorshipDate>2017-06-15</sponsorshipDate>
        <district>30</district>
        <middleName />
        <sponsorshipWithdrawnDate />
        <fullName>Rep. Sherman, Brad [D-CA-30]</fullName>
        <party>D</party>
        <firstName>BRAD</firstName>
        <isOriginalCosponsor>False</isOriginalCosponsor>
        <lastName>SHERMAN</lastName>
        <state>CA</state>
        <bioguideId>S000344</bioguideId>
      </item>
      <item>
        <identifiers>
          <bioguideId>H001064</bioguideId>
          <lisID>2170</lisID>
          <gpoId />
        </identifiers>
        <sponsorshipDate>2017-06-15</sponsorshipDate>
        <district>10</district>
        <middleName />
        <sponsorshipWithdrawnDate />
        <fullName>Rep. Heck, Denny [D-WA-10]</fullName>
        <party>D</party>
        <firstName>Denny</firstName>
        <isOriginalCosponsor>False</isOriginalCosponsor>
        <lastName>Heck</lastName>
        <state>WA</state>
        <bioguideId>H001064</bioguideId>
      </item>
      <item>
        <identifiers>
          <lisID>2235</lisID>
          <gpoId />
          <bioguideId>C001107</bioguideId>
        </identifiers>
        <sponsorshipDate>2017-07-24</sponsorshipDate>
        <district>26</district>
        <middleName />
        <sponsorshipWithdrawnDate />
        <fullName>Rep. Curbelo, Carlos [R-FL-26]</fullName>
        <party>R</party>
        <firstName>Carlos</firstName>
        <isOriginalCosponsor>False</isOriginalCosponsor>
        <lastName>Curbelo</lastName>
        <state>FL</state>
        <bioguideId>C001107</bioguideId>
      </item>
      <item>
        <identifiers>
          <bioguideId>E000179</bioguideId>
          <gpoId>8078</gpoId>
          <lisID>344</lisID>
        </identifiers>
        <sponsorshipDate>2017-07-25</sponsorshipDate>
        <district>16</district>
        <middleName>L.</middleName>
        <sponsorshipWithdrawnDate />
        <fullName>Rep. Engel, Eliot L. [D-NY-16]</fullName>
        <party>D</party>
        <firstName>ELIOT</firstName>
        <isOriginalCosponsor>False</isOriginalCosponsor>
        <lastName>ENGEL</lastName>
        <state>NY</state>
        <bioguideId>E000179</bioguideId>
      </item>
      <item>
        <identifiers>
          <lisID>2293</lisID>
          <bioguideId>D000625</bioguideId>
          <gpoId />
        </identifiers>
        <sponsorshipDate>2017-07-27</sponsorshipDate>
        <district>11</district>
        <middleName>M.</middleName>
        <sponsorshipWithdrawnDate />
        <fullName>Rep. Donovan, Daniel M., Jr. [R-NY-11]</fullName>
        <party>R</party>
        <firstName>Daniel</firstName>
        <isOriginalCosponsor>False</isOriginalCosponsor>
        <lastName>Donovan</lastName>
        <state>NY</state>
        <bioguideId>D000625</bioguideId>
      </item>
      <item>
        <identifiers>
          <lisID>1688</lisID>
          <bioguideId>W000795</bioguideId>
          <gpoId>8142</gpoId>
        </identifiers>
        <sponsorshipDate>2017-07-27</sponsorshipDate>
        <district>2</district>
        <middleName />
        <sponsorshipWithdrawnDate />
        <fullName>Rep. Wilson, Joe [R-SC-2]</fullName>
        <party>R</party>
        <firstName>Joe</firstName>
        <isOriginalCosponsor>False</isOriginalCosponsor>
        <lastName>Wilson</lastName>
        <state>SC</state>
        <bioguideId>W000795</bioguideId>
      </item>
    </cosponsors>
    <summaries>
      <billSummaries>
        <item>
          <text><![CDATA[<p>Welcomes the leaders of the Association of South East Asian Nations (ASEAN) to the United States for the meetings with the Secretary of State and members of Congress and affirms the meeting as the first of regular U.S.-ASEAN meetings.</p> <p>Supports: (1) the elevation of the U.S.-ASEAN relationship to a strategic partnership; and (2) efforts by U.S. partners and allies in ASEAN to enhance maritime capability and maritime domain awareness, protect unhindered access to and use of international waterways in the Asia-Pacific region, counter piracy, disrupt illicit maritime trafficking activities, and enhance the maritime capabilities of countries or regional organizations to respond to emerging threats to maritime security in the Asia-Pacific region.</p> <p>Recommits the United States to ASEAN centrality and to helping to build a politically cohesive, economically integrated, and socially responsible ASEAN community.</p> <p>Reaffirms: (1) the enhancement of U.S.-ASEAN economic engagement, and (2) the U.S. commitment to continue joint efforts with ASEAN to halt human smuggling and trafficking in persons. </p> <p> Encourages the President to communicate to ASEAN leaders the importance of protecting human rights, strengthening civil society, safeguarding freedom of the press, the freedom of assembly, and the free flow of information and ideas, and promoting open and transparent government.</p>]]></text>
          <versionCode>00</versionCode>
          <actionDate>2017-05-03</actionDate>
          <name>Introduced in House</name>
          <actionDesc>Introduced in House</actionDesc>
          <lastSummaryUpdateDate>2017-08-08T20:33:03Z</lastSummaryUpdateDate>
          <updateDate>2017-05-03T04:00:00Z</updateDate>
        </item>
        <item>
          <text><![CDATA[<p>Supports: (1) the elevation of the U.S.-Association of South East Asian Nations (ASEAN) relationship to a strategic partnership; (2) cooperation with ASEAN to implement practical counter-terrorism and countering violent extremism measures; and (3) efforts by ASEAN member states and other regional states to address maritime and territorial disputes in a constructive manner and to pursue claims through diplomacy and the use of legitimate regional and international arbitration mechanisms.</p> <p>Recognizes the value of ASEAN working with economic, political, and security partners to strengthen existing initiatives and develop new initiatives that address mutual strategic concerns.</p> <p>Encourages enhancement of economic engagement between the United States and ASEAN through the elimination of trade barriers.</p> <p>Urges all parties to maritime and territorial disputes in the Asia-Pacific region to: (1) exercise self-restraint in the conduct of activities that would undermine stability or escalate disputes through the use of coercion, intimidation, or military force; and (2) refrain from efforts to militarize uninhabited islands, reefs, shoals, and other features.</p> <p>Reaffirms the U.S. commitment to: (1) promoting a rules-based order in the Asia-Pacific and economic growth, peace, human rights and stability in Southeast Asia; and (2) continuing joint efforts with ASEAN to halt human trafficking.</p>]]></text>
          <versionCode>36</versionCode>
          <actionDate>2017-09-27</actionDate>
          <name>Passed House amended</name>
          <actionDesc>Passed House amended</actionDesc>
          <lastSummaryUpdateDate>2017-12-06T22:38:28Z</lastSummaryUpdateDate>
          <updateDate>2017-09-27T13:33:41Z</updateDate>
        </item>
      </billSummaries>
    </summaries>
    <policyArea>
      <name>International Affairs</name>
    </policyArea>
    <latestAction>
      <links />
      <actionDate>2017-09-27</actionDate>
      <text>Motion to reconsider laid on the table Agreed to without objection.</text>
      <actionTime>17:30:43</actionTime>
    </latestAction>
    <updateDate>2018-02-06T16:39:45Z</updateDate>
    <committees>
      <billCommittees>
        <item>
          <systemCode>hsfa00</systemCode>
          <name>Foreign Affairs Committee</name>
          <type>Standing</type>
          <activities>
            <item>
              <name>Markup by</name>
              <date>2017-07-27T13:57:09Z</date>
            </item>
            <item>
              <name>Referred to</name>
              <date>2017-05-03T14:02:35Z</date>
            </item>
          </activities>
          <chamber>House</chamber>
          <subcommittees>
            <item>
              <activities>
                <item>
                  <name>Reported by</name>
                  <date>2017-06-15T20:10:07Z</date>
                </item>
                <item>
                  <name>Markup by</name>
                  <date>2017-06-15T20:08:54Z</date>
                </item>
                <item>
                  <name>Referred to</name>
                  <date>2017-05-18T15:30:06Z</date>
                </item>
              </activities>
              <systemCode>hsfa05</systemCode>
              <name>Asia and the Pacific Subcommittee</name>
            </item>
          </subcommittees>
        </item>
      </billCommittees>
    </committees>
    <createDate>2017-05-04T03:11:43Z</createDate>
    <title>Reaffirming the 40 years of relations between the United States and the Association of Southeast Asian Nations (ASEAN), and the shared pursuit of economic growth and regional security in Southeast Asia.</title>
    <committeeReports />
    <calendarNumbers />
  </bill>
  <dublinCore xmlns:dc="http://purl.org/dc/elements/1.1/">
    <dc:format>text/xml</dc:format>
    <dc:language>EN</dc:language>
    <dc:rights>Pursuant to Title 17 Section 105 of the United States Code, this file is not subject to copyright protection and is in the public domain.</dc:rights>
    <dc:contributor>Congressional Research Service, Library of Congress</dc:contributor>
    <dc:description>This file contains bill summaries and statuses for federal legislation. A bill summary describes the most significant provisions of a piece of legislation and details the effects the legislative text may have on current law and federal programs. Bill summaries are authored by the Congressional Research Service (CRS) of the Library of Congress. As stated in Public Law 91-510 (2 USC 166 (d)(6)), one of the duties of CRS is "to prepare summaries and digests of bills and resolutions of a public general nature introduced in the Senate or House of Representatives". For more information, refer to the User Guide that accompanies this file.</dc:description>
  </dublinCore>
</billStatus>

