<?xml version="1.0" encoding="UTF-8"?>
<billStatus>
  <bill>
    <createDate>2017-07-28T03:11:32Z</createDate>
    <congress>115</congress>
    <calendarNumbers>
      <item>
        <calendar>H00071</calendar>
        <number />
      </item>
    </calendarNumbers>
    <amendments />
    <recordedVotes>
      <recordedVote>
        <rollNumber>436</rollNumber>
        <sessionNumber>1</sessionNumber>
        <fullActionName>Passage of a Measure</fullActionName>
        <date>2017-07-28T14:28:30Z</date>
        <congress>115</congress>
        <chamber>House</chamber>
        <url>http://clerk.house.gov/evs/2017/roll436.xml</url>
      </recordedVote>
    </recordedVotes>
    <cboCostEstimates />
    <updateDate>2018-02-22T15:26:53Z</updateDate>
    <laws />
    <billNumber>481</billNumber>
    <summaries>
      <billSummaries>
        <item>
          <actionDesc>Introduced in House</actionDesc>
          <versionCode>00</versionCode>
          <text><![CDATA[Sets forth the rule for consideration of the bill (H.R. 3180) to authorize appropriations for fiscal year 2018 for intelligence and intelligence-related activities of the United States Government, the Community Management Account, and the Central Intelligence Agency Retirement and Disability System, and for other purposes; waiving a requirement of clause 6(a) of rule XIII with respect to consideration of certain resolutions reported from the Committee on Rules; and providing for proceedings during the period from July 31, 2017, through September 4, 2017.]]></text>
          <actionDate>2017-07-27</actionDate>
          <name>Introduced in House</name>
          <lastSummaryUpdateDate>2017-07-28T08:06:27Z</lastSummaryUpdateDate>
          <updateDate>2017-07-27T04:00:00Z</updateDate>
        </item>
      </billSummaries>
    </summaries>
    <constitutionalAuthorityStatementText />
    <notes />
    <sponsors>
      <item>
        <firstName>Liz</firstName>
        <state>WY</state>
        <lastName>Cheney</lastName>
        <party>R</party>
        <district>0</district>
        <fullName>Rep. Cheney, Liz [R-WY-At Large]</fullName>
        <middleName />
        <bioguideId>C001109</bioguideId>
        <byRequestType />
        <identifiers>
          <gpoId />
          <bioguideId>C001109</bioguideId>
          <lisID>2356</lisID>
        </identifiers>
      </item>
    </sponsors>
    <titles>
      <item>
        <title>Providing for consideration of the bill (H.R. 3180) to authorize appropriations for fiscal year 2018 for intelligence and intelligence-related activities of the United States Government, the Community Management Account, and the Central Intelligence Agency Retirement and Disability System, and for other purposes; waiving a requirement of clause 6(a) of rule XIII with respect to consideration of certain resolutions reported from the Committee on Rules; and providing for proceedings during the period from July 31, 2017, through September 4, 2017.</title>
        <titleType>Official Title as Introduced</titleType>
        <chamberCode />
        <parentTitleType />
        <chamberName />
      </item>
      <item>
        <title>Providing for consideration of the bill (H.R. 3180) to authorize appropriations for fiscal year 2018 for intelligence and intelligence-related activities of the United States Government, the Community Management Account, and the Central Intelligence Agency Retirement and Disability System, and for other purposes; waiving a requirement of clause 6(a) of rule XIII with respect to consideration of certain resolutions reported from the Committee on Rules; and providing for proceedings during the period from July 31, 2017, through September 4, 2017.</title>
        <titleType>Display Title</titleType>
        <chamberCode />
        <parentTitleType />
        <chamberName />
      </item>
    </titles>
    <committees>
      <billCommittees>
        <item>
          <subcommittees />
          <type>Standing</type>
          <name>Rules Committee</name>
          <activities>
            <item>
              <name>Reported original measure</name>
              <date>2017-07-27T22:41:29Z</date>
            </item>
          </activities>
          <chamber>House</chamber>
          <systemCode>hsru00</systemCode>
        </item>
      </billCommittees>
    </committees>
    <billType>HRES</billType>
    <actions>
      <actionByCounts>
        <houseOfRepresentatives>11</houseOfRepresentatives>
      </actionByCounts>
      <actionTypeCounts>
        <introducedInHouse>1</introducedInHouse>
        <houseCalendarAssignment>1</houseCalendarAssignment>
        <motionForPreviousQuestion>1</motionForPreviousQuestion>
        <considerationByHouse>1</considerationByHouse>
        <motionToReconsiderResults>1</motionToReconsiderResults>
        <reportedToHouse>1</reportedToHouse>
        <passageOfAMeasure>1</passageOfAMeasure>
        <passedAgreedToInHouse>1</passedAgreedToInHouse>
        <generalDebate>1</generalDebate>
        <provisionsOfARule>1</provisionsOfARule>
        <committeeReportOfAnOriginalMeasure>1</committeeReportOfAnOriginalMeasure>
      </actionTypeCounts>
      <item>
        <committee />
        <links />
        <sourceSystem>
          <code>2</code>
          <name>House floor actions</name>
        </sourceSystem>
        <text>Motion to reconsider laid on the table Agreed to without objection.</text>
        <actionCode>H38310</actionCode>
        <actionDate>2017-07-28</actionDate>
        <actionTime>10:28:32</actionTime>
        <type>Floor</type>
      </item>
      <item>
        <committee />
        <links>
          <link>
            <url>https://www.congress.gov/congressional-record/volume-163/house-section/page/H6528</url>
            <name>H6528</name>
          </link>
          <link>
            <url>http://clerk.house.gov/evs/2017/roll436.xml</url>
            <name>Roll no. 436</name>
          </link>
        </links>
        <sourceSystem>
          <code>2</code>
          <name>House floor actions</name>
        </sourceSystem>
        <text>On agreeing to the resolution Agreed to by the Yeas and Nays: 224 - 186 (Roll no. 436). (text: CR H6528)</text>
        <actionCode>H37100</actionCode>
        <actionDate>2017-07-28</actionDate>
        <actionTime>10:28:30</actionTime>
        <type>Floor</type>
      </item>
      <item>
        <committee />
        <links>
          <link>
            <url>http://clerk.house.gov/evs/2017/roll436.xml</url>
            <name>Roll no. 436</name>
          </link>
        </links>
        <sourceSystem>
          <code>9</code>
          <name>Library of Congress</name>
        </sourceSystem>
        <text>Passed/agreed to in House: On agreeing to the resolution Agreed to by the Yeas and Nays: 224 - 186 (Roll no. 436).</text>
        <actionCode>8000</actionCode>
        <actionDate>2017-07-28</actionDate>
        <actionTime>10:28:30</actionTime>
        <type>Floor</type>
      </item>
      <item>
        <committee />
        <links />
        <sourceSystem>
          <code>2</code>
          <name>House floor actions</name>
        </sourceSystem>
        <text>The previous question was ordered without objection.</text>
        <actionCode>H35000</actionCode>
        <actionDate>2017-07-28</actionDate>
        <actionTime>10:03:18</actionTime>
        <type>Floor</type>
      </item>
      <item>
        <committee />
        <links>
          <link>
            <url>https://www.congress.gov/bill/115th-congress/house-resolution/481</url>
            <name>H. Res. 481</name>
          </link>
        </links>
        <sourceSystem>
          <code>2</code>
          <name>House floor actions</name>
        </sourceSystem>
        <text>DEBATE - The House proceeded with one hour of debate on H. Res. 481.</text>
        <actionCode>H8D000</actionCode>
        <actionDate>2017-07-28</actionDate>
        <actionTime>09:38:51</actionTime>
        <type>Floor</type>
      </item>
      <item>
        <committee />
        <links>
          <link>
            <url>https://www.congress.gov/congressional-record/volume-163/house-section/page/H6528-6531</url>
            <name>H6528-6531</name>
          </link>
        </links>
        <sourceSystem>
          <code>2</code>
          <name>House floor actions</name>
        </sourceSystem>
        <text>Considered as privileged matter. (consideration: CR H6528-6531)</text>
        <actionCode>H30000</actionCode>
        <actionDate>2017-07-28</actionDate>
        <actionTime>09:35:54</actionTime>
        <type>Floor</type>
      </item>
      <item>
        <committee />
        <links />
        <sourceSystem>
          <code>2</code>
          <name>House floor actions</name>
        </sourceSystem>
        <text>Placed on the House Calendar, Calendar No. 71.</text>
        <actionCode>H12420</actionCode>
        <actionDate>2017-07-27</actionDate>
        <type>Calendars</type>
      </item>
      <item>
        <committee />
        <links />
        <sourceSystem>
          <code>2</code>
          <name>House floor actions</name>
        </sourceSystem>
        <text>The resolution provides for a closed rule. The resolution provides for an amendment in the nature of a substitute recommended by the Permanent Select Committee on Intelligence now printed in the bill shall be considered as adopted, and the bill as amended, shall be considered as read.</text>
        <actionCode>H12700</actionCode>
        <actionDate>2017-07-27</actionDate>
        <actionTime>18:41:30</actionTime>
        <type>Floor</type>
      </item>
      <item>
        <committee>
          <systemCode>hsru00</systemCode>
          <name>Rules Committee</name>
        </committee>
        <links>
          <link>
            <url>https://www.congress.gov/congressional-report/115th-congress/house-report/263</url>
            <name>H. Rept. 115-263</name>
          </link>
        </links>
        <sourceSystem>
          <code>2</code>
          <name>House floor actions</name>
        </sourceSystem>
        <text>The House Committee on Rules reported an original measure, H. Rept. 115-263, by Ms. Cheney.</text>
        <actionCode>H12100</actionCode>
        <actionDate>2017-07-27</actionDate>
        <type>Committee</type>
      </item>
      <item>
        <committee>
          <systemCode>hsru00</systemCode>
          <name>Rules Committee</name>
        </committee>
        <links>
          <link>
            <url>https://www.congress.gov/congressional-report/115th-congress/house-report/263</url>
            <name>H. Rept. 115-263</name>
          </link>
        </links>
        <sourceSystem>
          <code>9</code>
          <name>Library of Congress</name>
        </sourceSystem>
        <text>The House Committee on Rules reported an original measure, H. Rept. 115-263, by Ms. Cheney.</text>
        <actionCode>5000</actionCode>
        <actionDate>2017-07-27</actionDate>
        <type>Committee</type>
      </item>
      <item>
        <committee />
        <links />
        <sourceSystem>
          <code>9</code>
          <name>Library of Congress</name>
        </sourceSystem>
        <text>Introduced in House</text>
        <actionCode>1000</actionCode>
        <actionDate>2017-07-27</actionDate>
        <type>IntroReferral</type>
      </item>
    </actions>
    <committeeReports>
      <committeeReport>
        <citation>H. Rept. 115-263</citation>
      </committeeReport>
    </committeeReports>
    <version>1.0.0</version>
    <originChamber>House</originChamber>
    <subjects>
      <billSubjects>
        <policyArea>
          <name>Congress</name>
        </policyArea>
        <legislativeSubjects>
          <item>
            <name>House of Representatives</name>
          </item>
          <item>
            <name>Legislative rules and procedure</name>
          </item>
        </legislativeSubjects>
      </billSubjects>
    </subjects>
    <title>Providing for consideration of the bill (H.R. 3180) to authorize appropriations for fiscal year 2018 for intelligence and intelligence-related activities of the United States Government, the Community Management Account, and the Central Intelligence Agency Retirement and Disability System, and for other purposes; waiving a requirement of clause 6(a) of rule XIII with respect to consideration of certain resolutions reported from the Committee on Rules; and providing for proceedings during the period from July 31, 2017, through September 4, 2017.</title>
    <introducedDate>2017-07-27</introducedDate>
    <cosponsors />
    <latestAction>
      <actionTime>10:28:32</actionTime>
      <links />
      <text>Motion to reconsider laid on the table Agreed to without objection.</text>
      <actionDate>2017-07-28</actionDate>
    </latestAction>
    <policyArea>
      <name>Congress</name>
    </policyArea>
    <relatedBills>
      <item>
        <number>3180</number>
        <latestTitle>Intelligence Authorization Act for Fiscal Year 2018</latestTitle>
        <type>HR</type>
        <congress>115</congress>
        <relationshipDetails>
          <item>
            <identifiedBy>House</identifiedBy>
            <type>Procedurally-related</type>
          </item>
        </relationshipDetails>
        <latestAction>
          <actionDate>2017-07-31</actionDate>
          <text>Received in the Senate and Read twice and referred to the Select Committee on Intelligence.</text>
        </latestAction>
      </item>
    </relatedBills>
  </bill>
  <dublinCore xmlns:dc="http://purl.org/dc/elements/1.1/">
    <dc:format>text/xml</dc:format>
    <dc:language>EN</dc:language>
    <dc:rights>Pursuant to Title 17 Section 105 of the United States Code, this file is not subject to copyright protection and is in the public domain.</dc:rights>
    <dc:contributor>Congressional Research Service, Library of Congress</dc:contributor>
    <dc:description>This file contains bill summaries and statuses for federal legislation. A bill summary describes the most significant provisions of a piece of legislation and details the effects the legislative text may have on current law and federal programs. Bill summaries are authored by the Congressional Research Service (CRS) of the Library of Congress. As stated in Public Law 91-510 (2 USC 166 (d)(6)), one of the duties of CRS is "to prepare summaries and digests of bills and resolutions of a public general nature introduced in the Senate or House of Representatives". For more information, refer to the User Guide that accompanies this file.</dc:description>
  </dublinCore>
</billStatus>

