<?xml version="1.0" encoding="UTF-8"?>
<billStatus>
  <bill>
    <constitutionalAuthorityStatementText />
    <laws />
    <recordedVotes>
      <recordedVote>
        <fullActionName>Passage of a Measure</fullActionName>
        <rollNumber>218</rollNumber>
        <date>2017-04-05T18:06:35Z</date>
        <chamber>House</chamber>
        <url>http://clerk.house.gov/evs/2017/roll218.xml</url>
        <congress>115</congress>
        <sessionNumber>1</sessionNumber>
      </recordedVote>
      <recordedVote>
        <fullActionName>Motion for Previous Question</fullActionName>
        <rollNumber>217</rollNumber>
        <date>2017-04-05T17:59:01Z</date>
        <chamber>House</chamber>
        <url>http://clerk.house.gov/evs/2017/roll217.xml</url>
        <congress>115</congress>
        <sessionNumber>1</sessionNumber>
      </recordedVote>
    </recordedVotes>
    <billType>HRES</billType>
    <cboCostEstimates />
    <updateDate>2018-02-22T15:26:50Z</updateDate>
    <committees>
      <billCommittees>
        <item>
          <chamber>House</chamber>
          <name>Rules Committee</name>
          <activities>
            <item>
              <date>2017-04-03T23:10:01Z</date>
              <name>Reported original measure</name>
            </item>
          </activities>
          <type>Standing</type>
          <subcommittees />
          <systemCode>hsru00</systemCode>
        </item>
      </billCommittees>
    </committees>
    <summaries>
      <billSummaries>
        <item>
          <versionCode>00</versionCode>
          <actionDate>2017-04-03</actionDate>
          <lastSummaryUpdateDate>2017-04-04T08:04:07Z</lastSummaryUpdateDate>
          <updateDate>2017-04-03T04:00:00Z</updateDate>
          <actionDesc>Introduced in House</actionDesc>
          <text><![CDATA[Sets forth the rule for consideration of the bill (H.R. 1219) to amend the Investment Company Act of 1940 to expand the investor limitation for qualifying venture capital funds under an exemption from the definition of an investment company, and providing for proceedings during the period from April 7, 2017, through April 24, 2017.]]></text>
          <name>Introduced in House</name>
        </item>
      </billSummaries>
    </summaries>
    <calendarNumbers>
      <item>
        <calendar>H00034</calendar>
        <number />
      </item>
    </calendarNumbers>
    <notes />
    <originChamber>House</originChamber>
    <titles>
      <item>
        <title>Providing for consideration of the bill (H.R. 1219) to amend the Investment Company Act of 1940 to expand the investor limitation for qualifying venture capital funds under an exemption from the definition of an investment company, and providing for proceedings during the period from April 7, 2017, through April 24, 2017.</title>
        <titleType>Official Title as Introduced</titleType>
        <chamberCode />
        <parentTitleType />
        <chamberName />
      </item>
      <item>
        <title>Providing for consideration of the bill (H.R. 1219) to amend the Investment Company Act of 1940 to expand the investor limitation for qualifying venture capital funds under an exemption from the definition of an investment company, and providing for proceedings during the period from April 7, 2017, through April 24, 2017.</title>
        <titleType>Display Title</titleType>
        <chamberCode />
        <parentTitleType />
        <chamberName />
      </item>
    </titles>
    <createDate>2017-04-04T03:11:44Z</createDate>
    <version>1.0.0</version>
    <committeeReports>
      <committeeReport>
        <citation>H. Rept. 115-77</citation>
      </committeeReport>
    </committeeReports>
    <actions>
      <item>
        <text>Motion to reconsider laid on the table Agreed to without objection.</text>
        <actionCode>H38310</actionCode>
        <actionTime>14:06:36</actionTime>
        <committee />
        <actionDate>2017-04-05</actionDate>
        <type>Floor</type>
        <sourceSystem>
          <code>2</code>
          <name>House floor actions</name>
        </sourceSystem>
        <links />
      </item>
      <item>
        <text>On agreeing to the resolution Agreed to by recorded vote: 240 - 181 (Roll no. 218). (text: CR H2708)</text>
        <actionCode>H37100</actionCode>
        <actionTime>14:06:35</actionTime>
        <committee />
        <actionDate>2017-04-05</actionDate>
        <type>Floor</type>
        <sourceSystem>
          <code>2</code>
          <name>House floor actions</name>
        </sourceSystem>
        <links>
          <link>
            <name>H2708</name>
            <url>https://www.congress.gov/congressional-record/volume-163/house-section/page/H2708</url>
          </link>
          <link>
            <name>Roll no. 218</name>
            <url>http://clerk.house.gov/evs/2017/roll218.xml</url>
          </link>
        </links>
      </item>
      <item>
        <text>Passed/agreed to in House: On agreeing to the resolution Agreed to by recorded vote: 240 - 181 (Roll no. 218).(text: CR H2708)</text>
        <actionCode>8000</actionCode>
        <actionTime>14:06:35</actionTime>
        <committee />
        <actionDate>2017-04-05</actionDate>
        <type>Floor</type>
        <sourceSystem>
          <code>9</code>
          <name>Library of Congress</name>
        </sourceSystem>
        <links>
          <link>
            <name>H2708</name>
            <url>https://www.congress.gov/congressional-record/volume-163/house-section/page/H2708</url>
          </link>
          <link>
            <name>Roll no. 218</name>
            <url>http://clerk.house.gov/evs/2017/roll218.xml</url>
          </link>
        </links>
      </item>
      <item>
        <text>On ordering the previous question Agreed to by the Yeas and Nays: 231 - 182 (Roll no. 217). (consideration: CR H2720-2721)</text>
        <actionCode>H35000</actionCode>
        <actionTime>13:59:01</actionTime>
        <committee />
        <actionDate>2017-04-05</actionDate>
        <type>Floor</type>
        <sourceSystem>
          <code>2</code>
          <name>House floor actions</name>
        </sourceSystem>
        <links>
          <link>
            <name>H2720-2721</name>
            <url>https://www.congress.gov/congressional-record/volume-163/house-section/page/H2720-2721</url>
          </link>
          <link>
            <name>Roll no. 217</name>
            <url>http://clerk.house.gov/evs/2017/roll217.xml</url>
          </link>
        </links>
      </item>
      <item>
        <text>Considered as unfinished business. (consideration: CR H2720-2722)</text>
        <actionCode>H30000</actionCode>
        <actionTime>13:34:35</actionTime>
        <committee />
        <actionDate>2017-04-05</actionDate>
        <type>Floor</type>
        <sourceSystem>
          <code>2</code>
          <name>House floor actions</name>
        </sourceSystem>
        <links>
          <link>
            <name>H2720-2722</name>
            <url>https://www.congress.gov/congressional-record/volume-163/house-section/page/H2720-2722</url>
          </link>
        </links>
      </item>
      <item>
        <text>POSTPONED PROCEEDINGS - At the conclusion of debate on H.Res. 242, the Chair put the question on ordering the previous question and by voice vote announced that the ayes had prevailed. Mr. McGovern demanded the yeas and nays and the Chair postponed further proceedings on ordering the previous question until later in the legislative day.</text>
        <actionCode>H8D000</actionCode>
        <actionTime>13:18:08</actionTime>
        <committee />
        <actionDate>2017-04-05</actionDate>
        <type>Floor</type>
        <sourceSystem>
          <code>2</code>
          <name>House floor actions</name>
        </sourceSystem>
        <links>
          <link>
            <name>H.Res. 242</name>
            <url>https://www.congress.gov/bill/115th-congress/house-resolution/242</url>
          </link>
        </links>
      </item>
      <item>
        <text>DEBATE - The House proceeded with one hour of debate on H. Res. 242.</text>
        <actionCode>H8D000</actionCode>
        <actionTime>12:28:37</actionTime>
        <committee />
        <actionDate>2017-04-05</actionDate>
        <type>Floor</type>
        <sourceSystem>
          <code>2</code>
          <name>House floor actions</name>
        </sourceSystem>
        <links>
          <link>
            <name>H. Res. 242</name>
            <url>https://www.congress.gov/bill/115th-congress/house-resolution/242</url>
          </link>
        </links>
      </item>
      <item>
        <text>Considered as privileged matter. (consideration: CR H2708-2715)</text>
        <actionCode>H30000</actionCode>
        <actionTime>12:26:33</actionTime>
        <committee />
        <actionDate>2017-04-05</actionDate>
        <type>Floor</type>
        <sourceSystem>
          <code>2</code>
          <name>House floor actions</name>
        </sourceSystem>
        <links>
          <link>
            <name>H2708-2715</name>
            <url>https://www.congress.gov/congressional-record/volume-163/house-section/page/H2708-2715</url>
          </link>
        </links>
      </item>
      <item>
        <text>Placed on the House Calendar, Calendar No. 34.</text>
        <actionCode>H12420</actionCode>
        <committee />
        <actionDate>2017-04-03</actionDate>
        <type>Calendars</type>
        <sourceSystem>
          <code>2</code>
          <name>House floor actions</name>
        </sourceSystem>
        <links />
      </item>
      <item>
        <text>The resolution provides for one motion to recommit; and providing for proceedings during the period from April 7, 2017 through April 24, 2017</text>
        <actionCode>H12700</actionCode>
        <actionTime>19:10:02</actionTime>
        <committee />
        <actionDate>2017-04-03</actionDate>
        <type>Floor</type>
        <sourceSystem>
          <code>2</code>
          <name>House floor actions</name>
        </sourceSystem>
        <links />
      </item>
      <item>
        <text>The House Committee on Rules reported an original measure, H. Rept. 115-77, by Mr. Buck.</text>
        <actionCode>H12100</actionCode>
        <committee>
          <systemCode>hsru00</systemCode>
          <name>Rules Committee</name>
        </committee>
        <actionDate>2017-04-03</actionDate>
        <type>Committee</type>
        <sourceSystem>
          <code>2</code>
          <name>House floor actions</name>
        </sourceSystem>
        <links>
          <link>
            <name>H. Rept. 115-77</name>
            <url>https://www.congress.gov/congressional-report/115th-congress/house-report/77</url>
          </link>
        </links>
      </item>
      <item>
        <text>The House Committee on Rules reported an original measure, H. Rept. 115-77, by Mr. Buck.</text>
        <actionCode>5000</actionCode>
        <committee>
          <systemCode>hsru00</systemCode>
          <name>Rules Committee</name>
        </committee>
        <actionDate>2017-04-03</actionDate>
        <type>Committee</type>
        <sourceSystem>
          <code>9</code>
          <name>Library of Congress</name>
        </sourceSystem>
        <links>
          <link>
            <name>H. Rept. 115-77</name>
            <url>https://www.congress.gov/congressional-report/115th-congress/house-report/77</url>
          </link>
        </links>
      </item>
      <item>
        <text>Introduced in House</text>
        <actionCode>1000</actionCode>
        <committee />
        <actionDate>2017-04-03</actionDate>
        <type>IntroReferral</type>
        <sourceSystem>
          <code>9</code>
          <name>Library of Congress</name>
        </sourceSystem>
        <links />
      </item>
      <actionByCounts>
        <houseOfRepresentatives>13</houseOfRepresentatives>
      </actionByCounts>
      <actionTypeCounts>
        <reportedToHouse>1</reportedToHouse>
        <provisionsOfARule>1</provisionsOfARule>
        <houseCalendarAssignment>1</houseCalendarAssignment>
        <considerationByHouse>2</considerationByHouse>
        <passedAgreedToInHouse>1</passedAgreedToInHouse>
        <committeeReportOfAnOriginalMeasure>1</committeeReportOfAnOriginalMeasure>
        <motionToReconsiderResults>1</motionToReconsiderResults>
        <generalDebate>2</generalDebate>
        <introducedInHouse>1</introducedInHouse>
        <motionForPreviousQuestion>1</motionForPreviousQuestion>
        <passageOfAMeasure>1</passageOfAMeasure>
      </actionTypeCounts>
    </actions>
    <policyArea>
      <name>Congress</name>
    </policyArea>
    <latestAction>
      <actionDate>2017-04-05</actionDate>
      <links />
      <text>Motion to reconsider laid on the table Agreed to without objection.</text>
      <actionTime>14:06:36</actionTime>
    </latestAction>
    <billNumber>242</billNumber>
    <amendments />
    <cosponsors />
    <subjects>
      <billSubjects>
        <policyArea>
          <name>Congress</name>
        </policyArea>
        <legislativeSubjects>
          <item>
            <name>House of Representatives</name>
          </item>
          <item>
            <name>Legislative rules and procedure</name>
          </item>
        </legislativeSubjects>
      </billSubjects>
    </subjects>
    <congress>115</congress>
    <title>Providing for consideration of the bill (H.R. 1219) to amend the Investment Company Act of 1940 to expand the investor limitation for qualifying venture capital funds under an exemption from the definition of an investment company, and providing for proceedings during the period from April 7, 2017, through April 24, 2017.</title>
    <introducedDate>2017-04-03</introducedDate>
    <sponsors>
      <item>
        <byRequestType />
        <lastName>Buck</lastName>
        <middleName />
        <firstName>Ken</firstName>
        <fullName>Rep. Buck, Ken [R-CO-4]</fullName>
        <bioguideId>B001297</bioguideId>
        <party>R</party>
        <identifiers>
          <bioguideId>B001297</bioguideId>
          <gpoId />
          <lisID>2233</lisID>
        </identifiers>
        <state>CO</state>
        <district>4</district>
      </item>
    </sponsors>
    <relatedBills>
      <item>
        <latestTitle>Supporting America's Innovators Act of 2017</latestTitle>
        <congress>115</congress>
        <number>1219</number>
        <type>HR</type>
        <relationshipDetails>
          <item>
            <type>Procedurally-related</type>
            <identifiedBy>House</identifiedBy>
          </item>
        </relationshipDetails>
        <latestAction>
          <text>Received in the Senate and Read twice and referred to the Committee on Banking, Housing, and Urban Affairs.</text>
          <actionDate>2017-04-06</actionDate>
        </latestAction>
      </item>
    </relatedBills>
  </bill>
  <dublinCore xmlns:dc="http://purl.org/dc/elements/1.1/">
    <dc:format>text/xml</dc:format>
    <dc:language>EN</dc:language>
    <dc:rights>Pursuant to Title 17 Section 105 of the United States Code, this file is not subject to copyright protection and is in the public domain.</dc:rights>
    <dc:contributor>Congressional Research Service, Library of Congress</dc:contributor>
    <dc:description>This file contains bill summaries and statuses for federal legislation. A bill summary describes the most significant provisions of a piece of legislation and details the effects the legislative text may have on current law and federal programs. Bill summaries are authored by the Congressional Research Service (CRS) of the Library of Congress. As stated in Public Law 91-510 (2 USC 166 (d)(6)), one of the duties of CRS is "to prepare summaries and digests of bills and resolutions of a public general nature introduced in the Senate or House of Representatives". For more information, refer to the User Guide that accompanies this file.</dc:description>
  </dublinCore>
</billStatus>

