<?xml version="1.0" encoding="UTF-8"?>
<billStatus>
  <bill>
    <titles>
      <item>
        <chamberName />
        <parentTitleType />
        <chamberCode />
        <titleType>Official Title as Introduced</titleType>
        <title>Urging the Administration to develop more effective and timely responses to famine in Africa, especially efforts to end the conflicts in South Sudan, Nigeria, and other countries that cause or exacerbate famine.</title>
      </item>
      <item>
        <chamberName />
        <parentTitleType />
        <chamberCode />
        <titleType>Display Title</titleType>
        <title>Urging the Administration to develop more effective and timely responses to famine in Africa, especially efforts to end the conflicts in South Sudan, Nigeria, and other countries that cause or exacerbate famine.</title>
      </item>
    </titles>
    <committeeReports />
    <sponsors>
      <item>
        <firstName>CHRISTOPHER</firstName>
        <middleName>H.</middleName>
        <identifiers>
          <bioguideId>S000522</bioguideId>
          <lisID>1071</lisID>
          <gpoId>8046</gpoId>
        </identifiers>
        <party>R</party>
        <bioguideId>S000522</bioguideId>
        <lastName>SMITH</lastName>
        <fullName>Rep. Smith, Christopher H. [R-NJ-4]</fullName>
        <byRequestType />
        <district>4</district>
        <state>NJ</state>
      </item>
    </sponsors>
    <title>Urging the Administration to develop more effective and timely responses to famine in Africa, especially efforts to end the conflicts in South Sudan, Nigeria, and other countries that cause or exacerbate famine.</title>
    <actions>
      <actionByCounts>
        <houseOfRepresentatives>4</houseOfRepresentatives>
      </actionByCounts>
      <actionTypeCounts>
        <placeholderTextForB>1</placeholderTextForB>
        <placeholderTextForH>1</placeholderTextForH>
        <billReferrals>1</billReferrals>
        <introducedInHouse>1</introducedInHouse>
        <introducedInTheHouse>1</introducedInTheHouse>
      </actionTypeCounts>
      <item>
        <sourceSystem>
          <name>Library of Congress</name>
          <code>9</code>
        </sourceSystem>
        <actionDate>2017-07-19</actionDate>
        <text>Sponsor introductory remarks on measure. (CR E1015-1016)</text>
        <type>IntroReferral</type>
        <links>
          <link>
            <name>E1015-1016</name>
            <url>https://www.congress.gov/congressional-record/volume-163/extensions-of-remarks-section/page/E1015-1016</url>
          </link>
        </links>
        <committee />
        <actionCode>B00100</actionCode>
      </item>
      <item>
        <actionDate>2017-07-06</actionDate>
        <committee>
          <systemCode>hsfa16</systemCode>
          <name>Africa, Global Health, Global Human Rights and International Organizations Subcommittee</name>
        </committee>
        <links />
        <sourceSystem>
          <name>House committee actions</name>
          <code>1</code>
        </sourceSystem>
        <text>Referred to the Subcommittee on Africa, Global Health, Global Human Rights and International Organizations.</text>
        <type>Committee</type>
      </item>
      <item>
        <sourceSystem>
          <name>House floor actions</name>
          <code>2</code>
        </sourceSystem>
        <actionDate>2017-06-28</actionDate>
        <text>Referred to the House Committee on Foreign Affairs.</text>
        <type>IntroReferral</type>
        <links />
        <committee>
          <systemCode>hsfa00</systemCode>
          <name>Foreign Affairs Committee</name>
        </committee>
        <actionCode>H11100</actionCode>
      </item>
      <item>
        <sourceSystem>
          <name>Library of Congress</name>
          <code>9</code>
        </sourceSystem>
        <actionDate>2017-06-28</actionDate>
        <text>Introduced in House</text>
        <type>IntroReferral</type>
        <links />
        <committee />
        <actionCode>Intro-H</actionCode>
      </item>
      <item>
        <sourceSystem>
          <name>Library of Congress</name>
          <code>9</code>
        </sourceSystem>
        <actionDate>2017-06-28</actionDate>
        <text>Introduced in House</text>
        <type>IntroReferral</type>
        <links />
        <committee />
        <actionCode>1000</actionCode>
      </item>
    </actions>
    <summaries>
      <billSummaries>
        <item>
          <versionCode>00</versionCode>
          <text><![CDATA[<p>Calls for the U.S. government to:</p> <ul> <li> use all available leverage to achieve lasting, comprehensive cease-fires in cases of conflict in Africa; </li> <li> work with governments to facilitate disarmament, demobilization, and reintegration of combatants; </li> <li> use the Global Magnitsky Human Rights Accountability Act to sanction individuals or entities responsible for initiating or prolonging conflict, endangering humanitarian aid workers, or preventing delivery of humanitarian aid; </li> <li>apply all available weather and crop information to more accurately predict incipient drought and to determine the likelihood of famine in conflict areas; </li> <li> collaborate with other donor nations to accelerate the provision of food, clean water, medicine, and shelter to those in need; </li> <li> expand the prepositioning of aid commodities in safe zones close to the famine region; </li> <li> provide assistance to farmers, herders, and fishermen; and </li> <li> use cash transfers to more quickly provide food aid where local markets exist and to support the functioning of local markets.</li> </ul> <p>Urges governments in affected African countries to:</p> <ul> <li> establish effective cease-fires and use force thereafter only when government forces or facilities or civilians are under attack; </li> <li>identify and take actions against individuals and entities that actively threaten peace and safety; </li> <li> work with civil society to help end conflict at the grassroots level and effect reconciliation;</li> <li>take specifed actions to promote the delivery of food, clean water, medicine, and shelter; </li> <li> protect humanitarian aid workers; and </li> <li>safeguard agricultural areas and farm personnel.</li> </ul>]]></text>
          <actionDesc>Introduced in House</actionDesc>
          <actionDate>2017-06-28</actionDate>
          <lastSummaryUpdateDate>2017-09-28T19:39:58Z</lastSummaryUpdateDate>
          <name>Introduced in House</name>
          <updateDate>2017-06-28T04:00:00Z</updateDate>
        </item>
      </billSummaries>
    </summaries>
    <constitutionalAuthorityStatementText />
    <billNumber>421</billNumber>
    <calendarNumbers />
    <originChamber>House</originChamber>
    <version>1.0.0</version>
    <subjects>
      <billSubjects>
        <legislativeSubjects>
          <item>
            <name>Africa</name>
          </item>
          <item>
            <name>Agricultural marketing and promotion</name>
          </item>
          <item>
            <name>Atmospheric science and weather</name>
          </item>
          <item>
            <name>Conflicts and wars</name>
          </item>
          <item>
            <name>Food assistance and relief</name>
          </item>
          <item>
            <name>Foreign aid and international relief</name>
          </item>
          <item>
            <name>Human rights</name>
          </item>
          <item>
            <name>International organizations and cooperation</name>
          </item>
          <item>
            <name>Migrant, seasonal, agricultural labor</name>
          </item>
          <item>
            <name>Religion</name>
          </item>
          <item>
            <name>Sanctions</name>
          </item>
          <item>
            <name>Water use and supply</name>
          </item>
          <item>
            <name>World health</name>
          </item>
        </legislativeSubjects>
        <policyArea>
          <name>International Affairs</name>
        </policyArea>
      </billSubjects>
    </subjects>
    <cosponsors>
      <item>
        <bioguideId>B001270</bioguideId>
        <district>37</district>
        <isOriginalCosponsor>True</isOriginalCosponsor>
        <sponsorshipWithdrawnDate />
        <lastName>Bass</lastName>
        <state>CA</state>
        <fullName>Rep. Bass, Karen [D-CA-37]</fullName>
        <sponsorshipDate>2017-06-28</sponsorshipDate>
        <middleName />
        <firstName>Karen</firstName>
        <party>D</party>
        <identifiers>
          <bioguideId>B001270</bioguideId>
          <lisID>1996</lisID>
          <gpoId>7838</gpoId>
        </identifiers>
      </item>
      <item>
        <bioguideId>N000147</bioguideId>
        <district>0</district>
        <isOriginalCosponsor>False</isOriginalCosponsor>
        <sponsorshipWithdrawnDate />
        <lastName>NORTON</lastName>
        <state>DC</state>
        <fullName>Rep. Norton, Eleanor Holmes [D-DC-At Large]</fullName>
        <sponsorshipDate>2017-07-12</sponsorshipDate>
        <middleName>HOLMES</middleName>
        <firstName>ELEANOR</firstName>
        <party>D</party>
        <identifiers>
          <lisID>868</lisID>
          <gpoId>7871</gpoId>
          <bioguideId>N000147</bioguideId>
        </identifiers>
      </item>
      <item>
        <bioguideId>E000296</bioguideId>
        <district>2</district>
        <isOriginalCosponsor>False</isOriginalCosponsor>
        <sponsorshipWithdrawnDate />
        <lastName>Evans</lastName>
        <state>PA</state>
        <fullName>Rep. Evans, Dwight [D-PA-2]</fullName>
        <sponsorshipDate>2017-07-12</sponsorshipDate>
        <middleName />
        <firstName>Dwight</firstName>
        <party>D</party>
        <identifiers>
          <bioguideId>E000296</bioguideId>
          <lisID>2298</lisID>
          <gpoId />
        </identifiers>
      </item>
    </cosponsors>
    <latestAction>
      <text>Sponsor introductory remarks on measure. (CR E1015-1016)</text>
      <links />
      <actionDate>2017-07-19</actionDate>
    </latestAction>
    <laws />
    <notes />
    <createDate>2017-06-29T03:11:33Z</createDate>
    <billType>HRES</billType>
    <updateDate>2018-02-06T16:39:51Z</updateDate>
    <relatedBills />
    <cboCostEstimates />
    <introducedDate>2017-06-28</introducedDate>
    <amendments />
    <policyArea>
      <name>International Affairs</name>
    </policyArea>
    <recordedVotes />
    <congress>115</congress>
    <committees>
      <billCommittees>
        <item>
          <subcommittees>
            <item>
              <name>Africa, Global Health, Global Human Rights and International Organizations Subcommittee</name>
              <systemCode>hsfa16</systemCode>
              <activities>
                <item>
                  <name>Referred to</name>
                  <date>2017-07-06T13:45:48Z</date>
                </item>
              </activities>
            </item>
          </subcommittees>
          <type>Standing</type>
          <systemCode>hsfa00</systemCode>
          <activities>
            <item>
              <name>Referred to</name>
              <date>2017-06-28T14:00:32Z</date>
            </item>
          </activities>
          <name>Foreign Affairs Committee</name>
          <chamber>House</chamber>
        </item>
      </billCommittees>
    </committees>
  </bill>
  <dublinCore xmlns:dc="http://purl.org/dc/elements/1.1/">
    <dc:format>text/xml</dc:format>
    <dc:language>EN</dc:language>
    <dc:rights>Pursuant to Title 17 Section 105 of the United States Code, this file is not subject to copyright protection and is in the public domain.</dc:rights>
    <dc:contributor>Congressional Research Service, Library of Congress</dc:contributor>
    <dc:description>This file contains bill summaries and statuses for federal legislation. A bill summary describes the most significant provisions of a piece of legislation and details the effects the legislative text may have on current law and federal programs. Bill summaries are authored by the Congressional Research Service (CRS) of the Library of Congress. As stated in Public Law 91-510 (2 USC 166 (d)(6)), one of the duties of CRS is "to prepare summaries and digests of bills and resolutions of a public general nature introduced in the Senate or House of Representatives". For more information, refer to the User Guide that accompanies this file.</dc:description>
  </dublinCore>
</billStatus>

