<?xml version="1.0" encoding="UTF-8"?>
<billStatus>
  <bill>
    <cosponsors>
      <item>
        <district>33</district>
        <sponsorshipWithdrawnDate />
        <party>D</party>
        <fullName>Rep. Veasey, Marc A. [D-TX-33]</fullName>
        <sponsorshipDate>2017-02-16</sponsorshipDate>
        <bioguideId>V000131</bioguideId>
        <middleName>A.</middleName>
        <identifiers>
          <lisID>2166</lisID>
          <bioguideId>V000131</bioguideId>
          <gpoId />
        </identifiers>
        <lastName>Veasey</lastName>
        <isOriginalCosponsor>True</isOriginalCosponsor>
        <firstName>Marc</firstName>
        <state>TX</state>
      </item>
      <item>
        <district>5</district>
        <sponsorshipWithdrawnDate />
        <party>D</party>
        <fullName>Rep. Quigley, Mike [D-IL-5]</fullName>
        <sponsorshipDate>2017-02-16</sponsorshipDate>
        <bioguideId>Q000023</bioguideId>
        <middleName />
        <identifiers>
          <lisID>1967</lisID>
          <gpoId>7925</gpoId>
          <bioguideId>Q000023</bioguideId>
        </identifiers>
        <lastName>Quigley</lastName>
        <isOriginalCosponsor>True</isOriginalCosponsor>
        <firstName>Mike</firstName>
        <state>IL</state>
      </item>
      <item>
        <district>27</district>
        <sponsorshipWithdrawnDate />
        <party>R</party>
        <fullName>Rep. Farenthold, Blake [R-TX-27]</fullName>
        <sponsorshipDate>2017-02-16</sponsorshipDate>
        <bioguideId>F000460</bioguideId>
        <middleName />
        <identifiers>
          <bioguideId>F000460</bioguideId>
          <lisID>2067</lisID>
          <gpoId>8183</gpoId>
        </identifiers>
        <lastName>Farenthold</lastName>
        <isOriginalCosponsor>True</isOriginalCosponsor>
        <firstName>Blake</firstName>
        <state>TX</state>
      </item>
      <item>
        <district>3</district>
        <sponsorshipWithdrawnDate />
        <party>R</party>
        <fullName>Rep. Jones, Walter B., Jr. [R-NC-3]</fullName>
        <sponsorshipDate>2017-02-16</sponsorshipDate>
        <bioguideId>J000255</bioguideId>
        <middleName>B.</middleName>
        <identifiers>
          <lisID>612</lisID>
          <bioguideId>J000255</bioguideId>
          <gpoId>8026</gpoId>
        </identifiers>
        <lastName>JONES</lastName>
        <isOriginalCosponsor>True</isOriginalCosponsor>
        <firstName>WALTER</firstName>
        <state>NC</state>
      </item>
      <item>
        <district>1</district>
        <sponsorshipWithdrawnDate />
        <party>D</party>
        <fullName>Rep. Cicilline, David N. [D-RI-1]</fullName>
        <sponsorshipDate>2017-02-16</sponsorshipDate>
        <bioguideId>C001084</bioguideId>
        <middleName>N.</middleName>
        <identifiers>
          <bioguideId>C001084</bioguideId>
          <gpoId>8139</gpoId>
          <lisID>2055</lisID>
        </identifiers>
        <lastName>Cicilline</lastName>
        <isOriginalCosponsor>True</isOriginalCosponsor>
        <firstName>David</firstName>
        <state>RI</state>
      </item>
      <item>
        <district>1</district>
        <sponsorshipWithdrawnDate />
        <party>D</party>
        <fullName>Rep. Titus, Dina [D-NV-1]</fullName>
        <sponsorshipDate>2017-02-16</sponsorshipDate>
        <bioguideId>T000468</bioguideId>
        <middleName />
        <identifiers>
          <bioguideId>T000468</bioguideId>
          <gpoId>7493</gpoId>
          <lisID>1940</lisID>
        </identifiers>
        <lastName>Titus</lastName>
        <isOriginalCosponsor>True</isOriginalCosponsor>
        <firstName>Dina</firstName>
        <state>NV</state>
      </item>
      <item>
        <district>10</district>
        <sponsorshipWithdrawnDate />
        <party>D</party>
        <fullName>Rep. Nadler, Jerrold [D-NY-10]</fullName>
        <sponsorshipDate>2017-02-16</sponsorshipDate>
        <bioguideId>N000002</bioguideId>
        <middleName />
        <identifiers>
          <lisID>850</lisID>
          <bioguideId>N000002</bioguideId>
          <gpoId>8069</gpoId>
        </identifiers>
        <lastName>NADLER</lastName>
        <isOriginalCosponsor>True</isOriginalCosponsor>
        <firstName>JERROLD</firstName>
        <state>NY</state>
      </item>
      <item>
        <district>14</district>
        <sponsorshipWithdrawnDate />
        <party>R</party>
        <fullName>Rep. Joyce, David P. [R-OH-14]</fullName>
        <sponsorshipDate>2017-02-16</sponsorshipDate>
        <bioguideId>J000295</bioguideId>
        <middleName>P.</middleName>
        <identifiers>
          <gpoId />
          <lisID>2154</lisID>
          <bioguideId>J000295</bioguideId>
        </identifiers>
        <lastName>Joyce</lastName>
        <isOriginalCosponsor>True</isOriginalCosponsor>
        <firstName>David</firstName>
        <state>OH</state>
      </item>
      <item>
        <district>3</district>
        <sponsorshipWithdrawnDate />
        <party>D</party>
        <fullName>Rep. Grijalva, Raul M. [D-AZ-3]</fullName>
        <sponsorshipDate>2017-02-16</sponsorshipDate>
        <bioguideId>G000551</bioguideId>
        <middleName>M.</middleName>
        <identifiers>
          <gpoId>7804</gpoId>
          <bioguideId>G000551</bioguideId>
          <lisID>1708</lisID>
        </identifiers>
        <lastName>Grijalva</lastName>
        <isOriginalCosponsor>True</isOriginalCosponsor>
        <firstName>Raul</firstName>
        <state>AZ</state>
      </item>
      <item>
        <district>23</district>
        <sponsorshipWithdrawnDate />
        <party>D</party>
        <fullName>Rep. Wasserman Schultz, Debbie [D-FL-23]</fullName>
        <sponsorshipDate>2017-02-16</sponsorshipDate>
        <bioguideId>W000797</bioguideId>
        <middleName />
        <identifiers>
          <bioguideId>W000797</bioguideId>
          <lisID>1777</lisID>
          <gpoId>7892</gpoId>
        </identifiers>
        <lastName>Wasserman Schultz</lastName>
        <isOriginalCosponsor>True</isOriginalCosponsor>
        <firstName>Debbie</firstName>
        <state>FL</state>
      </item>
      <item>
        <district>11</district>
        <sponsorshipWithdrawnDate />
        <party>R</party>
        <fullName>Rep. Donovan, Daniel M., Jr. [R-NY-11]</fullName>
        <sponsorshipDate>2017-02-16</sponsorshipDate>
        <bioguideId>D000625</bioguideId>
        <middleName>M.</middleName>
        <identifiers>
          <lisID>2293</lisID>
          <gpoId />
          <bioguideId>D000625</bioguideId>
        </identifiers>
        <lastName>Donovan</lastName>
        <isOriginalCosponsor>True</isOriginalCosponsor>
        <firstName>Daniel</firstName>
        <state>NY</state>
      </item>
      <item>
        <district>3</district>
        <sponsorshipWithdrawnDate />
        <party>D</party>
        <fullName>Rep. Blumenauer, Earl [D-OR-3]</fullName>
        <sponsorshipDate>2017-02-16</sponsorshipDate>
        <bioguideId>B000574</bioguideId>
        <middleName />
        <identifiers>
          <bioguideId>B000574</bioguideId>
          <gpoId>8116</gpoId>
          <lisID>99</lisID>
        </identifiers>
        <lastName>BLUMENAUER</lastName>
        <isOriginalCosponsor>True</isOriginalCosponsor>
        <firstName>EARL</firstName>
        <state>OR</state>
      </item>
      <item>
        <district>9</district>
        <sponsorshipWithdrawnDate />
        <party>D</party>
        <fullName>Rep. Cohen, Steve [D-TN-9]</fullName>
        <sponsorshipDate>2017-02-16</sponsorshipDate>
        <bioguideId>C001068</bioguideId>
        <middleName />
        <identifiers>
          <lisID>1878</lisID>
          <gpoId>8156</gpoId>
          <bioguideId>C001068</bioguideId>
        </identifiers>
        <lastName>Cohen</lastName>
        <isOriginalCosponsor>True</isOriginalCosponsor>
        <firstName>Steve</firstName>
        <state>TN</state>
      </item>
      <item>
        <district>6</district>
        <sponsorshipWithdrawnDate />
        <party>R</party>
        <fullName>Rep. Roskam, Peter J. [R-IL-6]</fullName>
        <sponsorshipDate>2017-02-16</sponsorshipDate>
        <bioguideId>R000580</bioguideId>
        <middleName>J.</middleName>
        <identifiers>
          <lisID>1848</lisID>
          <bioguideId>R000580</bioguideId>
          <gpoId>7926</gpoId>
        </identifiers>
        <lastName>Roskam</lastName>
        <isOriginalCosponsor>True</isOriginalCosponsor>
        <firstName>Peter</firstName>
        <state>IL</state>
      </item>
      <item>
        <district>4</district>
        <sponsorshipWithdrawnDate />
        <party>D</party>
        <fullName>Rep. Moore, Gwen [D-WI-4]</fullName>
        <sponsorshipDate>2017-02-16</sponsorshipDate>
        <bioguideId>M001160</bioguideId>
        <middleName />
        <identifiers>
          <bioguideId>M001160</bioguideId>
          <gpoId>8217</gpoId>
          <lisID>1811</lisID>
        </identifiers>
        <lastName>Moore</lastName>
        <isOriginalCosponsor>True</isOriginalCosponsor>
        <firstName>Gwen</firstName>
        <state>WI</state>
      </item>
      <item>
        <district>19</district>
        <sponsorshipWithdrawnDate />
        <party>R</party>
        <fullName>Rep. Faso, John J. [R-NY-19]</fullName>
        <sponsorshipDate>2017-02-16</sponsorshipDate>
        <bioguideId>F000464</bioguideId>
        <middleName>J.</middleName>
        <identifiers>
          <bioguideId>F000464</bioguideId>
          <lisID>2343</lisID>
          <gpoId />
        </identifiers>
        <lastName>Faso</lastName>
        <isOriginalCosponsor>True</isOriginalCosponsor>
        <firstName>John</firstName>
        <state>NY</state>
      </item>
      <item>
        <district>15</district>
        <sponsorshipWithdrawnDate />
        <party>D</party>
        <fullName>Rep. Swalwell, Eric [D-CA-15]</fullName>
        <sponsorshipDate>2017-03-09</sponsorshipDate>
        <bioguideId>S001193</bioguideId>
        <middleName />
        <identifiers>
          <bioguideId>S001193</bioguideId>
          <lisID>2104</lisID>
          <gpoId />
        </identifiers>
        <lastName>Swalwell</lastName>
        <isOriginalCosponsor>False</isOriginalCosponsor>
        <firstName>Eric</firstName>
        <state>CA</state>
      </item>
      <item>
        <district>7</district>
        <sponsorshipWithdrawnDate />
        <party>D</party>
        <fullName>Rep. Perlmutter, Ed [D-CO-7]</fullName>
        <sponsorshipDate>2017-03-09</sponsorshipDate>
        <bioguideId>P000593</bioguideId>
        <middleName />
        <identifiers>
          <lisID>1835</lisID>
          <bioguideId>P000593</bioguideId>
          <gpoId>7865</gpoId>
        </identifiers>
        <lastName>Perlmutter</lastName>
        <isOriginalCosponsor>False</isOriginalCosponsor>
        <firstName>Ed</firstName>
        <state>CO</state>
      </item>
      <item>
        <district>8</district>
        <sponsorshipWithdrawnDate />
        <party>D</party>
        <fullName>Rep. Raskin, Jamie [D-MD-8]</fullName>
        <sponsorshipDate>2017-03-09</sponsorshipDate>
        <bioguideId>R000606</bioguideId>
        <middleName />
        <identifiers>
          <gpoId />
          <lisID>2332</lisID>
          <bioguideId>R000606</bioguideId>
        </identifiers>
        <lastName>Raskin</lastName>
        <isOriginalCosponsor>False</isOriginalCosponsor>
        <firstName>Jamie</firstName>
        <state>MD</state>
      </item>
      <item>
        <district>1</district>
        <sponsorshipWithdrawnDate />
        <party>D</party>
        <fullName>Rep. Shea-Porter, Carol [D-NH-1]</fullName>
        <sponsorshipDate>2017-03-09</sponsorshipDate>
        <bioguideId>S001170</bioguideId>
        <middleName />
        <identifiers>
          <bioguideId>S001170</bioguideId>
          <lisID>1861</lisID>
          <gpoId>7528</gpoId>
        </identifiers>
        <lastName>Shea-Porter</lastName>
        <isOriginalCosponsor>False</isOriginalCosponsor>
        <firstName>Carol</firstName>
        <state>NH</state>
      </item>
      <item>
        <district>12</district>
        <sponsorshipWithdrawnDate />
        <party>R</party>
        <fullName>Rep. Granger, Kay [R-TX-12]</fullName>
        <sponsorshipDate>2017-03-09</sponsorshipDate>
        <bioguideId>G000377</bioguideId>
        <middleName />
        <identifiers>
          <gpoId>8168</gpoId>
          <lisID>1487</lisID>
          <bioguideId>G000377</bioguideId>
        </identifiers>
        <lastName>GRANGER</lastName>
        <isOriginalCosponsor>False</isOriginalCosponsor>
        <firstName>KAY</firstName>
        <state>TX</state>
      </item>
      <item>
        <district>7</district>
        <sponsorshipWithdrawnDate />
        <party>R</party>
        <fullName>Rep. Rouzer, David [R-NC-7]</fullName>
        <sponsorshipDate>2017-03-09</sponsorshipDate>
        <bioguideId>R000603</bioguideId>
        <middleName />
        <identifiers>
          <gpoId />
          <lisID>2256</lisID>
          <bioguideId>R000603</bioguideId>
        </identifiers>
        <lastName>Rouzer</lastName>
        <isOriginalCosponsor>False</isOriginalCosponsor>
        <firstName>David</firstName>
        <state>NC</state>
      </item>
      <item>
        <district>8</district>
        <sponsorshipWithdrawnDate />
        <party>R</party>
        <fullName>Rep. Posey, Bill [R-FL-8]</fullName>
        <sponsorshipDate>2017-03-09</sponsorshipDate>
        <bioguideId>P000599</bioguideId>
        <middleName />
        <identifiers>
          <bioguideId>P000599</bioguideId>
          <gpoId>7887</gpoId>
          <lisID>1915</lisID>
        </identifiers>
        <lastName>Posey</lastName>
        <isOriginalCosponsor>False</isOriginalCosponsor>
        <firstName>Bill</firstName>
        <state>FL</state>
      </item>
      <item>
        <district>11</district>
        <sponsorshipWithdrawnDate />
        <party>R</party>
        <fullName>Rep. Conaway, K. Michael [R-TX-11]</fullName>
        <sponsorshipDate>2017-03-09</sponsorshipDate>
        <bioguideId>C001062</bioguideId>
        <middleName>Michael</middleName>
        <identifiers>
          <lisID>1805</lisID>
          <gpoId>8167</gpoId>
          <bioguideId>C001062</bioguideId>
        </identifiers>
        <lastName>Conaway</lastName>
        <isOriginalCosponsor>False</isOriginalCosponsor>
        <firstName>K.</firstName>
        <state>TX</state>
      </item>
      <item>
        <district>1</district>
        <sponsorshipWithdrawnDate />
        <party>R</party>
        <fullName>Rep. Chabot, Steve [R-OH-1]</fullName>
        <sponsorshipDate>2017-03-09</sponsorshipDate>
        <bioguideId>C000266</bioguideId>
        <middleName />
        <identifiers>
          <lisID>186</lisID>
          <gpoId>8091</gpoId>
          <bioguideId>C000266</bioguideId>
        </identifiers>
        <lastName>CHABOT</lastName>
        <isOriginalCosponsor>False</isOriginalCosponsor>
        <firstName>STEVE</firstName>
        <state>OH</state>
      </item>
      <item>
        <district>1</district>
        <sponsorshipWithdrawnDate />
        <party>R</party>
        <fullName>Rep. Roe, David P. [R-TN-1]</fullName>
        <sponsorshipDate>2017-03-09</sponsorshipDate>
        <bioguideId>R000582</bioguideId>
        <middleName>P.</middleName>
        <identifiers>
          <lisID>1954</lisID>
          <bioguideId>R000582</bioguideId>
          <gpoId>8148</gpoId>
        </identifiers>
        <lastName>Roe</lastName>
        <isOriginalCosponsor>False</isOriginalCosponsor>
        <firstName>David</firstName>
        <state>TN</state>
      </item>
      <item>
        <district>1</district>
        <sponsorshipWithdrawnDate />
        <party>R</party>
        <fullName>Rep. Wittman, Robert J. [R-VA-1]</fullName>
        <sponsorshipDate>2017-03-09</sponsorshipDate>
        <bioguideId>W000804</bioguideId>
        <middleName>J.</middleName>
        <identifiers>
          <gpoId>8192</gpoId>
          <bioguideId>W000804</bioguideId>
          <lisID>1886</lisID>
        </identifiers>
        <lastName>Wittman</lastName>
        <isOriginalCosponsor>False</isOriginalCosponsor>
        <firstName>Robert</firstName>
        <state>VA</state>
      </item>
      <item>
        <district>2</district>
        <sponsorshipWithdrawnDate />
        <party>R</party>
        <fullName>Rep. Wilson, Joe [R-SC-2]</fullName>
        <sponsorshipDate>2017-03-09</sponsorshipDate>
        <bioguideId>W000795</bioguideId>
        <middleName />
        <identifiers>
          <lisID>1688</lisID>
          <gpoId>8142</gpoId>
          <bioguideId>W000795</bioguideId>
        </identifiers>
        <lastName>Wilson</lastName>
        <isOriginalCosponsor>False</isOriginalCosponsor>
        <firstName>Joe</firstName>
        <state>SC</state>
      </item>
      <item>
        <district>36</district>
        <sponsorshipWithdrawnDate />
        <party>R</party>
        <fullName>Rep. Babin, Brian [R-TX-36]</fullName>
        <sponsorshipDate>2017-03-09</sponsorshipDate>
        <bioguideId>B001291</bioguideId>
        <middleName />
        <identifiers>
          <bioguideId>B001291</bioguideId>
          <lisID>2270</lisID>
          <gpoId />
        </identifiers>
        <lastName>Babin</lastName>
        <isOriginalCosponsor>False</isOriginalCosponsor>
        <firstName>Brian</firstName>
        <state>TX</state>
      </item>
      <item>
        <district>14</district>
        <sponsorshipWithdrawnDate />
        <party>R</party>
        <fullName>Rep. Hultgren, Randy [R-IL-14]</fullName>
        <sponsorshipDate>2017-03-09</sponsorshipDate>
        <bioguideId>H001059</bioguideId>
        <middleName />
        <identifiers>
          <lisID>2015</lisID>
          <bioguideId>H001059</bioguideId>
          <gpoId>7934</gpoId>
        </identifiers>
        <lastName>Hultgren</lastName>
        <isOriginalCosponsor>False</isOriginalCosponsor>
        <firstName>Randy</firstName>
        <state>IL</state>
      </item>
      <item>
        <district>29</district>
        <sponsorshipWithdrawnDate />
        <party>D</party>
        <fullName>Rep. Cardenas, Tony [D-CA-29]</fullName>
        <sponsorshipDate>2017-03-09</sponsorshipDate>
        <bioguideId>C001097</bioguideId>
        <middleName />
        <identifiers>
          <bioguideId>C001097</bioguideId>
          <gpoId />
          <lisID>2107</lisID>
        </identifiers>
        <lastName>Cardenas</lastName>
        <isOriginalCosponsor>False</isOriginalCosponsor>
        <firstName>Tony</firstName>
        <state>CA</state>
      </item>
      <item>
        <district>13</district>
        <sponsorshipWithdrawnDate />
        <party>D</party>
        <fullName>Rep. Ryan, Tim [D-OH-13]</fullName>
        <sponsorshipDate>2017-03-09</sponsorshipDate>
        <bioguideId>R000577</bioguideId>
        <middleName />
        <identifiers>
          <gpoId>8107</gpoId>
          <lisID>1756</lisID>
          <bioguideId>R000577</bioguideId>
        </identifiers>
        <lastName>RYAN</lastName>
        <isOriginalCosponsor>False</isOriginalCosponsor>
        <firstName>TIM</firstName>
        <state>OH</state>
      </item>
      <item>
        <district>40</district>
        <sponsorshipWithdrawnDate />
        <party>D</party>
        <fullName>Rep. Roybal-Allard, Lucille [D-CA-40]</fullName>
        <sponsorshipDate>2017-03-09</sponsorshipDate>
        <bioguideId>R000486</bioguideId>
        <middleName />
        <identifiers>
          <lisID>997</lisID>
          <bioguideId>R000486</bioguideId>
          <gpoId>7839</gpoId>
        </identifiers>
        <lastName>ROYBAL-ALLARD</lastName>
        <isOriginalCosponsor>False</isOriginalCosponsor>
        <firstName>LUCILLE</firstName>
        <state>CA</state>
      </item>
      <item>
        <district>9</district>
        <sponsorshipWithdrawnDate />
        <party>D</party>
        <fullName>Rep. Smith, Adam [D-WA-9]</fullName>
        <sponsorshipDate>2017-03-09</sponsorshipDate>
        <bioguideId>S000510</bioguideId>
        <middleName />
        <identifiers>
          <lisID>1528</lisID>
          <bioguideId>S000510</bioguideId>
          <gpoId>8213</gpoId>
        </identifiers>
        <lastName>SMITH</lastName>
        <isOriginalCosponsor>False</isOriginalCosponsor>
        <firstName>ADAM</firstName>
        <state>WA</state>
      </item>
      <item>
        <district>7</district>
        <sponsorshipWithdrawnDate />
        <party>R</party>
        <fullName>Rep. Meehan, Patrick [R-PA-7]</fullName>
        <sponsorshipDate>2017-03-09</sponsorshipDate>
        <bioguideId>M001181</bioguideId>
        <middleName />
        <identifiers>
          <lisID>2052</lisID>
          <gpoId>8125</gpoId>
          <bioguideId>M001181</bioguideId>
        </identifiers>
        <lastName>Meehan</lastName>
        <isOriginalCosponsor>False</isOriginalCosponsor>
        <firstName>Patrick</firstName>
        <state>PA</state>
      </item>
      <item>
        <district>8</district>
        <sponsorshipWithdrawnDate />
        <party>D</party>
        <fullName>Rep. Jeffries, Hakeem S. [D-NY-8]</fullName>
        <sponsorshipDate>2017-03-09</sponsorshipDate>
        <bioguideId>J000294</bioguideId>
        <middleName>S.</middleName>
        <identifiers>
          <bioguideId>J000294</bioguideId>
          <lisID>2149</lisID>
          <gpoId />
        </identifiers>
        <lastName>Jeffries</lastName>
        <isOriginalCosponsor>False</isOriginalCosponsor>
        <firstName>Hakeem</firstName>
        <state>NY</state>
      </item>
      <item>
        <district>33</district>
        <sponsorshipWithdrawnDate />
        <party>D</party>
        <fullName>Rep. Lieu, Ted [D-CA-33]</fullName>
        <sponsorshipDate>2017-03-09</sponsorshipDate>
        <bioguideId>L000582</bioguideId>
        <middleName />
        <identifiers>
          <bioguideId>L000582</bioguideId>
          <lisID>2230</lisID>
          <gpoId />
        </identifiers>
        <lastName>Lieu</lastName>
        <isOriginalCosponsor>False</isOriginalCosponsor>
        <firstName>Ted</firstName>
        <state>CA</state>
      </item>
      <item>
        <district>17</district>
        <sponsorshipWithdrawnDate />
        <party>D</party>
        <fullName>Rep. Bustos, Cheri [D-IL-17]</fullName>
        <sponsorshipDate>2017-03-09</sponsorshipDate>
        <bioguideId>B001286</bioguideId>
        <middleName />
        <identifiers>
          <bioguideId>B001286</bioguideId>
          <lisID>2127</lisID>
          <gpoId />
        </identifiers>
        <lastName>Bustos</lastName>
        <isOriginalCosponsor>False</isOriginalCosponsor>
        <firstName>Cheri</firstName>
        <state>IL</state>
      </item>
      <item>
        <district>0</district>
        <sponsorshipWithdrawnDate />
        <party>D</party>
        <fullName>Rep. Norton, Eleanor Holmes [D-DC-At Large]</fullName>
        <sponsorshipDate>2017-03-09</sponsorshipDate>
        <bioguideId>N000147</bioguideId>
        <middleName>HOLMES</middleName>
        <identifiers>
          <bioguideId>N000147</bioguideId>
          <lisID>868</lisID>
          <gpoId>7871</gpoId>
        </identifiers>
        <lastName>NORTON</lastName>
        <isOriginalCosponsor>False</isOriginalCosponsor>
        <firstName>ELEANOR</firstName>
        <state>DC</state>
      </item>
      <item>
        <district>9</district>
        <sponsorshipWithdrawnDate />
        <party>D</party>
        <fullName>Rep. Schakowsky, Janice D. [D-IL-9]</fullName>
        <sponsorshipDate>2017-03-09</sponsorshipDate>
        <bioguideId>S001145</bioguideId>
        <middleName>D.</middleName>
        <identifiers>
          <bioguideId>S001145</bioguideId>
          <lisID>1588</lisID>
          <gpoId>7929</gpoId>
        </identifiers>
        <lastName>SCHAKOWSKY</lastName>
        <isOriginalCosponsor>False</isOriginalCosponsor>
        <firstName>JANICE</firstName>
        <state>IL</state>
      </item>
      <item>
        <district>4</district>
        <sponsorshipWithdrawnDate />
        <party>R</party>
        <fullName>Rep. Newhouse, Dan [R-WA-4]</fullName>
        <sponsorshipDate>2017-03-09</sponsorshipDate>
        <bioguideId>N000189</bioguideId>
        <middleName />
        <identifiers>
          <gpoId />
          <bioguideId>N000189</bioguideId>
          <lisID>2275</lisID>
        </identifiers>
        <lastName>Newhouse</lastName>
        <isOriginalCosponsor>False</isOriginalCosponsor>
        <firstName>Dan</firstName>
        <state>WA</state>
      </item>
      <item>
        <district>3</district>
        <sponsorshipWithdrawnDate />
        <party>R</party>
        <fullName>Rep. Duncan, Jeff [R-SC-3]</fullName>
        <sponsorshipDate>2017-03-09</sponsorshipDate>
        <bioguideId>D000615</bioguideId>
        <middleName />
        <identifiers>
          <bioguideId>D000615</bioguideId>
          <lisID>2057</lisID>
          <gpoId>8143</gpoId>
        </identifiers>
        <lastName>Duncan</lastName>
        <isOriginalCosponsor>False</isOriginalCosponsor>
        <firstName>Jeff</firstName>
        <state>SC</state>
      </item>
      <item>
        <district>3</district>
        <sponsorshipWithdrawnDate />
        <party>R</party>
        <fullName>Rep. Fleischmann, Charles J. "Chuck" [R-TN-3]</fullName>
        <sponsorshipDate>2017-03-09</sponsorshipDate>
        <bioguideId>F000459</bioguideId>
        <middleName>J. "Chuck"</middleName>
        <identifiers>
          <lisID>2061</lisID>
          <bioguideId>F000459</bioguideId>
          <gpoId>8150</gpoId>
        </identifiers>
        <lastName>Fleischmann</lastName>
        <isOriginalCosponsor>False</isOriginalCosponsor>
        <firstName>Charles</firstName>
        <state>TN</state>
      </item>
      <item>
        <district>3</district>
        <sponsorshipWithdrawnDate />
        <party>R</party>
        <fullName>Rep. Johnson, Sam [R-TX-3]</fullName>
        <sponsorshipDate>2017-03-09</sponsorshipDate>
        <bioguideId>J000174</bioguideId>
        <middleName />
        <identifiers>
          <lisID>603</lisID>
          <gpoId>8159</gpoId>
          <bioguideId>J000174</bioguideId>
        </identifiers>
        <lastName>JOHNSON</lastName>
        <isOriginalCosponsor>False</isOriginalCosponsor>
        <firstName>SAM</firstName>
        <state>TX</state>
      </item>
      <item>
        <district>5</district>
        <sponsorshipWithdrawnDate />
        <party>R</party>
        <fullName>Rep. Hensarling, Jeb [R-TX-5]</fullName>
        <sponsorshipDate>2017-03-09</sponsorshipDate>
        <bioguideId>H001036</bioguideId>
        <middleName />
        <identifiers>
          <bioguideId>H001036</bioguideId>
          <lisID>1749</lisID>
          <gpoId>8161</gpoId>
        </identifiers>
        <lastName>Hensarling</lastName>
        <isOriginalCosponsor>False</isOriginalCosponsor>
        <firstName>Jeb</firstName>
        <state>TX</state>
      </item>
      <item>
        <district>14</district>
        <sponsorshipWithdrawnDate />
        <party>R</party>
        <fullName>Rep. Weber, Randy K., Sr. [R-TX-14]</fullName>
        <sponsorshipDate>2017-03-09</sponsorshipDate>
        <bioguideId>W000814</bioguideId>
        <middleName>K.</middleName>
        <identifiers>
          <bioguideId>W000814</bioguideId>
          <gpoId />
          <lisID>2161</lisID>
        </identifiers>
        <lastName>Weber</lastName>
        <isOriginalCosponsor>False</isOriginalCosponsor>
        <firstName>Randy</firstName>
        <state>TX</state>
      </item>
      <item>
        <district>24</district>
        <sponsorshipWithdrawnDate />
        <party>R</party>
        <fullName>Rep. Marchant, Kenny [R-TX-24]</fullName>
        <sponsorshipDate>2017-03-09</sponsorshipDate>
        <bioguideId>M001158</bioguideId>
        <middleName />
        <identifiers>
          <lisID>1806</lisID>
          <gpoId>8766</gpoId>
          <bioguideId>M001158</bioguideId>
        </identifiers>
        <lastName>Marchant</lastName>
        <isOriginalCosponsor>False</isOriginalCosponsor>
        <firstName>Kenny</firstName>
        <state>TX</state>
      </item>
      <item>
        <district>4</district>
        <sponsorshipWithdrawnDate />
        <party>R</party>
        <fullName>Rep. Ratcliffe, John [R-TX-4]</fullName>
        <sponsorshipDate>2017-03-09</sponsorshipDate>
        <bioguideId>R000601</bioguideId>
        <middleName />
        <identifiers>
          <gpoId />
          <bioguideId>R000601</bioguideId>
          <lisID>2268</lisID>
        </identifiers>
        <lastName>Ratcliffe</lastName>
        <isOriginalCosponsor>False</isOriginalCosponsor>
        <firstName>John</firstName>
        <state>TX</state>
      </item>
      <item>
        <district>7</district>
        <sponsorshipWithdrawnDate />
        <party>R</party>
        <fullName>Rep. Culberson, John Abney [R-TX-7]</fullName>
        <sponsorshipDate>2017-03-09</sponsorshipDate>
        <bioguideId>C001048</bioguideId>
        <middleName>ABNEY</middleName>
        <identifiers>
          <lisID>1670</lisID>
          <bioguideId>C001048</bioguideId>
          <gpoId>8163</gpoId>
        </identifiers>
        <lastName>CULBERSON</lastName>
        <isOriginalCosponsor>False</isOriginalCosponsor>
        <firstName>JOHN</firstName>
        <state>TX</state>
      </item>
      <item>
        <district>31</district>
        <sponsorshipWithdrawnDate />
        <party>R</party>
        <fullName>Rep. Carter, John R. [R-TX-31]</fullName>
        <sponsorshipDate>2017-03-09</sponsorshipDate>
        <bioguideId>C001051</bioguideId>
        <middleName>R.</middleName>
        <identifiers>
          <bioguideId>C001051</bioguideId>
          <lisID>1752</lisID>
          <gpoId>8187</gpoId>
        </identifiers>
        <lastName>Carter</lastName>
        <isOriginalCosponsor>False</isOriginalCosponsor>
        <firstName>John</firstName>
        <state>TX</state>
      </item>
      <item>
        <district>32</district>
        <sponsorshipWithdrawnDate />
        <party>R</party>
        <fullName>Rep. Sessions, Pete [R-TX-32]</fullName>
        <sponsorshipDate>2017-03-09</sponsorshipDate>
        <bioguideId>S000250</bioguideId>
        <middleName />
        <identifiers>
          <gpoId>8188</gpoId>
          <lisID>1525</lisID>
          <bioguideId>S000250</bioguideId>
        </identifiers>
        <lastName>SESSIONS</lastName>
        <isOriginalCosponsor>False</isOriginalCosponsor>
        <firstName>PETE</firstName>
        <state>TX</state>
      </item>
      <item>
        <district>19</district>
        <sponsorshipWithdrawnDate />
        <party>R</party>
        <fullName>Rep. Arrington, Jodey C. [R-TX-19]</fullName>
        <sponsorshipDate>2017-03-09</sponsorshipDate>
        <bioguideId>A000375</bioguideId>
        <middleName>C.</middleName>
        <identifiers>
          <gpoId />
          <lisID>2350</lisID>
          <bioguideId>A000375</bioguideId>
        </identifiers>
        <lastName>Arrington</lastName>
        <isOriginalCosponsor>False</isOriginalCosponsor>
        <firstName>Jodey</firstName>
        <state>TX</state>
      </item>
      <item>
        <district>11</district>
        <sponsorshipWithdrawnDate />
        <party>D</party>
        <fullName>Rep. DeSaulnier, Mark [D-CA-11]</fullName>
        <sponsorshipDate>2017-03-09</sponsorshipDate>
        <bioguideId>D000623</bioguideId>
        <middleName />
        <identifiers>
          <lisID>2227</lisID>
          <bioguideId>D000623</bioguideId>
          <gpoId />
        </identifiers>
        <lastName>DeSaulnier</lastName>
        <isOriginalCosponsor>False</isOriginalCosponsor>
        <firstName>Mark</firstName>
        <state>CA</state>
      </item>
      <item>
        <district>15</district>
        <sponsorshipWithdrawnDate />
        <party>R</party>
        <fullName>Rep. Dent, Charles W. [R-PA-15]</fullName>
        <sponsorshipDate>2017-03-17</sponsorshipDate>
        <bioguideId>D000604</bioguideId>
        <middleName>W.</middleName>
        <identifiers>
          <bioguideId>D000604</bioguideId>
          <gpoId>8133</gpoId>
          <lisID>1799</lisID>
        </identifiers>
        <lastName>Dent</lastName>
        <isOriginalCosponsor>False</isOriginalCosponsor>
        <firstName>Charles</firstName>
        <state>PA</state>
      </item>
      <item>
        <district>2</district>
        <sponsorshipWithdrawnDate />
        <party>D</party>
        <fullName>Rep. McGovern, James P. [D-MA-2]</fullName>
        <sponsorshipDate>2017-03-17</sponsorshipDate>
        <bioguideId>M000312</bioguideId>
        <middleName>P.</middleName>
        <identifiers>
          <bioguideId>M000312</bioguideId>
          <lisID>1504</lisID>
          <gpoId>7968</gpoId>
        </identifiers>
        <lastName>MCGOVERN</lastName>
        <isOriginalCosponsor>False</isOriginalCosponsor>
        <firstName>JAMES</firstName>
        <state>MA</state>
      </item>
      <item>
        <district>18</district>
        <sponsorshipWithdrawnDate />
        <party>D</party>
        <fullName>Rep. Maloney, Sean Patrick [D-NY-18]</fullName>
        <sponsorshipDate>2017-03-17</sponsorshipDate>
        <bioguideId>M001185</bioguideId>
        <middleName>Patrick</middleName>
        <identifiers>
          <lisID>2150</lisID>
          <bioguideId>M001185</bioguideId>
          <gpoId />
        </identifiers>
        <lastName>Maloney</lastName>
        <isOriginalCosponsor>False</isOriginalCosponsor>
        <firstName>Sean</firstName>
        <state>NY</state>
      </item>
      <item>
        <district>25</district>
        <sponsorshipWithdrawnDate />
        <party>D</party>
        <fullName>Rep. Slaughter, Louise McIntosh [D-NY-25]</fullName>
        <sponsorshipDate>2017-03-17</sponsorshipDate>
        <bioguideId>S000480</bioguideId>
        <middleName>M.</middleName>
        <identifiers>
          <lisID>1069</lisID>
          <bioguideId>S000480</bioguideId>
          <gpoId>8089</gpoId>
        </identifiers>
        <lastName>SLAUGHTER</lastName>
        <isOriginalCosponsor>False</isOriginalCosponsor>
        <firstName>LOUISE</firstName>
        <state>NY</state>
      </item>
      <item>
        <district>2</district>
        <sponsorshipWithdrawnDate />
        <party>R</party>
        <fullName>Rep. Poliquin, Bruce [R-ME-2]</fullName>
        <sponsorshipDate>2017-03-17</sponsorshipDate>
        <bioguideId>P000611</bioguideId>
        <middleName />
        <identifiers>
          <gpoId />
          <bioguideId>P000611</bioguideId>
          <lisID>2247</lisID>
        </identifiers>
        <lastName>Poliquin</lastName>
        <isOriginalCosponsor>False</isOriginalCosponsor>
        <firstName>Bruce</firstName>
        <state>ME</state>
      </item>
      <item>
        <district>2</district>
        <sponsorshipWithdrawnDate />
        <party>R</party>
        <fullName>Rep. Jenkins, Lynn [R-KS-2]</fullName>
        <sponsorshipDate>2017-03-17</sponsorshipDate>
        <bioguideId>J000290</bioguideId>
        <middleName />
        <identifiers>
          <lisID>1921</lisID>
          <bioguideId>J000290</bioguideId>
          <gpoId>7950</gpoId>
        </identifiers>
        <lastName>Jenkins</lastName>
        <isOriginalCosponsor>False</isOriginalCosponsor>
        <firstName>Lynn</firstName>
        <state>KS</state>
      </item>
    </cosponsors>
    <congress>115</congress>
    <committees>
      <billCommittees>
        <item>
          <systemCode>hsgo00</systemCode>
          <name>Oversight and Government Reform Committee</name>
          <type>Standing</type>
          <activities>
            <item>
              <name>Referred to</name>
              <date>2017-02-16T15:13:45Z</date>
            </item>
          </activities>
          <chamber>House</chamber>
          <subcommittees />
        </item>
      </billCommittees>
    </committees>
    <constitutionalAuthorityStatementText />
    <laws />
    <titles>
      <item>
        <parentTitleType />
        <chamberCode />
        <chamberName />
        <titleType>Official Title as Introduced</titleType>
        <title>Expressing support for designation of April 11 as "National Pet Adoption Day" and the month of April as "National Pet Adoption Month" to highlight the important role pets play in the lives of United States citizens.</title>
      </item>
      <item>
        <parentTitleType />
        <chamberCode />
        <chamberName />
        <titleType>Display Title</titleType>
        <title>Expressing support for designation of April 11 as "National Pet Adoption Day" and the month of April as "National Pet Adoption Month" to highlight the important role pets play in the lives of United States citizens.</title>
      </item>
    </titles>
    <billType>HRES</billType>
    <amendments />
    <recordedVotes />
    <actions>
      <actionByCounts>
        <houseOfRepresentatives>3</houseOfRepresentatives>
      </actionByCounts>
      <actionTypeCounts>
        <introducedInTheHouse>1</introducedInTheHouse>
        <billReferrals>1</billReferrals>
        <introducedInHouse>1</introducedInHouse>
      </actionTypeCounts>
      <item>
        <actionDate>2017-02-16</actionDate>
        <text>Referred to the House Committee on Oversight and Government Reform.</text>
        <sourceSystem>
          <name>House floor actions</name>
          <code>2</code>
        </sourceSystem>
        <committee>
          <systemCode>hsgo00</systemCode>
          <name>Oversight and Government Reform Committee</name>
        </committee>
        <links />
        <actionCode>H11100</actionCode>
        <type>IntroReferral</type>
      </item>
      <item>
        <actionDate>2017-02-16</actionDate>
        <text>Introduced in House</text>
        <sourceSystem>
          <name>Library of Congress</name>
          <code>9</code>
        </sourceSystem>
        <committee />
        <links />
        <actionCode>Intro-H</actionCode>
        <type>IntroReferral</type>
      </item>
      <item>
        <actionDate>2017-02-16</actionDate>
        <text>Introduced in House</text>
        <sourceSystem>
          <name>Library of Congress</name>
          <code>9</code>
        </sourceSystem>
        <committee />
        <links />
        <actionCode>1000</actionCode>
        <type>IntroReferral</type>
      </item>
    </actions>
    <introducedDate>2017-02-16</introducedDate>
    <relatedBills />
    <committeeReports />
    <calendarNumbers />
    <billNumber>133</billNumber>
    <summaries>
      <billSummaries>
        <item>
          <versionCode>00</versionCode>
          <text><![CDATA[<p>Supports the designation of April 11 as National Pet Adoption Day and the month of April as National Pet Adoption Month.</p>]]></text>
          <actionDesc>Introduced in House</actionDesc>
          <actionDate>2017-02-16</actionDate>
          <lastSummaryUpdateDate>2017-03-06T17:36:54Z</lastSummaryUpdateDate>
          <name>Introduced in House</name>
          <updateDate>2017-02-16T05:00:00Z</updateDate>
        </item>
      </billSummaries>
    </summaries>
    <cboCostEstimates />
    <updateDate>2018-02-06T16:39:36Z</updateDate>
    <policyArea>
      <name>Animals</name>
    </policyArea>
    <latestAction>
      <text>Referred to the House Committee on Oversight and Government Reform.</text>
      <actionDate>2017-02-16</actionDate>
      <links />
    </latestAction>
    <version>1.0.0</version>
    <subjects>
      <billSubjects>
        <legislativeSubjects>
          <item>
            <name>Animal protection and human-animal relationships</name>
          </item>
          <item>
            <name>Commemorative events and holidays</name>
          </item>
        </legislativeSubjects>
        <policyArea>
          <name>Animals</name>
        </policyArea>
      </billSubjects>
    </subjects>
    <title>Expressing support for designation of April 11 as "National Pet Adoption Day" and the month of April as "National Pet Adoption Month" to highlight the important role pets play in the lives of United States citizens.</title>
    <originChamber>House</originChamber>
    <sponsors>
      <item>
        <byRequestType />
        <district>25</district>
        <party>R</party>
        <fullName>Rep. Williams, Roger [R-TX-25]</fullName>
        <lastName>Williams</lastName>
        <state>TX</state>
        <bioguideId>W000816</bioguideId>
        <middleName />
        <firstName>Roger</firstName>
        <identifiers>
          <gpoId />
          <lisID>2165</lisID>
          <bioguideId>W000816</bioguideId>
        </identifiers>
      </item>
    </sponsors>
    <notes />
    <createDate>2017-02-17T04:46:07Z</createDate>
  </bill>
  <dublinCore xmlns:dc="http://purl.org/dc/elements/1.1/">
    <dc:format>text/xml</dc:format>
    <dc:language>EN</dc:language>
    <dc:rights>Pursuant to Title 17 Section 105 of the United States Code, this file is not subject to copyright protection and is in the public domain.</dc:rights>
    <dc:contributor>Congressional Research Service, Library of Congress</dc:contributor>
    <dc:description>This file contains bill summaries and statuses for federal legislation. A bill summary describes the most significant provisions of a piece of legislation and details the effects the legislative text may have on current law and federal programs. Bill summaries are authored by the Congressional Research Service (CRS) of the Library of Congress. As stated in Public Law 91-510 (2 USC 166 (d)(6)), one of the duties of CRS is "to prepare summaries and digests of bills and resolutions of a public general nature introduced in the Senate or House of Representatives". For more information, refer to the User Guide that accompanies this file.</dc:description>
  </dublinCore>
</billStatus>

