<?xml version="1.0" encoding="UTF-8"?>
<billStatus>
  <bill>
    <billNumber>232</billNumber>
    <relatedBills>
      <item>
        <latestTitle>Recognizing linemen, the profession of linemen, the contributions of these brave men and women who protect public safety, and expressing support for the designation of April 18, 2017, as National Lineman Appreciation Day.</latestTitle>
        <number>10</number>
        <congress>115</congress>
        <latestAction>
          <actionDate>2017-01-25</actionDate>
          <text>Referred to the Subcommittee on Health.</text>
        </latestAction>
        <type>HRES</type>
        <relationshipDetails>
          <item>
            <type>Identical bill</type>
            <identifiedBy>CRS</identifiedBy>
          </item>
        </relationshipDetails>
      </item>
    </relatedBills>
    <originChamber>House</originChamber>
    <recordedVotes />
    <latestAction>
      <text>Referred to the Subcommittee on Energy.</text>
      <links />
      <actionDate>2017-03-31</actionDate>
    </latestAction>
    <createDate>2017-03-28T05:32:29Z</createDate>
    <title>Recognizing linemen, the profession of linemen, the contributions of these brave men and women who protect public safety, and expressing support for the designation of April 18, 2017, as National Lineman Appreciation Day.</title>
    <summaries>
      <billSummaries>
        <item>
          <text><![CDATA[<p>Recognizes the efforts of linemen in keeping the electrical power on and protecting public safety.</p> <p>Expresses support for the designation of National Lineman Appreciation Day.</p>]]></text>
          <actionDate>2017-03-27</actionDate>
          <updateDate>2017-03-27T04:00:00Z</updateDate>
          <lastSummaryUpdateDate>2017-08-14T15:51:47Z</lastSummaryUpdateDate>
          <name>Introduced in House</name>
          <actionDesc>Introduced in House</actionDesc>
          <versionCode>00</versionCode>
        </item>
      </billSummaries>
    </summaries>
    <actions>
      <actionTypeCounts>
        <placeholderTextForH>1</placeholderTextForH>
        <introducedInTheHouse>1</introducedInTheHouse>
        <introducedInHouse>1</introducedInHouse>
        <billReferrals>1</billReferrals>
      </actionTypeCounts>
      <item>
        <actionDate>2017-03-31</actionDate>
        <committee>
          <systemCode>hsif03</systemCode>
          <name>Energy and Power Subcommittee</name>
        </committee>
        <links />
        <sourceSystem>
          <name>House committee actions</name>
          <code>1</code>
        </sourceSystem>
        <text>Referred to the Subcommittee on Energy.</text>
        <type>Committee</type>
      </item>
      <item>
        <text>Referred to the House Committee on Energy and Commerce.</text>
        <links />
        <actionDate>2017-03-27</actionDate>
        <committee>
          <systemCode>hsif00</systemCode>
          <name>Energy and Commerce Committee</name>
        </committee>
        <sourceSystem>
          <name>House floor actions</name>
          <code>2</code>
        </sourceSystem>
        <type>IntroReferral</type>
        <actionCode>H11100</actionCode>
      </item>
      <item>
        <text>Introduced in House</text>
        <links />
        <actionDate>2017-03-27</actionDate>
        <committee />
        <sourceSystem>
          <name>Library of Congress</name>
          <code>9</code>
        </sourceSystem>
        <type>IntroReferral</type>
        <actionCode>Intro-H</actionCode>
      </item>
      <item>
        <text>Introduced in House</text>
        <links />
        <actionDate>2017-03-27</actionDate>
        <committee />
        <sourceSystem>
          <name>Library of Congress</name>
          <code>9</code>
        </sourceSystem>
        <type>IntroReferral</type>
        <actionCode>1000</actionCode>
      </item>
      <actionByCounts>
        <houseOfRepresentatives>4</houseOfRepresentatives>
      </actionByCounts>
    </actions>
    <updateDate>2018-02-06T16:39:40Z</updateDate>
    <amendments />
    <notes />
    <sponsors>
      <item>
        <bioguideId>R000603</bioguideId>
        <district>7</district>
        <middleName />
        <byRequestType />
        <firstName>David</firstName>
        <lastName>Rouzer</lastName>
        <state>NC</state>
        <party>R</party>
        <identifiers>
          <gpoId />
          <lisID>2256</lisID>
          <bioguideId>R000603</bioguideId>
        </identifiers>
        <fullName>Rep. Rouzer, David [R-NC-7]</fullName>
      </item>
    </sponsors>
    <committees>
      <billCommittees>
        <item>
          <chamber>House</chamber>
          <name>Energy and Commerce Committee</name>
          <systemCode>hsif00</systemCode>
          <activities>
            <item>
              <date>2017-03-27T16:02:30Z</date>
              <name>Referred to</name>
            </item>
          </activities>
          <type>Standing</type>
          <subcommittees>
            <item>
              <systemCode>hsif03</systemCode>
              <activities>
                <item>
                  <date>2017-03-31T13:14:09Z</date>
                  <name>Referred to</name>
                </item>
              </activities>
              <name>Energy and Power Subcommittee</name>
            </item>
          </subcommittees>
        </item>
      </billCommittees>
    </committees>
    <cosponsors>
      <item>
        <identifiers>
          <lisID>2130</lisID>
          <bioguideId>M001189</bioguideId>
          <gpoId />
        </identifiers>
        <sponsorshipDate>2017-04-03</sponsorshipDate>
        <district>6</district>
        <middleName />
        <sponsorshipWithdrawnDate />
        <fullName>Rep. Messer, Luke [R-IN-6]</fullName>
        <party>R</party>
        <firstName>Luke</firstName>
        <isOriginalCosponsor>False</isOriginalCosponsor>
        <lastName>Messer</lastName>
        <state>IN</state>
        <bioguideId>M001189</bioguideId>
      </item>
      <item>
        <identifiers>
          <bioguideId>W000813</bioguideId>
          <gpoId />
          <lisID>2128</lisID>
        </identifiers>
        <sponsorshipDate>2017-04-03</sponsorshipDate>
        <district>2</district>
        <middleName />
        <sponsorshipWithdrawnDate />
        <fullName>Rep. Walorski, Jackie [R-IN-2]</fullName>
        <party>R</party>
        <firstName>Jackie</firstName>
        <isOriginalCosponsor>False</isOriginalCosponsor>
        <lastName>Walorski</lastName>
        <state>IN</state>
        <bioguideId>W000813</bioguideId>
      </item>
      <item>
        <identifiers>
          <lisID>2140</lisID>
          <bioguideId>H001067</bioguideId>
          <gpoId />
        </identifiers>
        <sponsorshipDate>2017-04-04</sponsorshipDate>
        <district>8</district>
        <middleName />
        <sponsorshipWithdrawnDate />
        <fullName>Rep. Hudson, Richard [R-NC-8]</fullName>
        <party>R</party>
        <firstName>Richard</firstName>
        <isOriginalCosponsor>False</isOriginalCosponsor>
        <lastName>Hudson</lastName>
        <state>NC</state>
        <bioguideId>H001067</bioguideId>
      </item>
      <item>
        <identifiers>
          <bioguideId>R000583</bioguideId>
          <lisID>1916</lisID>
          <gpoId>7888</gpoId>
        </identifiers>
        <sponsorshipDate>2017-04-04</sponsorshipDate>
        <district>17</district>
        <middleName>J.</middleName>
        <sponsorshipWithdrawnDate />
        <fullName>Rep. Rooney, Thomas J. [R-FL-17]</fullName>
        <party>R</party>
        <firstName>Thomas</firstName>
        <isOriginalCosponsor>False</isOriginalCosponsor>
        <lastName>Rooney</lastName>
        <state>FL</state>
        <bioguideId>R000583</bioguideId>
      </item>
      <item>
        <identifiers>
          <lisID>186</lisID>
          <bioguideId>C000266</bioguideId>
          <gpoId>8091</gpoId>
        </identifiers>
        <sponsorshipDate>2017-04-04</sponsorshipDate>
        <district>1</district>
        <middleName />
        <sponsorshipWithdrawnDate />
        <fullName>Rep. Chabot, Steve [R-OH-1]</fullName>
        <party>R</party>
        <firstName>STEVE</firstName>
        <isOriginalCosponsor>False</isOriginalCosponsor>
        <lastName>CHABOT</lastName>
        <state>OH</state>
        <bioguideId>C000266</bioguideId>
      </item>
      <item>
        <identifiers>
          <gpoId />
          <lisID>2326</lisID>
          <bioguideId>B001299</bioguideId>
        </identifiers>
        <sponsorshipDate>2017-04-04</sponsorshipDate>
        <district>3</district>
        <middleName />
        <sponsorshipWithdrawnDate />
        <fullName>Rep. Banks, Jim [R-IN-3]</fullName>
        <party>R</party>
        <firstName>Jim</firstName>
        <isOriginalCosponsor>False</isOriginalCosponsor>
        <lastName>Banks</lastName>
        <state>IN</state>
        <bioguideId>B001299</bioguideId>
      </item>
      <item>
        <identifiers>
          <lisID>2142</lisID>
          <bioguideId>M001187</bioguideId>
          <gpoId />
        </identifiers>
        <sponsorshipDate>2017-04-12</sponsorshipDate>
        <district>11</district>
        <middleName />
        <sponsorshipWithdrawnDate />
        <fullName>Rep. Meadows, Mark [R-NC-11]</fullName>
        <party>R</party>
        <firstName>Mark</firstName>
        <isOriginalCosponsor>False</isOriginalCosponsor>
        <lastName>Meadows</lastName>
        <state>NC</state>
        <bioguideId>M001187</bioguideId>
      </item>
      <item>
        <identifiers>
          <gpoId />
          <lisID>2318</lisID>
          <bioguideId>M001202</bioguideId>
        </identifiers>
        <sponsorshipDate>2017-04-12</sponsorshipDate>
        <district>7</district>
        <middleName>N.</middleName>
        <sponsorshipWithdrawnDate />
        <fullName>Rep. Murphy, Stephanie N. [D-FL-7]</fullName>
        <party>D</party>
        <firstName>Stephanie</firstName>
        <isOriginalCosponsor>False</isOriginalCosponsor>
        <lastName>Murphy</lastName>
        <state>FL</state>
        <bioguideId>M001202</bioguideId>
      </item>
      <item>
        <identifiers>
          <bioguideId>J000255</bioguideId>
          <gpoId>8026</gpoId>
          <lisID>612</lisID>
        </identifiers>
        <sponsorshipDate>2017-04-12</sponsorshipDate>
        <district>3</district>
        <middleName>B.</middleName>
        <sponsorshipWithdrawnDate />
        <fullName>Rep. Jones, Walter B., Jr. [R-NC-3]</fullName>
        <party>R</party>
        <firstName>WALTER</firstName>
        <isOriginalCosponsor>False</isOriginalCosponsor>
        <lastName>JONES</lastName>
        <state>NC</state>
        <bioguideId>J000255</bioguideId>
      </item>
      <item>
        <identifiers>
          <lisID>2115</lisID>
          <gpoId />
          <bioguideId>Y000065</bioguideId>
        </identifiers>
        <sponsorshipDate>2017-04-12</sponsorshipDate>
        <district>3</district>
        <middleName>S.</middleName>
        <sponsorshipWithdrawnDate />
        <fullName>Rep. Yoho, Ted S. [R-FL-3]</fullName>
        <party>R</party>
        <firstName>Ted</firstName>
        <isOriginalCosponsor>False</isOriginalCosponsor>
        <lastName>Yoho</lastName>
        <state>FL</state>
        <bioguideId>Y000065</bioguideId>
      </item>
      <item>
        <identifiers>
          <bioguideId>P000599</bioguideId>
          <gpoId>7887</gpoId>
          <lisID>1915</lisID>
        </identifiers>
        <sponsorshipDate>2017-04-12</sponsorshipDate>
        <district>8</district>
        <middleName />
        <sponsorshipWithdrawnDate />
        <fullName>Rep. Posey, Bill [R-FL-8]</fullName>
        <party>R</party>
        <firstName>Bill</firstName>
        <isOriginalCosponsor>False</isOriginalCosponsor>
        <lastName>Posey</lastName>
        <state>FL</state>
        <bioguideId>P000599</bioguideId>
      </item>
      <item>
        <identifiers>
          <gpoId />
          <lisID>2315</lisID>
          <bioguideId>D000628</bioguideId>
        </identifiers>
        <sponsorshipDate>2017-04-20</sponsorshipDate>
        <district>2</district>
        <middleName>P.</middleName>
        <sponsorshipWithdrawnDate />
        <fullName>Rep. Dunn, Neal P. [R-FL-2]</fullName>
        <party>R</party>
        <firstName>Neal</firstName>
        <isOriginalCosponsor>False</isOriginalCosponsor>
        <lastName>Dunn</lastName>
        <state>FL</state>
        <bioguideId>D000628</bioguideId>
      </item>
      <item>
        <identifiers>
          <lisID>2321</lisID>
          <bioguideId>C001111</bioguideId>
          <gpoId />
        </identifiers>
        <sponsorshipDate>2017-04-20</sponsorshipDate>
        <district>13</district>
        <middleName />
        <sponsorshipWithdrawnDate />
        <fullName>Rep. Crist, Charlie [D-FL-13]</fullName>
        <party>D</party>
        <firstName>Charlie</firstName>
        <isOriginalCosponsor>False</isOriginalCosponsor>
        <lastName>Crist</lastName>
        <state>FL</state>
        <bioguideId>C001111</bioguideId>
      </item>
      <item>
        <identifiers>
          <lisID>2153</lisID>
          <bioguideId>B001281</bioguideId>
          <gpoId />
        </identifiers>
        <sponsorshipDate>2017-04-20</sponsorshipDate>
        <district>3</district>
        <middleName />
        <sponsorshipWithdrawnDate />
        <fullName>Rep. Beatty, Joyce [D-OH-3]</fullName>
        <party>D</party>
        <firstName>Joyce</firstName>
        <isOriginalCosponsor>False</isOriginalCosponsor>
        <lastName>Beatty</lastName>
        <state>OH</state>
        <bioguideId>B001281</bioguideId>
      </item>
    </cosponsors>
    <constitutionalAuthorityStatementText />
    <policyArea>
      <name>Labor and Employment</name>
    </policyArea>
    <cboCostEstimates />
    <laws />
    <congress>115</congress>
    <version>1.0.0</version>
    <introducedDate>2017-03-27</introducedDate>
    <committeeReports />
    <titles>
      <item>
        <chamberName />
        <parentTitleType />
        <chamberCode />
        <titleType>Official Title as Introduced</titleType>
        <title>Recognizing linemen, the profession of linemen, the contributions of these brave men and women who protect public safety, and expressing support for the designation of April 18, 2017, as National Lineman Appreciation Day.</title>
      </item>
      <item>
        <chamberName />
        <parentTitleType />
        <chamberCode />
        <titleType>Display Title</titleType>
        <title>Recognizing linemen, the profession of linemen, the contributions of these brave men and women who protect public safety, and expressing support for the designation of April 18, 2017, as National Lineman Appreciation Day.</title>
      </item>
    </titles>
    <calendarNumbers />
    <subjects>
      <billSubjects>
        <policyArea>
          <name>Labor and Employment</name>
        </policyArea>
        <legislativeSubjects>
          <item>
            <name>Commemorative events and holidays</name>
          </item>
          <item>
            <name>Congressional tributes</name>
          </item>
          <item>
            <name>Electric power generation and transmission</name>
          </item>
          <item>
            <name>Worker safety and health</name>
          </item>
        </legislativeSubjects>
      </billSubjects>
    </subjects>
    <billType>HRES</billType>
  </bill>
  <dublinCore xmlns:dc="http://purl.org/dc/elements/1.1/">
    <dc:format>text/xml</dc:format>
    <dc:language>EN</dc:language>
    <dc:rights>Pursuant to Title 17 Section 105 of the United States Code, this file is not subject to copyright protection and is in the public domain.</dc:rights>
    <dc:contributor>Congressional Research Service, Library of Congress</dc:contributor>
    <dc:description>This file contains bill summaries and statuses for federal legislation. A bill summary describes the most significant provisions of a piece of legislation and details the effects the legislative text may have on current law and federal programs. Bill summaries are authored by the Congressional Research Service (CRS) of the Library of Congress. As stated in Public Law 91-510 (2 USC 166 (d)(6)), one of the duties of CRS is "to prepare summaries and digests of bills and resolutions of a public general nature introduced in the Senate or House of Representatives". For more information, refer to the User Guide that accompanies this file.</dc:description>
  </dublinCore>
</billStatus>

