<?xml version="1.0" encoding="UTF-8"?>
<billStatus>
  <bill>
    <cosponsors />
    <congress>115</congress>
    <committees>
      <billCommittees>
        <item>
          <systemCode>hsag00</systemCode>
          <chamber>House</chamber>
          <type>Standing</type>
          <activities>
            <item>
              <date>2017-07-27T14:08:15Z</date>
              <name>Referred to</name>
            </item>
          </activities>
          <name>Agriculture Committee</name>
          <subcommittees>
            <item>
              <activities>
                <item>
                  <date>2017-08-08T13:42:50Z</date>
                  <name>Referred to</name>
                </item>
              </activities>
              <systemCode>hsag15</systemCode>
              <name>Conservation and Forestry Subcommittee</name>
            </item>
          </subcommittees>
        </item>
        <item>
          <systemCode>hsii00</systemCode>
          <chamber>House</chamber>
          <type>Standing</type>
          <activities>
            <item>
              <date>2017-07-27T14:08:10Z</date>
              <name>Referred to</name>
            </item>
          </activities>
          <name>Natural Resources Committee</name>
          <subcommittees>
            <item>
              <activities>
                <item>
                  <date>2017-07-28T13:09:58Z</date>
                  <name>Referred to</name>
                </item>
              </activities>
              <systemCode>hsii13</systemCode>
              <name>Water, Power and Oceans Subcommittee</name>
            </item>
            <item>
              <activities>
                <item>
                  <date>2017-07-28T13:09:52Z</date>
                  <name>Referred to</name>
                </item>
              </activities>
              <systemCode>hsii10</systemCode>
              <name>Federal Lands Subcommittee</name>
            </item>
          </subcommittees>
        </item>
      </billCommittees>
    </committees>
    <constitutionalAuthorityStatementText />
    <laws />
    <titles>
      <item>
        <chamberCode />
        <chamberName />
        <parentTitleType />
        <titleType>Official Title as Introduced</titleType>
        <title>Expressing the support of the House of Representatives for the priorities and goals of Executive Order 13443.</title>
      </item>
      <item>
        <chamberCode />
        <chamberName />
        <parentTitleType />
        <titleType>Display Title</titleType>
        <title>Expressing the support of the House of Representatives for the priorities and goals of Executive Order 13443.</title>
      </item>
    </titles>
    <billType>HRES</billType>
    <amendments />
    <recordedVotes />
    <actions>
      <actionTypeCounts>
        <placeholderTextForH>3</placeholderTextForH>
        <introducedInTheHouse>1</introducedInTheHouse>
        <introducedInHouse>1</introducedInHouse>
        <billReferrals>2</billReferrals>
      </actionTypeCounts>
      <item>
        <actionDate>2017-08-08</actionDate>
        <committee>
          <systemCode>hsag15</systemCode>
          <name>Conservation and Forestry Subcommittee</name>
        </committee>
        <links />
        <sourceSystem>
          <name>House committee actions</name>
          <code>1</code>
        </sourceSystem>
        <text>Referred to the Subcommittee on Conservation and Forestry.</text>
        <type>Committee</type>
      </item>
      <item>
        <actionDate>2017-07-28</actionDate>
        <committee>
          <systemCode>hsii13</systemCode>
          <name>Water, Power and Oceans Subcommittee</name>
        </committee>
        <links />
        <sourceSystem>
          <name>House committee actions</name>
          <code>1</code>
        </sourceSystem>
        <text>Referred to the Subcommittee on Water, Power and Oceans.</text>
        <type>Committee</type>
      </item>
      <item>
        <actionDate>2017-07-28</actionDate>
        <committee>
          <systemCode>hsii10</systemCode>
          <name>Federal Lands Subcommittee</name>
        </committee>
        <links />
        <sourceSystem>
          <name>House committee actions</name>
          <code>1</code>
        </sourceSystem>
        <text>Referred to the Subcommittee on Federal Lands.</text>
        <type>Committee</type>
      </item>
      <item>
        <text>Referred to the Committee on Natural Resources, and in addition to the Committee on Agriculture, for a period to be subsequently determined by the Speaker, in each case for consideration of such provisions as fall within the jurisdiction of the committee concerned.</text>
        <links />
        <actionDate>2017-07-27</actionDate>
        <committee>
          <systemCode>hsag00</systemCode>
          <name>Agriculture Committee</name>
        </committee>
        <sourceSystem>
          <name>House floor actions</name>
          <code>2</code>
        </sourceSystem>
        <type>IntroReferral</type>
        <actionCode>H11100</actionCode>
      </item>
      <item>
        <text>Referred to the Committee on Natural Resources, and in addition to the Committee on Agriculture, for a period to be subsequently determined by the Speaker, in each case for consideration of such provisions as fall within the jurisdiction of the committee concerned.</text>
        <links />
        <actionDate>2017-07-27</actionDate>
        <committee>
          <systemCode>hsii00</systemCode>
          <name>Natural Resources Committee</name>
        </committee>
        <sourceSystem>
          <name>House floor actions</name>
          <code>2</code>
        </sourceSystem>
        <type>IntroReferral</type>
        <actionCode>H11100</actionCode>
      </item>
      <item>
        <text>Introduced in House</text>
        <links />
        <actionDate>2017-07-27</actionDate>
        <committee />
        <sourceSystem>
          <name>Library of Congress</name>
          <code>9</code>
        </sourceSystem>
        <type>IntroReferral</type>
        <actionCode>Intro-H</actionCode>
      </item>
      <item>
        <text>Introduced in House</text>
        <links />
        <actionDate>2017-07-27</actionDate>
        <committee />
        <sourceSystem>
          <name>Library of Congress</name>
          <code>9</code>
        </sourceSystem>
        <type>IntroReferral</type>
        <actionCode>1000</actionCode>
      </item>
      <actionByCounts>
        <houseOfRepresentatives>7</houseOfRepresentatives>
      </actionByCounts>
    </actions>
    <introducedDate>2017-07-27</introducedDate>
    <relatedBills />
    <committeeReports />
    <calendarNumbers />
    <billNumber>483</billNumber>
    <summaries>
      <billSummaries>
        <item>
          <text><![CDATA[<p>Supports efforts to: (1) reaffirm to federal agencies the priorities and goals of Executive Order 13443 (directing federal agencies that have programs and activities that have a measurable effect on public land management, outdoor recreation, and wildlife management to facilitate the expansion and enhancement of hunting opportunities and the management and conservation of game species and their habitat), and (2) recommend that the President issue a new executive order that reestablishes such priorities and goals. </p>]]></text>
          <name>Introduced in House</name>
          <lastSummaryUpdateDate>2017-10-31T20:08:29Z</lastSummaryUpdateDate>
          <versionCode>00</versionCode>
          <actionDesc>Introduced in House</actionDesc>
          <updateDate>2017-07-27T04:00:00Z</updateDate>
          <actionDate>2017-07-27</actionDate>
        </item>
      </billSummaries>
    </summaries>
    <cboCostEstimates />
    <updateDate>2018-02-06T16:39:56Z</updateDate>
    <policyArea>
      <name>Public Lands and Natural Resources</name>
    </policyArea>
    <latestAction>
      <text>Referred to the Subcommittee on Conservation and Forestry.</text>
      <actionDate>2017-08-08</actionDate>
      <links />
    </latestAction>
    <version>1.0.0</version>
    <subjects>
      <billSubjects>
        <policyArea>
          <name>Public Lands and Natural Resources</name>
        </policyArea>
        <legislativeSubjects>
          <item>
            <name>Hunting and fishing</name>
          </item>
          <item>
            <name>Presidents and presidential powers, Vice Presidents</name>
          </item>
          <item>
            <name>Wildlife conservation and habitat protection</name>
          </item>
        </legislativeSubjects>
      </billSubjects>
    </subjects>
    <title>Expressing the support of the House of Representatives for the priorities and goals of Executive Order 13443.</title>
    <originChamber>House</originChamber>
    <sponsors>
      <item>
        <byRequestType />
        <district>50</district>
        <party>R</party>
        <fullName>Rep. Hunter, Duncan D. [R-CA-50]</fullName>
        <lastName>Hunter</lastName>
        <state>CA</state>
        <bioguideId>H001048</bioguideId>
        <middleName>D.</middleName>
        <firstName>Duncan</firstName>
        <identifiers>
          <gpoId>7857</gpoId>
          <lisID>1909</lisID>
          <bioguideId>H001048</bioguideId>
        </identifiers>
      </item>
    </sponsors>
    <notes />
    <createDate>2017-07-28T03:11:32Z</createDate>
  </bill>
  <dublinCore xmlns:dc="http://purl.org/dc/elements/1.1/">
    <dc:format>text/xml</dc:format>
    <dc:language>EN</dc:language>
    <dc:rights>Pursuant to Title 17 Section 105 of the United States Code, this file is not subject to copyright protection and is in the public domain.</dc:rights>
    <dc:contributor>Congressional Research Service, Library of Congress</dc:contributor>
    <dc:description>This file contains bill summaries and statuses for federal legislation. A bill summary describes the most significant provisions of a piece of legislation and details the effects the legislative text may have on current law and federal programs. Bill summaries are authored by the Congressional Research Service (CRS) of the Library of Congress. As stated in Public Law 91-510 (2 USC 166 (d)(6)), one of the duties of CRS is "to prepare summaries and digests of bills and resolutions of a public general nature introduced in the Senate or House of Representatives". For more information, refer to the User Guide that accompanies this file.</dc:description>
  </dublinCore>
</billStatus>

