<?xml version="1.0" encoding="UTF-8"?>
<billStatus>
  <bill>
    <committeeReports />
    <summaries>
      <billSummaries>
        <item>
          <versionCode>00</versionCode>
          <actionDate>2017-03-15</actionDate>
          <actionDesc>Introduced in House</actionDesc>
          <text><![CDATA[<p>Honors Gibraltar's contribution to advancing U.S. security interests in the Mediterranean region.</p> <p> States that the views and rights of Gibraltarians should always be imperative in any discussion of Gibraltar's status as a British Overseas Territory.</p>]]></text>
          <lastSummaryUpdateDate>2017-03-18T12:53:30Z</lastSummaryUpdateDate>
          <name>Introduced in House</name>
          <updateDate>2017-03-15T04:00:00Z</updateDate>
        </item>
      </billSummaries>
    </summaries>
    <relatedBills />
    <createDate>2017-03-16T05:28:09Z</createDate>
    <cosponsors>
      <item>
        <party>D</party>
        <sponsorshipDate>2017-03-15</sponsorshipDate>
        <middleName>E.</middleName>
        <bioguideId>C001078</bioguideId>
        <isOriginalCosponsor>True</isOriginalCosponsor>
        <lastName>Connolly</lastName>
        <identifiers>
          <lisID>1959</lisID>
          <bioguideId>C001078</bioguideId>
          <gpoId>8202</gpoId>
        </identifiers>
        <state>VA</state>
        <fullName>Rep. Connolly, Gerald E. [D-VA-11]</fullName>
        <sponsorshipWithdrawnDate />
        <firstName>Gerald</firstName>
        <district>11</district>
      </item>
      <item>
        <party>R</party>
        <sponsorshipDate>2017-03-15</sponsorshipDate>
        <middleName />
        <bioguideId>D000600</bioguideId>
        <isOriginalCosponsor>True</isOriginalCosponsor>
        <lastName>Diaz-Balart</lastName>
        <identifiers>
          <bioguideId>D000600</bioguideId>
          <lisID>1717</lisID>
          <gpoId>7893</gpoId>
        </identifiers>
        <state>FL</state>
        <fullName>Rep. Diaz-Balart, Mario [R-FL-25]</fullName>
        <sponsorshipWithdrawnDate />
        <firstName>Mario</firstName>
        <district>25</district>
      </item>
      <item>
        <party>D</party>
        <sponsorshipDate>2017-03-15</sponsorshipDate>
        <middleName />
        <bioguideId>F000462</bioguideId>
        <isOriginalCosponsor>True</isOriginalCosponsor>
        <lastName>Frankel</lastName>
        <identifiers>
          <gpoId />
          <lisID>2119</lisID>
          <bioguideId>F000462</bioguideId>
        </identifiers>
        <state>FL</state>
        <fullName>Rep. Frankel, Lois [D-FL-21]</fullName>
        <sponsorshipWithdrawnDate />
        <firstName>Lois</firstName>
        <district>21</district>
      </item>
      <item>
        <party>R</party>
        <sponsorshipDate>2017-03-15</sponsorshipDate>
        <middleName />
        <bioguideId>N000181</bioguideId>
        <isOriginalCosponsor>True</isOriginalCosponsor>
        <lastName>Nunes</lastName>
        <identifiers>
          <gpoId>7826</gpoId>
          <lisID>1710</lisID>
          <bioguideId>N000181</bioguideId>
        </identifiers>
        <state>CA</state>
        <fullName>Rep. Nunes, Devin [R-CA-22]</fullName>
        <sponsorshipWithdrawnDate />
        <firstName>Devin</firstName>
        <district>22</district>
      </item>
      <item>
        <party>R</party>
        <sponsorshipDate>2017-03-15</sponsorshipDate>
        <middleName>Coleman</middleName>
        <bioguideId>R000600</bioguideId>
        <isOriginalCosponsor>True</isOriginalCosponsor>
        <lastName>Radewagen</lastName>
        <identifiers>
          <bioguideId>R000600</bioguideId>
          <lisID>2222</lisID>
          <gpoId />
        </identifiers>
        <state>AS</state>
        <fullName>Rep. Radewagen, Aumua Amata Coleman [R-AS-At Large]</fullName>
        <sponsorshipWithdrawnDate />
        <firstName>Aumua Amata</firstName>
        <district>0</district>
      </item>
      <item>
        <party>D</party>
        <sponsorshipDate>2017-03-15</sponsorshipDate>
        <middleName />
        <bioguideId>K000188</bioguideId>
        <isOriginalCosponsor>True</isOriginalCosponsor>
        <lastName>KIND</lastName>
        <identifiers>
          <bioguideId>K000188</bioguideId>
          <lisID>1498</lisID>
          <gpoId>8216</gpoId>
        </identifiers>
        <state>WI</state>
        <fullName>Rep. Kind, Ron [D-WI-3]</fullName>
        <sponsorshipWithdrawnDate />
        <firstName>RON</firstName>
        <district>3</district>
      </item>
      <item>
        <party>D</party>
        <sponsorshipDate>2017-03-15</sponsorshipDate>
        <middleName />
        <bioguideId>K000381</bioguideId>
        <isOriginalCosponsor>True</isOriginalCosponsor>
        <lastName>Kilmer</lastName>
        <identifiers>
          <lisID>2169</lisID>
          <gpoId />
          <bioguideId>K000381</bioguideId>
        </identifiers>
        <state>WA</state>
        <fullName>Rep. Kilmer, Derek [D-WA-6]</fullName>
        <sponsorshipWithdrawnDate />
        <firstName>Derek</firstName>
        <district>6</district>
      </item>
      <item>
        <party>D</party>
        <sponsorshipDate>2017-03-15</sponsorshipDate>
        <middleName>H.</middleName>
        <bioguideId>C000754</bioguideId>
        <isOriginalCosponsor>True</isOriginalCosponsor>
        <lastName>COOPER</lastName>
        <identifiers>
          <gpoId>8152</gpoId>
          <bioguideId>C000754</bioguideId>
          <lisID>231</lisID>
        </identifiers>
        <state>TN</state>
        <fullName>Rep. Cooper, Jim [D-TN-5]</fullName>
        <sponsorshipWithdrawnDate />
        <firstName>JAMES</firstName>
        <district>5</district>
      </item>
      <item>
        <party>R</party>
        <sponsorshipDate>2017-03-15</sponsorshipDate>
        <middleName>J.</middleName>
        <bioguideId>R000583</bioguideId>
        <isOriginalCosponsor>True</isOriginalCosponsor>
        <lastName>Rooney</lastName>
        <identifiers>
          <gpoId>7888</gpoId>
          <lisID>1916</lisID>
          <bioguideId>R000583</bioguideId>
        </identifiers>
        <state>FL</state>
        <fullName>Rep. Rooney, Thomas J. [R-FL-17]</fullName>
        <sponsorshipWithdrawnDate />
        <firstName>Thomas</firstName>
        <district>17</district>
      </item>
      <item>
        <party>D</party>
        <sponsorshipDate>2017-03-15</sponsorshipDate>
        <middleName />
        <bioguideId>S000344</bioguideId>
        <isOriginalCosponsor>True</isOriginalCosponsor>
        <lastName>SHERMAN</lastName>
        <identifiers>
          <lisID>1526</lisID>
          <gpoId>7832</gpoId>
          <bioguideId>S000344</bioguideId>
        </identifiers>
        <state>CA</state>
        <fullName>Rep. Sherman, Brad [D-CA-30]</fullName>
        <sponsorshipWithdrawnDate />
        <firstName>BRAD</firstName>
        <district>30</district>
      </item>
      <item>
        <party>R</party>
        <sponsorshipDate>2017-03-15</sponsorshipDate>
        <middleName />
        <bioguideId>R000435</bioguideId>
        <isOriginalCosponsor>True</isOriginalCosponsor>
        <lastName>ROS-LEHTINEN</lastName>
        <identifiers>
          <gpoId>7890</gpoId>
          <lisID>985</lisID>
          <bioguideId>R000435</bioguideId>
        </identifiers>
        <state>FL</state>
        <fullName>Rep. Ros-Lehtinen, Ileana [R-FL-27]</fullName>
        <sponsorshipWithdrawnDate />
        <firstName>ILEANA</firstName>
        <district>27</district>
      </item>
      <item>
        <party>R</party>
        <sponsorshipDate>2017-03-15</sponsorshipDate>
        <middleName>J.</middleName>
        <bioguideId>R000580</bioguideId>
        <isOriginalCosponsor>True</isOriginalCosponsor>
        <lastName>Roskam</lastName>
        <identifiers>
          <gpoId>7926</gpoId>
          <bioguideId>R000580</bioguideId>
          <lisID>1848</lisID>
        </identifiers>
        <state>IL</state>
        <fullName>Rep. Roskam, Peter J. [R-IL-6]</fullName>
        <sponsorshipWithdrawnDate />
        <firstName>Peter</firstName>
        <district>6</district>
      </item>
      <item>
        <party>D</party>
        <sponsorshipDate>2017-03-15</sponsorshipDate>
        <middleName />
        <bioguideId>C001069</bioguideId>
        <isOriginalCosponsor>True</isOriginalCosponsor>
        <lastName>Courtney</lastName>
        <identifiers>
          <bioguideId>C001069</bioguideId>
          <lisID>1836</lisID>
          <gpoId>7867</gpoId>
        </identifiers>
        <state>CT</state>
        <fullName>Rep. Courtney, Joe [D-CT-2]</fullName>
        <sponsorshipWithdrawnDate />
        <firstName>Joe</firstName>
        <district>2</district>
      </item>
      <item>
        <party>D</party>
        <sponsorshipDate>2017-03-15</sponsorshipDate>
        <middleName>L.</middleName>
        <bioguideId>H000324</bioguideId>
        <isOriginalCosponsor>True</isOriginalCosponsor>
        <lastName>HASTINGS</lastName>
        <identifiers>
          <bioguideId>H000324</bioguideId>
          <lisID>511</lisID>
          <gpoId>7895</gpoId>
        </identifiers>
        <state>FL</state>
        <fullName>Rep. Hastings, Alcee L. [D-FL-20]</fullName>
        <sponsorshipWithdrawnDate />
        <firstName>ALCEE</firstName>
        <district>20</district>
      </item>
      <item>
        <party>R</party>
        <sponsorshipDate>2017-03-15</sponsorshipDate>
        <middleName>J. "Chuck"</middleName>
        <bioguideId>F000459</bioguideId>
        <isOriginalCosponsor>True</isOriginalCosponsor>
        <lastName>Fleischmann</lastName>
        <identifiers>
          <bioguideId>F000459</bioguideId>
          <lisID>2061</lisID>
          <gpoId>8150</gpoId>
        </identifiers>
        <state>TN</state>
        <fullName>Rep. Fleischmann, Charles J. "Chuck" [R-TN-3]</fullName>
        <sponsorshipWithdrawnDate />
        <firstName>Charles</firstName>
        <district>3</district>
      </item>
      <item>
        <party>D</party>
        <sponsorshipDate>2017-03-15</sponsorshipDate>
        <middleName>Dutch</middleName>
        <bioguideId>R000576</bioguideId>
        <isOriginalCosponsor>True</isOriginalCosponsor>
        <lastName>Ruppersberger</lastName>
        <identifiers>
          <bioguideId>R000576</bioguideId>
          <lisID>1728</lisID>
          <gpoId>7977</gpoId>
        </identifiers>
        <state>MD</state>
        <fullName>Rep. Ruppersberger, C. A. Dutch [D-MD-2]</fullName>
        <sponsorshipWithdrawnDate />
        <firstName>C. A.</firstName>
        <district>2</district>
      </item>
      <item>
        <party>R</party>
        <sponsorshipDate>2017-03-15</sponsorshipDate>
        <middleName>JAMES</middleName>
        <bioguideId>S000244</bioguideId>
        <isOriginalCosponsor>True</isOriginalCosponsor>
        <lastName>SENSENBRENNER</lastName>
        <identifiers>
          <bioguideId>S000244</bioguideId>
          <lisID>1041</lisID>
          <gpoId>8218</gpoId>
        </identifiers>
        <state>WI</state>
        <fullName>Rep. Sensenbrenner, F. James, Jr. [R-WI-5]</fullName>
        <sponsorshipWithdrawnDate />
        <firstName>F.</firstName>
        <district>5</district>
      </item>
      <item>
        <party>D</party>
        <sponsorshipDate>2017-03-15</sponsorshipDate>
        <middleName />
        <bioguideId>H001038</bioguideId>
        <isOriginalCosponsor>True</isOriginalCosponsor>
        <lastName>Higgins</lastName>
        <identifiers>
          <bioguideId>H001038</bioguideId>
          <lisID>1794</lisID>
          <gpoId>8088</gpoId>
        </identifiers>
        <state>NY</state>
        <fullName>Rep. Higgins, Brian [D-NY-26]</fullName>
        <sponsorshipWithdrawnDate />
        <firstName>Brian</firstName>
        <district>26</district>
      </item>
      <item>
        <party>D</party>
        <sponsorshipDate>2017-03-15</sponsorshipDate>
        <middleName />
        <bioguideId>S001175</bioguideId>
        <isOriginalCosponsor>True</isOriginalCosponsor>
        <lastName>Speier</lastName>
        <identifiers>
          <gpoId>7817</gpoId>
          <lisID>1890</lisID>
          <bioguideId>S001175</bioguideId>
        </identifiers>
        <state>CA</state>
        <fullName>Rep. Speier, Jackie [D-CA-14]</fullName>
        <sponsorshipWithdrawnDate />
        <firstName>Jackie</firstName>
        <district>14</district>
      </item>
      <item>
        <party>R</party>
        <sponsorshipDate>2017-03-30</sponsorshipDate>
        <middleName />
        <bioguideId>P000592</bioguideId>
        <isOriginalCosponsor>False</isOriginalCosponsor>
        <lastName>Poe</lastName>
        <identifiers>
          <bioguideId>P000592</bioguideId>
          <gpoId>8158</gpoId>
          <lisID>1802</lisID>
        </identifiers>
        <state>TX</state>
        <fullName>Rep. Poe, Ted [R-TX-2]</fullName>
        <sponsorshipWithdrawnDate />
        <firstName>Ted</firstName>
        <district>2</district>
      </item>
      <item>
        <party>R</party>
        <sponsorshipDate>2017-03-30</sponsorshipDate>
        <middleName>T.</middleName>
        <bioguideId>M001157</bioguideId>
        <isOriginalCosponsor>False</isOriginalCosponsor>
        <lastName>McCaul</lastName>
        <identifiers>
          <lisID>1804</lisID>
          <gpoId>8166</gpoId>
          <bioguideId>M001157</bioguideId>
        </identifiers>
        <state>TX</state>
        <fullName>Rep. McCaul, Michael T. [R-TX-10]</fullName>
        <sponsorshipWithdrawnDate />
        <firstName>Michael</firstName>
        <district>10</district>
      </item>
      <item>
        <party>R</party>
        <sponsorshipDate>2017-04-04</sponsorshipDate>
        <middleName />
        <bioguideId>C000266</bioguideId>
        <isOriginalCosponsor>False</isOriginalCosponsor>
        <lastName>CHABOT</lastName>
        <identifiers>
          <lisID>186</lisID>
          <bioguideId>C000266</bioguideId>
          <gpoId>8091</gpoId>
        </identifiers>
        <state>OH</state>
        <fullName>Rep. Chabot, Steve [R-OH-1]</fullName>
        <sponsorshipWithdrawnDate />
        <firstName>STEVE</firstName>
        <district>1</district>
      </item>
      <item>
        <party>D</party>
        <sponsorshipDate>2017-04-05</sponsorshipDate>
        <middleName />
        <bioguideId>G000574</bioguideId>
        <isOriginalCosponsor>False</isOriginalCosponsor>
        <lastName>Gallego</lastName>
        <identifiers>
          <bioguideId>G000574</bioguideId>
          <lisID>2226</lisID>
          <gpoId />
        </identifiers>
        <state>AZ</state>
        <fullName>Rep. Gallego, Ruben [D-AZ-7]</fullName>
        <sponsorshipWithdrawnDate />
        <firstName>Ruben</firstName>
        <district>7</district>
      </item>
      <item>
        <party>D</party>
        <sponsorshipDate>2017-04-05</sponsorshipDate>
        <middleName>A.</middleName>
        <bioguideId>D000598</bioguideId>
        <isOriginalCosponsor>False</isOriginalCosponsor>
        <lastName>DAVIS</lastName>
        <identifiers>
          <gpoId>7858</gpoId>
          <lisID>1641</lisID>
          <bioguideId>D000598</bioguideId>
        </identifiers>
        <state>CA</state>
        <fullName>Rep. Davis, Susan A. [D-CA-53]</fullName>
        <sponsorshipWithdrawnDate />
        <firstName>SUSAN</firstName>
        <district>53</district>
      </item>
      <item>
        <party>D</party>
        <sponsorshipDate>2017-05-03</sponsorshipDate>
        <middleName>E.</middleName>
        <bioguideId>D000610</bioguideId>
        <isOriginalCosponsor>False</isOriginalCosponsor>
        <lastName>Deutch</lastName>
        <identifiers>
          <lisID>1976</lisID>
          <gpoId>7891</gpoId>
          <bioguideId>D000610</bioguideId>
        </identifiers>
        <state>FL</state>
        <fullName>Rep. Deutch, Theodore E. [D-FL-22]</fullName>
        <sponsorshipWithdrawnDate />
        <firstName>Theodore</firstName>
        <district>22</district>
      </item>
      <item>
        <party>D</party>
        <sponsorshipDate>2017-05-16</sponsorshipDate>
        <middleName>S.</middleName>
        <bioguideId>W000808</bioguideId>
        <isOriginalCosponsor>False</isOriginalCosponsor>
        <lastName>Wilson</lastName>
        <identifiers>
          <bioguideId>W000808</bioguideId>
          <lisID>2004</lisID>
          <gpoId>7889</gpoId>
        </identifiers>
        <state>FL</state>
        <fullName>Rep. Wilson, Frederica S. [D-FL-24]</fullName>
        <sponsorshipWithdrawnDate />
        <firstName>Frederica</firstName>
        <district>24</district>
      </item>
      <item>
        <party>D</party>
        <sponsorshipDate>2017-06-08</sponsorshipDate>
        <middleName />
        <bioguideId>W000797</bioguideId>
        <isOriginalCosponsor>False</isOriginalCosponsor>
        <lastName>Wasserman Schultz</lastName>
        <identifiers>
          <gpoId>7892</gpoId>
          <bioguideId>W000797</bioguideId>
          <lisID>1777</lisID>
        </identifiers>
        <state>FL</state>
        <fullName>Rep. Wasserman Schultz, Debbie [D-FL-23]</fullName>
        <sponsorshipWithdrawnDate />
        <firstName>Debbie</firstName>
        <district>23</district>
      </item>
      <item>
        <party>R</party>
        <sponsorshipDate>2017-06-23</sponsorshipDate>
        <middleName />
        <bioguideId>K000387</bioguideId>
        <isOriginalCosponsor>False</isOriginalCosponsor>
        <lastName>Knight</lastName>
        <identifiers>
          <bioguideId>K000387</bioguideId>
          <lisID>2228</lisID>
          <gpoId />
        </identifiers>
        <state>CA</state>
        <fullName>Rep. Knight, Stephen [R-CA-25]</fullName>
        <sponsorshipWithdrawnDate />
        <firstName>Stephen</firstName>
        <district>25</district>
      </item>
      <item>
        <party>R</party>
        <sponsorshipDate>2017-07-24</sponsorshipDate>
        <middleName />
        <bioguideId>D000621</bioguideId>
        <isOriginalCosponsor>False</isOriginalCosponsor>
        <lastName>DeSantis</lastName>
        <identifiers>
          <lisID>2116</lisID>
          <gpoId />
          <bioguideId>D000621</bioguideId>
        </identifiers>
        <state>FL</state>
        <fullName>Rep. DeSantis, Ron [R-FL-6]</fullName>
        <sponsorshipWithdrawnDate />
        <firstName>Ron</firstName>
        <district>6</district>
      </item>
      <item>
        <party>R</party>
        <sponsorshipDate>2017-08-01</sponsorshipDate>
        <middleName>M.</middleName>
        <bioguideId>T000238</bioguideId>
        <isOriginalCosponsor>False</isOriginalCosponsor>
        <lastName>THORNBERRY</lastName>
        <identifiers>
          <gpoId>8755</gpoId>
          <lisID>1155</lisID>
          <bioguideId>T000238</bioguideId>
        </identifiers>
        <state>TX</state>
        <fullName>Rep. Thornberry, Mac [R-TX-13]</fullName>
        <sponsorshipWithdrawnDate />
        <firstName>WILLIAM</firstName>
        <district>13</district>
      </item>
      <item>
        <party>D</party>
        <sponsorshipDate>2017-10-25</sponsorshipDate>
        <middleName>N.</middleName>
        <bioguideId>M001202</bioguideId>
        <isOriginalCosponsor>False</isOriginalCosponsor>
        <lastName>Murphy</lastName>
        <identifiers>
          <bioguideId>M001202</bioguideId>
          <lisID>2318</lisID>
          <gpoId />
        </identifiers>
        <state>FL</state>
        <fullName>Rep. Murphy, Stephanie N. [D-FL-7]</fullName>
        <sponsorshipWithdrawnDate />
        <firstName>Stephanie</firstName>
        <district>7</district>
      </item>
      <item>
        <party>R</party>
        <sponsorshipDate>2017-12-07</sponsorshipDate>
        <middleName />
        <bioguideId>R000603</bioguideId>
        <isOriginalCosponsor>False</isOriginalCosponsor>
        <lastName>Rouzer</lastName>
        <identifiers>
          <gpoId />
          <bioguideId>R000603</bioguideId>
          <lisID>2256</lisID>
        </identifiers>
        <state>NC</state>
        <fullName>Rep. Rouzer, David [R-NC-7]</fullName>
        <sponsorshipWithdrawnDate />
        <firstName>David</firstName>
        <district>7</district>
      </item>
      <item>
        <party>R</party>
        <sponsorshipDate>2017-12-15</sponsorshipDate>
        <middleName />
        <bioguideId>G000578</bioguideId>
        <isOriginalCosponsor>False</isOriginalCosponsor>
        <lastName>Gaetz</lastName>
        <identifiers>
          <lisID>2314</lisID>
          <gpoId />
          <bioguideId>G000578</bioguideId>
        </identifiers>
        <state>FL</state>
        <fullName>Rep. Gaetz, Matt [R-FL-1]</fullName>
        <sponsorshipWithdrawnDate />
        <firstName>Matt</firstName>
        <district>1</district>
      </item>
      <item>
        <party>R</party>
        <sponsorshipDate>2018-01-16</sponsorshipDate>
        <middleName />
        <bioguideId>H001067</bioguideId>
        <isOriginalCosponsor>False</isOriginalCosponsor>
        <lastName>Hudson</lastName>
        <identifiers>
          <gpoId />
          <bioguideId>H001067</bioguideId>
          <lisID>2140</lisID>
        </identifiers>
        <state>NC</state>
        <fullName>Rep. Hudson, Richard [R-NC-8]</fullName>
        <sponsorshipWithdrawnDate />
        <firstName>Richard</firstName>
        <district>8</district>
      </item>
      <item>
        <party>D</party>
        <sponsorshipDate>2018-01-25</sponsorshipDate>
        <middleName>N.</middleName>
        <bioguideId>C001084</bioguideId>
        <isOriginalCosponsor>False</isOriginalCosponsor>
        <lastName>Cicilline</lastName>
        <identifiers>
          <bioguideId>C001084</bioguideId>
          <lisID>2055</lisID>
          <gpoId>8139</gpoId>
        </identifiers>
        <state>RI</state>
        <fullName>Rep. Cicilline, David N. [D-RI-1]</fullName>
        <sponsorshipWithdrawnDate />
        <firstName>David</firstName>
        <district>1</district>
      </item>
      <item>
        <party>R</party>
        <sponsorshipDate>2018-01-29</sponsorshipDate>
        <middleName>J.</middleName>
        <bioguideId>M001199</bioguideId>
        <isOriginalCosponsor>False</isOriginalCosponsor>
        <lastName>Mast</lastName>
        <identifiers>
          <lisID>2322</lisID>
          <gpoId />
          <bioguideId>M001199</bioguideId>
        </identifiers>
        <state>FL</state>
        <fullName>Rep. Mast, Brian J. [R-FL-18]</fullName>
        <sponsorshipWithdrawnDate />
        <firstName>Brian</firstName>
        <district>18</district>
      </item>
      <item>
        <party>R</party>
        <sponsorshipDate>2018-02-26</sponsorshipDate>
        <middleName>S.</middleName>
        <bioguideId>Y000065</bioguideId>
        <isOriginalCosponsor>False</isOriginalCosponsor>
        <lastName>Yoho</lastName>
        <identifiers>
          <gpoId />
          <lisID>2115</lisID>
          <bioguideId>Y000065</bioguideId>
        </identifiers>
        <state>FL</state>
        <fullName>Rep. Yoho, Ted S. [R-FL-3]</fullName>
        <sponsorshipWithdrawnDate />
        <firstName>Ted</firstName>
        <district>3</district>
      </item>
      <item>
        <party>D</party>
        <sponsorshipDate>2018-02-26</sponsorshipDate>
        <middleName />
        <bioguideId>N000188</bioguideId>
        <isOriginalCosponsor>False</isOriginalCosponsor>
        <lastName>Norcross</lastName>
        <identifiers>
          <gpoId />
          <lisID>2202</lisID>
          <bioguideId>N000188</bioguideId>
        </identifiers>
        <state>NJ</state>
        <fullName>Rep. Norcross, Donald [D-NJ-1]</fullName>
        <sponsorshipWithdrawnDate />
        <firstName>Donald</firstName>
        <district>1</district>
      </item>
    </cosponsors>
    <billNumber>199</billNumber>
    <version>1.0.0</version>
    <calendarNumbers />
    <amendments />
    <laws />
    <constitutionalAuthorityStatementText />
    <titles>
      <item>
        <parentTitleType />
        <titleType>Official Title as Introduced</titleType>
        <chamberCode />
        <chamberName />
        <title>Recognizing the self determination of Gibraltar to determine its status as a British Overseas Territory.</title>
      </item>
      <item>
        <parentTitleType />
        <titleType>Display Title</titleType>
        <chamberCode />
        <chamberName />
        <title>Recognizing the self determination of Gibraltar to determine its status as a British Overseas Territory.</title>
      </item>
    </titles>
    <recordedVotes />
    <originChamber>House</originChamber>
    <latestAction>
      <text>Referred to the Subcommittee on Europe, Eurasia, and Emerging Threats.</text>
      <actionDate>2017-05-18</actionDate>
      <links />
    </latestAction>
    <introducedDate>2017-03-15</introducedDate>
    <sponsors>
      <item>
        <fullName>Rep. Holding, George [R-NC-2]</fullName>
        <party>R</party>
        <identifiers>
          <bioguideId>H001065</bioguideId>
          <lisID>2143</lisID>
          <gpoId />
        </identifiers>
        <firstName>George</firstName>
        <middleName />
        <district>2</district>
        <lastName>Holding</lastName>
        <bioguideId>H001065</bioguideId>
        <state>NC</state>
        <byRequestType />
      </item>
    </sponsors>
    <subjects>
      <billSubjects>
        <policyArea>
          <name>International Affairs</name>
        </policyArea>
        <legislativeSubjects>
          <item>
            <name>Congressional tributes</name>
          </item>
          <item>
            <name>Europe</name>
          </item>
          <item>
            <name>Military facilities and property</name>
          </item>
          <item>
            <name>Military history</name>
          </item>
          <item>
            <name>Sovereignty, recognition, national governance and status</name>
          </item>
          <item>
            <name>United Kingdom</name>
          </item>
        </legislativeSubjects>
      </billSubjects>
    </subjects>
    <policyArea>
      <name>International Affairs</name>
    </policyArea>
    <billType>HRES</billType>
    <notes />
    <title>Recognizing the self determination of Gibraltar to determine its status as a British Overseas Territory.</title>
    <committees>
      <billCommittees>
        <item>
          <activities>
            <item>
              <name>Referred to</name>
              <date>2017-03-15T20:32:35Z</date>
            </item>
          </activities>
          <chamber>House</chamber>
          <subcommittees>
            <item>
              <name>Europe, Eurasia, and Emerging Threats Subcommittee</name>
              <systemCode>hsfa14</systemCode>
              <activities>
                <item>
                  <name>Referred to</name>
                  <date>2017-05-18T15:34:20Z</date>
                </item>
              </activities>
            </item>
          </subcommittees>
          <systemCode>hsfa00</systemCode>
          <name>Foreign Affairs Committee</name>
          <type>Standing</type>
        </item>
      </billCommittees>
    </committees>
    <congress>115</congress>
    <cboCostEstimates />
    <updateDate>2018-02-27T08:15:14Z</updateDate>
    <actions>
      <actionTypeCounts>
        <placeholderTextForH>1</placeholderTextForH>
        <billReferrals>1</billReferrals>
        <introducedInTheHouse>1</introducedInTheHouse>
        <introducedInHouse>1</introducedInHouse>
      </actionTypeCounts>
      <actionByCounts>
        <houseOfRepresentatives>4</houseOfRepresentatives>
      </actionByCounts>
      <item>
        <actionDate>2017-05-18</actionDate>
        <committee>
          <name>Europe, Eurasia, and Emerging Threats Subcommittee</name>
          <systemCode>hsfa14</systemCode>
        </committee>
        <links />
        <sourceSystem>
          <name>House committee actions</name>
          <code>1</code>
        </sourceSystem>
        <text>Referred to the Subcommittee on Europe, Eurasia, and Emerging Threats.</text>
        <type>Committee</type>
      </item>
      <item>
        <text>Referred to the House Committee on Foreign Affairs.</text>
        <actionDate>2017-03-15</actionDate>
        <sourceSystem>
          <name>House floor actions</name>
          <code>2</code>
        </sourceSystem>
        <type>IntroReferral</type>
        <actionCode>H11100</actionCode>
        <committee>
          <name>Foreign Affairs Committee</name>
          <systemCode>hsfa00</systemCode>
        </committee>
        <links />
      </item>
      <item>
        <text>Introduced in House</text>
        <actionDate>2017-03-15</actionDate>
        <sourceSystem>
          <name>Library of Congress</name>
          <code>9</code>
        </sourceSystem>
        <type>IntroReferral</type>
        <actionCode>Intro-H</actionCode>
        <committee />
        <links />
      </item>
      <item>
        <text>Introduced in House</text>
        <actionDate>2017-03-15</actionDate>
        <sourceSystem>
          <name>Library of Congress</name>
          <code>9</code>
        </sourceSystem>
        <type>IntroReferral</type>
        <actionCode>1000</actionCode>
        <committee />
        <links />
      </item>
    </actions>
  </bill>
  <dublinCore xmlns:dc="http://purl.org/dc/elements/1.1/">
    <dc:format>text/xml</dc:format>
    <dc:language>EN</dc:language>
    <dc:rights>Pursuant to Title 17 Section 105 of the United States Code, this file is not subject to copyright protection and is in the public domain.</dc:rights>
    <dc:contributor>Congressional Research Service, Library of Congress</dc:contributor>
    <dc:description>This file contains bill summaries and statuses for federal legislation. A bill summary describes the most significant provisions of a piece of legislation and details the effects the legislative text may have on current law and federal programs. Bill summaries are authored by the Congressional Research Service (CRS) of the Library of Congress. As stated in Public Law 91-510 (2 USC 166 (d)(6)), one of the duties of CRS is "to prepare summaries and digests of bills and resolutions of a public general nature introduced in the Senate or House of Representatives". For more information, refer to the User Guide that accompanies this file.</dc:description>
  </dublinCore>
</billStatus>

