<?xml version="1.0" encoding="UTF-8"?>
<billStatus>
  <bill>
    <introducedDate>2017-04-27</introducedDate>
    <congress>115</congress>
    <latestAction>
      <actionDate>2017-05-23</actionDate>
      <links />
      <text>Referred to the Subcommittee on Economic Development, Public Buildings and Emergency Management.</text>
    </latestAction>
    <originChamber>House</originChamber>
    <billNumber>286</billNumber>
    <sponsors>
      <item>
        <state>MA</state>
        <identifiers>
          <gpoId />
          <lisID>2196</lisID>
          <bioguideId>C001101</bioguideId>
        </identifiers>
        <bioguideId>C001101</bioguideId>
        <lastName>Clark</lastName>
        <fullName>Rep. Clark, Katherine M. [D-MA-5]</fullName>
        <district>5</district>
        <firstName>Katherine</firstName>
        <byRequestType />
        <middleName>M.</middleName>
        <party>D</party>
      </item>
    </sponsors>
    <committeeReports />
    <relatedBills />
    <titles>
      <item>
        <chamberName />
        <parentTitleType />
        <chamberCode />
        <titleType>Official Title as Introduced</titleType>
        <title>Directing certain officials of the executive branch to provide information to the House of Representatives that will enable the House to meet its constitutional responsibility to conduct oversight of the executive branch by investigating potential conflicts of interests of President Donald J. Trump.</title>
      </item>
      <item>
        <chamberName />
        <parentTitleType />
        <chamberCode />
        <titleType>Display Title</titleType>
        <title>Directing certain officials of the executive branch to provide information to the House of Representatives that will enable the House to meet its constitutional responsibility to conduct oversight of the executive branch by investigating potential conflicts of interests of President Donald J. Trump.</title>
      </item>
    </titles>
    <constitutionalAuthorityStatementText />
    <billType>HRES</billType>
    <summaries>
      <billSummaries>
        <item>
          <versionCode>00</versionCode>
          <updateDate>2017-04-27T04:00:00Z</updateDate>
          <actionDesc>Introduced in House</actionDesc>
          <lastSummaryUpdateDate>2017-05-01T21:31:17Z</lastSummaryUpdateDate>
          <actionDate>2017-04-27</actionDate>
          <name>Introduced in House</name>
          <text><![CDATA[<p>Declares that the House of Representatives directs President Trump to: (1) transmit to the House of Representatives copies of any document, correspondence, or other communication in possession of the Executive Office of the President that refers or relates to his proposal to maintain an interest in his business holdings while turning over day-to-day operation of those interests to his sons Donald J. Trump, Jr., and Eric Trump; and (2) provide visitor logs for the White House and Mar-A-Lago to the House Committee on Oversight and Government Reform. Requires such committee to hold ongoing votes on reporting the logs' contents to the full House.</p> <p>Directs: (1) the Department of the Treasury to provide the House Committee on Ways and Means with the tax return information of Donald J. Trump for tax years 2007 through 2016 for review in closed executive session, and (2) such committee to hold a vote on reporting such information to the full House.</p> <p>Directs the Office on Government Ethics to publish any waiver or exception granted to any federal officer or employee to the January 28, 2017, executive order entitled &quot;Ethics Commitments by Executive Branch Appointees.&quot;</p> <p>Directs the General Services Administration to provide the oversight committee with any legal analysis supporting its March 23, 2017, conclusion that Trump International Hotel in Washington, DC may maintain its lease with the federal government, despite an express prohibition on elected officials taking part in the lease.</p>]]></text>
        </item>
      </billSummaries>
    </summaries>
    <subjects>
      <billSubjects>
        <legislativeSubjects>
          <item>
            <name>Congressional oversight</name>
          </item>
          <item>
            <name>Congressional-executive branch relations</name>
          </item>
          <item>
            <name>Corporate finance and management</name>
          </item>
          <item>
            <name>Elections, voting, political campaign regulation</name>
          </item>
          <item>
            <name>Federal officials</name>
          </item>
          <item>
            <name>Financial services and investments</name>
          </item>
          <item>
            <name>Florida</name>
          </item>
          <item>
            <name>Government buildings, facilities, and property</name>
          </item>
          <item>
            <name>Government ethics and transparency, public corruption</name>
          </item>
          <item>
            <name>Government information and archives</name>
          </item>
          <item>
            <name>Presidential administrations</name>
          </item>
          <item>
            <name>Presidents and presidential powers, Vice Presidents</name>
          </item>
          <item>
            <name>Tax administration and collection, taxpayers</name>
          </item>
        </legislativeSubjects>
        <policyArea>
          <name>Congress</name>
        </policyArea>
      </billSubjects>
    </subjects>
    <laws />
    <policyArea>
      <name>Congress</name>
    </policyArea>
    <committees>
      <billCommittees>
        <item>
          <chamber>House</chamber>
          <subcommittees>
            <item>
              <activities>
                <item>
                  <date>2017-05-23T18:21:41Z</date>
                  <name>Referred to</name>
                </item>
              </activities>
              <systemCode>hspw13</systemCode>
              <name>Economic Development, Public Buildings and Emergency Management Subcommittee</name>
            </item>
          </subcommittees>
          <type>Standing</type>
          <activities>
            <item>
              <date>2017-04-27T14:00:16Z</date>
              <name>Referred to</name>
            </item>
          </activities>
          <systemCode>hspw00</systemCode>
          <name>Transportation and Infrastructure Committee</name>
        </item>
        <item>
          <chamber>House</chamber>
          <subcommittees />
          <type>Standing</type>
          <activities>
            <item>
              <date>2017-04-27T14:00:21Z</date>
              <name>Referred to</name>
            </item>
          </activities>
          <systemCode>hsru00</systemCode>
          <name>Rules Committee</name>
        </item>
        <item>
          <chamber>House</chamber>
          <subcommittees />
          <type>Standing</type>
          <activities>
            <item>
              <date>2017-04-27T14:00:11Z</date>
              <name>Referred to</name>
            </item>
          </activities>
          <systemCode>hswm00</systemCode>
          <name>Ways and Means Committee</name>
        </item>
        <item>
          <chamber>House</chamber>
          <subcommittees />
          <type>Standing</type>
          <activities>
            <item>
              <date>2017-04-27T14:00:06Z</date>
              <name>Referred to</name>
            </item>
          </activities>
          <systemCode>hsgo00</systemCode>
          <name>Oversight and Government Reform Committee</name>
        </item>
      </billCommittees>
    </committees>
    <version>1.0.0</version>
    <recordedVotes />
    <updateDate>2018-02-06T16:39:44Z</updateDate>
    <title>Directing certain officials of the executive branch to provide information to the House of Representatives that will enable the House to meet its constitutional responsibility to conduct oversight of the executive branch by investigating potential conflicts of interests of President Donald J. Trump.</title>
    <createDate>2017-04-28T03:11:41Z</createDate>
    <cboCostEstimates />
    <actions>
      <item>
        <actionDate>2017-05-23</actionDate>
        <committee>
          <systemCode>hspw13</systemCode>
          <name>Economic Development, Public Buildings and Emergency Management Subcommittee</name>
        </committee>
        <links />
        <sourceSystem>
          <name>House committee actions</name>
          <code>1</code>
        </sourceSystem>
        <text>Referred to the Subcommittee on Economic Development, Public Buildings and Emergency Management.</text>
        <type>Committee</type>
      </item>
      <item>
        <links />
        <actionDate>2017-04-27</actionDate>
        <type>IntroReferral</type>
        <text>Referred to House Rules</text>
        <actionCode>H11100</actionCode>
        <sourceSystem>
          <name>House floor actions</name>
          <code>2</code>
        </sourceSystem>
        <committee>
          <systemCode>hsru00</systemCode>
          <name>Rules Committee</name>
        </committee>
      </item>
      <item>
        <links />
        <actionDate>2017-04-27</actionDate>
        <type>IntroReferral</type>
        <text>Referred to House Transportation and Infrastructure</text>
        <actionCode>H11100</actionCode>
        <sourceSystem>
          <name>House floor actions</name>
          <code>2</code>
        </sourceSystem>
        <committee>
          <systemCode>hspw00</systemCode>
          <name>Transportation and Infrastructure Committee</name>
        </committee>
      </item>
      <item>
        <links />
        <actionDate>2017-04-27</actionDate>
        <type>IntroReferral</type>
        <text>Referred to House Ways and Means</text>
        <actionCode>H11100</actionCode>
        <sourceSystem>
          <name>House floor actions</name>
          <code>2</code>
        </sourceSystem>
        <committee>
          <systemCode>hswm00</systemCode>
          <name>Ways and Means Committee</name>
        </committee>
      </item>
      <item>
        <links />
        <actionDate>2017-04-27</actionDate>
        <type>IntroReferral</type>
        <text>Referred to House Oversight and Government Reform</text>
        <actionCode>H11100</actionCode>
        <sourceSystem>
          <name>House floor actions</name>
          <code>2</code>
        </sourceSystem>
        <committee>
          <systemCode>hsgo00</systemCode>
          <name>Oversight and Government Reform Committee</name>
        </committee>
      </item>
      <item>
        <links />
        <actionDate>2017-04-27</actionDate>
        <type>IntroReferral</type>
        <text>Referred to the Committee on Oversight and Government Reform, and in addition to the Committees on Ways and Means, Transportation and Infrastructure, and Rules, for a period to be subsequently determined by the Speaker, in each case for consideration of such provisions as fall within the jurisdiction of the committee concerned.</text>
        <actionCode>H11100-A</actionCode>
        <sourceSystem>
          <name>Library of Congress</name>
          <code>9</code>
        </sourceSystem>
        <committee />
      </item>
      <item>
        <links />
        <actionDate>2017-04-27</actionDate>
        <type>IntroReferral</type>
        <text>Introduced in House</text>
        <actionCode>Intro-H</actionCode>
        <sourceSystem>
          <name>Library of Congress</name>
          <code>9</code>
        </sourceSystem>
        <committee />
      </item>
      <item>
        <links />
        <actionDate>2017-04-27</actionDate>
        <type>IntroReferral</type>
        <text>Introduced in House</text>
        <actionCode>1000</actionCode>
        <sourceSystem>
          <name>Library of Congress</name>
          <code>9</code>
        </sourceSystem>
        <committee />
      </item>
      <actionByCounts>
        <houseOfRepresentatives>8</houseOfRepresentatives>
      </actionByCounts>
      <actionTypeCounts>
        <billReferrals>4</billReferrals>
        <billReferralsAggregate>1</billReferralsAggregate>
        <placeholderTextForH>1</placeholderTextForH>
        <introducedInTheHouse>1</introducedInTheHouse>
        <introducedInHouse>1</introducedInHouse>
      </actionTypeCounts>
    </actions>
    <amendments />
    <notes />
    <calendarNumbers />
    <cosponsors>
      <item>
        <state>NY</state>
        <identifiers>
          <lisID>2149</lisID>
          <gpoId />
          <bioguideId>J000294</bioguideId>
        </identifiers>
        <district>8</district>
        <sponsorshipDate>2017-06-26</sponsorshipDate>
        <lastName>Jeffries</lastName>
        <fullName>Rep. Jeffries, Hakeem S. [D-NY-8]</fullName>
        <middleName>S.</middleName>
        <party>D</party>
        <sponsorshipWithdrawnDate />
        <bioguideId>J000294</bioguideId>
        <firstName>Hakeem</firstName>
        <isOriginalCosponsor>False</isOriginalCosponsor>
      </item>
    </cosponsors>
  </bill>
  <dublinCore xmlns:dc="http://purl.org/dc/elements/1.1/">
    <dc:format>text/xml</dc:format>
    <dc:language>EN</dc:language>
    <dc:rights>Pursuant to Title 17 Section 105 of the United States Code, this file is not subject to copyright protection and is in the public domain.</dc:rights>
    <dc:contributor>Congressional Research Service, Library of Congress</dc:contributor>
    <dc:description>This file contains bill summaries and statuses for federal legislation. A bill summary describes the most significant provisions of a piece of legislation and details the effects the legislative text may have on current law and federal programs. Bill summaries are authored by the Congressional Research Service (CRS) of the Library of Congress. As stated in Public Law 91-510 (2 USC 166 (d)(6)), one of the duties of CRS is "to prepare summaries and digests of bills and resolutions of a public general nature introduced in the Senate or House of Representatives". For more information, refer to the User Guide that accompanies this file.</dc:description>
  </dublinCore>
</billStatus>

