<?xml version="1.0" encoding="UTF-8"?>
<billStatus>
  <bill>
    <policyArea>
      <name>International Affairs</name>
    </policyArea>
    <committeeReports />
    <congress>115</congress>
    <sponsors>
      <item>
        <identifiers>
          <bioguideId>C001084</bioguideId>
          <gpoId>8139</gpoId>
          <lisID>2055</lisID>
        </identifiers>
        <district>1</district>
        <middleName>N.</middleName>
        <byRequestType />
        <fullName>Rep. Cicilline, David N. [D-RI-1]</fullName>
        <bioguideId>C001084</bioguideId>
        <state>RI</state>
        <party>D</party>
        <firstName>David</firstName>
        <lastName>Cicilline</lastName>
      </item>
    </sponsors>
    <calendarNumbers />
    <amendments />
    <relatedBills />
    <notes />
    <originChamber>House</originChamber>
    <version>1.0.0</version>
    <billNumber>172</billNumber>
    <title>Expressing the sense of the House of Representatives that the Government of the Russian Federation, its officials, security services, and any person or entity within the Russian Federation or associated with the Russian Government, should not interfere, seek to influence, or engage in coercion designed to create an outcome in foreign elections.</title>
    <cosponsors>
      <item>
        <isOriginalCosponsor>True</isOriginalCosponsor>
        <middleName>J.</middleName>
        <sponsorshipDate>2017-03-06</sponsorshipDate>
        <firstName>Peter</firstName>
        <party>R</party>
        <identifiers>
          <lisID>1848</lisID>
          <bioguideId>R000580</bioguideId>
          <gpoId>7926</gpoId>
        </identifiers>
        <district>6</district>
        <sponsorshipWithdrawnDate />
        <fullName>Rep. Roskam, Peter J. [R-IL-6]</fullName>
        <bioguideId>R000580</bioguideId>
        <lastName>Roskam</lastName>
        <state>IL</state>
      </item>
      <item>
        <isOriginalCosponsor>False</isOriginalCosponsor>
        <middleName>R.</middleName>
        <sponsorshipDate>2017-03-10</sponsorshipDate>
        <firstName>William</firstName>
        <party>D</party>
        <identifiers>
          <lisID>2025</lisID>
          <bioguideId>K000375</bioguideId>
          <gpoId>7975</gpoId>
        </identifiers>
        <district>9</district>
        <sponsorshipWithdrawnDate />
        <fullName>Rep. Keating, William R. [D-MA-9]</fullName>
        <bioguideId>K000375</bioguideId>
        <lastName>Keating</lastName>
        <state>MA</state>
      </item>
      <item>
        <isOriginalCosponsor>False</isOriginalCosponsor>
        <middleName />
        <sponsorshipDate>2017-03-10</sponsorshipDate>
        <firstName>Albio</firstName>
        <party>D</party>
        <identifiers>
          <lisID>1818</lisID>
          <gpoId>8055</gpoId>
          <bioguideId>S001165</bioguideId>
        </identifiers>
        <district>8</district>
        <sponsorshipWithdrawnDate />
        <fullName>Rep. Sires, Albio [D-NJ-8]</fullName>
        <bioguideId>S001165</bioguideId>
        <lastName>Sires</lastName>
        <state>NJ</state>
      </item>
      <item>
        <isOriginalCosponsor>False</isOriginalCosponsor>
        <middleName>P.</middleName>
        <sponsorshipDate>2017-03-10</sponsorshipDate>
        <firstName>JAMES</firstName>
        <party>D</party>
        <identifiers>
          <bioguideId>M000312</bioguideId>
          <lisID>1504</lisID>
          <gpoId>7968</gpoId>
        </identifiers>
        <district>2</district>
        <sponsorshipWithdrawnDate />
        <fullName>Rep. McGovern, James P. [D-MA-2]</fullName>
        <bioguideId>M000312</bioguideId>
        <lastName>MCGOVERN</lastName>
        <state>MA</state>
      </item>
      <item>
        <isOriginalCosponsor>False</isOriginalCosponsor>
        <middleName />
        <sponsorshipDate>2017-03-10</sponsorshipDate>
        <firstName>Adriano</firstName>
        <party>D</party>
        <identifiers>
          <lisID>2342</lisID>
          <gpoId />
          <bioguideId>E000297</bioguideId>
        </identifiers>
        <district>13</district>
        <sponsorshipWithdrawnDate />
        <fullName>Rep. Espaillat, Adriano [D-NY-13]</fullName>
        <bioguideId>E000297</bioguideId>
        <lastName>Espaillat</lastName>
        <state>NY</state>
      </item>
      <item>
        <isOriginalCosponsor>False</isOriginalCosponsor>
        <middleName>M.</middleName>
        <sponsorshipDate>2017-03-16</sponsorshipDate>
        <firstName>LOUISE</firstName>
        <party>D</party>
        <identifiers>
          <lisID>1069</lisID>
          <bioguideId>S000480</bioguideId>
          <gpoId>8089</gpoId>
        </identifiers>
        <district>25</district>
        <sponsorshipWithdrawnDate />
        <fullName>Rep. Slaughter, Louise McIntosh [D-NY-25]</fullName>
        <bioguideId>S000480</bioguideId>
        <lastName>SLAUGHTER</lastName>
        <state>NY</state>
      </item>
      <item>
        <isOriginalCosponsor>False</isOriginalCosponsor>
        <middleName>M.</middleName>
        <sponsorshipDate>2017-03-16</sponsorshipDate>
        <firstName>Raul</firstName>
        <party>D</party>
        <identifiers>
          <bioguideId>G000551</bioguideId>
          <gpoId>7804</gpoId>
          <lisID>1708</lisID>
        </identifiers>
        <district>3</district>
        <sponsorshipWithdrawnDate />
        <fullName>Rep. Grijalva, Raul M. [D-AZ-3]</fullName>
        <bioguideId>G000551</bioguideId>
        <lastName>Grijalva</lastName>
        <state>AZ</state>
      </item>
      <item>
        <isOriginalCosponsor>False</isOriginalCosponsor>
        <middleName />
        <sponsorshipDate>2017-03-16</sponsorshipDate>
        <firstName>Jeff</firstName>
        <party>R</party>
        <identifiers>
          <bioguideId>F000449</bioguideId>
          <lisID>1793</lisID>
          <gpoId>8038</gpoId>
        </identifiers>
        <district>1</district>
        <sponsorshipWithdrawnDate />
        <fullName>Rep. Fortenberry, Jeff [R-NE-1]</fullName>
        <bioguideId>F000449</bioguideId>
        <lastName>Fortenberry</lastName>
        <state>NE</state>
      </item>
      <item>
        <isOriginalCosponsor>False</isOriginalCosponsor>
        <middleName>L.</middleName>
        <sponsorshipDate>2017-03-16</sponsorshipDate>
        <firstName>ELIOT</firstName>
        <party>D</party>
        <identifiers>
          <lisID>344</lisID>
          <bioguideId>E000179</bioguideId>
          <gpoId>8078</gpoId>
        </identifiers>
        <district>16</district>
        <sponsorshipWithdrawnDate />
        <fullName>Rep. Engel, Eliot L. [D-NY-16]</fullName>
        <bioguideId>E000179</bioguideId>
        <lastName>ENGEL</lastName>
        <state>NY</state>
      </item>
      <item>
        <isOriginalCosponsor>False</isOriginalCosponsor>
        <middleName>Scott</middleName>
        <sponsorshipDate>2017-03-16</sponsorshipDate>
        <firstName>Bradley</firstName>
        <party>D</party>
        <identifiers>
          <gpoId />
          <lisID>2124</lisID>
          <bioguideId>S001190</bioguideId>
        </identifiers>
        <district>10</district>
        <sponsorshipWithdrawnDate />
        <fullName>Rep. Schneider, Bradley Scott [D-IL-10]</fullName>
        <bioguideId>S001190</bioguideId>
        <lastName>Schneider</lastName>
        <state>IL</state>
      </item>
      <item>
        <isOriginalCosponsor>False</isOriginalCosponsor>
        <middleName>P.</middleName>
        <sponsorshipDate>2017-03-16</sponsorshipDate>
        <firstName>Joseph</firstName>
        <party>D</party>
        <identifiers>
          <lisID>2172</lisID>
          <bioguideId>K000379</bioguideId>
          <gpoId />
        </identifiers>
        <district>4</district>
        <sponsorshipWithdrawnDate />
        <fullName>Rep. Kennedy, Joseph P., III [D-MA-4]</fullName>
        <bioguideId>K000379</bioguideId>
        <lastName>Kennedy</lastName>
        <state>MA</state>
      </item>
      <item>
        <isOriginalCosponsor>False</isOriginalCosponsor>
        <middleName>B.</middleName>
        <sponsorshipDate>2017-03-23</sponsorshipDate>
        <firstName>ADAM</firstName>
        <party>D</party>
        <identifiers>
          <bioguideId>S001150</bioguideId>
          <lisID>1635</lisID>
          <gpoId>7834</gpoId>
        </identifiers>
        <district>28</district>
        <sponsorshipWithdrawnDate />
        <fullName>Rep. Schiff, Adam B. [D-CA-28]</fullName>
        <bioguideId>S001150</bioguideId>
        <lastName>SCHIFF</lastName>
        <state>CA</state>
      </item>
      <item>
        <isOriginalCosponsor>False</isOriginalCosponsor>
        <middleName />
        <sponsorshipDate>2017-03-23</sponsorshipDate>
        <firstName>Colleen</firstName>
        <party>D</party>
        <identifiers>
          <bioguideId>H001050</bioguideId>
          <lisID>2010</lisID>
          <gpoId>7912</gpoId>
        </identifiers>
        <district>1</district>
        <sponsorshipWithdrawnDate />
        <fullName>Rep. Hanabusa, Colleen [D-HI-1]</fullName>
        <bioguideId>H001050</bioguideId>
        <lastName>Hanabusa</lastName>
        <state>HI</state>
      </item>
      <item>
        <isOriginalCosponsor>False</isOriginalCosponsor>
        <middleName>A.</middleName>
        <sponsorshipDate>2017-03-23</sponsorshipDate>
        <firstName>Terri</firstName>
        <party>D</party>
        <identifiers>
          <lisID>1988</lisID>
          <bioguideId>S001185</bioguideId>
          <gpoId>7792</gpoId>
        </identifiers>
        <district>7</district>
        <sponsorshipWithdrawnDate />
        <fullName>Rep. Sewell, Terri A. [D-AL-7]</fullName>
        <bioguideId>S001185</bioguideId>
        <lastName>Sewell</lastName>
        <state>AL</state>
      </item>
      <item>
        <isOriginalCosponsor>False</isOriginalCosponsor>
        <middleName />
        <sponsorshipDate>2017-04-27</sponsorshipDate>
        <firstName>Adam</firstName>
        <party>R</party>
        <identifiers>
          <gpoId>7931</gpoId>
          <bioguideId>K000378</bioguideId>
          <lisID>2014</lisID>
        </identifiers>
        <district>16</district>
        <sponsorshipWithdrawnDate />
        <fullName>Rep. Kinzinger, Adam [R-IL-16]</fullName>
        <bioguideId>K000378</bioguideId>
        <lastName>Kinzinger</lastName>
        <state>IL</state>
      </item>
      <item>
        <isOriginalCosponsor>False</isOriginalCosponsor>
        <middleName />
        <sponsorshipDate>2017-04-27</sponsorshipDate>
        <firstName>RICHARD</firstName>
        <party>D</party>
        <identifiers>
          <bioguideId>N000127</bioguideId>
          <gpoId />
          <lisID>867</lisID>
        </identifiers>
        <district>8</district>
        <sponsorshipWithdrawnDate />
        <fullName>Rep. Nolan, Richard M. [D-MN-8]</fullName>
        <bioguideId>N000127</bioguideId>
        <lastName>NOLAN</lastName>
        <state>MN</state>
      </item>
      <item>
        <isOriginalCosponsor>False</isOriginalCosponsor>
        <middleName />
        <sponsorshipDate>2017-04-27</sponsorshipDate>
        <firstName>Ed</firstName>
        <party>D</party>
        <identifiers>
          <lisID>1835</lisID>
          <bioguideId>P000593</bioguideId>
          <gpoId>7865</gpoId>
        </identifiers>
        <district>7</district>
        <sponsorshipWithdrawnDate />
        <fullName>Rep. Perlmutter, Ed [D-CO-7]</fullName>
        <bioguideId>P000593</bioguideId>
        <lastName>Perlmutter</lastName>
        <state>CO</state>
      </item>
      <item>
        <isOriginalCosponsor>False</isOriginalCosponsor>
        <middleName />
        <sponsorshipDate>2017-04-27</sponsorshipDate>
        <firstName>Grace</firstName>
        <party>D</party>
        <identifiers>
          <bioguideId>M001188</bioguideId>
          <lisID>2148</lisID>
          <gpoId />
        </identifiers>
        <district>6</district>
        <sponsorshipWithdrawnDate />
        <fullName>Rep. Meng, Grace [D-NY-6]</fullName>
        <bioguideId>M001188</bioguideId>
        <lastName>Meng</lastName>
        <state>NY</state>
      </item>
      <item>
        <isOriginalCosponsor>False</isOriginalCosponsor>
        <middleName />
        <sponsorshipDate>2017-04-27</sponsorshipDate>
        <firstName>MARCY</firstName>
        <party>D</party>
        <identifiers>
          <lisID>616</lisID>
          <bioguideId>K000009</bioguideId>
          <gpoId>8099</gpoId>
        </identifiers>
        <district>9</district>
        <sponsorshipWithdrawnDate />
        <fullName>Rep. Kaptur, Marcy [D-OH-9]</fullName>
        <bioguideId>K000009</bioguideId>
        <lastName>KAPTUR</lastName>
        <state>OH</state>
      </item>
      <item>
        <isOriginalCosponsor>False</isOriginalCosponsor>
        <middleName>W.</middleName>
        <sponsorshipDate>2017-04-27</sponsorshipDate>
        <firstName>GREGORY</firstName>
        <party>D</party>
        <identifiers>
          <lisID>1506</lisID>
          <bioguideId>M001137</bioguideId>
          <gpoId>8067</gpoId>
        </identifiers>
        <district>5</district>
        <sponsorshipWithdrawnDate />
        <fullName>Rep. Meeks, Gregory W. [D-NY-5]</fullName>
        <bioguideId>M001137</bioguideId>
        <lastName>MEEKS</lastName>
        <state>NY</state>
      </item>
      <item>
        <isOriginalCosponsor>False</isOriginalCosponsor>
        <middleName />
        <sponsorshipDate>2017-04-27</sponsorshipDate>
        <firstName>Dina</firstName>
        <party>D</party>
        <identifiers>
          <bioguideId>T000468</bioguideId>
          <gpoId>7493</gpoId>
          <lisID>1940</lisID>
        </identifiers>
        <district>1</district>
        <sponsorshipWithdrawnDate />
        <fullName>Rep. Titus, Dina [D-NV-1]</fullName>
        <bioguideId>T000468</bioguideId>
        <lastName>Titus</lastName>
        <state>NV</state>
      </item>
      <item>
        <isOriginalCosponsor>False</isOriginalCosponsor>
        <middleName />
        <sponsorshipDate>2017-04-27</sponsorshipDate>
        <firstName>SHEILA</firstName>
        <party>D</party>
        <identifiers>
          <bioguideId>J000032</bioguideId>
          <gpoId>8174</gpoId>
          <lisID>588</lisID>
        </identifiers>
        <district>18</district>
        <sponsorshipWithdrawnDate />
        <fullName>Rep. Jackson Lee, Sheila [D-TX-18]</fullName>
        <bioguideId>J000032</bioguideId>
        <lastName>JACKSON LEE</lastName>
        <state>TX</state>
      </item>
      <item>
        <isOriginalCosponsor>False</isOriginalCosponsor>
        <middleName>E.</middleName>
        <sponsorshipDate>2017-04-27</sponsorshipDate>
        <firstName>Gerald</firstName>
        <party>D</party>
        <identifiers>
          <lisID>1959</lisID>
          <gpoId>8202</gpoId>
          <bioguideId>C001078</bioguideId>
        </identifiers>
        <district>11</district>
        <sponsorshipWithdrawnDate />
        <fullName>Rep. Connolly, Gerald E. [D-VA-11]</fullName>
        <bioguideId>C001078</bioguideId>
        <lastName>Connolly</lastName>
        <state>VA</state>
      </item>
      <item>
        <isOriginalCosponsor>False</isOriginalCosponsor>
        <middleName />
        <sponsorshipDate>2017-04-27</sponsorshipDate>
        <firstName>Karen</firstName>
        <party>D</party>
        <identifiers>
          <bioguideId>B001270</bioguideId>
          <lisID>1996</lisID>
          <gpoId>7838</gpoId>
        </identifiers>
        <district>37</district>
        <sponsorshipWithdrawnDate />
        <fullName>Rep. Bass, Karen [D-CA-37]</fullName>
        <bioguideId>B001270</bioguideId>
        <lastName>Bass</lastName>
        <state>CA</state>
      </item>
      <item>
        <isOriginalCosponsor>False</isOriginalCosponsor>
        <middleName />
        <sponsorshipDate>2017-04-27</sponsorshipDate>
        <firstName>Lois</firstName>
        <party>D</party>
        <identifiers>
          <lisID>2119</lisID>
          <gpoId />
          <bioguideId>F000462</bioguideId>
        </identifiers>
        <district>21</district>
        <sponsorshipWithdrawnDate />
        <fullName>Rep. Frankel, Lois [D-FL-21]</fullName>
        <bioguideId>F000462</bioguideId>
        <lastName>Frankel</lastName>
        <state>FL</state>
      </item>
      <item>
        <isOriginalCosponsor>False</isOriginalCosponsor>
        <middleName />
        <sponsorshipDate>2017-04-27</sponsorshipDate>
        <firstName>Joaquin</firstName>
        <party>D</party>
        <identifiers>
          <lisID>2163</lisID>
          <gpoId />
          <bioguideId>C001091</bioguideId>
        </identifiers>
        <district>20</district>
        <sponsorshipWithdrawnDate />
        <fullName>Rep. Castro, Joaquin [D-TX-20]</fullName>
        <bioguideId>C001091</bioguideId>
        <lastName>Castro</lastName>
        <state>TX</state>
      </item>
      <item>
        <isOriginalCosponsor>False</isOriginalCosponsor>
        <middleName>L.</middleName>
        <sponsorshipDate>2017-04-27</sponsorshipDate>
        <firstName>Robin</firstName>
        <party>D</party>
        <identifiers>
          <bioguideId>K000385</bioguideId>
          <lisID>2190</lisID>
          <gpoId />
        </identifiers>
        <district>2</district>
        <sponsorshipWithdrawnDate />
        <fullName>Rep. Kelly, Robin L. [D-IL-2]</fullName>
        <bioguideId>K000385</bioguideId>
        <lastName>Kelly</lastName>
        <state>IL</state>
      </item>
      <item>
        <isOriginalCosponsor>False</isOriginalCosponsor>
        <middleName>F.</middleName>
        <sponsorshipDate>2017-04-27</sponsorshipDate>
        <firstName>Brendan</firstName>
        <party>D</party>
        <identifiers>
          <lisID>2267</lisID>
          <gpoId />
          <bioguideId>B001296</bioguideId>
        </identifiers>
        <district>13</district>
        <sponsorshipWithdrawnDate />
        <fullName>Rep. Boyle, Brendan F. [D-PA-13]</fullName>
        <bioguideId>B001296</bioguideId>
        <lastName>Boyle</lastName>
        <state>PA</state>
      </item>
      <item>
        <isOriginalCosponsor>False</isOriginalCosponsor>
        <middleName />
        <sponsorshipDate>2017-04-27</sponsorshipDate>
        <firstName>Steve</firstName>
        <party>D</party>
        <identifiers>
          <lisID>1878</lisID>
          <gpoId>8156</gpoId>
          <bioguideId>C001068</bioguideId>
        </identifiers>
        <district>9</district>
        <sponsorshipWithdrawnDate />
        <fullName>Rep. Cohen, Steve [D-TN-9]</fullName>
        <bioguideId>C001068</bioguideId>
        <lastName>Cohen</lastName>
        <state>TN</state>
      </item>
      <item>
        <isOriginalCosponsor>False</isOriginalCosponsor>
        <middleName>S.</middleName>
        <sponsorshipDate>2017-04-27</sponsorshipDate>
        <firstName>Hakeem</firstName>
        <party>D</party>
        <identifiers>
          <lisID>2149</lisID>
          <gpoId />
          <bioguideId>J000294</bioguideId>
        </identifiers>
        <district>8</district>
        <sponsorshipWithdrawnDate />
        <fullName>Rep. Jeffries, Hakeem S. [D-NY-8]</fullName>
        <bioguideId>J000294</bioguideId>
        <lastName>Jeffries</lastName>
        <state>NY</state>
      </item>
      <item>
        <isOriginalCosponsor>False</isOriginalCosponsor>
        <middleName>E.</middleName>
        <sponsorshipDate>2017-04-27</sponsorshipDate>
        <firstName>ELIJAH</firstName>
        <party>D</party>
        <identifiers>
          <lisID>256</lisID>
          <bioguideId>C000984</bioguideId>
          <gpoId>7982</gpoId>
        </identifiers>
        <district>7</district>
        <sponsorshipWithdrawnDate />
        <fullName>Rep. Cummings, Elijah E. [D-MD-7]</fullName>
        <bioguideId>C000984</bioguideId>
        <lastName>CUMMINGS</lastName>
        <state>MD</state>
      </item>
      <item>
        <isOriginalCosponsor>False</isOriginalCosponsor>
        <middleName />
        <sponsorshipDate>2017-04-27</sponsorshipDate>
        <firstName>Eric</firstName>
        <party>D</party>
        <identifiers>
          <bioguideId>S001193</bioguideId>
          <lisID>2104</lisID>
          <gpoId />
        </identifiers>
        <district>15</district>
        <sponsorshipWithdrawnDate />
        <fullName>Rep. Swalwell, Eric [D-CA-15]</fullName>
        <bioguideId>S001193</bioguideId>
        <lastName>Swalwell</lastName>
        <state>CA</state>
      </item>
      <item>
        <isOriginalCosponsor>False</isOriginalCosponsor>
        <middleName>R.</middleName>
        <sponsorshipDate>2017-04-27</sponsorshipDate>
        <firstName>Thomas</firstName>
        <party>D</party>
        <identifiers>
          <gpoId />
          <bioguideId>S001201</bioguideId>
          <lisID>2341</lisID>
        </identifiers>
        <district>3</district>
        <sponsorshipWithdrawnDate />
        <fullName>Rep. Suozzi, Thomas R. [D-NY-3]</fullName>
        <bioguideId>S001201</bioguideId>
        <lastName>Suozzi</lastName>
        <state>NY</state>
      </item>
      <item>
        <isOriginalCosponsor>False</isOriginalCosponsor>
        <middleName>J.</middleName>
        <sponsorshipDate>2017-04-27</sponsorshipDate>
        <firstName>Norma</firstName>
        <party>D</party>
        <identifiers>
          <gpoId />
          <bioguideId>T000474</bioguideId>
          <lisID>2231</lisID>
        </identifiers>
        <district>35</district>
        <sponsorshipWithdrawnDate />
        <fullName>Rep. Torres, Norma J. [D-CA-35]</fullName>
        <bioguideId>T000474</bioguideId>
        <lastName>Torres</lastName>
        <state>CA</state>
      </item>
      <item>
        <isOriginalCosponsor>False</isOriginalCosponsor>
        <middleName />
        <sponsorshipDate>2017-04-27</sponsorshipDate>
        <firstName>Ted</firstName>
        <party>D</party>
        <identifiers>
          <lisID>2230</lisID>
          <gpoId />
          <bioguideId>L000582</bioguideId>
        </identifiers>
        <district>33</district>
        <sponsorshipWithdrawnDate />
        <fullName>Rep. Lieu, Ted [D-CA-33]</fullName>
        <bioguideId>L000582</bioguideId>
        <lastName>Lieu</lastName>
        <state>CA</state>
      </item>
      <item>
        <isOriginalCosponsor>False</isOriginalCosponsor>
        <middleName />
        <sponsorshipDate>2017-04-27</sponsorshipDate>
        <firstName>JERROLD</firstName>
        <party>D</party>
        <identifiers>
          <lisID>850</lisID>
          <bioguideId>N000002</bioguideId>
          <gpoId>8069</gpoId>
        </identifiers>
        <district>10</district>
        <sponsorshipWithdrawnDate />
        <fullName>Rep. Nadler, Jerrold [D-NY-10]</fullName>
        <bioguideId>N000002</bioguideId>
        <lastName>NADLER</lastName>
        <state>NY</state>
      </item>
    </cosponsors>
    <subjects>
      <billSubjects>
        <policyArea>
          <name>International Affairs</name>
        </policyArea>
        <legislativeSubjects>
          <item>
            <name>Alliances</name>
          </item>
          <item>
            <name>Computer security and identity theft</name>
          </item>
          <item>
            <name>Elections, voting, political campaign regulation</name>
          </item>
          <item>
            <name>Europe</name>
          </item>
          <item>
            <name>Political movements and philosophies</name>
          </item>
          <item>
            <name>Russia</name>
          </item>
          <item>
            <name>Sanctions</name>
          </item>
          <item>
            <name>Sovereignty, recognition, national governance and status</name>
          </item>
        </legislativeSubjects>
      </billSubjects>
    </subjects>
    <constitutionalAuthorityStatementText />
    <laws />
    <actions>
      <item>
        <actionDate>2017-05-18</actionDate>
        <committee>
          <systemCode>hsfa14</systemCode>
          <name>Europe, Eurasia, and Emerging Threats Subcommittee</name>
        </committee>
        <links />
        <sourceSystem>
          <code>1</code>
          <name>House committee actions</name>
        </sourceSystem>
        <text>Referred to the Subcommittee on Europe, Eurasia, and Emerging Threats.</text>
        <type>Committee</type>
      </item>
      <item>
        <committee>
          <systemCode>hsfa00</systemCode>
          <name>Foreign Affairs Committee</name>
        </committee>
        <sourceSystem>
          <code>2</code>
          <name>House floor actions</name>
        </sourceSystem>
        <actionDate>2017-03-06</actionDate>
        <text>Referred to the House Committee on Foreign Affairs.</text>
        <links />
        <type>IntroReferral</type>
        <actionCode>H11100</actionCode>
      </item>
      <item>
        <committee />
        <sourceSystem>
          <code>9</code>
          <name>Library of Congress</name>
        </sourceSystem>
        <actionDate>2017-03-06</actionDate>
        <text>Introduced in House</text>
        <links />
        <type>IntroReferral</type>
        <actionCode>Intro-H</actionCode>
      </item>
      <item>
        <committee />
        <sourceSystem>
          <code>9</code>
          <name>Library of Congress</name>
        </sourceSystem>
        <actionDate>2017-03-06</actionDate>
        <text>Introduced in House</text>
        <links />
        <type>IntroReferral</type>
        <actionCode>1000</actionCode>
      </item>
      <actionByCounts>
        <houseOfRepresentatives>4</houseOfRepresentatives>
      </actionByCounts>
      <actionTypeCounts>
        <billReferrals>1</billReferrals>
        <placeholderTextForH>1</placeholderTextForH>
        <introducedInTheHouse>1</introducedInTheHouse>
        <introducedInHouse>1</introducedInHouse>
      </actionTypeCounts>
    </actions>
    <titles>
      <item>
        <chamberCode />
        <chamberName />
        <parentTitleType />
        <titleType>Official Title as Introduced</titleType>
        <title>Expressing the sense of the House of Representatives that the Government of the Russian Federation, its officials, security services, and any person or entity within the Russian Federation or associated with the Russian Government, should not interfere, seek to influence, or engage in coercion designed to create an outcome in foreign elections.</title>
      </item>
      <item>
        <chamberCode />
        <chamberName />
        <parentTitleType />
        <titleType>Display Title</titleType>
        <title>Expressing the sense of the House of Representatives that the Government of the Russian Federation, its officials, security services, and any person or entity within the Russian Federation or associated with the Russian Government, should not interfere, seek to influence, or engage in coercion designed to create an outcome in foreign elections.</title>
      </item>
    </titles>
    <summaries>
      <billSummaries>
        <item>
          <versionCode>00</versionCode>
          <text><![CDATA[<p>Expresses the sense of the House of Representatives that:</p> <ul> <li> the Russian Federation has engaged in a widespread hacking and misinformation campaign in order to influence politics and elections in democracies throughout Europe; </li> <li> Russian officials have expressed their desire to divide the North Atlantic Treaty Organization alliance, weaken democratic institutions, and support extremist, pro-Moscow candidates throughout Europe; </li> <li> Russia should immediately cease all hacking and cyber-attacks aimed at European governments, political parties, government officials, election entities, and public information systems; and </li> <li> it is U.S. government policy to sanction entities and individuals within Russia or associated with the Russian government engaged in hacking, cyber-attacks, and propaganda campaigns with the intention of interfering in democratic elections.</li> </ul> <ul> </ul>]]></text>
          <actionDesc>Introduced in House</actionDesc>
          <actionDate>2017-03-06</actionDate>
          <lastSummaryUpdateDate>2017-04-24T20:32:21Z</lastSummaryUpdateDate>
          <name>Introduced in House</name>
          <updateDate>2017-03-06T05:00:00Z</updateDate>
        </item>
      </billSummaries>
    </summaries>
    <committees>
      <billCommittees>
        <item>
          <subcommittees>
            <item>
              <name>Europe, Eurasia, and Emerging Threats Subcommittee</name>
              <systemCode>hsfa14</systemCode>
              <activities>
                <item>
                  <name>Referred to</name>
                  <date>2017-05-18T15:33:50Z</date>
                </item>
              </activities>
            </item>
          </subcommittees>
          <type>Standing</type>
          <systemCode>hsfa00</systemCode>
          <activities>
            <item>
              <name>Referred to</name>
              <date>2017-03-06T21:01:20Z</date>
            </item>
          </activities>
          <name>Foreign Affairs Committee</name>
          <chamber>House</chamber>
        </item>
      </billCommittees>
    </committees>
    <introducedDate>2017-03-06</introducedDate>
    <updateDate>2018-02-06T16:39:38Z</updateDate>
    <cboCostEstimates />
    <recordedVotes />
    <billType>HRES</billType>
    <createDate>2017-03-07T05:14:48Z</createDate>
    <latestAction>
      <text>Referred to the Subcommittee on Europe, Eurasia, and Emerging Threats.</text>
      <links />
      <actionDate>2017-05-18</actionDate>
    </latestAction>
  </bill>
  <dublinCore xmlns:dc="http://purl.org/dc/elements/1.1/">
    <dc:format>text/xml</dc:format>
    <dc:language>EN</dc:language>
    <dc:rights>Pursuant to Title 17 Section 105 of the United States Code, this file is not subject to copyright protection and is in the public domain.</dc:rights>
    <dc:contributor>Congressional Research Service, Library of Congress</dc:contributor>
    <dc:description>This file contains bill summaries and statuses for federal legislation. A bill summary describes the most significant provisions of a piece of legislation and details the effects the legislative text may have on current law and federal programs. Bill summaries are authored by the Congressional Research Service (CRS) of the Library of Congress. As stated in Public Law 91-510 (2 USC 166 (d)(6)), one of the duties of CRS is "to prepare summaries and digests of bills and resolutions of a public general nature introduced in the Senate or House of Representatives". For more information, refer to the User Guide that accompanies this file.</dc:description>
  </dublinCore>
</billStatus>

