<?xml version="1.0" encoding="UTF-8"?>
<billStatus>
  <bill>
    <committeeReports />
    <originChamber>House</originChamber>
    <billNumber>336</billNumber>
    <actions>
      <actionByCounts>
        <houseOfRepresentatives>15</houseOfRepresentatives>
      </actionByCounts>
      <actionTypeCounts>
        <placeholderTextForH>3</placeholderTextForH>
        <actionStageOverride>2</actionStageOverride>
        <passedAgreedToInHouse>1</passedAgreedToInHouse>
        <introducedInTheHouse>1</introducedInTheHouse>
        <billReferrals>1</billReferrals>
        <finalPassageUnderSuspensionOfTheRulesResults>1</finalPassageUnderSuspensionOfTheRulesResults>
        <introducedInHouse>1</introducedInHouse>
        <motionToReconsiderResults>1</motionToReconsiderResults>
        <motionMadeToSuspendTheRules>1</motionMadeToSuspendTheRules>
        <considerationByHouse>1</considerationByHouse>
        <generalDebate>1</generalDebate>
        <designationOfSpeakerProTempore>1</designationOfSpeakerProTempore>
      </actionTypeCounts>
      <item>
        <sourceSystem>
          <name>House floor actions</name>
          <code>2</code>
        </sourceSystem>
        <actionDate>2017-12-12</actionDate>
        <text>Motion to reconsider laid on the table Agreed to without objection.</text>
        <type>Floor</type>
        <links />
        <committee />
        <actionCode>H38310</actionCode>
        <actionTime>15:55:45</actionTime>
      </item>
      <item>
        <sourceSystem>
          <name>House floor actions</name>
          <code>2</code>
        </sourceSystem>
        <actionDate>2017-12-12</actionDate>
        <text>On motion to suspend the rules and agree to the resolution Agreed to by voice vote. (text: CR H9824)</text>
        <type>Floor</type>
        <links>
          <link>
            <name>H9824</name>
            <url>https://www.congress.gov/congressional-record/volume-163/house-section/page/H9824</url>
          </link>
        </links>
        <committee />
        <actionCode>H37300</actionCode>
        <actionTime>15:55:38</actionTime>
      </item>
      <item>
        <sourceSystem>
          <name>Library of Congress</name>
          <code>9</code>
        </sourceSystem>
        <actionDate>2017-12-12</actionDate>
        <text>Passed/agreed to in House: On motion to suspend the rules and agree to the resolution Agreed to by voice vote.</text>
        <type>Floor</type>
        <links />
        <committee />
        <actionCode>8000</actionCode>
        <actionTime>15:55:38</actionTime>
      </item>
      <item>
        <sourceSystem>
          <name>House floor actions</name>
          <code>2</code>
        </sourceSystem>
        <actionDate>2017-12-12</actionDate>
        <text>DEBATE - The House proceeded with forty minutes of debate on H. Res. 336.</text>
        <type>Floor</type>
        <links>
          <link>
            <name>H. Res. 336</name>
            <url>https://www.congress.gov/bill/115th-congress/house-resolution/336</url>
          </link>
        </links>
        <committee />
        <actionCode>H8D000</actionCode>
        <actionTime>15:42:20</actionTime>
      </item>
      <item>
        <sourceSystem>
          <name>House floor actions</name>
          <code>2</code>
        </sourceSystem>
        <actionDate>2017-12-12</actionDate>
        <text>Considered under suspension of the rules. (consideration: CR H9824-9826)</text>
        <type>Floor</type>
        <links>
          <link>
            <name>H9824-9826</name>
            <url>https://www.congress.gov/congressional-record/volume-163/house-section/page/H9824-9826</url>
          </link>
        </links>
        <committee />
        <actionCode>H30000</actionCode>
        <actionTime>15:42:18</actionTime>
      </item>
      <item>
        <sourceSystem>
          <name>House floor actions</name>
          <code>2</code>
        </sourceSystem>
        <actionDate>2017-12-12</actionDate>
        <text>Mr. Royce (CA) moved to suspend the rules and agree to the resolution.</text>
        <type>Floor</type>
        <links />
        <committee />
        <actionCode>H30300</actionCode>
        <actionTime>15:42:04</actionTime>
      </item>
      <item>
        <actionDate>2017-11-15</actionDate>
        <committee>
          <systemCode>hsfa00</systemCode>
          <name>Foreign Affairs Committee</name>
        </committee>
        <links />
        <sourceSystem>
          <name>House committee actions</name>
          <code>1</code>
        </sourceSystem>
        <text>Ordered to be Reported by Voice Vote.</text>
        <type>Committee</type>
      </item>
      <item>
        <actionDate>2017-11-15</actionDate>
        <committee>
          <systemCode>hsfa00</systemCode>
          <name>Foreign Affairs Committee</name>
        </committee>
        <links />
        <sourceSystem>
          <name>House committee actions</name>
          <code>1</code>
        </sourceSystem>
        <text>Committee Consideration and Mark-up Session Held.</text>
        <type>Committee</type>
      </item>
      <item>
        <actionDate>2017-05-24</actionDate>
        <committee>
          <systemCode>hsfa07</systemCode>
          <name>Western Hemisphere Subcommittee</name>
        </committee>
        <links />
        <sourceSystem>
          <name>House committee actions</name>
          <code>1</code>
        </sourceSystem>
        <text>Forwarded by Subcommittee to Full Committee (Amended) by Voice Vote .</text>
        <type>Committee</type>
      </item>
      <item>
        <actionDate>2017-05-24</actionDate>
        <committee>
          <systemCode>hsfa07</systemCode>
          <name>Western Hemisphere Subcommittee</name>
        </committee>
        <links />
        <sourceSystem>
          <name>House committee actions</name>
          <code>1</code>
        </sourceSystem>
        <text>Subcommittee Consideration and Mark-up Session Held.</text>
        <type>Committee</type>
      </item>
      <item>
        <actionDate>2017-05-24</actionDate>
        <committee>
          <systemCode>hsfa00</systemCode>
          <name>Foreign Affairs Committee</name>
        </committee>
        <links />
        <sourceSystem>
          <name>House committee actions</name>
          <code>1</code>
        </sourceSystem>
        <text>Committee Consideration and Mark-up Session Held.</text>
        <type>Committee</type>
      </item>
      <item>
        <actionDate>2017-05-19</actionDate>
        <committee>
          <systemCode>hsfa07</systemCode>
          <name>Western Hemisphere Subcommittee</name>
        </committee>
        <links />
        <sourceSystem>
          <name>House committee actions</name>
          <code>1</code>
        </sourceSystem>
        <text>Referred to the Subcommittee on the Western Hemisphere.</text>
        <type>Committee</type>
      </item>
      <item>
        <sourceSystem>
          <name>House floor actions</name>
          <code>2</code>
        </sourceSystem>
        <actionDate>2017-05-18</actionDate>
        <text>Referred to the House Committee on Foreign Affairs.</text>
        <type>IntroReferral</type>
        <links />
        <committee>
          <systemCode>hsfa00</systemCode>
          <name>Foreign Affairs Committee</name>
        </committee>
        <actionCode>H11100</actionCode>
      </item>
      <item>
        <sourceSystem>
          <name>Library of Congress</name>
          <code>9</code>
        </sourceSystem>
        <actionDate>2017-05-18</actionDate>
        <text>Introduced in House</text>
        <type>IntroReferral</type>
        <links />
        <committee />
        <actionCode>Intro-H</actionCode>
      </item>
      <item>
        <sourceSystem>
          <name>Library of Congress</name>
          <code>9</code>
        </sourceSystem>
        <actionDate>2017-05-18</actionDate>
        <text>Introduced in House</text>
        <type>IntroReferral</type>
        <links />
        <committee />
        <actionCode>1000</actionCode>
      </item>
    </actions>
    <calendarNumbers />
    <updateDate>2018-02-06T16:39:47Z</updateDate>
    <cosponsors>
      <item>
        <lastName>McCaul</lastName>
        <firstName>Michael</firstName>
        <sponsorshipWithdrawnDate />
        <isOriginalCosponsor>True</isOriginalCosponsor>
        <district>10</district>
        <party>R</party>
        <fullName>Rep. McCaul, Michael T. [R-TX-10]</fullName>
        <middleName>T.</middleName>
        <state>TX</state>
        <bioguideId>M001157</bioguideId>
        <sponsorshipDate>2017-05-18</sponsorshipDate>
        <identifiers>
          <lisID>1804</lisID>
          <bioguideId>M001157</bioguideId>
          <gpoId>8166</gpoId>
        </identifiers>
      </item>
      <item>
        <lastName>GREEN</lastName>
        <firstName>GENE</firstName>
        <sponsorshipWithdrawnDate />
        <isOriginalCosponsor>True</isOriginalCosponsor>
        <district>29</district>
        <party>D</party>
        <fullName>Rep. Green, Gene [D-TX-29]</fullName>
        <middleName />
        <state>TX</state>
        <bioguideId>G000410</bioguideId>
        <sponsorshipDate>2017-05-18</sponsorshipDate>
        <identifiers>
          <lisID>462</lisID>
          <bioguideId>G000410</bioguideId>
          <gpoId>8185</gpoId>
        </identifiers>
      </item>
      <item>
        <lastName>LOFGREN</lastName>
        <firstName>ZOE</firstName>
        <sponsorshipWithdrawnDate />
        <isOriginalCosponsor>True</isOriginalCosponsor>
        <district>19</district>
        <party>D</party>
        <fullName>Rep. Lofgren, Zoe [D-CA-19]</fullName>
        <middleName />
        <state>CA</state>
        <bioguideId>L000397</bioguideId>
        <sponsorshipDate>2017-05-18</sponsorshipDate>
        <identifiers>
          <lisID>701</lisID>
          <bioguideId>L000397</bioguideId>
          <gpoId>7821</gpoId>
        </identifiers>
      </item>
      <item>
        <lastName>Torres</lastName>
        <firstName>Norma</firstName>
        <sponsorshipWithdrawnDate />
        <isOriginalCosponsor>True</isOriginalCosponsor>
        <district>35</district>
        <party>D</party>
        <fullName>Rep. Torres, Norma J. [D-CA-35]</fullName>
        <middleName>J.</middleName>
        <state>CA</state>
        <bioguideId>T000474</bioguideId>
        <sponsorshipDate>2017-05-18</sponsorshipDate>
        <identifiers>
          <bioguideId>T000474</bioguideId>
          <lisID>2231</lisID>
          <gpoId />
        </identifiers>
      </item>
      <item>
        <lastName>Sires</lastName>
        <firstName>Albio</firstName>
        <sponsorshipWithdrawnDate />
        <isOriginalCosponsor>True</isOriginalCosponsor>
        <district>8</district>
        <party>D</party>
        <fullName>Rep. Sires, Albio [D-NJ-8]</fullName>
        <middleName />
        <state>NJ</state>
        <bioguideId>S001165</bioguideId>
        <sponsorshipDate>2017-05-18</sponsorshipDate>
        <identifiers>
          <lisID>1818</lisID>
          <bioguideId>S001165</bioguideId>
          <gpoId>8055</gpoId>
        </identifiers>
      </item>
      <item>
        <lastName>Cuellar</lastName>
        <firstName>Henry</firstName>
        <sponsorshipWithdrawnDate />
        <isOriginalCosponsor>True</isOriginalCosponsor>
        <district>28</district>
        <party>D</party>
        <fullName>Rep. Cuellar, Henry [D-TX-28]</fullName>
        <middleName />
        <state>TX</state>
        <bioguideId>C001063</bioguideId>
        <sponsorshipDate>2017-05-18</sponsorshipDate>
        <identifiers>
          <bioguideId>C001063</bioguideId>
          <lisID>1807</lisID>
          <gpoId>8184</gpoId>
        </identifiers>
      </item>
      <item>
        <lastName>Polis</lastName>
        <firstName>Jared</firstName>
        <sponsorshipWithdrawnDate />
        <isOriginalCosponsor>True</isOriginalCosponsor>
        <district>2</district>
        <party>D</party>
        <fullName>Rep. Polis, Jared [D-CO-2]</fullName>
        <middleName />
        <state>CO</state>
        <bioguideId>P000598</bioguideId>
        <sponsorshipDate>2017-05-18</sponsorshipDate>
        <identifiers>
          <lisID>1910</lisID>
          <gpoId>7860</gpoId>
          <bioguideId>P000598</bioguideId>
        </identifiers>
      </item>
      <item>
        <lastName>Duffy</lastName>
        <firstName>Sean</firstName>
        <sponsorshipWithdrawnDate />
        <isOriginalCosponsor>True</isOriginalCosponsor>
        <district>7</district>
        <party>R</party>
        <fullName>Rep. Duffy, Sean P. [R-WI-7]</fullName>
        <middleName>P.</middleName>
        <state>WI</state>
        <bioguideId>D000614</bioguideId>
        <sponsorshipDate>2017-05-18</sponsorshipDate>
        <identifiers>
          <bioguideId>D000614</bioguideId>
          <lisID>2072</lisID>
          <gpoId>8220</gpoId>
        </identifiers>
      </item>
      <item>
        <lastName>Hurd</lastName>
        <firstName>Will</firstName>
        <sponsorshipWithdrawnDate />
        <isOriginalCosponsor>True</isOriginalCosponsor>
        <district>23</district>
        <party>R</party>
        <fullName>Rep. Hurd, Will [R-TX-23]</fullName>
        <middleName />
        <state>TX</state>
        <bioguideId>H001073</bioguideId>
        <sponsorshipDate>2017-05-18</sponsorshipDate>
        <identifiers>
          <lisID>2269</lisID>
          <bioguideId>H001073</bioguideId>
          <gpoId />
        </identifiers>
      </item>
      <item>
        <lastName>Valadao</lastName>
        <firstName>David</firstName>
        <sponsorshipWithdrawnDate />
        <isOriginalCosponsor>True</isOriginalCosponsor>
        <district>21</district>
        <party>R</party>
        <fullName>Rep. Valadao, David G. [R-CA-21]</fullName>
        <middleName>G.</middleName>
        <state>CA</state>
        <bioguideId>V000129</bioguideId>
        <sponsorshipDate>2017-05-18</sponsorshipDate>
        <identifiers>
          <lisID>2105</lisID>
          <gpoId />
          <bioguideId>V000129</bioguideId>
        </identifiers>
      </item>
      <item>
        <lastName>McSally</lastName>
        <firstName>Martha</firstName>
        <sponsorshipWithdrawnDate />
        <isOriginalCosponsor>True</isOriginalCosponsor>
        <district>2</district>
        <party>R</party>
        <fullName>Rep. McSally, Martha [R-AZ-2]</fullName>
        <middleName />
        <state>AZ</state>
        <bioguideId>M001197</bioguideId>
        <sponsorshipDate>2017-05-18</sponsorshipDate>
        <identifiers>
          <gpoId />
          <bioguideId>M001197</bioguideId>
          <lisID>2225</lisID>
        </identifiers>
      </item>
      <item>
        <lastName>SANCHEZ</lastName>
        <firstName>LINDA</firstName>
        <sponsorshipWithdrawnDate />
        <isOriginalCosponsor>True</isOriginalCosponsor>
        <district>38</district>
        <party>D</party>
        <fullName>Rep. Sanchez, Linda T. [D-CA-38]</fullName>
        <middleName>T.</middleName>
        <state>CA</state>
        <bioguideId>S001156</bioguideId>
        <sponsorshipDate>2017-05-18</sponsorshipDate>
        <identifiers>
          <lisID>1757</lisID>
          <bioguideId>S001156</bioguideId>
          <gpoId>7844</gpoId>
        </identifiers>
      </item>
      <item>
        <lastName>Poe</lastName>
        <firstName>Ted</firstName>
        <sponsorshipWithdrawnDate />
        <isOriginalCosponsor>True</isOriginalCosponsor>
        <district>2</district>
        <party>R</party>
        <fullName>Rep. Poe, Ted [R-TX-2]</fullName>
        <middleName />
        <state>TX</state>
        <bioguideId>P000592</bioguideId>
        <sponsorshipDate>2017-05-18</sponsorshipDate>
        <identifiers>
          <bioguideId>P000592</bioguideId>
          <lisID>1802</lisID>
          <gpoId>8158</gpoId>
        </identifiers>
      </item>
      <item>
        <lastName>Titus</lastName>
        <firstName>Dina</firstName>
        <sponsorshipWithdrawnDate />
        <isOriginalCosponsor>False</isOriginalCosponsor>
        <district>1</district>
        <party>D</party>
        <fullName>Rep. Titus, Dina [D-NV-1]</fullName>
        <middleName />
        <state>NV</state>
        <bioguideId>T000468</bioguideId>
        <sponsorshipDate>2017-05-23</sponsorshipDate>
        <identifiers>
          <lisID>1940</lisID>
          <bioguideId>T000468</bioguideId>
          <gpoId>7493</gpoId>
        </identifiers>
      </item>
      <item>
        <lastName>Kelly</lastName>
        <firstName>Robin</firstName>
        <sponsorshipWithdrawnDate />
        <isOriginalCosponsor>False</isOriginalCosponsor>
        <district>2</district>
        <party>D</party>
        <fullName>Rep. Kelly, Robin L. [D-IL-2]</fullName>
        <middleName>L.</middleName>
        <state>IL</state>
        <bioguideId>K000385</bioguideId>
        <sponsorshipDate>2017-05-23</sponsorshipDate>
        <identifiers>
          <lisID>2190</lisID>
          <bioguideId>K000385</bioguideId>
          <gpoId />
        </identifiers>
      </item>
      <item>
        <lastName>Gallego</lastName>
        <firstName>Ruben</firstName>
        <sponsorshipWithdrawnDate />
        <isOriginalCosponsor>False</isOriginalCosponsor>
        <district>7</district>
        <party>D</party>
        <fullName>Rep. Gallego, Ruben [D-AZ-7]</fullName>
        <middleName />
        <state>AZ</state>
        <bioguideId>G000574</bioguideId>
        <sponsorshipDate>2017-05-23</sponsorshipDate>
        <identifiers>
          <lisID>2226</lisID>
          <bioguideId>G000574</bioguideId>
          <gpoId />
        </identifiers>
      </item>
      <item>
        <lastName>Castro</lastName>
        <firstName>Joaquin</firstName>
        <sponsorshipWithdrawnDate />
        <isOriginalCosponsor>False</isOriginalCosponsor>
        <district>20</district>
        <party>D</party>
        <fullName>Rep. Castro, Joaquin [D-TX-20]</fullName>
        <middleName />
        <state>TX</state>
        <bioguideId>C001091</bioguideId>
        <sponsorshipDate>2017-05-23</sponsorshipDate>
        <identifiers>
          <lisID>2163</lisID>
          <gpoId />
          <bioguideId>C001091</bioguideId>
        </identifiers>
      </item>
      <item>
        <lastName>Espaillat</lastName>
        <firstName>Adriano</firstName>
        <sponsorshipWithdrawnDate />
        <isOriginalCosponsor>False</isOriginalCosponsor>
        <district>13</district>
        <party>D</party>
        <fullName>Rep. Espaillat, Adriano [D-NY-13]</fullName>
        <middleName />
        <state>NY</state>
        <bioguideId>E000297</bioguideId>
        <sponsorshipDate>2017-05-23</sponsorshipDate>
        <identifiers>
          <gpoId />
          <lisID>2342</lisID>
          <bioguideId>E000297</bioguideId>
        </identifiers>
      </item>
      <item>
        <lastName>Vela</lastName>
        <firstName>Filemon</firstName>
        <sponsorshipWithdrawnDate />
        <isOriginalCosponsor>False</isOriginalCosponsor>
        <district>34</district>
        <party>D</party>
        <fullName>Rep. Vela, Filemon [D-TX-34]</fullName>
        <middleName />
        <state>TX</state>
        <bioguideId>V000132</bioguideId>
        <sponsorshipDate>2017-05-23</sponsorshipDate>
        <identifiers>
          <lisID>2167</lisID>
          <bioguideId>V000132</bioguideId>
          <gpoId />
        </identifiers>
      </item>
      <item>
        <lastName>MEEKS</lastName>
        <firstName>GREGORY</firstName>
        <sponsorshipWithdrawnDate />
        <isOriginalCosponsor>False</isOriginalCosponsor>
        <district>5</district>
        <party>D</party>
        <fullName>Rep. Meeks, Gregory W. [D-NY-5]</fullName>
        <middleName>W.</middleName>
        <state>NY</state>
        <bioguideId>M001137</bioguideId>
        <sponsorshipDate>2017-05-23</sponsorshipDate>
        <identifiers>
          <lisID>1506</lisID>
          <gpoId>8067</gpoId>
          <bioguideId>M001137</bioguideId>
        </identifiers>
      </item>
      <item>
        <lastName>Donovan</lastName>
        <firstName>Daniel</firstName>
        <sponsorshipWithdrawnDate />
        <isOriginalCosponsor>False</isOriginalCosponsor>
        <district>11</district>
        <party>R</party>
        <fullName>Rep. Donovan, Daniel M., Jr. [R-NY-11]</fullName>
        <middleName>M.</middleName>
        <state>NY</state>
        <bioguideId>D000625</bioguideId>
        <sponsorshipDate>2017-05-23</sponsorshipDate>
        <identifiers>
          <gpoId />
          <lisID>2293</lisID>
          <bioguideId>D000625</bioguideId>
        </identifiers>
      </item>
      <item>
        <lastName>ROS-LEHTINEN</lastName>
        <firstName>ILEANA</firstName>
        <sponsorshipWithdrawnDate />
        <isOriginalCosponsor>False</isOriginalCosponsor>
        <district>27</district>
        <party>R</party>
        <fullName>Rep. Ros-Lehtinen, Ileana [R-FL-27]</fullName>
        <middleName />
        <state>FL</state>
        <bioguideId>R000435</bioguideId>
        <sponsorshipDate>2017-05-23</sponsorshipDate>
        <identifiers>
          <gpoId>7890</gpoId>
          <lisID>985</lisID>
          <bioguideId>R000435</bioguideId>
        </identifiers>
      </item>
      <item>
        <lastName>Lieu</lastName>
        <firstName>Ted</firstName>
        <sponsorshipWithdrawnDate />
        <isOriginalCosponsor>False</isOriginalCosponsor>
        <district>33</district>
        <party>D</party>
        <fullName>Rep. Lieu, Ted [D-CA-33]</fullName>
        <middleName />
        <state>CA</state>
        <bioguideId>L000582</bioguideId>
        <sponsorshipDate>2017-05-24</sponsorshipDate>
        <identifiers>
          <bioguideId>L000582</bioguideId>
          <gpoId />
          <lisID>2230</lisID>
        </identifiers>
      </item>
      <item>
        <lastName>Keating</lastName>
        <firstName>William</firstName>
        <sponsorshipWithdrawnDate />
        <isOriginalCosponsor>False</isOriginalCosponsor>
        <district>9</district>
        <party>D</party>
        <fullName>Rep. Keating, William R. [D-MA-9]</fullName>
        <middleName>R.</middleName>
        <state>MA</state>
        <bioguideId>K000375</bioguideId>
        <sponsorshipDate>2017-05-24</sponsorshipDate>
        <identifiers>
          <lisID>2025</lisID>
          <bioguideId>K000375</bioguideId>
          <gpoId>7975</gpoId>
        </identifiers>
      </item>
      <item>
        <lastName>Rothfus</lastName>
        <firstName>Keith</firstName>
        <sponsorshipWithdrawnDate />
        <isOriginalCosponsor>False</isOriginalCosponsor>
        <district>12</district>
        <party>R</party>
        <fullName>Rep. Rothfus, Keith J. [R-PA-12]</fullName>
        <middleName>J.</middleName>
        <state>PA</state>
        <bioguideId>R000598</bioguideId>
        <sponsorshipDate>2017-06-06</sponsorshipDate>
        <identifiers>
          <gpoId />
          <bioguideId>R000598</bioguideId>
          <lisID>2158</lisID>
        </identifiers>
      </item>
      <item>
        <lastName>Pearce</lastName>
        <firstName>Stevan</firstName>
        <sponsorshipWithdrawnDate />
        <isOriginalCosponsor>False</isOriginalCosponsor>
        <district>2</district>
        <party>R</party>
        <fullName>Rep. Pearce, Stevan [R-NM-2]</fullName>
        <middleName />
        <state>NM</state>
        <bioguideId>P000588</bioguideId>
        <sponsorshipDate>2017-06-06</sponsorshipDate>
        <identifiers>
          <lisID>1738</lisID>
          <bioguideId>P000588</bioguideId>
          <gpoId>8057</gpoId>
        </identifiers>
      </item>
      <item>
        <lastName>Schneider</lastName>
        <firstName>Bradley</firstName>
        <sponsorshipWithdrawnDate />
        <isOriginalCosponsor>False</isOriginalCosponsor>
        <district>10</district>
        <party>D</party>
        <fullName>Rep. Schneider, Bradley Scott [D-IL-10]</fullName>
        <middleName>Scott</middleName>
        <state>IL</state>
        <bioguideId>S001190</bioguideId>
        <sponsorshipDate>2017-06-07</sponsorshipDate>
        <identifiers>
          <gpoId />
          <lisID>2124</lisID>
          <bioguideId>S001190</bioguideId>
        </identifiers>
      </item>
      <item>
        <lastName>Gonzalez</lastName>
        <firstName>Vicente</firstName>
        <sponsorshipWithdrawnDate />
        <isOriginalCosponsor>False</isOriginalCosponsor>
        <district>15</district>
        <party>D</party>
        <fullName>Rep. Gonzalez, Vicente [D-TX-15]</fullName>
        <middleName />
        <state>TX</state>
        <bioguideId>G000581</bioguideId>
        <sponsorshipDate>2017-07-11</sponsorshipDate>
        <identifiers>
          <lisID>2349</lisID>
          <gpoId />
          <bioguideId>G000581</bioguideId>
        </identifiers>
      </item>
      <item>
        <lastName>Coffman</lastName>
        <firstName>Mike</firstName>
        <sponsorshipWithdrawnDate />
        <isOriginalCosponsor>False</isOriginalCosponsor>
        <district>6</district>
        <party>R</party>
        <fullName>Rep. Coffman, Mike [R-CO-6]</fullName>
        <middleName />
        <state>CO</state>
        <bioguideId>C001077</bioguideId>
        <sponsorshipDate>2017-07-24</sponsorshipDate>
        <identifiers>
          <gpoId>7864</gpoId>
          <lisID>1912</lisID>
          <bioguideId>C001077</bioguideId>
        </identifiers>
      </item>
      <item>
        <lastName>Connolly</lastName>
        <firstName>Gerald</firstName>
        <sponsorshipWithdrawnDate />
        <isOriginalCosponsor>False</isOriginalCosponsor>
        <district>11</district>
        <party>D</party>
        <fullName>Rep. Connolly, Gerald E. [D-VA-11]</fullName>
        <middleName>E.</middleName>
        <state>VA</state>
        <bioguideId>C001078</bioguideId>
        <sponsorshipDate>2017-11-14</sponsorshipDate>
        <identifiers>
          <bioguideId>C001078</bioguideId>
          <lisID>1959</lisID>
          <gpoId>8202</gpoId>
        </identifiers>
      </item>
      <item>
        <lastName>SHERMAN</lastName>
        <firstName>BRAD</firstName>
        <sponsorshipWithdrawnDate />
        <isOriginalCosponsor>False</isOriginalCosponsor>
        <district>30</district>
        <party>D</party>
        <fullName>Rep. Sherman, Brad [D-CA-30]</fullName>
        <middleName />
        <state>CA</state>
        <bioguideId>S000344</bioguideId>
        <sponsorshipDate>2017-11-14</sponsorshipDate>
        <identifiers>
          <gpoId>7832</gpoId>
          <lisID>1526</lisID>
          <bioguideId>S000344</bioguideId>
        </identifiers>
      </item>
      <item>
        <lastName>ROYCE</lastName>
        <firstName>ED</firstName>
        <sponsorshipWithdrawnDate />
        <isOriginalCosponsor>False</isOriginalCosponsor>
        <district>39</district>
        <party>R</party>
        <fullName>Rep. Royce, Edward R. [R-CA-39]</fullName>
        <middleName />
        <state>CA</state>
        <bioguideId>R000487</bioguideId>
        <sponsorshipDate>2017-11-14</sponsorshipDate>
        <identifiers>
          <bioguideId>R000487</bioguideId>
          <gpoId>7845</gpoId>
          <lisID>998</lisID>
        </identifiers>
      </item>
      <item>
        <lastName>Cicilline</lastName>
        <firstName>David</firstName>
        <sponsorshipWithdrawnDate />
        <isOriginalCosponsor>False</isOriginalCosponsor>
        <district>1</district>
        <party>D</party>
        <fullName>Rep. Cicilline, David N. [D-RI-1]</fullName>
        <middleName>N.</middleName>
        <state>RI</state>
        <bioguideId>C001084</bioguideId>
        <sponsorshipDate>2017-11-14</sponsorshipDate>
        <identifiers>
          <lisID>2055</lisID>
          <bioguideId>C001084</bioguideId>
          <gpoId>8139</gpoId>
        </identifiers>
      </item>
      <item>
        <lastName>Frankel</lastName>
        <firstName>Lois</firstName>
        <sponsorshipWithdrawnDate />
        <isOriginalCosponsor>False</isOriginalCosponsor>
        <district>21</district>
        <party>D</party>
        <fullName>Rep. Frankel, Lois [D-FL-21]</fullName>
        <middleName />
        <state>FL</state>
        <bioguideId>F000462</bioguideId>
        <sponsorshipDate>2017-11-15</sponsorshipDate>
        <identifiers>
          <lisID>2119</lisID>
          <gpoId />
          <bioguideId>F000462</bioguideId>
        </identifiers>
      </item>
      <item>
        <lastName>Faso</lastName>
        <firstName>John</firstName>
        <sponsorshipWithdrawnDate />
        <isOriginalCosponsor>False</isOriginalCosponsor>
        <district>19</district>
        <party>R</party>
        <fullName>Rep. Faso, John J. [R-NY-19]</fullName>
        <middleName>J.</middleName>
        <state>NY</state>
        <bioguideId>F000464</bioguideId>
        <sponsorshipDate>2017-12-11</sponsorshipDate>
        <identifiers>
          <lisID>2343</lisID>
          <gpoId />
          <bioguideId>F000464</bioguideId>
        </identifiers>
      </item>
    </cosponsors>
    <notes />
    <subjects>
      <billSubjects>
        <legislativeSubjects>
          <item>
            <name>Diplomacy, foreign officials, Americans abroad</name>
          </item>
          <item>
            <name>Drug trafficking and controlled substances</name>
          </item>
          <item>
            <name>Government ethics and transparency, public corruption</name>
          </item>
          <item>
            <name>Human rights</name>
          </item>
          <item>
            <name>International organizations and cooperation</name>
          </item>
          <item>
            <name>Latin America</name>
          </item>
          <item>
            <name>Law enforcement administration and funding</name>
          </item>
          <item>
            <name>Mexico</name>
          </item>
          <item>
            <name>Military assistance, sales, and agreements</name>
          </item>
          <item>
            <name>Rule of law and government transparency</name>
          </item>
          <item>
            <name>Terrorism</name>
          </item>
          <item>
            <name>Violent crime</name>
          </item>
        </legislativeSubjects>
        <policyArea>
          <name>International Affairs</name>
        </policyArea>
      </billSubjects>
    </subjects>
    <committees>
      <billCommittees>
        <item>
          <chamber>House</chamber>
          <name>Foreign Affairs Committee</name>
          <systemCode>hsfa00</systemCode>
          <activities>
            <item>
              <date>2017-11-15T17:55:51Z</date>
              <name>Markup by</name>
            </item>
            <item>
              <date>2017-05-18T14:01:35Z</date>
              <name>Referred to</name>
            </item>
          </activities>
          <type>Standing</type>
          <subcommittees>
            <item>
              <systemCode>hsfa07</systemCode>
              <activities>
                <item>
                  <date>2017-05-24T20:39:38Z</date>
                  <name>Reported by</name>
                </item>
                <item>
                  <date>2017-05-24T20:38:17Z</date>
                  <name>Markup by</name>
                </item>
                <item>
                  <date>2017-05-19T20:37:13Z</date>
                  <name>Referred to</name>
                </item>
              </activities>
              <name>Western Hemisphere Subcommittee</name>
            </item>
          </subcommittees>
        </item>
      </billCommittees>
    </committees>
    <version>1.0.0</version>
    <recordedVotes />
    <policyArea>
      <name>International Affairs</name>
    </policyArea>
    <cboCostEstimates />
    <introducedDate>2017-05-18</introducedDate>
    <title>Reaffirming a strong commitment to the United States-Mexico partnership.</title>
    <amendments />
    <latestAction>
      <actionTime>15:55:45</actionTime>
      <text>Motion to reconsider laid on the table Agreed to without objection.</text>
      <links />
      <actionDate>2017-12-12</actionDate>
    </latestAction>
    <congress>115</congress>
    <billType>HRES</billType>
    <createDate>2017-05-19T03:11:37Z</createDate>
    <sponsors>
      <item>
        <lastName>ENGEL</lastName>
        <party>D</party>
        <state>NY</state>
        <bioguideId>E000179</bioguideId>
        <middleName>L.</middleName>
        <byRequestType />
        <fullName>Rep. Engel, Eliot L. [D-NY-16]</fullName>
        <firstName>ELIOT</firstName>
        <district>16</district>
        <identifiers>
          <bioguideId>E000179</bioguideId>
          <gpoId>8078</gpoId>
          <lisID>344</lisID>
        </identifiers>
      </item>
    </sponsors>
    <constitutionalAuthorityStatementText />
    <relatedBills />
    <laws />
    <titles>
      <item>
        <chamberCode />
        <titleType>Official Title as Introduced</titleType>
        <parentTitleType />
        <chamberName />
        <title>Reaffirming a strong commitment to the United States-Mexico partnership.</title>
      </item>
      <item>
        <chamberCode />
        <titleType>Display Title</titleType>
        <parentTitleType />
        <chamberName />
        <title>Reaffirming a strong commitment to the United States-Mexico partnership.</title>
      </item>
    </titles>
    <summaries>
      <billSummaries>
        <item>
          <versionCode>00</versionCode>
          <updateDate>2017-05-18T04:00:00Z</updateDate>
          <actionDesc>Introduced in House</actionDesc>
          <lastSummaryUpdateDate>2017-07-07T20:52:32Z</lastSummaryUpdateDate>
          <actionDate>2017-05-18</actionDate>
          <name>Introduced in House</name>
          <text><![CDATA[<p>Reaffirms a strong commitment to a U.S.-Mexico partnership based on mutual respect and the promotion of shared democratic values.</p> <p>Supports: (1) continued bilateral cooperation through the High Level Economic Dialogue on issues related to the economic well-being and security of both countries; (2) continued engagement with Mexico to tackle regional issues and work together in international fora; and (3) efforts by the Mexican government to strengthen the rule of law, reduce corruption, and advance civil and human rights. </p> <p>Encourages continued security cooperation between the United States and Mexican law enforcement agencies and militaries.</p>]]></text>
        </item>
        <item>
          <versionCode>81</versionCode>
          <updateDate>2017-12-12T14:46:13Z</updateDate>
          <actionDesc>Passed House without amendment</actionDesc>
          <lastSummaryUpdateDate>2018-01-26T22:59:53Z</lastSummaryUpdateDate>
          <actionDate>2017-12-12</actionDate>
          <name>Passed House without amendment</name>
          <text><![CDATA[<p>(This measure has not been amended since it was introduced. The summary of that version is repeated here.)</p> <p>Reaffirms a strong commitment to a U.S.-Mexico partnership based on mutual respect and the promotion of shared democratic values.</p> <p>Supports: (1) continued bilateral cooperation through the High Level Economic Dialogue on issues related to the economic well-being and security of both countries; (2) continued engagement with Mexico to tackle regional issues and work together in international fora; and (3) efforts by the Mexican government to strengthen the rule of law, reduce corruption, and advance civil and human rights. </p> <p>Encourages continued security cooperation between the United States and Mexican law enforcement agencies and militaries.</p>]]></text>
        </item>
      </billSummaries>
    </summaries>
  </bill>
  <dublinCore xmlns:dc="http://purl.org/dc/elements/1.1/">
    <dc:format>text/xml</dc:format>
    <dc:language>EN</dc:language>
    <dc:rights>Pursuant to Title 17 Section 105 of the United States Code, this file is not subject to copyright protection and is in the public domain.</dc:rights>
    <dc:contributor>Congressional Research Service, Library of Congress</dc:contributor>
    <dc:description>This file contains bill summaries and statuses for federal legislation. A bill summary describes the most significant provisions of a piece of legislation and details the effects the legislative text may have on current law and federal programs. Bill summaries are authored by the Congressional Research Service (CRS) of the Library of Congress. As stated in Public Law 91-510 (2 USC 166 (d)(6)), one of the duties of CRS is "to prepare summaries and digests of bills and resolutions of a public general nature introduced in the Senate or House of Representatives". For more information, refer to the User Guide that accompanies this file.</dc:description>
  </dublinCore>
</billStatus>

