<?xml version="1.0" encoding="UTF-8"?>
<billStatus>
  <bill>
    <policyArea>
      <name>Government Operations and Politics</name>
    </policyArea>
    <committeeReports />
    <congress>115</congress>
    <sponsors>
      <item>
        <identifiers>
          <lisID>867</lisID>
          <bioguideId>N000127</bioguideId>
          <gpoId />
        </identifiers>
        <district>8</district>
        <middleName />
        <byRequestType />
        <fullName>Rep. Nolan, Richard M. [D-MN-8]</fullName>
        <bioguideId>N000127</bioguideId>
        <state>MN</state>
        <party>D</party>
        <firstName>RICHARD</firstName>
        <lastName>NOLAN</lastName>
      </item>
    </sponsors>
    <calendarNumbers />
    <amendments />
    <relatedBills>
      <item>
        <congress>115</congress>
        <number>343</number>
        <type>HRES</type>
        <relationshipDetails>
          <item>
            <type>Related bill</type>
            <identifiedBy>CRS</identifiedBy>
          </item>
        </relationshipDetails>
        <latestTitle>Restore Democracy Resolution</latestTitle>
        <latestAction>
          <text>Referred to the Subcommittee on the Constitution and Civil Justice.</text>
          <actionDate>2017-06-07</actionDate>
        </latestAction>
      </item>
    </relatedBills>
    <notes />
    <originChamber>House</originChamber>
    <version>1.0.0</version>
    <billNumber>404</billNumber>
    <title>Expressing the sense of the House of Representatives regarding the need to create a small donor and public finance system for Congressional elections.</title>
    <cosponsors />
    <subjects>
      <billSubjects>
        <legislativeSubjects>
          <item>
            <name>Congressional elections</name>
          </item>
          <item>
            <name>Elections, voting, political campaign regulation</name>
          </item>
          <item>
            <name>Members of Congress</name>
          </item>
        </legislativeSubjects>
        <policyArea>
          <name>Government Operations and Politics</name>
        </policyArea>
      </billSubjects>
    </subjects>
    <constitutionalAuthorityStatementText />
    <laws />
    <actions>
      <actionTypeCounts>
        <introducedInTheHouse>1</introducedInTheHouse>
        <billReferrals>1</billReferrals>
        <introducedInHouse>1</introducedInHouse>
      </actionTypeCounts>
      <item>
        <type>IntroReferral</type>
        <links />
        <text>Referred to the House Committee on House Administration.</text>
        <committee>
          <systemCode>hsha00</systemCode>
          <name>House Administration Committee</name>
        </committee>
        <actionDate>2017-06-23</actionDate>
        <sourceSystem>
          <name>House floor actions</name>
          <code>2</code>
        </sourceSystem>
        <actionCode>H11100</actionCode>
      </item>
      <item>
        <type>IntroReferral</type>
        <links />
        <text>Introduced in House</text>
        <committee />
        <actionDate>2017-06-23</actionDate>
        <sourceSystem>
          <name>Library of Congress</name>
          <code>9</code>
        </sourceSystem>
        <actionCode>Intro-H</actionCode>
      </item>
      <item>
        <type>IntroReferral</type>
        <links />
        <text>Introduced in House</text>
        <committee />
        <actionDate>2017-06-23</actionDate>
        <sourceSystem>
          <name>Library of Congress</name>
          <code>9</code>
        </sourceSystem>
        <actionCode>1000</actionCode>
      </item>
      <actionByCounts>
        <houseOfRepresentatives>3</houseOfRepresentatives>
      </actionByCounts>
    </actions>
    <titles>
      <item>
        <chamberName />
        <titleType>Official Title as Introduced</titleType>
        <title>Expressing the sense of the House of Representatives regarding the need to create a small donor and public finance system for Congressional elections.</title>
        <parentTitleType />
        <chamberCode />
      </item>
      <item>
        <chamberName />
        <titleType>Display Title</titleType>
        <title>Expressing the sense of the House of Representatives regarding the need to create a small donor and public finance system for Congressional elections.</title>
        <parentTitleType />
        <chamberCode />
      </item>
    </titles>
    <summaries>
      <billSummaries>
        <item>
          <versionCode>00</versionCode>
          <text><![CDATA[<p>Expresses the sense of the House of Representatives that in order to eliminate the undue influence of money in politics:</p> <UL> <LI>Congress should create a small donor and public finance system for congressional elections, which will ensure that Congress is responsible to voters instead of well-financed special interests; and <LI>Members of Congress should devote their full time to regular order and governing instead of campaign fundraising. </LI> </UL>]]></text>
          <actionDesc>Introduced in House</actionDesc>
          <actionDate>2017-06-23</actionDate>
          <lastSummaryUpdateDate>2017-09-25T22:00:26Z</lastSummaryUpdateDate>
          <name>Introduced in House</name>
          <updateDate>2017-06-23T04:00:00Z</updateDate>
        </item>
      </billSummaries>
    </summaries>
    <committees>
      <billCommittees>
        <item>
          <chamber>House</chamber>
          <name>House Administration Committee</name>
          <systemCode>hsha00</systemCode>
          <type>Standing</type>
          <subcommittees />
          <activities>
            <item>
              <name>Referred to</name>
              <date>2017-06-23T13:01:25Z</date>
            </item>
          </activities>
        </item>
      </billCommittees>
    </committees>
    <introducedDate>2017-06-23</introducedDate>
    <updateDate>2018-02-06T16:39:50Z</updateDate>
    <cboCostEstimates />
    <recordedVotes />
    <billType>HRES</billType>
    <createDate>2017-06-24T03:11:33Z</createDate>
    <latestAction>
      <text>Referred to the House Committee on House Administration.</text>
      <links />
      <actionDate>2017-06-23</actionDate>
    </latestAction>
  </bill>
  <dublinCore xmlns:dc="http://purl.org/dc/elements/1.1/">
    <dc:format>text/xml</dc:format>
    <dc:language>EN</dc:language>
    <dc:rights>Pursuant to Title 17 Section 105 of the United States Code, this file is not subject to copyright protection and is in the public domain.</dc:rights>
    <dc:contributor>Congressional Research Service, Library of Congress</dc:contributor>
    <dc:description>This file contains bill summaries and statuses for federal legislation. A bill summary describes the most significant provisions of a piece of legislation and details the effects the legislative text may have on current law and federal programs. Bill summaries are authored by the Congressional Research Service (CRS) of the Library of Congress. As stated in Public Law 91-510 (2 USC 166 (d)(6)), one of the duties of CRS is "to prepare summaries and digests of bills and resolutions of a public general nature introduced in the Senate or House of Representatives". For more information, refer to the User Guide that accompanies this file.</dc:description>
  </dublinCore>
</billStatus>

