<?xml version="1.0" encoding="UTF-8"?>
<billStatus>
  <bill>
    <constitutionalAuthorityStatementText />
    <originChamber>House</originChamber>
    <subjects>
      <billSubjects>
        <legislativeSubjects>
          <item>
            <name>Executive Office of the President</name>
          </item>
          <item>
            <name>Federal officials</name>
          </item>
          <item>
            <name>Hate crimes</name>
          </item>
          <item>
            <name>Presidential administrations</name>
          </item>
          <item>
            <name>Presidents and presidential powers, Vice Presidents</name>
          </item>
          <item>
            <name>Protest and dissent</name>
          </item>
          <item>
            <name>Racial and ethnic relations</name>
          </item>
          <item>
            <name>Terrorism</name>
          </item>
          <item>
            <name>Violent crime</name>
          </item>
          <item>
            <name>Virginia</name>
          </item>
        </legislativeSubjects>
        <policyArea>
          <name>Government Operations and Politics</name>
        </policyArea>
      </billSubjects>
    </subjects>
    <cosponsors>
      <item>
        <isOriginalCosponsor>True</isOriginalCosponsor>
        <fullName>Rep. Watson Coleman, Bonnie [D-NJ-12]</fullName>
        <middleName />
        <sponsorshipDate>2017-08-18</sponsorshipDate>
        <bioguideId>W000822</bioguideId>
        <lastName>Watson Coleman</lastName>
        <party>D</party>
        <district>12</district>
        <firstName>Bonnie</firstName>
        <state>NJ</state>
        <identifiers>
          <bioguideId>W000822</bioguideId>
          <lisID>2259</lisID>
          <gpoId />
        </identifiers>
        <sponsorshipWithdrawnDate />
      </item>
      <item>
        <isOriginalCosponsor>True</isOriginalCosponsor>
        <fullName>Rep. Jayapal, Pramila [D-WA-7]</fullName>
        <middleName />
        <sponsorshipDate>2017-08-18</sponsorshipDate>
        <bioguideId>J000298</bioguideId>
        <lastName>Jayapal</lastName>
        <party>D</party>
        <district>7</district>
        <firstName>Pramila</firstName>
        <state>WA</state>
        <identifiers>
          <bioguideId>J000298</bioguideId>
          <gpoId />
          <lisID>2354</lisID>
        </identifiers>
        <sponsorshipWithdrawnDate />
      </item>
      <item>
        <isOriginalCosponsor>True</isOriginalCosponsor>
        <fullName>Rep. Crowley, Joseph [D-NY-14]</fullName>
        <middleName />
        <sponsorshipDate>2017-08-18</sponsorshipDate>
        <bioguideId>C001038</bioguideId>
        <lastName>CROWLEY</lastName>
        <party>D</party>
        <district>14</district>
        <firstName>JOSEPH</firstName>
        <state>NY</state>
        <identifiers>
          <lisID>1604</lisID>
          <bioguideId>C001038</bioguideId>
          <gpoId>8068</gpoId>
        </identifiers>
        <sponsorshipWithdrawnDate />
      </item>
      <item>
        <isOriginalCosponsor>True</isOriginalCosponsor>
        <fullName>Rep. Jackson Lee, Sheila [D-TX-18]</fullName>
        <middleName />
        <sponsorshipDate>2017-08-18</sponsorshipDate>
        <bioguideId>J000032</bioguideId>
        <lastName>JACKSON LEE</lastName>
        <party>D</party>
        <district>18</district>
        <firstName>SHEILA</firstName>
        <state>TX</state>
        <identifiers>
          <lisID>588</lisID>
          <bioguideId>J000032</bioguideId>
          <gpoId>8174</gpoId>
        </identifiers>
        <sponsorshipWithdrawnDate />
      </item>
      <item>
        <isOriginalCosponsor>True</isOriginalCosponsor>
        <fullName>Rep. Napolitano, Grace F. [D-CA-32]</fullName>
        <middleName>F.</middleName>
        <sponsorshipDate>2017-08-18</sponsorshipDate>
        <bioguideId>N000179</bioguideId>
        <lastName>NAPOLITANO</lastName>
        <party>D</party>
        <district>32</district>
        <firstName>GRACE</firstName>
        <state>CA</state>
        <identifiers>
          <bioguideId>N000179</bioguideId>
          <lisID>1602</lisID>
          <gpoId>7843</gpoId>
        </identifiers>
        <sponsorshipWithdrawnDate />
      </item>
      <item>
        <isOriginalCosponsor>True</isOriginalCosponsor>
        <fullName>Rep. Velazquez, Nydia M. [D-NY-7]</fullName>
        <middleName>M.</middleName>
        <sponsorshipDate>2017-08-18</sponsorshipDate>
        <bioguideId>V000081</bioguideId>
        <lastName>VELAZQUEZ</lastName>
        <party>D</party>
        <district>7</district>
        <firstName>NYDIA</firstName>
        <state>NY</state>
        <identifiers>
          <bioguideId>V000081</bioguideId>
          <gpoId>8073</gpoId>
          <lisID>1184</lisID>
        </identifiers>
        <sponsorshipWithdrawnDate />
      </item>
      <item>
        <isOriginalCosponsor>True</isOriginalCosponsor>
        <fullName>Rep. Foster, Bill [D-IL-11]</fullName>
        <middleName />
        <sponsorshipDate>2017-08-18</sponsorshipDate>
        <bioguideId>F000454</bioguideId>
        <lastName>Foster</lastName>
        <party>D</party>
        <district>11</district>
        <firstName>Bill</firstName>
        <state>IL</state>
        <identifiers>
          <gpoId>7355</gpoId>
          <bioguideId>F000454</bioguideId>
          <lisID>1888</lisID>
        </identifiers>
        <sponsorshipWithdrawnDate />
      </item>
      <item>
        <isOriginalCosponsor>True</isOriginalCosponsor>
        <fullName>Rep. DeGette, Diana [D-CO-1]</fullName>
        <middleName />
        <sponsorshipDate>2017-08-18</sponsorshipDate>
        <bioguideId>D000197</bioguideId>
        <lastName>DEGETTE</lastName>
        <party>D</party>
        <district>1</district>
        <firstName>DIANA</firstName>
        <state>CO</state>
        <identifiers>
          <gpoId>7859</gpoId>
          <bioguideId>D000197</bioguideId>
          <lisID>1479</lisID>
        </identifiers>
        <sponsorshipWithdrawnDate />
      </item>
      <item>
        <isOriginalCosponsor>True</isOriginalCosponsor>
        <fullName>Rep. Espaillat, Adriano [D-NY-13]</fullName>
        <middleName />
        <sponsorshipDate>2017-08-18</sponsorshipDate>
        <bioguideId>E000297</bioguideId>
        <lastName>Espaillat</lastName>
        <party>D</party>
        <district>13</district>
        <firstName>Adriano</firstName>
        <state>NY</state>
        <identifiers>
          <gpoId />
          <lisID>2342</lisID>
          <bioguideId>E000297</bioguideId>
        </identifiers>
        <sponsorshipWithdrawnDate />
      </item>
      <item>
        <isOriginalCosponsor>True</isOriginalCosponsor>
        <fullName>Rep. Peters, Scott H. [D-CA-52]</fullName>
        <middleName>H.</middleName>
        <sponsorshipDate>2017-08-18</sponsorshipDate>
        <bioguideId>P000608</bioguideId>
        <lastName>Peters</lastName>
        <party>D</party>
        <district>52</district>
        <firstName>Scott</firstName>
        <state>CA</state>
        <identifiers>
          <bioguideId>P000608</bioguideId>
          <gpoId />
          <lisID>2113</lisID>
        </identifiers>
        <sponsorshipWithdrawnDate />
      </item>
      <item>
        <isOriginalCosponsor>True</isOriginalCosponsor>
        <fullName>Rep. Payne, Donald M., Jr. [D-NJ-10]</fullName>
        <middleName>M.</middleName>
        <sponsorshipDate>2017-08-18</sponsorshipDate>
        <bioguideId>P000604</bioguideId>
        <lastName>Payne</lastName>
        <party>D</party>
        <district>10</district>
        <firstName>Donald</firstName>
        <state>NJ</state>
        <identifiers>
          <lisID>2097</lisID>
          <bioguideId>P000604</bioguideId>
          <gpoId>8373</gpoId>
        </identifiers>
        <sponsorshipWithdrawnDate />
      </item>
      <item>
        <isOriginalCosponsor>True</isOriginalCosponsor>
        <fullName>Rep. Fudge, Marcia L. [D-OH-11]</fullName>
        <middleName>L.</middleName>
        <sponsorshipDate>2017-08-18</sponsorshipDate>
        <bioguideId>F000455</bioguideId>
        <lastName>Fudge</lastName>
        <party>D</party>
        <district>11</district>
        <firstName>Marcia</firstName>
        <state>OH</state>
        <identifiers>
          <gpoId>8101</gpoId>
          <lisID>1895</lisID>
          <bioguideId>F000455</bioguideId>
        </identifiers>
        <sponsorshipWithdrawnDate />
      </item>
      <item>
        <isOriginalCosponsor>True</isOriginalCosponsor>
        <fullName>Rep. Maloney, Carolyn B. [D-NY-12]</fullName>
        <middleName>B.</middleName>
        <sponsorshipDate>2017-08-18</sponsorshipDate>
        <bioguideId>M000087</bioguideId>
        <lastName>MALONEY</lastName>
        <party>D</party>
        <district>12</district>
        <firstName>CAROLYN</firstName>
        <state>NY</state>
        <identifiers>
          <lisID>729</lisID>
          <bioguideId>M000087</bioguideId>
          <gpoId>8075</gpoId>
        </identifiers>
        <sponsorshipWithdrawnDate />
      </item>
      <item>
        <isOriginalCosponsor>True</isOriginalCosponsor>
        <fullName>Rep. Tonko, Paul [D-NY-20]</fullName>
        <middleName />
        <sponsorshipDate>2017-08-18</sponsorshipDate>
        <bioguideId>T000469</bioguideId>
        <lastName>Tonko</lastName>
        <party>D</party>
        <district>20</district>
        <firstName>Paul</firstName>
        <state>NY</state>
        <identifiers>
          <bioguideId>T000469</bioguideId>
          <lisID>1942</lisID>
          <gpoId>8082</gpoId>
        </identifiers>
        <sponsorshipWithdrawnDate />
      </item>
      <item>
        <isOriginalCosponsor>True</isOriginalCosponsor>
        <fullName>Rep. Lawson, Al, Jr. [D-FL-5]</fullName>
        <middleName />
        <sponsorshipDate>2017-08-18</sponsorshipDate>
        <bioguideId>L000586</bioguideId>
        <lastName>Lawson</lastName>
        <party>D</party>
        <district>5</district>
        <firstName>Al</firstName>
        <state>FL</state>
        <identifiers>
          <lisID>2317</lisID>
          <bioguideId>L000586</bioguideId>
          <gpoId />
        </identifiers>
        <sponsorshipWithdrawnDate />
      </item>
      <item>
        <isOriginalCosponsor>True</isOriginalCosponsor>
        <fullName>Rep. Larsen, Rick [D-WA-2]</fullName>
        <middleName />
        <sponsorshipDate>2017-08-18</sponsorshipDate>
        <bioguideId>L000560</bioguideId>
        <lastName>LARSEN</lastName>
        <party>D</party>
        <district>2</district>
        <firstName>RICK</firstName>
        <state>WA</state>
        <identifiers>
          <lisID>1675</lisID>
          <bioguideId>L000560</bioguideId>
          <gpoId>8206</gpoId>
        </identifiers>
        <sponsorshipWithdrawnDate />
      </item>
      <item>
        <isOriginalCosponsor>True</isOriginalCosponsor>
        <fullName>Rep. Pallone, Frank, Jr. [D-NJ-6]</fullName>
        <middleName />
        <sponsorshipDate>2017-08-18</sponsorshipDate>
        <bioguideId>P000034</bioguideId>
        <lastName>PALLONE</lastName>
        <party>D</party>
        <district>6</district>
        <firstName>FRANK</firstName>
        <state>NJ</state>
        <identifiers>
          <gpoId>8048</gpoId>
          <bioguideId>P000034</bioguideId>
          <lisID>887</lisID>
        </identifiers>
        <sponsorshipWithdrawnDate />
      </item>
      <item>
        <isOriginalCosponsor>True</isOriginalCosponsor>
        <fullName>Rep. Grijalva, Raul M. [D-AZ-3]</fullName>
        <middleName>M.</middleName>
        <sponsorshipDate>2017-08-18</sponsorshipDate>
        <bioguideId>G000551</bioguideId>
        <lastName>Grijalva</lastName>
        <party>D</party>
        <district>3</district>
        <firstName>Raul</firstName>
        <state>AZ</state>
        <identifiers>
          <lisID>1708</lisID>
          <bioguideId>G000551</bioguideId>
          <gpoId>7804</gpoId>
        </identifiers>
        <sponsorshipWithdrawnDate />
      </item>
      <item>
        <isOriginalCosponsor>True</isOriginalCosponsor>
        <fullName>Rep. Meeks, Gregory W. [D-NY-5]</fullName>
        <middleName>W.</middleName>
        <sponsorshipDate>2017-08-18</sponsorshipDate>
        <bioguideId>M001137</bioguideId>
        <lastName>MEEKS</lastName>
        <party>D</party>
        <district>5</district>
        <firstName>GREGORY</firstName>
        <state>NY</state>
        <identifiers>
          <lisID>1506</lisID>
          <bioguideId>M001137</bioguideId>
          <gpoId>8067</gpoId>
        </identifiers>
        <sponsorshipWithdrawnDate />
      </item>
      <item>
        <isOriginalCosponsor>True</isOriginalCosponsor>
        <fullName>Rep. Cohen, Steve [D-TN-9]</fullName>
        <middleName />
        <sponsorshipDate>2017-08-18</sponsorshipDate>
        <bioguideId>C001068</bioguideId>
        <lastName>Cohen</lastName>
        <party>D</party>
        <district>9</district>
        <firstName>Steve</firstName>
        <state>TN</state>
        <identifiers>
          <lisID>1878</lisID>
          <gpoId>8156</gpoId>
          <bioguideId>C001068</bioguideId>
        </identifiers>
        <sponsorshipWithdrawnDate />
      </item>
      <item>
        <isOriginalCosponsor>True</isOriginalCosponsor>
        <fullName>Rep. Walz, Timothy J. [D-MN-1]</fullName>
        <middleName>J.</middleName>
        <sponsorshipDate>2017-08-18</sponsorshipDate>
        <bioguideId>W000799</bioguideId>
        <lastName>Walz</lastName>
        <party>D</party>
        <district>1</district>
        <firstName>Timothy</firstName>
        <state>MN</state>
        <identifiers>
          <bioguideId>W000799</bioguideId>
          <gpoId>8001</gpoId>
          <lisID>1856</lisID>
        </identifiers>
        <sponsorshipWithdrawnDate />
      </item>
      <item>
        <isOriginalCosponsor>True</isOriginalCosponsor>
        <fullName>Rep. Clarke, Yvette D. [D-NY-9]</fullName>
        <middleName>D.</middleName>
        <sponsorshipDate>2017-08-18</sponsorshipDate>
        <bioguideId>C001067</bioguideId>
        <lastName>Clarke</lastName>
        <party>D</party>
        <district>9</district>
        <firstName>Yvette</firstName>
        <state>NY</state>
        <identifiers>
          <lisID>1864</lisID>
          <bioguideId>C001067</bioguideId>
          <gpoId>8072</gpoId>
        </identifiers>
        <sponsorshipWithdrawnDate />
      </item>
      <item>
        <isOriginalCosponsor>True</isOriginalCosponsor>
        <fullName>Rep. Lynch, Stephen F. [D-MA-8]</fullName>
        <middleName>F.</middleName>
        <sponsorshipDate>2017-08-18</sponsorshipDate>
        <bioguideId>L000562</bioguideId>
        <lastName>Lynch</lastName>
        <party>D</party>
        <district>8</district>
        <firstName>Stephen</firstName>
        <state>MA</state>
        <identifiers>
          <bioguideId>L000562</bioguideId>
          <gpoId>7974</gpoId>
          <lisID>1686</lisID>
        </identifiers>
        <sponsorshipWithdrawnDate />
      </item>
      <item>
        <isOriginalCosponsor>True</isOriginalCosponsor>
        <fullName>Rep. Brownley, Julia [D-CA-26]</fullName>
        <middleName />
        <sponsorshipDate>2017-08-18</sponsorshipDate>
        <bioguideId>B001285</bioguideId>
        <lastName>Brownley</lastName>
        <party>D</party>
        <district>26</district>
        <firstName>Julia</firstName>
        <state>CA</state>
        <identifiers>
          <lisID>2106</lisID>
          <bioguideId>B001285</bioguideId>
          <gpoId />
        </identifiers>
        <sponsorshipWithdrawnDate />
      </item>
      <item>
        <isOriginalCosponsor>True</isOriginalCosponsor>
        <fullName>Rep. Engel, Eliot L. [D-NY-16]</fullName>
        <middleName>L.</middleName>
        <sponsorshipDate>2017-08-18</sponsorshipDate>
        <bioguideId>E000179</bioguideId>
        <lastName>ENGEL</lastName>
        <party>D</party>
        <district>16</district>
        <firstName>ELIOT</firstName>
        <state>NY</state>
        <identifiers>
          <bioguideId>E000179</bioguideId>
          <lisID>344</lisID>
          <gpoId>8078</gpoId>
        </identifiers>
        <sponsorshipWithdrawnDate />
      </item>
      <item>
        <isOriginalCosponsor>True</isOriginalCosponsor>
        <fullName>Rep. Loebsack, David [D-IA-2]</fullName>
        <middleName />
        <sponsorshipDate>2017-08-18</sponsorshipDate>
        <bioguideId>L000565</bioguideId>
        <lastName>Loebsack</lastName>
        <party>D</party>
        <district>2</district>
        <firstName>David</firstName>
        <state>IA</state>
        <identifiers>
          <bioguideId>L000565</bioguideId>
          <lisID>1846</lisID>
          <gpoId>7915</gpoId>
        </identifiers>
        <sponsorshipWithdrawnDate />
      </item>
      <item>
        <isOriginalCosponsor>True</isOriginalCosponsor>
        <fullName>Rep. Schakowsky, Janice D. [D-IL-9]</fullName>
        <middleName>D.</middleName>
        <sponsorshipDate>2017-08-18</sponsorshipDate>
        <bioguideId>S001145</bioguideId>
        <lastName>SCHAKOWSKY</lastName>
        <party>D</party>
        <district>9</district>
        <firstName>JANICE</firstName>
        <state>IL</state>
        <identifiers>
          <lisID>1588</lisID>
          <bioguideId>S001145</bioguideId>
          <gpoId>7929</gpoId>
        </identifiers>
        <sponsorshipWithdrawnDate />
      </item>
      <item>
        <isOriginalCosponsor>True</isOriginalCosponsor>
        <fullName>Rep. Dingell, Debbie [D-MI-12]</fullName>
        <middleName />
        <sponsorshipDate>2017-08-18</sponsorshipDate>
        <bioguideId>D000624</bioguideId>
        <lastName>Dingell</lastName>
        <party>D</party>
        <district>12</district>
        <firstName>Debbie</firstName>
        <state>MI</state>
        <identifiers>
          <gpoId />
          <lisID>2251</lisID>
          <bioguideId>D000624</bioguideId>
        </identifiers>
        <sponsorshipWithdrawnDate />
      </item>
      <item>
        <isOriginalCosponsor>True</isOriginalCosponsor>
        <fullName>Rep. Lee, Barbara [D-CA-13]</fullName>
        <middleName />
        <sponsorshipDate>2017-08-18</sponsorshipDate>
        <bioguideId>L000551</bioguideId>
        <lastName>LEE</lastName>
        <party>D</party>
        <district>13</district>
        <firstName>BARBARA</firstName>
        <state>CA</state>
        <identifiers>
          <gpoId>7814</gpoId>
          <bioguideId>L000551</bioguideId>
          <lisID>1501</lisID>
        </identifiers>
        <sponsorshipWithdrawnDate />
      </item>
      <item>
        <isOriginalCosponsor>True</isOriginalCosponsor>
        <fullName>Rep. Brown, Anthony G. [D-MD-4]</fullName>
        <middleName>G.</middleName>
        <sponsorshipDate>2017-08-18</sponsorshipDate>
        <bioguideId>B001304</bioguideId>
        <lastName>Brown</lastName>
        <party>D</party>
        <district>4</district>
        <firstName>Anthony</firstName>
        <state>MD</state>
        <identifiers>
          <gpoId />
          <bioguideId>B001304</bioguideId>
          <lisID>2331</lisID>
        </identifiers>
        <sponsorshipWithdrawnDate />
      </item>
      <item>
        <isOriginalCosponsor>True</isOriginalCosponsor>
        <fullName>Rep. Cicilline, David N. [D-RI-1]</fullName>
        <middleName>N.</middleName>
        <sponsorshipDate>2017-08-18</sponsorshipDate>
        <bioguideId>C001084</bioguideId>
        <lastName>Cicilline</lastName>
        <party>D</party>
        <district>1</district>
        <firstName>David</firstName>
        <state>RI</state>
        <identifiers>
          <lisID>2055</lisID>
          <gpoId>8139</gpoId>
          <bioguideId>C001084</bioguideId>
        </identifiers>
        <sponsorshipWithdrawnDate />
      </item>
      <item>
        <isOriginalCosponsor>True</isOriginalCosponsor>
        <fullName>Rep. Huffman, Jared [D-CA-2]</fullName>
        <middleName />
        <sponsorshipDate>2017-08-18</sponsorshipDate>
        <bioguideId>H001068</bioguideId>
        <lastName>Huffman</lastName>
        <party>D</party>
        <district>2</district>
        <firstName>Jared</firstName>
        <state>CA</state>
        <identifiers>
          <lisID>2101</lisID>
          <bioguideId>H001068</bioguideId>
          <gpoId />
        </identifiers>
        <sponsorshipWithdrawnDate />
      </item>
      <item>
        <isOriginalCosponsor>True</isOriginalCosponsor>
        <fullName>Rep. Johnson, Henry C. "Hank," Jr. [D-GA-4]</fullName>
        <middleName>C. "Hank"</middleName>
        <sponsorshipDate>2017-08-18</sponsorshipDate>
        <bioguideId>J000288</bioguideId>
        <lastName>Johnson</lastName>
        <party>D</party>
        <district>4</district>
        <firstName>Henry</firstName>
        <state>GA</state>
        <identifiers>
          <bioguideId>J000288</bioguideId>
          <lisID>1843</lisID>
          <gpoId>7901</gpoId>
        </identifiers>
        <sponsorshipWithdrawnDate />
      </item>
      <item>
        <isOriginalCosponsor>True</isOriginalCosponsor>
        <fullName>Rep. Serrano, Jose E. [D-NY-15]</fullName>
        <middleName>E.</middleName>
        <sponsorshipDate>2017-08-18</sponsorshipDate>
        <bioguideId>S000248</bioguideId>
        <lastName>SERRANO</lastName>
        <party>D</party>
        <district>15</district>
        <firstName>JOSE</firstName>
        <state>NY</state>
        <identifiers>
          <lisID>1042</lisID>
          <bioguideId>S000248</bioguideId>
          <gpoId>8077</gpoId>
        </identifiers>
        <sponsorshipWithdrawnDate />
      </item>
      <item>
        <isOriginalCosponsor>True</isOriginalCosponsor>
        <fullName>Rep. Raskin, Jamie [D-MD-8]</fullName>
        <middleName />
        <sponsorshipDate>2017-08-18</sponsorshipDate>
        <bioguideId>R000606</bioguideId>
        <lastName>Raskin</lastName>
        <party>D</party>
        <district>8</district>
        <firstName>Jamie</firstName>
        <state>MD</state>
        <identifiers>
          <bioguideId>R000606</bioguideId>
          <gpoId />
          <lisID>2332</lisID>
        </identifiers>
        <sponsorshipWithdrawnDate />
      </item>
      <item>
        <isOriginalCosponsor>True</isOriginalCosponsor>
        <fullName>Rep. Thompson, Bennie G. [D-MS-2]</fullName>
        <middleName />
        <sponsorshipDate>2017-08-18</sponsorshipDate>
        <bioguideId>T000193</bioguideId>
        <lastName>THOMPSON</lastName>
        <party>D</party>
        <district>2</district>
        <firstName>BENNIE</firstName>
        <state>MS</state>
        <identifiers>
          <lisID>1151</lisID>
          <gpoId>8020</gpoId>
          <bioguideId>T000193</bioguideId>
        </identifiers>
        <sponsorshipWithdrawnDate />
      </item>
      <item>
        <isOriginalCosponsor>True</isOriginalCosponsor>
        <fullName>Rep. Green, Al [D-TX-9]</fullName>
        <middleName />
        <sponsorshipDate>2017-08-18</sponsorshipDate>
        <bioguideId>G000553</bioguideId>
        <lastName>Green</lastName>
        <party>D</party>
        <district>9</district>
        <firstName>Al</firstName>
        <state>TX</state>
        <identifiers>
          <bioguideId>G000553</bioguideId>
          <lisID>1803</lisID>
          <gpoId>8165</gpoId>
        </identifiers>
        <sponsorshipWithdrawnDate />
      </item>
      <item>
        <isOriginalCosponsor>True</isOriginalCosponsor>
        <fullName>Rep. Takano, Mark [D-CA-41]</fullName>
        <middleName />
        <sponsorshipDate>2017-08-18</sponsorshipDate>
        <bioguideId>T000472</bioguideId>
        <lastName>Takano</lastName>
        <party>D</party>
        <district>41</district>
        <firstName>Mark</firstName>
        <state>CA</state>
        <identifiers>
          <lisID>2110</lisID>
          <bioguideId>T000472</bioguideId>
          <gpoId />
        </identifiers>
        <sponsorshipWithdrawnDate />
      </item>
      <item>
        <isOriginalCosponsor>True</isOriginalCosponsor>
        <fullName>Rep. Meng, Grace [D-NY-6]</fullName>
        <middleName />
        <sponsorshipDate>2017-08-18</sponsorshipDate>
        <bioguideId>M001188</bioguideId>
        <lastName>Meng</lastName>
        <party>D</party>
        <district>6</district>
        <firstName>Grace</firstName>
        <state>NY</state>
        <identifiers>
          <gpoId />
          <lisID>2148</lisID>
          <bioguideId>M001188</bioguideId>
        </identifiers>
        <sponsorshipWithdrawnDate />
      </item>
      <item>
        <isOriginalCosponsor>True</isOriginalCosponsor>
        <fullName>Rep. Pocan, Mark [D-WI-2]</fullName>
        <middleName />
        <sponsorshipDate>2017-08-18</sponsorshipDate>
        <bioguideId>P000607</bioguideId>
        <lastName>Pocan</lastName>
        <party>D</party>
        <district>2</district>
        <firstName>Mark</firstName>
        <state>WI</state>
        <identifiers>
          <gpoId />
          <lisID>2171</lisID>
          <bioguideId>P000607</bioguideId>
        </identifiers>
        <sponsorshipWithdrawnDate />
      </item>
      <item>
        <isOriginalCosponsor>True</isOriginalCosponsor>
        <fullName>Rep. Waters, Maxine [D-CA-43]</fullName>
        <middleName />
        <sponsorshipDate>2017-08-18</sponsorshipDate>
        <bioguideId>W000187</bioguideId>
        <lastName>WATERS</lastName>
        <party>D</party>
        <district>43</district>
        <firstName>MAXINE</firstName>
        <state>CA</state>
        <identifiers>
          <gpoId>7840</gpoId>
          <bioguideId>W000187</bioguideId>
          <lisID>1205</lisID>
        </identifiers>
        <sponsorshipWithdrawnDate />
      </item>
      <item>
        <isOriginalCosponsor>True</isOriginalCosponsor>
        <fullName>Rep. Gutierrez, Luis V. [D-IL-4]</fullName>
        <middleName>V.</middleName>
        <sponsorshipDate>2017-08-18</sponsorshipDate>
        <bioguideId>G000535</bioguideId>
        <lastName>GUTIERREZ</lastName>
        <party>D</party>
        <district>4</district>
        <firstName>LUIS</firstName>
        <state>IL</state>
        <identifiers>
          <bioguideId>G000535</bioguideId>
          <lisID>478</lisID>
          <gpoId>7924</gpoId>
        </identifiers>
        <sponsorshipWithdrawnDate />
      </item>
      <item>
        <isOriginalCosponsor>True</isOriginalCosponsor>
        <fullName>Rep. Lawrence, Brenda L. [D-MI-14]</fullName>
        <middleName>L.</middleName>
        <sponsorshipDate>2017-08-18</sponsorshipDate>
        <bioguideId>L000581</bioguideId>
        <lastName>Lawrence</lastName>
        <party>D</party>
        <district>14</district>
        <firstName>Brenda</firstName>
        <state>MI</state>
        <identifiers>
          <bioguideId>L000581</bioguideId>
          <lisID>2252</lisID>
          <gpoId />
        </identifiers>
        <sponsorshipWithdrawnDate />
      </item>
      <item>
        <isOriginalCosponsor>True</isOriginalCosponsor>
        <fullName>Rep. Beyer, Donald S., Jr. [D-VA-8]</fullName>
        <middleName>S.</middleName>
        <sponsorshipDate>2017-08-18</sponsorshipDate>
        <bioguideId>B001292</bioguideId>
        <lastName>Beyer</lastName>
        <party>D</party>
        <district>8</district>
        <firstName>Donald</firstName>
        <state>VA</state>
        <identifiers>
          <gpoId />
          <bioguideId>B001292</bioguideId>
          <lisID>2272</lisID>
        </identifiers>
        <sponsorshipWithdrawnDate />
      </item>
      <item>
        <isOriginalCosponsor>True</isOriginalCosponsor>
        <fullName>Rep. Shea-Porter, Carol [D-NH-1]</fullName>
        <middleName />
        <sponsorshipDate>2017-08-18</sponsorshipDate>
        <bioguideId>S001170</bioguideId>
        <lastName>Shea-Porter</lastName>
        <party>D</party>
        <district>1</district>
        <firstName>Carol</firstName>
        <state>NH</state>
        <identifiers>
          <gpoId>7528</gpoId>
          <bioguideId>S001170</bioguideId>
          <lisID>1861</lisID>
        </identifiers>
        <sponsorshipWithdrawnDate />
      </item>
      <item>
        <isOriginalCosponsor>True</isOriginalCosponsor>
        <fullName>Rep. Lieu, Ted [D-CA-33]</fullName>
        <middleName />
        <sponsorshipDate>2017-08-18</sponsorshipDate>
        <bioguideId>L000582</bioguideId>
        <lastName>Lieu</lastName>
        <party>D</party>
        <district>33</district>
        <firstName>Ted</firstName>
        <state>CA</state>
        <identifiers>
          <gpoId />
          <lisID>2230</lisID>
          <bioguideId>L000582</bioguideId>
        </identifiers>
        <sponsorshipWithdrawnDate />
      </item>
      <item>
        <isOriginalCosponsor>True</isOriginalCosponsor>
        <fullName>Rep. Bass, Karen [D-CA-37]</fullName>
        <middleName />
        <sponsorshipDate>2017-08-18</sponsorshipDate>
        <bioguideId>B001270</bioguideId>
        <lastName>Bass</lastName>
        <party>D</party>
        <district>37</district>
        <firstName>Karen</firstName>
        <state>CA</state>
        <identifiers>
          <lisID>1996</lisID>
          <gpoId>7838</gpoId>
          <bioguideId>B001270</bioguideId>
        </identifiers>
        <sponsorshipWithdrawnDate />
      </item>
      <item>
        <isOriginalCosponsor>True</isOriginalCosponsor>
        <fullName>Rep. Smith, Adam [D-WA-9]</fullName>
        <middleName />
        <sponsorshipDate>2017-08-18</sponsorshipDate>
        <bioguideId>S000510</bioguideId>
        <lastName>SMITH</lastName>
        <party>D</party>
        <district>9</district>
        <firstName>ADAM</firstName>
        <state>WA</state>
        <identifiers>
          <lisID>1528</lisID>
          <gpoId>8213</gpoId>
          <bioguideId>S000510</bioguideId>
        </identifiers>
        <sponsorshipWithdrawnDate />
      </item>
      <item>
        <isOriginalCosponsor>True</isOriginalCosponsor>
        <fullName>Rep. Clay, Wm. Lacy [D-MO-1]</fullName>
        <middleName>LACY</middleName>
        <sponsorshipDate>2017-08-18</sponsorshipDate>
        <bioguideId>C001049</bioguideId>
        <lastName>CLAY</lastName>
        <party>D</party>
        <district>1</district>
        <firstName>WM.</firstName>
        <state>MO</state>
        <identifiers>
          <gpoId>8009</gpoId>
          <lisID>1654</lisID>
          <bioguideId>C001049</bioguideId>
        </identifiers>
        <sponsorshipWithdrawnDate />
      </item>
      <item>
        <isOriginalCosponsor>True</isOriginalCosponsor>
        <fullName>Rep. Schneider, Bradley Scott [D-IL-10]</fullName>
        <middleName>Scott</middleName>
        <sponsorshipDate>2017-08-18</sponsorshipDate>
        <bioguideId>S001190</bioguideId>
        <lastName>Schneider</lastName>
        <party>D</party>
        <district>10</district>
        <firstName>Bradley</firstName>
        <state>IL</state>
        <identifiers>
          <bioguideId>S001190</bioguideId>
          <gpoId />
          <lisID>2124</lisID>
        </identifiers>
        <sponsorshipWithdrawnDate />
      </item>
      <item>
        <isOriginalCosponsor>True</isOriginalCosponsor>
        <fullName>Rep. Connolly, Gerald E. [D-VA-11]</fullName>
        <middleName>E.</middleName>
        <sponsorshipDate>2017-08-18</sponsorshipDate>
        <bioguideId>C001078</bioguideId>
        <lastName>Connolly</lastName>
        <party>D</party>
        <district>11</district>
        <firstName>Gerald</firstName>
        <state>VA</state>
        <identifiers>
          <lisID>1959</lisID>
          <bioguideId>C001078</bioguideId>
          <gpoId>8202</gpoId>
        </identifiers>
        <sponsorshipWithdrawnDate />
      </item>
      <item>
        <isOriginalCosponsor>True</isOriginalCosponsor>
        <fullName>Rep. Jeffries, Hakeem S. [D-NY-8]</fullName>
        <middleName>S.</middleName>
        <sponsorshipDate>2017-08-18</sponsorshipDate>
        <bioguideId>J000294</bioguideId>
        <lastName>Jeffries</lastName>
        <party>D</party>
        <district>8</district>
        <firstName>Hakeem</firstName>
        <state>NY</state>
        <identifiers>
          <gpoId />
          <bioguideId>J000294</bioguideId>
          <lisID>2149</lisID>
        </identifiers>
        <sponsorshipWithdrawnDate />
      </item>
      <item>
        <isOriginalCosponsor>True</isOriginalCosponsor>
        <fullName>Rep. Pingree, Chellie [D-ME-1]</fullName>
        <middleName />
        <sponsorshipDate>2017-08-18</sponsorshipDate>
        <bioguideId>P000597</bioguideId>
        <lastName>Pingree</lastName>
        <party>D</party>
        <district>1</district>
        <firstName>Chellie</firstName>
        <state>ME</state>
        <identifiers>
          <gpoId>7984</gpoId>
          <lisID>1927</lisID>
          <bioguideId>P000597</bioguideId>
        </identifiers>
        <sponsorshipWithdrawnDate />
      </item>
      <item>
        <isOriginalCosponsor>True</isOriginalCosponsor>
        <fullName>Rep. Torres, Norma J. [D-CA-35]</fullName>
        <middleName>J.</middleName>
        <sponsorshipDate>2017-08-18</sponsorshipDate>
        <bioguideId>T000474</bioguideId>
        <lastName>Torres</lastName>
        <party>D</party>
        <district>35</district>
        <firstName>Norma</firstName>
        <state>CA</state>
        <identifiers>
          <lisID>2231</lisID>
          <bioguideId>T000474</bioguideId>
          <gpoId />
        </identifiers>
        <sponsorshipWithdrawnDate />
      </item>
      <item>
        <isOriginalCosponsor>True</isOriginalCosponsor>
        <fullName>Rep. Evans, Dwight [D-PA-2]</fullName>
        <middleName />
        <sponsorshipDate>2017-08-18</sponsorshipDate>
        <bioguideId>E000296</bioguideId>
        <lastName>Evans</lastName>
        <party>D</party>
        <district>2</district>
        <firstName>Dwight</firstName>
        <state>PA</state>
        <identifiers>
          <bioguideId>E000296</bioguideId>
          <gpoId />
          <lisID>2298</lisID>
        </identifiers>
        <sponsorshipWithdrawnDate />
      </item>
      <item>
        <isOriginalCosponsor>True</isOriginalCosponsor>
        <fullName>Rep. Sires, Albio [D-NJ-8]</fullName>
        <middleName />
        <sponsorshipDate>2017-08-18</sponsorshipDate>
        <bioguideId>S001165</bioguideId>
        <lastName>Sires</lastName>
        <party>D</party>
        <district>8</district>
        <firstName>Albio</firstName>
        <state>NJ</state>
        <identifiers>
          <lisID>1818</lisID>
          <bioguideId>S001165</bioguideId>
          <gpoId>8055</gpoId>
        </identifiers>
        <sponsorshipWithdrawnDate />
      </item>
      <item>
        <isOriginalCosponsor>True</isOriginalCosponsor>
        <fullName>Rep. Quigley, Mike [D-IL-5]</fullName>
        <middleName />
        <sponsorshipDate>2017-08-18</sponsorshipDate>
        <bioguideId>Q000023</bioguideId>
        <lastName>Quigley</lastName>
        <party>D</party>
        <district>5</district>
        <firstName>Mike</firstName>
        <state>IL</state>
        <identifiers>
          <bioguideId>Q000023</bioguideId>
          <gpoId>7925</gpoId>
          <lisID>1967</lisID>
        </identifiers>
        <sponsorshipWithdrawnDate />
      </item>
      <item>
        <isOriginalCosponsor>True</isOriginalCosponsor>
        <fullName>Rep. McEachin, A. Donald [D-VA-4]</fullName>
        <middleName>Donald</middleName>
        <sponsorshipDate>2017-08-18</sponsorshipDate>
        <bioguideId>M001200</bioguideId>
        <lastName>McEachin</lastName>
        <party>D</party>
        <district>4</district>
        <firstName>A.</firstName>
        <state>VA</state>
        <identifiers>
          <bioguideId>M001200</bioguideId>
          <gpoId />
          <lisID>2352</lisID>
        </identifiers>
        <sponsorshipWithdrawnDate />
      </item>
      <item>
        <isOriginalCosponsor>True</isOriginalCosponsor>
        <fullName>Rep. Blumenauer, Earl [D-OR-3]</fullName>
        <middleName />
        <sponsorshipDate>2017-08-18</sponsorshipDate>
        <bioguideId>B000574</bioguideId>
        <lastName>BLUMENAUER</lastName>
        <party>D</party>
        <district>3</district>
        <firstName>EARL</firstName>
        <state>OR</state>
        <identifiers>
          <lisID>99</lisID>
          <bioguideId>B000574</bioguideId>
          <gpoId>8116</gpoId>
        </identifiers>
        <sponsorshipWithdrawnDate />
      </item>
      <item>
        <isOriginalCosponsor>True</isOriginalCosponsor>
        <fullName>Rep. Capuano, Michael E. [D-MA-7]</fullName>
        <middleName>E.</middleName>
        <sponsorshipDate>2017-08-18</sponsorshipDate>
        <bioguideId>C001037</bioguideId>
        <lastName>CAPUANO</lastName>
        <party>D</party>
        <district>7</district>
        <firstName>MICHAEL</firstName>
        <state>MA</state>
        <identifiers>
          <lisID>1564</lisID>
          <bioguideId>C001037</bioguideId>
          <gpoId>7973</gpoId>
        </identifiers>
        <sponsorshipWithdrawnDate />
      </item>
      <item>
        <isOriginalCosponsor>True</isOriginalCosponsor>
        <fullName>Rep. Higgins, Brian [D-NY-26]</fullName>
        <middleName />
        <sponsorshipDate>2017-08-18</sponsorshipDate>
        <bioguideId>H001038</bioguideId>
        <lastName>Higgins</lastName>
        <party>D</party>
        <district>26</district>
        <firstName>Brian</firstName>
        <state>NY</state>
        <identifiers>
          <bioguideId>H001038</bioguideId>
          <lisID>1794</lisID>
          <gpoId>8088</gpoId>
        </identifiers>
        <sponsorshipWithdrawnDate />
      </item>
      <item>
        <isOriginalCosponsor>True</isOriginalCosponsor>
        <fullName>Rep. Pascrell, Bill, Jr. [D-NJ-9]</fullName>
        <middleName>J.</middleName>
        <sponsorshipDate>2017-08-18</sponsorshipDate>
        <bioguideId>P000096</bioguideId>
        <lastName>PASCRELL</lastName>
        <party>D</party>
        <district>9</district>
        <firstName>WILLIAM</firstName>
        <state>NJ</state>
        <identifiers>
          <bioguideId>P000096</bioguideId>
          <lisID>1510</lisID>
          <gpoId>8050</gpoId>
        </identifiers>
        <sponsorshipWithdrawnDate />
      </item>
      <item>
        <isOriginalCosponsor>True</isOriginalCosponsor>
        <fullName>Rep. Lujan, Ben Ray [D-NM-3]</fullName>
        <middleName>Ray</middleName>
        <sponsorshipDate>2017-08-18</sponsorshipDate>
        <bioguideId>L000570</bioguideId>
        <lastName>Lujan</lastName>
        <party>D</party>
        <district>3</district>
        <firstName>Ben</firstName>
        <state>NM</state>
        <identifiers>
          <lisID>1939</lisID>
          <gpoId>8058</gpoId>
          <bioguideId>L000570</bioguideId>
        </identifiers>
        <sponsorshipWithdrawnDate />
      </item>
      <item>
        <isOriginalCosponsor>True</isOriginalCosponsor>
        <fullName>Rep. Langevin, James R. [D-RI-2]</fullName>
        <middleName>R.</middleName>
        <sponsorshipDate>2017-08-18</sponsorshipDate>
        <bioguideId>L000559</bioguideId>
        <lastName>LANGEVIN</lastName>
        <party>D</party>
        <district>2</district>
        <firstName>JAMES</firstName>
        <state>RI</state>
        <identifiers>
          <lisID>1668</lisID>
          <bioguideId>L000559</bioguideId>
          <gpoId>8140</gpoId>
        </identifiers>
        <sponsorshipWithdrawnDate />
      </item>
      <item>
        <isOriginalCosponsor>True</isOriginalCosponsor>
        <fullName>Rep. Lipinski, Daniel [D-IL-3]</fullName>
        <middleName>William</middleName>
        <sponsorshipDate>2017-08-18</sponsorshipDate>
        <bioguideId>L000563</bioguideId>
        <lastName>Lipinski</lastName>
        <party>D</party>
        <district>3</district>
        <firstName>Daniel</firstName>
        <state>IL</state>
        <identifiers>
          <bioguideId>L000563</bioguideId>
          <gpoId>7923</gpoId>
          <lisID>1781</lisID>
        </identifiers>
        <sponsorshipWithdrawnDate />
      </item>
      <item>
        <isOriginalCosponsor>True</isOriginalCosponsor>
        <fullName>Rep. Rosen, Jacky [D-NV-3]</fullName>
        <middleName />
        <sponsorshipDate>2017-08-18</sponsorshipDate>
        <bioguideId>R000608</bioguideId>
        <lastName>Rosen</lastName>
        <party>D</party>
        <district>3</district>
        <firstName>Jacky</firstName>
        <state>NV</state>
        <identifiers>
          <bioguideId>R000608</bioguideId>
          <lisID>2339</lisID>
          <gpoId />
        </identifiers>
        <sponsorshipWithdrawnDate />
      </item>
      <item>
        <isOriginalCosponsor>True</isOriginalCosponsor>
        <fullName>Rep. Sherman, Brad [D-CA-30]</fullName>
        <middleName />
        <sponsorshipDate>2017-08-18</sponsorshipDate>
        <bioguideId>S000344</bioguideId>
        <lastName>SHERMAN</lastName>
        <party>D</party>
        <district>30</district>
        <firstName>BRAD</firstName>
        <state>CA</state>
        <identifiers>
          <bioguideId>S000344</bioguideId>
          <gpoId>7832</gpoId>
          <lisID>1526</lisID>
        </identifiers>
        <sponsorshipWithdrawnDate />
      </item>
      <item>
        <isOriginalCosponsor>True</isOriginalCosponsor>
        <fullName>Rep. Lowey, Nita M. [D-NY-17]</fullName>
        <middleName>M.</middleName>
        <sponsorshipDate>2017-08-18</sponsorshipDate>
        <bioguideId>L000480</bioguideId>
        <lastName>LOWEY</lastName>
        <party>D</party>
        <district>17</district>
        <firstName>NITA</firstName>
        <state>NY</state>
        <identifiers>
          <bioguideId>L000480</bioguideId>
          <gpoId>8079</gpoId>
          <lisID>709</lisID>
        </identifiers>
        <sponsorshipWithdrawnDate />
      </item>
      <item>
        <isOriginalCosponsor>True</isOriginalCosponsor>
        <fullName>Rep. DeSaulnier, Mark [D-CA-11]</fullName>
        <middleName />
        <sponsorshipDate>2017-08-18</sponsorshipDate>
        <bioguideId>D000623</bioguideId>
        <lastName>DeSaulnier</lastName>
        <party>D</party>
        <district>11</district>
        <firstName>Mark</firstName>
        <state>CA</state>
        <identifiers>
          <lisID>2227</lisID>
          <gpoId />
          <bioguideId>D000623</bioguideId>
        </identifiers>
        <sponsorshipWithdrawnDate />
      </item>
      <item>
        <isOriginalCosponsor>True</isOriginalCosponsor>
        <fullName>Rep. Kihuen, Ruben J. [D-NV-4]</fullName>
        <middleName>J.</middleName>
        <sponsorshipDate>2017-08-18</sponsorshipDate>
        <bioguideId>K000390</bioguideId>
        <lastName>Kihuen</lastName>
        <party>D</party>
        <district>4</district>
        <firstName>Ruben</firstName>
        <state>NV</state>
        <identifiers>
          <lisID>2340</lisID>
          <gpoId />
          <bioguideId>K000390</bioguideId>
        </identifiers>
        <sponsorshipWithdrawnDate />
      </item>
      <item>
        <isOriginalCosponsor>True</isOriginalCosponsor>
        <fullName>Rep. Slaughter, Louise McIntosh [D-NY-25]</fullName>
        <middleName>M.</middleName>
        <sponsorshipDate>2017-08-18</sponsorshipDate>
        <bioguideId>S000480</bioguideId>
        <lastName>SLAUGHTER</lastName>
        <party>D</party>
        <district>25</district>
        <firstName>LOUISE</firstName>
        <state>NY</state>
        <identifiers>
          <lisID>1069</lisID>
          <bioguideId>S000480</bioguideId>
          <gpoId>8089</gpoId>
        </identifiers>
        <sponsorshipWithdrawnDate />
      </item>
      <item>
        <isOriginalCosponsor>True</isOriginalCosponsor>
        <fullName>Rep. Bonamici, Suzanne [D-OR-1]</fullName>
        <middleName />
        <sponsorshipDate>2017-08-18</sponsorshipDate>
        <bioguideId>B001278</bioguideId>
        <lastName>Bonamici</lastName>
        <party>D</party>
        <district>1</district>
        <firstName>Suzanne</firstName>
        <state>OR</state>
        <identifiers>
          <gpoId>8367</gpoId>
          <lisID>2092</lisID>
          <bioguideId>B001278</bioguideId>
        </identifiers>
        <sponsorshipWithdrawnDate />
      </item>
      <item>
        <isOriginalCosponsor>True</isOriginalCosponsor>
        <fullName>Rep. Lujan Grisham, Michelle [D-NM-1]</fullName>
        <middleName />
        <sponsorshipDate>2017-08-18</sponsorshipDate>
        <bioguideId>L000580</bioguideId>
        <lastName>Lujan Grisham</lastName>
        <party>D</party>
        <district>1</district>
        <firstName>Michelle</firstName>
        <state>NM</state>
        <identifiers>
          <lisID>2146</lisID>
          <bioguideId>L000580</bioguideId>
          <gpoId />
        </identifiers>
        <sponsorshipWithdrawnDate />
      </item>
      <item>
        <isOriginalCosponsor>True</isOriginalCosponsor>
        <fullName>Rep. Lowenthal, Alan S. [D-CA-47]</fullName>
        <middleName>S.</middleName>
        <sponsorshipDate>2017-08-18</sponsorshipDate>
        <bioguideId>L000579</bioguideId>
        <lastName>Lowenthal</lastName>
        <party>D</party>
        <district>47</district>
        <firstName>Alan</firstName>
        <state>CA</state>
        <identifiers>
          <bioguideId>L000579</bioguideId>
          <lisID>2111</lisID>
          <gpoId />
        </identifiers>
        <sponsorshipWithdrawnDate />
      </item>
      <item>
        <isOriginalCosponsor>True</isOriginalCosponsor>
        <fullName>Rep. Adams, Alma S. [D-NC-12]</fullName>
        <middleName>S.</middleName>
        <sponsorshipDate>2017-08-18</sponsorshipDate>
        <bioguideId>A000370</bioguideId>
        <lastName>Adams</lastName>
        <party>D</party>
        <district>12</district>
        <firstName>Alma</firstName>
        <state>NC</state>
        <identifiers>
          <bioguideId>A000370</bioguideId>
          <lisID>2201</lisID>
          <gpoId />
        </identifiers>
        <sponsorshipWithdrawnDate />
      </item>
      <item>
        <isOriginalCosponsor>True</isOriginalCosponsor>
        <fullName>Rep. Kelly, Robin L. [D-IL-2]</fullName>
        <middleName>L.</middleName>
        <sponsorshipDate>2017-08-18</sponsorshipDate>
        <bioguideId>K000385</bioguideId>
        <lastName>Kelly</lastName>
        <party>D</party>
        <district>2</district>
        <firstName>Robin</firstName>
        <state>IL</state>
        <identifiers>
          <bioguideId>K000385</bioguideId>
          <gpoId />
          <lisID>2190</lisID>
        </identifiers>
        <sponsorshipWithdrawnDate />
      </item>
      <item>
        <isOriginalCosponsor>True</isOriginalCosponsor>
        <fullName>Rep. Gomez, Jimmy [D-CA-34]</fullName>
        <middleName />
        <sponsorshipDate>2017-08-18</sponsorshipDate>
        <bioguideId>G000585</bioguideId>
        <lastName>Gomez</lastName>
        <party>D</party>
        <district>34</district>
        <firstName>Jimmy</firstName>
        <state>CA</state>
        <identifiers>
          <lisID>2362</lisID>
          <gpoId />
          <bioguideId>G000585</bioguideId>
        </identifiers>
        <sponsorshipWithdrawnDate />
      </item>
      <item>
        <isOriginalCosponsor>True</isOriginalCosponsor>
        <fullName>Rep. McGovern, James P. [D-MA-2]</fullName>
        <middleName>P.</middleName>
        <sponsorshipDate>2017-08-18</sponsorshipDate>
        <bioguideId>M000312</bioguideId>
        <lastName>MCGOVERN</lastName>
        <party>D</party>
        <district>2</district>
        <firstName>JAMES</firstName>
        <state>MA</state>
        <identifiers>
          <lisID>1504</lisID>
          <gpoId>7968</gpoId>
          <bioguideId>M000312</bioguideId>
        </identifiers>
        <sponsorshipWithdrawnDate />
      </item>
      <item>
        <isOriginalCosponsor>False</isOriginalCosponsor>
        <fullName>Rep. Richmond, Cedric L. [D-LA-2]</fullName>
        <middleName>L.</middleName>
        <sponsorshipDate>2017-08-25</sponsorshipDate>
        <bioguideId>R000588</bioguideId>
        <lastName>Richmond</lastName>
        <party>D</party>
        <district>2</district>
        <firstName>Cedric</firstName>
        <state>LA</state>
        <identifiers>
          <lisID>2023</lisID>
          <bioguideId>R000588</bioguideId>
          <gpoId>7960</gpoId>
        </identifiers>
        <sponsorshipWithdrawnDate />
      </item>
      <item>
        <isOriginalCosponsor>False</isOriginalCosponsor>
        <fullName>Rep. Barragan, Nanette Diaz [D-CA-44]</fullName>
        <middleName>Diaz</middleName>
        <sponsorshipDate>2017-08-25</sponsorshipDate>
        <bioguideId>B001300</bioguideId>
        <lastName>Barragan</lastName>
        <party>D</party>
        <district>44</district>
        <firstName>Nanette</firstName>
        <state>CA</state>
        <identifiers>
          <lisID>2311</lisID>
          <gpoId />
          <bioguideId>B001300</bioguideId>
        </identifiers>
        <sponsorshipWithdrawnDate />
      </item>
      <item>
        <isOriginalCosponsor>False</isOriginalCosponsor>
        <fullName>Rep. Clark, Katherine M. [D-MA-5]</fullName>
        <middleName>M.</middleName>
        <sponsorshipDate>2017-08-25</sponsorshipDate>
        <bioguideId>C001101</bioguideId>
        <lastName>Clark</lastName>
        <party>D</party>
        <district>5</district>
        <firstName>Katherine</firstName>
        <state>MA</state>
        <identifiers>
          <gpoId />
          <bioguideId>C001101</bioguideId>
          <lisID>2196</lisID>
        </identifiers>
        <sponsorshipWithdrawnDate />
      </item>
      <item>
        <isOriginalCosponsor>False</isOriginalCosponsor>
        <fullName>Rep. Doggett, Lloyd [D-TX-35]</fullName>
        <middleName />
        <sponsorshipDate>2017-08-25</sponsorshipDate>
        <bioguideId>D000399</bioguideId>
        <lastName>DOGGETT</lastName>
        <party>D</party>
        <district>35</district>
        <firstName>LLOYD</firstName>
        <state>TX</state>
        <identifiers>
          <lisID>303</lisID>
          <bioguideId>D000399</bioguideId>
          <gpoId>8181</gpoId>
        </identifiers>
        <sponsorshipWithdrawnDate />
      </item>
      <item>
        <isOriginalCosponsor>False</isOriginalCosponsor>
        <fullName>Rep. DeLauro, Rosa L. [D-CT-3]</fullName>
        <middleName />
        <sponsorshipDate>2017-08-25</sponsorshipDate>
        <bioguideId>D000216</bioguideId>
        <lastName>DELAURO</lastName>
        <party>D</party>
        <district>3</district>
        <firstName>ROSA</firstName>
        <state>CT</state>
        <identifiers>
          <lisID>281</lisID>
          <bioguideId>D000216</bioguideId>
          <gpoId>7868</gpoId>
        </identifiers>
        <sponsorshipWithdrawnDate />
      </item>
      <item>
        <isOriginalCosponsor>False</isOriginalCosponsor>
        <fullName>Rep. Polis, Jared [D-CO-2]</fullName>
        <middleName />
        <sponsorshipDate>2017-08-25</sponsorshipDate>
        <bioguideId>P000598</bioguideId>
        <lastName>Polis</lastName>
        <party>D</party>
        <district>2</district>
        <firstName>Jared</firstName>
        <state>CO</state>
        <identifiers>
          <lisID>1910</lisID>
          <bioguideId>P000598</bioguideId>
          <gpoId>7860</gpoId>
        </identifiers>
        <sponsorshipWithdrawnDate />
      </item>
      <item>
        <isOriginalCosponsor>False</isOriginalCosponsor>
        <fullName>Rep. Himes, James A. [D-CT-4]</fullName>
        <middleName>A.</middleName>
        <sponsorshipDate>2017-08-25</sponsorshipDate>
        <bioguideId>H001047</bioguideId>
        <lastName>Himes</lastName>
        <party>D</party>
        <district>4</district>
        <firstName>James</firstName>
        <state>CT</state>
        <identifiers>
          <lisID>1913</lisID>
          <gpoId>7869</gpoId>
          <bioguideId>H001047</bioguideId>
        </identifiers>
        <sponsorshipWithdrawnDate />
      </item>
      <item>
        <isOriginalCosponsor>False</isOriginalCosponsor>
        <fullName>Rep. Kuster, Ann M. [D-NH-2]</fullName>
        <middleName>M.</middleName>
        <sponsorshipDate>2017-08-25</sponsorshipDate>
        <bioguideId>K000382</bioguideId>
        <lastName>Kuster</lastName>
        <party>D</party>
        <district>2</district>
        <firstName>Ann</firstName>
        <state>NH</state>
        <identifiers>
          <lisID>2145</lisID>
          <gpoId />
          <bioguideId>K000382</bioguideId>
        </identifiers>
        <sponsorshipWithdrawnDate />
      </item>
      <item>
        <isOriginalCosponsor>False</isOriginalCosponsor>
        <fullName>Rep. Cummings, Elijah E. [D-MD-7]</fullName>
        <middleName>E.</middleName>
        <sponsorshipDate>2017-08-25</sponsorshipDate>
        <bioguideId>C000984</bioguideId>
        <lastName>CUMMINGS</lastName>
        <party>D</party>
        <district>7</district>
        <firstName>ELIJAH</firstName>
        <state>MD</state>
        <identifiers>
          <bioguideId>C000984</bioguideId>
          <gpoId>7982</gpoId>
          <lisID>256</lisID>
        </identifiers>
        <sponsorshipWithdrawnDate />
      </item>
      <item>
        <isOriginalCosponsor>False</isOriginalCosponsor>
        <fullName>Rep. Welch, Peter [D-VT-At Large]</fullName>
        <middleName />
        <sponsorshipDate>2017-08-25</sponsorshipDate>
        <bioguideId>W000800</bioguideId>
        <lastName>Welch</lastName>
        <party>D</party>
        <district>0</district>
        <firstName>Peter</firstName>
        <state>VT</state>
        <identifiers>
          <bioguideId>W000800</bioguideId>
          <lisID>1879</lisID>
          <gpoId>8204</gpoId>
        </identifiers>
        <sponsorshipWithdrawnDate />
      </item>
      <item>
        <isOriginalCosponsor>False</isOriginalCosponsor>
        <fullName>Rep. Norcross, Donald [D-NJ-1]</fullName>
        <middleName />
        <sponsorshipDate>2017-08-25</sponsorshipDate>
        <bioguideId>N000188</bioguideId>
        <lastName>Norcross</lastName>
        <party>D</party>
        <district>1</district>
        <firstName>Donald</firstName>
        <state>NJ</state>
        <identifiers>
          <bioguideId>N000188</bioguideId>
          <gpoId />
          <lisID>2202</lisID>
        </identifiers>
        <sponsorshipWithdrawnDate />
      </item>
      <item>
        <isOriginalCosponsor>False</isOriginalCosponsor>
        <fullName>Rep. Kildee, Daniel T. [D-MI-5]</fullName>
        <middleName>T.</middleName>
        <sponsorshipDate>2017-08-25</sponsorshipDate>
        <bioguideId>K000380</bioguideId>
        <lastName>Kildee</lastName>
        <party>D</party>
        <district>5</district>
        <firstName>Daniel</firstName>
        <state>MI</state>
        <identifiers>
          <gpoId />
          <bioguideId>K000380</bioguideId>
          <lisID>2134</lisID>
        </identifiers>
        <sponsorshipWithdrawnDate />
      </item>
      <item>
        <isOriginalCosponsor>False</isOriginalCosponsor>
        <fullName>Rep. Price, David E. [D-NC-4]</fullName>
        <middleName>E.</middleName>
        <sponsorshipDate>2017-08-25</sponsorshipDate>
        <bioguideId>P000523</bioguideId>
        <lastName>PRICE</lastName>
        <party>D</party>
        <district>4</district>
        <firstName>DAVID</firstName>
        <state>NC</state>
        <identifiers>
          <lisID>930</lisID>
          <bioguideId>P000523</bioguideId>
          <gpoId>8027</gpoId>
        </identifiers>
        <sponsorshipWithdrawnDate />
      </item>
      <item>
        <isOriginalCosponsor>False</isOriginalCosponsor>
        <fullName>Rep. Garamendi, John [D-CA-3]</fullName>
        <middleName />
        <sponsorshipDate>2017-08-25</sponsorshipDate>
        <bioguideId>G000559</bioguideId>
        <lastName>Garamendi</lastName>
        <party>D</party>
        <district>3</district>
        <firstName>John</firstName>
        <state>CA</state>
        <identifiers>
          <gpoId>7815</gpoId>
          <lisID>1973</lisID>
          <bioguideId>G000559</bioguideId>
        </identifiers>
        <sponsorshipWithdrawnDate />
      </item>
      <item>
        <isOriginalCosponsor>False</isOriginalCosponsor>
        <fullName>Rep. Frankel, Lois [D-FL-21]</fullName>
        <middleName />
        <sponsorshipDate>2017-08-25</sponsorshipDate>
        <bioguideId>F000462</bioguideId>
        <lastName>Frankel</lastName>
        <party>D</party>
        <district>21</district>
        <firstName>Lois</firstName>
        <state>FL</state>
        <identifiers>
          <bioguideId>F000462</bioguideId>
          <gpoId />
          <lisID>2119</lisID>
        </identifiers>
        <sponsorshipWithdrawnDate />
      </item>
      <item>
        <isOriginalCosponsor>False</isOriginalCosponsor>
        <fullName>Rep. Matsui, Doris O. [D-CA-6]</fullName>
        <middleName>O.</middleName>
        <sponsorshipDate>2017-08-25</sponsorshipDate>
        <bioguideId>M001163</bioguideId>
        <lastName>Matsui</lastName>
        <party>D</party>
        <district>6</district>
        <firstName>Doris</firstName>
        <state>CA</state>
        <identifiers>
          <bioguideId>M001163</bioguideId>
          <lisID>1814</lisID>
          <gpoId>7810</gpoId>
        </identifiers>
        <sponsorshipWithdrawnDate />
      </item>
      <item>
        <isOriginalCosponsor>False</isOriginalCosponsor>
        <fullName>Rep. Sanchez, Linda T. [D-CA-38]</fullName>
        <middleName>T.</middleName>
        <sponsorshipDate>2017-08-25</sponsorshipDate>
        <bioguideId>S001156</bioguideId>
        <lastName>SANCHEZ</lastName>
        <party>D</party>
        <district>38</district>
        <firstName>LINDA</firstName>
        <state>CA</state>
        <identifiers>
          <lisID>1757</lisID>
          <bioguideId>S001156</bioguideId>
          <gpoId>7844</gpoId>
        </identifiers>
        <sponsorshipWithdrawnDate />
      </item>
      <item>
        <isOriginalCosponsor>False</isOriginalCosponsor>
        <fullName>Rep. Swalwell, Eric [D-CA-15]</fullName>
        <middleName />
        <sponsorshipDate>2017-08-25</sponsorshipDate>
        <bioguideId>S001193</bioguideId>
        <lastName>Swalwell</lastName>
        <party>D</party>
        <district>15</district>
        <firstName>Eric</firstName>
        <state>CA</state>
        <identifiers>
          <gpoId />
          <lisID>2104</lisID>
          <bioguideId>S001193</bioguideId>
        </identifiers>
        <sponsorshipWithdrawnDate />
      </item>
      <item>
        <isOriginalCosponsor>False</isOriginalCosponsor>
        <fullName>Rep. Cardenas, Tony [D-CA-29]</fullName>
        <middleName />
        <sponsorshipDate>2017-08-25</sponsorshipDate>
        <bioguideId>C001097</bioguideId>
        <lastName>Cardenas</lastName>
        <party>D</party>
        <district>29</district>
        <firstName>Tony</firstName>
        <state>CA</state>
        <identifiers>
          <lisID>2107</lisID>
          <gpoId />
          <bioguideId>C001097</bioguideId>
        </identifiers>
        <sponsorshipWithdrawnDate />
      </item>
      <item>
        <isOriginalCosponsor>False</isOriginalCosponsor>
        <fullName>Rep. Courtney, Joe [D-CT-2]</fullName>
        <middleName />
        <sponsorshipDate>2017-08-25</sponsorshipDate>
        <bioguideId>C001069</bioguideId>
        <lastName>Courtney</lastName>
        <party>D</party>
        <district>2</district>
        <firstName>Joe</firstName>
        <state>CT</state>
        <identifiers>
          <lisID>1836</lisID>
          <bioguideId>C001069</bioguideId>
          <gpoId>7867</gpoId>
        </identifiers>
        <sponsorshipWithdrawnDate />
      </item>
      <item>
        <isOriginalCosponsor>False</isOriginalCosponsor>
        <fullName>Rep. Esty, Elizabeth H. [D-CT-5]</fullName>
        <middleName>H.</middleName>
        <sponsorshipDate>2017-08-25</sponsorshipDate>
        <bioguideId>E000293</bioguideId>
        <lastName>Esty</lastName>
        <party>D</party>
        <district>5</district>
        <firstName>Elizabeth</firstName>
        <state>CT</state>
        <identifiers>
          <lisID>2114</lisID>
          <gpoId />
          <bioguideId>E000293</bioguideId>
        </identifiers>
        <sponsorshipWithdrawnDate />
      </item>
      <item>
        <isOriginalCosponsor>False</isOriginalCosponsor>
        <fullName>Rep. Larson, John B. [D-CT-1]</fullName>
        <middleName>B.</middleName>
        <sponsorshipDate>2017-08-25</sponsorshipDate>
        <bioguideId>L000557</bioguideId>
        <lastName>LARSON</lastName>
        <party>D</party>
        <district>1</district>
        <firstName>JOHN</firstName>
        <state>CT</state>
        <identifiers>
          <lisID>1583</lisID>
          <bioguideId>L000557</bioguideId>
          <gpoId>7866</gpoId>
        </identifiers>
        <sponsorshipWithdrawnDate />
      </item>
      <item>
        <isOriginalCosponsor>False</isOriginalCosponsor>
        <fullName>Rep. Eshoo, Anna G. [D-CA-18]</fullName>
        <middleName>G.</middleName>
        <sponsorshipDate>2017-08-25</sponsorshipDate>
        <bioguideId>E000215</bioguideId>
        <lastName>ESHOO</lastName>
        <party>D</party>
        <district>18</district>
        <firstName>ANNA</firstName>
        <state>CA</state>
        <identifiers>
          <lisID>355</lisID>
          <bioguideId>E000215</bioguideId>
          <gpoId>7819</gpoId>
        </identifiers>
        <sponsorshipWithdrawnDate />
      </item>
      <item>
        <isOriginalCosponsor>False</isOriginalCosponsor>
        <fullName>Rep. Scott, David [D-GA-13]</fullName>
        <middleName />
        <sponsorshipDate>2017-08-25</sponsorshipDate>
        <bioguideId>S001157</bioguideId>
        <lastName>Scott</lastName>
        <party>D</party>
        <district>13</district>
        <firstName>David</firstName>
        <state>GA</state>
        <identifiers>
          <bioguideId>S001157</bioguideId>
          <lisID>1722</lisID>
          <gpoId>7910</gpoId>
        </identifiers>
        <sponsorshipWithdrawnDate />
      </item>
      <item>
        <isOriginalCosponsor>False</isOriginalCosponsor>
        <fullName>Rep. Khanna, Ro [D-CA-17]</fullName>
        <middleName />
        <sponsorshipDate>2017-08-25</sponsorshipDate>
        <bioguideId>K000389</bioguideId>
        <lastName>Khanna</lastName>
        <party>D</party>
        <district>17</district>
        <firstName>Ro</firstName>
        <state>CA</state>
        <identifiers>
          <lisID>2308</lisID>
          <gpoId />
          <bioguideId>K000389</bioguideId>
        </identifiers>
        <sponsorshipWithdrawnDate />
      </item>
      <item>
        <isOriginalCosponsor>False</isOriginalCosponsor>
        <fullName>Rep. Conyers, John, Jr. [D-MI-13]</fullName>
        <middleName />
        <sponsorshipDate>2017-08-25</sponsorshipDate>
        <bioguideId>C000714</bioguideId>
        <lastName>CONYERS</lastName>
        <party>D</party>
        <district>13</district>
        <firstName>JOHN</firstName>
        <state>MI</state>
        <identifiers>
          <lisID>229</lisID>
          <bioguideId>C000714</bioguideId>
          <gpoId>7999</gpoId>
        </identifiers>
        <sponsorshipWithdrawnDate />
      </item>
      <item>
        <isOriginalCosponsor>False</isOriginalCosponsor>
        <fullName>Rep. Carbajal, Salud O. [D-CA-24]</fullName>
        <middleName>O.</middleName>
        <sponsorshipDate>2017-08-25</sponsorshipDate>
        <bioguideId>C001112</bioguideId>
        <lastName>Carbajal</lastName>
        <party>D</party>
        <district>24</district>
        <firstName>Salud</firstName>
        <state>CA</state>
        <identifiers>
          <gpoId />
          <lisID>2310</lisID>
          <bioguideId>C001112</bioguideId>
        </identifiers>
        <sponsorshipWithdrawnDate />
      </item>
      <item>
        <isOriginalCosponsor>False</isOriginalCosponsor>
        <fullName>Rep. Wasserman Schultz, Debbie [D-FL-23]</fullName>
        <middleName />
        <sponsorshipDate>2017-08-25</sponsorshipDate>
        <bioguideId>W000797</bioguideId>
        <lastName>Wasserman Schultz</lastName>
        <party>D</party>
        <district>23</district>
        <firstName>Debbie</firstName>
        <state>FL</state>
        <identifiers>
          <bioguideId>W000797</bioguideId>
          <gpoId>7892</gpoId>
          <lisID>1777</lisID>
        </identifiers>
        <sponsorshipWithdrawnDate />
      </item>
      <item>
        <isOriginalCosponsor>False</isOriginalCosponsor>
        <fullName>Rep. Heck, Denny [D-WA-10]</fullName>
        <middleName />
        <sponsorshipDate>2017-08-25</sponsorshipDate>
        <bioguideId>H001064</bioguideId>
        <lastName>Heck</lastName>
        <party>D</party>
        <district>10</district>
        <firstName>Denny</firstName>
        <state>WA</state>
        <identifiers>
          <gpoId />
          <bioguideId>H001064</bioguideId>
          <lisID>2170</lisID>
        </identifiers>
        <sponsorshipWithdrawnDate />
      </item>
      <item>
        <isOriginalCosponsor>False</isOriginalCosponsor>
        <fullName>Rep. Lofgren, Zoe [D-CA-19]</fullName>
        <middleName />
        <sponsorshipDate>2017-08-25</sponsorshipDate>
        <bioguideId>L000397</bioguideId>
        <lastName>LOFGREN</lastName>
        <party>D</party>
        <district>19</district>
        <firstName>ZOE</firstName>
        <state>CA</state>
        <identifiers>
          <lisID>701</lisID>
          <gpoId>7821</gpoId>
          <bioguideId>L000397</bioguideId>
        </identifiers>
        <sponsorshipWithdrawnDate />
      </item>
      <item>
        <isOriginalCosponsor>False</isOriginalCosponsor>
        <fullName>Rep. Bera, Ami [D-CA-7]</fullName>
        <middleName />
        <sponsorshipDate>2017-08-25</sponsorshipDate>
        <bioguideId>B001287</bioguideId>
        <lastName>Bera</lastName>
        <party>D</party>
        <district>7</district>
        <firstName>Ami</firstName>
        <state>CA</state>
        <identifiers>
          <bioguideId>B001287</bioguideId>
          <lisID>2102</lisID>
          <gpoId />
        </identifiers>
        <sponsorshipWithdrawnDate />
      </item>
      <item>
        <isOriginalCosponsor>False</isOriginalCosponsor>
        <fullName>Rep. Neal, Richard E. [D-MA-1]</fullName>
        <middleName>E.</middleName>
        <sponsorshipDate>2017-08-25</sponsorshipDate>
        <bioguideId>N000015</bioguideId>
        <lastName>NEAL</lastName>
        <party>D</party>
        <district>1</district>
        <firstName>RICHARD</firstName>
        <state>MA</state>
        <identifiers>
          <gpoId>7967</gpoId>
          <lisID>854</lisID>
          <bioguideId>N000015</bioguideId>
        </identifiers>
        <sponsorshipWithdrawnDate />
      </item>
      <item>
        <isOriginalCosponsor>False</isOriginalCosponsor>
        <fullName>Rep. Kennedy, Joseph P., III [D-MA-4]</fullName>
        <middleName>P.</middleName>
        <sponsorshipDate>2017-08-25</sponsorshipDate>
        <bioguideId>K000379</bioguideId>
        <lastName>Kennedy</lastName>
        <party>D</party>
        <district>4</district>
        <firstName>Joseph</firstName>
        <state>MA</state>
        <identifiers>
          <lisID>2172</lisID>
          <bioguideId>K000379</bioguideId>
          <gpoId />
        </identifiers>
        <sponsorshipWithdrawnDate />
      </item>
      <item>
        <isOriginalCosponsor>False</isOriginalCosponsor>
        <fullName>Rep. McCollum, Betty [D-MN-4]</fullName>
        <middleName />
        <sponsorshipDate>2017-08-25</sponsorshipDate>
        <bioguideId>M001143</bioguideId>
        <lastName>MCCOLLUM</lastName>
        <party>D</party>
        <district>4</district>
        <firstName>BETTY</firstName>
        <state>MN</state>
        <identifiers>
          <lisID>1653</lisID>
          <gpoId>8004</gpoId>
          <bioguideId>M001143</bioguideId>
        </identifiers>
        <sponsorshipWithdrawnDate />
      </item>
      <item>
        <isOriginalCosponsor>False</isOriginalCosponsor>
        <fullName>Rep. Levin, Sander M. [D-MI-9]</fullName>
        <middleName>M.</middleName>
        <sponsorshipDate>2017-08-25</sponsorshipDate>
        <bioguideId>L000263</bioguideId>
        <lastName>LEVIN</lastName>
        <party>D</party>
        <district>9</district>
        <firstName>SANDER</firstName>
        <state>MI</state>
        <identifiers>
          <lisID>683</lisID>
          <bioguideId>L000263</bioguideId>
          <gpoId>7997</gpoId>
        </identifiers>
        <sponsorshipWithdrawnDate />
      </item>
      <item>
        <isOriginalCosponsor>False</isOriginalCosponsor>
        <fullName>Rep. Kilmer, Derek [D-WA-6]</fullName>
        <middleName />
        <sponsorshipDate>2017-08-25</sponsorshipDate>
        <bioguideId>K000381</bioguideId>
        <lastName>Kilmer</lastName>
        <party>D</party>
        <district>6</district>
        <firstName>Derek</firstName>
        <state>WA</state>
        <identifiers>
          <lisID>2169</lisID>
          <gpoId />
          <bioguideId>K000381</bioguideId>
        </identifiers>
        <sponsorshipWithdrawnDate />
      </item>
      <item>
        <isOriginalCosponsor>False</isOriginalCosponsor>
        <fullName>Rep. Delaney, John K. [D-MD-6]</fullName>
        <middleName>K.</middleName>
        <sponsorshipDate>2017-08-25</sponsorshipDate>
        <bioguideId>D000620</bioguideId>
        <lastName>Delaney</lastName>
        <party>D</party>
        <district>6</district>
        <firstName>John</firstName>
        <state>MD</state>
        <identifiers>
          <bioguideId>D000620</bioguideId>
          <lisID>2133</lisID>
          <gpoId />
        </identifiers>
        <sponsorshipWithdrawnDate />
      </item>
      <item>
        <isOriginalCosponsor>False</isOriginalCosponsor>
        <fullName>Rep. Schiff, Adam B. [D-CA-28]</fullName>
        <middleName>B.</middleName>
        <sponsorshipDate>2017-08-25</sponsorshipDate>
        <bioguideId>S001150</bioguideId>
        <lastName>SCHIFF</lastName>
        <party>D</party>
        <district>28</district>
        <firstName>ADAM</firstName>
        <state>CA</state>
        <identifiers>
          <gpoId>7834</gpoId>
          <bioguideId>S001150</bioguideId>
          <lisID>1635</lisID>
        </identifiers>
        <sponsorshipWithdrawnDate />
      </item>
      <item>
        <isOriginalCosponsor>False</isOriginalCosponsor>
        <fullName>Rep. Davis, Susan A. [D-CA-53]</fullName>
        <middleName>A.</middleName>
        <sponsorshipDate>2017-08-25</sponsorshipDate>
        <bioguideId>D000598</bioguideId>
        <lastName>DAVIS</lastName>
        <party>D</party>
        <district>53</district>
        <firstName>SUSAN</firstName>
        <state>CA</state>
        <identifiers>
          <lisID>1641</lisID>
          <bioguideId>D000598</bioguideId>
          <gpoId>7858</gpoId>
        </identifiers>
        <sponsorshipWithdrawnDate />
      </item>
      <item>
        <isOriginalCosponsor>False</isOriginalCosponsor>
        <fullName>Rep. Cartwright, Matt [D-PA-17]</fullName>
        <middleName />
        <sponsorshipDate>2017-08-25</sponsorshipDate>
        <bioguideId>C001090</bioguideId>
        <lastName>Cartwright</lastName>
        <party>D</party>
        <district>17</district>
        <firstName>Matt</firstName>
        <state>PA</state>
        <identifiers>
          <bioguideId>C001090</bioguideId>
          <gpoId />
          <lisID>2159</lisID>
        </identifiers>
        <sponsorshipWithdrawnDate />
      </item>
      <item>
        <isOriginalCosponsor>False</isOriginalCosponsor>
        <fullName>Rep. Panetta, Jimmy [D-CA-20]</fullName>
        <middleName />
        <sponsorshipDate>2017-08-29</sponsorshipDate>
        <bioguideId>P000613</bioguideId>
        <lastName>Panetta</lastName>
        <party>D</party>
        <district>20</district>
        <firstName>Jimmy</firstName>
        <state>CA</state>
        <identifiers>
          <lisID>2309</lisID>
          <bioguideId>P000613</bioguideId>
          <gpoId />
        </identifiers>
        <sponsorshipWithdrawnDate />
      </item>
      <item>
        <isOriginalCosponsor>False</isOriginalCosponsor>
        <fullName>Rep. Schrader, Kurt [D-OR-5]</fullName>
        <middleName />
        <sponsorshipDate>2017-08-29</sponsorshipDate>
        <bioguideId>S001180</bioguideId>
        <lastName>Schrader</lastName>
        <party>D</party>
        <district>5</district>
        <firstName>Kurt</firstName>
        <state>OR</state>
        <identifiers>
          <bioguideId>S001180</bioguideId>
          <lisID>1950</lisID>
          <gpoId>8118</gpoId>
        </identifiers>
        <sponsorshipWithdrawnDate />
      </item>
      <item>
        <isOriginalCosponsor>False</isOriginalCosponsor>
        <fullName>Rep. Thompson, Mike [D-CA-5]</fullName>
        <middleName />
        <sponsorshipDate>2017-08-29</sponsorshipDate>
        <bioguideId>T000460</bioguideId>
        <lastName>THOMPSON</lastName>
        <party>D</party>
        <district>5</district>
        <firstName>MIKE</firstName>
        <state>CA</state>
        <identifiers>
          <gpoId>7806</gpoId>
          <lisID>1593</lisID>
          <bioguideId>T000460</bioguideId>
        </identifiers>
        <sponsorshipWithdrawnDate />
      </item>
      <item>
        <isOriginalCosponsor>False</isOriginalCosponsor>
        <fullName>Rep. Keating, William R. [D-MA-9]</fullName>
        <middleName>R.</middleName>
        <sponsorshipDate>2017-08-29</sponsorshipDate>
        <bioguideId>K000375</bioguideId>
        <lastName>Keating</lastName>
        <party>D</party>
        <district>9</district>
        <firstName>William</firstName>
        <state>MA</state>
        <identifiers>
          <lisID>2025</lisID>
          <bioguideId>K000375</bioguideId>
          <gpoId>7975</gpoId>
        </identifiers>
        <sponsorshipWithdrawnDate />
      </item>
      <item>
        <isOriginalCosponsor>False</isOriginalCosponsor>
        <fullName>Rep. Sarbanes, John P. [D-MD-3]</fullName>
        <middleName>P.</middleName>
        <sponsorshipDate>2017-08-29</sponsorshipDate>
        <bioguideId>S001168</bioguideId>
        <lastName>Sarbanes</lastName>
        <party>D</party>
        <district>3</district>
        <firstName>John</firstName>
        <state>MD</state>
        <identifiers>
          <bioguideId>S001168</bioguideId>
          <lisID>1854</lisID>
          <gpoId>7978</gpoId>
        </identifiers>
        <sponsorshipWithdrawnDate />
      </item>
      <item>
        <isOriginalCosponsor>False</isOriginalCosponsor>
        <fullName>Rep. Gottheimer, Josh [D-NJ-5]</fullName>
        <middleName />
        <sponsorshipDate>2017-08-29</sponsorshipDate>
        <bioguideId>G000583</bioguideId>
        <lastName>Gottheimer</lastName>
        <party>D</party>
        <district>5</district>
        <firstName>Josh</firstName>
        <state>NJ</state>
        <identifiers>
          <gpoId />
          <bioguideId>G000583</bioguideId>
          <lisID>2338</lisID>
        </identifiers>
        <sponsorshipWithdrawnDate />
      </item>
      <item>
        <isOriginalCosponsor>False</isOriginalCosponsor>
        <fullName>Rep. Suozzi, Thomas R. [D-NY-3]</fullName>
        <middleName>R.</middleName>
        <sponsorshipDate>2017-09-01</sponsorshipDate>
        <bioguideId>S001201</bioguideId>
        <lastName>Suozzi</lastName>
        <party>D</party>
        <district>3</district>
        <firstName>Thomas</firstName>
        <state>NY</state>
        <identifiers>
          <lisID>2341</lisID>
          <gpoId />
          <bioguideId>S001201</bioguideId>
        </identifiers>
        <sponsorshipWithdrawnDate />
      </item>
      <item>
        <isOriginalCosponsor>False</isOriginalCosponsor>
        <fullName>Rep. Vargas, Juan [D-CA-51]</fullName>
        <middleName />
        <sponsorshipDate>2017-09-01</sponsorshipDate>
        <bioguideId>V000130</bioguideId>
        <lastName>Vargas</lastName>
        <party>D</party>
        <district>51</district>
        <firstName>Juan</firstName>
        <state>CA</state>
        <identifiers>
          <bioguideId>V000130</bioguideId>
          <lisID>2112</lisID>
          <gpoId />
        </identifiers>
        <sponsorshipWithdrawnDate />
      </item>
      <item>
        <isOriginalCosponsor>False</isOriginalCosponsor>
        <fullName>Rep. DelBene, Suzan K. [D-WA-1]</fullName>
        <middleName>K.</middleName>
        <sponsorshipDate>2017-09-01</sponsorshipDate>
        <bioguideId>D000617</bioguideId>
        <lastName>DelBene</lastName>
        <party>D</party>
        <district>1</district>
        <firstName>Suzan</firstName>
        <state>WA</state>
        <identifiers>
          <lisID>2096</lisID>
          <bioguideId>D000617</bioguideId>
          <gpoId>8374</gpoId>
        </identifiers>
        <sponsorshipWithdrawnDate />
      </item>
      <item>
        <isOriginalCosponsor>False</isOriginalCosponsor>
        <fullName>Rep. Moulton, Seth [D-MA-6]</fullName>
        <middleName />
        <sponsorshipDate>2017-09-05</sponsorshipDate>
        <bioguideId>M001196</bioguideId>
        <lastName>Moulton</lastName>
        <party>D</party>
        <district>6</district>
        <firstName>Seth</firstName>
        <state>MA</state>
        <identifiers>
          <lisID>2246</lisID>
          <bioguideId>M001196</bioguideId>
          <gpoId />
        </identifiers>
        <sponsorshipWithdrawnDate />
      </item>
      <item>
        <isOriginalCosponsor>False</isOriginalCosponsor>
        <fullName>Rep. Soto, Darren [D-FL-9]</fullName>
        <middleName />
        <sponsorshipDate>2017-09-06</sponsorshipDate>
        <bioguideId>S001200</bioguideId>
        <lastName>Soto</lastName>
        <party>D</party>
        <district>9</district>
        <firstName>Darren</firstName>
        <state>FL</state>
        <identifiers>
          <lisID>2319</lisID>
          <gpoId />
          <bioguideId>S001200</bioguideId>
        </identifiers>
        <sponsorshipWithdrawnDate />
      </item>
      <item>
        <isOriginalCosponsor>False</isOriginalCosponsor>
        <fullName>Rep. Rice, Kathleen M. [D-NY-4]</fullName>
        <middleName>M.</middleName>
        <sponsorshipDate>2017-09-06</sponsorshipDate>
        <bioguideId>R000602</bioguideId>
        <lastName>Rice</lastName>
        <party>D</party>
        <district>4</district>
        <firstName>Kathleen</firstName>
        <state>NY</state>
        <identifiers>
          <lisID>2262</lisID>
          <bioguideId>R000602</bioguideId>
          <gpoId />
        </identifiers>
        <sponsorshipWithdrawnDate />
      </item>
      <item>
        <isOriginalCosponsor>False</isOriginalCosponsor>
        <fullName>Rep. Scott, Robert C. "Bobby" [D-VA-3]</fullName>
        <middleName>C. "Bobby"</middleName>
        <sponsorshipDate>2017-09-07</sponsorshipDate>
        <bioguideId>S000185</bioguideId>
        <lastName>Scott</lastName>
        <party>D</party>
        <district>3</district>
        <firstName>Robert</firstName>
        <state>VA</state>
        <identifiers>
          <bioguideId>S000185</bioguideId>
          <lisID>1037</lisID>
          <gpoId>8194</gpoId>
        </identifiers>
        <sponsorshipWithdrawnDate />
      </item>
      <item>
        <isOriginalCosponsor>False</isOriginalCosponsor>
        <fullName>Rep. Yarmuth, John A. [D-KY-3]</fullName>
        <middleName>A.</middleName>
        <sponsorshipDate>2017-09-07</sponsorshipDate>
        <bioguideId>Y000062</bioguideId>
        <lastName>Yarmuth</lastName>
        <party>D</party>
        <district>3</district>
        <firstName>John</firstName>
        <state>KY</state>
        <identifiers>
          <lisID>1853</lisID>
          <gpoId>7955</gpoId>
          <bioguideId>Y000062</bioguideId>
        </identifiers>
        <sponsorshipWithdrawnDate />
      </item>
      <item>
        <isOriginalCosponsor>False</isOriginalCosponsor>
        <fullName>Rep. Hanabusa, Colleen [D-HI-1]</fullName>
        <middleName />
        <sponsorshipDate>2017-09-08</sponsorshipDate>
        <bioguideId>H001050</bioguideId>
        <lastName>Hanabusa</lastName>
        <party>D</party>
        <district>1</district>
        <firstName>Colleen</firstName>
        <state>HI</state>
        <identifiers>
          <lisID>2010</lisID>
          <bioguideId>H001050</bioguideId>
          <gpoId>7912</gpoId>
        </identifiers>
        <sponsorshipWithdrawnDate />
      </item>
      <item>
        <isOriginalCosponsor>False</isOriginalCosponsor>
        <fullName>Rep. Tsongas, Niki [D-MA-3]</fullName>
        <middleName />
        <sponsorshipDate>2017-09-18</sponsorshipDate>
        <bioguideId>T000465</bioguideId>
        <lastName>Tsongas</lastName>
        <party>D</party>
        <district>3</district>
        <firstName>Niki</firstName>
        <state>MA</state>
        <identifiers>
          <bioguideId>T000465</bioguideId>
          <lisID>1884</lisID>
          <gpoId>7970</gpoId>
        </identifiers>
        <sponsorshipWithdrawnDate />
      </item>
    </cosponsors>
    <billType>HRES</billType>
    <recordedVotes />
    <laws />
    <committeeReports />
    <actions>
      <actionByCounts>
        <houseOfRepresentatives>3</houseOfRepresentatives>
      </actionByCounts>
      <actionTypeCounts>
        <introducedInTheHouse>1</introducedInTheHouse>
        <billReferrals>1</billReferrals>
        <introducedInHouse>1</introducedInHouse>
      </actionTypeCounts>
      <item>
        <actionDate>2017-08-18</actionDate>
        <text>Referred to the House Committee on the Judiciary.</text>
        <sourceSystem>
          <name>House floor actions</name>
          <code>2</code>
        </sourceSystem>
        <committee>
          <systemCode>hsju00</systemCode>
          <name>Judiciary Committee</name>
        </committee>
        <links />
        <actionCode>H11100</actionCode>
        <type>IntroReferral</type>
      </item>
      <item>
        <actionDate>2017-08-18</actionDate>
        <text>Introduced in House</text>
        <sourceSystem>
          <name>Library of Congress</name>
          <code>9</code>
        </sourceSystem>
        <committee />
        <links />
        <actionCode>Intro-H</actionCode>
        <type>IntroReferral</type>
      </item>
      <item>
        <actionDate>2017-08-18</actionDate>
        <text>Introduced in House</text>
        <sourceSystem>
          <name>Library of Congress</name>
          <code>9</code>
        </sourceSystem>
        <committee />
        <links />
        <actionCode>1000</actionCode>
        <type>IntroReferral</type>
      </item>
    </actions>
    <createDate>2017-08-19T03:11:30Z</createDate>
    <version>1.0.0</version>
    <notes />
    <latestAction>
      <actionDate>2017-08-18</actionDate>
      <text>Referred to the House Committee on the Judiciary.</text>
      <links />
    </latestAction>
    <title>Condemning and censuring President Donald Trump.</title>
    <summaries>
      <billSummaries>
        <item>
          <text><![CDATA[<p>Censures and condemns President Trump for his inadequate response to the violence in Charlottesville, Virginia, on August 12, 2017, for his failure to condemn the White supremacist groups responsible for actions of domestic terrorism, for asserting that &quot;both sides&quot; were to blame and excusing the violent behavior of participants in the Unite the Right rally, and for employing people with ties to White supremacist movements in the White House.</p> <p>Urges President Trump to fire all White House advisors who have urged him to cater to the White supremacist movement.</p> <ul> </ul>]]></text>
          <versionCode>00</versionCode>
          <actionDate>2017-08-18</actionDate>
          <name>Introduced in House</name>
          <actionDesc>Introduced in House</actionDesc>
          <lastSummaryUpdateDate>2017-12-06T22:42:30Z</lastSummaryUpdateDate>
          <updateDate>2017-08-18T04:00:00Z</updateDate>
        </item>
      </billSummaries>
    </summaries>
    <congress>115</congress>
    <policyArea>
      <name>Government Operations and Politics</name>
    </policyArea>
    <billNumber>496</billNumber>
    <calendarNumbers />
    <cboCostEstimates />
    <introducedDate>2017-08-18</introducedDate>
    <relatedBills />
    <committees>
      <billCommittees>
        <item>
          <chamber>House</chamber>
          <subcommittees />
          <type>Standing</type>
          <activities>
            <item>
              <date>2017-08-18T14:00:51Z</date>
              <name>Referred to</name>
            </item>
          </activities>
          <systemCode>hsju00</systemCode>
          <name>Judiciary Committee</name>
        </item>
      </billCommittees>
    </committees>
    <titles>
      <item>
        <titleType>Official Title as Introduced</titleType>
        <title>Condemning and censuring President Donald Trump.</title>
        <chamberCode />
        <parentTitleType />
        <chamberName />
      </item>
      <item>
        <titleType>Display Title</titleType>
        <title>Condemning and censuring President Donald Trump.</title>
        <chamberCode />
        <parentTitleType />
        <chamberName />
      </item>
    </titles>
    <sponsors>
      <item>
        <fullName>Rep. Nadler, Jerrold [D-NY-10]</fullName>
        <middleName />
        <district>10</district>
        <byRequestType />
        <firstName>JERROLD</firstName>
        <bioguideId>N000002</bioguideId>
        <state>NY</state>
        <party>D</party>
        <lastName>NADLER</lastName>
        <identifiers>
          <lisID>850</lisID>
          <bioguideId>N000002</bioguideId>
          <gpoId>8069</gpoId>
        </identifiers>
      </item>
    </sponsors>
    <updateDate>2018-02-06T16:39:57Z</updateDate>
    <amendments />
  </bill>
  <dublinCore xmlns:dc="http://purl.org/dc/elements/1.1/">
    <dc:format>text/xml</dc:format>
    <dc:language>EN</dc:language>
    <dc:rights>Pursuant to Title 17 Section 105 of the United States Code, this file is not subject to copyright protection and is in the public domain.</dc:rights>
    <dc:contributor>Congressional Research Service, Library of Congress</dc:contributor>
    <dc:description>This file contains bill summaries and statuses for federal legislation. A bill summary describes the most significant provisions of a piece of legislation and details the effects the legislative text may have on current law and federal programs. Bill summaries are authored by the Congressional Research Service (CRS) of the Library of Congress. As stated in Public Law 91-510 (2 USC 166 (d)(6)), one of the duties of CRS is "to prepare summaries and digests of bills and resolutions of a public general nature introduced in the Senate or House of Representatives". For more information, refer to the User Guide that accompanies this file.</dc:description>
  </dublinCore>
</billStatus>

