<?xml version="1.0" encoding="UTF-8"?>
<billStatus>
  <bill>
    <constitutionalAuthorityStatementText />
    <originChamber>House</originChamber>
    <subjects>
      <billSubjects>
        <policyArea>
          <name>Sports and Recreation</name>
        </policyArea>
        <legislativeSubjects>
          <item>
            <name>Athletes</name>
          </item>
          <item>
            <name>Forests, forestry, trees</name>
          </item>
          <item>
            <name>Historic sites and heritage areas</name>
          </item>
          <item>
            <name>Sports and recreation facilities</name>
          </item>
          <item>
            <name>Wisconsin</name>
          </item>
        </legislativeSubjects>
      </billSubjects>
    </subjects>
    <cosponsors />
    <billType>HRES</billType>
    <recordedVotes />
    <laws />
    <committeeReports />
    <actions>
      <actionTypeCounts>
        <placeholderTextForH>1</placeholderTextForH>
        <introducedInTheHouse>1</introducedInTheHouse>
        <introducedInHouse>1</introducedInHouse>
        <billReferrals>1</billReferrals>
      </actionTypeCounts>
      <item>
        <actionDate>2017-07-24</actionDate>
        <committee>
          <systemCode>hsii10</systemCode>
          <name>Federal Lands Subcommittee</name>
        </committee>
        <links />
        <sourceSystem>
          <name>House committee actions</name>
          <code>1</code>
        </sourceSystem>
        <text>Referred to the Subcommittee on Federal Lands.</text>
        <type>Committee</type>
      </item>
      <item>
        <text>Referred to the House Committee on Natural Resources.</text>
        <links />
        <actionDate>2017-07-19</actionDate>
        <committee>
          <systemCode>hsii00</systemCode>
          <name>Natural Resources Committee</name>
        </committee>
        <sourceSystem>
          <name>House floor actions</name>
          <code>2</code>
        </sourceSystem>
        <type>IntroReferral</type>
        <actionCode>H11100</actionCode>
      </item>
      <item>
        <text>Introduced in House</text>
        <links />
        <actionDate>2017-07-19</actionDate>
        <committee />
        <sourceSystem>
          <name>Library of Congress</name>
          <code>9</code>
        </sourceSystem>
        <type>IntroReferral</type>
        <actionCode>Intro-H</actionCode>
      </item>
      <item>
        <text>Introduced in House</text>
        <links />
        <actionDate>2017-07-19</actionDate>
        <committee />
        <sourceSystem>
          <name>Library of Congress</name>
          <code>9</code>
        </sourceSystem>
        <type>IntroReferral</type>
        <actionCode>1000</actionCode>
      </item>
      <actionByCounts>
        <houseOfRepresentatives>4</houseOfRepresentatives>
      </actionByCounts>
    </actions>
    <createDate>2017-07-20T03:11:30Z</createDate>
    <version>1.0.0</version>
    <notes />
    <latestAction>
      <actionDate>2017-07-24</actionDate>
      <text>Referred to the Subcommittee on Federal Lands.</text>
      <links />
    </latestAction>
    <title>Requesting the Secretary of the Interior to recognize the rich history of the logging industry and the importance of lumberjack sports by adding the Lumberjack Bowl to the National Register of Historic Places.</title>
    <summaries>
      <billSummaries>
        <item>
          <versionCode>00</versionCode>
          <text><![CDATA[<p>Recognizes the importance of lumberjack sports to the culture and economy of Wisconsin.</p> <p>Supports the growth of lumberjack sports around the United States.</p> <p>Requests that the Department of the Interior add the Lumberjack Bowl, the site of the Lumberjack World Championships, to the National Register of Historic Places.</p> <ul> </ul>]]></text>
          <actionDesc>Introduced in House</actionDesc>
          <actionDate>2017-07-19</actionDate>
          <lastSummaryUpdateDate>2017-10-30T19:46:11Z</lastSummaryUpdateDate>
          <name>Introduced in House</name>
          <updateDate>2017-07-19T04:00:00Z</updateDate>
        </item>
      </billSummaries>
    </summaries>
    <congress>115</congress>
    <policyArea>
      <name>Sports and Recreation</name>
    </policyArea>
    <billNumber>460</billNumber>
    <calendarNumbers />
    <cboCostEstimates />
    <introducedDate>2017-07-19</introducedDate>
    <relatedBills />
    <committees>
      <billCommittees>
        <item>
          <chamber>House</chamber>
          <name>Natural Resources Committee</name>
          <systemCode>hsii00</systemCode>
          <type>Standing</type>
          <subcommittees>
            <item>
              <systemCode>hsii10</systemCode>
              <name>Federal Lands Subcommittee</name>
              <activities>
                <item>
                  <name>Referred to</name>
                  <date>2017-07-24T19:03:51Z</date>
                </item>
              </activities>
            </item>
          </subcommittees>
          <activities>
            <item>
              <name>Referred to</name>
              <date>2017-07-19T14:03:10Z</date>
            </item>
          </activities>
        </item>
      </billCommittees>
    </committees>
    <titles>
      <item>
        <chamberCode />
        <chamberName />
        <parentTitleType />
        <titleType>Official Title as Introduced</titleType>
        <title>Requesting the Secretary of the Interior to recognize the rich history of the logging industry and the importance of lumberjack sports by adding the Lumberjack Bowl to the National Register of Historic Places.</title>
      </item>
      <item>
        <chamberCode />
        <chamberName />
        <parentTitleType />
        <titleType>Display Title</titleType>
        <title>Requesting the Secretary of the Interior to recognize the rich history of the logging industry and the importance of lumberjack sports by adding the Lumberjack Bowl to the National Register of Historic Places.</title>
      </item>
    </titles>
    <sponsors>
      <item>
        <fullName>Rep. Duffy, Sean P. [R-WI-7]</fullName>
        <middleName>P.</middleName>
        <district>7</district>
        <byRequestType />
        <firstName>Sean</firstName>
        <bioguideId>D000614</bioguideId>
        <state>WI</state>
        <party>R</party>
        <lastName>Duffy</lastName>
        <identifiers>
          <lisID>2072</lisID>
          <bioguideId>D000614</bioguideId>
          <gpoId>8220</gpoId>
        </identifiers>
      </item>
    </sponsors>
    <updateDate>2018-02-06T16:39:54Z</updateDate>
    <amendments />
  </bill>
  <dublinCore xmlns:dc="http://purl.org/dc/elements/1.1/">
    <dc:format>text/xml</dc:format>
    <dc:language>EN</dc:language>
    <dc:rights>Pursuant to Title 17 Section 105 of the United States Code, this file is not subject to copyright protection and is in the public domain.</dc:rights>
    <dc:contributor>Congressional Research Service, Library of Congress</dc:contributor>
    <dc:description>This file contains bill summaries and statuses for federal legislation. A bill summary describes the most significant provisions of a piece of legislation and details the effects the legislative text may have on current law and federal programs. Bill summaries are authored by the Congressional Research Service (CRS) of the Library of Congress. As stated in Public Law 91-510 (2 USC 166 (d)(6)), one of the duties of CRS is "to prepare summaries and digests of bills and resolutions of a public general nature introduced in the Senate or House of Representatives". For more information, refer to the User Guide that accompanies this file.</dc:description>
  </dublinCore>
</billStatus>

