<?xml version="1.0" encoding="UTF-8"?>
<billStatus>
  <bill>
    <cosponsors>
      <item>
        <identifiers>
          <bioguideId>L000554</bioguideId>
          <lisID>699</lisID>
          <gpoId>8044</gpoId>
        </identifiers>
        <sponsorshipDate>2017-02-16</sponsorshipDate>
        <district>2</district>
        <middleName>A.</middleName>
        <sponsorshipWithdrawnDate />
        <fullName>Rep. LoBiondo, Frank A. [R-NJ-2]</fullName>
        <party>R</party>
        <firstName>FRANK</firstName>
        <isOriginalCosponsor>True</isOriginalCosponsor>
        <lastName>LOBIONDO</lastName>
        <state>NJ</state>
        <bioguideId>L000554</bioguideId>
      </item>
      <item>
        <identifiers>
          <bioguideId>L000560</bioguideId>
          <gpoId>8206</gpoId>
          <lisID>1675</lisID>
        </identifiers>
        <sponsorshipDate>2017-02-16</sponsorshipDate>
        <district>2</district>
        <middleName />
        <sponsorshipWithdrawnDate />
        <fullName>Rep. Larsen, Rick [D-WA-2]</fullName>
        <party>D</party>
        <firstName>RICK</firstName>
        <isOriginalCosponsor>True</isOriginalCosponsor>
        <lastName>LARSEN</lastName>
        <state>WA</state>
        <bioguideId>L000560</bioguideId>
      </item>
    </cosponsors>
    <congress>115</congress>
    <committees>
      <billCommittees>
        <item>
          <systemCode>hspw00</systemCode>
          <chamber>House</chamber>
          <type>Standing</type>
          <activities>
            <item>
              <name>Referred to</name>
              <date>2017-02-16T15:14:15Z</date>
            </item>
          </activities>
          <name>Transportation and Infrastructure Committee</name>
          <subcommittees>
            <item>
              <systemCode>hspw05</systemCode>
              <name>Aviation Subcommittee</name>
              <activities>
                <item>
                  <name>Referred to</name>
                  <date>2017-02-17T22:00:43Z</date>
                </item>
              </activities>
            </item>
          </subcommittees>
        </item>
      </billCommittees>
    </committees>
    <constitutionalAuthorityStatementText />
    <laws />
    <titles>
      <item>
        <title>Recognizing the 40th anniversary of the founding of the Professional Aviation Safety Specialists.</title>
        <titleType>Official Title as Introduced</titleType>
        <parentTitleType />
        <chamberCode />
        <chamberName />
      </item>
      <item>
        <title>Recognizing the 40th anniversary of the founding of the Professional Aviation Safety Specialists.</title>
        <titleType>Display Title</titleType>
        <parentTitleType />
        <chamberCode />
        <chamberName />
      </item>
    </titles>
    <billType>HRES</billType>
    <amendments />
    <recordedVotes />
    <actions>
      <actionByCounts>
        <houseOfRepresentatives>4</houseOfRepresentatives>
      </actionByCounts>
      <actionTypeCounts>
        <introducedInTheHouse>1</introducedInTheHouse>
        <billReferrals>1</billReferrals>
        <placeholderTextForH>1</placeholderTextForH>
        <introducedInHouse>1</introducedInHouse>
      </actionTypeCounts>
      <item>
        <actionDate>2017-02-17</actionDate>
        <committee>
          <systemCode>hspw05</systemCode>
          <name>Aviation Subcommittee</name>
        </committee>
        <links />
        <sourceSystem>
          <name>House committee actions</name>
          <code>1</code>
        </sourceSystem>
        <text>Referred to the Subcommittee on Aviation.</text>
        <type>Committee</type>
      </item>
      <item>
        <actionDate>2017-02-16</actionDate>
        <text>Referred to the House Committee on Transportation and Infrastructure.</text>
        <sourceSystem>
          <name>House floor actions</name>
          <code>2</code>
        </sourceSystem>
        <committee>
          <systemCode>hspw00</systemCode>
          <name>Transportation and Infrastructure Committee</name>
        </committee>
        <links />
        <actionCode>H11100</actionCode>
        <type>IntroReferral</type>
      </item>
      <item>
        <actionDate>2017-02-16</actionDate>
        <text>Introduced in House</text>
        <sourceSystem>
          <name>Library of Congress</name>
          <code>9</code>
        </sourceSystem>
        <committee />
        <links />
        <actionCode>Intro-H</actionCode>
        <type>IntroReferral</type>
      </item>
      <item>
        <actionDate>2017-02-16</actionDate>
        <text>Introduced in House</text>
        <sourceSystem>
          <name>Library of Congress</name>
          <code>9</code>
        </sourceSystem>
        <committee />
        <links />
        <actionCode>1000</actionCode>
        <type>IntroReferral</type>
      </item>
    </actions>
    <introducedDate>2017-02-16</introducedDate>
    <relatedBills />
    <committeeReports />
    <calendarNumbers />
    <billNumber>138</billNumber>
    <summaries>
      <billSummaries>
        <item>
          <versionCode>00</versionCode>
          <actionDate>2017-02-16</actionDate>
          <updateDate>2017-02-16T05:00:00Z</updateDate>
          <text><![CDATA[<p>Recognizes: (1) the 40th anniversary of the Professional Aviation Safety Specialists (PASS), and (2) the important contributions that the public servants represented by PASS make daily to ensure the safety and efficiency of the nation's aviation system.</p>]]></text>
          <actionDesc>Introduced in House</actionDesc>
          <name>Introduced in House</name>
          <lastSummaryUpdateDate>2017-04-24T19:39:59Z</lastSummaryUpdateDate>
        </item>
      </billSummaries>
    </summaries>
    <cboCostEstimates />
    <updateDate>2018-02-06T16:39:36Z</updateDate>
    <policyArea>
      <name>Transportation and Public Works</name>
    </policyArea>
    <latestAction>
      <text>Referred to the Subcommittee on Aviation.</text>
      <actionDate>2017-02-17</actionDate>
      <links />
    </latestAction>
    <version>1.0.0</version>
    <subjects>
      <billSubjects>
        <legislativeSubjects>
          <item>
            <name>Aviation and airports</name>
          </item>
          <item>
            <name>Commemorative events and holidays</name>
          </item>
          <item>
            <name>Congressional tributes</name>
          </item>
          <item>
            <name>Transportation employees</name>
          </item>
          <item>
            <name>Transportation safety and security</name>
          </item>
        </legislativeSubjects>
        <policyArea>
          <name>Transportation and Public Works</name>
        </policyArea>
      </billSubjects>
    </subjects>
    <title>Recognizing the 40th anniversary of the founding of the Professional Aviation Safety Specialists.</title>
    <originChamber>House</originChamber>
    <sponsors>
      <item>
        <byRequestType />
        <district>4</district>
        <party>D</party>
        <fullName>Rep. DeFazio, Peter A. [D-OR-4]</fullName>
        <lastName>DEFAZIO</lastName>
        <state>OR</state>
        <bioguideId>D000191</bioguideId>
        <middleName>A.</middleName>
        <firstName>PETER</firstName>
        <identifiers>
          <bioguideId>D000191</bioguideId>
          <lisID>279</lisID>
          <gpoId>8117</gpoId>
        </identifiers>
      </item>
    </sponsors>
    <notes />
    <createDate>2017-02-17T04:46:07Z</createDate>
  </bill>
  <dublinCore xmlns:dc="http://purl.org/dc/elements/1.1/">
    <dc:format>text/xml</dc:format>
    <dc:language>EN</dc:language>
    <dc:rights>Pursuant to Title 17 Section 105 of the United States Code, this file is not subject to copyright protection and is in the public domain.</dc:rights>
    <dc:contributor>Congressional Research Service, Library of Congress</dc:contributor>
    <dc:description>This file contains bill summaries and statuses for federal legislation. A bill summary describes the most significant provisions of a piece of legislation and details the effects the legislative text may have on current law and federal programs. Bill summaries are authored by the Congressional Research Service (CRS) of the Library of Congress. As stated in Public Law 91-510 (2 USC 166 (d)(6)), one of the duties of CRS is "to prepare summaries and digests of bills and resolutions of a public general nature introduced in the Senate or House of Representatives". For more information, refer to the User Guide that accompanies this file.</dc:description>
  </dublinCore>
</billStatus>

