<?xml version="1.0" encoding="UTF-8"?>
<billStatus>
  <bill>
    <sponsors>
      <item>
        <fullName>Rep. Garamendi, John [D-CA-3]</fullName>
        <lastName>Garamendi</lastName>
        <bioguideId>G000559</bioguideId>
        <party>D</party>
        <middleName />
        <state>CA</state>
        <firstName>John</firstName>
        <district>3</district>
        <byRequestType />
        <identifiers>
          <bioguideId>G000559</bioguideId>
          <lisID>1973</lisID>
          <gpoId>7815</gpoId>
        </identifiers>
      </item>
    </sponsors>
    <laws />
    <version>1.0.0</version>
    <introducedDate>2017-03-10</introducedDate>
    <cboCostEstimates />
    <titles>
      <item>
        <titleType>Official Title as Introduced</titleType>
        <parentTitleType />
        <chamberName />
        <title>Recognizing the historic, cultural, and religious significance of the festival of Vaisakhi, and for other purposes.</title>
        <chamberCode />
      </item>
      <item>
        <titleType>Display Title</titleType>
        <parentTitleType />
        <chamberName />
        <title>Recognizing the historic, cultural, and religious significance of the festival of Vaisakhi, and for other purposes.</title>
        <chamberCode />
      </item>
    </titles>
    <amendments />
    <recordedVotes />
    <relatedBills />
    <constitutionalAuthorityStatementText />
    <billType>HRES</billType>
    <actions>
      <actionByCounts>
        <houseOfRepresentatives>3</houseOfRepresentatives>
      </actionByCounts>
      <item>
        <text>Referred to the House Committee on Oversight and Government Reform.</text>
        <type>IntroReferral</type>
        <sourceSystem>
          <name>House floor actions</name>
          <code>2</code>
        </sourceSystem>
        <committee>
          <name>Oversight and Government Reform Committee</name>
          <systemCode>hsgo00</systemCode>
        </committee>
        <actionCode>H11100</actionCode>
        <actionDate>2017-03-10</actionDate>
        <links />
      </item>
      <item>
        <text>Introduced in House</text>
        <type>IntroReferral</type>
        <sourceSystem>
          <name>Library of Congress</name>
          <code>9</code>
        </sourceSystem>
        <committee />
        <actionCode>Intro-H</actionCode>
        <actionDate>2017-03-10</actionDate>
        <links />
      </item>
      <item>
        <text>Introduced in House</text>
        <type>IntroReferral</type>
        <sourceSystem>
          <name>Library of Congress</name>
          <code>9</code>
        </sourceSystem>
        <committee />
        <actionCode>1000</actionCode>
        <actionDate>2017-03-10</actionDate>
        <links />
      </item>
      <actionTypeCounts>
        <introducedInHouse>1</introducedInHouse>
        <billReferrals>1</billReferrals>
        <introducedInTheHouse>1</introducedInTheHouse>
      </actionTypeCounts>
    </actions>
    <notes />
    <originChamber>House</originChamber>
    <congress>115</congress>
    <subjects>
      <billSubjects>
        <legislativeSubjects>
          <item>
            <name>Commemorative events and holidays</name>
          </item>
          <item>
            <name>Religion</name>
          </item>
          <item>
            <name>South Asia</name>
          </item>
        </legislativeSubjects>
        <policyArea>
          <name>Arts, Culture, Religion</name>
        </policyArea>
      </billSubjects>
    </subjects>
    <billNumber>189</billNumber>
    <cosponsors>
      <item>
        <isOriginalCosponsor>True</isOriginalCosponsor>
        <middleName />
        <sponsorshipDate>2017-03-10</sponsorshipDate>
        <firstName>Patrick</firstName>
        <party>R</party>
        <identifiers>
          <lisID>2052</lisID>
          <bioguideId>M001181</bioguideId>
          <gpoId>8125</gpoId>
        </identifiers>
        <district>7</district>
        <sponsorshipWithdrawnDate />
        <fullName>Rep. Meehan, Patrick [R-PA-7]</fullName>
        <bioguideId>M001181</bioguideId>
        <lastName>Meehan</lastName>
        <state>PA</state>
      </item>
      <item>
        <isOriginalCosponsor>True</isOriginalCosponsor>
        <middleName />
        <sponsorshipDate>2017-03-10</sponsorshipDate>
        <firstName>Judy</firstName>
        <party>D</party>
        <identifiers>
          <bioguideId>C001080</bioguideId>
          <gpoId>7837</gpoId>
          <lisID>1970</lisID>
        </identifiers>
        <district>27</district>
        <sponsorshipWithdrawnDate />
        <fullName>Rep. Chu, Judy [D-CA-27]</fullName>
        <bioguideId>C001080</bioguideId>
        <lastName>Chu</lastName>
        <state>CA</state>
      </item>
      <item>
        <isOriginalCosponsor>True</isOriginalCosponsor>
        <middleName>G.</middleName>
        <sponsorshipDate>2017-03-10</sponsorshipDate>
        <firstName>David</firstName>
        <party>R</party>
        <identifiers>
          <lisID>2105</lisID>
          <gpoId />
          <bioguideId>V000129</bioguideId>
        </identifiers>
        <district>21</district>
        <sponsorshipWithdrawnDate />
        <fullName>Rep. Valadao, David G. [R-CA-21]</fullName>
        <bioguideId>V000129</bioguideId>
        <lastName>Valadao</lastName>
        <state>CA</state>
      </item>
      <item>
        <isOriginalCosponsor>False</isOriginalCosponsor>
        <middleName />
        <sponsorshipDate>2017-04-06</sponsorshipDate>
        <firstName>Jim</firstName>
        <party>D</party>
        <identifiers>
          <bioguideId>C001059</bioguideId>
          <lisID>1774</lisID>
          <gpoId>7825</gpoId>
        </identifiers>
        <district>16</district>
        <sponsorshipWithdrawnDate />
        <fullName>Rep. Costa, Jim [D-CA-16]</fullName>
        <bioguideId>C001059</bioguideId>
        <lastName>Costa</lastName>
        <state>CA</state>
      </item>
      <item>
        <isOriginalCosponsor>False</isOriginalCosponsor>
        <middleName />
        <sponsorshipDate>2017-04-06</sponsorshipDate>
        <firstName>FRANK</firstName>
        <party>D</party>
        <identifiers>
          <bioguideId>P000034</bioguideId>
          <lisID>887</lisID>
          <gpoId>8048</gpoId>
        </identifiers>
        <district>6</district>
        <sponsorshipWithdrawnDate />
        <fullName>Rep. Pallone, Frank, Jr. [D-NJ-6]</fullName>
        <bioguideId>P000034</bioguideId>
        <lastName>PALLONE</lastName>
        <state>NJ</state>
      </item>
      <item>
        <isOriginalCosponsor>False</isOriginalCosponsor>
        <middleName />
        <sponsorshipDate>2017-04-06</sponsorshipDate>
        <firstName>Tom</firstName>
        <party>R</party>
        <identifiers>
          <lisID>1908</lisID>
          <bioguideId>M001177</bioguideId>
          <gpoId>7809</gpoId>
        </identifiers>
        <district>4</district>
        <sponsorshipWithdrawnDate />
        <fullName>Rep. McClintock, Tom [R-CA-4]</fullName>
        <bioguideId>M001177</bioguideId>
        <lastName>McClintock</lastName>
        <state>CA</state>
      </item>
      <item>
        <isOriginalCosponsor>False</isOriginalCosponsor>
        <middleName>M.</middleName>
        <sponsorshipDate>2017-04-06</sponsorshipDate>
        <firstName>Raul</firstName>
        <party>D</party>
        <identifiers>
          <bioguideId>G000551</bioguideId>
          <gpoId>7804</gpoId>
          <lisID>1708</lisID>
        </identifiers>
        <district>3</district>
        <sponsorshipWithdrawnDate />
        <fullName>Rep. Grijalva, Raul M. [D-AZ-3]</fullName>
        <bioguideId>G000551</bioguideId>
        <lastName>Grijalva</lastName>
        <state>AZ</state>
      </item>
      <item>
        <isOriginalCosponsor>False</isOriginalCosponsor>
        <middleName />
        <sponsorshipDate>2017-04-06</sponsorshipDate>
        <firstName>Barbara</firstName>
        <party>R</party>
        <identifiers>
          <lisID>2273</lisID>
          <bioguideId>C001105</bioguideId>
          <gpoId />
        </identifiers>
        <district>10</district>
        <sponsorshipWithdrawnDate />
        <fullName>Rep. Comstock, Barbara [R-VA-10]</fullName>
        <bioguideId>C001105</bioguideId>
        <lastName>Comstock</lastName>
        <state>VA</state>
      </item>
      <item>
        <isOriginalCosponsor>False</isOriginalCosponsor>
        <middleName />
        <sponsorshipDate>2017-04-06</sponsorshipDate>
        <firstName>Mark</firstName>
        <party>D</party>
        <identifiers>
          <lisID>2227</lisID>
          <bioguideId>D000623</bioguideId>
          <gpoId />
        </identifiers>
        <district>11</district>
        <sponsorshipWithdrawnDate />
        <fullName>Rep. DeSaulnier, Mark [D-CA-11]</fullName>
        <bioguideId>D000623</bioguideId>
        <lastName>DeSaulnier</lastName>
        <state>CA</state>
      </item>
      <item>
        <isOriginalCosponsor>False</isOriginalCosponsor>
        <middleName />
        <sponsorshipDate>2017-04-06</sponsorshipDate>
        <firstName>ZOE</firstName>
        <party>D</party>
        <identifiers>
          <lisID>701</lisID>
          <bioguideId>L000397</bioguideId>
          <gpoId>7821</gpoId>
        </identifiers>
        <district>19</district>
        <sponsorshipWithdrawnDate />
        <fullName>Rep. Lofgren, Zoe [D-CA-19]</fullName>
        <bioguideId>L000397</bioguideId>
        <lastName>LOFGREN</lastName>
        <state>CA</state>
      </item>
      <item>
        <isOriginalCosponsor>False</isOriginalCosponsor>
        <middleName>C. "Hank"</middleName>
        <sponsorshipDate>2017-04-06</sponsorshipDate>
        <firstName>Henry</firstName>
        <party>D</party>
        <identifiers>
          <lisID>1843</lisID>
          <bioguideId>J000288</bioguideId>
          <gpoId>7901</gpoId>
        </identifiers>
        <district>4</district>
        <sponsorshipWithdrawnDate />
        <fullName>Rep. Johnson, Henry C. "Hank," Jr. [D-GA-4]</fullName>
        <bioguideId>J000288</bioguideId>
        <lastName>Johnson</lastName>
        <state>GA</state>
      </item>
      <item>
        <isOriginalCosponsor>False</isOriginalCosponsor>
        <middleName />
        <sponsorshipDate>2017-04-06</sponsorshipDate>
        <firstName>BARBARA</firstName>
        <party>D</party>
        <identifiers>
          <lisID>1501</lisID>
          <gpoId>7814</gpoId>
          <bioguideId>L000551</bioguideId>
        </identifiers>
        <district>13</district>
        <sponsorshipWithdrawnDate />
        <fullName>Rep. Lee, Barbara [D-CA-13]</fullName>
        <bioguideId>L000551</bioguideId>
        <lastName>LEE</lastName>
        <state>CA</state>
      </item>
      <item>
        <isOriginalCosponsor>False</isOriginalCosponsor>
        <middleName />
        <sponsorshipDate>2017-12-05</sponsorshipDate>
        <firstName>BRAD</firstName>
        <party>D</party>
        <identifiers>
          <lisID>1526</lisID>
          <gpoId>7832</gpoId>
          <bioguideId>S000344</bioguideId>
        </identifiers>
        <district>30</district>
        <sponsorshipWithdrawnDate />
        <fullName>Rep. Sherman, Brad [D-CA-30]</fullName>
        <bioguideId>S000344</bioguideId>
        <lastName>SHERMAN</lastName>
        <state>CA</state>
      </item>
    </cosponsors>
    <summaries>
      <billSummaries>
        <item>
          <text><![CDATA[<p>Recognizes the historic, cultural, and religious significance of the festival of Vaisakhi and its significance to Sikh communities in the United States and around the world.</p> <p>Expresses respect for all communities that celebrate Vaisakhi.</p>]]></text>
          <versionCode>00</versionCode>
          <actionDate>2017-03-10</actionDate>
          <name>Introduced in House</name>
          <actionDesc>Introduced in House</actionDesc>
          <lastSummaryUpdateDate>2017-04-07T19:32:36Z</lastSummaryUpdateDate>
          <updateDate>2017-03-10T05:00:00Z</updateDate>
        </item>
      </billSummaries>
    </summaries>
    <policyArea>
      <name>Arts, Culture, Religion</name>
    </policyArea>
    <latestAction>
      <links />
      <actionDate>2017-03-10</actionDate>
      <text>Referred to the House Committee on Oversight and Government Reform.</text>
    </latestAction>
    <updateDate>2018-02-06T16:39:39Z</updateDate>
    <committees>
      <billCommittees>
        <item>
          <chamber>House</chamber>
          <name>Oversight and Government Reform Committee</name>
          <systemCode>hsgo00</systemCode>
          <activities>
            <item>
              <date>2017-03-10T14:00:30Z</date>
              <name>Referred to</name>
            </item>
          </activities>
          <type>Standing</type>
          <subcommittees />
        </item>
      </billCommittees>
    </committees>
    <createDate>2017-03-11T04:50:57Z</createDate>
    <title>Recognizing the historic, cultural, and religious significance of the festival of Vaisakhi, and for other purposes.</title>
    <committeeReports />
    <calendarNumbers />
  </bill>
  <dublinCore xmlns:dc="http://purl.org/dc/elements/1.1/">
    <dc:format>text/xml</dc:format>
    <dc:language>EN</dc:language>
    <dc:rights>Pursuant to Title 17 Section 105 of the United States Code, this file is not subject to copyright protection and is in the public domain.</dc:rights>
    <dc:contributor>Congressional Research Service, Library of Congress</dc:contributor>
    <dc:description>This file contains bill summaries and statuses for federal legislation. A bill summary describes the most significant provisions of a piece of legislation and details the effects the legislative text may have on current law and federal programs. Bill summaries are authored by the Congressional Research Service (CRS) of the Library of Congress. As stated in Public Law 91-510 (2 USC 166 (d)(6)), one of the duties of CRS is "to prepare summaries and digests of bills and resolutions of a public general nature introduced in the Senate or House of Representatives". For more information, refer to the User Guide that accompanies this file.</dc:description>
  </dublinCore>
</billStatus>

