<?xml version="1.0" encoding="UTF-8"?>
<billStatus>
  <bill>
    <sponsors>
      <item>
        <fullName>Rep. Nunes, Devin [R-CA-22]</fullName>
        <lastName>Nunes</lastName>
        <bioguideId>N000181</bioguideId>
        <party>R</party>
        <middleName />
        <state>CA</state>
        <firstName>Devin</firstName>
        <district>22</district>
        <byRequestType />
        <identifiers>
          <bioguideId>N000181</bioguideId>
          <lisID>1710</lisID>
          <gpoId>7826</gpoId>
        </identifiers>
      </item>
    </sponsors>
    <laws />
    <version>1.0.0</version>
    <introducedDate>2017-02-07</introducedDate>
    <cboCostEstimates />
    <titles>
      <item>
        <chamberCode />
        <title>Providing amounts for the expenses of the Permanent Select Committee on Intelligence in the One Hundred Fifteenth Congress.</title>
        <titleType>Official Title as Introduced</titleType>
        <parentTitleType />
        <chamberName />
      </item>
      <item>
        <chamberCode />
        <title>Providing amounts for the expenses of the Permanent Select Committee on Intelligence in the One Hundred Fifteenth Congress.</title>
        <titleType>Display Title</titleType>
        <parentTitleType />
        <chamberName />
      </item>
    </titles>
    <amendments />
    <recordedVotes />
    <relatedBills>
      <item>
        <type>HRES</type>
        <latestAction>
          <text>Referred to the House Committee on House Administration.</text>
          <actionDate>2017-01-31</actionDate>
        </latestAction>
        <latestTitle>Providing amounts for the expenses of the Permanent Select Committee on Intelligence in the One Hundred Fifteenth Congress.</latestTitle>
        <relationshipDetails>
          <item>
            <type>Related bill</type>
            <identifiedBy>CRS</identifiedBy>
          </item>
        </relationshipDetails>
        <congress>115</congress>
        <number>76</number>
      </item>
    </relatedBills>
    <constitutionalAuthorityStatementText />
    <billType>HRES</billType>
    <actions>
      <actionTypeCounts>
        <introducedInTheHouse>1</introducedInTheHouse>
        <billReferrals>1</billReferrals>
        <introducedInHouse>1</introducedInHouse>
      </actionTypeCounts>
      <item>
        <type>IntroReferral</type>
        <links />
        <text>Referred to the House Committee on House Administration.</text>
        <committee>
          <systemCode>hsha00</systemCode>
          <name>House Administration Committee</name>
        </committee>
        <actionDate>2017-02-07</actionDate>
        <sourceSystem>
          <name>House floor actions</name>
          <code>2</code>
        </sourceSystem>
        <actionCode>H11100</actionCode>
      </item>
      <item>
        <type>IntroReferral</type>
        <links />
        <text>Introduced in House</text>
        <committee />
        <actionDate>2017-02-07</actionDate>
        <sourceSystem>
          <name>Library of Congress</name>
          <code>9</code>
        </sourceSystem>
        <actionCode>Intro-H</actionCode>
      </item>
      <item>
        <type>IntroReferral</type>
        <links />
        <text>Introduced in House</text>
        <committee />
        <actionDate>2017-02-07</actionDate>
        <sourceSystem>
          <name>Library of Congress</name>
          <code>9</code>
        </sourceSystem>
        <actionCode>1000</actionCode>
      </item>
      <actionByCounts>
        <houseOfRepresentatives>3</houseOfRepresentatives>
      </actionByCounts>
    </actions>
    <notes />
    <originChamber>House</originChamber>
    <congress>115</congress>
    <subjects>
      <billSubjects>
        <legislativeSubjects>
          <item>
            <name>Congressional committees</name>
          </item>
          <item>
            <name>House Permanent Select Committee on Intelligence</name>
          </item>
        </legislativeSubjects>
        <policyArea>
          <name>Congress</name>
        </policyArea>
      </billSubjects>
    </subjects>
    <billNumber>106</billNumber>
    <cosponsors>
      <item>
        <district>28</district>
        <sponsorshipWithdrawnDate />
        <party>D</party>
        <fullName>Rep. Schiff, Adam B. [D-CA-28]</fullName>
        <sponsorshipDate>2017-02-07</sponsorshipDate>
        <bioguideId>S001150</bioguideId>
        <middleName>B.</middleName>
        <identifiers>
          <bioguideId>S001150</bioguideId>
          <lisID>1635</lisID>
          <gpoId>7834</gpoId>
        </identifiers>
        <lastName>SCHIFF</lastName>
        <isOriginalCosponsor>True</isOriginalCosponsor>
        <firstName>ADAM</firstName>
        <state>CA</state>
      </item>
    </cosponsors>
    <summaries>
      <billSummaries>
        <item>
          <text><![CDATA[<p>Provides amounts for expenses of the House Permanent Select Committee on Intelligence for the 115th Congress.</p>]]></text>
          <actionDate>2017-02-07</actionDate>
          <updateDate>2017-02-07T05:00:00Z</updateDate>
          <lastSummaryUpdateDate>2017-03-11T16:59:37Z</lastSummaryUpdateDate>
          <name>Introduced in House</name>
          <actionDesc>Introduced in House</actionDesc>
          <versionCode>00</versionCode>
        </item>
      </billSummaries>
    </summaries>
    <policyArea>
      <name>Congress</name>
    </policyArea>
    <latestAction>
      <links />
      <actionDate>2017-02-07</actionDate>
      <text>Referred to the House Committee on House Administration.</text>
    </latestAction>
    <updateDate>2018-02-06T16:39:35Z</updateDate>
    <committees>
      <billCommittees>
        <item>
          <chamber>House</chamber>
          <subcommittees />
          <type>Standing</type>
          <activities>
            <item>
              <date>2017-02-07T15:07:35Z</date>
              <name>Referred to</name>
            </item>
          </activities>
          <systemCode>hsha00</systemCode>
          <name>House Administration Committee</name>
        </item>
      </billCommittees>
    </committees>
    <createDate>2017-02-08T04:45:55Z</createDate>
    <title>Providing amounts for the expenses of the Permanent Select Committee on Intelligence in the One Hundred Fifteenth Congress.</title>
    <committeeReports />
    <calendarNumbers />
  </bill>
  <dublinCore xmlns:dc="http://purl.org/dc/elements/1.1/">
    <dc:format>text/xml</dc:format>
    <dc:language>EN</dc:language>
    <dc:rights>Pursuant to Title 17 Section 105 of the United States Code, this file is not subject to copyright protection and is in the public domain.</dc:rights>
    <dc:contributor>Congressional Research Service, Library of Congress</dc:contributor>
    <dc:description>This file contains bill summaries and statuses for federal legislation. A bill summary describes the most significant provisions of a piece of legislation and details the effects the legislative text may have on current law and federal programs. Bill summaries are authored by the Congressional Research Service (CRS) of the Library of Congress. As stated in Public Law 91-510 (2 USC 166 (d)(6)), one of the duties of CRS is "to prepare summaries and digests of bills and resolutions of a public general nature introduced in the Senate or House of Representatives". For more information, refer to the User Guide that accompanies this file.</dc:description>
  </dublinCore>
</billStatus>

