<?xml version="1.0" encoding="UTF-8"?>
<billStatus>
  <bill>
    <createDate>2017-07-25T03:11:31Z</createDate>
    <billNumber>468</billNumber>
    <originChamber>House</originChamber>
    <cosponsors />
    <constitutionalAuthorityStatementText />
    <version>1.0.0</version>
    <laws />
    <sponsors>
      <item>
        <fullName>Rep. Buck, Ken [R-CO-4]</fullName>
        <party>R</party>
        <bioguideId>B001297</bioguideId>
        <lastName>Buck</lastName>
        <middleName />
        <identifiers>
          <bioguideId>B001297</bioguideId>
          <gpoId />
          <lisID>2233</lisID>
        </identifiers>
        <firstName>Ken</firstName>
        <state>CO</state>
        <byRequestType />
        <district>4</district>
      </item>
    </sponsors>
    <committeeReports>
      <committeeReport>
        <citation>H. Rept. 115-252</citation>
      </committeeReport>
    </committeeReports>
    <notes />
    <summaries>
      <billSummaries>
        <item>
          <actionDate>2017-07-24</actionDate>
          <versionCode>00</versionCode>
          <text><![CDATA[Sets forth the rule for consideration of the joint resolution (H.J. Res. 111) providing for congressional disapproval under chapter 8 of title 5, United States Code, of the rule submitted by Bureau of Consumer Financial Protection relating to "Arbitration Agreements".]]></text>
          <name>Introduced in House</name>
          <actionDesc>Introduced in House</actionDesc>
          <lastSummaryUpdateDate>2017-07-25T08:06:08Z</lastSummaryUpdateDate>
          <updateDate>2017-07-24T04:00:00Z</updateDate>
        </item>
      </billSummaries>
    </summaries>
    <introducedDate>2017-07-24</introducedDate>
    <cboCostEstimates />
    <relatedBills>
      <item>
        <latestTitle>Providing for congressional disapproval under chapter 8 of title 5, United States Code, of the rule submitted by Bureau of Consumer Financial Protection relating to "Arbitration Agreements".</latestTitle>
        <type>HJRES</type>
        <relationshipDetails>
          <item>
            <type>Procedurally-related</type>
            <identifiedBy>House</identifiedBy>
          </item>
        </relationshipDetails>
        <latestAction>
          <text>Became Public Law No: 115-74.</text>
          <actionDate>2017-11-01</actionDate>
        </latestAction>
        <congress>115</congress>
        <number>111</number>
      </item>
    </relatedBills>
    <committees>
      <billCommittees>
        <item>
          <activities>
            <item>
              <date>2017-07-24T22:45:36Z</date>
              <name>Reported original measure</name>
            </item>
          </activities>
          <type>Standing</type>
          <systemCode>hsru00</systemCode>
          <name>Rules Committee</name>
          <subcommittees />
          <chamber>House</chamber>
        </item>
      </billCommittees>
    </committees>
    <subjects>
      <billSubjects>
        <legislativeSubjects>
          <item>
            <name>House of Representatives</name>
          </item>
          <item>
            <name>Legislative rules and procedure</name>
          </item>
        </legislativeSubjects>
        <policyArea>
          <name>Congress</name>
        </policyArea>
      </billSubjects>
    </subjects>
    <policyArea>
      <name>Congress</name>
    </policyArea>
    <recordedVotes>
      <recordedVote>
        <date>2017-07-25T17:38:41Z</date>
        <fullActionName>Passage of a Measure</fullActionName>
        <rollNumber>411</rollNumber>
        <url>http://clerk.house.gov/evs/2017/roll411.xml</url>
        <congress>115</congress>
        <chamber>House</chamber>
        <sessionNumber>1</sessionNumber>
      </recordedVote>
      <recordedVote>
        <date>2017-07-25T17:31:55Z</date>
        <fullActionName>Motion for Previous Question</fullActionName>
        <rollNumber>410</rollNumber>
        <url>http://clerk.house.gov/evs/2017/roll410.xml</url>
        <congress>115</congress>
        <chamber>House</chamber>
        <sessionNumber>1</sessionNumber>
      </recordedVote>
    </recordedVotes>
    <latestAction>
      <actionDate>2017-07-25</actionDate>
      <text>Motion to reconsider laid on the table Agreed to without objection.</text>
      <links />
      <actionTime>13:38:43</actionTime>
    </latestAction>
    <titles>
      <item>
        <titleType>Official Title as Introduced</titleType>
        <chamberName />
        <title>Providing for consideration of the joint resolution (H.J. Res. 111) providing for congressional disapproval under chapter 8 of title 5, United States Code, of the rule submitted by Bureau of Consumer Financial Protection relating to "Arbitration Agreements".</title>
        <chamberCode />
        <parentTitleType />
      </item>
      <item>
        <titleType>Display Title</titleType>
        <chamberName />
        <title>Providing for consideration of the joint resolution (H.J. Res. 111) providing for congressional disapproval under chapter 8 of title 5, United States Code, of the rule submitted by Bureau of Consumer Financial Protection relating to "Arbitration Agreements".</title>
        <chamberCode />
        <parentTitleType />
      </item>
    </titles>
    <amendments />
    <billType>HRES</billType>
    <calendarNumbers>
      <item>
        <calendar>H00067</calendar>
        <number />
      </item>
    </calendarNumbers>
    <title>Providing for consideration of the joint resolution (H.J. Res. 111) providing for congressional disapproval under chapter 8 of title 5, United States Code, of the rule submitted by Bureau of Consumer Financial Protection relating to "Arbitration Agreements".</title>
    <congress>115</congress>
    <updateDate>2018-02-22T15:26:52Z</updateDate>
    <actions>
      <actionTypeCounts>
        <passageOfAMeasure>1</passageOfAMeasure>
        <committeeReportOfAnOriginalMeasure>1</committeeReportOfAnOriginalMeasure>
        <motionForPreviousQuestion>1</motionForPreviousQuestion>
        <generalDebate>1</generalDebate>
        <motionToReconsiderResults>1</motionToReconsiderResults>
        <considerationByHouse>1</considerationByHouse>
        <houseCalendarAssignment>1</houseCalendarAssignment>
        <introducedInHouse>1</introducedInHouse>
        <provisionsOfARule>1</provisionsOfARule>
        <reportedToHouse>1</reportedToHouse>
        <passedAgreedToInHouse>1</passedAgreedToInHouse>
      </actionTypeCounts>
      <item>
        <sourceSystem>
          <code>2</code>
          <name>House floor actions</name>
        </sourceSystem>
        <actionTime>13:38:43</actionTime>
        <type>Floor</type>
        <actionDate>2017-07-25</actionDate>
        <links />
        <committee />
        <text>Motion to reconsider laid on the table Agreed to without objection.</text>
        <actionCode>H38310</actionCode>
      </item>
      <item>
        <sourceSystem>
          <code>2</code>
          <name>House floor actions</name>
        </sourceSystem>
        <actionTime>13:38:41</actionTime>
        <type>Floor</type>
        <actionDate>2017-07-25</actionDate>
        <links>
          <link>
            <url>https://www.congress.gov/congressional-record/volume-163/house-section/page/H6225</url>
            <name>H6225</name>
          </link>
          <link>
            <url>http://clerk.house.gov/evs/2017/roll411.xml</url>
            <name>Roll no. 411</name>
          </link>
        </links>
        <committee />
        <text>On agreeing to the resolution Agreed to by recorded vote: 233 - 188 (Roll no. 411). (text: CR H6225)</text>
        <actionCode>H37100</actionCode>
      </item>
      <item>
        <sourceSystem>
          <code>9</code>
          <name>Library of Congress</name>
        </sourceSystem>
        <actionTime>13:38:41</actionTime>
        <type>Floor</type>
        <actionDate>2017-07-25</actionDate>
        <links>
          <link>
            <url>http://clerk.house.gov/evs/2017/roll411.xml</url>
            <name>Roll no. 411</name>
          </link>
        </links>
        <committee />
        <text>Passed/agreed to in House: On agreeing to the resolution Agreed to by recorded vote: 233 - 188 (Roll no. 411).</text>
        <actionCode>8000</actionCode>
      </item>
      <item>
        <sourceSystem>
          <code>2</code>
          <name>House floor actions</name>
        </sourceSystem>
        <actionTime>13:31:55</actionTime>
        <type>Floor</type>
        <actionDate>2017-07-25</actionDate>
        <links>
          <link>
            <url>https://www.congress.gov/congressional-record/volume-163/house-section/page/H6232</url>
            <name>H6232</name>
          </link>
          <link>
            <url>http://clerk.house.gov/evs/2017/roll410.xml</url>
            <name>Roll no. 410</name>
          </link>
        </links>
        <committee />
        <text>On ordering the previous question Agreed to by the Yeas and Nays: 229 - 184 (Roll no. 410). (consideration: CR H6232)</text>
        <actionCode>H35000</actionCode>
      </item>
      <item>
        <sourceSystem>
          <code>2</code>
          <name>House floor actions</name>
        </sourceSystem>
        <actionTime>12:31:01</actionTime>
        <type>Floor</type>
        <actionDate>2017-07-25</actionDate>
        <links>
          <link>
            <url>https://www.congress.gov/bill/115th-congress/house-resolution/468</url>
            <name>H. Res. 468</name>
          </link>
        </links>
        <committee />
        <text>DEBATE - The House proceeded with one hour of debate on H. Res. 468.</text>
        <actionCode>H8D000</actionCode>
      </item>
      <item>
        <sourceSystem>
          <code>2</code>
          <name>House floor actions</name>
        </sourceSystem>
        <actionTime>12:30:02</actionTime>
        <type>Floor</type>
        <actionDate>2017-07-25</actionDate>
        <links>
          <link>
            <url>https://www.congress.gov/congressional-record/volume-163/house-section/page/H6225-6233</url>
            <name>H6225-6233</name>
          </link>
        </links>
        <committee />
        <text>Considered as privileged matter. (consideration: CR H6225-6233)</text>
        <actionCode>H30000</actionCode>
      </item>
      <item>
        <sourceSystem>
          <code>2</code>
          <name>House floor actions</name>
        </sourceSystem>
        <committee />
        <type>Calendars</type>
        <actionDate>2017-07-24</actionDate>
        <links />
        <text>Placed on the House Calendar, Calendar No. 67.</text>
        <actionCode>H12420</actionCode>
      </item>
      <item>
        <sourceSystem>
          <code>2</code>
          <name>House floor actions</name>
        </sourceSystem>
        <actionTime>18:45:37</actionTime>
        <type>Floor</type>
        <actionDate>2017-07-24</actionDate>
        <links>
          <link>
            <url>https://www.congress.gov/bill/115th-congress/house-joint-resolution/111</url>
            <name>H.J. Res. 111</name>
          </link>
        </links>
        <committee />
        <text>Rule provides for consideration of H.J. Res. 111 with 1 hour of general debate. Previous question shall be considered as ordered without intervening motions except motion to recommit. Measure will be considered read. Bill is closed to amendments.</text>
        <actionCode>H12700</actionCode>
      </item>
      <item>
        <sourceSystem>
          <code>2</code>
          <name>House floor actions</name>
        </sourceSystem>
        <committee>
          <systemCode>hsru00</systemCode>
          <name>Rules Committee</name>
        </committee>
        <type>Committee</type>
        <actionDate>2017-07-24</actionDate>
        <links>
          <link>
            <url>https://www.congress.gov/congressional-report/115th-congress/house-report/252</url>
            <name>H. Rept. 115-252</name>
          </link>
        </links>
        <text>The House Committee on Rules reported an original measure, H. Rept. 115-252, by Mr. Buck.</text>
        <actionCode>H12100</actionCode>
      </item>
      <item>
        <sourceSystem>
          <code>9</code>
          <name>Library of Congress</name>
        </sourceSystem>
        <committee>
          <systemCode>hsru00</systemCode>
          <name>Rules Committee</name>
        </committee>
        <type>Committee</type>
        <actionDate>2017-07-24</actionDate>
        <links>
          <link>
            <url>https://www.congress.gov/congressional-report/115th-congress/house-report/252</url>
            <name>H. Rept. 115-252</name>
          </link>
        </links>
        <text>The House Committee on Rules reported an original measure, H. Rept. 115-252, by Mr. Buck.</text>
        <actionCode>5000</actionCode>
      </item>
      <item>
        <sourceSystem>
          <code>9</code>
          <name>Library of Congress</name>
        </sourceSystem>
        <committee />
        <type>IntroReferral</type>
        <actionDate>2017-07-24</actionDate>
        <links />
        <text>Introduced in House</text>
        <actionCode>1000</actionCode>
      </item>
      <actionByCounts>
        <houseOfRepresentatives>11</houseOfRepresentatives>
      </actionByCounts>
    </actions>
  </bill>
  <dublinCore xmlns:dc="http://purl.org/dc/elements/1.1/">
    <dc:format>text/xml</dc:format>
    <dc:language>EN</dc:language>
    <dc:rights>Pursuant to Title 17 Section 105 of the United States Code, this file is not subject to copyright protection and is in the public domain.</dc:rights>
    <dc:contributor>Congressional Research Service, Library of Congress</dc:contributor>
    <dc:description>This file contains bill summaries and statuses for federal legislation. A bill summary describes the most significant provisions of a piece of legislation and details the effects the legislative text may have on current law and federal programs. Bill summaries are authored by the Congressional Research Service (CRS) of the Library of Congress. As stated in Public Law 91-510 (2 USC 166 (d)(6)), one of the duties of CRS is "to prepare summaries and digests of bills and resolutions of a public general nature introduced in the Senate or House of Representatives". For more information, refer to the User Guide that accompanies this file.</dc:description>
  </dublinCore>
</billStatus>

