<?xml version="1.0" encoding="UTF-8"?>
<billStatus>
  <bill>
    <billNumber>370</billNumber>
    <relatedBills />
    <originChamber>House</originChamber>
    <recordedVotes />
    <latestAction>
      <text>Referred to the House Committee on Rules.</text>
      <links />
      <actionDate>2017-05-26</actionDate>
    </latestAction>
    <createDate>2017-05-27T03:11:37Z</createDate>
    <title>Amending the Rules of the House of Representatives to require that a standing committee (or subcommittee thereof) hearing be held whenever there is a moment of silence in the House for a tragedy involving gun violence.</title>
    <summaries>
      <billSummaries>
        <item>
          <versionCode>00</versionCode>
          <actionDate>2017-05-26</actionDate>
          <updateDate>2017-05-26T04:00:00Z</updateDate>
          <text><![CDATA[<p>Amends Rule XI (Procedures of Committees and Unfinished Business) of the Rules of the House of Representatives. Requires the Speaker, whenever a moment of silence related to a tragedy in the United States or its territories involving gun violence occurs on the floor of the House, to announce on the next legislative day the standing committee (or subcommittee) designated to hold a hearing on the event.</p>]]></text>
          <actionDesc>Introduced in House</actionDesc>
          <name>Introduced in House</name>
          <lastSummaryUpdateDate>2017-06-06T21:45:49Z</lastSummaryUpdateDate>
        </item>
      </billSummaries>
    </summaries>
    <actions>
      <actionByCounts>
        <houseOfRepresentatives>3</houseOfRepresentatives>
      </actionByCounts>
      <actionTypeCounts>
        <introducedInTheHouse>1</introducedInTheHouse>
        <billReferrals>1</billReferrals>
        <introducedInHouse>1</introducedInHouse>
      </actionTypeCounts>
      <item>
        <sourceSystem>
          <name>House floor actions</name>
          <code>2</code>
        </sourceSystem>
        <actionDate>2017-05-26</actionDate>
        <text>Referred to the House Committee on Rules.</text>
        <type>IntroReferral</type>
        <links />
        <committee>
          <systemCode>hsru00</systemCode>
          <name>Rules Committee</name>
        </committee>
        <actionCode>H11100</actionCode>
      </item>
      <item>
        <sourceSystem>
          <name>Library of Congress</name>
          <code>9</code>
        </sourceSystem>
        <actionDate>2017-05-26</actionDate>
        <text>Introduced in House</text>
        <type>IntroReferral</type>
        <links />
        <committee />
        <actionCode>Intro-H</actionCode>
      </item>
      <item>
        <sourceSystem>
          <name>Library of Congress</name>
          <code>9</code>
        </sourceSystem>
        <actionDate>2017-05-26</actionDate>
        <text>Introduced in House</text>
        <type>IntroReferral</type>
        <links />
        <committee />
        <actionCode>1000</actionCode>
      </item>
    </actions>
    <updateDate>2018-02-06T16:39:49Z</updateDate>
    <amendments />
    <notes />
    <sponsors>
      <item>
        <bioguideId>C001097</bioguideId>
        <district>29</district>
        <middleName />
        <byRequestType />
        <firstName>Tony</firstName>
        <lastName>Cardenas</lastName>
        <state>CA</state>
        <party>D</party>
        <identifiers>
          <lisID>2107</lisID>
          <bioguideId>C001097</bioguideId>
          <gpoId />
        </identifiers>
        <fullName>Rep. Cardenas, Tony [D-CA-29]</fullName>
      </item>
    </sponsors>
    <committees>
      <billCommittees>
        <item>
          <subcommittees />
          <type>Standing</type>
          <systemCode>hsru00</systemCode>
          <activities>
            <item>
              <name>Referred to</name>
              <date>2017-05-26T14:02:00Z</date>
            </item>
          </activities>
          <name>Rules Committee</name>
          <chamber>House</chamber>
        </item>
      </billCommittees>
    </committees>
    <cosponsors>
      <item>
        <isOriginalCosponsor>True</isOriginalCosponsor>
        <fullName>Rep. Barragan, Nanette Diaz [D-CA-44]</fullName>
        <middleName>Diaz</middleName>
        <sponsorshipDate>2017-05-26</sponsorshipDate>
        <bioguideId>B001300</bioguideId>
        <lastName>Barragan</lastName>
        <party>D</party>
        <district>44</district>
        <firstName>Nanette</firstName>
        <state>CA</state>
        <identifiers>
          <lisID>2311</lisID>
          <bioguideId>B001300</bioguideId>
          <gpoId />
        </identifiers>
        <sponsorshipWithdrawnDate />
      </item>
      <item>
        <isOriginalCosponsor>True</isOriginalCosponsor>
        <fullName>Rep. Beatty, Joyce [D-OH-3]</fullName>
        <middleName />
        <sponsorshipDate>2017-05-26</sponsorshipDate>
        <bioguideId>B001281</bioguideId>
        <lastName>Beatty</lastName>
        <party>D</party>
        <district>3</district>
        <firstName>Joyce</firstName>
        <state>OH</state>
        <identifiers>
          <lisID>2153</lisID>
          <bioguideId>B001281</bioguideId>
          <gpoId />
        </identifiers>
        <sponsorshipWithdrawnDate />
      </item>
      <item>
        <isOriginalCosponsor>True</isOriginalCosponsor>
        <fullName>Rep. Beyer, Donald S., Jr. [D-VA-8]</fullName>
        <middleName>S.</middleName>
        <sponsorshipDate>2017-05-26</sponsorshipDate>
        <bioguideId>B001292</bioguideId>
        <lastName>Beyer</lastName>
        <party>D</party>
        <district>8</district>
        <firstName>Donald</firstName>
        <state>VA</state>
        <identifiers>
          <lisID>2272</lisID>
          <bioguideId>B001292</bioguideId>
          <gpoId />
        </identifiers>
        <sponsorshipWithdrawnDate />
      </item>
      <item>
        <isOriginalCosponsor>True</isOriginalCosponsor>
        <fullName>Rep. Blumenauer, Earl [D-OR-3]</fullName>
        <middleName />
        <sponsorshipDate>2017-05-26</sponsorshipDate>
        <bioguideId>B000574</bioguideId>
        <lastName>BLUMENAUER</lastName>
        <party>D</party>
        <district>3</district>
        <firstName>EARL</firstName>
        <state>OR</state>
        <identifiers>
          <gpoId>8116</gpoId>
          <bioguideId>B000574</bioguideId>
          <lisID>99</lisID>
        </identifiers>
        <sponsorshipWithdrawnDate />
      </item>
      <item>
        <isOriginalCosponsor>True</isOriginalCosponsor>
        <fullName>Rep. Boyle, Brendan F. [D-PA-13]</fullName>
        <middleName>F.</middleName>
        <sponsorshipDate>2017-05-26</sponsorshipDate>
        <bioguideId>B001296</bioguideId>
        <lastName>Boyle</lastName>
        <party>D</party>
        <district>13</district>
        <firstName>Brendan</firstName>
        <state>PA</state>
        <identifiers>
          <gpoId />
          <lisID>2267</lisID>
          <bioguideId>B001296</bioguideId>
        </identifiers>
        <sponsorshipWithdrawnDate />
      </item>
      <item>
        <isOriginalCosponsor>True</isOriginalCosponsor>
        <fullName>Rep. Brady, Robert A. [D-PA-1]</fullName>
        <middleName>A.</middleName>
        <sponsorshipDate>2017-05-26</sponsorshipDate>
        <bioguideId>B001227</bioguideId>
        <lastName>BRADY</lastName>
        <party>D</party>
        <district>1</district>
        <firstName>ROBERT</firstName>
        <state>PA</state>
        <identifiers>
          <gpoId>8119</gpoId>
          <bioguideId>B001227</bioguideId>
          <lisID>1469</lisID>
        </identifiers>
        <sponsorshipWithdrawnDate />
      </item>
      <item>
        <isOriginalCosponsor>True</isOriginalCosponsor>
        <fullName>Rep. Brownley, Julia [D-CA-26]</fullName>
        <middleName />
        <sponsorshipDate>2017-05-26</sponsorshipDate>
        <bioguideId>B001285</bioguideId>
        <lastName>Brownley</lastName>
        <party>D</party>
        <district>26</district>
        <firstName>Julia</firstName>
        <state>CA</state>
        <identifiers>
          <lisID>2106</lisID>
          <bioguideId>B001285</bioguideId>
          <gpoId />
        </identifiers>
        <sponsorshipWithdrawnDate />
      </item>
      <item>
        <isOriginalCosponsor>True</isOriginalCosponsor>
        <fullName>Rep. Capuano, Michael E. [D-MA-7]</fullName>
        <middleName>E.</middleName>
        <sponsorshipDate>2017-05-26</sponsorshipDate>
        <bioguideId>C001037</bioguideId>
        <lastName>CAPUANO</lastName>
        <party>D</party>
        <district>7</district>
        <firstName>MICHAEL</firstName>
        <state>MA</state>
        <identifiers>
          <lisID>1564</lisID>
          <gpoId>7973</gpoId>
          <bioguideId>C001037</bioguideId>
        </identifiers>
        <sponsorshipWithdrawnDate />
      </item>
      <item>
        <isOriginalCosponsor>True</isOriginalCosponsor>
        <fullName>Rep. Carbajal, Salud O. [D-CA-24]</fullName>
        <middleName>O.</middleName>
        <sponsorshipDate>2017-05-26</sponsorshipDate>
        <bioguideId>C001112</bioguideId>
        <lastName>Carbajal</lastName>
        <party>D</party>
        <district>24</district>
        <firstName>Salud</firstName>
        <state>CA</state>
        <identifiers>
          <lisID>2310</lisID>
          <bioguideId>C001112</bioguideId>
          <gpoId />
        </identifiers>
        <sponsorshipWithdrawnDate />
      </item>
      <item>
        <isOriginalCosponsor>True</isOriginalCosponsor>
        <fullName>Rep. Carson, Andre [D-IN-7]</fullName>
        <middleName />
        <sponsorshipDate>2017-05-26</sponsorshipDate>
        <bioguideId>C001072</bioguideId>
        <lastName>Carson</lastName>
        <party>D</party>
        <district>7</district>
        <firstName>Andre</firstName>
        <state>IN</state>
        <identifiers>
          <lisID>1889</lisID>
          <bioguideId>C001072</bioguideId>
          <gpoId>7946</gpoId>
        </identifiers>
        <sponsorshipWithdrawnDate />
      </item>
      <item>
        <isOriginalCosponsor>True</isOriginalCosponsor>
        <fullName>Rep. Cartwright, Matt [D-PA-17]</fullName>
        <middleName />
        <sponsorshipDate>2017-05-26</sponsorshipDate>
        <bioguideId>C001090</bioguideId>
        <lastName>Cartwright</lastName>
        <party>D</party>
        <district>17</district>
        <firstName>Matt</firstName>
        <state>PA</state>
        <identifiers>
          <bioguideId>C001090</bioguideId>
          <lisID>2159</lisID>
          <gpoId />
        </identifiers>
        <sponsorshipWithdrawnDate />
      </item>
      <item>
        <isOriginalCosponsor>True</isOriginalCosponsor>
        <fullName>Rep. Chu, Judy [D-CA-27]</fullName>
        <middleName />
        <sponsorshipDate>2017-05-26</sponsorshipDate>
        <bioguideId>C001080</bioguideId>
        <lastName>Chu</lastName>
        <party>D</party>
        <district>27</district>
        <firstName>Judy</firstName>
        <state>CA</state>
        <identifiers>
          <gpoId>7837</gpoId>
          <lisID>1970</lisID>
          <bioguideId>C001080</bioguideId>
        </identifiers>
        <sponsorshipWithdrawnDate />
      </item>
      <item>
        <isOriginalCosponsor>True</isOriginalCosponsor>
        <fullName>Rep. Cicilline, David N. [D-RI-1]</fullName>
        <middleName>N.</middleName>
        <sponsorshipDate>2017-05-26</sponsorshipDate>
        <bioguideId>C001084</bioguideId>
        <lastName>Cicilline</lastName>
        <party>D</party>
        <district>1</district>
        <firstName>David</firstName>
        <state>RI</state>
        <identifiers>
          <lisID>2055</lisID>
          <bioguideId>C001084</bioguideId>
          <gpoId>8139</gpoId>
        </identifiers>
        <sponsorshipWithdrawnDate />
      </item>
      <item>
        <isOriginalCosponsor>True</isOriginalCosponsor>
        <fullName>Rep. Clark, Katherine M. [D-MA-5]</fullName>
        <middleName>M.</middleName>
        <sponsorshipDate>2017-05-26</sponsorshipDate>
        <bioguideId>C001101</bioguideId>
        <lastName>Clark</lastName>
        <party>D</party>
        <district>5</district>
        <firstName>Katherine</firstName>
        <state>MA</state>
        <identifiers>
          <gpoId />
          <lisID>2196</lisID>
          <bioguideId>C001101</bioguideId>
        </identifiers>
        <sponsorshipWithdrawnDate />
      </item>
      <item>
        <isOriginalCosponsor>True</isOriginalCosponsor>
        <fullName>Rep. Clarke, Yvette D. [D-NY-9]</fullName>
        <middleName>D.</middleName>
        <sponsorshipDate>2017-05-26</sponsorshipDate>
        <bioguideId>C001067</bioguideId>
        <lastName>Clarke</lastName>
        <party>D</party>
        <district>9</district>
        <firstName>Yvette</firstName>
        <state>NY</state>
        <identifiers>
          <lisID>1864</lisID>
          <gpoId>8072</gpoId>
          <bioguideId>C001067</bioguideId>
        </identifiers>
        <sponsorshipWithdrawnDate />
      </item>
      <item>
        <isOriginalCosponsor>True</isOriginalCosponsor>
        <fullName>Rep. Cohen, Steve [D-TN-9]</fullName>
        <middleName />
        <sponsorshipDate>2017-05-26</sponsorshipDate>
        <bioguideId>C001068</bioguideId>
        <lastName>Cohen</lastName>
        <party>D</party>
        <district>9</district>
        <firstName>Steve</firstName>
        <state>TN</state>
        <identifiers>
          <gpoId>8156</gpoId>
          <lisID>1878</lisID>
          <bioguideId>C001068</bioguideId>
        </identifiers>
        <sponsorshipWithdrawnDate />
      </item>
      <item>
        <isOriginalCosponsor>True</isOriginalCosponsor>
        <fullName>Rep. Connolly, Gerald E. [D-VA-11]</fullName>
        <middleName>E.</middleName>
        <sponsorshipDate>2017-05-26</sponsorshipDate>
        <bioguideId>C001078</bioguideId>
        <lastName>Connolly</lastName>
        <party>D</party>
        <district>11</district>
        <firstName>Gerald</firstName>
        <state>VA</state>
        <identifiers>
          <bioguideId>C001078</bioguideId>
          <lisID>1959</lisID>
          <gpoId>8202</gpoId>
        </identifiers>
        <sponsorshipWithdrawnDate />
      </item>
      <item>
        <isOriginalCosponsor>True</isOriginalCosponsor>
        <fullName>Rep. Conyers, John, Jr. [D-MI-13]</fullName>
        <middleName />
        <sponsorshipDate>2017-05-26</sponsorshipDate>
        <bioguideId>C000714</bioguideId>
        <lastName>CONYERS</lastName>
        <party>D</party>
        <district>13</district>
        <firstName>JOHN</firstName>
        <state>MI</state>
        <identifiers>
          <lisID>229</lisID>
          <gpoId>7999</gpoId>
          <bioguideId>C000714</bioguideId>
        </identifiers>
        <sponsorshipWithdrawnDate />
      </item>
      <item>
        <isOriginalCosponsor>True</isOriginalCosponsor>
        <fullName>Rep. Crowley, Joseph [D-NY-14]</fullName>
        <middleName />
        <sponsorshipDate>2017-05-26</sponsorshipDate>
        <bioguideId>C001038</bioguideId>
        <lastName>CROWLEY</lastName>
        <party>D</party>
        <district>14</district>
        <firstName>JOSEPH</firstName>
        <state>NY</state>
        <identifiers>
          <bioguideId>C001038</bioguideId>
          <lisID>1604</lisID>
          <gpoId>8068</gpoId>
        </identifiers>
        <sponsorshipWithdrawnDate />
      </item>
      <item>
        <isOriginalCosponsor>True</isOriginalCosponsor>
        <fullName>Rep. Cuellar, Henry [D-TX-28]</fullName>
        <middleName />
        <sponsorshipDate>2017-05-26</sponsorshipDate>
        <bioguideId>C001063</bioguideId>
        <lastName>Cuellar</lastName>
        <party>D</party>
        <district>28</district>
        <firstName>Henry</firstName>
        <state>TX</state>
        <identifiers>
          <bioguideId>C001063</bioguideId>
          <lisID>1807</lisID>
          <gpoId>8184</gpoId>
        </identifiers>
        <sponsorshipWithdrawnDate />
      </item>
      <item>
        <isOriginalCosponsor>True</isOriginalCosponsor>
        <fullName>Rep. Cummings, Elijah E. [D-MD-7]</fullName>
        <middleName>E.</middleName>
        <sponsorshipDate>2017-05-26</sponsorshipDate>
        <bioguideId>C000984</bioguideId>
        <lastName>CUMMINGS</lastName>
        <party>D</party>
        <district>7</district>
        <firstName>ELIJAH</firstName>
        <state>MD</state>
        <identifiers>
          <lisID>256</lisID>
          <bioguideId>C000984</bioguideId>
          <gpoId>7982</gpoId>
        </identifiers>
        <sponsorshipWithdrawnDate />
      </item>
      <item>
        <isOriginalCosponsor>True</isOriginalCosponsor>
        <fullName>Rep. Davis, Danny K. [D-IL-7]</fullName>
        <middleName>K.</middleName>
        <sponsorshipDate>2017-05-26</sponsorshipDate>
        <bioguideId>D000096</bioguideId>
        <lastName>DAVIS</lastName>
        <party>D</party>
        <district>7</district>
        <firstName>DANNY</firstName>
        <state>IL</state>
        <identifiers>
          <gpoId>7927</gpoId>
          <lisID>1477</lisID>
          <bioguideId>D000096</bioguideId>
        </identifiers>
        <sponsorshipWithdrawnDate />
      </item>
      <item>
        <isOriginalCosponsor>True</isOriginalCosponsor>
        <fullName>Rep. Davis, Susan A. [D-CA-53]</fullName>
        <middleName>A.</middleName>
        <sponsorshipDate>2017-05-26</sponsorshipDate>
        <bioguideId>D000598</bioguideId>
        <lastName>DAVIS</lastName>
        <party>D</party>
        <district>53</district>
        <firstName>SUSAN</firstName>
        <state>CA</state>
        <identifiers>
          <gpoId>7858</gpoId>
          <bioguideId>D000598</bioguideId>
          <lisID>1641</lisID>
        </identifiers>
        <sponsorshipWithdrawnDate />
      </item>
      <item>
        <isOriginalCosponsor>True</isOriginalCosponsor>
        <fullName>Rep. DeGette, Diana [D-CO-1]</fullName>
        <middleName />
        <sponsorshipDate>2017-05-26</sponsorshipDate>
        <bioguideId>D000197</bioguideId>
        <lastName>DEGETTE</lastName>
        <party>D</party>
        <district>1</district>
        <firstName>DIANA</firstName>
        <state>CO</state>
        <identifiers>
          <gpoId>7859</gpoId>
          <lisID>1479</lisID>
          <bioguideId>D000197</bioguideId>
        </identifiers>
        <sponsorshipWithdrawnDate />
      </item>
      <item>
        <isOriginalCosponsor>True</isOriginalCosponsor>
        <fullName>Rep. DeLauro, Rosa L. [D-CT-3]</fullName>
        <middleName />
        <sponsorshipDate>2017-05-26</sponsorshipDate>
        <bioguideId>D000216</bioguideId>
        <lastName>DELAURO</lastName>
        <party>D</party>
        <district>3</district>
        <firstName>ROSA</firstName>
        <state>CT</state>
        <identifiers>
          <bioguideId>D000216</bioguideId>
          <lisID>281</lisID>
          <gpoId>7868</gpoId>
        </identifiers>
        <sponsorshipWithdrawnDate />
      </item>
      <item>
        <isOriginalCosponsor>True</isOriginalCosponsor>
        <fullName>Rep. Demings, Val Butler [D-FL-10]</fullName>
        <middleName>Butler</middleName>
        <sponsorshipDate>2017-05-26</sponsorshipDate>
        <bioguideId>D000627</bioguideId>
        <lastName>Demings</lastName>
        <party>D</party>
        <district>10</district>
        <firstName>Val</firstName>
        <state>FL</state>
        <identifiers>
          <bioguideId>D000627</bioguideId>
          <lisID>2320</lisID>
          <gpoId />
        </identifiers>
        <sponsorshipWithdrawnDate />
      </item>
      <item>
        <isOriginalCosponsor>True</isOriginalCosponsor>
        <fullName>Rep. DeSaulnier, Mark [D-CA-11]</fullName>
        <middleName />
        <sponsorshipDate>2017-05-26</sponsorshipDate>
        <bioguideId>D000623</bioguideId>
        <lastName>DeSaulnier</lastName>
        <party>D</party>
        <district>11</district>
        <firstName>Mark</firstName>
        <state>CA</state>
        <identifiers>
          <lisID>2227</lisID>
          <bioguideId>D000623</bioguideId>
          <gpoId />
        </identifiers>
        <sponsorshipWithdrawnDate />
      </item>
      <item>
        <isOriginalCosponsor>True</isOriginalCosponsor>
        <fullName>Rep. Deutch, Theodore E. [D-FL-22]</fullName>
        <middleName>E.</middleName>
        <sponsorshipDate>2017-05-26</sponsorshipDate>
        <bioguideId>D000610</bioguideId>
        <lastName>Deutch</lastName>
        <party>D</party>
        <district>22</district>
        <firstName>Theodore</firstName>
        <state>FL</state>
        <identifiers>
          <lisID>1976</lisID>
          <bioguideId>D000610</bioguideId>
          <gpoId>7891</gpoId>
        </identifiers>
        <sponsorshipWithdrawnDate />
      </item>
      <item>
        <isOriginalCosponsor>True</isOriginalCosponsor>
        <fullName>Rep. Doyle, Michael F. [D-PA-14]</fullName>
        <middleName />
        <sponsorshipDate>2017-05-26</sponsorshipDate>
        <bioguideId>D000482</bioguideId>
        <lastName>DOYLE</lastName>
        <party>D</party>
        <district>14</district>
        <firstName>MIKE</firstName>
        <state>PA</state>
        <identifiers>
          <gpoId>8132</gpoId>
          <lisID>316</lisID>
          <bioguideId>D000482</bioguideId>
        </identifiers>
        <sponsorshipWithdrawnDate />
      </item>
      <item>
        <isOriginalCosponsor>True</isOriginalCosponsor>
        <fullName>Rep. Engel, Eliot L. [D-NY-16]</fullName>
        <middleName>L.</middleName>
        <sponsorshipDate>2017-05-26</sponsorshipDate>
        <bioguideId>E000179</bioguideId>
        <lastName>ENGEL</lastName>
        <party>D</party>
        <district>16</district>
        <firstName>ELIOT</firstName>
        <state>NY</state>
        <identifiers>
          <bioguideId>E000179</bioguideId>
          <gpoId>8078</gpoId>
          <lisID>344</lisID>
        </identifiers>
        <sponsorshipWithdrawnDate />
      </item>
      <item>
        <isOriginalCosponsor>True</isOriginalCosponsor>
        <fullName>Rep. Eshoo, Anna G. [D-CA-18]</fullName>
        <middleName>G.</middleName>
        <sponsorshipDate>2017-05-26</sponsorshipDate>
        <bioguideId>E000215</bioguideId>
        <lastName>ESHOO</lastName>
        <party>D</party>
        <district>18</district>
        <firstName>ANNA</firstName>
        <state>CA</state>
        <identifiers>
          <bioguideId>E000215</bioguideId>
          <gpoId>7819</gpoId>
          <lisID>355</lisID>
        </identifiers>
        <sponsorshipWithdrawnDate />
      </item>
      <item>
        <isOriginalCosponsor>True</isOriginalCosponsor>
        <fullName>Rep. Espaillat, Adriano [D-NY-13]</fullName>
        <middleName />
        <sponsorshipDate>2017-05-26</sponsorshipDate>
        <bioguideId>E000297</bioguideId>
        <lastName>Espaillat</lastName>
        <party>D</party>
        <district>13</district>
        <firstName>Adriano</firstName>
        <state>NY</state>
        <identifiers>
          <lisID>2342</lisID>
          <bioguideId>E000297</bioguideId>
          <gpoId />
        </identifiers>
        <sponsorshipWithdrawnDate />
      </item>
      <item>
        <isOriginalCosponsor>True</isOriginalCosponsor>
        <fullName>Rep. Esty, Elizabeth H. [D-CT-5]</fullName>
        <middleName>H.</middleName>
        <sponsorshipDate>2017-05-26</sponsorshipDate>
        <bioguideId>E000293</bioguideId>
        <lastName>Esty</lastName>
        <party>D</party>
        <district>5</district>
        <firstName>Elizabeth</firstName>
        <state>CT</state>
        <identifiers>
          <lisID>2114</lisID>
          <bioguideId>E000293</bioguideId>
          <gpoId />
        </identifiers>
        <sponsorshipWithdrawnDate />
      </item>
      <item>
        <isOriginalCosponsor>True</isOriginalCosponsor>
        <fullName>Rep. Gabbard, Tulsi [D-HI-2]</fullName>
        <middleName />
        <sponsorshipDate>2017-05-26</sponsorshipDate>
        <bioguideId>G000571</bioguideId>
        <lastName>Gabbard</lastName>
        <party>D</party>
        <district>2</district>
        <firstName>Tulsi</firstName>
        <state>HI</state>
        <identifiers>
          <lisID>2122</lisID>
          <gpoId />
          <bioguideId>G000571</bioguideId>
        </identifiers>
        <sponsorshipWithdrawnDate />
      </item>
      <item>
        <isOriginalCosponsor>True</isOriginalCosponsor>
        <fullName>Rep. Gallego, Ruben [D-AZ-7]</fullName>
        <middleName />
        <sponsorshipDate>2017-05-26</sponsorshipDate>
        <bioguideId>G000574</bioguideId>
        <lastName>Gallego</lastName>
        <party>D</party>
        <district>7</district>
        <firstName>Ruben</firstName>
        <state>AZ</state>
        <identifiers>
          <gpoId />
          <bioguideId>G000574</bioguideId>
          <lisID>2226</lisID>
        </identifiers>
        <sponsorshipWithdrawnDate />
      </item>
      <item>
        <isOriginalCosponsor>True</isOriginalCosponsor>
        <fullName>Rep. Garamendi, John [D-CA-3]</fullName>
        <middleName />
        <sponsorshipDate>2017-05-26</sponsorshipDate>
        <bioguideId>G000559</bioguideId>
        <lastName>Garamendi</lastName>
        <party>D</party>
        <district>3</district>
        <firstName>John</firstName>
        <state>CA</state>
        <identifiers>
          <gpoId>7815</gpoId>
          <lisID>1973</lisID>
          <bioguideId>G000559</bioguideId>
        </identifiers>
        <sponsorshipWithdrawnDate />
      </item>
      <item>
        <isOriginalCosponsor>True</isOriginalCosponsor>
        <fullName>Rep. Green, Gene [D-TX-29]</fullName>
        <middleName />
        <sponsorshipDate>2017-05-26</sponsorshipDate>
        <bioguideId>G000410</bioguideId>
        <lastName>GREEN</lastName>
        <party>D</party>
        <district>29</district>
        <firstName>GENE</firstName>
        <state>TX</state>
        <identifiers>
          <lisID>462</lisID>
          <bioguideId>G000410</bioguideId>
          <gpoId>8185</gpoId>
        </identifiers>
        <sponsorshipWithdrawnDate />
      </item>
      <item>
        <isOriginalCosponsor>True</isOriginalCosponsor>
        <fullName>Rep. Grijalva, Raul M. [D-AZ-3]</fullName>
        <middleName>M.</middleName>
        <sponsorshipDate>2017-05-26</sponsorshipDate>
        <bioguideId>G000551</bioguideId>
        <lastName>Grijalva</lastName>
        <party>D</party>
        <district>3</district>
        <firstName>Raul</firstName>
        <state>AZ</state>
        <identifiers>
          <bioguideId>G000551</bioguideId>
          <lisID>1708</lisID>
          <gpoId>7804</gpoId>
        </identifiers>
        <sponsorshipWithdrawnDate />
      </item>
      <item>
        <isOriginalCosponsor>True</isOriginalCosponsor>
        <fullName>Rep. Hanabusa, Colleen [D-HI-1]</fullName>
        <middleName />
        <sponsorshipDate>2017-05-26</sponsorshipDate>
        <bioguideId>H001050</bioguideId>
        <lastName>Hanabusa</lastName>
        <party>D</party>
        <district>1</district>
        <firstName>Colleen</firstName>
        <state>HI</state>
        <identifiers>
          <lisID>2010</lisID>
          <gpoId>7912</gpoId>
          <bioguideId>H001050</bioguideId>
        </identifiers>
        <sponsorshipWithdrawnDate />
      </item>
      <item>
        <isOriginalCosponsor>True</isOriginalCosponsor>
        <fullName>Rep. Hastings, Alcee L. [D-FL-20]</fullName>
        <middleName>L.</middleName>
        <sponsorshipDate>2017-05-26</sponsorshipDate>
        <bioguideId>H000324</bioguideId>
        <lastName>HASTINGS</lastName>
        <party>D</party>
        <district>20</district>
        <firstName>ALCEE</firstName>
        <state>FL</state>
        <identifiers>
          <bioguideId>H000324</bioguideId>
          <lisID>511</lisID>
          <gpoId>7895</gpoId>
        </identifiers>
        <sponsorshipWithdrawnDate />
      </item>
      <item>
        <isOriginalCosponsor>True</isOriginalCosponsor>
        <fullName>Rep. Himes, James A. [D-CT-4]</fullName>
        <middleName>A.</middleName>
        <sponsorshipDate>2017-05-26</sponsorshipDate>
        <bioguideId>H001047</bioguideId>
        <lastName>Himes</lastName>
        <party>D</party>
        <district>4</district>
        <firstName>James</firstName>
        <state>CT</state>
        <identifiers>
          <gpoId>7869</gpoId>
          <lisID>1913</lisID>
          <bioguideId>H001047</bioguideId>
        </identifiers>
        <sponsorshipWithdrawnDate />
      </item>
      <item>
        <isOriginalCosponsor>True</isOriginalCosponsor>
        <fullName>Rep. Huffman, Jared [D-CA-2]</fullName>
        <middleName />
        <sponsorshipDate>2017-05-26</sponsorshipDate>
        <bioguideId>H001068</bioguideId>
        <lastName>Huffman</lastName>
        <party>D</party>
        <district>2</district>
        <firstName>Jared</firstName>
        <state>CA</state>
        <identifiers>
          <bioguideId>H001068</bioguideId>
          <gpoId />
          <lisID>2101</lisID>
        </identifiers>
        <sponsorshipWithdrawnDate />
      </item>
      <item>
        <isOriginalCosponsor>True</isOriginalCosponsor>
        <fullName>Rep. Jayapal, Pramila [D-WA-7]</fullName>
        <middleName />
        <sponsorshipDate>2017-05-26</sponsorshipDate>
        <bioguideId>J000298</bioguideId>
        <lastName>Jayapal</lastName>
        <party>D</party>
        <district>7</district>
        <firstName>Pramila</firstName>
        <state>WA</state>
        <identifiers>
          <bioguideId>J000298</bioguideId>
          <gpoId />
          <lisID>2354</lisID>
        </identifiers>
        <sponsorshipWithdrawnDate />
      </item>
      <item>
        <isOriginalCosponsor>True</isOriginalCosponsor>
        <fullName>Rep. Jackson Lee, Sheila [D-TX-18]</fullName>
        <middleName />
        <sponsorshipDate>2017-05-26</sponsorshipDate>
        <bioguideId>J000032</bioguideId>
        <lastName>JACKSON LEE</lastName>
        <party>D</party>
        <district>18</district>
        <firstName>SHEILA</firstName>
        <state>TX</state>
        <identifiers>
          <gpoId>8174</gpoId>
          <lisID>588</lisID>
          <bioguideId>J000032</bioguideId>
        </identifiers>
        <sponsorshipWithdrawnDate />
      </item>
      <item>
        <isOriginalCosponsor>True</isOriginalCosponsor>
        <fullName>Rep. Keating, William R. [D-MA-9]</fullName>
        <middleName>R.</middleName>
        <sponsorshipDate>2017-05-26</sponsorshipDate>
        <bioguideId>K000375</bioguideId>
        <lastName>Keating</lastName>
        <party>D</party>
        <district>9</district>
        <firstName>William</firstName>
        <state>MA</state>
        <identifiers>
          <lisID>2025</lisID>
          <bioguideId>K000375</bioguideId>
          <gpoId>7975</gpoId>
        </identifiers>
        <sponsorshipWithdrawnDate />
      </item>
      <item>
        <isOriginalCosponsor>True</isOriginalCosponsor>
        <fullName>Rep. Kelly, Robin L. [D-IL-2]</fullName>
        <middleName>L.</middleName>
        <sponsorshipDate>2017-05-26</sponsorshipDate>
        <bioguideId>K000385</bioguideId>
        <lastName>Kelly</lastName>
        <party>D</party>
        <district>2</district>
        <firstName>Robin</firstName>
        <state>IL</state>
        <identifiers>
          <lisID>2190</lisID>
          <bioguideId>K000385</bioguideId>
          <gpoId />
        </identifiers>
        <sponsorshipWithdrawnDate />
      </item>
      <item>
        <isOriginalCosponsor>True</isOriginalCosponsor>
        <fullName>Rep. Kennedy, Joseph P., III [D-MA-4]</fullName>
        <middleName>P.</middleName>
        <sponsorshipDate>2017-05-26</sponsorshipDate>
        <bioguideId>K000379</bioguideId>
        <lastName>Kennedy</lastName>
        <party>D</party>
        <district>4</district>
        <firstName>Joseph</firstName>
        <state>MA</state>
        <identifiers>
          <bioguideId>K000379</bioguideId>
          <gpoId />
          <lisID>2172</lisID>
        </identifiers>
        <sponsorshipWithdrawnDate />
      </item>
      <item>
        <isOriginalCosponsor>True</isOriginalCosponsor>
        <fullName>Rep. Kildee, Daniel T. [D-MI-5]</fullName>
        <middleName>T.</middleName>
        <sponsorshipDate>2017-05-26</sponsorshipDate>
        <bioguideId>K000380</bioguideId>
        <lastName>Kildee</lastName>
        <party>D</party>
        <district>5</district>
        <firstName>Daniel</firstName>
        <state>MI</state>
        <identifiers>
          <lisID>2134</lisID>
          <bioguideId>K000380</bioguideId>
          <gpoId />
        </identifiers>
        <sponsorshipWithdrawnDate />
      </item>
      <item>
        <isOriginalCosponsor>True</isOriginalCosponsor>
        <fullName>Rep. Langevin, James R. [D-RI-2]</fullName>
        <middleName>R.</middleName>
        <sponsorshipDate>2017-05-26</sponsorshipDate>
        <bioguideId>L000559</bioguideId>
        <lastName>LANGEVIN</lastName>
        <party>D</party>
        <district>2</district>
        <firstName>JAMES</firstName>
        <state>RI</state>
        <identifiers>
          <gpoId>8140</gpoId>
          <lisID>1668</lisID>
          <bioguideId>L000559</bioguideId>
        </identifiers>
        <sponsorshipWithdrawnDate />
      </item>
      <item>
        <isOriginalCosponsor>True</isOriginalCosponsor>
        <fullName>Rep. Larson, John B. [D-CT-1]</fullName>
        <middleName>B.</middleName>
        <sponsorshipDate>2017-05-26</sponsorshipDate>
        <bioguideId>L000557</bioguideId>
        <lastName>LARSON</lastName>
        <party>D</party>
        <district>1</district>
        <firstName>JOHN</firstName>
        <state>CT</state>
        <identifiers>
          <bioguideId>L000557</bioguideId>
          <lisID>1583</lisID>
          <gpoId>7866</gpoId>
        </identifiers>
        <sponsorshipWithdrawnDate />
      </item>
      <item>
        <isOriginalCosponsor>True</isOriginalCosponsor>
        <fullName>Rep. Lee, Barbara [D-CA-13]</fullName>
        <middleName />
        <sponsorshipDate>2017-05-26</sponsorshipDate>
        <bioguideId>L000551</bioguideId>
        <lastName>LEE</lastName>
        <party>D</party>
        <district>13</district>
        <firstName>BARBARA</firstName>
        <state>CA</state>
        <identifiers>
          <gpoId>7814</gpoId>
          <bioguideId>L000551</bioguideId>
          <lisID>1501</lisID>
        </identifiers>
        <sponsorshipWithdrawnDate />
      </item>
      <item>
        <isOriginalCosponsor>True</isOriginalCosponsor>
        <fullName>Rep. Levin, Sander M. [D-MI-9]</fullName>
        <middleName>M.</middleName>
        <sponsorshipDate>2017-05-26</sponsorshipDate>
        <bioguideId>L000263</bioguideId>
        <lastName>LEVIN</lastName>
        <party>D</party>
        <district>9</district>
        <firstName>SANDER</firstName>
        <state>MI</state>
        <identifiers>
          <bioguideId>L000263</bioguideId>
          <lisID>683</lisID>
          <gpoId>7997</gpoId>
        </identifiers>
        <sponsorshipWithdrawnDate />
      </item>
      <item>
        <isOriginalCosponsor>True</isOriginalCosponsor>
        <fullName>Rep. Lofgren, Zoe [D-CA-19]</fullName>
        <middleName />
        <sponsorshipDate>2017-05-26</sponsorshipDate>
        <bioguideId>L000397</bioguideId>
        <lastName>LOFGREN</lastName>
        <party>D</party>
        <district>19</district>
        <firstName>ZOE</firstName>
        <state>CA</state>
        <identifiers>
          <lisID>701</lisID>
          <bioguideId>L000397</bioguideId>
          <gpoId>7821</gpoId>
        </identifiers>
        <sponsorshipWithdrawnDate />
      </item>
      <item>
        <isOriginalCosponsor>True</isOriginalCosponsor>
        <fullName>Rep. Lowenthal, Alan S. [D-CA-47]</fullName>
        <middleName>S.</middleName>
        <sponsorshipDate>2017-05-26</sponsorshipDate>
        <bioguideId>L000579</bioguideId>
        <lastName>Lowenthal</lastName>
        <party>D</party>
        <district>47</district>
        <firstName>Alan</firstName>
        <state>CA</state>
        <identifiers>
          <lisID>2111</lisID>
          <gpoId />
          <bioguideId>L000579</bioguideId>
        </identifiers>
        <sponsorshipWithdrawnDate />
      </item>
      <item>
        <isOriginalCosponsor>True</isOriginalCosponsor>
        <fullName>Rep. Lujan, Ben Ray [D-NM-3]</fullName>
        <middleName>Ray</middleName>
        <sponsorshipDate>2017-05-26</sponsorshipDate>
        <bioguideId>L000570</bioguideId>
        <lastName>Lujan</lastName>
        <party>D</party>
        <district>3</district>
        <firstName>Ben</firstName>
        <state>NM</state>
        <identifiers>
          <bioguideId>L000570</bioguideId>
          <gpoId>8058</gpoId>
          <lisID>1939</lisID>
        </identifiers>
        <sponsorshipWithdrawnDate />
      </item>
      <item>
        <isOriginalCosponsor>True</isOriginalCosponsor>
        <fullName>Rep. Lujan Grisham, Michelle [D-NM-1]</fullName>
        <middleName />
        <sponsorshipDate>2017-05-26</sponsorshipDate>
        <bioguideId>L000580</bioguideId>
        <lastName>Lujan Grisham</lastName>
        <party>D</party>
        <district>1</district>
        <firstName>Michelle</firstName>
        <state>NM</state>
        <identifiers>
          <gpoId />
          <bioguideId>L000580</bioguideId>
          <lisID>2146</lisID>
        </identifiers>
        <sponsorshipWithdrawnDate />
      </item>
      <item>
        <isOriginalCosponsor>True</isOriginalCosponsor>
        <fullName>Rep. Maloney, Carolyn B. [D-NY-12]</fullName>
        <middleName>B.</middleName>
        <sponsorshipDate>2017-05-26</sponsorshipDate>
        <bioguideId>M000087</bioguideId>
        <lastName>MALONEY</lastName>
        <party>D</party>
        <district>12</district>
        <firstName>CAROLYN</firstName>
        <state>NY</state>
        <identifiers>
          <bioguideId>M000087</bioguideId>
          <lisID>729</lisID>
          <gpoId>8075</gpoId>
        </identifiers>
        <sponsorshipWithdrawnDate />
      </item>
      <item>
        <isOriginalCosponsor>True</isOriginalCosponsor>
        <fullName>Rep. McCollum, Betty [D-MN-4]</fullName>
        <middleName />
        <sponsorshipDate>2017-05-26</sponsorshipDate>
        <bioguideId>M001143</bioguideId>
        <lastName>MCCOLLUM</lastName>
        <party>D</party>
        <district>4</district>
        <firstName>BETTY</firstName>
        <state>MN</state>
        <identifiers>
          <bioguideId>M001143</bioguideId>
          <lisID>1653</lisID>
          <gpoId>8004</gpoId>
        </identifiers>
        <sponsorshipWithdrawnDate />
      </item>
      <item>
        <isOriginalCosponsor>True</isOriginalCosponsor>
        <fullName>Rep. McEachin, A. Donald [D-VA-4]</fullName>
        <middleName>Donald</middleName>
        <sponsorshipDate>2017-05-26</sponsorshipDate>
        <bioguideId>M001200</bioguideId>
        <lastName>McEachin</lastName>
        <party>D</party>
        <district>4</district>
        <firstName>A.</firstName>
        <state>VA</state>
        <identifiers>
          <lisID>2352</lisID>
          <gpoId />
          <bioguideId>M001200</bioguideId>
        </identifiers>
        <sponsorshipWithdrawnDate />
      </item>
      <item>
        <isOriginalCosponsor>True</isOriginalCosponsor>
        <fullName>Rep. McGovern, James P. [D-MA-2]</fullName>
        <middleName>P.</middleName>
        <sponsorshipDate>2017-05-26</sponsorshipDate>
        <bioguideId>M000312</bioguideId>
        <lastName>MCGOVERN</lastName>
        <party>D</party>
        <district>2</district>
        <firstName>JAMES</firstName>
        <state>MA</state>
        <identifiers>
          <lisID>1504</lisID>
          <bioguideId>M000312</bioguideId>
          <gpoId>7968</gpoId>
        </identifiers>
        <sponsorshipWithdrawnDate />
      </item>
      <item>
        <isOriginalCosponsor>True</isOriginalCosponsor>
        <fullName>Rep. McNerney, Jerry [D-CA-9]</fullName>
        <middleName />
        <sponsorshipDate>2017-05-26</sponsorshipDate>
        <bioguideId>M001166</bioguideId>
        <lastName>McNerney</lastName>
        <party>D</party>
        <district>9</district>
        <firstName>Jerry</firstName>
        <state>CA</state>
        <identifiers>
          <lisID>1832</lisID>
          <bioguideId>M001166</bioguideId>
          <gpoId>7816</gpoId>
        </identifiers>
        <sponsorshipWithdrawnDate />
      </item>
      <item>
        <isOriginalCosponsor>True</isOriginalCosponsor>
        <fullName>Rep. Meeks, Gregory W. [D-NY-5]</fullName>
        <middleName>W.</middleName>
        <sponsorshipDate>2017-05-26</sponsorshipDate>
        <bioguideId>M001137</bioguideId>
        <lastName>MEEKS</lastName>
        <party>D</party>
        <district>5</district>
        <firstName>GREGORY</firstName>
        <state>NY</state>
        <identifiers>
          <lisID>1506</lisID>
          <gpoId>8067</gpoId>
          <bioguideId>M001137</bioguideId>
        </identifiers>
        <sponsorshipWithdrawnDate />
      </item>
      <item>
        <isOriginalCosponsor>True</isOriginalCosponsor>
        <fullName>Rep. Meng, Grace [D-NY-6]</fullName>
        <middleName />
        <sponsorshipDate>2017-05-26</sponsorshipDate>
        <bioguideId>M001188</bioguideId>
        <lastName>Meng</lastName>
        <party>D</party>
        <district>6</district>
        <firstName>Grace</firstName>
        <state>NY</state>
        <identifiers>
          <gpoId />
          <bioguideId>M001188</bioguideId>
          <lisID>2148</lisID>
        </identifiers>
        <sponsorshipWithdrawnDate />
      </item>
      <item>
        <isOriginalCosponsor>True</isOriginalCosponsor>
        <fullName>Rep. Moore, Gwen [D-WI-4]</fullName>
        <middleName />
        <sponsorshipDate>2017-05-26</sponsorshipDate>
        <bioguideId>M001160</bioguideId>
        <lastName>Moore</lastName>
        <party>D</party>
        <district>4</district>
        <firstName>Gwen</firstName>
        <state>WI</state>
        <identifiers>
          <gpoId>8217</gpoId>
          <lisID>1811</lisID>
          <bioguideId>M001160</bioguideId>
        </identifiers>
        <sponsorshipWithdrawnDate />
      </item>
      <item>
        <isOriginalCosponsor>True</isOriginalCosponsor>
        <fullName>Rep. Moulton, Seth [D-MA-6]</fullName>
        <middleName />
        <sponsorshipDate>2017-05-26</sponsorshipDate>
        <bioguideId>M001196</bioguideId>
        <lastName>Moulton</lastName>
        <party>D</party>
        <district>6</district>
        <firstName>Seth</firstName>
        <state>MA</state>
        <identifiers>
          <bioguideId>M001196</bioguideId>
          <lisID>2246</lisID>
          <gpoId />
        </identifiers>
        <sponsorshipWithdrawnDate />
      </item>
      <item>
        <isOriginalCosponsor>True</isOriginalCosponsor>
        <fullName>Rep. Napolitano, Grace F. [D-CA-32]</fullName>
        <middleName>F.</middleName>
        <sponsorshipDate>2017-05-26</sponsorshipDate>
        <bioguideId>N000179</bioguideId>
        <lastName>NAPOLITANO</lastName>
        <party>D</party>
        <district>32</district>
        <firstName>GRACE</firstName>
        <state>CA</state>
        <identifiers>
          <bioguideId>N000179</bioguideId>
          <gpoId>7843</gpoId>
          <lisID>1602</lisID>
        </identifiers>
        <sponsorshipWithdrawnDate />
      </item>
      <item>
        <isOriginalCosponsor>True</isOriginalCosponsor>
        <fullName>Rep. Norcross, Donald [D-NJ-1]</fullName>
        <middleName />
        <sponsorshipDate>2017-05-26</sponsorshipDate>
        <bioguideId>N000188</bioguideId>
        <lastName>Norcross</lastName>
        <party>D</party>
        <district>1</district>
        <firstName>Donald</firstName>
        <state>NJ</state>
        <identifiers>
          <lisID>2202</lisID>
          <gpoId />
          <bioguideId>N000188</bioguideId>
        </identifiers>
        <sponsorshipWithdrawnDate />
      </item>
      <item>
        <isOriginalCosponsor>True</isOriginalCosponsor>
        <fullName>Rep. Norton, Eleanor Holmes [D-DC-At Large]</fullName>
        <middleName>HOLMES</middleName>
        <sponsorshipDate>2017-05-26</sponsorshipDate>
        <bioguideId>N000147</bioguideId>
        <lastName>NORTON</lastName>
        <party>D</party>
        <district>0</district>
        <firstName>ELEANOR</firstName>
        <state>DC</state>
        <identifiers>
          <lisID>868</lisID>
          <gpoId>7871</gpoId>
          <bioguideId>N000147</bioguideId>
        </identifiers>
        <sponsorshipWithdrawnDate />
      </item>
      <item>
        <isOriginalCosponsor>True</isOriginalCosponsor>
        <fullName>Rep. Pallone, Frank, Jr. [D-NJ-6]</fullName>
        <middleName />
        <sponsorshipDate>2017-05-26</sponsorshipDate>
        <bioguideId>P000034</bioguideId>
        <lastName>PALLONE</lastName>
        <party>D</party>
        <district>6</district>
        <firstName>FRANK</firstName>
        <state>NJ</state>
        <identifiers>
          <lisID>887</lisID>
          <bioguideId>P000034</bioguideId>
          <gpoId>8048</gpoId>
        </identifiers>
        <sponsorshipWithdrawnDate />
      </item>
      <item>
        <isOriginalCosponsor>True</isOriginalCosponsor>
        <fullName>Rep. Pascrell, Bill, Jr. [D-NJ-9]</fullName>
        <middleName>J.</middleName>
        <sponsorshipDate>2017-05-26</sponsorshipDate>
        <bioguideId>P000096</bioguideId>
        <lastName>PASCRELL</lastName>
        <party>D</party>
        <district>9</district>
        <firstName>WILLIAM</firstName>
        <state>NJ</state>
        <identifiers>
          <lisID>1510</lisID>
          <bioguideId>P000096</bioguideId>
          <gpoId>8050</gpoId>
        </identifiers>
        <sponsorshipWithdrawnDate />
      </item>
      <item>
        <isOriginalCosponsor>True</isOriginalCosponsor>
        <fullName>Rep. Payne, Donald M., Jr. [D-NJ-10]</fullName>
        <middleName>M.</middleName>
        <sponsorshipDate>2017-05-26</sponsorshipDate>
        <bioguideId>P000604</bioguideId>
        <lastName>Payne</lastName>
        <party>D</party>
        <district>10</district>
        <firstName>Donald</firstName>
        <state>NJ</state>
        <identifiers>
          <gpoId>8373</gpoId>
          <bioguideId>P000604</bioguideId>
          <lisID>2097</lisID>
        </identifiers>
        <sponsorshipWithdrawnDate />
      </item>
      <item>
        <isOriginalCosponsor>True</isOriginalCosponsor>
        <fullName>Rep. Perlmutter, Ed [D-CO-7]</fullName>
        <middleName />
        <sponsorshipDate>2017-05-26</sponsorshipDate>
        <bioguideId>P000593</bioguideId>
        <lastName>Perlmutter</lastName>
        <party>D</party>
        <district>7</district>
        <firstName>Ed</firstName>
        <state>CO</state>
        <identifiers>
          <gpoId>7865</gpoId>
          <lisID>1835</lisID>
          <bioguideId>P000593</bioguideId>
        </identifiers>
        <sponsorshipWithdrawnDate />
      </item>
      <item>
        <isOriginalCosponsor>True</isOriginalCosponsor>
        <fullName>Rep. Peters, Scott H. [D-CA-52]</fullName>
        <middleName>H.</middleName>
        <sponsorshipDate>2017-05-26</sponsorshipDate>
        <bioguideId>P000608</bioguideId>
        <lastName>Peters</lastName>
        <party>D</party>
        <district>52</district>
        <firstName>Scott</firstName>
        <state>CA</state>
        <identifiers>
          <gpoId />
          <lisID>2113</lisID>
          <bioguideId>P000608</bioguideId>
        </identifiers>
        <sponsorshipWithdrawnDate />
      </item>
      <item>
        <isOriginalCosponsor>True</isOriginalCosponsor>
        <fullName>Rep. Pocan, Mark [D-WI-2]</fullName>
        <middleName />
        <sponsorshipDate>2017-05-26</sponsorshipDate>
        <bioguideId>P000607</bioguideId>
        <lastName>Pocan</lastName>
        <party>D</party>
        <district>2</district>
        <firstName>Mark</firstName>
        <state>WI</state>
        <identifiers>
          <gpoId />
          <bioguideId>P000607</bioguideId>
          <lisID>2171</lisID>
        </identifiers>
        <sponsorshipWithdrawnDate />
      </item>
      <item>
        <isOriginalCosponsor>True</isOriginalCosponsor>
        <fullName>Rep. Polis, Jared [D-CO-2]</fullName>
        <middleName />
        <sponsorshipDate>2017-05-26</sponsorshipDate>
        <bioguideId>P000598</bioguideId>
        <lastName>Polis</lastName>
        <party>D</party>
        <district>2</district>
        <firstName>Jared</firstName>
        <state>CO</state>
        <identifiers>
          <lisID>1910</lisID>
          <gpoId>7860</gpoId>
          <bioguideId>P000598</bioguideId>
        </identifiers>
        <sponsorshipWithdrawnDate />
      </item>
      <item>
        <isOriginalCosponsor>True</isOriginalCosponsor>
        <fullName>Rep. Quigley, Mike [D-IL-5]</fullName>
        <middleName />
        <sponsorshipDate>2017-05-26</sponsorshipDate>
        <bioguideId>Q000023</bioguideId>
        <lastName>Quigley</lastName>
        <party>D</party>
        <district>5</district>
        <firstName>Mike</firstName>
        <state>IL</state>
        <identifiers>
          <lisID>1967</lisID>
          <bioguideId>Q000023</bioguideId>
          <gpoId>7925</gpoId>
        </identifiers>
        <sponsorshipWithdrawnDate />
      </item>
      <item>
        <isOriginalCosponsor>True</isOriginalCosponsor>
        <fullName>Rep. Raskin, Jamie [D-MD-8]</fullName>
        <middleName />
        <sponsorshipDate>2017-05-26</sponsorshipDate>
        <bioguideId>R000606</bioguideId>
        <lastName>Raskin</lastName>
        <party>D</party>
        <district>8</district>
        <firstName>Jamie</firstName>
        <state>MD</state>
        <identifiers>
          <bioguideId>R000606</bioguideId>
          <gpoId />
          <lisID>2332</lisID>
        </identifiers>
        <sponsorshipWithdrawnDate />
      </item>
      <item>
        <isOriginalCosponsor>True</isOriginalCosponsor>
        <fullName>Rep. Rice, Kathleen M. [D-NY-4]</fullName>
        <middleName>M.</middleName>
        <sponsorshipDate>2017-05-26</sponsorshipDate>
        <bioguideId>R000602</bioguideId>
        <lastName>Rice</lastName>
        <party>D</party>
        <district>4</district>
        <firstName>Kathleen</firstName>
        <state>NY</state>
        <identifiers>
          <bioguideId>R000602</bioguideId>
          <lisID>2262</lisID>
          <gpoId />
        </identifiers>
        <sponsorshipWithdrawnDate />
      </item>
      <item>
        <isOriginalCosponsor>True</isOriginalCosponsor>
        <fullName>Rep. Ruiz, Raul [D-CA-36]</fullName>
        <middleName />
        <sponsorshipDate>2017-05-26</sponsorshipDate>
        <bioguideId>R000599</bioguideId>
        <lastName>Ruiz</lastName>
        <party>D</party>
        <district>36</district>
        <firstName>Raul</firstName>
        <state>CA</state>
        <identifiers>
          <bioguideId>R000599</bioguideId>
          <lisID>2109</lisID>
          <gpoId />
        </identifiers>
        <sponsorshipWithdrawnDate />
      </item>
      <item>
        <isOriginalCosponsor>True</isOriginalCosponsor>
        <fullName>Rep. Ruppersberger, C. A. Dutch [D-MD-2]</fullName>
        <middleName>Dutch</middleName>
        <sponsorshipDate>2017-05-26</sponsorshipDate>
        <bioguideId>R000576</bioguideId>
        <lastName>Ruppersberger</lastName>
        <party>D</party>
        <district>2</district>
        <firstName>C. A.</firstName>
        <state>MD</state>
        <identifiers>
          <gpoId>7977</gpoId>
          <bioguideId>R000576</bioguideId>
          <lisID>1728</lisID>
        </identifiers>
        <sponsorshipWithdrawnDate />
      </item>
      <item>
        <isOriginalCosponsor>True</isOriginalCosponsor>
        <fullName>Rep. Rush, Bobby L. [D-IL-1]</fullName>
        <middleName>L.</middleName>
        <sponsorshipDate>2017-05-26</sponsorshipDate>
        <bioguideId>R000515</bioguideId>
        <lastName>RUSH</lastName>
        <party>D</party>
        <district>1</district>
        <firstName>BOBBY</firstName>
        <state>IL</state>
        <identifiers>
          <lisID>1003</lisID>
          <gpoId>7921</gpoId>
          <bioguideId>R000515</bioguideId>
        </identifiers>
        <sponsorshipWithdrawnDate />
      </item>
      <item>
        <isOriginalCosponsor>True</isOriginalCosponsor>
        <fullName>Rep. Ryan, Tim [D-OH-13]</fullName>
        <middleName />
        <sponsorshipDate>2017-05-26</sponsorshipDate>
        <bioguideId>R000577</bioguideId>
        <lastName>RYAN</lastName>
        <party>D</party>
        <district>13</district>
        <firstName>TIM</firstName>
        <state>OH</state>
        <identifiers>
          <lisID>1756</lisID>
          <bioguideId>R000577</bioguideId>
          <gpoId>8107</gpoId>
        </identifiers>
        <sponsorshipWithdrawnDate />
      </item>
      <item>
        <isOriginalCosponsor>True</isOriginalCosponsor>
        <fullName>Rep. Sanchez, Linda T. [D-CA-38]</fullName>
        <middleName>T.</middleName>
        <sponsorshipDate>2017-05-26</sponsorshipDate>
        <bioguideId>S001156</bioguideId>
        <lastName>SANCHEZ</lastName>
        <party>D</party>
        <district>38</district>
        <firstName>LINDA</firstName>
        <state>CA</state>
        <identifiers>
          <gpoId>7844</gpoId>
          <bioguideId>S001156</bioguideId>
          <lisID>1757</lisID>
        </identifiers>
        <sponsorshipWithdrawnDate />
      </item>
      <item>
        <isOriginalCosponsor>True</isOriginalCosponsor>
        <fullName>Rep. Schakowsky, Janice D. [D-IL-9]</fullName>
        <middleName>D.</middleName>
        <sponsorshipDate>2017-05-26</sponsorshipDate>
        <bioguideId>S001145</bioguideId>
        <lastName>SCHAKOWSKY</lastName>
        <party>D</party>
        <district>9</district>
        <firstName>JANICE</firstName>
        <state>IL</state>
        <identifiers>
          <gpoId>7929</gpoId>
          <bioguideId>S001145</bioguideId>
          <lisID>1588</lisID>
        </identifiers>
        <sponsorshipWithdrawnDate />
      </item>
      <item>
        <isOriginalCosponsor>True</isOriginalCosponsor>
        <fullName>Rep. Schiff, Adam B. [D-CA-28]</fullName>
        <middleName>B.</middleName>
        <sponsorshipDate>2017-05-26</sponsorshipDate>
        <bioguideId>S001150</bioguideId>
        <lastName>SCHIFF</lastName>
        <party>D</party>
        <district>28</district>
        <firstName>ADAM</firstName>
        <state>CA</state>
        <identifiers>
          <bioguideId>S001150</bioguideId>
          <lisID>1635</lisID>
          <gpoId>7834</gpoId>
        </identifiers>
        <sponsorshipWithdrawnDate />
      </item>
      <item>
        <isOriginalCosponsor>True</isOriginalCosponsor>
        <fullName>Rep. Scott, David [D-GA-13]</fullName>
        <middleName />
        <sponsorshipDate>2017-05-26</sponsorshipDate>
        <bioguideId>S001157</bioguideId>
        <lastName>Scott</lastName>
        <party>D</party>
        <district>13</district>
        <firstName>David</firstName>
        <state>GA</state>
        <identifiers>
          <bioguideId>S001157</bioguideId>
          <gpoId>7910</gpoId>
          <lisID>1722</lisID>
        </identifiers>
        <sponsorshipWithdrawnDate />
      </item>
      <item>
        <isOriginalCosponsor>True</isOriginalCosponsor>
        <fullName>Rep. Serrano, Jose E. [D-NY-15]</fullName>
        <middleName>E.</middleName>
        <sponsorshipDate>2017-05-26</sponsorshipDate>
        <bioguideId>S000248</bioguideId>
        <lastName>SERRANO</lastName>
        <party>D</party>
        <district>15</district>
        <firstName>JOSE</firstName>
        <state>NY</state>
        <identifiers>
          <bioguideId>S000248</bioguideId>
          <lisID>1042</lisID>
          <gpoId>8077</gpoId>
        </identifiers>
        <sponsorshipWithdrawnDate />
      </item>
      <item>
        <isOriginalCosponsor>True</isOriginalCosponsor>
        <fullName>Rep. Shea-Porter, Carol [D-NH-1]</fullName>
        <middleName />
        <sponsorshipDate>2017-05-26</sponsorshipDate>
        <bioguideId>S001170</bioguideId>
        <lastName>Shea-Porter</lastName>
        <party>D</party>
        <district>1</district>
        <firstName>Carol</firstName>
        <state>NH</state>
        <identifiers>
          <gpoId>7528</gpoId>
          <lisID>1861</lisID>
          <bioguideId>S001170</bioguideId>
        </identifiers>
        <sponsorshipWithdrawnDate />
      </item>
      <item>
        <isOriginalCosponsor>True</isOriginalCosponsor>
        <fullName>Rep. Sires, Albio [D-NJ-8]</fullName>
        <middleName />
        <sponsorshipDate>2017-05-26</sponsorshipDate>
        <bioguideId>S001165</bioguideId>
        <lastName>Sires</lastName>
        <party>D</party>
        <district>8</district>
        <firstName>Albio</firstName>
        <state>NJ</state>
        <identifiers>
          <lisID>1818</lisID>
          <bioguideId>S001165</bioguideId>
          <gpoId>8055</gpoId>
        </identifiers>
        <sponsorshipWithdrawnDate />
      </item>
      <item>
        <isOriginalCosponsor>True</isOriginalCosponsor>
        <fullName>Rep. Slaughter, Louise McIntosh [D-NY-25]</fullName>
        <middleName>M.</middleName>
        <sponsorshipDate>2017-05-26</sponsorshipDate>
        <bioguideId>S000480</bioguideId>
        <lastName>SLAUGHTER</lastName>
        <party>D</party>
        <district>25</district>
        <firstName>LOUISE</firstName>
        <state>NY</state>
        <identifiers>
          <gpoId>8089</gpoId>
          <lisID>1069</lisID>
          <bioguideId>S000480</bioguideId>
        </identifiers>
        <sponsorshipWithdrawnDate />
      </item>
      <item>
        <isOriginalCosponsor>True</isOriginalCosponsor>
        <fullName>Rep. Speier, Jackie [D-CA-14]</fullName>
        <middleName />
        <sponsorshipDate>2017-05-26</sponsorshipDate>
        <bioguideId>S001175</bioguideId>
        <lastName>Speier</lastName>
        <party>D</party>
        <district>14</district>
        <firstName>Jackie</firstName>
        <state>CA</state>
        <identifiers>
          <gpoId>7817</gpoId>
          <lisID>1890</lisID>
          <bioguideId>S001175</bioguideId>
        </identifiers>
        <sponsorshipWithdrawnDate />
      </item>
      <item>
        <isOriginalCosponsor>True</isOriginalCosponsor>
        <fullName>Rep. Swalwell, Eric [D-CA-15]</fullName>
        <middleName />
        <sponsorshipDate>2017-05-26</sponsorshipDate>
        <bioguideId>S001193</bioguideId>
        <lastName>Swalwell</lastName>
        <party>D</party>
        <district>15</district>
        <firstName>Eric</firstName>
        <state>CA</state>
        <identifiers>
          <bioguideId>S001193</bioguideId>
          <lisID>2104</lisID>
          <gpoId />
        </identifiers>
        <sponsorshipWithdrawnDate />
      </item>
      <item>
        <isOriginalCosponsor>True</isOriginalCosponsor>
        <fullName>Rep. Takano, Mark [D-CA-41]</fullName>
        <middleName />
        <sponsorshipDate>2017-05-26</sponsorshipDate>
        <bioguideId>T000472</bioguideId>
        <lastName>Takano</lastName>
        <party>D</party>
        <district>41</district>
        <firstName>Mark</firstName>
        <state>CA</state>
        <identifiers>
          <lisID>2110</lisID>
          <gpoId />
          <bioguideId>T000472</bioguideId>
        </identifiers>
        <sponsorshipWithdrawnDate />
      </item>
      <item>
        <isOriginalCosponsor>True</isOriginalCosponsor>
        <fullName>Rep. Titus, Dina [D-NV-1]</fullName>
        <middleName />
        <sponsorshipDate>2017-05-26</sponsorshipDate>
        <bioguideId>T000468</bioguideId>
        <lastName>Titus</lastName>
        <party>D</party>
        <district>1</district>
        <firstName>Dina</firstName>
        <state>NV</state>
        <identifiers>
          <lisID>1940</lisID>
          <bioguideId>T000468</bioguideId>
          <gpoId>7493</gpoId>
        </identifiers>
        <sponsorshipWithdrawnDate />
      </item>
      <item>
        <isOriginalCosponsor>True</isOriginalCosponsor>
        <fullName>Rep. Tonko, Paul [D-NY-20]</fullName>
        <middleName />
        <sponsorshipDate>2017-05-26</sponsorshipDate>
        <bioguideId>T000469</bioguideId>
        <lastName>Tonko</lastName>
        <party>D</party>
        <district>20</district>
        <firstName>Paul</firstName>
        <state>NY</state>
        <identifiers>
          <lisID>1942</lisID>
          <gpoId>8082</gpoId>
          <bioguideId>T000469</bioguideId>
        </identifiers>
        <sponsorshipWithdrawnDate />
      </item>
      <item>
        <isOriginalCosponsor>True</isOriginalCosponsor>
        <fullName>Rep. Torres, Norma J. [D-CA-35]</fullName>
        <middleName>J.</middleName>
        <sponsorshipDate>2017-05-26</sponsorshipDate>
        <bioguideId>T000474</bioguideId>
        <lastName>Torres</lastName>
        <party>D</party>
        <district>35</district>
        <firstName>Norma</firstName>
        <state>CA</state>
        <identifiers>
          <bioguideId>T000474</bioguideId>
          <lisID>2231</lisID>
          <gpoId />
        </identifiers>
        <sponsorshipWithdrawnDate />
      </item>
      <item>
        <isOriginalCosponsor>True</isOriginalCosponsor>
        <fullName>Rep. Tsongas, Niki [D-MA-3]</fullName>
        <middleName />
        <sponsorshipDate>2017-05-26</sponsorshipDate>
        <bioguideId>T000465</bioguideId>
        <lastName>Tsongas</lastName>
        <party>D</party>
        <district>3</district>
        <firstName>Niki</firstName>
        <state>MA</state>
        <identifiers>
          <lisID>1884</lisID>
          <bioguideId>T000465</bioguideId>
          <gpoId>7970</gpoId>
        </identifiers>
        <sponsorshipWithdrawnDate />
      </item>
      <item>
        <isOriginalCosponsor>True</isOriginalCosponsor>
        <fullName>Rep. Vargas, Juan [D-CA-51]</fullName>
        <middleName />
        <sponsorshipDate>2017-05-26</sponsorshipDate>
        <bioguideId>V000130</bioguideId>
        <lastName>Vargas</lastName>
        <party>D</party>
        <district>51</district>
        <firstName>Juan</firstName>
        <state>CA</state>
        <identifiers>
          <lisID>2112</lisID>
          <bioguideId>V000130</bioguideId>
          <gpoId />
        </identifiers>
        <sponsorshipWithdrawnDate />
      </item>
      <item>
        <isOriginalCosponsor>True</isOriginalCosponsor>
        <fullName>Rep. Veasey, Marc A. [D-TX-33]</fullName>
        <middleName>A.</middleName>
        <sponsorshipDate>2017-05-26</sponsorshipDate>
        <bioguideId>V000131</bioguideId>
        <lastName>Veasey</lastName>
        <party>D</party>
        <district>33</district>
        <firstName>Marc</firstName>
        <state>TX</state>
        <identifiers>
          <gpoId />
          <lisID>2166</lisID>
          <bioguideId>V000131</bioguideId>
        </identifiers>
        <sponsorshipWithdrawnDate />
      </item>
      <item>
        <isOriginalCosponsor>True</isOriginalCosponsor>
        <fullName>Rep. Velazquez, Nydia M. [D-NY-7]</fullName>
        <middleName>M.</middleName>
        <sponsorshipDate>2017-05-26</sponsorshipDate>
        <bioguideId>V000081</bioguideId>
        <lastName>VELAZQUEZ</lastName>
        <party>D</party>
        <district>7</district>
        <firstName>NYDIA</firstName>
        <state>NY</state>
        <identifiers>
          <bioguideId>V000081</bioguideId>
          <lisID>1184</lisID>
          <gpoId>8073</gpoId>
        </identifiers>
        <sponsorshipWithdrawnDate />
      </item>
      <item>
        <isOriginalCosponsor>True</isOriginalCosponsor>
        <fullName>Rep. Wasserman Schultz, Debbie [D-FL-23]</fullName>
        <middleName />
        <sponsorshipDate>2017-05-26</sponsorshipDate>
        <bioguideId>W000797</bioguideId>
        <lastName>Wasserman Schultz</lastName>
        <party>D</party>
        <district>23</district>
        <firstName>Debbie</firstName>
        <state>FL</state>
        <identifiers>
          <lisID>1777</lisID>
          <bioguideId>W000797</bioguideId>
          <gpoId>7892</gpoId>
        </identifiers>
        <sponsorshipWithdrawnDate />
      </item>
      <item>
        <isOriginalCosponsor>True</isOriginalCosponsor>
        <fullName>Rep. Waters, Maxine [D-CA-43]</fullName>
        <middleName />
        <sponsorshipDate>2017-05-26</sponsorshipDate>
        <bioguideId>W000187</bioguideId>
        <lastName>WATERS</lastName>
        <party>D</party>
        <district>43</district>
        <firstName>MAXINE</firstName>
        <state>CA</state>
        <identifiers>
          <gpoId>7840</gpoId>
          <lisID>1205</lisID>
          <bioguideId>W000187</bioguideId>
        </identifiers>
        <sponsorshipWithdrawnDate />
      </item>
      <item>
        <isOriginalCosponsor>True</isOriginalCosponsor>
        <fullName>Rep. Yarmuth, John A. [D-KY-3]</fullName>
        <middleName>A.</middleName>
        <sponsorshipDate>2017-05-26</sponsorshipDate>
        <bioguideId>Y000062</bioguideId>
        <lastName>Yarmuth</lastName>
        <party>D</party>
        <district>3</district>
        <firstName>John</firstName>
        <state>KY</state>
        <identifiers>
          <lisID>1853</lisID>
          <bioguideId>Y000062</bioguideId>
          <gpoId>7955</gpoId>
        </identifiers>
        <sponsorshipWithdrawnDate />
      </item>
      <item>
        <isOriginalCosponsor>True</isOriginalCosponsor>
        <fullName>Rep. Ellison, Keith [D-MN-5]</fullName>
        <middleName />
        <sponsorshipDate>2017-05-26</sponsorshipDate>
        <bioguideId>E000288</bioguideId>
        <lastName>Ellison</lastName>
        <party>D</party>
        <district>5</district>
        <firstName>Keith</firstName>
        <state>MN</state>
        <identifiers>
          <lisID>1857</lisID>
          <gpoId>8005</gpoId>
          <bioguideId>E000288</bioguideId>
        </identifiers>
        <sponsorshipWithdrawnDate />
      </item>
      <item>
        <isOriginalCosponsor>True</isOriginalCosponsor>
        <fullName>Rep. Watson Coleman, Bonnie [D-NJ-12]</fullName>
        <middleName />
        <sponsorshipDate>2017-05-26</sponsorshipDate>
        <bioguideId>W000822</bioguideId>
        <lastName>Watson Coleman</lastName>
        <party>D</party>
        <district>12</district>
        <firstName>Bonnie</firstName>
        <state>NJ</state>
        <identifiers>
          <lisID>2259</lisID>
          <gpoId />
          <bioguideId>W000822</bioguideId>
        </identifiers>
        <sponsorshipWithdrawnDate />
      </item>
      <item>
        <isOriginalCosponsor>False</isOriginalCosponsor>
        <fullName>Rep. Bass, Karen [D-CA-37]</fullName>
        <middleName />
        <sponsorshipDate>2017-05-30</sponsorshipDate>
        <bioguideId>B001270</bioguideId>
        <lastName>Bass</lastName>
        <party>D</party>
        <district>37</district>
        <firstName>Karen</firstName>
        <state>CA</state>
        <identifiers>
          <bioguideId>B001270</bioguideId>
          <lisID>1996</lisID>
          <gpoId>7838</gpoId>
        </identifiers>
        <sponsorshipWithdrawnDate />
      </item>
      <item>
        <isOriginalCosponsor>False</isOriginalCosponsor>
        <fullName>Rep. Brown, Anthony G. [D-MD-4]</fullName>
        <middleName>G.</middleName>
        <sponsorshipDate>2017-05-30</sponsorshipDate>
        <bioguideId>B001304</bioguideId>
        <lastName>Brown</lastName>
        <party>D</party>
        <district>4</district>
        <firstName>Anthony</firstName>
        <state>MD</state>
        <identifiers>
          <lisID>2331</lisID>
          <gpoId />
          <bioguideId>B001304</bioguideId>
        </identifiers>
        <sponsorshipWithdrawnDate />
      </item>
      <item>
        <isOriginalCosponsor>False</isOriginalCosponsor>
        <fullName>Rep. Lieu, Ted [D-CA-33]</fullName>
        <middleName />
        <sponsorshipDate>2017-05-30</sponsorshipDate>
        <bioguideId>L000582</bioguideId>
        <lastName>Lieu</lastName>
        <party>D</party>
        <district>33</district>
        <firstName>Ted</firstName>
        <state>CA</state>
        <identifiers>
          <bioguideId>L000582</bioguideId>
          <gpoId />
          <lisID>2230</lisID>
        </identifiers>
        <sponsorshipWithdrawnDate />
      </item>
      <item>
        <isOriginalCosponsor>False</isOriginalCosponsor>
        <fullName>Rep. Maloney, Sean Patrick [D-NY-18]</fullName>
        <middleName>Patrick</middleName>
        <sponsorshipDate>2017-05-30</sponsorshipDate>
        <bioguideId>M001185</bioguideId>
        <lastName>Maloney</lastName>
        <party>D</party>
        <district>18</district>
        <firstName>Sean</firstName>
        <state>NY</state>
        <identifiers>
          <bioguideId>M001185</bioguideId>
          <gpoId />
          <lisID>2150</lisID>
        </identifiers>
        <sponsorshipWithdrawnDate />
      </item>
      <item>
        <isOriginalCosponsor>False</isOriginalCosponsor>
        <fullName>Rep. Kilmer, Derek [D-WA-6]</fullName>
        <middleName />
        <sponsorshipDate>2017-06-08</sponsorshipDate>
        <bioguideId>K000381</bioguideId>
        <lastName>Kilmer</lastName>
        <party>D</party>
        <district>6</district>
        <firstName>Derek</firstName>
        <state>WA</state>
        <identifiers>
          <lisID>2169</lisID>
          <bioguideId>K000381</bioguideId>
          <gpoId />
        </identifiers>
        <sponsorshipWithdrawnDate />
      </item>
      <item>
        <isOriginalCosponsor>False</isOriginalCosponsor>
        <fullName>Rep. Soto, Darren [D-FL-9]</fullName>
        <middleName />
        <sponsorshipDate>2017-06-08</sponsorshipDate>
        <bioguideId>S001200</bioguideId>
        <lastName>Soto</lastName>
        <party>D</party>
        <district>9</district>
        <firstName>Darren</firstName>
        <state>FL</state>
        <identifiers>
          <gpoId />
          <bioguideId>S001200</bioguideId>
          <lisID>2319</lisID>
        </identifiers>
        <sponsorshipWithdrawnDate />
      </item>
      <item>
        <isOriginalCosponsor>False</isOriginalCosponsor>
        <fullName>Rep. Lewis, John [D-GA-5]</fullName>
        <middleName />
        <sponsorshipDate>2017-06-08</sponsorshipDate>
        <bioguideId>L000287</bioguideId>
        <lastName>LEWIS</lastName>
        <party>D</party>
        <district>5</district>
        <firstName>JOHN</firstName>
        <state>GA</state>
        <identifiers>
          <lisID>688</lisID>
          <bioguideId>L000287</bioguideId>
          <gpoId>7902</gpoId>
        </identifiers>
        <sponsorshipWithdrawnDate />
      </item>
      <item>
        <isOriginalCosponsor>False</isOriginalCosponsor>
        <fullName>Rep. Khanna, Ro [D-CA-17]</fullName>
        <middleName />
        <sponsorshipDate>2017-10-03</sponsorshipDate>
        <bioguideId>K000389</bioguideId>
        <lastName>Khanna</lastName>
        <party>D</party>
        <district>17</district>
        <firstName>Ro</firstName>
        <state>CA</state>
        <identifiers>
          <bioguideId>K000389</bioguideId>
          <gpoId />
          <lisID>2308</lisID>
        </identifiers>
        <sponsorshipWithdrawnDate />
      </item>
      <item>
        <isOriginalCosponsor>False</isOriginalCosponsor>
        <fullName>Rep. Castor, Kathy [D-FL-14]</fullName>
        <middleName />
        <sponsorshipDate>2017-10-04</sponsorshipDate>
        <bioguideId>C001066</bioguideId>
        <lastName>Castor</lastName>
        <party>D</party>
        <district>14</district>
        <firstName>Kathy</firstName>
        <state>FL</state>
        <identifiers>
          <gpoId>7883</gpoId>
          <lisID>1839</lisID>
          <bioguideId>C001066</bioguideId>
        </identifiers>
        <sponsorshipWithdrawnDate />
      </item>
      <item>
        <isOriginalCosponsor>False</isOriginalCosponsor>
        <fullName>Rep. Doggett, Lloyd [D-TX-35]</fullName>
        <middleName />
        <sponsorshipDate>2017-10-04</sponsorshipDate>
        <bioguideId>D000399</bioguideId>
        <lastName>DOGGETT</lastName>
        <party>D</party>
        <district>35</district>
        <firstName>LLOYD</firstName>
        <state>TX</state>
        <identifiers>
          <lisID>303</lisID>
          <bioguideId>D000399</bioguideId>
          <gpoId>8181</gpoId>
        </identifiers>
        <sponsorshipWithdrawnDate />
      </item>
      <item>
        <isOriginalCosponsor>False</isOriginalCosponsor>
        <fullName>Rep. Gomez, Jimmy [D-CA-34]</fullName>
        <middleName />
        <sponsorshipDate>2017-10-04</sponsorshipDate>
        <bioguideId>G000585</bioguideId>
        <lastName>Gomez</lastName>
        <party>D</party>
        <district>34</district>
        <firstName>Jimmy</firstName>
        <state>CA</state>
        <identifiers>
          <lisID>2362</lisID>
          <bioguideId>G000585</bioguideId>
          <gpoId />
        </identifiers>
        <sponsorshipWithdrawnDate />
      </item>
      <item>
        <isOriginalCosponsor>False</isOriginalCosponsor>
        <fullName>Rep. Higgins, Brian [D-NY-26]</fullName>
        <middleName />
        <sponsorshipDate>2017-10-04</sponsorshipDate>
        <bioguideId>H001038</bioguideId>
        <lastName>Higgins</lastName>
        <party>D</party>
        <district>26</district>
        <firstName>Brian</firstName>
        <state>NY</state>
        <identifiers>
          <gpoId>8088</gpoId>
          <lisID>1794</lisID>
          <bioguideId>H001038</bioguideId>
        </identifiers>
        <sponsorshipWithdrawnDate />
      </item>
    </cosponsors>
    <constitutionalAuthorityStatementText />
    <policyArea>
      <name>Congress</name>
    </policyArea>
    <cboCostEstimates />
    <laws />
    <congress>115</congress>
    <version>1.0.0</version>
    <introducedDate>2017-05-26</introducedDate>
    <committeeReports />
    <titles>
      <item>
        <chamberCode />
        <title>Amending the Rules of the House of Representatives to require that a standing committee (or subcommittee thereof) hearing be held whenever there is a moment of silence in the House for a tragedy involving gun violence.</title>
        <titleType>Official Title as Introduced</titleType>
        <parentTitleType />
        <chamberName />
      </item>
      <item>
        <chamberCode />
        <title>Amending the Rules of the House of Representatives to require that a standing committee (or subcommittee thereof) hearing be held whenever there is a moment of silence in the House for a tragedy involving gun violence.</title>
        <titleType>Display Title</titleType>
        <parentTitleType />
        <chamberName />
      </item>
    </titles>
    <calendarNumbers />
    <subjects>
      <billSubjects>
        <policyArea>
          <name>Congress</name>
        </policyArea>
        <legislativeSubjects>
          <item>
            <name>Congressional operations and organization</name>
          </item>
          <item>
            <name>Congressional oversight</name>
          </item>
          <item>
            <name>Firearms and explosives</name>
          </item>
          <item>
            <name>House of Representatives</name>
          </item>
          <item>
            <name>Legislative rules and procedure</name>
          </item>
          <item>
            <name>Violent crime</name>
          </item>
        </legislativeSubjects>
      </billSubjects>
    </subjects>
    <billType>HRES</billType>
  </bill>
  <dublinCore xmlns:dc="http://purl.org/dc/elements/1.1/">
    <dc:format>text/xml</dc:format>
    <dc:language>EN</dc:language>
    <dc:rights>Pursuant to Title 17 Section 105 of the United States Code, this file is not subject to copyright protection and is in the public domain.</dc:rights>
    <dc:contributor>Congressional Research Service, Library of Congress</dc:contributor>
    <dc:description>This file contains bill summaries and statuses for federal legislation. A bill summary describes the most significant provisions of a piece of legislation and details the effects the legislative text may have on current law and federal programs. Bill summaries are authored by the Congressional Research Service (CRS) of the Library of Congress. As stated in Public Law 91-510 (2 USC 166 (d)(6)), one of the duties of CRS is "to prepare summaries and digests of bills and resolutions of a public general nature introduced in the Senate or House of Representatives". For more information, refer to the User Guide that accompanies this file.</dc:description>
  </dublinCore>
</billStatus>

