<?xml version="1.0" encoding="UTF-8"?>
<billStatus>
  <bill>
    <actions>
      <actionByCounts>
        <houseOfRepresentatives>11</houseOfRepresentatives>
      </actionByCounts>
      <item>
        <actionDate>2017-04-27</actionDate>
        <text>Motion to reconsider laid on the table Agreed to without objection.</text>
        <links />
        <actionCode>H38310</actionCode>
        <committee />
        <type>Floor</type>
        <actionTime>14:08:43</actionTime>
        <sourceSystem>
          <name>House floor actions</name>
          <code>2</code>
        </sourceSystem>
      </item>
      <item>
        <actionDate>2017-04-27</actionDate>
        <text>On agreeing to the resolution Agreed to by recorded vote: 226 - 192 (Roll no. 230). (text: CR H2910)</text>
        <links>
          <link>
            <url>https://www.congress.gov/congressional-record/volume-163/house-section/page/H2910</url>
            <name>H2910</name>
          </link>
          <link>
            <url>http://clerk.house.gov/evs/2017/roll230.xml</url>
            <name>Roll no. 230</name>
          </link>
        </links>
        <actionCode>H37100</actionCode>
        <committee />
        <type>Floor</type>
        <actionTime>14:08:41</actionTime>
        <sourceSystem>
          <name>House floor actions</name>
          <code>2</code>
        </sourceSystem>
      </item>
      <item>
        <actionDate>2017-04-27</actionDate>
        <text>Passed/agreed to in House: On agreeing to the resolution Agreed to by recorded vote: 226 - 192 (Roll no. 230).</text>
        <links>
          <link>
            <url>http://clerk.house.gov/evs/2017/roll230.xml</url>
            <name>Roll no. 230</name>
          </link>
        </links>
        <actionCode>8000</actionCode>
        <committee />
        <type>Floor</type>
        <actionTime>14:08:41</actionTime>
        <sourceSystem>
          <name>Library of Congress</name>
          <code>9</code>
        </sourceSystem>
      </item>
      <item>
        <actionDate>2017-04-27</actionDate>
        <text>On ordering the previous question Agreed to by the Yeas and Nays: 230 - 193 (Roll no. 229). (consideration: CR H2918)</text>
        <links>
          <link>
            <url>https://www.congress.gov/congressional-record/volume-163/house-section/page/H2918</url>
            <name>H2918</name>
          </link>
          <link>
            <url>http://clerk.house.gov/evs/2017/roll229.xml</url>
            <name>Roll no. 229</name>
          </link>
        </links>
        <actionCode>H35000</actionCode>
        <committee />
        <type>Floor</type>
        <actionTime>14:00:02</actionTime>
        <sourceSystem>
          <name>House floor actions</name>
          <code>2</code>
        </sourceSystem>
      </item>
      <item>
        <actionDate>2017-04-27</actionDate>
        <text>DEBATE - The House proceeded with one hour of debate on H. Res. 280.</text>
        <links>
          <link>
            <url>https://www.congress.gov/bill/115th-congress/house-resolution/280</url>
            <name>H. Res. 280</name>
          </link>
        </links>
        <actionCode>H8D000</actionCode>
        <committee />
        <type>Floor</type>
        <actionTime>12:37:30</actionTime>
        <sourceSystem>
          <name>House floor actions</name>
          <code>2</code>
        </sourceSystem>
      </item>
      <item>
        <actionDate>2017-04-27</actionDate>
        <text>Considered as privileged matter. (consideration: CR H2910-2919)</text>
        <links>
          <link>
            <url>https://www.congress.gov/congressional-record/volume-163/house-section/page/H2910-2919</url>
            <name>H2910-2919</name>
          </link>
        </links>
        <actionCode>H30000</actionCode>
        <committee />
        <type>Floor</type>
        <actionTime>12:34:08</actionTime>
        <sourceSystem>
          <name>House floor actions</name>
          <code>2</code>
        </sourceSystem>
      </item>
      <item>
        <actionDate>2017-04-26</actionDate>
        <text>Placed on the House Calendar, Calendar No. 42.</text>
        <links />
        <actionCode>H12420</actionCode>
        <type>Calendars</type>
        <committee />
        <sourceSystem>
          <name>House floor actions</name>
          <code>2</code>
        </sourceSystem>
      </item>
      <item>
        <actionDate>2017-04-26</actionDate>
        <text>It shall be in order at any time through the legislative day of April 29, 2017, for the Speaker to entertain motions that the House suspend the rules.</text>
        <links />
        <actionCode>H12700</actionCode>
        <committee />
        <type>Floor</type>
        <actionTime>16:53:07</actionTime>
        <sourceSystem>
          <name>House floor actions</name>
          <code>2</code>
        </sourceSystem>
      </item>
      <item>
        <actionDate>2017-04-26</actionDate>
        <text>The House Committee on Rules reported an original measure, H. Rept. 115-96, by Mr. Woodall.</text>
        <links>
          <link>
            <url>https://www.congress.gov/congressional-report/115th-congress/house-report/96</url>
            <name>H. Rept. 115-96</name>
          </link>
        </links>
        <actionCode>H12100</actionCode>
        <type>Committee</type>
        <committee>
          <name>Rules Committee</name>
          <systemCode>hsru00</systemCode>
        </committee>
        <sourceSystem>
          <name>House floor actions</name>
          <code>2</code>
        </sourceSystem>
      </item>
      <item>
        <actionDate>2017-04-26</actionDate>
        <text>The House Committee on Rules reported an original measure, H. Rept. 115-96, by Mr. Woodall.</text>
        <links>
          <link>
            <url>https://www.congress.gov/congressional-report/115th-congress/house-report/96</url>
            <name>H. Rept. 115-96</name>
          </link>
        </links>
        <actionCode>5000</actionCode>
        <type>Committee</type>
        <committee>
          <name>Rules Committee</name>
          <systemCode>hsru00</systemCode>
        </committee>
        <sourceSystem>
          <name>Library of Congress</name>
          <code>9</code>
        </sourceSystem>
      </item>
      <item>
        <actionDate>2017-04-26</actionDate>
        <text>Introduced in House</text>
        <links />
        <actionCode>1000</actionCode>
        <type>IntroReferral</type>
        <committee />
        <sourceSystem>
          <name>Library of Congress</name>
          <code>9</code>
        </sourceSystem>
      </item>
      <actionTypeCounts>
        <considerationByHouse>1</considerationByHouse>
        <motionForPreviousQuestion>1</motionForPreviousQuestion>
        <houseCalendarAssignment>1</houseCalendarAssignment>
        <passageOfAMeasure>1</passageOfAMeasure>
        <generalDebate>1</generalDebate>
        <motionToReconsiderResults>1</motionToReconsiderResults>
        <passedAgreedToInHouse>1</passedAgreedToInHouse>
        <introducedInHouse>1</introducedInHouse>
        <committeeReportOfAnOriginalMeasure>1</committeeReportOfAnOriginalMeasure>
        <provisionsOfARule>1</provisionsOfARule>
        <reportedToHouse>1</reportedToHouse>
      </actionTypeCounts>
    </actions>
    <constitutionalAuthorityStatementText />
    <latestAction>
      <links />
      <text>Motion to reconsider laid on the table Agreed to without objection.</text>
      <actionTime>14:08:43</actionTime>
      <actionDate>2017-04-27</actionDate>
    </latestAction>
    <laws />
    <cosponsors />
    <title>Providing for consideration of the bill (H.R. 1694) to require additional entities to be subject to the requirements of section 552 of title 5, United States Code (commonly referred to as the Freedom of Information Act), and for other purposes; providing for consideration of motions to suspend the rules; and waiving a requirement of clause 6(a) of rule XIII with respect to consideration of certain resolutions reported from the Committee on Rules.</title>
    <committees>
      <billCommittees>
        <item>
          <activities>
            <item>
              <date>2017-04-26T20:53:06Z</date>
              <name>Reported original measure</name>
            </item>
          </activities>
          <type>Standing</type>
          <systemCode>hsru00</systemCode>
          <name>Rules Committee</name>
          <subcommittees />
          <chamber>House</chamber>
        </item>
      </billCommittees>
    </committees>
    <notes />
    <committeeReports>
      <committeeReport>
        <citation>H. Rept. 115-96</citation>
      </committeeReport>
    </committeeReports>
    <calendarNumbers>
      <item>
        <calendar>H00042</calendar>
        <number />
      </item>
    </calendarNumbers>
    <policyArea>
      <name>Congress</name>
    </policyArea>
    <summaries>
      <billSummaries>
        <item>
          <actionDesc>Introduced in House</actionDesc>
          <updateDate>2017-04-26T04:00:00Z</updateDate>
          <name>Introduced in House</name>
          <lastSummaryUpdateDate>2017-04-27T08:03:53Z</lastSummaryUpdateDate>
          <actionDate>2017-04-26</actionDate>
          <text><![CDATA[Sets forth the rule for consideration of the bill (H.R. 1694) to require additional entities to be subject to the requirements of section 552 of title 5, United States Code (commonly referred to as the Freedom of Information Act), and for other purposes; providing for consideration of motions to suspend the rules; and waiving a requirement of clause 6(a) of rule XIII with respect to consideration of certain resolutions reported from the Committee on Rules.]]></text>
          <versionCode>00</versionCode>
        </item>
      </billSummaries>
    </summaries>
    <subjects>
      <billSubjects>
        <legislativeSubjects>
          <item>
            <name>House of Representatives</name>
          </item>
          <item>
            <name>Legislative rules and procedure</name>
          </item>
        </legislativeSubjects>
        <policyArea>
          <name>Congress</name>
        </policyArea>
      </billSubjects>
    </subjects>
    <billNumber>280</billNumber>
    <cboCostEstimates />
    <introducedDate>2017-04-26</introducedDate>
    <congress>115</congress>
    <billType>HRES</billType>
    <sponsors>
      <item>
        <state>GA</state>
        <middleName />
        <bioguideId>W000810</bioguideId>
        <firstName>Rob</firstName>
        <byRequestType />
        <lastName>Woodall</lastName>
        <identifiers>
          <gpoId>7904</gpoId>
          <bioguideId>W000810</bioguideId>
          <lisID>2008</lisID>
        </identifiers>
        <fullName>Rep. Woodall, Rob [R-GA-7]</fullName>
        <party>R</party>
        <district>7</district>
      </item>
    </sponsors>
    <amendments />
    <version>1.0.0</version>
    <relatedBills>
      <item>
        <number>1694</number>
        <latestTitle>Fannie and Freddie Open Records Act of 2017</latestTitle>
        <type>HR</type>
        <congress>115</congress>
        <relationshipDetails>
          <item>
            <identifiedBy>House</identifiedBy>
            <type>Procedurally-related</type>
          </item>
        </relationshipDetails>
        <latestAction>
          <actionDate>2017-04-28</actionDate>
          <text>Received in the Senate and Read twice and referred to the Committee on the Judiciary.</text>
        </latestAction>
      </item>
    </relatedBills>
    <createDate>2017-04-27T03:11:40Z</createDate>
    <updateDate>2018-02-22T15:26:50Z</updateDate>
    <recordedVotes>
      <recordedVote>
        <congress>115</congress>
        <date>2017-04-27T18:08:41Z</date>
        <fullActionName>Passage of a Measure</fullActionName>
        <rollNumber>230</rollNumber>
        <url>http://clerk.house.gov/evs/2017/roll230.xml</url>
        <chamber>House</chamber>
        <sessionNumber>1</sessionNumber>
      </recordedVote>
      <recordedVote>
        <congress>115</congress>
        <date>2017-04-27T18:00:02Z</date>
        <fullActionName>Motion for Previous Question</fullActionName>
        <rollNumber>229</rollNumber>
        <url>http://clerk.house.gov/evs/2017/roll229.xml</url>
        <chamber>House</chamber>
        <sessionNumber>1</sessionNumber>
      </recordedVote>
    </recordedVotes>
    <titles>
      <item>
        <title>Providing for consideration of the bill (H.R. 1694) to require additional entities to be subject to the requirements of section 552 of title 5, United States Code (commonly referred to as the Freedom of Information Act), and for other purposes; providing for consideration of motions to suspend the rules; and waiving a requirement of clause 6(a) of rule XIII with respect to consideration of certain resolutions reported from the Committee on Rules.</title>
        <titleType>Official Title as Introduced</titleType>
        <chamberCode />
        <parentTitleType />
        <chamberName />
      </item>
      <item>
        <title>Providing for consideration of the bill (H.R. 1694) to require additional entities to be subject to the requirements of section 552 of title 5, United States Code (commonly referred to as the Freedom of Information Act), and for other purposes; providing for consideration of motions to suspend the rules; and waiving a requirement of clause 6(a) of rule XIII with respect to consideration of certain resolutions reported from the Committee on Rules.</title>
        <titleType>Display Title</titleType>
        <chamberCode />
        <parentTitleType />
        <chamberName />
      </item>
    </titles>
    <originChamber>House</originChamber>
  </bill>
  <dublinCore xmlns:dc="http://purl.org/dc/elements/1.1/">
    <dc:format>text/xml</dc:format>
    <dc:language>EN</dc:language>
    <dc:rights>Pursuant to Title 17 Section 105 of the United States Code, this file is not subject to copyright protection and is in the public domain.</dc:rights>
    <dc:contributor>Congressional Research Service, Library of Congress</dc:contributor>
    <dc:description>This file contains bill summaries and statuses for federal legislation. A bill summary describes the most significant provisions of a piece of legislation and details the effects the legislative text may have on current law and federal programs. Bill summaries are authored by the Congressional Research Service (CRS) of the Library of Congress. As stated in Public Law 91-510 (2 USC 166 (d)(6)), one of the duties of CRS is "to prepare summaries and digests of bills and resolutions of a public general nature introduced in the Senate or House of Representatives". For more information, refer to the User Guide that accompanies this file.</dc:description>
  </dublinCore>
</billStatus>

