<?xml version="1.0" encoding="UTF-8"?>
<billStatus>
  <bill>
    <billNumber>254</billNumber>
    <committeeReports>
      <committeeReport>
        <citation>H. Rept. 115-88</citation>
      </committeeReport>
    </committeeReports>
    <originChamber>House</originChamber>
    <cboCostEstimates />
    <createDate>2017-04-07T03:11:45Z</createDate>
    <titles>
      <item>
        <titleType>Official Title as Introduced</titleType>
        <chamberCode />
        <title>Providing for further consideration of the bill (H.R. 1628) to provide for reconciliation pursuant to title II of the concurrent resolution on the budget for fiscal year 2017.</title>
        <chamberName />
        <parentTitleType />
      </item>
      <item>
        <titleType>Display Title</titleType>
        <chamberCode />
        <title>Providing for further consideration of the bill (H.R. 1628) to provide for reconciliation pursuant to title II of the concurrent resolution on the budget for fiscal year 2017.</title>
        <chamberName />
        <parentTitleType />
      </item>
    </titles>
    <updateDate>2018-02-22T15:26:50Z</updateDate>
    <notes />
    <subjects>
      <billSubjects>
        <legislativeSubjects>
          <item>
            <name>House of Representatives</name>
          </item>
          <item>
            <name>Legislative rules and procedure</name>
          </item>
        </legislativeSubjects>
        <policyArea>
          <name>Congress</name>
        </policyArea>
      </billSubjects>
    </subjects>
    <constitutionalAuthorityStatementText />
    <relatedBills>
      <item>
        <relationshipDetails>
          <item>
            <identifiedBy>House</identifiedBy>
            <type>Procedurally-related</type>
          </item>
        </relationshipDetails>
        <type>HRES</type>
        <latestAction>
          <actionDate>2017-04-26</actionDate>
          <text>Motion to reconsider laid on the table Agreed to without objection.</text>
          <actionTime>13:54:00</actionTime>
        </latestAction>
        <congress>115</congress>
        <latestTitle>Providing for consideration of the bill (H.R. 1695) to amend title 17, United States Code, to provide additional responsibilities for the Register of Copyrights, and for other purposes.</latestTitle>
        <number>275</number>
      </item>
      <item>
        <relationshipDetails>
          <item>
            <identifiedBy>House</identifiedBy>
            <type>Procedurally-related</type>
          </item>
        </relationshipDetails>
        <type>HR</type>
        <latestAction>
          <actionDate>2017-07-28</actionDate>
          <text>Returned to the Calendar. Calendar No. 120.</text>
        </latestAction>
        <congress>115</congress>
        <latestTitle>American Health Care Act of 2017</latestTitle>
        <number>1628</number>
      </item>
    </relatedBills>
    <laws />
    <congress>115</congress>
    <calendarNumbers>
      <item>
        <calendar>H00039</calendar>
        <number />
      </item>
    </calendarNumbers>
    <introducedDate>2017-04-06</introducedDate>
    <policyArea>
      <name>Congress</name>
    </policyArea>
    <version>1.0.0</version>
    <billType>HRES</billType>
    <committees>
      <billCommittees>
        <item>
          <subcommittees />
          <type>Standing</type>
          <name>Rules Committee</name>
          <activities>
            <item>
              <name>Reported original measure</name>
              <date>2017-04-06T18:39:51Z</date>
            </item>
          </activities>
          <chamber>House</chamber>
          <systemCode>hsru00</systemCode>
        </item>
      </billCommittees>
    </committees>
    <actions>
      <item>
        <text>Pursuant to the provisions of H. Res. 275, H. Res. 254 is laid on the table.</text>
        <actionCode>H1B000</actionCode>
        <actionTime>13:54:05</actionTime>
        <committee />
        <actionDate>2017-04-26</actionDate>
        <type>Floor</type>
        <sourceSystem>
          <code>2</code>
          <name>House floor actions</name>
        </sourceSystem>
        <links>
          <link>
            <name>H. Res. 254</name>
            <url>https://www.congress.gov/bill/115th-congress/house-resolution/254</url>
          </link>
          <link>
            <name>H. Res. 275</name>
            <url>https://www.congress.gov/bill/115th-congress/house-resolution/275</url>
          </link>
        </links>
      </item>
      <item>
        <text>Placed on the House Calendar, Calendar No. 39.</text>
        <actionCode>H12420</actionCode>
        <committee />
        <actionDate>2017-04-06</actionDate>
        <type>Calendars</type>
        <sourceSystem>
          <code>2</code>
          <name>House floor actions</name>
        </sourceSystem>
        <links />
      </item>
      <item>
        <text>The rule provides for further consideration of H.R. 1628. The rule also provides that the further amendment printed Rules Committee Report 115-88 shall be considered as adopted.</text>
        <actionCode>H12700</actionCode>
        <actionTime>14:39:52</actionTime>
        <committee />
        <actionDate>2017-04-06</actionDate>
        <type>Floor</type>
        <sourceSystem>
          <code>2</code>
          <name>House floor actions</name>
        </sourceSystem>
        <links>
          <link>
            <name>H.R. 1628</name>
            <url>https://www.congress.gov/bill/115th-congress/house-bill/1628</url>
          </link>
        </links>
      </item>
      <item>
        <text>The House Committee on Rules reported an original measure, H. Rept. 115-88, by Mr. Sessions.</text>
        <actionCode>H12100</actionCode>
        <committee>
          <systemCode>hsru00</systemCode>
          <name>Rules Committee</name>
        </committee>
        <actionDate>2017-04-06</actionDate>
        <type>Committee</type>
        <sourceSystem>
          <code>2</code>
          <name>House floor actions</name>
        </sourceSystem>
        <links>
          <link>
            <name>H. Rept. 115-88</name>
            <url>https://www.congress.gov/congressional-report/115th-congress/house-report/88</url>
          </link>
        </links>
      </item>
      <item>
        <text>The House Committee on Rules reported an original measure, H. Rept. 115-88, by Mr. Sessions.</text>
        <actionCode>5000</actionCode>
        <committee>
          <systemCode>hsru00</systemCode>
          <name>Rules Committee</name>
        </committee>
        <actionDate>2017-04-06</actionDate>
        <type>Committee</type>
        <sourceSystem>
          <code>9</code>
          <name>Library of Congress</name>
        </sourceSystem>
        <links>
          <link>
            <name>H. Rept. 115-88</name>
            <url>https://www.congress.gov/congressional-report/115th-congress/house-report/88</url>
          </link>
        </links>
      </item>
      <item>
        <text>Introduced in House</text>
        <actionCode>1000</actionCode>
        <committee />
        <actionDate>2017-04-06</actionDate>
        <type>IntroReferral</type>
        <sourceSystem>
          <code>9</code>
          <name>Library of Congress</name>
        </sourceSystem>
        <links />
      </item>
      <actionByCounts>
        <houseOfRepresentatives>6</houseOfRepresentatives>
      </actionByCounts>
      <actionTypeCounts>
        <reportedToHouse>1</reportedToHouse>
        <provisionsOfARule>1</provisionsOfARule>
        <houseCalendarAssignment>1</houseCalendarAssignment>
        <virtualAction>1</virtualAction>
        <committeeReportOfAnOriginalMeasure>1</committeeReportOfAnOriginalMeasure>
        <introducedInHouse>1</introducedInHouse>
      </actionTypeCounts>
    </actions>
    <cosponsors />
    <recordedVotes />
    <amendments />
    <summaries>
      <billSummaries>
        <item>
          <text><![CDATA[<p>Sets forth the rule for consideration of H.R. 1628 (American Health Care Act of 2017).</p>]]></text>
          <lastSummaryUpdateDate>2017-06-12T16:42:38Z</lastSummaryUpdateDate>
          <versionCode>00</versionCode>
          <actionDesc>Introduced in House</actionDesc>
          <actionDate>2017-04-06</actionDate>
          <name>Introduced in House</name>
          <updateDate>2017-04-06T04:00:00Z</updateDate>
        </item>
      </billSummaries>
    </summaries>
    <title>Providing for further consideration of the bill (H.R. 1628) to provide for reconciliation pursuant to title II of the concurrent resolution on the budget for fiscal year 2017.</title>
    <latestAction>
      <actionDate>2017-04-26</actionDate>
      <text>Pursuant to the provisions of H. Res. 275, H. Res. 254 is laid on the table.</text>
      <actionTime>13:54:05</actionTime>
      <links />
    </latestAction>
    <sponsors>
      <item>
        <byRequestType />
        <party>R</party>
        <middleName />
        <lastName>SESSIONS</lastName>
        <district>32</district>
        <bioguideId>S000250</bioguideId>
        <fullName>Rep. Sessions, Pete [R-TX-32]</fullName>
        <firstName>PETE</firstName>
        <identifiers>
          <bioguideId>S000250</bioguideId>
          <lisID>1525</lisID>
          <gpoId>8188</gpoId>
        </identifiers>
        <state>TX</state>
      </item>
    </sponsors>
  </bill>
  <dublinCore xmlns:dc="http://purl.org/dc/elements/1.1/">
    <dc:format>text/xml</dc:format>
    <dc:language>EN</dc:language>
    <dc:rights>Pursuant to Title 17 Section 105 of the United States Code, this file is not subject to copyright protection and is in the public domain.</dc:rights>
    <dc:contributor>Congressional Research Service, Library of Congress</dc:contributor>
    <dc:description>This file contains bill summaries and statuses for federal legislation. A bill summary describes the most significant provisions of a piece of legislation and details the effects the legislative text may have on current law and federal programs. Bill summaries are authored by the Congressional Research Service (CRS) of the Library of Congress. As stated in Public Law 91-510 (2 USC 166 (d)(6)), one of the duties of CRS is "to prepare summaries and digests of bills and resolutions of a public general nature introduced in the Senate or House of Representatives". For more information, refer to the User Guide that accompanies this file.</dc:description>
  </dublinCore>
</billStatus>

