<?xml version="1.0" encoding="UTF-8"?>
<billStatus>
  <bill>
    <constitutionalAuthorityStatementText />
    <originChamber>House</originChamber>
    <subjects>
      <billSubjects>
        <legislativeSubjects>
          <item>
            <name>District of Columbia</name>
          </item>
          <item>
            <name>House of Representatives</name>
          </item>
          <item>
            <name>Intergovernmental relations</name>
          </item>
          <item>
            <name>Legislative rules and procedure</name>
          </item>
          <item>
            <name>Maryland</name>
          </item>
          <item>
            <name>Public transit</name>
          </item>
          <item>
            <name>Regional and metropolitan planning</name>
          </item>
          <item>
            <name>State and local government operations</name>
          </item>
          <item>
            <name>Transportation safety and security</name>
          </item>
          <item>
            <name>Virginia</name>
          </item>
        </legislativeSubjects>
        <policyArea>
          <name>Congress</name>
        </policyArea>
      </billSubjects>
    </subjects>
    <cosponsors />
    <billType>HRES</billType>
    <recordedVotes />
    <laws />
    <committeeReports />
    <actions>
      <actionByCounts>
        <houseOfRepresentatives>6</houseOfRepresentatives>
      </actionByCounts>
      <actionTypeCounts>
        <passedAgreedToInHouse>1</passedAgreedToInHouse>
        <passageOfAMeasure>1</passageOfAMeasure>
        <considerationByHouse>1</considerationByHouse>
        <introducedInTheHouse>1</introducedInTheHouse>
        <introducedInHouse>1</introducedInHouse>
        <motionToReconsiderResults>1</motionToReconsiderResults>
      </actionTypeCounts>
      <item>
        <sourceSystem>
          <name>House floor actions</name>
          <code>2</code>
        </sourceSystem>
        <actionDate>2017-07-24</actionDate>
        <text>Motion to reconsider laid on the table Agreed to without objection.</text>
        <type>Floor</type>
        <links />
        <committee />
        <actionCode>H38310</actionCode>
        <actionTime>18:31:00</actionTime>
      </item>
      <item>
        <sourceSystem>
          <name>House floor actions</name>
          <code>2</code>
        </sourceSystem>
        <actionDate>2017-07-24</actionDate>
        <text>On agreeing to the resolution Agreed to by voice vote.</text>
        <type>Floor</type>
        <links />
        <committee />
        <actionCode>H37100</actionCode>
        <actionTime>18:30:50</actionTime>
      </item>
      <item>
        <sourceSystem>
          <name>Library of Congress</name>
          <code>9</code>
        </sourceSystem>
        <actionDate>2017-07-24</actionDate>
        <text>Passed/agreed to in House: On agreeing to the resolution Agreed to by voice vote.</text>
        <type>Floor</type>
        <links />
        <committee />
        <actionCode>8000</actionCode>
        <actionTime>18:30:50</actionTime>
      </item>
      <item>
        <sourceSystem>
          <name>House floor actions</name>
          <code>2</code>
        </sourceSystem>
        <actionDate>2017-07-24</actionDate>
        <text>Considered as privileged matter.</text>
        <type>Floor</type>
        <links />
        <committee />
        <actionCode>H30000</actionCode>
        <actionTime>18:30:40</actionTime>
      </item>
      <item>
        <sourceSystem>
          <name>Library of Congress</name>
          <code>9</code>
        </sourceSystem>
        <actionDate>2017-07-24</actionDate>
        <text>Introduced in House</text>
        <type>IntroReferral</type>
        <links />
        <committee />
        <actionCode>Intro-H</actionCode>
      </item>
      <item>
        <sourceSystem>
          <name>Library of Congress</name>
          <code>9</code>
        </sourceSystem>
        <actionDate>2017-07-24</actionDate>
        <text>Introduced in House</text>
        <type>IntroReferral</type>
        <links />
        <committee />
        <actionCode>1000</actionCode>
      </item>
    </actions>
    <createDate>2017-07-25T03:11:31Z</createDate>
    <version>1.0.0</version>
    <notes />
    <latestAction>
      <actionDate>2017-07-24</actionDate>
      <text>Motion to reconsider laid on the table Agreed to without objection.</text>
      <actionTime>18:31:00</actionTime>
      <links />
    </latestAction>
    <title>Requesting the Senate to return to the House of Representatives House Joint Resolution 76.</title>
    <summaries>
      <billSummaries>
        <item>
          <versionCode>00</versionCode>
          <text><![CDATA[<p>Directs the Clerk of the House of Representatives to request that the Senate return to the House H.J. Res. 76 (grants congressional consent and approval for Virginia, Maryland, and the District of Columbia to enter into an interstate compact relating to the establishment of the Washington Metrorail Safety Commission).</p>]]></text>
          <actionDesc>Introduced in House</actionDesc>
          <actionDate>2017-07-24</actionDate>
          <lastSummaryUpdateDate>2017-11-09T22:33:39Z</lastSummaryUpdateDate>
          <name>Introduced in House</name>
          <updateDate>2017-07-24T04:00:00Z</updateDate>
        </item>
        <item>
          <versionCode>81</versionCode>
          <text><![CDATA[<p>(This measure has not been amended since it was introduced. The summary of that version is repeated here.)</p> <p>Directs the Clerk of the House of Representatives to request that the Senate return to the House H.J. Res. 76 (grants congressional consent and approval for Virginia, Maryland, and the District of Columbia to enter into an interstate compact relating to the establishment of the Washington Metrorail Safety Commission.)</p>]]></text>
          <actionDesc>Passed House without amendment</actionDesc>
          <actionDate>2017-07-24</actionDate>
          <lastSummaryUpdateDate>2017-11-09T22:33:52Z</lastSummaryUpdateDate>
          <name>Passed House without amendment</name>
          <updateDate>2017-07-24T17:02:03Z</updateDate>
        </item>
      </billSummaries>
    </summaries>
    <congress>115</congress>
    <policyArea>
      <name>Congress</name>
    </policyArea>
    <billNumber>469</billNumber>
    <calendarNumbers />
    <cboCostEstimates />
    <introducedDate>2017-07-24</introducedDate>
    <relatedBills>
      <item>
        <number>76</number>
        <congress>115</congress>
        <relationshipDetails>
          <item>
            <type>Related bill</type>
            <identifiedBy>House</identifiedBy>
          </item>
        </relationshipDetails>
        <latestTitle>Granting the consent and approval of Congress for the Commonwealth of Virginia, the State of Maryland, and the District of Columbia to enter into a compact relating to the establishment of the Washington Metrorail Safety Commission.</latestTitle>
        <latestAction>
          <text>Became Public Law No: 115-54.</text>
          <actionDate>2017-08-22</actionDate>
        </latestAction>
        <type>HJRES</type>
      </item>
    </relatedBills>
    <committees>
      <billCommittees />
    </committees>
    <titles>
      <item>
        <chamberName />
        <parentTitleType />
        <chamberCode />
        <titleType>Official Title as Introduced</titleType>
        <title>Requesting the Senate to return to the House of Representatives House Joint Resolution 76.</title>
      </item>
      <item>
        <chamberName />
        <parentTitleType />
        <chamberCode />
        <titleType>Display Title</titleType>
        <title>Requesting the Senate to return to the House of Representatives House Joint Resolution 76.</title>
      </item>
    </titles>
    <sponsors>
      <item>
        <fullName>Rep. Buck, Ken [R-CO-4]</fullName>
        <middleName />
        <district>4</district>
        <byRequestType />
        <firstName>Ken</firstName>
        <bioguideId>B001297</bioguideId>
        <state>CO</state>
        <party>R</party>
        <lastName>Buck</lastName>
        <identifiers>
          <lisID>2233</lisID>
          <bioguideId>B001297</bioguideId>
          <gpoId />
        </identifiers>
      </item>
    </sponsors>
    <updateDate>2018-02-06T16:39:54Z</updateDate>
    <amendments />
  </bill>
  <dublinCore xmlns:dc="http://purl.org/dc/elements/1.1/">
    <dc:format>text/xml</dc:format>
    <dc:language>EN</dc:language>
    <dc:rights>Pursuant to Title 17 Section 105 of the United States Code, this file is not subject to copyright protection and is in the public domain.</dc:rights>
    <dc:contributor>Congressional Research Service, Library of Congress</dc:contributor>
    <dc:description>This file contains bill summaries and statuses for federal legislation. A bill summary describes the most significant provisions of a piece of legislation and details the effects the legislative text may have on current law and federal programs. Bill summaries are authored by the Congressional Research Service (CRS) of the Library of Congress. As stated in Public Law 91-510 (2 USC 166 (d)(6)), one of the duties of CRS is "to prepare summaries and digests of bills and resolutions of a public general nature introduced in the Senate or House of Representatives". For more information, refer to the User Guide that accompanies this file.</dc:description>
  </dublinCore>
</billStatus>

