<?xml version="1.0" encoding="UTF-8"?>
<billStatus>
  <bill>
    <introducedDate>2017-09-05</introducedDate>
    <congress>115</congress>
    <latestAction>
      <actionDate>2017-09-05</actionDate>
      <links />
      <text>Referred to the Committee on the Judiciary, and in addition to the Committee on House Administration, for a period to be subsequently determined by the Speaker, in each case for consideration of such provisions as fall within the jurisdiction of the committee concerned.</text>
    </latestAction>
    <originChamber>House</originChamber>
    <billNumber>501</billNumber>
    <sponsors>
      <item>
        <state>TX</state>
        <identifiers>
          <bioguideId>V000131</bioguideId>
          <lisID>2166</lisID>
          <gpoId />
        </identifiers>
        <bioguideId>V000131</bioguideId>
        <lastName>Veasey</lastName>
        <fullName>Rep. Veasey, Marc A. [D-TX-33]</fullName>
        <district>33</district>
        <firstName>Marc</firstName>
        <byRequestType />
        <middleName>A.</middleName>
        <party>D</party>
      </item>
    </sponsors>
    <committeeReports />
    <relatedBills />
    <titles>
      <item>
        <titleType>Official Title as Introduced</titleType>
        <parentTitleType />
        <chamberName />
        <title>Expressing support for designation of the month of September as "National Voting Rights Month".</title>
        <chamberCode />
      </item>
      <item>
        <titleType>Display Title</titleType>
        <parentTitleType />
        <chamberName />
        <title>Expressing support for designation of the month of September as "National Voting Rights Month".</title>
        <chamberCode />
      </item>
    </titles>
    <constitutionalAuthorityStatementText />
    <billType>HRES</billType>
    <summaries>
      <billSummaries>
        <item>
          <lastSummaryUpdateDate>2017-09-22T21:57:51Z</lastSummaryUpdateDate>
          <updateDate>2017-09-05T04:00:00Z</updateDate>
          <versionCode>00</versionCode>
          <text><![CDATA[<p>Supports the designation of September as National Voting Rights Month.</p>]]></text>
          <name>Introduced in House</name>
          <actionDesc>Introduced in House</actionDesc>
          <actionDate>2017-09-05</actionDate>
        </item>
      </billSummaries>
    </summaries>
    <subjects>
      <billSubjects>
        <legislativeSubjects>
          <item>
            <name>Commemorative events and holidays</name>
          </item>
          <item>
            <name>Elections, voting, political campaign regulation</name>
          </item>
          <item>
            <name>Elementary and secondary education</name>
          </item>
          <item>
            <name>Government information and archives</name>
          </item>
          <item>
            <name>Higher education</name>
          </item>
          <item>
            <name>Marketing and advertising</name>
          </item>
          <item>
            <name>Postal service</name>
          </item>
          <item>
            <name>Protest and dissent</name>
          </item>
          <item>
            <name>Teaching, teachers, curricula</name>
          </item>
          <item>
            <name>Voting rights</name>
          </item>
        </legislativeSubjects>
        <policyArea>
          <name>Government Operations and Politics</name>
        </policyArea>
      </billSubjects>
    </subjects>
    <laws />
    <policyArea>
      <name>Government Operations and Politics</name>
    </policyArea>
    <committees>
      <billCommittees>
        <item>
          <chamber>House</chamber>
          <subcommittees />
          <systemCode>hsha00</systemCode>
          <name>House Administration Committee</name>
          <activities>
            <item>
              <name>Referred to</name>
              <date>2017-09-05T18:00:50Z</date>
            </item>
          </activities>
          <type>Standing</type>
        </item>
        <item>
          <chamber>House</chamber>
          <subcommittees />
          <systemCode>hsju00</systemCode>
          <name>Judiciary Committee</name>
          <activities>
            <item>
              <name>Referred to</name>
              <date>2017-09-05T18:00:45Z</date>
            </item>
          </activities>
          <type>Standing</type>
        </item>
      </billCommittees>
    </committees>
    <version>1.0.0</version>
    <recordedVotes />
    <updateDate>2018-02-06T16:39:57Z</updateDate>
    <title>Expressing support for designation of the month of September as "National Voting Rights Month".</title>
    <createDate>2017-09-06T03:11:30Z</createDate>
    <cboCostEstimates />
    <actions>
      <item>
        <sourceSystem>
          <name>House floor actions</name>
          <code>2</code>
        </sourceSystem>
        <actionDate>2017-09-05</actionDate>
        <links />
        <text>Referred to the Committee on the Judiciary, and in addition to the Committee on House Administration, for a period to be subsequently determined by the Speaker, in each case for consideration of such provisions as fall within the jurisdiction of the committee concerned.</text>
        <committee>
          <systemCode>hsha00</systemCode>
          <name>House Administration Committee</name>
        </committee>
        <actionCode>H11100</actionCode>
        <type>IntroReferral</type>
      </item>
      <item>
        <sourceSystem>
          <name>House floor actions</name>
          <code>2</code>
        </sourceSystem>
        <actionDate>2017-09-05</actionDate>
        <links />
        <text>Referred to the Committee on the Judiciary, and in addition to the Committee on House Administration, for a period to be subsequently determined by the Speaker, in each case for consideration of such provisions as fall within the jurisdiction of the committee concerned.</text>
        <committee>
          <systemCode>hsju00</systemCode>
          <name>Judiciary Committee</name>
        </committee>
        <actionCode>H11100</actionCode>
        <type>IntroReferral</type>
      </item>
      <item>
        <sourceSystem>
          <name>Library of Congress</name>
          <code>9</code>
        </sourceSystem>
        <actionDate>2017-09-05</actionDate>
        <links />
        <text>Introduced in House</text>
        <committee />
        <actionCode>Intro-H</actionCode>
        <type>IntroReferral</type>
      </item>
      <item>
        <sourceSystem>
          <name>Library of Congress</name>
          <code>9</code>
        </sourceSystem>
        <actionDate>2017-09-05</actionDate>
        <links />
        <text>Introduced in House</text>
        <committee />
        <actionCode>1000</actionCode>
        <type>IntroReferral</type>
      </item>
      <actionByCounts>
        <houseOfRepresentatives>4</houseOfRepresentatives>
      </actionByCounts>
      <actionTypeCounts>
        <billReferrals>2</billReferrals>
        <introducedInTheHouse>1</introducedInTheHouse>
        <introducedInHouse>1</introducedInHouse>
      </actionTypeCounts>
    </actions>
    <amendments />
    <notes />
    <calendarNumbers />
    <cosponsors>
      <item>
        <bioguideId>M001185</bioguideId>
        <district>18</district>
        <isOriginalCosponsor>False</isOriginalCosponsor>
        <sponsorshipWithdrawnDate />
        <lastName>Maloney</lastName>
        <state>NY</state>
        <fullName>Rep. Maloney, Sean Patrick [D-NY-18]</fullName>
        <sponsorshipDate>2017-09-06</sponsorshipDate>
        <middleName>Patrick</middleName>
        <firstName>Sean</firstName>
        <party>D</party>
        <identifiers>
          <bioguideId>M001185</bioguideId>
          <gpoId />
          <lisID>2150</lisID>
        </identifiers>
      </item>
      <item>
        <bioguideId>W000822</bioguideId>
        <district>12</district>
        <isOriginalCosponsor>False</isOriginalCosponsor>
        <sponsorshipWithdrawnDate />
        <lastName>Watson Coleman</lastName>
        <state>NJ</state>
        <fullName>Rep. Watson Coleman, Bonnie [D-NJ-12]</fullName>
        <sponsorshipDate>2017-09-06</sponsorshipDate>
        <middleName />
        <firstName>Bonnie</firstName>
        <party>D</party>
        <identifiers>
          <bioguideId>W000822</bioguideId>
          <lisID>2259</lisID>
          <gpoId />
        </identifiers>
      </item>
      <item>
        <bioguideId>S000510</bioguideId>
        <district>9</district>
        <isOriginalCosponsor>False</isOriginalCosponsor>
        <sponsorshipWithdrawnDate />
        <lastName>SMITH</lastName>
        <state>WA</state>
        <fullName>Rep. Smith, Adam [D-WA-9]</fullName>
        <sponsorshipDate>2017-09-06</sponsorshipDate>
        <middleName />
        <firstName>ADAM</firstName>
        <party>D</party>
        <identifiers>
          <lisID>1528</lisID>
          <gpoId>8213</gpoId>
          <bioguideId>S000510</bioguideId>
        </identifiers>
      </item>
      <item>
        <bioguideId>C001072</bioguideId>
        <district>7</district>
        <isOriginalCosponsor>False</isOriginalCosponsor>
        <sponsorshipWithdrawnDate />
        <lastName>Carson</lastName>
        <state>IN</state>
        <fullName>Rep. Carson, Andre [D-IN-7]</fullName>
        <sponsorshipDate>2017-09-06</sponsorshipDate>
        <middleName />
        <firstName>Andre</firstName>
        <party>D</party>
        <identifiers>
          <bioguideId>C001072</bioguideId>
          <lisID>1889</lisID>
          <gpoId>7946</gpoId>
        </identifiers>
      </item>
      <item>
        <bioguideId>B001281</bioguideId>
        <district>3</district>
        <isOriginalCosponsor>False</isOriginalCosponsor>
        <sponsorshipWithdrawnDate />
        <lastName>Beatty</lastName>
        <state>OH</state>
        <fullName>Rep. Beatty, Joyce [D-OH-3]</fullName>
        <sponsorshipDate>2017-09-06</sponsorshipDate>
        <middleName />
        <firstName>Joyce</firstName>
        <party>D</party>
        <identifiers>
          <lisID>2153</lisID>
          <bioguideId>B001281</bioguideId>
          <gpoId />
        </identifiers>
      </item>
      <item>
        <bioguideId>E000288</bioguideId>
        <district>5</district>
        <isOriginalCosponsor>False</isOriginalCosponsor>
        <sponsorshipWithdrawnDate />
        <lastName>Ellison</lastName>
        <state>MN</state>
        <fullName>Rep. Ellison, Keith [D-MN-5]</fullName>
        <sponsorshipDate>2017-09-26</sponsorshipDate>
        <middleName />
        <firstName>Keith</firstName>
        <party>D</party>
        <identifiers>
          <gpoId>8005</gpoId>
          <lisID>1857</lisID>
          <bioguideId>E000288</bioguideId>
        </identifiers>
      </item>
      <item>
        <bioguideId>N000147</bioguideId>
        <district>0</district>
        <isOriginalCosponsor>False</isOriginalCosponsor>
        <sponsorshipWithdrawnDate />
        <lastName>NORTON</lastName>
        <state>DC</state>
        <fullName>Rep. Norton, Eleanor Holmes [D-DC-At Large]</fullName>
        <sponsorshipDate>2017-09-26</sponsorshipDate>
        <middleName>HOLMES</middleName>
        <firstName>ELEANOR</firstName>
        <party>D</party>
        <identifiers>
          <lisID>868</lisID>
          <bioguideId>N000147</bioguideId>
          <gpoId>7871</gpoId>
        </identifiers>
      </item>
      <item>
        <bioguideId>B001296</bioguideId>
        <district>13</district>
        <isOriginalCosponsor>False</isOriginalCosponsor>
        <sponsorshipWithdrawnDate />
        <lastName>Boyle</lastName>
        <state>PA</state>
        <fullName>Rep. Boyle, Brendan F. [D-PA-13]</fullName>
        <sponsorshipDate>2017-09-26</sponsorshipDate>
        <middleName>F.</middleName>
        <firstName>Brendan</firstName>
        <party>D</party>
        <identifiers>
          <gpoId />
          <lisID>2267</lisID>
          <bioguideId>B001296</bioguideId>
        </identifiers>
      </item>
    </cosponsors>
  </bill>
  <dublinCore xmlns:dc="http://purl.org/dc/elements/1.1/">
    <dc:format>text/xml</dc:format>
    <dc:language>EN</dc:language>
    <dc:rights>Pursuant to Title 17 Section 105 of the United States Code, this file is not subject to copyright protection and is in the public domain.</dc:rights>
    <dc:contributor>Congressional Research Service, Library of Congress</dc:contributor>
    <dc:description>This file contains bill summaries and statuses for federal legislation. A bill summary describes the most significant provisions of a piece of legislation and details the effects the legislative text may have on current law and federal programs. Bill summaries are authored by the Congressional Research Service (CRS) of the Library of Congress. As stated in Public Law 91-510 (2 USC 166 (d)(6)), one of the duties of CRS is "to prepare summaries and digests of bills and resolutions of a public general nature introduced in the Senate or House of Representatives". For more information, refer to the User Guide that accompanies this file.</dc:description>
  </dublinCore>
</billStatus>

