<?xml version="1.0" encoding="UTF-8"?>
<billStatus>
  <bill>
    <constitutionalAuthorityStatementText />
    <laws />
    <recordedVotes>
      <recordedVote>
        <fullActionName>Passage of a Measure</fullActionName>
        <rollNumber>139</rollNumber>
        <date>2017-03-09T19:52:00Z</date>
        <chamber>House</chamber>
        <url>http://clerk.house.gov/evs/2017/roll139.xml</url>
        <congress>115</congress>
        <sessionNumber>1</sessionNumber>
      </recordedVote>
      <recordedVote>
        <fullActionName>Motion for Previous Question</fullActionName>
        <rollNumber>138</rollNumber>
        <date>2017-03-09T19:43:03Z</date>
        <chamber>House</chamber>
        <url>http://clerk.house.gov/evs/2017/roll138.xml</url>
        <congress>115</congress>
        <sessionNumber>1</sessionNumber>
      </recordedVote>
    </recordedVotes>
    <billType>HRES</billType>
    <cboCostEstimates />
    <updateDate>2018-02-22T15:26:48Z</updateDate>
    <committees>
      <billCommittees>
        <item>
          <systemCode>hsru00</systemCode>
          <type>Standing</type>
          <subcommittees />
          <chamber>House</chamber>
          <name>Rules Committee</name>
          <activities>
            <item>
              <name>Reported original measure</name>
              <date>2017-03-08T22:36:00Z</date>
            </item>
          </activities>
        </item>
      </billCommittees>
    </committees>
    <summaries>
      <billSummaries>
        <item>
          <versionCode>00</versionCode>
          <actionDate>2017-03-08</actionDate>
          <lastSummaryUpdateDate>2017-03-09T09:03:32Z</lastSummaryUpdateDate>
          <updateDate>2017-03-08T05:00:00Z</updateDate>
          <actionDesc>Introduced in House</actionDesc>
          <text><![CDATA[Sets forth the rule for consideration of the bill (H.R. 720) to amend Rule 11 of the Federal Rules of Civil Procedure to improve attorney accountability, and for other purposes, and providing for consideration of the bill (H.R. 985) to amend the procedures used in Federal court class actions and multidistrict litigation proceedings to assure fairer, more efficient outcomes for claimants and defendants.]]></text>
          <name>Introduced in House</name>
        </item>
      </billSummaries>
    </summaries>
    <calendarNumbers>
      <item>
        <calendar>H00019</calendar>
        <number />
      </item>
    </calendarNumbers>
    <notes />
    <originChamber>House</originChamber>
    <titles>
      <item>
        <titleType>Official Title as Introduced</titleType>
        <title>Providing for consideration of the bill (H.R. 720) to amend Rule 11 of the Federal Rules of Civil Procedure to improve attorney accountability, and for other purposes, and providing for consideration of the bill (H.R. 985) to amend the procedures used in Federal court class actions and multidistrict litigation proceedings to assure fairer, more efficient outcomes for claimants and defendants, and for other purposes.</title>
        <parentTitleType />
        <chamberName />
        <chamberCode />
      </item>
      <item>
        <titleType>Display Title</titleType>
        <title>Providing for consideration of the bill (H.R. 720) to amend Rule 11 of the Federal Rules of Civil Procedure to improve attorney accountability, and for other purposes, and providing for consideration of the bill (H.R. 985) to amend the procedures used in Federal court class actions and multidistrict litigation proceedings to assure fairer, more efficient outcomes for claimants and defendants, and for other purposes.</title>
        <parentTitleType />
        <chamberName />
        <chamberCode />
      </item>
    </titles>
    <createDate>2017-03-09T05:25:07Z</createDate>
    <version>1.0.0</version>
    <committeeReports>
      <committeeReport>
        <citation>H. Rept. 115-29</citation>
      </committeeReport>
    </committeeReports>
    <actions>
      <actionByCounts>
        <houseOfRepresentatives>13</houseOfRepresentatives>
      </actionByCounts>
      <item>
        <actionDate>2017-03-09</actionDate>
        <text>Motion to reconsider laid on the table Agreed to without objection.</text>
        <actionTime>14:52:02</actionTime>
        <sourceSystem>
          <code>2</code>
          <name>House floor actions</name>
        </sourceSystem>
        <committee />
        <links />
        <actionCode>H38310</actionCode>
        <type>Floor</type>
      </item>
      <item>
        <actionDate>2017-03-09</actionDate>
        <text>On agreeing to the resolution Agreed to by the Yeas and Nays: 233 - 184 (Roll no. 139).</text>
        <actionTime>14:52:00</actionTime>
        <sourceSystem>
          <code>2</code>
          <name>House floor actions</name>
        </sourceSystem>
        <committee />
        <links>
          <link>
            <url>http://clerk.house.gov/evs/2017/roll139.xml</url>
            <name>Roll no. 139</name>
          </link>
        </links>
        <actionCode>H37100</actionCode>
        <type>Floor</type>
      </item>
      <item>
        <actionDate>2017-03-09</actionDate>
        <text>Passed/agreed to in House: On agreeing to the resolution Agreed to by the Yeas and Nays: 233 - 184 (Roll no. 139).</text>
        <actionTime>14:52:00</actionTime>
        <sourceSystem>
          <code>9</code>
          <name>Library of Congress</name>
        </sourceSystem>
        <committee />
        <links>
          <link>
            <url>http://clerk.house.gov/evs/2017/roll139.xml</url>
            <name>Roll no. 139</name>
          </link>
        </links>
        <actionCode>8000</actionCode>
        <type>Floor</type>
      </item>
      <item>
        <actionDate>2017-03-09</actionDate>
        <text>On ordering the previous question Agreed to by the Yeas and Nays: 233 - 186 (Roll no. 138).</text>
        <actionTime>14:43:03</actionTime>
        <sourceSystem>
          <code>2</code>
          <name>House floor actions</name>
        </sourceSystem>
        <committee />
        <links>
          <link>
            <url>http://clerk.house.gov/evs/2017/roll138.xml</url>
            <name>Roll no. 138</name>
          </link>
        </links>
        <actionCode>H35000</actionCode>
        <type>Floor</type>
      </item>
      <item>
        <actionDate>2017-03-09</actionDate>
        <text>Considered as unfinished business.</text>
        <actionTime>14:16:58</actionTime>
        <sourceSystem>
          <code>2</code>
          <name>House floor actions</name>
        </sourceSystem>
        <committee />
        <links />
        <actionCode>H30000</actionCode>
        <type>Floor</type>
      </item>
      <item>
        <actionDate>2017-03-09</actionDate>
        <text>POSTPONED PROCEEDINGS - At the conclusion of debate on H. Res. 180, the Chair put the question on ordering the previous question and by voice vote announced that the ayes had prevailed. Ms. Slaughter demanded the yeas and nays, and the Chair postponed further proceedings on the question of ordering the previous question until a time to be announced.</text>
        <actionTime>13:06:04</actionTime>
        <sourceSystem>
          <code>2</code>
          <name>House floor actions</name>
        </sourceSystem>
        <committee />
        <links>
          <link>
            <url>https://www.congress.gov/bill/115th-congress/house-resolution/180</url>
            <name>H. Res. 180</name>
          </link>
        </links>
        <actionCode>H8D000</actionCode>
        <type>Floor</type>
      </item>
      <item>
        <actionDate>2017-03-09</actionDate>
        <text>DEBATE - The House proceeded with one hour of debate on H. Res. 180.</text>
        <actionTime>12:38:46</actionTime>
        <sourceSystem>
          <code>2</code>
          <name>House floor actions</name>
        </sourceSystem>
        <committee />
        <links>
          <link>
            <url>https://www.congress.gov/bill/115th-congress/house-resolution/180</url>
            <name>H. Res. 180</name>
          </link>
        </links>
        <actionCode>H8D000</actionCode>
        <type>Floor</type>
      </item>
      <item>
        <actionDate>2017-03-09</actionDate>
        <text>Considered as privileged matter.</text>
        <actionTime>12:34:35</actionTime>
        <sourceSystem>
          <code>2</code>
          <name>House floor actions</name>
        </sourceSystem>
        <committee />
        <links />
        <actionCode>H30000</actionCode>
        <type>Floor</type>
      </item>
      <item>
        <actionDate>2017-03-08</actionDate>
        <text>Placed on the House Calendar, Calendar No. 19.</text>
        <sourceSystem>
          <code>2</code>
          <name>House floor actions</name>
        </sourceSystem>
        <committee />
        <type>Calendars</type>
        <actionCode>H12420</actionCode>
        <links />
      </item>
      <item>
        <actionDate>2017-03-08</actionDate>
        <text>Providing for consideration of the bills H.R. 720 and H.R. 985.</text>
        <actionTime>17:36:01</actionTime>
        <sourceSystem>
          <code>2</code>
          <name>House floor actions</name>
        </sourceSystem>
        <committee />
        <links>
          <link>
            <url>https://www.congress.gov/bill/115th-congress/house-bill/720</url>
            <name>H.R. 720</name>
          </link>
          <link>
            <url>https://www.congress.gov/bill/115th-congress/house-bill/985</url>
            <name>H.R. 985</name>
          </link>
        </links>
        <actionCode>H12700</actionCode>
        <type>Floor</type>
      </item>
      <item>
        <actionDate>2017-03-08</actionDate>
        <text>The House Committee on Rules reported an original measure, H. Rept. 115-29, by Mr. Collins (GA).</text>
        <sourceSystem>
          <code>2</code>
          <name>House floor actions</name>
        </sourceSystem>
        <committee>
          <systemCode>hsru00</systemCode>
          <name>Rules Committee</name>
        </committee>
        <type>Committee</type>
        <actionCode>H12100</actionCode>
        <links>
          <link>
            <url>https://www.congress.gov/congressional-report/115th-congress/house-report/29</url>
            <name>H. Rept. 115-29</name>
          </link>
        </links>
      </item>
      <item>
        <actionDate>2017-03-08</actionDate>
        <text>The House Committee on Rules reported an original measure, H. Rept. 115-29, by Mr. Collins (GA).</text>
        <sourceSystem>
          <code>9</code>
          <name>Library of Congress</name>
        </sourceSystem>
        <committee>
          <systemCode>hsru00</systemCode>
          <name>Rules Committee</name>
        </committee>
        <type>Committee</type>
        <actionCode>5000</actionCode>
        <links>
          <link>
            <url>https://www.congress.gov/congressional-report/115th-congress/house-report/29</url>
            <name>H. Rept. 115-29</name>
          </link>
        </links>
      </item>
      <item>
        <actionDate>2017-03-08</actionDate>
        <text>Introduced in House</text>
        <sourceSystem>
          <code>9</code>
          <name>Library of Congress</name>
        </sourceSystem>
        <committee />
        <type>IntroReferral</type>
        <actionCode>1000</actionCode>
        <links />
      </item>
      <actionTypeCounts>
        <motionForPreviousQuestion>1</motionForPreviousQuestion>
        <passageOfAMeasure>1</passageOfAMeasure>
        <houseCalendarAssignment>1</houseCalendarAssignment>
        <introducedInHouse>1</introducedInHouse>
        <considerationByHouse>2</considerationByHouse>
        <reportedToHouse>1</reportedToHouse>
        <provisionsOfARule>1</provisionsOfARule>
        <committeeReportOfAnOriginalMeasure>1</committeeReportOfAnOriginalMeasure>
        <motionToReconsiderResults>1</motionToReconsiderResults>
        <passedAgreedToInHouse>1</passedAgreedToInHouse>
        <generalDebate>2</generalDebate>
      </actionTypeCounts>
    </actions>
    <policyArea>
      <name>Congress</name>
    </policyArea>
    <latestAction>
      <actionDate>2017-03-09</actionDate>
      <links />
      <text>Motion to reconsider laid on the table Agreed to without objection.</text>
      <actionTime>14:52:02</actionTime>
    </latestAction>
    <billNumber>180</billNumber>
    <amendments />
    <cosponsors />
    <subjects>
      <billSubjects>
        <legislativeSubjects>
          <item>
            <name>House of Representatives</name>
          </item>
          <item>
            <name>Legislative rules and procedure</name>
          </item>
        </legislativeSubjects>
        <policyArea>
          <name>Congress</name>
        </policyArea>
      </billSubjects>
    </subjects>
    <congress>115</congress>
    <title>Providing for consideration of the bill (H.R. 720) to amend Rule 11 of the Federal Rules of Civil Procedure to improve attorney accountability, and for other purposes, and providing for consideration of the bill (H.R. 985) to amend the procedures used in Federal court class actions and multidistrict litigation proceedings to assure fairer, more efficient outcomes for claimants and defendants, and for other purposes.</title>
    <introducedDate>2017-03-08</introducedDate>
    <sponsors>
      <item>
        <byRequestType />
        <lastName>Collins</lastName>
        <middleName />
        <firstName>Doug</firstName>
        <fullName>Rep. Collins, Doug [R-GA-9]</fullName>
        <bioguideId>C001093</bioguideId>
        <party>R</party>
        <identifiers>
          <bioguideId>C001093</bioguideId>
          <lisID>2121</lisID>
          <gpoId />
        </identifiers>
        <state>GA</state>
        <district>9</district>
      </item>
    </sponsors>
    <relatedBills>
      <item>
        <relationshipDetails>
          <item>
            <type>Related bill</type>
            <identifiedBy>House</identifiedBy>
          </item>
        </relationshipDetails>
        <congress>115</congress>
        <type>HR</type>
        <latestAction>
          <actionDate>2017-03-13</actionDate>
          <text>Received in the Senate and Read twice and referred to the Committee on the Judiciary.</text>
        </latestAction>
        <latestTitle>Lawsuit Abuse Reduction Act of 2017</latestTitle>
        <number>720</number>
      </item>
      <item>
        <relationshipDetails>
          <item>
            <type>Related bill</type>
            <identifiedBy>House</identifiedBy>
          </item>
        </relationshipDetails>
        <congress>115</congress>
        <type>HR</type>
        <latestAction>
          <actionDate>2017-03-13</actionDate>
          <text>Received in the Senate and Read twice and referred to the Committee on the Judiciary.</text>
        </latestAction>
        <latestTitle>Fairness in Class Action Litigation and Furthering Asbestos Claim Transparency Act of 2017</latestTitle>
        <number>985</number>
      </item>
    </relatedBills>
  </bill>
  <dublinCore xmlns:dc="http://purl.org/dc/elements/1.1/">
    <dc:format>text/xml</dc:format>
    <dc:language>EN</dc:language>
    <dc:rights>Pursuant to Title 17 Section 105 of the United States Code, this file is not subject to copyright protection and is in the public domain.</dc:rights>
    <dc:contributor>Congressional Research Service, Library of Congress</dc:contributor>
    <dc:description>This file contains bill summaries and statuses for federal legislation. A bill summary describes the most significant provisions of a piece of legislation and details the effects the legislative text may have on current law and federal programs. Bill summaries are authored by the Congressional Research Service (CRS) of the Library of Congress. As stated in Public Law 91-510 (2 USC 166 (d)(6)), one of the duties of CRS is "to prepare summaries and digests of bills and resolutions of a public general nature introduced in the Senate or House of Representatives". For more information, refer to the User Guide that accompanies this file.</dc:description>
  </dublinCore>
</billStatus>

