<?xml version="1.0" encoding="UTF-8"?>
<billStatus>
  <bill>
    <cboCostEstimates />
    <billType>HRES</billType>
    <policyArea>
      <name>International Affairs</name>
    </policyArea>
    <version>1.0.0</version>
    <constitutionalAuthorityStatementText />
    <congress>115</congress>
    <titles>
      <item>
        <chamberCode />
        <chamberName />
        <titleType>Official Title as Introduced</titleType>
        <title>Calling for the unconditional release of United States citizens and legal permanent resident aliens being held for political purposes by the Government of Iran.</title>
        <parentTitleType />
      </item>
      <item>
        <chamberCode />
        <chamberName />
        <titleType>Display Title</titleType>
        <title>Calling for the unconditional release of United States citizens and legal permanent resident aliens being held for political purposes by the Government of Iran.</title>
        <parentTitleType />
      </item>
    </titles>
    <title>Calling for the unconditional release of United States citizens and legal permanent resident aliens being held for political purposes by the Government of Iran.</title>
    <latestAction>
      <links />
      <actionTime>15:10:29</actionTime>
      <actionDate>2017-07-26</actionDate>
      <text>Motion to reconsider laid on the table Agreed to without objection.</text>
    </latestAction>
    <subjects>
      <billSubjects>
        <policyArea>
          <name>International Affairs</name>
        </policyArea>
        <legislativeSubjects>
          <item>
            <name>Detention of persons</name>
          </item>
          <item>
            <name>Diplomacy, foreign officials, Americans abroad</name>
          </item>
          <item>
            <name>Human rights</name>
          </item>
          <item>
            <name>International organizations and cooperation</name>
          </item>
          <item>
            <name>Iran</name>
          </item>
          <item>
            <name>Middle East</name>
          </item>
        </legislativeSubjects>
      </billSubjects>
    </subjects>
    <billNumber>317</billNumber>
    <calendarNumbers />
    <updateDate>2018-02-20T15:44:02Z</updateDate>
    <recordedVotes />
    <laws />
    <originChamber>House</originChamber>
    <sponsors>
      <item>
        <fullName>Rep. Ros-Lehtinen, Ileana [R-FL-27]</fullName>
        <state>FL</state>
        <identifiers>
          <gpoId>7890</gpoId>
          <lisID>985</lisID>
          <bioguideId>R000435</bioguideId>
        </identifiers>
        <lastName>ROS-LEHTINEN</lastName>
        <party>R</party>
        <bioguideId>R000435</bioguideId>
        <byRequestType />
        <district>27</district>
        <firstName>ILEANA</firstName>
        <middleName />
      </item>
    </sponsors>
    <committeeReports />
    <summaries>
      <billSummaries>
        <item>
          <versionCode>00</versionCode>
          <lastSummaryUpdateDate>2017-08-03T20:55:03Z</lastSummaryUpdateDate>
          <actionDate>2017-05-04</actionDate>
          <updateDate>2017-05-04T04:00:00Z</updateDate>
          <text><![CDATA[<p>Calls on the government of Iran to: (1) release Siamak Namazi, Baquer Namazi, Karan Vafadari, Afarin Niasari, Nizar Zakka, and any other U.S. citizen, legal permanent resident alien, or foreign national being held in Iran; and (2) fulfill its promises to assist in locating and returning Robert Levinson. </p> <p>Encourages the President to: (1) take meaningful action to secure the release of such individuals if Iran does not do so, and (2) make the release of U.S. citizens and legal permanent resident aliens held hostage by the Iranian government the highest of priorities.</p> <p>Requests the United States and its allies whose nationals have been detained to consider establishing a multinational task force to secure the release of the detainees.</p>  <ul> </ul>]]></text>
          <actionDesc>Introduced in House</actionDesc>
          <name>Introduced in House</name>
        </item>
        <item>
          <versionCode>36</versionCode>
          <lastSummaryUpdateDate>2017-08-03T20:59:42Z</lastSummaryUpdateDate>
          <actionDate>2017-07-26</actionDate>
          <updateDate>2017-07-26T16:02:45Z</updateDate>
          <text><![CDATA[<p>Calls on the government of Iran to: (1) release Siamak Namazi, Baquer Namazi, Xiyue Wang, Nizar Zakka, and any other U.S. citizen, legal permanent resident alien, or foreign national being unjustly detained in Iran; and (2) fulfill its promises to assist in locating and returning Robert Levinson. </p> <p>Encourages the President to: (1) take meaningful action to secure the release of such individuals if Iran does not do so, and (2) make the release of U.S. citizens and legal permanent resident aliens held hostage by the Iranian government the highest of priorities.</p> <p>Requests the United States and its allies whose nationals have been detained to consider establishing a multinational task force to secure the release of the detainees.</p>]]></text>
          <actionDesc>Passed House amended</actionDesc>
          <name>Passed House amended</name>
        </item>
      </billSummaries>
    </summaries>
    <createDate>2017-05-05T03:11:44Z</createDate>
    <notes />
    <introducedDate>2017-05-04</introducedDate>
    <actions>
      <actionByCounts>
        <houseOfRepresentatives>12</houseOfRepresentatives>
      </actionByCounts>
      <item>
        <sourceSystem>
          <code>2</code>
          <name>House floor actions</name>
        </sourceSystem>
        <type>Floor</type>
        <links />
        <actionTime>15:10:29</actionTime>
        <actionDate>2017-07-26</actionDate>
        <committee />
        <actionCode>H38310</actionCode>
        <text>Motion to reconsider laid on the table Agreed to without objection.</text>
      </item>
      <item>
        <sourceSystem>
          <code>2</code>
          <name>House floor actions</name>
        </sourceSystem>
        <type>Floor</type>
        <links>
          <link>
            <url>https://www.congress.gov/congressional-record/volume-163/house-section/page/H6332</url>
            <name>H6332</name>
          </link>
        </links>
        <actionTime>15:10:28</actionTime>
        <actionDate>2017-07-26</actionDate>
        <committee />
        <actionCode>H37300</actionCode>
        <text>On motion to suspend the rules and agree to the resolution, as amended Agreed to by voice vote. (text: CR H6332)</text>
      </item>
      <item>
        <sourceSystem>
          <code>9</code>
          <name>Library of Congress</name>
        </sourceSystem>
        <type>Floor</type>
        <links />
        <actionTime>15:10:28</actionTime>
        <actionDate>2017-07-26</actionDate>
        <committee />
        <actionCode>8000</actionCode>
        <text>Passed/agreed to in House: On motion to suspend the rules and agree to the resolution, as amended Agreed to by voice vote.</text>
      </item>
      <item>
        <sourceSystem>
          <code>2</code>
          <name>House floor actions</name>
        </sourceSystem>
        <type>Floor</type>
        <links>
          <link>
            <url>https://www.congress.gov/bill/115th-congress/house-resolution/317</url>
            <name>H. Res. 317</name>
          </link>
        </links>
        <actionTime>14:41:44</actionTime>
        <actionDate>2017-07-26</actionDate>
        <committee />
        <actionCode>H8D000</actionCode>
        <text>DEBATE - The House proceeded with forty minutes of debate on H. Res. 317.</text>
      </item>
      <item>
        <sourceSystem>
          <code>2</code>
          <name>House floor actions</name>
        </sourceSystem>
        <type>Floor</type>
        <links>
          <link>
            <url>https://www.congress.gov/congressional-record/volume-163/house-section/page/H6331-6335</url>
            <name>H6331-6335</name>
          </link>
        </links>
        <actionTime>14:41:39</actionTime>
        <actionDate>2017-07-26</actionDate>
        <committee />
        <actionCode>H30000</actionCode>
        <text>Considered under suspension of the rules. (consideration: CR H6331-6335)</text>
      </item>
      <item>
        <sourceSystem>
          <code>2</code>
          <name>House floor actions</name>
        </sourceSystem>
        <type>Floor</type>
        <links />
        <actionTime>14:41:24</actionTime>
        <actionDate>2017-07-26</actionDate>
        <committee />
        <actionCode>H30300</actionCode>
        <text>Mr. Royce (CA) moved to suspend the rules and agree to the resolution, as amended.</text>
      </item>
      <item>
        <actionDate>2017-06-29</actionDate>
        <committee>
          <systemCode>hsfa13</systemCode>
          <name>Middle East and North Africa Subcommittee</name>
        </committee>
        <links />
        <sourceSystem>
          <code>1</code>
          <name>House committee actions</name>
        </sourceSystem>
        <text>Forwarded by Subcommittee to Full Committee in the Nature of a Substitute (Amended) by Voice Vote .</text>
        <type>Committee</type>
      </item>
      <item>
        <actionDate>2017-06-29</actionDate>
        <committee>
          <systemCode>hsfa13</systemCode>
          <name>Middle East and North Africa Subcommittee</name>
        </committee>
        <links />
        <sourceSystem>
          <code>1</code>
          <name>House committee actions</name>
        </sourceSystem>
        <text>Subcommittee Consideration and Mark-up Session Held.</text>
        <type>Committee</type>
      </item>
      <item>
        <actionDate>2017-05-18</actionDate>
        <committee>
          <systemCode>hsfa13</systemCode>
          <name>Middle East and North Africa Subcommittee</name>
        </committee>
        <links />
        <sourceSystem>
          <code>1</code>
          <name>House committee actions</name>
        </sourceSystem>
        <text>Referred to the Subcommittee on Middle East and North Africa.</text>
        <type>Committee</type>
      </item>
      <item>
        <sourceSystem>
          <code>2</code>
          <name>House floor actions</name>
        </sourceSystem>
        <type>IntroReferral</type>
        <links />
        <actionDate>2017-05-04</actionDate>
        <committee>
          <systemCode>hsfa00</systemCode>
          <name>Foreign Affairs Committee</name>
        </committee>
        <actionCode>H11100</actionCode>
        <text>Referred to the House Committee on Foreign Affairs.</text>
      </item>
      <item>
        <sourceSystem>
          <code>9</code>
          <name>Library of Congress</name>
        </sourceSystem>
        <type>IntroReferral</type>
        <links />
        <actionDate>2017-05-04</actionDate>
        <committee />
        <actionCode>Intro-H</actionCode>
        <text>Introduced in House</text>
      </item>
      <item>
        <sourceSystem>
          <code>9</code>
          <name>Library of Congress</name>
        </sourceSystem>
        <type>IntroReferral</type>
        <links />
        <actionDate>2017-05-04</actionDate>
        <committee />
        <actionCode>1000</actionCode>
        <text>Introduced in House</text>
      </item>
      <actionTypeCounts>
        <finalPassageUnderSuspensionOfTheRulesResults>1</finalPassageUnderSuspensionOfTheRulesResults>
        <motionMadeToSuspendTheRules>1</motionMadeToSuspendTheRules>
        <placeholderTextForH>2</placeholderTextForH>
        <generalDebate>1</generalDebate>
        <considerationByHouse>1</considerationByHouse>
        <passedAgreedToInHouse>1</passedAgreedToInHouse>
        <introducedInTheHouse>1</introducedInTheHouse>
        <introducedInHouse>1</introducedInHouse>
        <motionToReconsiderResults>1</motionToReconsiderResults>
        <billReferrals>1</billReferrals>
        <designationOfSpeakerProTempore>1</designationOfSpeakerProTempore>
      </actionTypeCounts>
    </actions>
    <committees>
      <billCommittees>
        <item>
          <name>Foreign Affairs Committee</name>
          <type>Standing</type>
          <chamber>House</chamber>
          <systemCode>hsfa00</systemCode>
          <subcommittees>
            <item>
              <systemCode>hsfa13</systemCode>
              <name>Middle East and North Africa Subcommittee</name>
              <activities>
                <item>
                  <date>2017-06-29T14:27:14Z</date>
                  <name>Reported by</name>
                </item>
                <item>
                  <date>2017-06-29T14:20:37Z</date>
                  <name>Markup by</name>
                </item>
                <item>
                  <date>2017-05-18T15:45:37Z</date>
                  <name>Referred to</name>
                </item>
              </activities>
            </item>
          </subcommittees>
          <activities>
            <item>
              <date>2017-05-04T13:04:35Z</date>
              <name>Referred to</name>
            </item>
          </activities>
        </item>
      </billCommittees>
    </committees>
    <relatedBills>
      <item>
        <latestAction>
          <actionDate>2017-07-10</actionDate>
          <text>Referred to the Committee on Foreign Relations.</text>
        </latestAction>
        <type>SRES</type>
        <latestTitle>A resolution calling on the Government of Iran to release unjustly detained United States citizens and legal permanent resident aliens, and for other purposes.</latestTitle>
        <congress>115</congress>
        <number>216</number>
        <relationshipDetails>
          <item>
            <type>Related bill</type>
            <identifiedBy>CRS</identifiedBy>
          </item>
        </relationshipDetails>
      </item>
      <item>
        <latestAction>
          <actionDate>2017-10-31</actionDate>
          <text>Resolution agreed to in Senate without amendment and with a preamble by Unanimous Consent. (consideration: CR S6931)</text>
        </latestAction>
        <type>SRES</type>
        <latestTitle>A resolution calling on the Government of Iran to release unjustly detained United States citizens and legal permanent resident aliens, and for other purposes.</latestTitle>
        <congress>115</congress>
        <number>245</number>
        <relationshipDetails>
          <item>
            <type>Related bill</type>
            <identifiedBy>CRS</identifiedBy>
          </item>
        </relationshipDetails>
      </item>
    </relatedBills>
    <amendments />
    <cosponsors>
      <item>
        <district>17</district>
        <lastName>LOWEY</lastName>
        <bioguideId>L000480</bioguideId>
        <state>NY</state>
        <identifiers>
          <lisID>709</lisID>
          <bioguideId>L000480</bioguideId>
          <gpoId>8079</gpoId>
        </identifiers>
        <sponsorshipDate>2017-05-04</sponsorshipDate>
        <isOriginalCosponsor>True</isOriginalCosponsor>
        <party>D</party>
        <middleName>M.</middleName>
        <firstName>NITA</firstName>
        <fullName>Rep. Lowey, Nita M. [D-NY-17]</fullName>
        <sponsorshipWithdrawnDate />
      </item>
      <item>
        <district>2</district>
        <lastName>Poe</lastName>
        <bioguideId>P000592</bioguideId>
        <state>TX</state>
        <identifiers>
          <lisID>1802</lisID>
          <gpoId>8158</gpoId>
          <bioguideId>P000592</bioguideId>
        </identifiers>
        <sponsorshipDate>2017-05-04</sponsorshipDate>
        <isOriginalCosponsor>True</isOriginalCosponsor>
        <party>R</party>
        <middleName />
        <firstName>Ted</firstName>
        <fullName>Rep. Poe, Ted [R-TX-2]</fullName>
        <sponsorshipWithdrawnDate />
      </item>
      <item>
        <district>22</district>
        <lastName>Deutch</lastName>
        <bioguideId>D000610</bioguideId>
        <state>FL</state>
        <identifiers>
          <gpoId>7891</gpoId>
          <lisID>1976</lisID>
          <bioguideId>D000610</bioguideId>
        </identifiers>
        <sponsorshipDate>2017-05-04</sponsorshipDate>
        <isOriginalCosponsor>True</isOriginalCosponsor>
        <party>D</party>
        <middleName>E.</middleName>
        <firstName>Theodore</firstName>
        <fullName>Rep. Deutch, Theodore E. [D-FL-22]</fullName>
        <sponsorshipWithdrawnDate />
      </item>
      <item>
        <district>1</district>
        <lastName>Cicilline</lastName>
        <bioguideId>C001084</bioguideId>
        <state>RI</state>
        <identifiers>
          <gpoId>8139</gpoId>
          <lisID>2055</lisID>
          <bioguideId>C001084</bioguideId>
        </identifiers>
        <sponsorshipDate>2017-06-06</sponsorshipDate>
        <isOriginalCosponsor>False</isOriginalCosponsor>
        <party>D</party>
        <middleName>N.</middleName>
        <firstName>David</firstName>
        <fullName>Rep. Cicilline, David N. [D-RI-1]</fullName>
        <sponsorshipWithdrawnDate />
      </item>
      <item>
        <district>16</district>
        <lastName>ENGEL</lastName>
        <bioguideId>E000179</bioguideId>
        <state>NY</state>
        <identifiers>
          <gpoId>8078</gpoId>
          <lisID>344</lisID>
          <bioguideId>E000179</bioguideId>
        </identifiers>
        <sponsorshipDate>2017-06-07</sponsorshipDate>
        <isOriginalCosponsor>False</isOriginalCosponsor>
        <party>D</party>
        <middleName>L.</middleName>
        <firstName>ELIOT</firstName>
        <fullName>Rep. Engel, Eliot L. [D-NY-16]</fullName>
        <sponsorshipWithdrawnDate />
      </item>
      <item>
        <district>14</district>
        <lastName>Weber</lastName>
        <bioguideId>W000814</bioguideId>
        <state>TX</state>
        <identifiers>
          <lisID>2161</lisID>
          <bioguideId>W000814</bioguideId>
          <gpoId />
        </identifiers>
        <sponsorshipDate>2017-06-08</sponsorshipDate>
        <isOriginalCosponsor>False</isOriginalCosponsor>
        <party>R</party>
        <middleName>K.</middleName>
        <firstName>Randy</firstName>
        <fullName>Rep. Weber, Randy K., Sr. [R-TX-14]</fullName>
        <sponsorshipWithdrawnDate />
      </item>
      <item>
        <district>33</district>
        <lastName>Lieu</lastName>
        <bioguideId>L000582</bioguideId>
        <state>CA</state>
        <identifiers>
          <lisID>2230</lisID>
          <gpoId />
          <bioguideId>L000582</bioguideId>
        </identifiers>
        <sponsorshipDate>2017-06-08</sponsorshipDate>
        <isOriginalCosponsor>False</isOriginalCosponsor>
        <party>D</party>
        <middleName />
        <firstName>Ted</firstName>
        <fullName>Rep. Lieu, Ted [D-CA-33]</fullName>
        <sponsorshipWithdrawnDate />
      </item>
      <item>
        <district>2</district>
        <lastName>Stewart</lastName>
        <bioguideId>S001192</bioguideId>
        <state>UT</state>
        <identifiers>
          <lisID>2168</lisID>
          <bioguideId>S001192</bioguideId>
          <gpoId />
        </identifiers>
        <sponsorshipDate>2017-06-08</sponsorshipDate>
        <isOriginalCosponsor>False</isOriginalCosponsor>
        <party>R</party>
        <middleName />
        <firstName>Chris</firstName>
        <fullName>Rep. Stewart, Chris [R-UT-2]</fullName>
        <sponsorshipWithdrawnDate />
      </item>
      <item>
        <district>11</district>
        <lastName>Meadows</lastName>
        <bioguideId>M001187</bioguideId>
        <state>NC</state>
        <identifiers>
          <lisID>2142</lisID>
          <gpoId />
          <bioguideId>M001187</bioguideId>
        </identifiers>
        <sponsorshipDate>2017-06-12</sponsorshipDate>
        <isOriginalCosponsor>False</isOriginalCosponsor>
        <party>R</party>
        <middleName />
        <firstName>Mark</firstName>
        <fullName>Rep. Meadows, Mark [R-NC-11]</fullName>
        <sponsorshipWithdrawnDate />
      </item>
      <item>
        <district>1</district>
        <lastName>CHABOT</lastName>
        <bioguideId>C000266</bioguideId>
        <state>OH</state>
        <identifiers>
          <gpoId>8091</gpoId>
          <lisID>186</lisID>
          <bioguideId>C000266</bioguideId>
        </identifiers>
        <sponsorshipDate>2017-06-12</sponsorshipDate>
        <isOriginalCosponsor>False</isOriginalCosponsor>
        <party>R</party>
        <middleName />
        <firstName>STEVE</firstName>
        <fullName>Rep. Chabot, Steve [R-OH-1]</fullName>
        <sponsorshipWithdrawnDate />
      </item>
      <item>
        <district>4</district>
        <lastName>Cole</lastName>
        <bioguideId>C001053</bioguideId>
        <state>OK</state>
        <identifiers>
          <lisID>1742</lisID>
          <bioguideId>C001053</bioguideId>
          <gpoId>8112</gpoId>
        </identifiers>
        <sponsorshipDate>2017-06-13</sponsorshipDate>
        <isOriginalCosponsor>False</isOriginalCosponsor>
        <party>R</party>
        <middleName />
        <firstName>Tom</firstName>
        <fullName>Rep. Cole, Tom [R-OK-4]</fullName>
        <sponsorshipWithdrawnDate />
      </item>
      <item>
        <district>4</district>
        <lastName>GUTIERREZ</lastName>
        <bioguideId>G000535</bioguideId>
        <state>IL</state>
        <identifiers>
          <lisID>478</lisID>
          <bioguideId>G000535</bioguideId>
          <gpoId>7924</gpoId>
        </identifiers>
        <sponsorshipDate>2017-06-15</sponsorshipDate>
        <isOriginalCosponsor>False</isOriginalCosponsor>
        <party>D</party>
        <middleName>V.</middleName>
        <firstName>LUIS</firstName>
        <fullName>Rep. Gutierrez, Luis V. [D-IL-4]</fullName>
        <sponsorshipWithdrawnDate />
      </item>
      <item>
        <district>11</district>
        <lastName>Donovan</lastName>
        <bioguideId>D000625</bioguideId>
        <state>NY</state>
        <identifiers>
          <gpoId />
          <lisID>2293</lisID>
          <bioguideId>D000625</bioguideId>
        </identifiers>
        <sponsorshipDate>2017-06-15</sponsorshipDate>
        <isOriginalCosponsor>False</isOriginalCosponsor>
        <party>R</party>
        <middleName>M.</middleName>
        <firstName>Daniel</firstName>
        <fullName>Rep. Donovan, Daniel M., Jr. [R-NY-11]</fullName>
        <sponsorshipWithdrawnDate />
      </item>
      <item>
        <district>5</district>
        <lastName>Lamborn</lastName>
        <bioguideId>L000564</bioguideId>
        <state>CO</state>
        <identifiers>
          <gpoId>7863</gpoId>
          <lisID>1834</lisID>
          <bioguideId>L000564</bioguideId>
        </identifiers>
        <sponsorshipDate>2017-06-20</sponsorshipDate>
        <isOriginalCosponsor>False</isOriginalCosponsor>
        <party>R</party>
        <middleName />
        <firstName>Doug</firstName>
        <fullName>Rep. Lamborn, Doug [R-CO-5]</fullName>
        <sponsorshipWithdrawnDate />
      </item>
      <item>
        <district>6</district>
        <lastName>Coffman</lastName>
        <bioguideId>C001077</bioguideId>
        <state>CO</state>
        <identifiers>
          <gpoId>7864</gpoId>
          <lisID>1912</lisID>
          <bioguideId>C001077</bioguideId>
        </identifiers>
        <sponsorshipDate>2017-06-20</sponsorshipDate>
        <isOriginalCosponsor>False</isOriginalCosponsor>
        <party>R</party>
        <middleName />
        <firstName>Mike</firstName>
        <fullName>Rep. Coffman, Mike [R-CO-6]</fullName>
        <sponsorshipWithdrawnDate />
      </item>
      <item>
        <district>2</district>
        <lastName>Wilson</lastName>
        <bioguideId>W000795</bioguideId>
        <state>SC</state>
        <identifiers>
          <lisID>1688</lisID>
          <bioguideId>W000795</bioguideId>
          <gpoId>8142</gpoId>
        </identifiers>
        <sponsorshipDate>2017-06-20</sponsorshipDate>
        <isOriginalCosponsor>False</isOriginalCosponsor>
        <party>R</party>
        <middleName />
        <firstName>Joe</firstName>
        <fullName>Rep. Wilson, Joe [R-SC-2]</fullName>
        <sponsorshipWithdrawnDate />
      </item>
      <item>
        <district>8</district>
        <lastName>Raskin</lastName>
        <bioguideId>R000606</bioguideId>
        <state>MD</state>
        <identifiers>
          <lisID>2332</lisID>
          <gpoId />
          <bioguideId>R000606</bioguideId>
        </identifiers>
        <sponsorshipDate>2017-06-20</sponsorshipDate>
        <isOriginalCosponsor>False</isOriginalCosponsor>
        <party>D</party>
        <middleName />
        <firstName>Jamie</firstName>
        <fullName>Rep. Raskin, Jamie [D-MD-8]</fullName>
        <sponsorshipWithdrawnDate />
      </item>
      <item>
        <district>29</district>
        <lastName>GREEN</lastName>
        <bioguideId>G000410</bioguideId>
        <state>TX</state>
        <identifiers>
          <lisID>462</lisID>
          <gpoId>8185</gpoId>
          <bioguideId>G000410</bioguideId>
        </identifiers>
        <sponsorshipDate>2017-06-23</sponsorshipDate>
        <isOriginalCosponsor>False</isOriginalCosponsor>
        <party>D</party>
        <middleName />
        <firstName>GENE</firstName>
        <fullName>Rep. Green, Gene [D-TX-29]</fullName>
        <sponsorshipWithdrawnDate />
      </item>
      <item>
        <district>2</district>
        <lastName>MCGOVERN</lastName>
        <bioguideId>M000312</bioguideId>
        <state>MA</state>
        <identifiers>
          <gpoId>7968</gpoId>
          <lisID>1504</lisID>
          <bioguideId>M000312</bioguideId>
        </identifiers>
        <sponsorshipDate>2017-06-23</sponsorshipDate>
        <isOriginalCosponsor>False</isOriginalCosponsor>
        <party>D</party>
        <middleName>P.</middleName>
        <firstName>JAMES</firstName>
        <fullName>Rep. McGovern, James P. [D-MA-2]</fullName>
        <sponsorshipWithdrawnDate />
      </item>
      <item>
        <district>30</district>
        <lastName>SHERMAN</lastName>
        <bioguideId>S000344</bioguideId>
        <state>CA</state>
        <identifiers>
          <gpoId>7832</gpoId>
          <lisID>1526</lisID>
          <bioguideId>S000344</bioguideId>
        </identifiers>
        <sponsorshipDate>2017-06-23</sponsorshipDate>
        <isOriginalCosponsor>False</isOriginalCosponsor>
        <party>D</party>
        <middleName />
        <firstName>BRAD</firstName>
        <fullName>Rep. Sherman, Brad [D-CA-30]</fullName>
        <sponsorshipWithdrawnDate />
      </item>
      <item>
        <district>3</district>
        <lastName>Yoho</lastName>
        <bioguideId>Y000065</bioguideId>
        <state>FL</state>
        <identifiers>
          <lisID>2115</lisID>
          <gpoId />
          <bioguideId>Y000065</bioguideId>
        </identifiers>
        <sponsorshipDate>2017-06-23</sponsorshipDate>
        <isOriginalCosponsor>False</isOriginalCosponsor>
        <party>R</party>
        <middleName>S.</middleName>
        <firstName>Ted</firstName>
        <fullName>Rep. Yoho, Ted S. [R-FL-3]</fullName>
        <sponsorshipWithdrawnDate />
      </item>
      <item>
        <district>1</district>
        <lastName>Walz</lastName>
        <bioguideId>W000799</bioguideId>
        <state>MN</state>
        <identifiers>
          <lisID>1856</lisID>
          <gpoId>8001</gpoId>
          <bioguideId>W000799</bioguideId>
        </identifiers>
        <sponsorshipDate>2017-06-23</sponsorshipDate>
        <isOriginalCosponsor>False</isOriginalCosponsor>
        <party>D</party>
        <middleName>J.</middleName>
        <firstName>Timothy</firstName>
        <fullName>Rep. Walz, Timothy J. [D-MN-1]</fullName>
        <sponsorshipWithdrawnDate />
      </item>
      <item>
        <district>11</district>
        <lastName>Connolly</lastName>
        <bioguideId>C001078</bioguideId>
        <state>VA</state>
        <identifiers>
          <lisID>1959</lisID>
          <gpoId>8202</gpoId>
          <bioguideId>C001078</bioguideId>
        </identifiers>
        <sponsorshipDate>2017-06-23</sponsorshipDate>
        <isOriginalCosponsor>False</isOriginalCosponsor>
        <party>D</party>
        <middleName>E.</middleName>
        <firstName>Gerald</firstName>
        <fullName>Rep. Connolly, Gerald E. [D-VA-11]</fullName>
        <sponsorshipWithdrawnDate />
      </item>
      <item>
        <district>39</district>
        <lastName>ROYCE</lastName>
        <bioguideId>R000487</bioguideId>
        <state>CA</state>
        <identifiers>
          <gpoId>7845</gpoId>
          <lisID>998</lisID>
          <bioguideId>R000487</bioguideId>
        </identifiers>
        <sponsorshipDate>2017-06-23</sponsorshipDate>
        <isOriginalCosponsor>False</isOriginalCosponsor>
        <party>R</party>
        <middleName />
        <firstName>ED</firstName>
        <fullName>Rep. Royce, Edward R. [R-CA-39]</fullName>
        <sponsorshipWithdrawnDate />
      </item>
      <item>
        <district>30</district>
        <lastName>JOHNSON</lastName>
        <bioguideId>J000126</bioguideId>
        <state>TX</state>
        <identifiers>
          <lisID>599</lisID>
          <gpoId>8186</gpoId>
          <bioguideId>J000126</bioguideId>
        </identifiers>
        <sponsorshipDate>2017-06-26</sponsorshipDate>
        <isOriginalCosponsor>False</isOriginalCosponsor>
        <party>D</party>
        <middleName>BERNICE</middleName>
        <firstName>EDDIE</firstName>
        <fullName>Rep. Johnson, Eddie Bernice [D-TX-30]</fullName>
        <sponsorshipWithdrawnDate />
      </item>
      <item>
        <district>1</district>
        <lastName>Zeldin</lastName>
        <bioguideId>Z000017</bioguideId>
        <state>NY</state>
        <identifiers>
          <gpoId />
          <lisID>2261</lisID>
          <bioguideId>Z000017</bioguideId>
        </identifiers>
        <sponsorshipDate>2017-06-26</sponsorshipDate>
        <isOriginalCosponsor>False</isOriginalCosponsor>
        <party>R</party>
        <middleName>M.</middleName>
        <firstName>Lee</firstName>
        <fullName>Rep. Zeldin, Lee M. [R-NY-1]</fullName>
        <sponsorshipWithdrawnDate />
      </item>
      <item>
        <district>8</district>
        <lastName>Sires</lastName>
        <bioguideId>S001165</bioguideId>
        <state>NJ</state>
        <identifiers>
          <gpoId>8055</gpoId>
          <lisID>1818</lisID>
          <bioguideId>S001165</bioguideId>
        </identifiers>
        <sponsorshipDate>2017-06-28</sponsorshipDate>
        <isOriginalCosponsor>False</isOriginalCosponsor>
        <party>D</party>
        <middleName />
        <firstName>Albio</firstName>
        <fullName>Rep. Sires, Albio [D-NJ-8]</fullName>
        <sponsorshipWithdrawnDate />
      </item>
      <item>
        <district>8</district>
        <lastName>Cook</lastName>
        <bioguideId>C001094</bioguideId>
        <state>CA</state>
        <identifiers>
          <lisID>2103</lisID>
          <bioguideId>C001094</bioguideId>
          <gpoId />
        </identifiers>
        <sponsorshipDate>2017-06-28</sponsorshipDate>
        <isOriginalCosponsor>False</isOriginalCosponsor>
        <party>R</party>
        <middleName />
        <firstName>Paul</firstName>
        <fullName>Rep. Cook, Paul [R-CA-8]</fullName>
        <sponsorshipWithdrawnDate />
      </item>
      <item>
        <district>5</district>
        <lastName>Ellison</lastName>
        <bioguideId>E000288</bioguideId>
        <state>MN</state>
        <identifiers>
          <gpoId>8005</gpoId>
          <lisID>1857</lisID>
          <bioguideId>E000288</bioguideId>
        </identifiers>
        <sponsorshipDate>2017-06-28</sponsorshipDate>
        <isOriginalCosponsor>False</isOriginalCosponsor>
        <party>D</party>
        <middleName />
        <firstName>Keith</firstName>
        <fullName>Rep. Ellison, Keith [D-MN-5]</fullName>
        <sponsorshipWithdrawnDate />
      </item>
      <item>
        <district>9</district>
        <lastName>Griffith</lastName>
        <bioguideId>G000568</bioguideId>
        <state>VA</state>
        <identifiers>
          <lisID>2070</lisID>
          <gpoId>8200</gpoId>
          <bioguideId>G000568</bioguideId>
        </identifiers>
        <sponsorshipDate>2017-06-28</sponsorshipDate>
        <isOriginalCosponsor>False</isOriginalCosponsor>
        <party>R</party>
        <middleName>Morgan</middleName>
        <firstName>H.</firstName>
        <fullName>Rep. Griffith, H. Morgan [R-VA-9]</fullName>
        <sponsorshipWithdrawnDate />
      </item>
      <item>
        <district>3</district>
        <lastName>Suozzi</lastName>
        <bioguideId>S001201</bioguideId>
        <state>NY</state>
        <identifiers>
          <gpoId />
          <lisID>2341</lisID>
          <bioguideId>S001201</bioguideId>
        </identifiers>
        <sponsorshipDate>2017-06-28</sponsorshipDate>
        <isOriginalCosponsor>False</isOriginalCosponsor>
        <party>D</party>
        <middleName>R.</middleName>
        <firstName>Thomas</firstName>
        <fullName>Rep. Suozzi, Thomas R. [D-NY-3]</fullName>
        <sponsorshipWithdrawnDate />
      </item>
      <item>
        <district>24</district>
        <lastName>Wilson</lastName>
        <bioguideId>W000808</bioguideId>
        <state>FL</state>
        <identifiers>
          <lisID>2004</lisID>
          <gpoId>7889</gpoId>
          <bioguideId>W000808</bioguideId>
        </identifiers>
        <sponsorshipDate>2017-06-29</sponsorshipDate>
        <isOriginalCosponsor>False</isOriginalCosponsor>
        <party>D</party>
        <middleName>S.</middleName>
        <firstName>Frederica</firstName>
        <fullName>Rep. Wilson, Frederica S. [D-FL-24]</fullName>
        <sponsorshipWithdrawnDate />
      </item>
      <item>
        <district>25</district>
        <lastName>Diaz-Balart</lastName>
        <bioguideId>D000600</bioguideId>
        <state>FL</state>
        <identifiers>
          <lisID>1717</lisID>
          <gpoId>7893</gpoId>
          <bioguideId>D000600</bioguideId>
        </identifiers>
        <sponsorshipDate>2017-06-29</sponsorshipDate>
        <isOriginalCosponsor>False</isOriginalCosponsor>
        <party>R</party>
        <middleName />
        <firstName>Mario</firstName>
        <fullName>Rep. Diaz-Balart, Mario [R-FL-25]</fullName>
        <sponsorshipWithdrawnDate />
      </item>
      <item>
        <district>10</district>
        <lastName>Comstock</lastName>
        <bioguideId>C001105</bioguideId>
        <state>VA</state>
        <identifiers>
          <lisID>2273</lisID>
          <gpoId />
          <bioguideId>C001105</bioguideId>
        </identifiers>
        <sponsorshipDate>2017-07-14</sponsorshipDate>
        <isOriginalCosponsor>False</isOriginalCosponsor>
        <party>R</party>
        <middleName />
        <firstName>Barbara</firstName>
        <fullName>Rep. Comstock, Barbara [R-VA-10]</fullName>
        <sponsorshipWithdrawnDate />
      </item>
      <item>
        <district>12</district>
        <lastName>Watson Coleman</lastName>
        <bioguideId>W000822</bioguideId>
        <state>NJ</state>
        <identifiers>
          <lisID>2259</lisID>
          <gpoId />
          <bioguideId>W000822</bioguideId>
        </identifiers>
        <sponsorshipDate>2017-07-20</sponsorshipDate>
        <isOriginalCosponsor>False</isOriginalCosponsor>
        <party>D</party>
        <middleName />
        <firstName>Bonnie</firstName>
        <fullName>Rep. Watson Coleman, Bonnie [D-NJ-12]</fullName>
        <sponsorshipWithdrawnDate />
      </item>
      <item>
        <district>17</district>
        <lastName>Rooney</lastName>
        <bioguideId>R000583</bioguideId>
        <state>FL</state>
        <identifiers>
          <lisID>1916</lisID>
          <bioguideId>R000583</bioguideId>
          <gpoId>7888</gpoId>
        </identifiers>
        <sponsorshipDate>2017-07-24</sponsorshipDate>
        <isOriginalCosponsor>False</isOriginalCosponsor>
        <party>R</party>
        <middleName>J.</middleName>
        <firstName>Thomas</firstName>
        <fullName>Rep. Rooney, Thomas J. [R-FL-17]</fullName>
        <sponsorshipWithdrawnDate />
      </item>
      <item>
        <district>0</district>
        <lastName>Gonzalez-Colon</lastName>
        <bioguideId>G000582</bioguideId>
        <state>PR</state>
        <identifiers>
          <lisID>2347</lisID>
          <gpoId />
          <bioguideId>G000582</bioguideId>
        </identifiers>
        <sponsorshipDate>2017-07-24</sponsorshipDate>
        <isOriginalCosponsor>False</isOriginalCosponsor>
        <party>R</party>
        <middleName />
        <firstName>Jenniffer</firstName>
        <fullName>Rep. Gonzalez-Colon, Jenniffer [R-PR-At Large]</fullName>
        <sponsorshipWithdrawnDate />
      </item>
      <item>
        <district>5</district>
        <lastName>Kildee</lastName>
        <bioguideId>K000380</bioguideId>
        <state>MI</state>
        <identifiers>
          <lisID>2134</lisID>
          <gpoId />
          <bioguideId>K000380</bioguideId>
        </identifiers>
        <sponsorshipDate>2017-07-25</sponsorshipDate>
        <isOriginalCosponsor>False</isOriginalCosponsor>
        <party>D</party>
        <middleName>T.</middleName>
        <firstName>Daniel</firstName>
        <fullName>Rep. Kildee, Daniel T. [D-MI-5]</fullName>
        <sponsorshipWithdrawnDate />
      </item>
      <item>
        <district>7</district>
        <lastName>Jayapal</lastName>
        <bioguideId>J000298</bioguideId>
        <state>WA</state>
        <identifiers>
          <gpoId />
          <lisID>2354</lisID>
          <bioguideId>J000298</bioguideId>
        </identifiers>
        <sponsorshipDate>2017-07-26</sponsorshipDate>
        <isOriginalCosponsor>False</isOriginalCosponsor>
        <party>D</party>
        <middleName />
        <firstName>Pramila</firstName>
        <fullName>Rep. Jayapal, Pramila [D-WA-7]</fullName>
        <sponsorshipWithdrawnDate />
      </item>
      <item>
        <district>5</district>
        <lastName>Garrett</lastName>
        <bioguideId>G000580</bioguideId>
        <state>VA</state>
        <identifiers>
          <lisID>2353</lisID>
          <gpoId />
          <bioguideId>G000580</bioguideId>
        </identifiers>
        <sponsorshipDate>2017-07-26</sponsorshipDate>
        <isOriginalCosponsor>False</isOriginalCosponsor>
        <party>R</party>
        <middleName>A.</middleName>
        <firstName>Thomas</firstName>
        <fullName>Rep. Garrett, Thomas A., Jr. [R-VA-5]</fullName>
        <sponsorshipWithdrawnDate />
      </item>
      <item>
        <district>48</district>
        <lastName>ROHRABACHER</lastName>
        <bioguideId>R000409</bioguideId>
        <state>CA</state>
        <identifiers>
          <lisID>979</lisID>
          <bioguideId>R000409</bioguideId>
          <gpoId>7851</gpoId>
        </identifiers>
        <sponsorshipDate>2017-07-26</sponsorshipDate>
        <isOriginalCosponsor>False</isOriginalCosponsor>
        <party>R</party>
        <middleName />
        <firstName>DANA</firstName>
        <fullName>Rep. Rohrabacher, Dana [R-CA-48]</fullName>
        <sponsorshipWithdrawnDate />
      </item>
      <item>
        <district>5</district>
        <lastName>SENSENBRENNER</lastName>
        <bioguideId>S000244</bioguideId>
        <state>WI</state>
        <identifiers>
          <gpoId>8218</gpoId>
          <lisID>1041</lisID>
          <bioguideId>S000244</bioguideId>
        </identifiers>
        <sponsorshipDate>2017-07-26</sponsorshipDate>
        <isOriginalCosponsor>False</isOriginalCosponsor>
        <party>R</party>
        <middleName>JAMES</middleName>
        <firstName>F.</firstName>
        <fullName>Rep. Sensenbrenner, F. James, Jr. [R-WI-5]</fullName>
        <sponsorshipWithdrawnDate />
      </item>
      <item>
        <district>2</district>
        <lastName>SIMPSON</lastName>
        <bioguideId>S001148</bioguideId>
        <state>ID</state>
        <identifiers>
          <lisID>1590</lisID>
          <gpoId>7920</gpoId>
          <bioguideId>S001148</bioguideId>
        </identifiers>
        <sponsorshipDate>2017-07-26</sponsorshipDate>
        <isOriginalCosponsor>False</isOriginalCosponsor>
        <party>R</party>
        <middleName>K.</middleName>
        <firstName>MICHAEL</firstName>
        <fullName>Rep. Simpson, Michael K. [R-ID-2]</fullName>
        <sponsorshipWithdrawnDate />
      </item>
    </cosponsors>
  </bill>
  <dublinCore xmlns:dc="http://purl.org/dc/elements/1.1/">
    <dc:format>text/xml</dc:format>
    <dc:language>EN</dc:language>
    <dc:rights>Pursuant to Title 17 Section 105 of the United States Code, this file is not subject to copyright protection and is in the public domain.</dc:rights>
    <dc:contributor>Congressional Research Service, Library of Congress</dc:contributor>
    <dc:description>This file contains bill summaries and statuses for federal legislation. A bill summary describes the most significant provisions of a piece of legislation and details the effects the legislative text may have on current law and federal programs. Bill summaries are authored by the Congressional Research Service (CRS) of the Library of Congress. As stated in Public Law 91-510 (2 USC 166 (d)(6)), one of the duties of CRS is "to prepare summaries and digests of bills and resolutions of a public general nature introduced in the Senate or House of Representatives". For more information, refer to the User Guide that accompanies this file.</dc:description>
  </dublinCore>
</billStatus>

