<?xml version="1.0" encoding="UTF-8"?>
<billStatus>
  <bill>
    <calendarNumbers />
    <constitutionalAuthorityStatementText />
    <congress>115</congress>
    <titles>
      <item>
        <chamberCode />
        <title>Expressing concern for the well-being of Liu Xia, and urging the Government of the People's Republic of China to unconditionally release Liu Xia from illegal detention, cease surveillance, and allow her freedom of movement.</title>
        <titleType>Official Title as Introduced</titleType>
        <parentTitleType />
        <chamberName />
      </item>
      <item>
        <chamberCode />
        <title>Expressing concern for the well-being of Liu Xia, and urging the Government of the People's Republic of China to unconditionally release Liu Xia from illegal detention, cease surveillance, and allow her freedom of movement.</title>
        <titleType>Display Title</titleType>
        <parentTitleType />
        <chamberName />
      </item>
    </titles>
    <introducedDate>2017-07-27</introducedDate>
    <latestAction>
      <actionDate>2017-09-05</actionDate>
      <text>Referred to the Subcommittee on Asia and the Pacific.</text>
      <links />
    </latestAction>
    <title>Expressing concern for the well-being of Liu Xia, and urging the Government of the People's Republic of China to unconditionally release Liu Xia from illegal detention, cease surveillance, and allow her freedom of movement.</title>
    <subjects>
      <billSubjects>
        <legislativeSubjects>
          <item>
            <name>Asia</name>
          </item>
          <item>
            <name>China</name>
          </item>
          <item>
            <name>Detention of persons</name>
          </item>
          <item>
            <name>Diplomacy, foreign officials, Americans abroad</name>
          </item>
          <item>
            <name>Human rights</name>
          </item>
          <item>
            <name>Protest and dissent</name>
          </item>
        </legislativeSubjects>
        <policyArea>
          <name>International Affairs</name>
        </policyArea>
      </billSubjects>
    </subjects>
    <relatedBills />
    <updateDate>2018-02-06T16:39:56Z</updateDate>
    <committeeReports />
    <notes />
    <recordedVotes />
    <amendments />
    <billType>HRES</billType>
    <committees>
      <billCommittees>
        <item>
          <systemCode>hsfa00</systemCode>
          <name>Foreign Affairs Committee</name>
          <type>Standing</type>
          <activities>
            <item>
              <name>Referred to</name>
              <date>2017-07-27T14:07:20Z</date>
            </item>
          </activities>
          <chamber>House</chamber>
          <subcommittees>
            <item>
              <activities>
                <item>
                  <name>Referred to</name>
                  <date>2017-09-05T19:57:56Z</date>
                </item>
              </activities>
              <systemCode>hsfa05</systemCode>
              <name>Asia and the Pacific Subcommittee</name>
            </item>
            <item>
              <activities>
                <item>
                  <name>Referred to</name>
                  <date>2017-09-05T19:56:30Z</date>
                </item>
              </activities>
              <systemCode>hsfa16</systemCode>
              <name>Africa, Global Health, Global Human Rights and International Organizations Subcommittee</name>
            </item>
          </subcommittees>
        </item>
      </billCommittees>
    </committees>
    <cboCostEstimates />
    <billNumber>484</billNumber>
    <policyArea>
      <name>International Affairs</name>
    </policyArea>
    <version>1.0.0</version>
    <createDate>2017-07-28T03:11:32Z</createDate>
    <originChamber>House</originChamber>
    <actions>
      <actionTypeCounts>
        <introducedInTheHouse>1</introducedInTheHouse>
        <billReferrals>1</billReferrals>
        <introducedInHouse>1</introducedInHouse>
        <placeholderTextForH>2</placeholderTextForH>
      </actionTypeCounts>
      <item>
        <actionDate>2017-09-05</actionDate>
        <committee>
          <systemCode>hsfa05</systemCode>
          <name>Asia and the Pacific Subcommittee</name>
        </committee>
        <links />
        <sourceSystem>
          <name>House committee actions</name>
          <code>1</code>
        </sourceSystem>
        <text>Referred to the Subcommittee on Asia and the Pacific.</text>
        <type>Committee</type>
      </item>
      <item>
        <actionDate>2017-09-05</actionDate>
        <committee>
          <systemCode>hsfa16</systemCode>
          <name>Africa, Global Health, Global Human Rights and International Organizations Subcommittee</name>
        </committee>
        <links />
        <sourceSystem>
          <name>House committee actions</name>
          <code>1</code>
        </sourceSystem>
        <text>Referred to the Subcommittee on Africa, Global Health, Global Human Rights and International Organizations.</text>
        <type>Committee</type>
      </item>
      <item>
        <type>IntroReferral</type>
        <links />
        <text>Referred to the House Committee on Foreign Affairs.</text>
        <committee>
          <systemCode>hsfa00</systemCode>
          <name>Foreign Affairs Committee</name>
        </committee>
        <actionDate>2017-07-27</actionDate>
        <sourceSystem>
          <name>House floor actions</name>
          <code>2</code>
        </sourceSystem>
        <actionCode>H11100</actionCode>
      </item>
      <item>
        <type>IntroReferral</type>
        <links />
        <text>Introduced in House</text>
        <committee />
        <actionDate>2017-07-27</actionDate>
        <sourceSystem>
          <name>Library of Congress</name>
          <code>9</code>
        </sourceSystem>
        <actionCode>Intro-H</actionCode>
      </item>
      <item>
        <type>IntroReferral</type>
        <links />
        <text>Introduced in House</text>
        <committee />
        <actionDate>2017-07-27</actionDate>
        <sourceSystem>
          <name>Library of Congress</name>
          <code>9</code>
        </sourceSystem>
        <actionCode>1000</actionCode>
      </item>
      <actionByCounts>
        <houseOfRepresentatives>5</houseOfRepresentatives>
      </actionByCounts>
    </actions>
    <sponsors>
      <item>
        <party>D</party>
        <bioguideId>L000263</bioguideId>
        <district>9</district>
        <firstName>SANDER</firstName>
        <middleName>M.</middleName>
        <state>MI</state>
        <fullName>Rep. Levin, Sander M. [D-MI-9]</fullName>
        <identifiers>
          <bioguideId>L000263</bioguideId>
          <lisID>683</lisID>
          <gpoId>7997</gpoId>
        </identifiers>
        <lastName>LEVIN</lastName>
        <byRequestType />
      </item>
    </sponsors>
    <summaries>
      <billSummaries>
        <item>
          <versionCode>00</versionCode>
          <text><![CDATA[<p>Recognizes Liu Xia for her role in supporting human rights in the People's Republic of China and expresses concern for her well-being under house detention.</p> <p>Urges: (1) Chinese authorities to allow Liu Xia freedom of movement, including freedom to leave China and to establish a place of residence of her choosing; and (2) the United States to continuously advocate for Liu Xia's release when meeting with Chinese authorities.</p>]]></text>
          <actionDesc>Introduced in House</actionDesc>
          <actionDate>2017-07-27</actionDate>
          <lastSummaryUpdateDate>2017-10-31T19:29:36Z</lastSummaryUpdateDate>
          <name>Introduced in House</name>
          <updateDate>2017-07-27T04:00:00Z</updateDate>
        </item>
      </billSummaries>
    </summaries>
    <laws />
    <cosponsors />
  </bill>
  <dublinCore xmlns:dc="http://purl.org/dc/elements/1.1/">
    <dc:format>text/xml</dc:format>
    <dc:language>EN</dc:language>
    <dc:rights>Pursuant to Title 17 Section 105 of the United States Code, this file is not subject to copyright protection and is in the public domain.</dc:rights>
    <dc:contributor>Congressional Research Service, Library of Congress</dc:contributor>
    <dc:description>This file contains bill summaries and statuses for federal legislation. A bill summary describes the most significant provisions of a piece of legislation and details the effects the legislative text may have on current law and federal programs. Bill summaries are authored by the Congressional Research Service (CRS) of the Library of Congress. As stated in Public Law 91-510 (2 USC 166 (d)(6)), one of the duties of CRS is "to prepare summaries and digests of bills and resolutions of a public general nature introduced in the Senate or House of Representatives". For more information, refer to the User Guide that accompanies this file.</dc:description>
  </dublinCore>
</billStatus>

