<?xml version="1.0" encoding="UTF-8"?>
<billStatus>
  <bill>
    <laws />
    <calendarNumbers />
    <committees>
      <billCommittees>
        <item>
          <chamber>House</chamber>
          <subcommittees>
            <item>
              <activities>
                <item>
                  <date>2017-05-18T15:44:41Z</date>
                  <name>Referred to</name>
                </item>
              </activities>
              <name>Middle East and North Africa Subcommittee</name>
              <systemCode>hsfa13</systemCode>
            </item>
          </subcommittees>
          <name>Foreign Affairs Committee</name>
          <type>Standing</type>
          <systemCode>hsfa00</systemCode>
          <activities>
            <item>
              <date>2017-04-06T13:05:25Z</date>
              <name>Referred to</name>
            </item>
          </activities>
        </item>
      </billCommittees>
    </committees>
    <cosponsors>
      <item>
        <identifiers>
          <gpoId>8099</gpoId>
          <lisID>616</lisID>
          <bioguideId>K000009</bioguideId>
        </identifiers>
        <fullName>Rep. Kaptur, Marcy [D-OH-9]</fullName>
        <state>OH</state>
        <sponsorshipDate>2017-04-06</sponsorshipDate>
        <bioguideId>K000009</bioguideId>
        <firstName>MARCY</firstName>
        <sponsorshipWithdrawnDate />
        <lastName>KAPTUR</lastName>
        <party>D</party>
        <isOriginalCosponsor>True</isOriginalCosponsor>
        <district>9</district>
        <middleName />
      </item>
      <item>
        <identifiers>
          <gpoId />
          <lisID>2244</lisID>
          <bioguideId>A000374</bioguideId>
        </identifiers>
        <fullName>Rep. Abraham, Ralph Lee [R-LA-5]</fullName>
        <state>LA</state>
        <sponsorshipDate>2017-04-06</sponsorshipDate>
        <bioguideId>A000374</bioguideId>
        <firstName>Ralph</firstName>
        <sponsorshipWithdrawnDate />
        <lastName>Abraham</lastName>
        <party>R</party>
        <isOriginalCosponsor>True</isOriginalCosponsor>
        <district>5</district>
        <middleName>Lee</middleName>
      </item>
      <item>
        <identifiers>
          <gpoId>8038</gpoId>
          <lisID>1793</lisID>
          <bioguideId>F000449</bioguideId>
        </identifiers>
        <fullName>Rep. Fortenberry, Jeff [R-NE-1]</fullName>
        <state>NE</state>
        <sponsorshipDate>2017-04-27</sponsorshipDate>
        <bioguideId>F000449</bioguideId>
        <firstName>Jeff</firstName>
        <sponsorshipWithdrawnDate />
        <lastName>Fortenberry</lastName>
        <party>R</party>
        <isOriginalCosponsor>False</isOriginalCosponsor>
        <district>1</district>
        <middleName />
      </item>
      <item>
        <identifiers>
          <gpoId>7968</gpoId>
          <lisID>1504</lisID>
          <bioguideId>M000312</bioguideId>
        </identifiers>
        <fullName>Rep. McGovern, James P. [D-MA-2]</fullName>
        <state>MA</state>
        <sponsorshipDate>2017-04-27</sponsorshipDate>
        <bioguideId>M000312</bioguideId>
        <firstName>JAMES</firstName>
        <sponsorshipWithdrawnDate />
        <lastName>MCGOVERN</lastName>
        <party>D</party>
        <isOriginalCosponsor>False</isOriginalCosponsor>
        <district>2</district>
        <middleName>P.</middleName>
      </item>
      <item>
        <identifiers>
          <gpoId>7821</gpoId>
          <lisID>701</lisID>
          <bioguideId>L000397</bioguideId>
        </identifiers>
        <fullName>Rep. Lofgren, Zoe [D-CA-19]</fullName>
        <state>CA</state>
        <sponsorshipDate>2017-06-06</sponsorshipDate>
        <bioguideId>L000397</bioguideId>
        <firstName>ZOE</firstName>
        <sponsorshipWithdrawnDate />
        <lastName>LOFGREN</lastName>
        <party>D</party>
        <isOriginalCosponsor>False</isOriginalCosponsor>
        <district>19</district>
        <middleName />
      </item>
      <item>
        <identifiers>
          <bioguideId>P000034</bioguideId>
          <lisID>887</lisID>
          <gpoId>8048</gpoId>
        </identifiers>
        <fullName>Rep. Pallone, Frank, Jr. [D-NJ-6]</fullName>
        <state>NJ</state>
        <sponsorshipDate>2017-06-20</sponsorshipDate>
        <bioguideId>P000034</bioguideId>
        <firstName>FRANK</firstName>
        <sponsorshipWithdrawnDate />
        <lastName>PALLONE</lastName>
        <party>D</party>
        <isOriginalCosponsor>False</isOriginalCosponsor>
        <district>6</district>
        <middleName />
      </item>
      <item>
        <identifiers>
          <lisID>2161</lisID>
          <gpoId />
          <bioguideId>W000814</bioguideId>
        </identifiers>
        <fullName>Rep. Weber, Randy K., Sr. [R-TX-14]</fullName>
        <state>TX</state>
        <sponsorshipDate>2017-06-20</sponsorshipDate>
        <bioguideId>W000814</bioguideId>
        <firstName>Randy</firstName>
        <sponsorshipWithdrawnDate />
        <lastName>Weber</lastName>
        <party>R</party>
        <isOriginalCosponsor>False</isOriginalCosponsor>
        <district>14</district>
        <middleName>K.</middleName>
      </item>
      <item>
        <identifiers>
          <lisID>1654</lisID>
          <gpoId>8009</gpoId>
          <bioguideId>C001049</bioguideId>
        </identifiers>
        <fullName>Rep. Clay, Wm. Lacy [D-MO-1]</fullName>
        <state>MO</state>
        <sponsorshipDate>2017-06-20</sponsorshipDate>
        <bioguideId>C001049</bioguideId>
        <firstName>WM.</firstName>
        <sponsorshipWithdrawnDate />
        <lastName>CLAY</lastName>
        <party>D</party>
        <isOriginalCosponsor>False</isOriginalCosponsor>
        <district>1</district>
        <middleName>LACY</middleName>
      </item>
      <item>
        <identifiers>
          <lisID>2015</lisID>
          <gpoId>7934</gpoId>
          <bioguideId>H001059</bioguideId>
        </identifiers>
        <fullName>Rep. Hultgren, Randy [R-IL-14]</fullName>
        <state>IL</state>
        <sponsorshipDate>2017-06-20</sponsorshipDate>
        <bioguideId>H001059</bioguideId>
        <firstName>Randy</firstName>
        <sponsorshipWithdrawnDate />
        <lastName>Hultgren</lastName>
        <party>R</party>
        <isOriginalCosponsor>False</isOriginalCosponsor>
        <district>14</district>
        <middleName />
      </item>
      <item>
        <identifiers>
          <gpoId />
          <lisID>2358</lisID>
          <bioguideId>E000298</bioguideId>
        </identifiers>
        <fullName>Rep. Estes, Ron [R-KS-4]</fullName>
        <state>KS</state>
        <sponsorshipDate>2017-07-11</sponsorshipDate>
        <bioguideId>E000298</bioguideId>
        <firstName>Ron</firstName>
        <sponsorshipWithdrawnDate />
        <lastName>Estes</lastName>
        <party>R</party>
        <isOriginalCosponsor>False</isOriginalCosponsor>
        <district>4</district>
        <middleName />
      </item>
      <item>
        <identifiers>
          <gpoId>7924</gpoId>
          <bioguideId>G000535</bioguideId>
          <lisID>478</lisID>
        </identifiers>
        <fullName>Rep. Gutierrez, Luis V. [D-IL-4]</fullName>
        <state>IL</state>
        <sponsorshipDate>2017-07-11</sponsorshipDate>
        <bioguideId>G000535</bioguideId>
        <firstName>LUIS</firstName>
        <sponsorshipWithdrawnDate />
        <lastName>GUTIERREZ</lastName>
        <party>D</party>
        <isOriginalCosponsor>False</isOriginalCosponsor>
        <district>4</district>
        <middleName>V.</middleName>
      </item>
      <item>
        <identifiers>
          <gpoId />
          <lisID>2308</lisID>
          <bioguideId>K000389</bioguideId>
        </identifiers>
        <fullName>Rep. Khanna, Ro [D-CA-17]</fullName>
        <state>CA</state>
        <sponsorshipDate>2017-10-31</sponsorshipDate>
        <bioguideId>K000389</bioguideId>
        <firstName>Ro</firstName>
        <sponsorshipWithdrawnDate />
        <lastName>Khanna</lastName>
        <party>D</party>
        <isOriginalCosponsor>False</isOriginalCosponsor>
        <district>17</district>
        <middleName />
      </item>
      <item>
        <identifiers>
          <lisID>2250</lisID>
          <gpoId />
          <bioguideId>T000475</bioguideId>
        </identifiers>
        <fullName>Rep. Trott, David A. [R-MI-11]</fullName>
        <state>MI</state>
        <sponsorshipDate>2017-11-06</sponsorshipDate>
        <bioguideId>T000475</bioguideId>
        <firstName>David</firstName>
        <sponsorshipWithdrawnDate />
        <lastName>Trott</lastName>
        <party>R</party>
        <isOriginalCosponsor>False</isOriginalCosponsor>
        <district>11</district>
        <middleName>A.</middleName>
      </item>
      <item>
        <identifiers>
          <bioguideId>G000576</bioguideId>
          <lisID>2276</lisID>
          <gpoId />
        </identifiers>
        <fullName>Rep. Grothman, Glenn [R-WI-6]</fullName>
        <state>WI</state>
        <sponsorshipDate>2017-11-06</sponsorshipDate>
        <bioguideId>G000576</bioguideId>
        <firstName>Glenn</firstName>
        <sponsorshipWithdrawnDate />
        <lastName>Grothman</lastName>
        <party>R</party>
        <isOriginalCosponsor>False</isOriginalCosponsor>
        <district>6</district>
        <middleName />
      </item>
      <item>
        <identifiers>
          <gpoId />
          <bioguideId>M001194</bioguideId>
          <lisID>2248</lisID>
        </identifiers>
        <fullName>Rep. Moolenaar, John R. [R-MI-4]</fullName>
        <state>MI</state>
        <sponsorshipDate>2017-11-06</sponsorshipDate>
        <bioguideId>M001194</bioguideId>
        <firstName>John</firstName>
        <sponsorshipWithdrawnDate />
        <lastName>Moolenaar</lastName>
        <party>R</party>
        <isOriginalCosponsor>False</isOriginalCosponsor>
        <district>4</district>
        <middleName>R.</middleName>
      </item>
      <item>
        <identifiers>
          <gpoId>7819</gpoId>
          <lisID>355</lisID>
          <bioguideId>E000215</bioguideId>
        </identifiers>
        <fullName>Rep. Eshoo, Anna G. [D-CA-18]</fullName>
        <state>CA</state>
        <sponsorshipDate>2017-12-04</sponsorshipDate>
        <bioguideId>E000215</bioguideId>
        <firstName>ANNA</firstName>
        <sponsorshipWithdrawnDate />
        <lastName>ESHOO</lastName>
        <party>D</party>
        <isOriginalCosponsor>False</isOriginalCosponsor>
        <district>18</district>
        <middleName>G.</middleName>
      </item>
      <item>
        <identifiers>
          <bioguideId>R000515</bioguideId>
          <lisID>1003</lisID>
          <gpoId>7921</gpoId>
        </identifiers>
        <fullName>Rep. Rush, Bobby L. [D-IL-1]</fullName>
        <state>IL</state>
        <sponsorshipDate>2017-12-04</sponsorshipDate>
        <bioguideId>R000515</bioguideId>
        <firstName>BOBBY</firstName>
        <sponsorshipWithdrawnDate />
        <lastName>RUSH</lastName>
        <party>D</party>
        <isOriginalCosponsor>False</isOriginalCosponsor>
        <district>1</district>
        <middleName>L.</middleName>
      </item>
      <item>
        <identifiers>
          <gpoId>7854</gpoId>
          <lisID>1640</lisID>
          <bioguideId>I000056</bioguideId>
        </identifiers>
        <fullName>Rep. Issa, Darrell E. [R-CA-49]</fullName>
        <state>CA</state>
        <sponsorshipDate>2017-12-06</sponsorshipDate>
        <bioguideId>I000056</bioguideId>
        <firstName>DARRELL</firstName>
        <sponsorshipWithdrawnDate />
        <lastName>ISSA</lastName>
        <party>R</party>
        <isOriginalCosponsor>False</isOriginalCosponsor>
        <district>49</district>
        <middleName>E.</middleName>
      </item>
      <item>
        <identifiers>
          <lisID>2141</lisID>
          <gpoId />
          <bioguideId>P000606</bioguideId>
        </identifiers>
        <fullName>Rep. Pittenger, Robert [R-NC-9]</fullName>
        <state>NC</state>
        <sponsorshipDate>2017-12-06</sponsorshipDate>
        <bioguideId>P000606</bioguideId>
        <firstName>Robert</firstName>
        <sponsorshipWithdrawnDate />
        <lastName>Pittenger</lastName>
        <party>R</party>
        <isOriginalCosponsor>False</isOriginalCosponsor>
        <district>9</district>
        <middleName />
      </item>
      <item>
        <identifiers>
          <lisID>2072</lisID>
          <gpoId>8220</gpoId>
          <bioguideId>D000614</bioguideId>
        </identifiers>
        <fullName>Rep. Duffy, Sean P. [R-WI-7]</fullName>
        <state>WI</state>
        <sponsorshipDate>2017-12-07</sponsorshipDate>
        <bioguideId>D000614</bioguideId>
        <firstName>Sean</firstName>
        <sponsorshipWithdrawnDate />
        <lastName>Duffy</lastName>
        <party>R</party>
        <isOriginalCosponsor>False</isOriginalCosponsor>
        <district>7</district>
        <middleName>P.</middleName>
      </item>
      <item>
        <identifiers>
          <lisID>1741</lisID>
          <gpoId>8093</gpoId>
          <bioguideId>T000463</bioguideId>
        </identifiers>
        <fullName>Rep. Turner, Michael R. [R-OH-10]</fullName>
        <state>OH</state>
        <sponsorshipDate>2017-12-19</sponsorshipDate>
        <bioguideId>T000463</bioguideId>
        <firstName>Michael</firstName>
        <sponsorshipWithdrawnDate />
        <lastName>Turner</lastName>
        <party>R</party>
        <isOriginalCosponsor>False</isOriginalCosponsor>
        <district>10</district>
        <middleName>R.</middleName>
      </item>
      <item>
        <identifiers>
          <lisID>2340</lisID>
          <gpoId />
          <bioguideId>K000390</bioguideId>
        </identifiers>
        <fullName>Rep. Kihuen, Ruben J. [D-NV-4]</fullName>
        <state>NV</state>
        <sponsorshipDate>2018-01-09</sponsorshipDate>
        <bioguideId>K000390</bioguideId>
        <firstName>Ruben</firstName>
        <sponsorshipWithdrawnDate />
        <lastName>Kihuen</lastName>
        <party>D</party>
        <isOriginalCosponsor>False</isOriginalCosponsor>
        <district>4</district>
        <middleName>J.</middleName>
      </item>
      <item>
        <identifiers>
          <bioguideId>P000604</bioguideId>
          <lisID>2097</lisID>
          <gpoId>8373</gpoId>
        </identifiers>
        <fullName>Rep. Payne, Donald M., Jr. [D-NJ-10]</fullName>
        <state>NJ</state>
        <sponsorshipDate>2018-01-30</sponsorshipDate>
        <bioguideId>P000604</bioguideId>
        <firstName>Donald</firstName>
        <sponsorshipWithdrawnDate />
        <lastName>Payne</lastName>
        <party>D</party>
        <isOriginalCosponsor>False</isOriginalCosponsor>
        <district>10</district>
        <middleName>M.</middleName>
      </item>
      <item>
        <identifiers>
          <bioguideId>J000126</bioguideId>
          <lisID>599</lisID>
          <gpoId>8186</gpoId>
        </identifiers>
        <fullName>Rep. Johnson, Eddie Bernice [D-TX-30]</fullName>
        <state>TX</state>
        <sponsorshipDate>2018-02-13</sponsorshipDate>
        <bioguideId>J000126</bioguideId>
        <firstName>EDDIE</firstName>
        <sponsorshipWithdrawnDate />
        <lastName>JOHNSON</lastName>
        <party>D</party>
        <isOriginalCosponsor>False</isOriginalCosponsor>
        <district>30</district>
        <middleName>BERNICE</middleName>
      </item>
    </cosponsors>
    <version>1.0.0</version>
    <actions>
      <item>
        <actionDate>2017-05-18</actionDate>
        <committee>
          <name>Middle East and North Africa Subcommittee</name>
          <systemCode>hsfa13</systemCode>
        </committee>
        <links />
        <sourceSystem>
          <code>1</code>
          <name>House committee actions</name>
        </sourceSystem>
        <text>Referred to the Subcommittee on Middle East and North Africa.</text>
        <type>Committee</type>
      </item>
      <item>
        <sourceSystem>
          <code>2</code>
          <name>House floor actions</name>
        </sourceSystem>
        <actionCode>H11100</actionCode>
        <links />
        <actionDate>2017-04-06</actionDate>
        <type>IntroReferral</type>
        <text>Referred to the House Committee on Foreign Affairs.</text>
        <committee>
          <name>Foreign Affairs Committee</name>
          <systemCode>hsfa00</systemCode>
        </committee>
      </item>
      <item>
        <sourceSystem>
          <code>9</code>
          <name>Library of Congress</name>
        </sourceSystem>
        <actionCode>Intro-H</actionCode>
        <links />
        <actionDate>2017-04-06</actionDate>
        <type>IntroReferral</type>
        <text>Introduced in House</text>
        <committee />
      </item>
      <item>
        <sourceSystem>
          <code>9</code>
          <name>Library of Congress</name>
        </sourceSystem>
        <actionCode>1000</actionCode>
        <links />
        <actionDate>2017-04-06</actionDate>
        <type>IntroReferral</type>
        <text>Introduced in House</text>
        <committee />
      </item>
      <actionTypeCounts>
        <introducedInTheHouse>1</introducedInTheHouse>
        <billReferrals>1</billReferrals>
        <introducedInHouse>1</introducedInHouse>
        <placeholderTextForH>1</placeholderTextForH>
      </actionTypeCounts>
      <actionByCounts>
        <houseOfRepresentatives>4</houseOfRepresentatives>
      </actionByCounts>
    </actions>
    <amendments />
    <createDate>2017-04-07T03:11:45Z</createDate>
    <billType>HRES</billType>
    <summaries>
      <billSummaries>
        <item>
          <actionDesc>Introduced in House</actionDesc>
          <versionCode>00</versionCode>
          <lastSummaryUpdateDate>2017-07-07T19:01:01Z</lastSummaryUpdateDate>
          <updateDate>2017-04-06T04:00:00Z</updateDate>
          <text><![CDATA[<p>Recognizes: (1) the importance of U.S. assistance to build Lebanon's capacity to provide services and security for Lebanese citizens; (2) the Lebanese Armed Forces (LAF) as the sole institution entrusted with the defense of Lebanon's sovereignty; and (3) that it is in U.S. interests to support negotiations to end the conflict in Syria, which would allow for the eventual return of the millions of Syrian refugees to Syria.</p> <p>Encourages coordination between the Department of State, the United Nations High Commissioner for Refugees, and humanitarian organizations to ensure that refugees from the conflict in Syria are supported so as to mitigate any destabilizing effects on their host countries. </p> <p>Supports: (1) the establishment of safe zones in Syria and in the surrounding region in which Syrian nationals displaced from their homeland can await firm settlement; (2) strengthening U.S. partnerships with the LAF, particularly through the global coalition to defeat the Islamic State of Iraq and Syria (ISIS); and (3) full implementation of U.N. Security Council Resolution 1701 calling for the disarmament of all armed groups in Lebanon. </p>]]></text>
          <name>Introduced in House</name>
          <actionDate>2017-04-06</actionDate>
        </item>
      </billSummaries>
    </summaries>
    <titles>
      <item>
        <parentTitleType />
        <titleType>Official Title as Introduced</titleType>
        <chamberCode />
        <title>Expressing the sense of the House of Representatives on the challenges posed to long-term stability in Lebanon by the conflict in Syria and supporting the establishment of safe zones in Syria.</title>
        <chamberName />
      </item>
      <item>
        <parentTitleType />
        <titleType>Display Title</titleType>
        <chamberCode />
        <title>Expressing the sense of the House of Representatives on the challenges posed to long-term stability in Lebanon by the conflict in Syria and supporting the establishment of safe zones in Syria.</title>
        <chamberName />
      </item>
    </titles>
    <introducedDate>2017-04-06</introducedDate>
    <title>Expressing the sense of the House of Representatives on the challenges posed to long-term stability in Lebanon by the conflict in Syria and supporting the establishment of safe zones in Syria.</title>
    <congress>115</congress>
    <subjects>
      <billSubjects>
        <policyArea>
          <name>International Affairs</name>
        </policyArea>
        <legislativeSubjects>
          <item>
            <name>Conflicts and wars</name>
          </item>
          <item>
            <name>Diplomacy, foreign officials, Americans abroad</name>
          </item>
          <item>
            <name>Europe</name>
          </item>
          <item>
            <name>Foreign aid and international relief</name>
          </item>
          <item>
            <name>Jordan</name>
          </item>
          <item>
            <name>Lebanon</name>
          </item>
          <item>
            <name>Middle East</name>
          </item>
          <item>
            <name>Military assistance, sales, and agreements</name>
          </item>
          <item>
            <name>Refugees, asylum, displaced persons</name>
          </item>
          <item>
            <name>Sovereignty, recognition, national governance and status</name>
          </item>
          <item>
            <name>Syria</name>
          </item>
          <item>
            <name>Terrorism</name>
          </item>
          <item>
            <name>Turkey</name>
          </item>
          <item>
            <name>United Nations</name>
          </item>
        </legislativeSubjects>
      </billSubjects>
    </subjects>
    <cboCostEstimates />
    <notes />
    <policyArea>
      <name>International Affairs</name>
    </policyArea>
    <constitutionalAuthorityStatementText />
    <latestAction>
      <text>Referred to the Subcommittee on Middle East and North Africa.</text>
      <links />
      <actionDate>2017-05-18</actionDate>
    </latestAction>
    <billNumber>252</billNumber>
    <relatedBills>
      <item>
        <relationshipDetails>
          <item>
            <type>Related bill</type>
            <identifiedBy>CRS</identifiedBy>
          </item>
        </relationshipDetails>
        <type>SRES</type>
        <number>196</number>
        <congress>115</congress>
        <latestAction>
          <text>Referred to the Committee on Foreign Relations. (text of measure as introduced: CR S3690)</text>
          <actionDate>2017-06-21</actionDate>
        </latestAction>
        <latestTitle>A resolution expressing the sense of the Senate on the challenges the conflict in Syria poses to long-term stability and prosperity in Lebanon.</latestTitle>
      </item>
    </relatedBills>
    <originChamber>House</originChamber>
    <updateDate>2018-02-16T18:00:33Z</updateDate>
    <committeeReports />
    <recordedVotes />
    <sponsors>
      <item>
        <state>IL</state>
        <byRequestType />
        <fullName>Rep. LaHood, Darin [R-IL-18]</fullName>
        <bioguideId>L000585</bioguideId>
        <party>R</party>
        <middleName />
        <firstName>Darin</firstName>
        <identifiers>
          <gpoId />
          <bioguideId>L000585</bioguideId>
          <lisID>2295</lisID>
        </identifiers>
        <district>18</district>
        <lastName>LaHood</lastName>
      </item>
    </sponsors>
  </bill>
  <dublinCore xmlns:dc="http://purl.org/dc/elements/1.1/">
    <dc:format>text/xml</dc:format>
    <dc:language>EN</dc:language>
    <dc:rights>Pursuant to Title 17 Section 105 of the United States Code, this file is not subject to copyright protection and is in the public domain.</dc:rights>
    <dc:contributor>Congressional Research Service, Library of Congress</dc:contributor>
    <dc:description>This file contains bill summaries and statuses for federal legislation. A bill summary describes the most significant provisions of a piece of legislation and details the effects the legislative text may have on current law and federal programs. Bill summaries are authored by the Congressional Research Service (CRS) of the Library of Congress. As stated in Public Law 91-510 (2 USC 166 (d)(6)), one of the duties of CRS is "to prepare summaries and digests of bills and resolutions of a public general nature introduced in the Senate or House of Representatives". For more information, refer to the User Guide that accompanies this file.</dc:description>
  </dublinCore>
</billStatus>

