<?xml version="1.0" encoding="UTF-8"?>
<billStatus>
  <bill>
    <introducedDate>2017-03-16</introducedDate>
    <congress>115</congress>
    <latestAction>
      <actionDate>2017-05-24</actionDate>
      <links />
      <text>Ordered to be Reported (Amended) by Voice Vote.</text>
    </latestAction>
    <originChamber>House</originChamber>
    <billNumber>201</billNumber>
    <sponsors>
      <item>
        <state>FL</state>
        <identifiers>
          <lisID>985</lisID>
          <bioguideId>R000435</bioguideId>
          <gpoId>7890</gpoId>
        </identifiers>
        <bioguideId>R000435</bioguideId>
        <lastName>ROS-LEHTINEN</lastName>
        <fullName>Rep. Ros-Lehtinen, Ileana [R-FL-27]</fullName>
        <district>27</district>
        <firstName>ILEANA</firstName>
        <byRequestType />
        <middleName />
        <party>R</party>
      </item>
    </sponsors>
    <committeeReports />
    <relatedBills />
    <titles>
      <item>
        <chamberName />
        <parentTitleType />
        <chamberCode />
        <titleType>Official Title as Introduced</titleType>
        <title>Expressing support to the Government of Argentina for its investigation into the terrorist bombing of the Embassy of Israel in Buenos Aires on March 17, 1992.</title>
      </item>
      <item>
        <chamberName />
        <parentTitleType />
        <chamberCode />
        <titleType>Display Title</titleType>
        <title>Expressing support to the Government of Argentina for its investigation into the terrorist bombing of the Embassy of Israel in Buenos Aires on March 17, 1992.</title>
      </item>
    </titles>
    <constitutionalAuthorityStatementText />
    <billType>HRES</billType>
    <summaries>
      <billSummaries>
        <item>
          <text><![CDATA[<p>Calls on the U.S. government to assist the government of Argentina so that the perpetrators of the attacks on the Israeli embassy in Buenos Aires in 1992 and the Argentine-Israeli Mutual Association in Buenos Aires in 1994 may be brought to justice.</p> <p>Determines that such attacks constitute an affront to humanity and the values of civilized society and remind us that the international community must work together to defeat international terrorism and its state sponsors, such as Iran.</p> <p>Urges the government of Iran to take steps toward fully complying with investigations by the government of Argentina, including immediately providing all available information from the Iranian government regarding such attacks.</p>]]></text>
          <name>Introduced in House</name>
          <lastSummaryUpdateDate>2017-04-26T15:21:12Z</lastSummaryUpdateDate>
          <versionCode>00</versionCode>
          <actionDesc>Introduced in House</actionDesc>
          <updateDate>2017-03-16T04:00:00Z</updateDate>
          <actionDate>2017-03-16</actionDate>
        </item>
      </billSummaries>
    </summaries>
    <subjects>
      <billSubjects>
        <policyArea>
          <name>International Affairs</name>
        </policyArea>
        <legislativeSubjects>
          <item>
            <name>Argentina</name>
          </item>
          <item>
            <name>Criminal investigation, prosecution, interrogation</name>
          </item>
          <item>
            <name>Diplomacy, foreign officials, Americans abroad</name>
          </item>
          <item>
            <name>International organizations and cooperation</name>
          </item>
          <item>
            <name>Iran</name>
          </item>
          <item>
            <name>Israel</name>
          </item>
          <item>
            <name>Latin America</name>
          </item>
          <item>
            <name>Middle East</name>
          </item>
          <item>
            <name>Religion</name>
          </item>
          <item>
            <name>Terrorism</name>
          </item>
        </legislativeSubjects>
      </billSubjects>
    </subjects>
    <laws />
    <policyArea>
      <name>International Affairs</name>
    </policyArea>
    <committees>
      <billCommittees>
        <item>
          <type>Standing</type>
          <systemCode>hsfa00</systemCode>
          <subcommittees>
            <item>
              <activities>
                <item>
                  <date>2017-05-18T16:02:47Z</date>
                  <name>Referred to</name>
                </item>
              </activities>
              <systemCode>hsfa07</systemCode>
              <name>Western Hemisphere Subcommittee</name>
            </item>
          </subcommittees>
          <activities>
            <item>
              <date>2017-05-24T15:54:44Z</date>
              <name>Markup by</name>
            </item>
            <item>
              <date>2017-03-16T14:01:10Z</date>
              <name>Referred to</name>
            </item>
          </activities>
          <chamber>House</chamber>
          <name>Foreign Affairs Committee</name>
        </item>
      </billCommittees>
    </committees>
    <version>1.0.0</version>
    <recordedVotes />
    <updateDate>2018-02-06T16:39:39Z</updateDate>
    <title>Expressing support to the Government of Argentina for its investigation into the terrorist bombing of the Embassy of Israel in Buenos Aires on March 17, 1992.</title>
    <createDate>2017-03-17T04:49:39Z</createDate>
    <cboCostEstimates />
    <actions>
      <actionByCounts>
        <houseOfRepresentatives>6</houseOfRepresentatives>
      </actionByCounts>
      <actionTypeCounts>
        <placeholderTextForH>2</placeholderTextForH>
        <actionStageOverride>1</actionStageOverride>
        <placeholderTextForB>1</placeholderTextForB>
        <introducedInTheHouse>1</introducedInTheHouse>
        <billReferrals>1</billReferrals>
        <introducedInHouse>1</introducedInHouse>
      </actionTypeCounts>
      <item>
        <actionDate>2017-05-24</actionDate>
        <committee>
          <systemCode>hsfa00</systemCode>
          <name>Foreign Affairs Committee</name>
        </committee>
        <links />
        <sourceSystem>
          <name>House committee actions</name>
          <code>1</code>
        </sourceSystem>
        <text>Ordered to be Reported (Amended) by Voice Vote.</text>
        <type>Committee</type>
      </item>
      <item>
        <actionDate>2017-05-24</actionDate>
        <committee>
          <systemCode>hsfa00</systemCode>
          <name>Foreign Affairs Committee</name>
        </committee>
        <links />
        <sourceSystem>
          <name>House committee actions</name>
          <code>1</code>
        </sourceSystem>
        <text>Committee Consideration and Mark-up Session Held.</text>
        <type>Committee</type>
      </item>
      <item>
        <actionDate>2017-05-18</actionDate>
        <committee>
          <systemCode>hsfa07</systemCode>
          <name>Western Hemisphere Subcommittee</name>
        </committee>
        <links />
        <sourceSystem>
          <name>House committee actions</name>
          <code>1</code>
        </sourceSystem>
        <text>Referred to the Subcommittee on the Western Hemisphere.</text>
        <type>Committee</type>
      </item>
      <item>
        <sourceSystem>
          <name>House floor actions</name>
          <code>2</code>
        </sourceSystem>
        <actionDate>2017-03-16</actionDate>
        <text>Referred to the House Committee on Foreign Affairs.</text>
        <type>IntroReferral</type>
        <links />
        <committee>
          <systemCode>hsfa00</systemCode>
          <name>Foreign Affairs Committee</name>
        </committee>
        <actionCode>H11100</actionCode>
      </item>
      <item>
        <sourceSystem>
          <name>Library of Congress</name>
          <code>9</code>
        </sourceSystem>
        <actionDate>2017-03-16</actionDate>
        <text>Sponsor introductory remarks on measure. (CR H2086)</text>
        <type>IntroReferral</type>
        <links>
          <link>
            <name>H2086</name>
            <url>https://www.congress.gov/congressional-record/volume-163/house-section/page/H2086</url>
          </link>
        </links>
        <committee />
        <actionCode>B00100</actionCode>
      </item>
      <item>
        <sourceSystem>
          <name>Library of Congress</name>
          <code>9</code>
        </sourceSystem>
        <actionDate>2017-03-16</actionDate>
        <text>Introduced in House</text>
        <type>IntroReferral</type>
        <links />
        <committee />
        <actionCode>Intro-H</actionCode>
      </item>
      <item>
        <sourceSystem>
          <name>Library of Congress</name>
          <code>9</code>
        </sourceSystem>
        <actionDate>2017-03-16</actionDate>
        <text>Introduced in House</text>
        <type>IntroReferral</type>
        <links />
        <committee />
        <actionCode>1000</actionCode>
      </item>
    </actions>
    <amendments />
    <notes />
    <calendarNumbers />
    <cosponsors>
      <item>
        <district>22</district>
        <sponsorshipWithdrawnDate />
        <party>D</party>
        <fullName>Rep. Deutch, Theodore E. [D-FL-22]</fullName>
        <sponsorshipDate>2017-03-16</sponsorshipDate>
        <bioguideId>D000610</bioguideId>
        <middleName>E.</middleName>
        <identifiers>
          <gpoId>7891</gpoId>
          <lisID>1976</lisID>
          <bioguideId>D000610</bioguideId>
        </identifiers>
        <lastName>Deutch</lastName>
        <isOriginalCosponsor>True</isOriginalCosponsor>
        <firstName>Theodore</firstName>
        <state>FL</state>
      </item>
      <item>
        <district>39</district>
        <sponsorshipWithdrawnDate />
        <party>R</party>
        <fullName>Rep. Royce, Edward R. [R-CA-39]</fullName>
        <sponsorshipDate>2017-03-16</sponsorshipDate>
        <bioguideId>R000487</bioguideId>
        <middleName />
        <identifiers>
          <lisID>998</lisID>
          <bioguideId>R000487</bioguideId>
          <gpoId>7845</gpoId>
        </identifiers>
        <lastName>ROYCE</lastName>
        <isOriginalCosponsor>True</isOriginalCosponsor>
        <firstName>ED</firstName>
        <state>CA</state>
      </item>
      <item>
        <district>16</district>
        <sponsorshipWithdrawnDate />
        <party>D</party>
        <fullName>Rep. Engel, Eliot L. [D-NY-16]</fullName>
        <sponsorshipDate>2017-03-16</sponsorshipDate>
        <bioguideId>E000179</bioguideId>
        <middleName>L.</middleName>
        <identifiers>
          <lisID>344</lisID>
          <bioguideId>E000179</bioguideId>
          <gpoId>8078</gpoId>
        </identifiers>
        <lastName>ENGEL</lastName>
        <isOriginalCosponsor>True</isOriginalCosponsor>
        <firstName>ELIOT</firstName>
        <state>NY</state>
      </item>
      <item>
        <district>3</district>
        <sponsorshipWithdrawnDate />
        <party>R</party>
        <fullName>Rep. Duncan, Jeff [R-SC-3]</fullName>
        <sponsorshipDate>2017-03-16</sponsorshipDate>
        <bioguideId>D000615</bioguideId>
        <middleName />
        <identifiers>
          <bioguideId>D000615</bioguideId>
          <lisID>2057</lisID>
          <gpoId>8143</gpoId>
        </identifiers>
        <lastName>Duncan</lastName>
        <isOriginalCosponsor>True</isOriginalCosponsor>
        <firstName>Jeff</firstName>
        <state>SC</state>
      </item>
      <item>
        <district>8</district>
        <sponsorshipWithdrawnDate />
        <party>D</party>
        <fullName>Rep. Sires, Albio [D-NJ-8]</fullName>
        <sponsorshipDate>2017-03-16</sponsorshipDate>
        <bioguideId>S001165</bioguideId>
        <middleName />
        <identifiers>
          <lisID>1818</lisID>
          <bioguideId>S001165</bioguideId>
          <gpoId>8055</gpoId>
        </identifiers>
        <lastName>Sires</lastName>
        <isOriginalCosponsor>True</isOriginalCosponsor>
        <firstName>Albio</firstName>
        <state>NJ</state>
      </item>
      <item>
        <district>23</district>
        <sponsorshipWithdrawnDate />
        <party>D</party>
        <fullName>Rep. Wasserman Schultz, Debbie [D-FL-23]</fullName>
        <sponsorshipDate>2017-04-04</sponsorshipDate>
        <bioguideId>W000797</bioguideId>
        <middleName />
        <identifiers>
          <bioguideId>W000797</bioguideId>
          <lisID>1777</lisID>
          <gpoId>7892</gpoId>
        </identifiers>
        <lastName>Wasserman Schultz</lastName>
        <isOriginalCosponsor>False</isOriginalCosponsor>
        <firstName>Debbie</firstName>
        <state>FL</state>
      </item>
      <item>
        <district>10</district>
        <sponsorshipWithdrawnDate />
        <party>R</party>
        <fullName>Rep. McCaul, Michael T. [R-TX-10]</fullName>
        <sponsorshipDate>2017-04-04</sponsorshipDate>
        <bioguideId>M001157</bioguideId>
        <middleName>T.</middleName>
        <identifiers>
          <bioguideId>M001157</bioguideId>
          <lisID>1804</lisID>
          <gpoId>8166</gpoId>
        </identifiers>
        <lastName>McCaul</lastName>
        <isOriginalCosponsor>False</isOriginalCosponsor>
        <firstName>Michael</firstName>
        <state>TX</state>
      </item>
      <item>
        <district>14</district>
        <sponsorshipWithdrawnDate />
        <party>R</party>
        <fullName>Rep. Weber, Randy K., Sr. [R-TX-14]</fullName>
        <sponsorshipDate>2017-04-04</sponsorshipDate>
        <bioguideId>W000814</bioguideId>
        <middleName>K.</middleName>
        <identifiers>
          <bioguideId>W000814</bioguideId>
          <gpoId />
          <lisID>2161</lisID>
        </identifiers>
        <lastName>Weber</lastName>
        <isOriginalCosponsor>False</isOriginalCosponsor>
        <firstName>Randy</firstName>
        <state>TX</state>
      </item>
      <item>
        <district>3</district>
        <sponsorshipWithdrawnDate />
        <party>R</party>
        <fullName>Rep. Yoho, Ted S. [R-FL-3]</fullName>
        <sponsorshipDate>2017-04-04</sponsorshipDate>
        <bioguideId>Y000065</bioguideId>
        <middleName>S.</middleName>
        <identifiers>
          <lisID>2115</lisID>
          <gpoId />
          <bioguideId>Y000065</bioguideId>
        </identifiers>
        <lastName>Yoho</lastName>
        <isOriginalCosponsor>False</isOriginalCosponsor>
        <firstName>Ted</firstName>
        <state>FL</state>
      </item>
      <item>
        <district>35</district>
        <sponsorshipWithdrawnDate />
        <party>D</party>
        <fullName>Rep. Torres, Norma J. [D-CA-35]</fullName>
        <sponsorshipDate>2017-04-04</sponsorshipDate>
        <bioguideId>T000474</bioguideId>
        <middleName>J.</middleName>
        <identifiers>
          <gpoId />
          <bioguideId>T000474</bioguideId>
          <lisID>2231</lisID>
        </identifiers>
        <lastName>Torres</lastName>
        <isOriginalCosponsor>False</isOriginalCosponsor>
        <firstName>Norma</firstName>
        <state>CA</state>
      </item>
      <item>
        <district>11</district>
        <sponsorshipWithdrawnDate />
        <party>R</party>
        <fullName>Rep. Donovan, Daniel M., Jr. [R-NY-11]</fullName>
        <sponsorshipDate>2017-04-04</sponsorshipDate>
        <bioguideId>D000625</bioguideId>
        <middleName>M.</middleName>
        <identifiers>
          <lisID>2293</lisID>
          <gpoId />
          <bioguideId>D000625</bioguideId>
        </identifiers>
        <lastName>Donovan</lastName>
        <isOriginalCosponsor>False</isOriginalCosponsor>
        <firstName>Daniel</firstName>
        <state>NY</state>
      </item>
      <item>
        <district>8</district>
        <sponsorshipWithdrawnDate />
        <party>R</party>
        <fullName>Rep. Cook, Paul [R-CA-8]</fullName>
        <sponsorshipDate>2017-04-04</sponsorshipDate>
        <bioguideId>C001094</bioguideId>
        <middleName />
        <identifiers>
          <bioguideId>C001094</bioguideId>
          <gpoId />
          <lisID>2103</lisID>
        </identifiers>
        <lastName>Cook</lastName>
        <isOriginalCosponsor>False</isOriginalCosponsor>
        <firstName>Paul</firstName>
        <state>CA</state>
      </item>
      <item>
        <district>13</district>
        <sponsorshipWithdrawnDate />
        <party>D</party>
        <fullName>Rep. Espaillat, Adriano [D-NY-13]</fullName>
        <sponsorshipDate>2017-05-23</sponsorshipDate>
        <bioguideId>E000297</bioguideId>
        <middleName />
        <identifiers>
          <lisID>2342</lisID>
          <gpoId />
          <bioguideId>E000297</bioguideId>
        </identifiers>
        <lastName>Espaillat</lastName>
        <isOriginalCosponsor>False</isOriginalCosponsor>
        <firstName>Adriano</firstName>
        <state>NY</state>
      </item>
      <item>
        <district>2</district>
        <sponsorshipWithdrawnDate />
        <party>R</party>
        <fullName>Rep. Stewart, Chris [R-UT-2]</fullName>
        <sponsorshipDate>2017-05-23</sponsorshipDate>
        <bioguideId>S001192</bioguideId>
        <middleName />
        <identifiers>
          <gpoId />
          <lisID>2168</lisID>
          <bioguideId>S001192</bioguideId>
        </identifiers>
        <lastName>Stewart</lastName>
        <isOriginalCosponsor>False</isOriginalCosponsor>
        <firstName>Chris</firstName>
        <state>UT</state>
      </item>
      <item>
        <district>11</district>
        <sponsorshipWithdrawnDate />
        <party>R</party>
        <fullName>Rep. Meadows, Mark [R-NC-11]</fullName>
        <sponsorshipDate>2017-05-23</sponsorshipDate>
        <bioguideId>M001187</bioguideId>
        <middleName />
        <identifiers>
          <lisID>2142</lisID>
          <bioguideId>M001187</bioguideId>
          <gpoId />
        </identifiers>
        <lastName>Meadows</lastName>
        <isOriginalCosponsor>False</isOriginalCosponsor>
        <firstName>Mark</firstName>
        <state>NC</state>
      </item>
      <item>
        <district>25</district>
        <sponsorshipWithdrawnDate />
        <party>R</party>
        <fullName>Rep. Diaz-Balart, Mario [R-FL-25]</fullName>
        <sponsorshipDate>2017-05-23</sponsorshipDate>
        <bioguideId>D000600</bioguideId>
        <middleName />
        <identifiers>
          <lisID>1717</lisID>
          <bioguideId>D000600</bioguideId>
          <gpoId>7893</gpoId>
        </identifiers>
        <lastName>Diaz-Balart</lastName>
        <isOriginalCosponsor>False</isOriginalCosponsor>
        <firstName>Mario</firstName>
        <state>FL</state>
      </item>
      <item>
        <district>12</district>
        <sponsorshipWithdrawnDate />
        <party>R</party>
        <fullName>Rep. Bilirakis, Gus M. [R-FL-12]</fullName>
        <sponsorshipDate>2017-05-23</sponsorshipDate>
        <bioguideId>B001257</bioguideId>
        <middleName>M.</middleName>
        <identifiers>
          <bioguideId>B001257</bioguideId>
          <lisID>1838</lisID>
          <gpoId>7881</gpoId>
        </identifiers>
        <lastName>Bilirakis</lastName>
        <isOriginalCosponsor>False</isOriginalCosponsor>
        <firstName>Gus</firstName>
        <state>FL</state>
      </item>
      <item>
        <district>4</district>
        <sponsorshipWithdrawnDate />
        <party>R</party>
        <fullName>Rep. Smith, Christopher H. [R-NJ-4]</fullName>
        <sponsorshipDate>2017-05-23</sponsorshipDate>
        <bioguideId>S000522</bioguideId>
        <middleName>H.</middleName>
        <identifiers>
          <bioguideId>S000522</bioguideId>
          <lisID>1071</lisID>
          <gpoId>8046</gpoId>
        </identifiers>
        <lastName>SMITH</lastName>
        <isOriginalCosponsor>False</isOriginalCosponsor>
        <firstName>CHRISTOPHER</firstName>
        <state>NJ</state>
      </item>
      <item>
        <district>12</district>
        <sponsorshipWithdrawnDate />
        <party>R</party>
        <fullName>Rep. Rothfus, Keith J. [R-PA-12]</fullName>
        <sponsorshipDate>2017-05-24</sponsorshipDate>
        <bioguideId>R000598</bioguideId>
        <middleName>J.</middleName>
        <identifiers>
          <lisID>2158</lisID>
          <bioguideId>R000598</bioguideId>
          <gpoId />
        </identifiers>
        <lastName>Rothfus</lastName>
        <isOriginalCosponsor>False</isOriginalCosponsor>
        <firstName>Keith</firstName>
        <state>PA</state>
      </item>
      <item>
        <district>26</district>
        <sponsorshipWithdrawnDate />
        <party>R</party>
        <fullName>Rep. Curbelo, Carlos [R-FL-26]</fullName>
        <sponsorshipDate>2017-05-24</sponsorshipDate>
        <bioguideId>C001107</bioguideId>
        <middleName />
        <identifiers>
          <gpoId />
          <lisID>2235</lisID>
          <bioguideId>C001107</bioguideId>
        </identifiers>
        <lastName>Curbelo</lastName>
        <isOriginalCosponsor>False</isOriginalCosponsor>
        <firstName>Carlos</firstName>
        <state>FL</state>
      </item>
      <item>
        <district>6</district>
        <sponsorshipWithdrawnDate />
        <party>R</party>
        <fullName>Rep. DeSantis, Ron [R-FL-6]</fullName>
        <sponsorshipDate>2017-05-25</sponsorshipDate>
        <bioguideId>D000621</bioguideId>
        <middleName />
        <identifiers>
          <bioguideId>D000621</bioguideId>
          <lisID>2116</lisID>
          <gpoId />
        </identifiers>
        <lastName>DeSantis</lastName>
        <isOriginalCosponsor>False</isOriginalCosponsor>
        <firstName>Ron</firstName>
        <state>FL</state>
      </item>
      <item>
        <district>10</district>
        <sponsorshipWithdrawnDate />
        <party>D</party>
        <fullName>Rep. Schneider, Bradley Scott [D-IL-10]</fullName>
        <sponsorshipDate>2017-06-08</sponsorshipDate>
        <bioguideId>S001190</bioguideId>
        <middleName>Scott</middleName>
        <identifiers>
          <gpoId />
          <lisID>2124</lisID>
          <bioguideId>S001190</bioguideId>
        </identifiers>
        <lastName>Schneider</lastName>
        <isOriginalCosponsor>False</isOriginalCosponsor>
        <firstName>Bradley</firstName>
        <state>IL</state>
      </item>
      <item>
        <district>18</district>
        <sponsorshipWithdrawnDate />
        <party>R</party>
        <fullName>Rep. Mast, Brian J. [R-FL-18]</fullName>
        <sponsorshipDate>2017-07-20</sponsorshipDate>
        <bioguideId>M001199</bioguideId>
        <middleName>J.</middleName>
        <identifiers>
          <lisID>2322</lisID>
          <bioguideId>M001199</bioguideId>
          <gpoId />
        </identifiers>
        <lastName>Mast</lastName>
        <isOriginalCosponsor>False</isOriginalCosponsor>
        <firstName>Brian</firstName>
        <state>FL</state>
      </item>
      <item>
        <district>8</district>
        <sponsorshipWithdrawnDate />
        <party>R</party>
        <fullName>Rep. Brady, Kevin [R-TX-8]</fullName>
        <sponsorshipDate>2017-07-20</sponsorshipDate>
        <bioguideId>B000755</bioguideId>
        <middleName />
        <identifiers>
          <lisID>1468</lisID>
          <gpoId>8164</gpoId>
          <bioguideId>B000755</bioguideId>
        </identifiers>
        <lastName>BRADY</lastName>
        <isOriginalCosponsor>False</isOriginalCosponsor>
        <firstName>KEVIN</firstName>
        <state>TX</state>
      </item>
      <item>
        <district>19</district>
        <sponsorshipWithdrawnDate />
        <party>D</party>
        <fullName>Rep. Lofgren, Zoe [D-CA-19]</fullName>
        <sponsorshipDate>2017-07-20</sponsorshipDate>
        <bioguideId>L000397</bioguideId>
        <middleName />
        <identifiers>
          <lisID>701</lisID>
          <bioguideId>L000397</bioguideId>
          <gpoId>7821</gpoId>
        </identifiers>
        <lastName>LOFGREN</lastName>
        <isOriginalCosponsor>False</isOriginalCosponsor>
        <firstName>ZOE</firstName>
        <state>CA</state>
      </item>
      <item>
        <district>1</district>
        <sponsorshipWithdrawnDate />
        <party>R</party>
        <fullName>Rep. Chabot, Steve [R-OH-1]</fullName>
        <sponsorshipDate>2017-07-20</sponsorshipDate>
        <bioguideId>C000266</bioguideId>
        <middleName />
        <identifiers>
          <lisID>186</lisID>
          <bioguideId>C000266</bioguideId>
          <gpoId>8091</gpoId>
        </identifiers>
        <lastName>CHABOT</lastName>
        <isOriginalCosponsor>False</isOriginalCosponsor>
        <firstName>STEVE</firstName>
        <state>OH</state>
      </item>
      <item>
        <district>1</district>
        <sponsorshipWithdrawnDate />
        <party>R</party>
        <fullName>Rep. Zeldin, Lee M. [R-NY-1]</fullName>
        <sponsorshipDate>2017-07-20</sponsorshipDate>
        <bioguideId>Z000017</bioguideId>
        <middleName>M.</middleName>
        <identifiers>
          <lisID>2261</lisID>
          <gpoId />
          <bioguideId>Z000017</bioguideId>
        </identifiers>
        <lastName>Zeldin</lastName>
        <isOriginalCosponsor>False</isOriginalCosponsor>
        <firstName>Lee</firstName>
        <state>NY</state>
      </item>
      <item>
        <district>17</district>
        <sponsorshipWithdrawnDate />
        <party>D</party>
        <fullName>Rep. Lowey, Nita M. [D-NY-17]</fullName>
        <sponsorshipDate>2017-07-26</sponsorshipDate>
        <bioguideId>L000480</bioguideId>
        <middleName>M.</middleName>
        <identifiers>
          <gpoId>8079</gpoId>
          <bioguideId>L000480</bioguideId>
          <lisID>709</lisID>
        </identifiers>
        <lastName>LOWEY</lastName>
        <isOriginalCosponsor>False</isOriginalCosponsor>
        <firstName>NITA</firstName>
        <state>NY</state>
      </item>
      <item>
        <district>2</district>
        <sponsorshipWithdrawnDate />
        <party>R</party>
        <fullName>Rep. Poe, Ted [R-TX-2]</fullName>
        <sponsorshipDate>2017-07-26</sponsorshipDate>
        <bioguideId>P000592</bioguideId>
        <middleName />
        <identifiers>
          <lisID>1802</lisID>
          <bioguideId>P000592</bioguideId>
          <gpoId>8158</gpoId>
        </identifiers>
        <lastName>Poe</lastName>
        <isOriginalCosponsor>False</isOriginalCosponsor>
        <firstName>Ted</firstName>
        <state>TX</state>
      </item>
      <item>
        <district>6</district>
        <sponsorshipWithdrawnDate />
        <party>D</party>
        <fullName>Rep. Meng, Grace [D-NY-6]</fullName>
        <sponsorshipDate>2017-12-06</sponsorshipDate>
        <bioguideId>M001188</bioguideId>
        <middleName />
        <identifiers>
          <bioguideId>M001188</bioguideId>
          <lisID>2148</lisID>
          <gpoId />
        </identifiers>
        <lastName>Meng</lastName>
        <isOriginalCosponsor>False</isOriginalCosponsor>
        <firstName>Grace</firstName>
        <state>NY</state>
      </item>
      <item>
        <district>11</district>
        <sponsorshipWithdrawnDate />
        <party>D</party>
        <fullName>Rep. Connolly, Gerald E. [D-VA-11]</fullName>
        <sponsorshipDate>2018-01-19</sponsorshipDate>
        <bioguideId>C001078</bioguideId>
        <middleName>E.</middleName>
        <identifiers>
          <lisID>1959</lisID>
          <gpoId>8202</gpoId>
          <bioguideId>C001078</bioguideId>
        </identifiers>
        <lastName>Connolly</lastName>
        <isOriginalCosponsor>False</isOriginalCosponsor>
        <firstName>Gerald</firstName>
        <state>VA</state>
      </item>
    </cosponsors>
  </bill>
  <dublinCore xmlns:dc="http://purl.org/dc/elements/1.1/">
    <dc:format>text/xml</dc:format>
    <dc:language>EN</dc:language>
    <dc:rights>Pursuant to Title 17 Section 105 of the United States Code, this file is not subject to copyright protection and is in the public domain.</dc:rights>
    <dc:contributor>Congressional Research Service, Library of Congress</dc:contributor>
    <dc:description>This file contains bill summaries and statuses for federal legislation. A bill summary describes the most significant provisions of a piece of legislation and details the effects the legislative text may have on current law and federal programs. Bill summaries are authored by the Congressional Research Service (CRS) of the Library of Congress. As stated in Public Law 91-510 (2 USC 166 (d)(6)), one of the duties of CRS is "to prepare summaries and digests of bills and resolutions of a public general nature introduced in the Senate or House of Representatives". For more information, refer to the User Guide that accompanies this file.</dc:description>
  </dublinCore>
</billStatus>

