<?xml version="1.0" encoding="UTF-8"?>
<billStatus>
  <bill>
    <policyArea>
      <name>International Affairs</name>
    </policyArea>
    <introducedDate>2017-01-03</introducedDate>
    <cosponsors>
      <item>
        <isOriginalCosponsor>True</isOriginalCosponsor>
        <middleName />
        <sponsorshipDate>2017-01-03</sponsorshipDate>
        <firstName>Robert</firstName>
        <party>R</party>
        <identifiers>
          <gpoId />
          <lisID>2141</lisID>
          <bioguideId>P000606</bioguideId>
        </identifiers>
        <district>9</district>
        <sponsorshipWithdrawnDate />
        <fullName>Rep. Pittenger, Robert [R-NC-9]</fullName>
        <bioguideId>P000606</bioguideId>
        <lastName>Pittenger</lastName>
        <state>NC</state>
      </item>
      <item>
        <isOriginalCosponsor>True</isOriginalCosponsor>
        <middleName />
        <sponsorshipDate>2017-01-03</sponsorshipDate>
        <firstName>Louie</firstName>
        <party>R</party>
        <identifiers>
          <lisID>1801</lisID>
          <bioguideId>G000552</bioguideId>
          <gpoId>8157</gpoId>
        </identifiers>
        <district>1</district>
        <sponsorshipWithdrawnDate />
        <fullName>Rep. Gohmert, Louie [R-TX-1]</fullName>
        <bioguideId>G000552</bioguideId>
        <lastName>Gohmert</lastName>
        <state>TX</state>
      </item>
      <item>
        <isOriginalCosponsor>True</isOriginalCosponsor>
        <middleName />
        <sponsorshipDate>2017-01-03</sponsorshipDate>
        <firstName>Diane</firstName>
        <party>R</party>
        <identifiers>
          <bioguideId>B001273</bioguideId>
          <gpoId>8153</gpoId>
          <lisID>2063</lisID>
        </identifiers>
        <district>6</district>
        <sponsorshipWithdrawnDate />
        <fullName>Rep. Black, Diane [R-TN-6]</fullName>
        <bioguideId>B001273</bioguideId>
        <lastName>Black</lastName>
        <state>TN</state>
      </item>
      <item>
        <isOriginalCosponsor>True</isOriginalCosponsor>
        <middleName />
        <sponsorshipDate>2017-01-03</sponsorshipDate>
        <firstName>Marsha</firstName>
        <party>R</party>
        <identifiers>
          <gpoId>8154</gpoId>
          <lisID>1748</lisID>
          <bioguideId>B001243</bioguideId>
        </identifiers>
        <district>7</district>
        <sponsorshipWithdrawnDate />
        <fullName>Rep. Blackburn, Marsha [R-TN-7]</fullName>
        <bioguideId>B001243</bioguideId>
        <lastName>Blackburn</lastName>
        <state>TN</state>
      </item>
      <item>
        <isOriginalCosponsor>True</isOriginalCosponsor>
        <middleName>P.</middleName>
        <sponsorshipDate>2017-01-03</sponsorshipDate>
        <firstName>David</firstName>
        <party>R</party>
        <identifiers>
          <lisID>2154</lisID>
          <gpoId />
          <bioguideId>J000295</bioguideId>
        </identifiers>
        <district>14</district>
        <sponsorshipWithdrawnDate />
        <fullName>Rep. Joyce, David P. [R-OH-14]</fullName>
        <bioguideId>J000295</bioguideId>
        <lastName>Joyce</lastName>
        <state>OH</state>
      </item>
      <item>
        <isOriginalCosponsor>True</isOriginalCosponsor>
        <middleName />
        <sponsorshipDate>2017-01-03</sponsorshipDate>
        <firstName>Kevin</firstName>
        <party>R</party>
        <identifiers>
          <lisID>2144</lisID>
          <gpoId />
          <bioguideId>C001096</bioguideId>
        </identifiers>
        <district>0</district>
        <sponsorshipWithdrawnDate />
        <fullName>Rep. Cramer, Kevin [R-ND-At Large]</fullName>
        <bioguideId>C001096</bioguideId>
        <lastName>Cramer</lastName>
        <state>ND</state>
      </item>
      <item>
        <isOriginalCosponsor>True</isOriginalCosponsor>
        <middleName>J.</middleName>
        <sponsorshipDate>2017-01-03</sponsorshipDate>
        <firstName>Keith</firstName>
        <party>R</party>
        <identifiers>
          <bioguideId>R000598</bioguideId>
          <lisID>2158</lisID>
          <gpoId />
        </identifiers>
        <district>12</district>
        <sponsorshipWithdrawnDate />
        <fullName>Rep. Rothfus, Keith J. [R-PA-12]</fullName>
        <bioguideId>R000598</bioguideId>
        <lastName>Rothfus</lastName>
        <state>PA</state>
      </item>
      <item>
        <isOriginalCosponsor>True</isOriginalCosponsor>
        <middleName />
        <sponsorshipDate>2017-01-03</sponsorshipDate>
        <firstName>Jason</firstName>
        <party>R</party>
        <identifiers>
          <lisID>1956</lisID>
          <bioguideId>C001076</bioguideId>
          <gpoId>8191</gpoId>
        </identifiers>
        <district>3</district>
        <sponsorshipWithdrawnDate />
        <fullName>Rep. Chaffetz, Jason [R-UT-3]</fullName>
        <bioguideId>C001076</bioguideId>
        <lastName>Chaffetz</lastName>
        <state>UT</state>
      </item>
      <item>
        <isOriginalCosponsor>True</isOriginalCosponsor>
        <middleName />
        <sponsorshipDate>2017-01-03</sponsorshipDate>
        <firstName>Stevan</firstName>
        <party>R</party>
        <identifiers>
          <lisID>1738</lisID>
          <gpoId>8057</gpoId>
          <bioguideId>P000588</bioguideId>
        </identifiers>
        <district>2</district>
        <sponsorshipWithdrawnDate />
        <fullName>Rep. Pearce, Stevan [R-NM-2]</fullName>
        <bioguideId>P000588</bioguideId>
        <lastName>Pearce</lastName>
        <state>NM</state>
      </item>
      <item>
        <isOriginalCosponsor>True</isOriginalCosponsor>
        <middleName />
        <sponsorshipDate>2017-01-03</sponsorshipDate>
        <firstName>Trey</firstName>
        <party>R</party>
        <identifiers>
          <bioguideId>G000566</bioguideId>
          <gpoId>8144</gpoId>
          <lisID>2058</lisID>
        </identifiers>
        <district>4</district>
        <sponsorshipWithdrawnDate />
        <fullName>Rep. Gowdy, Trey [R-SC-4]</fullName>
        <bioguideId>G000566</bioguideId>
        <lastName>Gowdy</lastName>
        <state>SC</state>
      </item>
      <item>
        <isOriginalCosponsor>True</isOriginalCosponsor>
        <middleName />
        <sponsorshipDate>2017-01-03</sponsorshipDate>
        <firstName>Mike</firstName>
        <party>R</party>
        <identifiers>
          <lisID>2249</lisID>
          <gpoId />
          <bioguideId>B001293</bioguideId>
        </identifiers>
        <district>8</district>
        <sponsorshipWithdrawnDate />
        <fullName>Rep. Bishop, Mike [R-MI-8]</fullName>
        <bioguideId>B001293</bioguideId>
        <lastName>Bishop</lastName>
        <state>MI</state>
      </item>
      <item>
        <isOriginalCosponsor>True</isOriginalCosponsor>
        <middleName>A.</middleName>
        <sponsorshipDate>2017-01-03</sponsorshipDate>
        <firstName>Paul</firstName>
        <party>R</party>
        <identifiers>
          <lisID>1992</lisID>
          <bioguideId>G000565</bioguideId>
          <gpoId>7798</gpoId>
        </identifiers>
        <district>4</district>
        <sponsorshipWithdrawnDate />
        <fullName>Rep. Gosar, Paul A. [R-AZ-4]</fullName>
        <bioguideId>G000565</bioguideId>
        <lastName>Gosar</lastName>
        <state>AZ</state>
      </item>
      <item>
        <isOriginalCosponsor>True</isOriginalCosponsor>
        <middleName />
        <sponsorshipDate>2017-01-03</sponsorshipDate>
        <firstName>Chris</firstName>
        <party>R</party>
        <identifiers>
          <lisID>2168</lisID>
          <gpoId />
          <bioguideId>S001192</bioguideId>
        </identifiers>
        <district>2</district>
        <sponsorshipWithdrawnDate />
        <fullName>Rep. Stewart, Chris [R-UT-2]</fullName>
        <bioguideId>S001192</bioguideId>
        <lastName>Stewart</lastName>
        <state>UT</state>
      </item>
      <item>
        <isOriginalCosponsor>True</isOriginalCosponsor>
        <middleName>B.</middleName>
        <sponsorshipDate>2017-01-03</sponsorshipDate>
        <firstName>David</firstName>
        <party>R</party>
        <identifiers>
          <gpoId>8222</gpoId>
          <bioguideId>M001180</bioguideId>
          <lisID>2074</lisID>
        </identifiers>
        <district>1</district>
        <sponsorshipWithdrawnDate />
        <fullName>Rep. McKinley, David B. [R-WV-1]</fullName>
        <bioguideId>M001180</bioguideId>
        <lastName>McKinley</lastName>
        <state>WV</state>
      </item>
      <item>
        <isOriginalCosponsor>True</isOriginalCosponsor>
        <middleName>M.</middleName>
        <sponsorshipDate>2017-01-03</sponsorshipDate>
        <firstName>Gus</firstName>
        <party>R</party>
        <identifiers>
          <lisID>1838</lisID>
          <gpoId>7881</gpoId>
          <bioguideId>B001257</bioguideId>
        </identifiers>
        <district>12</district>
        <sponsorshipWithdrawnDate />
        <fullName>Rep. Bilirakis, Gus M. [R-FL-12]</fullName>
        <bioguideId>B001257</bioguideId>
        <lastName>Bilirakis</lastName>
        <state>FL</state>
      </item>
      <item>
        <isOriginalCosponsor>True</isOriginalCosponsor>
        <middleName />
        <sponsorshipDate>2017-01-03</sponsorshipDate>
        <firstName>Luke</firstName>
        <party>R</party>
        <identifiers>
          <gpoId />
          <bioguideId>M001189</bioguideId>
          <lisID>2130</lisID>
        </identifiers>
        <district>6</district>
        <sponsorshipWithdrawnDate />
        <fullName>Rep. Messer, Luke [R-IN-6]</fullName>
        <bioguideId>M001189</bioguideId>
        <lastName>Messer</lastName>
        <state>IN</state>
      </item>
      <item>
        <isOriginalCosponsor>True</isOriginalCosponsor>
        <middleName>Lee</middleName>
        <sponsorshipDate>2017-01-03</sponsorshipDate>
        <firstName>Ralph</firstName>
        <party>R</party>
        <identifiers>
          <lisID>2244</lisID>
          <bioguideId>A000374</bioguideId>
          <gpoId />
        </identifiers>
        <district>5</district>
        <sponsorshipWithdrawnDate />
        <fullName>Rep. Abraham, Ralph Lee [R-LA-5]</fullName>
        <bioguideId>A000374</bioguideId>
        <lastName>Abraham</lastName>
        <state>LA</state>
      </item>
      <item>
        <isOriginalCosponsor>True</isOriginalCosponsor>
        <middleName>H.</middleName>
        <sponsorshipDate>2017-01-03</sponsorshipDate>
        <firstName>Evan</firstName>
        <party>R</party>
        <identifiers>
          <bioguideId>J000297</bioguideId>
          <gpoId />
          <lisID>2278</lisID>
        </identifiers>
        <district>3</district>
        <sponsorshipWithdrawnDate />
        <fullName>Rep. Jenkins, Evan H. [R-WV-3]</fullName>
        <bioguideId>J000297</bioguideId>
        <lastName>Jenkins</lastName>
        <state>WV</state>
      </item>
      <item>
        <isOriginalCosponsor>True</isOriginalCosponsor>
        <middleName />
        <sponsorshipDate>2017-01-03</sponsorshipDate>
        <firstName>Bradley</firstName>
        <party>R</party>
        <identifiers>
          <bioguideId>B001289</bioguideId>
          <lisID>2197</lisID>
          <gpoId />
        </identifiers>
        <district>1</district>
        <sponsorshipWithdrawnDate />
        <fullName>Rep. Byrne, Bradley [R-AL-1]</fullName>
        <bioguideId>B001289</bioguideId>
        <lastName>Byrne</lastName>
        <state>AL</state>
      </item>
      <item>
        <isOriginalCosponsor>True</isOriginalCosponsor>
        <middleName />
        <sponsorshipDate>2017-01-03</sponsorshipDate>
        <firstName>Mimi</firstName>
        <party>R</party>
        <identifiers>
          <bioguideId>W000820</bioguideId>
          <gpoId />
          <lisID>2232</lisID>
        </identifiers>
        <district>45</district>
        <sponsorshipWithdrawnDate />
        <fullName>Rep. Walters, Mimi [R-CA-45]</fullName>
        <bioguideId>W000820</bioguideId>
        <lastName>Walters</lastName>
        <state>CA</state>
      </item>
      <item>
        <isOriginalCosponsor>True</isOriginalCosponsor>
        <middleName>M.</middleName>
        <sponsorshipDate>2017-01-03</sponsorshipDate>
        <firstName>Daniel</firstName>
        <party>R</party>
        <identifiers>
          <gpoId />
          <bioguideId>D000625</bioguideId>
          <lisID>2293</lisID>
        </identifiers>
        <district>11</district>
        <sponsorshipWithdrawnDate />
        <fullName>Rep. Donovan, Daniel M., Jr. [R-NY-11]</fullName>
        <bioguideId>D000625</bioguideId>
        <lastName>Donovan</lastName>
        <state>NY</state>
      </item>
      <item>
        <isOriginalCosponsor>True</isOriginalCosponsor>
        <middleName />
        <sponsorshipDate>2017-01-03</sponsorshipDate>
        <firstName>Jeb</firstName>
        <party>R</party>
        <identifiers>
          <lisID>1749</lisID>
          <bioguideId>H001036</bioguideId>
          <gpoId>8161</gpoId>
        </identifiers>
        <district>5</district>
        <sponsorshipWithdrawnDate />
        <fullName>Rep. Hensarling, Jeb [R-TX-5]</fullName>
        <bioguideId>H001036</bioguideId>
        <lastName>Hensarling</lastName>
        <state>TX</state>
      </item>
      <item>
        <isOriginalCosponsor>True</isOriginalCosponsor>
        <middleName>A.</middleName>
        <sponsorshipDate>2017-01-03</sponsorshipDate>
        <firstName>FRANK</firstName>
        <party>R</party>
        <identifiers>
          <gpoId>8044</gpoId>
          <bioguideId>L000554</bioguideId>
          <lisID>699</lisID>
        </identifiers>
        <district>2</district>
        <sponsorshipWithdrawnDate />
        <fullName>Rep. LoBiondo, Frank A. [R-NJ-2]</fullName>
        <bioguideId>L000554</bioguideId>
        <lastName>LOBIONDO</lastName>
        <state>NJ</state>
      </item>
      <item>
        <isOriginalCosponsor>True</isOriginalCosponsor>
        <middleName>A.</middleName>
        <sponsorshipDate>2017-01-03</sponsorshipDate>
        <firstName>David</firstName>
        <party>R</party>
        <identifiers>
          <bioguideId>T000475</bioguideId>
          <gpoId />
          <lisID>2250</lisID>
        </identifiers>
        <district>11</district>
        <sponsorshipWithdrawnDate />
        <fullName>Rep. Trott, David A. [R-MI-11]</fullName>
        <bioguideId>T000475</bioguideId>
        <lastName>Trott</lastName>
        <state>MI</state>
      </item>
      <item>
        <isOriginalCosponsor>True</isOriginalCosponsor>
        <middleName />
        <sponsorshipDate>2017-01-03</sponsorshipDate>
        <firstName>Tom</firstName>
        <party>R</party>
        <identifiers>
          <gpoId>7906</gpoId>
          <bioguideId>G000560</bioguideId>
          <lisID>1979</lisID>
        </identifiers>
        <district>14</district>
        <sponsorshipWithdrawnDate />
        <fullName>Rep. Graves, Tom [R-GA-14]</fullName>
        <bioguideId>G000560</bioguideId>
        <lastName>Graves</lastName>
        <state>GA</state>
      </item>
      <item>
        <isOriginalCosponsor>True</isOriginalCosponsor>
        <middleName />
        <sponsorshipDate>2017-01-03</sponsorshipDate>
        <firstName>Vern</firstName>
        <party>R</party>
        <identifiers>
          <lisID>1840</lisID>
          <gpoId>7885</gpoId>
          <bioguideId>B001260</bioguideId>
        </identifiers>
        <district>16</district>
        <sponsorshipWithdrawnDate />
        <fullName>Rep. Buchanan, Vern [R-FL-16]</fullName>
        <bioguideId>B001260</bioguideId>
        <lastName>Buchanan</lastName>
        <state>FL</state>
      </item>
      <item>
        <isOriginalCosponsor>True</isOriginalCosponsor>
        <middleName />
        <sponsorshipDate>2017-01-03</sponsorshipDate>
        <firstName>David</firstName>
        <party>R</party>
        <identifiers>
          <lisID>1994</lisID>
          <gpoId>7802</gpoId>
          <bioguideId>S001183</bioguideId>
        </identifiers>
        <district>6</district>
        <sponsorshipWithdrawnDate />
        <fullName>Rep. Schweikert, David [R-AZ-6]</fullName>
        <bioguideId>S001183</bioguideId>
        <lastName>Schweikert</lastName>
        <state>AZ</state>
      </item>
      <item>
        <isOriginalCosponsor>True</isOriginalCosponsor>
        <middleName />
        <sponsorshipDate>2017-01-03</sponsorshipDate>
        <firstName>Dave</firstName>
        <party>R</party>
        <identifiers>
          <bioguideId>B001290</bioguideId>
          <lisID>2203</lisID>
          <gpoId />
        </identifiers>
        <district>7</district>
        <sponsorshipWithdrawnDate />
        <fullName>Rep. Brat, Dave [R-VA-7]</fullName>
        <bioguideId>B001290</bioguideId>
        <lastName>Brat</lastName>
        <state>VA</state>
      </item>
      <item>
        <isOriginalCosponsor>True</isOriginalCosponsor>
        <middleName />
        <sponsorshipDate>2017-01-03</sponsorshipDate>
        <firstName>LAMAR</firstName>
        <party>R</party>
        <identifiers>
          <lisID>1075</lisID>
          <gpoId>8177</gpoId>
          <bioguideId>S000583</bioguideId>
        </identifiers>
        <district>21</district>
        <sponsorshipWithdrawnDate />
        <fullName>Rep. Smith, Lamar [R-TX-21]</fullName>
        <bioguideId>S000583</bioguideId>
        <lastName>SMITH</lastName>
        <state>TX</state>
      </item>
      <item>
        <isOriginalCosponsor>True</isOriginalCosponsor>
        <middleName />
        <sponsorshipDate>2017-01-03</sponsorshipDate>
        <firstName>Roger</firstName>
        <party>R</party>
        <identifiers>
          <lisID>2165</lisID>
          <bioguideId>W000816</bioguideId>
          <gpoId />
        </identifiers>
        <district>25</district>
        <sponsorshipWithdrawnDate />
        <fullName>Rep. Williams, Roger [R-TX-25]</fullName>
        <bioguideId>W000816</bioguideId>
        <lastName>Williams</lastName>
        <state>TX</state>
      </item>
      <item>
        <isOriginalCosponsor>True</isOriginalCosponsor>
        <middleName />
        <sponsorshipDate>2017-01-03</sponsorshipDate>
        <firstName>Warren</firstName>
        <party>R</party>
        <identifiers>
          <lisID>2296</lisID>
          <bioguideId>D000626</bioguideId>
          <gpoId />
        </identifiers>
        <district>8</district>
        <sponsorshipWithdrawnDate />
        <fullName>Rep. Davidson, Warren [R-OH-8]</fullName>
        <bioguideId>D000626</bioguideId>
        <lastName>Davidson</lastName>
        <state>OH</state>
      </item>
      <item>
        <isOriginalCosponsor>True</isOriginalCosponsor>
        <middleName>R.</middleName>
        <sponsorshipDate>2017-01-03</sponsorshipDate>
        <firstName>Scott</firstName>
        <party>R</party>
        <identifiers>
          <bioguideId>T000470</bioguideId>
          <lisID>1997</lisID>
          <gpoId>7861</gpoId>
        </identifiers>
        <district>3</district>
        <sponsorshipWithdrawnDate />
        <fullName>Rep. Tipton, Scott  R. [R-CO-3]</fullName>
        <bioguideId>T000470</bioguideId>
        <lastName>Tipton</lastName>
        <state>CO</state>
      </item>
      <item>
        <isOriginalCosponsor>True</isOriginalCosponsor>
        <middleName>J. "Chuck"</middleName>
        <sponsorshipDate>2017-01-03</sponsorshipDate>
        <firstName>Charles</firstName>
        <party>R</party>
        <identifiers>
          <gpoId>8150</gpoId>
          <lisID>2061</lisID>
          <bioguideId>F000459</bioguideId>
        </identifiers>
        <district>3</district>
        <sponsorshipWithdrawnDate />
        <fullName>Rep. Fleischmann, Charles J. "Chuck" [R-TN-3]</fullName>
        <bioguideId>F000459</bioguideId>
        <lastName>Fleischmann</lastName>
        <state>TN</state>
      </item>
      <item>
        <isOriginalCosponsor>True</isOriginalCosponsor>
        <middleName />
        <sponsorshipDate>2017-01-03</sponsorshipDate>
        <firstName>Mike</firstName>
        <party>R</party>
        <identifiers>
          <bioguideId>K000376</bioguideId>
          <lisID>2051</lisID>
          <gpoId>8708</gpoId>
        </identifiers>
        <district>3</district>
        <sponsorshipWithdrawnDate />
        <fullName>Rep. Kelly, Mike [R-PA-3]</fullName>
        <bioguideId>K000376</bioguideId>
        <lastName>Kelly</lastName>
        <state>PA</state>
      </item>
      <item>
        <isOriginalCosponsor>True</isOriginalCosponsor>
        <middleName>ABNEY</middleName>
        <sponsorshipDate>2017-01-03</sponsorshipDate>
        <firstName>JOHN</firstName>
        <party>R</party>
        <identifiers>
          <lisID>1670</lisID>
          <gpoId>8163</gpoId>
          <bioguideId>C001048</bioguideId>
        </identifiers>
        <district>7</district>
        <sponsorshipWithdrawnDate />
        <fullName>Rep. Culberson, John Abney [R-TX-7]</fullName>
        <bioguideId>C001048</bioguideId>
        <lastName>CULBERSON</lastName>
        <state>TX</state>
      </item>
      <item>
        <isOriginalCosponsor>True</isOriginalCosponsor>
        <middleName />
        <sponsorshipDate>2017-01-03</sponsorshipDate>
        <firstName>Bob</firstName>
        <party>R</party>
        <identifiers>
          <lisID>2049</lisID>
          <bioguideId>G000563</bioguideId>
          <gpoId>8108</gpoId>
        </identifiers>
        <district>7</district>
        <sponsorshipWithdrawnDate />
        <fullName>Rep. Gibbs, Bob [R-OH-7]</fullName>
        <bioguideId>G000563</bioguideId>
        <lastName>Gibbs</lastName>
        <state>OH</state>
      </item>
      <item>
        <isOriginalCosponsor>True</isOriginalCosponsor>
        <middleName>J.</middleName>
        <sponsorshipDate>2017-01-03</sponsorshipDate>
        <firstName>PATRICK</firstName>
        <party>R</party>
        <identifiers>
          <lisID>1664</lisID>
          <gpoId>8102</gpoId>
          <bioguideId>T000462</bioguideId>
        </identifiers>
        <district>12</district>
        <sponsorshipWithdrawnDate />
        <fullName>Rep. Tiberi, Patrick J. [R-OH-12]</fullName>
        <bioguideId>T000462</bioguideId>
        <lastName>TIBERI</lastName>
        <state>OH</state>
      </item>
      <item>
        <isOriginalCosponsor>True</isOriginalCosponsor>
        <middleName />
        <sponsorshipDate>2017-01-03</sponsorshipDate>
        <firstName>Patrick</firstName>
        <party>R</party>
        <identifiers>
          <lisID>2052</lisID>
          <bioguideId>M001181</bioguideId>
          <gpoId>8125</gpoId>
        </identifiers>
        <district>7</district>
        <sponsorshipWithdrawnDate />
        <fullName>Rep. Meehan, Patrick [R-PA-7]</fullName>
        <bioguideId>M001181</bioguideId>
        <lastName>Meehan</lastName>
        <state>PA</state>
      </item>
      <item>
        <isOriginalCosponsor>True</isOriginalCosponsor>
        <middleName />
        <sponsorshipDate>2017-01-03</sponsorshipDate>
        <firstName>Glenn</firstName>
        <party>R</party>
        <identifiers>
          <bioguideId>G000576</bioguideId>
          <lisID>2276</lisID>
          <gpoId />
        </identifiers>
        <district>6</district>
        <sponsorshipWithdrawnDate />
        <fullName>Rep. Grothman, Glenn [R-WI-6]</fullName>
        <bioguideId>G000576</bioguideId>
        <lastName>Grothman</lastName>
        <state>WI</state>
      </item>
      <item>
        <isOriginalCosponsor>True</isOriginalCosponsor>
        <middleName />
        <sponsorshipDate>2017-01-03</sponsorshipDate>
        <firstName>Bill</firstName>
        <party>R</party>
        <identifiers>
          <lisID>1915</lisID>
          <bioguideId>P000599</bioguideId>
          <gpoId>7887</gpoId>
        </identifiers>
        <district>8</district>
        <sponsorshipWithdrawnDate />
        <fullName>Rep. Posey, Bill [R-FL-8]</fullName>
        <bioguideId>P000599</bioguideId>
        <lastName>Posey</lastName>
        <state>FL</state>
      </item>
      <item>
        <isOriginalCosponsor>True</isOriginalCosponsor>
        <middleName>B.</middleName>
        <sponsorshipDate>2017-01-03</sponsorshipDate>
        <firstName>Jody</firstName>
        <party>R</party>
        <identifiers>
          <gpoId />
          <lisID>2237</lisID>
          <bioguideId>H001071</bioguideId>
        </identifiers>
        <district>10</district>
        <sponsorshipWithdrawnDate />
        <fullName>Rep. Hice, Jody B. [R-GA-10]</fullName>
        <bioguideId>H001071</bioguideId>
        <lastName>Hice</lastName>
        <state>GA</state>
      </item>
      <item>
        <isOriginalCosponsor>True</isOriginalCosponsor>
        <middleName />
        <sponsorshipDate>2017-01-03</sponsorshipDate>
        <firstName>Ann</firstName>
        <party>R</party>
        <identifiers>
          <lisID>2137</lisID>
          <gpoId />
          <bioguideId>W000812</bioguideId>
        </identifiers>
        <district>2</district>
        <sponsorshipWithdrawnDate />
        <fullName>Rep. Wagner, Ann [R-MO-2]</fullName>
        <bioguideId>W000812</bioguideId>
        <lastName>Wagner</lastName>
        <state>MO</state>
      </item>
      <item>
        <isOriginalCosponsor>True</isOriginalCosponsor>
        <middleName />
        <sponsorshipDate>2017-01-03</sponsorshipDate>
        <firstName>Todd</firstName>
        <party>R</party>
        <identifiers>
          <lisID>2017</lisID>
          <gpoId>7943</gpoId>
          <bioguideId>R000592</bioguideId>
        </identifiers>
        <district>4</district>
        <sponsorshipWithdrawnDate />
        <fullName>Rep. Rokita, Todd [R-IN-4]</fullName>
        <bioguideId>R000592</bioguideId>
        <lastName>Rokita</lastName>
        <state>IN</state>
      </item>
      <item>
        <isOriginalCosponsor>True</isOriginalCosponsor>
        <middleName />
        <sponsorshipDate>2017-01-03</sponsorshipDate>
        <firstName>Jackie</firstName>
        <party>R</party>
        <identifiers>
          <lisID>2128</lisID>
          <gpoId />
          <bioguideId>W000813</bioguideId>
        </identifiers>
        <district>2</district>
        <sponsorshipWithdrawnDate />
        <fullName>Rep. Walorski, Jackie [R-IN-2]</fullName>
        <bioguideId>W000813</bioguideId>
        <lastName>Walorski</lastName>
        <state>IN</state>
      </item>
      <item>
        <isOriginalCosponsor>True</isOriginalCosponsor>
        <middleName />
        <sponsorshipDate>2017-01-03</sponsorshipDate>
        <firstName>Barry</firstName>
        <party>R</party>
        <identifiers>
          <gpoId />
          <bioguideId>L000583</bioguideId>
          <lisID>2238</lisID>
        </identifiers>
        <district>11</district>
        <sponsorshipWithdrawnDate />
        <fullName>Rep. Loudermilk, Barry [R-GA-11]</fullName>
        <bioguideId>L000583</bioguideId>
        <lastName>Loudermilk</lastName>
        <state>GA</state>
      </item>
      <item>
        <isOriginalCosponsor>True</isOriginalCosponsor>
        <middleName>C.</middleName>
        <sponsorshipDate>2017-01-03</sponsorshipDate>
        <firstName>Jodey</firstName>
        <party>R</party>
        <identifiers>
          <lisID>2350</lisID>
          <bioguideId>A000375</bioguideId>
          <gpoId />
        </identifiers>
        <district>19</district>
        <sponsorshipWithdrawnDate />
        <fullName>Rep. Arrington, Jodey C. [R-TX-19]</fullName>
        <bioguideId>A000375</bioguideId>
        <lastName>Arrington</lastName>
        <state>TX</state>
      </item>
      <item>
        <isOriginalCosponsor>True</isOriginalCosponsor>
        <middleName />
        <sponsorshipDate>2017-01-03</sponsorshipDate>
        <firstName>Andy</firstName>
        <party>R</party>
        <identifiers>
          <bioguideId>H001052</bioguideId>
          <lisID>2026</lisID>
          <gpoId>7976</gpoId>
        </identifiers>
        <district>1</district>
        <sponsorshipWithdrawnDate />
        <fullName>Rep. Harris, Andy [R-MD-1]</fullName>
        <bioguideId>H001052</bioguideId>
        <lastName>Harris</lastName>
        <state>MD</state>
      </item>
      <item>
        <isOriginalCosponsor>True</isOriginalCosponsor>
        <middleName />
        <sponsorshipDate>2017-01-03</sponsorshipDate>
        <firstName>Trent</firstName>
        <party>R</party>
        <identifiers>
          <lisID>2294</lisID>
          <gpoId />
          <bioguideId>K000388</bioguideId>
        </identifiers>
        <district>1</district>
        <sponsorshipWithdrawnDate />
        <fullName>Rep. Kelly, Trent [R-MS-1]</fullName>
        <bioguideId>K000388</bioguideId>
        <lastName>Kelly</lastName>
        <state>MS</state>
      </item>
      <item>
        <isOriginalCosponsor>True</isOriginalCosponsor>
        <middleName />
        <sponsorshipDate>2017-01-03</sponsorshipDate>
        <firstName>SAM</firstName>
        <party>R</party>
        <identifiers>
          <lisID>603</lisID>
          <bioguideId>J000174</bioguideId>
          <gpoId>8159</gpoId>
        </identifiers>
        <district>3</district>
        <sponsorshipWithdrawnDate />
        <fullName>Rep. Johnson, Sam [R-TX-3]</fullName>
        <bioguideId>J000174</bioguideId>
        <lastName>JOHNSON</lastName>
        <state>TX</state>
      </item>
      <item>
        <isOriginalCosponsor>True</isOriginalCosponsor>
        <middleName>E.</middleName>
        <sponsorshipDate>2017-01-03</sponsorshipDate>
        <firstName>DARRELL</firstName>
        <party>R</party>
        <identifiers>
          <gpoId>7854</gpoId>
          <bioguideId>I000056</bioguideId>
          <lisID>1640</lisID>
        </identifiers>
        <district>49</district>
        <sponsorshipWithdrawnDate />
        <fullName>Rep. Issa, Darrell E. [R-CA-49]</fullName>
        <bioguideId>I000056</bioguideId>
        <lastName>ISSA</lastName>
        <state>CA</state>
      </item>
      <item>
        <isOriginalCosponsor>True</isOriginalCosponsor>
        <middleName />
        <sponsorshipDate>2017-01-03</sponsorshipDate>
        <firstName>Vicky</firstName>
        <party>R</party>
        <identifiers>
          <lisID>2032</lisID>
          <gpoId>8012</gpoId>
          <bioguideId>H001053</bioguideId>
        </identifiers>
        <district>4</district>
        <sponsorshipWithdrawnDate />
        <fullName>Rep. Hartzler, Vicky [R-MO-4]</fullName>
        <bioguideId>H001053</bioguideId>
        <lastName>Hartzler</lastName>
        <state>MO</state>
      </item>
      <item>
        <isOriginalCosponsor>False</isOriginalCosponsor>
        <middleName />
        <sponsorshipDate>2017-01-04</sponsorshipDate>
        <firstName>Adrian</firstName>
        <party>R</party>
        <identifiers>
          <gpoId>8040</gpoId>
          <bioguideId>S001172</bioguideId>
          <lisID>1860</lisID>
        </identifiers>
        <district>3</district>
        <sponsorshipWithdrawnDate />
        <fullName>Rep. Smith, Adrian [R-NE-3]</fullName>
        <bioguideId>S001172</bioguideId>
        <lastName>Smith</lastName>
        <state>NE</state>
      </item>
      <item>
        <isOriginalCosponsor>False</isOriginalCosponsor>
        <middleName>JAMES</middleName>
        <sponsorshipDate>2017-01-04</sponsorshipDate>
        <firstName>F.</firstName>
        <party>R</party>
        <identifiers>
          <lisID>1041</lisID>
          <bioguideId>S000244</bioguideId>
          <gpoId>8218</gpoId>
        </identifiers>
        <district>5</district>
        <sponsorshipWithdrawnDate />
        <fullName>Rep. Sensenbrenner, F. James, Jr. [R-WI-5]</fullName>
        <bioguideId>S000244</bioguideId>
        <lastName>SENSENBRENNER</lastName>
        <state>WI</state>
      </item>
      <item>
        <isOriginalCosponsor>False</isOriginalCosponsor>
        <middleName />
        <sponsorshipDate>2017-01-04</sponsorshipDate>
        <firstName>Blake</firstName>
        <party>R</party>
        <identifiers>
          <lisID>2067</lisID>
          <gpoId>8183</gpoId>
          <bioguideId>F000460</bioguideId>
        </identifiers>
        <district>27</district>
        <sponsorshipWithdrawnDate />
        <fullName>Rep. Farenthold, Blake [R-TX-27]</fullName>
        <bioguideId>F000460</bioguideId>
        <lastName>Farenthold</lastName>
        <state>TX</state>
      </item>
      <item>
        <isOriginalCosponsor>False</isOriginalCosponsor>
        <middleName />
        <sponsorshipDate>2017-01-04</sponsorshipDate>
        <firstName>Matt</firstName>
        <party>R</party>
        <identifiers>
          <bioguideId>G000578</bioguideId>
          <gpoId />
          <lisID>2314</lisID>
        </identifiers>
        <district>1</district>
        <sponsorshipWithdrawnDate />
        <fullName>Rep. Gaetz, Matt [R-FL-1]</fullName>
        <bioguideId>G000578</bioguideId>
        <lastName>Gaetz</lastName>
        <state>FL</state>
      </item>
      <item>
        <isOriginalCosponsor>False</isOriginalCosponsor>
        <middleName />
        <sponsorshipDate>2017-01-05</sponsorshipDate>
        <firstName>Clay</firstName>
        <party>R</party>
        <identifiers>
          <lisID>2329</lisID>
          <bioguideId>H001077</bioguideId>
          <gpoId />
        </identifiers>
        <district>3</district>
        <sponsorshipWithdrawnDate />
        <fullName>Rep. Higgins, Clay [R-LA-3]</fullName>
        <bioguideId>H001077</bioguideId>
        <lastName>Higgins</lastName>
        <state>LA</state>
      </item>
      <item>
        <isOriginalCosponsor>False</isOriginalCosponsor>
        <middleName />
        <sponsorshipDate>2017-01-05</sponsorshipDate>
        <firstName>Tom</firstName>
        <party>R</party>
        <identifiers>
          <lisID>1908</lisID>
          <gpoId>7809</gpoId>
          <bioguideId>M001177</bioguideId>
        </identifiers>
        <district>4</district>
        <sponsorshipWithdrawnDate />
        <fullName>Rep. McClintock, Tom [R-CA-4]</fullName>
        <bioguideId>M001177</bioguideId>
        <lastName>McClintock</lastName>
        <state>CA</state>
      </item>
    </cosponsors>
    <titles>
      <item>
        <title>Disapproving of President Obama and his administration's refusal to veto the anti-Israel resolution adopted by the United Nations Security Council on December 23, 2016.</title>
        <titleType>Official Title as Introduced</titleType>
        <parentTitleType />
        <chamberCode />
        <chamberName />
      </item>
      <item>
        <title>Disapproving of President Obama and his administration's refusal to veto the anti-Israel resolution adopted by the United Nations Security Council on December 23, 2016.</title>
        <titleType>Display Title</titleType>
        <parentTitleType />
        <chamberCode />
        <chamberName />
      </item>
    </titles>
    <congress>115</congress>
    <recordedVotes />
    <amendments />
    <laws />
    <cboCostEstimates />
    <actions>
      <item>
        <committee>
          <systemCode>hsfa00</systemCode>
          <name>Foreign Affairs Committee</name>
        </committee>
        <sourceSystem>
          <code>2</code>
          <name>House floor actions</name>
        </sourceSystem>
        <actionDate>2017-01-03</actionDate>
        <text>Referred to the House Committee on Foreign Affairs.</text>
        <links />
        <type>IntroReferral</type>
        <actionCode>H11100</actionCode>
      </item>
      <item>
        <committee />
        <sourceSystem>
          <code>9</code>
          <name>Library of Congress</name>
        </sourceSystem>
        <actionDate>2017-01-03</actionDate>
        <text>Introduced in House</text>
        <links />
        <type>IntroReferral</type>
        <actionCode>Intro-H</actionCode>
      </item>
      <item>
        <committee />
        <sourceSystem>
          <code>9</code>
          <name>Library of Congress</name>
        </sourceSystem>
        <actionDate>2017-01-03</actionDate>
        <text>Introduced in House</text>
        <links />
        <type>IntroReferral</type>
        <actionCode>1000</actionCode>
      </item>
      <actionByCounts>
        <houseOfRepresentatives>3</houseOfRepresentatives>
      </actionByCounts>
      <actionTypeCounts>
        <billReferrals>1</billReferrals>
        <introducedInTheHouse>1</introducedInTheHouse>
        <introducedInHouse>1</introducedInHouse>
      </actionTypeCounts>
    </actions>
    <updateDate>2018-02-06T16:39:30Z</updateDate>
    <summaries>
      <billSummaries>
        <item>
          <versionCode>00</versionCode>
          <updateDate>2017-01-03T05:00:00Z</updateDate>
          <actionDesc>Introduced in House</actionDesc>
          <lastSummaryUpdateDate>2017-02-02T21:09:45Z</lastSummaryUpdateDate>
          <actionDate>2017-01-03</actionDate>
          <name>Introduced in House</name>
          <text><![CDATA[<p>Disapproves of: (1) United Nations Security Council Resolution 2334, adopted on December 23, 2016; and (2) President Obama and his administration's failure to veto such resolution. (The resolution reaffirms that settlements established by Israel in Palestinian territory occupied since 1967, including East Jerusalem, constitute a flagrant violation under international law and a major obstacle to a two-state solution and comprehensive peace.)</p> <p>Calls for the U.S. government to oppose and veto Security Council resolutions that are one-sided and anti-Israel.</p> <p>Affirms the commitment of the House of Representatives: (1) to Israel, and (2) to work with future Presidents to strengthen the U.S. alliance with Israel.</p>]]></text>
        </item>
      </billSummaries>
    </summaries>
    <title>Disapproving of President Obama and his administration's refusal to veto the anti-Israel resolution adopted by the United Nations Security Council on December 23, 2016.</title>
    <calendarNumbers />
    <originChamber>House</originChamber>
    <constitutionalAuthorityStatementText />
    <notes />
    <billType>HRES</billType>
    <committees>
      <billCommittees>
        <item>
          <chamber>House</chamber>
          <subcommittees />
          <type>Standing</type>
          <activities>
            <item>
              <date>2017-01-03T17:13:40Z</date>
              <name>Referred to</name>
            </item>
          </activities>
          <systemCode>hsfa00</systemCode>
          <name>Foreign Affairs Committee</name>
        </item>
      </billCommittees>
    </committees>
    <latestAction>
      <text>Referred to the House Committee on Foreign Affairs.</text>
      <actionDate>2017-01-03</actionDate>
      <links />
    </latestAction>
    <committeeReports />
    <billNumber>14</billNumber>
    <sponsors>
      <item>
        <byRequestType />
        <state>FL</state>
        <bioguideId>R000593</bioguideId>
        <identifiers>
          <bioguideId>R000593</bioguideId>
          <lisID>2003</lisID>
          <gpoId>7884</gpoId>
        </identifiers>
        <fullName>Rep. Ross, Dennis A. [R-FL-15]</fullName>
        <district>15</district>
        <lastName>Ross</lastName>
        <firstName>Dennis</firstName>
        <middleName>A.</middleName>
        <party>R</party>
      </item>
    </sponsors>
    <subjects>
      <billSubjects>
        <legislativeSubjects>
          <item>
            <name>Alliances</name>
          </item>
          <item>
            <name>Arab-Israeli relations</name>
          </item>
          <item>
            <name>Conflicts and wars</name>
          </item>
          <item>
            <name>Diplomacy, foreign officials, Americans abroad</name>
          </item>
          <item>
            <name>Israel</name>
          </item>
          <item>
            <name>Middle East</name>
          </item>
          <item>
            <name>Palestinians</name>
          </item>
          <item>
            <name>United Nations</name>
          </item>
        </legislativeSubjects>
        <policyArea>
          <name>International Affairs</name>
        </policyArea>
      </billSubjects>
    </subjects>
    <createDate>2017-01-04T07:01:08Z</createDate>
    <version>1.0.0</version>
    <relatedBills />
  </bill>
  <dublinCore xmlns:dc="http://purl.org/dc/elements/1.1/">
    <dc:format>text/xml</dc:format>
    <dc:language>EN</dc:language>
    <dc:rights>Pursuant to Title 17 Section 105 of the United States Code, this file is not subject to copyright protection and is in the public domain.</dc:rights>
    <dc:contributor>Congressional Research Service, Library of Congress</dc:contributor>
    <dc:description>This file contains bill summaries and statuses for federal legislation. A bill summary describes the most significant provisions of a piece of legislation and details the effects the legislative text may have on current law and federal programs. Bill summaries are authored by the Congressional Research Service (CRS) of the Library of Congress. As stated in Public Law 91-510 (2 USC 166 (d)(6)), one of the duties of CRS is "to prepare summaries and digests of bills and resolutions of a public general nature introduced in the Senate or House of Representatives". For more information, refer to the User Guide that accompanies this file.</dc:description>
  </dublinCore>
</billStatus>

