<?xml version="1.0" encoding="UTF-8"?>
<billStatus>
  <bill>
    <constitutionalAuthorityStatementText />
    <originChamber>House</originChamber>
    <subjects>
      <billSubjects>
        <policyArea>
          <name>Armed Forces and National Security</name>
        </policyArea>
        <legislativeSubjects>
          <item>
            <name>Executive Office of the President</name>
          </item>
          <item>
            <name>Federal officials</name>
          </item>
          <item>
            <name>Government ethics and transparency, public corruption</name>
          </item>
          <item>
            <name>Intelligence activities, surveillance, classified information</name>
          </item>
          <item>
            <name>Military command and structure</name>
          </item>
          <item>
            <name>Presidents and presidential powers, Vice Presidents</name>
          </item>
        </legislativeSubjects>
      </billSubjects>
    </subjects>
    <cosponsors>
      <item>
        <lastName>Chu</lastName>
        <firstName>Judy</firstName>
        <sponsorshipWithdrawnDate />
        <isOriginalCosponsor>True</isOriginalCosponsor>
        <district>27</district>
        <party>D</party>
        <fullName>Rep. Chu, Judy [D-CA-27]</fullName>
        <middleName />
        <state>CA</state>
        <bioguideId>C001080</bioguideId>
        <sponsorshipDate>2017-02-16</sponsorshipDate>
        <identifiers>
          <bioguideId>C001080</bioguideId>
          <gpoId>7837</gpoId>
          <lisID>1970</lisID>
        </identifiers>
      </item>
      <item>
        <lastName>DAVIS</lastName>
        <firstName>DANNY</firstName>
        <sponsorshipWithdrawnDate />
        <isOriginalCosponsor>True</isOriginalCosponsor>
        <district>7</district>
        <party>D</party>
        <fullName>Rep. Davis, Danny K. [D-IL-7]</fullName>
        <middleName>K.</middleName>
        <state>IL</state>
        <bioguideId>D000096</bioguideId>
        <sponsorshipDate>2017-02-16</sponsorshipDate>
        <identifiers>
          <gpoId>7927</gpoId>
          <bioguideId>D000096</bioguideId>
          <lisID>1477</lisID>
        </identifiers>
      </item>
      <item>
        <lastName>Ellison</lastName>
        <firstName>Keith</firstName>
        <sponsorshipWithdrawnDate />
        <isOriginalCosponsor>True</isOriginalCosponsor>
        <district>5</district>
        <party>D</party>
        <fullName>Rep. Ellison, Keith [D-MN-5]</fullName>
        <middleName />
        <state>MN</state>
        <bioguideId>E000288</bioguideId>
        <sponsorshipDate>2017-02-16</sponsorshipDate>
        <identifiers>
          <gpoId>8005</gpoId>
          <bioguideId>E000288</bioguideId>
          <lisID>1857</lisID>
        </identifiers>
      </item>
      <item>
        <lastName>Green</lastName>
        <firstName>Al</firstName>
        <sponsorshipWithdrawnDate />
        <isOriginalCosponsor>True</isOriginalCosponsor>
        <district>9</district>
        <party>D</party>
        <fullName>Rep. Green, Al [D-TX-9]</fullName>
        <middleName />
        <state>TX</state>
        <bioguideId>G000553</bioguideId>
        <sponsorshipDate>2017-02-16</sponsorshipDate>
        <identifiers>
          <gpoId>8165</gpoId>
          <lisID>1803</lisID>
          <bioguideId>G000553</bioguideId>
        </identifiers>
      </item>
      <item>
        <lastName>Grijalva</lastName>
        <firstName>Raul</firstName>
        <sponsorshipWithdrawnDate />
        <isOriginalCosponsor>True</isOriginalCosponsor>
        <district>3</district>
        <party>D</party>
        <fullName>Rep. Grijalva, Raul M. [D-AZ-3]</fullName>
        <middleName>M.</middleName>
        <state>AZ</state>
        <bioguideId>G000551</bioguideId>
        <sponsorshipDate>2017-02-16</sponsorshipDate>
        <identifiers>
          <gpoId>7804</gpoId>
          <bioguideId>G000551</bioguideId>
          <lisID>1708</lisID>
        </identifiers>
      </item>
      <item>
        <lastName>LOFGREN</lastName>
        <firstName>ZOE</firstName>
        <sponsorshipWithdrawnDate />
        <isOriginalCosponsor>True</isOriginalCosponsor>
        <district>19</district>
        <party>D</party>
        <fullName>Rep. Lofgren, Zoe [D-CA-19]</fullName>
        <middleName />
        <state>CA</state>
        <bioguideId>L000397</bioguideId>
        <sponsorshipDate>2017-02-16</sponsorshipDate>
        <identifiers>
          <gpoId>7821</gpoId>
          <bioguideId>L000397</bioguideId>
          <lisID>701</lisID>
        </identifiers>
      </item>
      <item>
        <lastName>MCCOLLUM</lastName>
        <firstName>BETTY</firstName>
        <sponsorshipWithdrawnDate />
        <isOriginalCosponsor>True</isOriginalCosponsor>
        <district>4</district>
        <party>D</party>
        <fullName>Rep. McCollum, Betty [D-MN-4]</fullName>
        <middleName />
        <state>MN</state>
        <bioguideId>M001143</bioguideId>
        <sponsorshipDate>2017-02-16</sponsorshipDate>
        <identifiers>
          <bioguideId>M001143</bioguideId>
          <lisID>1653</lisID>
          <gpoId>8004</gpoId>
        </identifiers>
      </item>
      <item>
        <lastName>McEachin</lastName>
        <firstName>A.</firstName>
        <sponsorshipWithdrawnDate />
        <isOriginalCosponsor>True</isOriginalCosponsor>
        <district>4</district>
        <party>D</party>
        <fullName>Rep. McEachin, A. Donald [D-VA-4]</fullName>
        <middleName>Donald</middleName>
        <state>VA</state>
        <bioguideId>M001200</bioguideId>
        <sponsorshipDate>2017-02-16</sponsorshipDate>
        <identifiers>
          <gpoId />
          <lisID>2352</lisID>
          <bioguideId>M001200</bioguideId>
        </identifiers>
      </item>
      <item>
        <lastName>Pocan</lastName>
        <firstName>Mark</firstName>
        <sponsorshipWithdrawnDate />
        <isOriginalCosponsor>True</isOriginalCosponsor>
        <district>2</district>
        <party>D</party>
        <fullName>Rep. Pocan, Mark [D-WI-2]</fullName>
        <middleName />
        <state>WI</state>
        <bioguideId>P000607</bioguideId>
        <sponsorshipDate>2017-02-16</sponsorshipDate>
        <identifiers>
          <bioguideId>P000607</bioguideId>
          <lisID>2171</lisID>
          <gpoId />
        </identifiers>
      </item>
      <item>
        <lastName>Watson Coleman</lastName>
        <firstName>Bonnie</firstName>
        <sponsorshipWithdrawnDate />
        <isOriginalCosponsor>True</isOriginalCosponsor>
        <district>12</district>
        <party>D</party>
        <fullName>Rep. Watson Coleman, Bonnie [D-NJ-12]</fullName>
        <middleName />
        <state>NJ</state>
        <bioguideId>W000822</bioguideId>
        <sponsorshipDate>2017-02-16</sponsorshipDate>
        <identifiers>
          <gpoId />
          <bioguideId>W000822</bioguideId>
          <lisID>2259</lisID>
        </identifiers>
      </item>
      <item>
        <lastName>Veasey</lastName>
        <firstName>Marc</firstName>
        <sponsorshipWithdrawnDate />
        <isOriginalCosponsor>True</isOriginalCosponsor>
        <district>33</district>
        <party>D</party>
        <fullName>Rep. Veasey, Marc A. [D-TX-33]</fullName>
        <middleName>A.</middleName>
        <state>TX</state>
        <bioguideId>V000131</bioguideId>
        <sponsorshipDate>2017-02-16</sponsorshipDate>
        <identifiers>
          <lisID>2166</lisID>
          <bioguideId>V000131</bioguideId>
          <gpoId />
        </identifiers>
      </item>
      <item>
        <lastName>Evans</lastName>
        <firstName>Dwight</firstName>
        <sponsorshipWithdrawnDate />
        <isOriginalCosponsor>True</isOriginalCosponsor>
        <district>2</district>
        <party>D</party>
        <fullName>Rep. Evans, Dwight [D-PA-2]</fullName>
        <middleName />
        <state>PA</state>
        <bioguideId>E000296</bioguideId>
        <sponsorshipDate>2017-02-16</sponsorshipDate>
        <identifiers>
          <bioguideId>E000296</bioguideId>
          <gpoId />
          <lisID>2298</lisID>
        </identifiers>
      </item>
      <item>
        <lastName>Butterfield</lastName>
        <firstName>G. K.</firstName>
        <sponsorshipWithdrawnDate />
        <isOriginalCosponsor>True</isOriginalCosponsor>
        <district>1</district>
        <party>D</party>
        <fullName>Rep. Butterfield, G. K. [D-NC-1]</fullName>
        <middleName />
        <state>NC</state>
        <bioguideId>B001251</bioguideId>
        <sponsorshipDate>2017-02-16</sponsorshipDate>
        <identifiers>
          <bioguideId>B001251</bioguideId>
          <gpoId>8024</gpoId>
          <lisID>1761</lisID>
        </identifiers>
      </item>
      <item>
        <lastName>MEEKS</lastName>
        <firstName>GREGORY</firstName>
        <sponsorshipWithdrawnDate />
        <isOriginalCosponsor>True</isOriginalCosponsor>
        <district>5</district>
        <party>D</party>
        <fullName>Rep. Meeks, Gregory W. [D-NY-5]</fullName>
        <middleName>W.</middleName>
        <state>NY</state>
        <bioguideId>M001137</bioguideId>
        <sponsorshipDate>2017-02-16</sponsorshipDate>
        <identifiers>
          <lisID>1506</lisID>
          <bioguideId>M001137</bioguideId>
          <gpoId>8067</gpoId>
        </identifiers>
      </item>
      <item>
        <lastName>WATERS</lastName>
        <firstName>MAXINE</firstName>
        <sponsorshipWithdrawnDate />
        <isOriginalCosponsor>True</isOriginalCosponsor>
        <district>43</district>
        <party>D</party>
        <fullName>Rep. Waters, Maxine [D-CA-43]</fullName>
        <middleName />
        <state>CA</state>
        <bioguideId>W000187</bioguideId>
        <sponsorshipDate>2017-02-16</sponsorshipDate>
        <identifiers>
          <lisID>1205</lisID>
          <bioguideId>W000187</bioguideId>
          <gpoId>7840</gpoId>
        </identifiers>
      </item>
      <item>
        <lastName>Cleaver</lastName>
        <firstName>Emanuel</firstName>
        <sponsorshipWithdrawnDate />
        <isOriginalCosponsor>True</isOriginalCosponsor>
        <district>5</district>
        <party>D</party>
        <fullName>Rep. Cleaver, Emanuel [D-MO-5]</fullName>
        <middleName />
        <state>MO</state>
        <bioguideId>C001061</bioguideId>
        <sponsorshipDate>2017-02-16</sponsorshipDate>
        <identifiers>
          <lisID>1790</lisID>
          <bioguideId>C001061</bioguideId>
          <gpoId>8013</gpoId>
        </identifiers>
      </item>
      <item>
        <lastName>DeSaulnier</lastName>
        <firstName>Mark</firstName>
        <sponsorshipWithdrawnDate />
        <isOriginalCosponsor>True</isOriginalCosponsor>
        <district>11</district>
        <party>D</party>
        <fullName>Rep. DeSaulnier, Mark [D-CA-11]</fullName>
        <middleName />
        <state>CA</state>
        <bioguideId>D000623</bioguideId>
        <sponsorshipDate>2017-02-16</sponsorshipDate>
        <identifiers>
          <lisID>2227</lisID>
          <bioguideId>D000623</bioguideId>
          <gpoId />
        </identifiers>
      </item>
      <item>
        <lastName>Demings</lastName>
        <firstName>Val</firstName>
        <sponsorshipWithdrawnDate />
        <isOriginalCosponsor>True</isOriginalCosponsor>
        <district>10</district>
        <party>D</party>
        <fullName>Rep. Demings, Val Butler [D-FL-10]</fullName>
        <middleName>Butler</middleName>
        <state>FL</state>
        <bioguideId>D000627</bioguideId>
        <sponsorshipDate>2017-02-16</sponsorshipDate>
        <identifiers>
          <lisID>2320</lisID>
          <bioguideId>D000627</bioguideId>
          <gpoId />
        </identifiers>
      </item>
      <item>
        <lastName>Clarke</lastName>
        <firstName>Yvette</firstName>
        <sponsorshipWithdrawnDate />
        <isOriginalCosponsor>True</isOriginalCosponsor>
        <district>9</district>
        <party>D</party>
        <fullName>Rep. Clarke, Yvette D. [D-NY-9]</fullName>
        <middleName>D.</middleName>
        <state>NY</state>
        <bioguideId>C001067</bioguideId>
        <sponsorshipDate>2017-02-16</sponsorshipDate>
        <identifiers>
          <bioguideId>C001067</bioguideId>
          <lisID>1864</lisID>
          <gpoId>8072</gpoId>
        </identifiers>
      </item>
      <item>
        <lastName>Blunt Rochester</lastName>
        <firstName>Lisa</firstName>
        <sponsorshipWithdrawnDate />
        <isOriginalCosponsor>True</isOriginalCosponsor>
        <district>0</district>
        <party>D</party>
        <fullName>Rep. Blunt Rochester, Lisa [D-DE-At Large]</fullName>
        <middleName />
        <state>DE</state>
        <bioguideId>B001303</bioguideId>
        <sponsorshipDate>2017-02-16</sponsorshipDate>
        <identifiers>
          <lisID>2313</lisID>
          <gpoId />
          <bioguideId>B001303</bioguideId>
        </identifiers>
      </item>
      <item>
        <lastName>Scott</lastName>
        <firstName>Robert</firstName>
        <sponsorshipWithdrawnDate />
        <isOriginalCosponsor>True</isOriginalCosponsor>
        <district>3</district>
        <party>D</party>
        <fullName>Rep. Scott, Robert C. "Bobby" [D-VA-3]</fullName>
        <middleName>C. "Bobby"</middleName>
        <state>VA</state>
        <bioguideId>S000185</bioguideId>
        <sponsorshipDate>2017-02-16</sponsorshipDate>
        <identifiers>
          <bioguideId>S000185</bioguideId>
          <gpoId>8194</gpoId>
          <lisID>1037</lisID>
        </identifiers>
      </item>
      <item>
        <lastName>Kelly</lastName>
        <firstName>Robin</firstName>
        <sponsorshipWithdrawnDate />
        <isOriginalCosponsor>True</isOriginalCosponsor>
        <district>2</district>
        <party>D</party>
        <fullName>Rep. Kelly, Robin L. [D-IL-2]</fullName>
        <middleName>L.</middleName>
        <state>IL</state>
        <bioguideId>K000385</bioguideId>
        <sponsorshipDate>2017-02-16</sponsorshipDate>
        <identifiers>
          <bioguideId>K000385</bioguideId>
          <lisID>2190</lisID>
          <gpoId />
        </identifiers>
      </item>
      <item>
        <lastName>Lawson</lastName>
        <firstName>Al</firstName>
        <sponsorshipWithdrawnDate />
        <isOriginalCosponsor>True</isOriginalCosponsor>
        <district>5</district>
        <party>D</party>
        <fullName>Rep. Lawson, Al, Jr. [D-FL-5]</fullName>
        <middleName />
        <state>FL</state>
        <bioguideId>L000586</bioguideId>
        <sponsorshipDate>2017-02-16</sponsorshipDate>
        <identifiers>
          <gpoId />
          <bioguideId>L000586</bioguideId>
          <lisID>2317</lisID>
        </identifiers>
      </item>
      <item>
        <lastName>LEWIS</lastName>
        <firstName>JOHN</firstName>
        <sponsorshipWithdrawnDate />
        <isOriginalCosponsor>True</isOriginalCosponsor>
        <district>5</district>
        <party>D</party>
        <fullName>Rep. Lewis, John [D-GA-5]</fullName>
        <middleName />
        <state>GA</state>
        <bioguideId>L000287</bioguideId>
        <sponsorshipDate>2017-02-16</sponsorshipDate>
        <identifiers>
          <lisID>688</lisID>
          <bioguideId>L000287</bioguideId>
          <gpoId>7902</gpoId>
        </identifiers>
      </item>
      <item>
        <lastName>Wilson</lastName>
        <firstName>Frederica</firstName>
        <sponsorshipWithdrawnDate />
        <isOriginalCosponsor>True</isOriginalCosponsor>
        <district>24</district>
        <party>D</party>
        <fullName>Rep. Wilson, Frederica S. [D-FL-24]</fullName>
        <middleName>S.</middleName>
        <state>FL</state>
        <bioguideId>W000808</bioguideId>
        <sponsorshipDate>2017-02-16</sponsorshipDate>
        <identifiers>
          <bioguideId>W000808</bioguideId>
          <gpoId>7889</gpoId>
          <lisID>2004</lisID>
        </identifiers>
      </item>
      <item>
        <lastName>Richmond</lastName>
        <firstName>Cedric</firstName>
        <sponsorshipWithdrawnDate />
        <isOriginalCosponsor>True</isOriginalCosponsor>
        <district>2</district>
        <party>D</party>
        <fullName>Rep. Richmond, Cedric L. [D-LA-2]</fullName>
        <middleName>L.</middleName>
        <state>LA</state>
        <bioguideId>R000588</bioguideId>
        <sponsorshipDate>2017-02-16</sponsorshipDate>
        <identifiers>
          <lisID>2023</lisID>
          <bioguideId>R000588</bioguideId>
          <gpoId>7960</gpoId>
        </identifiers>
      </item>
      <item>
        <lastName>Vargas</lastName>
        <firstName>Juan</firstName>
        <sponsorshipWithdrawnDate />
        <isOriginalCosponsor>True</isOriginalCosponsor>
        <district>51</district>
        <party>D</party>
        <fullName>Rep. Vargas, Juan [D-CA-51]</fullName>
        <middleName />
        <state>CA</state>
        <bioguideId>V000130</bioguideId>
        <sponsorshipDate>2017-02-16</sponsorshipDate>
        <identifiers>
          <lisID>2112</lisID>
          <bioguideId>V000130</bioguideId>
          <gpoId />
        </identifiers>
      </item>
      <item>
        <lastName>MCGOVERN</lastName>
        <firstName>JAMES</firstName>
        <sponsorshipWithdrawnDate />
        <isOriginalCosponsor>True</isOriginalCosponsor>
        <district>2</district>
        <party>D</party>
        <fullName>Rep. McGovern, James P. [D-MA-2]</fullName>
        <middleName>P.</middleName>
        <state>MA</state>
        <bioguideId>M000312</bioguideId>
        <sponsorshipDate>2017-02-16</sponsorshipDate>
        <identifiers>
          <bioguideId>M000312</bioguideId>
          <lisID>1504</lisID>
          <gpoId>7968</gpoId>
        </identifiers>
      </item>
      <item>
        <lastName>Lawrence</lastName>
        <firstName>Brenda</firstName>
        <sponsorshipWithdrawnDate />
        <isOriginalCosponsor>True</isOriginalCosponsor>
        <district>14</district>
        <party>D</party>
        <fullName>Rep. Lawrence, Brenda L. [D-MI-14]</fullName>
        <middleName>L.</middleName>
        <state>MI</state>
        <bioguideId>L000581</bioguideId>
        <sponsorshipDate>2017-02-16</sponsorshipDate>
        <identifiers>
          <lisID>2252</lisID>
          <gpoId />
          <bioguideId>L000581</bioguideId>
        </identifiers>
      </item>
      <item>
        <lastName>Bonamici</lastName>
        <firstName>Suzanne</firstName>
        <sponsorshipWithdrawnDate />
        <isOriginalCosponsor>True</isOriginalCosponsor>
        <district>1</district>
        <party>D</party>
        <fullName>Rep. Bonamici, Suzanne [D-OR-1]</fullName>
        <middleName />
        <state>OR</state>
        <bioguideId>B001278</bioguideId>
        <sponsorshipDate>2017-02-16</sponsorshipDate>
        <identifiers>
          <gpoId>8367</gpoId>
          <bioguideId>B001278</bioguideId>
          <lisID>2092</lisID>
        </identifiers>
      </item>
      <item>
        <lastName>Jeffries</lastName>
        <firstName>Hakeem</firstName>
        <sponsorshipWithdrawnDate />
        <isOriginalCosponsor>True</isOriginalCosponsor>
        <district>8</district>
        <party>D</party>
        <fullName>Rep. Jeffries, Hakeem S. [D-NY-8]</fullName>
        <middleName>S.</middleName>
        <state>NY</state>
        <bioguideId>J000294</bioguideId>
        <sponsorshipDate>2017-02-16</sponsorshipDate>
        <identifiers>
          <bioguideId>J000294</bioguideId>
          <lisID>2149</lisID>
          <gpoId />
        </identifiers>
      </item>
      <item>
        <lastName>Brown</lastName>
        <firstName>Anthony</firstName>
        <sponsorshipWithdrawnDate />
        <isOriginalCosponsor>True</isOriginalCosponsor>
        <district>4</district>
        <party>D</party>
        <fullName>Rep. Brown, Anthony G. [D-MD-4]</fullName>
        <middleName>G.</middleName>
        <state>MD</state>
        <bioguideId>B001304</bioguideId>
        <sponsorshipDate>2017-02-16</sponsorshipDate>
        <identifiers>
          <lisID>2331</lisID>
          <gpoId />
          <bioguideId>B001304</bioguideId>
        </identifiers>
      </item>
      <item>
        <lastName>SANCHEZ</lastName>
        <firstName>LINDA</firstName>
        <sponsorshipWithdrawnDate />
        <isOriginalCosponsor>True</isOriginalCosponsor>
        <district>38</district>
        <party>D</party>
        <fullName>Rep. Sanchez, Linda T. [D-CA-38]</fullName>
        <middleName>T.</middleName>
        <state>CA</state>
        <bioguideId>S001156</bioguideId>
        <sponsorshipDate>2017-02-16</sponsorshipDate>
        <identifiers>
          <lisID>1757</lisID>
          <gpoId>7844</gpoId>
          <bioguideId>S001156</bioguideId>
        </identifiers>
      </item>
      <item>
        <lastName>Payne</lastName>
        <firstName>Donald</firstName>
        <sponsorshipWithdrawnDate />
        <isOriginalCosponsor>True</isOriginalCosponsor>
        <district>10</district>
        <party>D</party>
        <fullName>Rep. Payne, Donald M., Jr. [D-NJ-10]</fullName>
        <middleName>M.</middleName>
        <state>NJ</state>
        <bioguideId>P000604</bioguideId>
        <sponsorshipDate>2017-02-16</sponsorshipDate>
        <identifiers>
          <gpoId>8373</gpoId>
          <bioguideId>P000604</bioguideId>
          <lisID>2097</lisID>
        </identifiers>
      </item>
      <item>
        <lastName>Swalwell</lastName>
        <firstName>Eric</firstName>
        <sponsorshipWithdrawnDate />
        <isOriginalCosponsor>True</isOriginalCosponsor>
        <district>15</district>
        <party>D</party>
        <fullName>Rep. Swalwell, Eric [D-CA-15]</fullName>
        <middleName />
        <state>CA</state>
        <bioguideId>S001193</bioguideId>
        <sponsorshipDate>2017-02-16</sponsorshipDate>
        <identifiers>
          <bioguideId>S001193</bioguideId>
          <lisID>2104</lisID>
          <gpoId />
        </identifiers>
      </item>
      <item>
        <lastName>Shea-Porter</lastName>
        <firstName>Carol</firstName>
        <sponsorshipWithdrawnDate />
        <isOriginalCosponsor>True</isOriginalCosponsor>
        <district>1</district>
        <party>D</party>
        <fullName>Rep. Shea-Porter, Carol [D-NH-1]</fullName>
        <middleName />
        <state>NH</state>
        <bioguideId>S001170</bioguideId>
        <sponsorshipDate>2017-02-16</sponsorshipDate>
        <identifiers>
          <bioguideId>S001170</bioguideId>
          <lisID>1861</lisID>
          <gpoId>7528</gpoId>
        </identifiers>
      </item>
      <item>
        <lastName>Cohen</lastName>
        <firstName>Steve</firstName>
        <sponsorshipWithdrawnDate />
        <isOriginalCosponsor>True</isOriginalCosponsor>
        <district>9</district>
        <party>D</party>
        <fullName>Rep. Cohen, Steve [D-TN-9]</fullName>
        <middleName />
        <state>TN</state>
        <bioguideId>C001068</bioguideId>
        <sponsorshipDate>2017-02-16</sponsorshipDate>
        <identifiers>
          <lisID>1878</lisID>
          <gpoId>8156</gpoId>
          <bioguideId>C001068</bioguideId>
        </identifiers>
      </item>
      <item>
        <lastName>Ruppersberger</lastName>
        <firstName>C. A.</firstName>
        <sponsorshipWithdrawnDate />
        <isOriginalCosponsor>True</isOriginalCosponsor>
        <district>2</district>
        <party>D</party>
        <fullName>Rep. Ruppersberger, C. A. Dutch [D-MD-2]</fullName>
        <middleName>Dutch</middleName>
        <state>MD</state>
        <bioguideId>R000576</bioguideId>
        <sponsorshipDate>2017-02-16</sponsorshipDate>
        <identifiers>
          <lisID>1728</lisID>
          <bioguideId>R000576</bioguideId>
          <gpoId>7977</gpoId>
        </identifiers>
      </item>
      <item>
        <lastName>CROWLEY</lastName>
        <firstName>JOSEPH</firstName>
        <sponsorshipWithdrawnDate />
        <isOriginalCosponsor>True</isOriginalCosponsor>
        <district>14</district>
        <party>D</party>
        <fullName>Rep. Crowley, Joseph [D-NY-14]</fullName>
        <middleName />
        <state>NY</state>
        <bioguideId>C001038</bioguideId>
        <sponsorshipDate>2017-02-16</sponsorshipDate>
        <identifiers>
          <lisID>1604</lisID>
          <gpoId>8068</gpoId>
          <bioguideId>C001038</bioguideId>
        </identifiers>
      </item>
      <item>
        <lastName>HASTINGS</lastName>
        <firstName>ALCEE</firstName>
        <sponsorshipWithdrawnDate />
        <isOriginalCosponsor>True</isOriginalCosponsor>
        <district>20</district>
        <party>D</party>
        <fullName>Rep. Hastings, Alcee L. [D-FL-20]</fullName>
        <middleName>L.</middleName>
        <state>FL</state>
        <bioguideId>H000324</bioguideId>
        <sponsorshipDate>2017-02-16</sponsorshipDate>
        <identifiers>
          <lisID>511</lisID>
          <bioguideId>H000324</bioguideId>
          <gpoId>7895</gpoId>
        </identifiers>
      </item>
      <item>
        <lastName>Meng</lastName>
        <firstName>Grace</firstName>
        <sponsorshipWithdrawnDate />
        <isOriginalCosponsor>True</isOriginalCosponsor>
        <district>6</district>
        <party>D</party>
        <fullName>Rep. Meng, Grace [D-NY-6]</fullName>
        <middleName />
        <state>NY</state>
        <bioguideId>M001188</bioguideId>
        <sponsorshipDate>2017-02-16</sponsorshipDate>
        <identifiers>
          <bioguideId>M001188</bioguideId>
          <lisID>2148</lisID>
          <gpoId />
        </identifiers>
      </item>
      <item>
        <lastName>Quigley</lastName>
        <firstName>Mike</firstName>
        <sponsorshipWithdrawnDate />
        <isOriginalCosponsor>True</isOriginalCosponsor>
        <district>5</district>
        <party>D</party>
        <fullName>Rep. Quigley, Mike [D-IL-5]</fullName>
        <middleName />
        <state>IL</state>
        <bioguideId>Q000023</bioguideId>
        <sponsorshipDate>2017-02-16</sponsorshipDate>
        <identifiers>
          <lisID>1967</lisID>
          <gpoId>7925</gpoId>
          <bioguideId>Q000023</bioguideId>
        </identifiers>
      </item>
      <item>
        <lastName>THOMPSON</lastName>
        <firstName>MIKE</firstName>
        <sponsorshipWithdrawnDate />
        <isOriginalCosponsor>True</isOriginalCosponsor>
        <district>5</district>
        <party>D</party>
        <fullName>Rep. Thompson, Mike [D-CA-5]</fullName>
        <middleName />
        <state>CA</state>
        <bioguideId>T000460</bioguideId>
        <sponsorshipDate>2017-02-16</sponsorshipDate>
        <identifiers>
          <lisID>1593</lisID>
          <bioguideId>T000460</bioguideId>
          <gpoId>7806</gpoId>
        </identifiers>
      </item>
      <item>
        <lastName>SCHAKOWSKY</lastName>
        <firstName>JANICE</firstName>
        <sponsorshipWithdrawnDate />
        <isOriginalCosponsor>True</isOriginalCosponsor>
        <district>9</district>
        <party>D</party>
        <fullName>Rep. Schakowsky, Janice D. [D-IL-9]</fullName>
        <middleName>D.</middleName>
        <state>IL</state>
        <bioguideId>S001145</bioguideId>
        <sponsorshipDate>2017-02-16</sponsorshipDate>
        <identifiers>
          <bioguideId>S001145</bioguideId>
          <lisID>1588</lisID>
          <gpoId>7929</gpoId>
        </identifiers>
      </item>
      <item>
        <lastName>Castro</lastName>
        <firstName>Joaquin</firstName>
        <sponsorshipWithdrawnDate />
        <isOriginalCosponsor>True</isOriginalCosponsor>
        <district>20</district>
        <party>D</party>
        <fullName>Rep. Castro, Joaquin [D-TX-20]</fullName>
        <middleName />
        <state>TX</state>
        <bioguideId>C001091</bioguideId>
        <sponsorshipDate>2017-02-16</sponsorshipDate>
        <identifiers>
          <lisID>2163</lisID>
          <gpoId />
          <bioguideId>C001091</bioguideId>
        </identifiers>
      </item>
      <item>
        <lastName>Barragan</lastName>
        <firstName>Nanette</firstName>
        <sponsorshipWithdrawnDate />
        <isOriginalCosponsor>True</isOriginalCosponsor>
        <district>44</district>
        <party>D</party>
        <fullName>Rep. Barragan, Nanette Diaz [D-CA-44]</fullName>
        <middleName>Diaz</middleName>
        <state>CA</state>
        <bioguideId>B001300</bioguideId>
        <sponsorshipDate>2017-02-16</sponsorshipDate>
        <identifiers>
          <lisID>2311</lisID>
          <bioguideId>B001300</bioguideId>
          <gpoId />
        </identifiers>
      </item>
      <item>
        <lastName>VELAZQUEZ</lastName>
        <firstName>NYDIA</firstName>
        <sponsorshipWithdrawnDate />
        <isOriginalCosponsor>True</isOriginalCosponsor>
        <district>7</district>
        <party>D</party>
        <fullName>Rep. Velazquez, Nydia M. [D-NY-7]</fullName>
        <middleName>M.</middleName>
        <state>NY</state>
        <bioguideId>V000081</bioguideId>
        <sponsorshipDate>2017-02-16</sponsorshipDate>
        <identifiers>
          <lisID>1184</lisID>
          <gpoId>8073</gpoId>
          <bioguideId>V000081</bioguideId>
        </identifiers>
      </item>
      <item>
        <lastName>Krishnamoorthi</lastName>
        <firstName>Raja</firstName>
        <sponsorshipWithdrawnDate />
        <isOriginalCosponsor>True</isOriginalCosponsor>
        <district>8</district>
        <party>D</party>
        <fullName>Rep. Krishnamoorthi, Raja [D-IL-8]</fullName>
        <middleName />
        <state>IL</state>
        <bioguideId>K000391</bioguideId>
        <sponsorshipDate>2017-02-16</sponsorshipDate>
        <identifiers>
          <lisID>2325</lisID>
          <bioguideId>K000391</bioguideId>
          <gpoId />
        </identifiers>
      </item>
      <item>
        <lastName>Fudge</lastName>
        <firstName>Marcia</firstName>
        <sponsorshipWithdrawnDate />
        <isOriginalCosponsor>True</isOriginalCosponsor>
        <district>11</district>
        <party>D</party>
        <fullName>Rep. Fudge, Marcia L. [D-OH-11]</fullName>
        <middleName>L.</middleName>
        <state>OH</state>
        <bioguideId>F000455</bioguideId>
        <sponsorshipDate>2017-02-16</sponsorshipDate>
        <identifiers>
          <bioguideId>F000455</bioguideId>
          <lisID>1895</lisID>
          <gpoId>8101</gpoId>
        </identifiers>
      </item>
      <item>
        <lastName>Lujan Grisham</lastName>
        <firstName>Michelle</firstName>
        <sponsorshipWithdrawnDate />
        <isOriginalCosponsor>True</isOriginalCosponsor>
        <district>1</district>
        <party>D</party>
        <fullName>Rep. Lujan Grisham, Michelle [D-NM-1]</fullName>
        <middleName />
        <state>NM</state>
        <bioguideId>L000580</bioguideId>
        <sponsorshipDate>2017-02-16</sponsorshipDate>
        <identifiers>
          <lisID>2146</lisID>
          <gpoId />
          <bioguideId>L000580</bioguideId>
        </identifiers>
      </item>
      <item>
        <lastName>JOHNSON</lastName>
        <firstName>EDDIE</firstName>
        <sponsorshipWithdrawnDate />
        <isOriginalCosponsor>True</isOriginalCosponsor>
        <district>30</district>
        <party>D</party>
        <fullName>Rep. Johnson, Eddie Bernice [D-TX-30]</fullName>
        <middleName>BERNICE</middleName>
        <state>TX</state>
        <bioguideId>J000126</bioguideId>
        <sponsorshipDate>2017-02-16</sponsorshipDate>
        <identifiers>
          <bioguideId>J000126</bioguideId>
          <lisID>599</lisID>
          <gpoId>8186</gpoId>
        </identifiers>
      </item>
      <item>
        <lastName>Beatty</lastName>
        <firstName>Joyce</firstName>
        <sponsorshipWithdrawnDate />
        <isOriginalCosponsor>True</isOriginalCosponsor>
        <district>3</district>
        <party>D</party>
        <fullName>Rep. Beatty, Joyce [D-OH-3]</fullName>
        <middleName />
        <state>OH</state>
        <bioguideId>B001281</bioguideId>
        <sponsorshipDate>2017-02-16</sponsorshipDate>
        <identifiers>
          <lisID>2153</lisID>
          <bioguideId>B001281</bioguideId>
          <gpoId />
        </identifiers>
      </item>
      <item>
        <lastName>BISHOP</lastName>
        <firstName>SANFORD</firstName>
        <sponsorshipWithdrawnDate />
        <isOriginalCosponsor>True</isOriginalCosponsor>
        <district>2</district>
        <party>D</party>
        <fullName>Rep. Bishop, Sanford D., Jr. [D-GA-2]</fullName>
        <middleName>D.</middleName>
        <state>GA</state>
        <bioguideId>B000490</bioguideId>
        <sponsorshipDate>2017-02-16</sponsorshipDate>
        <identifiers>
          <lisID>91</lisID>
          <bioguideId>B000490</bioguideId>
          <gpoId>7899</gpoId>
        </identifiers>
      </item>
      <item>
        <lastName>Garamendi</lastName>
        <firstName>John</firstName>
        <sponsorshipWithdrawnDate />
        <isOriginalCosponsor>True</isOriginalCosponsor>
        <district>3</district>
        <party>D</party>
        <fullName>Rep. Garamendi, John [D-CA-3]</fullName>
        <middleName />
        <state>CA</state>
        <bioguideId>G000559</bioguideId>
        <sponsorshipDate>2017-02-16</sponsorshipDate>
        <identifiers>
          <bioguideId>G000559</bioguideId>
          <lisID>1973</lisID>
          <gpoId>7815</gpoId>
        </identifiers>
      </item>
      <item>
        <lastName>Wasserman Schultz</lastName>
        <firstName>Debbie</firstName>
        <sponsorshipWithdrawnDate />
        <isOriginalCosponsor>True</isOriginalCosponsor>
        <district>23</district>
        <party>D</party>
        <fullName>Rep. Wasserman Schultz, Debbie [D-FL-23]</fullName>
        <middleName />
        <state>FL</state>
        <bioguideId>W000797</bioguideId>
        <sponsorshipDate>2017-02-16</sponsorshipDate>
        <identifiers>
          <bioguideId>W000797</bioguideId>
          <lisID>1777</lisID>
          <gpoId>7892</gpoId>
        </identifiers>
      </item>
      <item>
        <lastName>Clark</lastName>
        <firstName>Katherine</firstName>
        <sponsorshipWithdrawnDate />
        <isOriginalCosponsor>True</isOriginalCosponsor>
        <district>5</district>
        <party>D</party>
        <fullName>Rep. Clark, Katherine M. [D-MA-5]</fullName>
        <middleName>M.</middleName>
        <state>MA</state>
        <bioguideId>C001101</bioguideId>
        <sponsorshipDate>2017-02-16</sponsorshipDate>
        <identifiers>
          <lisID>2196</lisID>
          <bioguideId>C001101</bioguideId>
          <gpoId />
        </identifiers>
      </item>
      <item>
        <lastName>Bass</lastName>
        <firstName>Karen</firstName>
        <sponsorshipWithdrawnDate />
        <isOriginalCosponsor>True</isOriginalCosponsor>
        <district>37</district>
        <party>D</party>
        <fullName>Rep. Bass, Karen [D-CA-37]</fullName>
        <middleName />
        <state>CA</state>
        <bioguideId>B001270</bioguideId>
        <sponsorshipDate>2017-02-16</sponsorshipDate>
        <identifiers>
          <bioguideId>B001270</bioguideId>
          <lisID>1996</lisID>
          <gpoId>7838</gpoId>
        </identifiers>
      </item>
      <item>
        <lastName>Lowenthal</lastName>
        <firstName>Alan</firstName>
        <sponsorshipWithdrawnDate />
        <isOriginalCosponsor>True</isOriginalCosponsor>
        <district>47</district>
        <party>D</party>
        <fullName>Rep. Lowenthal, Alan S. [D-CA-47]</fullName>
        <middleName>S.</middleName>
        <state>CA</state>
        <bioguideId>L000579</bioguideId>
        <sponsorshipDate>2017-02-16</sponsorshipDate>
        <identifiers>
          <bioguideId>L000579</bioguideId>
          <lisID>2111</lisID>
          <gpoId />
        </identifiers>
      </item>
      <item>
        <lastName>DEFAZIO</lastName>
        <firstName>PETER</firstName>
        <sponsorshipWithdrawnDate />
        <isOriginalCosponsor>True</isOriginalCosponsor>
        <district>4</district>
        <party>D</party>
        <fullName>Rep. DeFazio, Peter A. [D-OR-4]</fullName>
        <middleName>A.</middleName>
        <state>OR</state>
        <bioguideId>D000191</bioguideId>
        <sponsorshipDate>2017-02-16</sponsorshipDate>
        <identifiers>
          <bioguideId>D000191</bioguideId>
          <lisID>279</lisID>
          <gpoId>8117</gpoId>
        </identifiers>
      </item>
      <item>
        <lastName>CLAY</lastName>
        <firstName>WM.</firstName>
        <sponsorshipWithdrawnDate />
        <isOriginalCosponsor>True</isOriginalCosponsor>
        <district>1</district>
        <party>D</party>
        <fullName>Rep. Clay, Wm. Lacy [D-MO-1]</fullName>
        <middleName>LACY</middleName>
        <state>MO</state>
        <bioguideId>C001049</bioguideId>
        <sponsorshipDate>2017-02-16</sponsorshipDate>
        <identifiers>
          <lisID>1654</lisID>
          <bioguideId>C001049</bioguideId>
          <gpoId>8009</gpoId>
        </identifiers>
      </item>
      <item>
        <lastName>NAPOLITANO</lastName>
        <firstName>GRACE</firstName>
        <sponsorshipWithdrawnDate />
        <isOriginalCosponsor>True</isOriginalCosponsor>
        <district>32</district>
        <party>D</party>
        <fullName>Rep. Napolitano, Grace F. [D-CA-32]</fullName>
        <middleName>F.</middleName>
        <state>CA</state>
        <bioguideId>N000179</bioguideId>
        <sponsorshipDate>2017-02-16</sponsorshipDate>
        <identifiers>
          <bioguideId>N000179</bioguideId>
          <lisID>1602</lisID>
          <gpoId>7843</gpoId>
        </identifiers>
      </item>
      <item>
        <lastName>THOMPSON</lastName>
        <firstName>BENNIE</firstName>
        <sponsorshipWithdrawnDate />
        <isOriginalCosponsor>True</isOriginalCosponsor>
        <district>2</district>
        <party>D</party>
        <fullName>Rep. Thompson, Bennie G. [D-MS-2]</fullName>
        <middleName />
        <state>MS</state>
        <bioguideId>T000193</bioguideId>
        <sponsorshipDate>2017-02-16</sponsorshipDate>
        <identifiers>
          <gpoId>8020</gpoId>
          <bioguideId>T000193</bioguideId>
          <lisID>1151</lisID>
        </identifiers>
      </item>
      <item>
        <lastName>Raskin</lastName>
        <firstName>Jamie</firstName>
        <sponsorshipWithdrawnDate />
        <isOriginalCosponsor>True</isOriginalCosponsor>
        <district>8</district>
        <party>D</party>
        <fullName>Rep. Raskin, Jamie [D-MD-8]</fullName>
        <middleName />
        <state>MD</state>
        <bioguideId>R000606</bioguideId>
        <sponsorshipDate>2017-02-16</sponsorshipDate>
        <identifiers>
          <gpoId />
          <lisID>2332</lisID>
          <bioguideId>R000606</bioguideId>
        </identifiers>
      </item>
      <item>
        <lastName>GUTIERREZ</lastName>
        <firstName>LUIS</firstName>
        <sponsorshipWithdrawnDate />
        <isOriginalCosponsor>True</isOriginalCosponsor>
        <district>4</district>
        <party>D</party>
        <fullName>Rep. Gutierrez, Luis V. [D-IL-4]</fullName>
        <middleName>V.</middleName>
        <state>IL</state>
        <bioguideId>G000535</bioguideId>
        <sponsorshipDate>2017-02-16</sponsorshipDate>
        <identifiers>
          <lisID>478</lisID>
          <bioguideId>G000535</bioguideId>
          <gpoId>7924</gpoId>
        </identifiers>
      </item>
      <item>
        <lastName>CLYBURN</lastName>
        <firstName>JAMES</firstName>
        <sponsorshipWithdrawnDate />
        <isOriginalCosponsor>True</isOriginalCosponsor>
        <district>6</district>
        <party>D</party>
        <fullName>Rep. Clyburn, James E. [D-SC-6]</fullName>
        <middleName>E.</middleName>
        <state>SC</state>
        <bioguideId>C000537</bioguideId>
        <sponsorshipDate>2017-02-16</sponsorshipDate>
        <identifiers>
          <gpoId>8146</gpoId>
          <bioguideId>C000537</bioguideId>
          <lisID>208</lisID>
        </identifiers>
      </item>
      <item>
        <lastName>Cicilline</lastName>
        <firstName>David</firstName>
        <sponsorshipWithdrawnDate />
        <isOriginalCosponsor>True</isOriginalCosponsor>
        <district>1</district>
        <party>D</party>
        <fullName>Rep. Cicilline, David N. [D-RI-1]</fullName>
        <middleName>N.</middleName>
        <state>RI</state>
        <bioguideId>C001084</bioguideId>
        <sponsorshipDate>2017-02-16</sponsorshipDate>
        <identifiers>
          <bioguideId>C001084</bioguideId>
          <gpoId>8139</gpoId>
          <lisID>2055</lisID>
        </identifiers>
      </item>
      <item>
        <lastName>DELAURO</lastName>
        <firstName>ROSA</firstName>
        <sponsorshipWithdrawnDate />
        <isOriginalCosponsor>True</isOriginalCosponsor>
        <district>3</district>
        <party>D</party>
        <fullName>Rep. DeLauro, Rosa L. [D-CT-3]</fullName>
        <middleName />
        <state>CT</state>
        <bioguideId>D000216</bioguideId>
        <sponsorshipDate>2017-02-16</sponsorshipDate>
        <identifiers>
          <lisID>281</lisID>
          <gpoId>7868</gpoId>
          <bioguideId>D000216</bioguideId>
        </identifiers>
      </item>
      <item>
        <lastName>LEVIN</lastName>
        <firstName>SANDER</firstName>
        <sponsorshipWithdrawnDate />
        <isOriginalCosponsor>True</isOriginalCosponsor>
        <district>9</district>
        <party>D</party>
        <fullName>Rep. Levin, Sander M. [D-MI-9]</fullName>
        <middleName>M.</middleName>
        <state>MI</state>
        <bioguideId>L000263</bioguideId>
        <sponsorshipDate>2017-02-16</sponsorshipDate>
        <identifiers>
          <bioguideId>L000263</bioguideId>
          <gpoId>7997</gpoId>
          <lisID>683</lisID>
        </identifiers>
      </item>
      <item>
        <lastName>BLUMENAUER</lastName>
        <firstName>EARL</firstName>
        <sponsorshipWithdrawnDate />
        <isOriginalCosponsor>True</isOriginalCosponsor>
        <district>3</district>
        <party>D</party>
        <fullName>Rep. Blumenauer, Earl [D-OR-3]</fullName>
        <middleName />
        <state>OR</state>
        <bioguideId>B000574</bioguideId>
        <sponsorshipDate>2017-02-16</sponsorshipDate>
        <identifiers>
          <bioguideId>B000574</bioguideId>
          <gpoId>8116</gpoId>
          <lisID>99</lisID>
        </identifiers>
      </item>
      <item>
        <lastName>Pingree</lastName>
        <firstName>Chellie</firstName>
        <sponsorshipWithdrawnDate />
        <isOriginalCosponsor>True</isOriginalCosponsor>
        <district>1</district>
        <party>D</party>
        <fullName>Rep. Pingree, Chellie [D-ME-1]</fullName>
        <middleName />
        <state>ME</state>
        <bioguideId>P000597</bioguideId>
        <sponsorshipDate>2017-02-16</sponsorshipDate>
        <identifiers>
          <lisID>1927</lisID>
          <gpoId>7984</gpoId>
          <bioguideId>P000597</bioguideId>
        </identifiers>
      </item>
      <item>
        <lastName>Espaillat</lastName>
        <firstName>Adriano</firstName>
        <sponsorshipWithdrawnDate />
        <isOriginalCosponsor>True</isOriginalCosponsor>
        <district>13</district>
        <party>D</party>
        <fullName>Rep. Espaillat, Adriano [D-NY-13]</fullName>
        <middleName />
        <state>NY</state>
        <bioguideId>E000297</bioguideId>
        <sponsorshipDate>2017-02-16</sponsorshipDate>
        <identifiers>
          <lisID>2342</lisID>
          <gpoId />
          <bioguideId>E000297</bioguideId>
        </identifiers>
      </item>
      <item>
        <lastName>PALLONE</lastName>
        <firstName>FRANK</firstName>
        <sponsorshipWithdrawnDate />
        <isOriginalCosponsor>True</isOriginalCosponsor>
        <district>6</district>
        <party>D</party>
        <fullName>Rep. Pallone, Frank, Jr. [D-NJ-6]</fullName>
        <middleName />
        <state>NJ</state>
        <bioguideId>P000034</bioguideId>
        <sponsorshipDate>2017-02-16</sponsorshipDate>
        <identifiers>
          <bioguideId>P000034</bioguideId>
          <lisID>887</lisID>
          <gpoId>8048</gpoId>
        </identifiers>
      </item>
      <item>
        <lastName>SLAUGHTER</lastName>
        <firstName>LOUISE</firstName>
        <sponsorshipWithdrawnDate />
        <isOriginalCosponsor>False</isOriginalCosponsor>
        <district>25</district>
        <party>D</party>
        <fullName>Rep. Slaughter, Louise McIntosh [D-NY-25]</fullName>
        <middleName>M.</middleName>
        <state>NY</state>
        <bioguideId>S000480</bioguideId>
        <sponsorshipDate>2017-02-27</sponsorshipDate>
        <identifiers>
          <lisID>1069</lisID>
          <bioguideId>S000480</bioguideId>
          <gpoId>8089</gpoId>
        </identifiers>
      </item>
      <item>
        <lastName>JACKSON LEE</lastName>
        <firstName>SHEILA</firstName>
        <sponsorshipWithdrawnDate />
        <isOriginalCosponsor>False</isOriginalCosponsor>
        <district>18</district>
        <party>D</party>
        <fullName>Rep. Jackson Lee, Sheila [D-TX-18]</fullName>
        <middleName />
        <state>TX</state>
        <bioguideId>J000032</bioguideId>
        <sponsorshipDate>2017-03-02</sponsorshipDate>
        <identifiers>
          <bioguideId>J000032</bioguideId>
          <gpoId>8174</gpoId>
          <lisID>588</lisID>
        </identifiers>
      </item>
      <item>
        <lastName>Moulton</lastName>
        <firstName>Seth</firstName>
        <sponsorshipWithdrawnDate />
        <isOriginalCosponsor>False</isOriginalCosponsor>
        <district>6</district>
        <party>D</party>
        <fullName>Rep. Moulton, Seth [D-MA-6]</fullName>
        <middleName />
        <state>MA</state>
        <bioguideId>M001196</bioguideId>
        <sponsorshipDate>2017-03-09</sponsorshipDate>
        <identifiers>
          <bioguideId>M001196</bioguideId>
          <lisID>2246</lisID>
          <gpoId />
        </identifiers>
      </item>
      <item>
        <lastName>Higgins</lastName>
        <firstName>Brian</firstName>
        <sponsorshipWithdrawnDate />
        <isOriginalCosponsor>False</isOriginalCosponsor>
        <district>26</district>
        <party>D</party>
        <fullName>Rep. Higgins, Brian [D-NY-26]</fullName>
        <middleName />
        <state>NY</state>
        <bioguideId>H001038</bioguideId>
        <sponsorshipDate>2017-03-21</sponsorshipDate>
        <identifiers>
          <gpoId>8088</gpoId>
          <bioguideId>H001038</bioguideId>
          <lisID>1794</lisID>
        </identifiers>
      </item>
      <item>
        <lastName>MALONEY</lastName>
        <firstName>CAROLYN</firstName>
        <sponsorshipWithdrawnDate />
        <isOriginalCosponsor>False</isOriginalCosponsor>
        <district>12</district>
        <party>D</party>
        <fullName>Rep. Maloney, Carolyn B. [D-NY-12]</fullName>
        <middleName>B.</middleName>
        <state>NY</state>
        <bioguideId>M000087</bioguideId>
        <sponsorshipDate>2017-04-03</sponsorshipDate>
        <identifiers>
          <lisID>729</lisID>
          <gpoId>8075</gpoId>
          <bioguideId>M000087</bioguideId>
        </identifiers>
      </item>
    </cosponsors>
    <billType>HRES</billType>
    <recordedVotes />
    <laws />
    <committeeReports />
    <actions>
      <item>
        <links />
        <actionDate>2017-02-16</actionDate>
        <type>IntroReferral</type>
        <text>Referred to House Intelligence (Permanent)</text>
        <actionCode>H11100</actionCode>
        <sourceSystem>
          <name>House floor actions</name>
          <code>2</code>
        </sourceSystem>
        <committee>
          <systemCode>hlig00</systemCode>
          <name>Intelligence (Permanent Select) Committee</name>
        </committee>
      </item>
      <item>
        <links />
        <actionDate>2017-02-16</actionDate>
        <type>IntroReferral</type>
        <text>Referred to House Foreign Affairs</text>
        <actionCode>H11100</actionCode>
        <sourceSystem>
          <name>House floor actions</name>
          <code>2</code>
        </sourceSystem>
        <committee>
          <systemCode>hsfa00</systemCode>
          <name>Foreign Affairs Committee</name>
        </committee>
      </item>
      <item>
        <links />
        <actionDate>2017-02-16</actionDate>
        <type>IntroReferral</type>
        <text>Referred to House Armed Services</text>
        <actionCode>H11100</actionCode>
        <sourceSystem>
          <name>House floor actions</name>
          <code>2</code>
        </sourceSystem>
        <committee>
          <systemCode>hsas00</systemCode>
          <name>Armed Services Committee</name>
        </committee>
      </item>
      <item>
        <links />
        <actionDate>2017-02-16</actionDate>
        <type>IntroReferral</type>
        <text>Referred to the Committee on Armed Services, and in addition to the Committees on Foreign Affairs, and Intelligence (Permanent Select), for a period to be subsequently determined by the Speaker, in each case for consideration of such provisions as fall within the jurisdiction of the committee concerned.</text>
        <actionCode>H11100-A</actionCode>
        <sourceSystem>
          <name>Library of Congress</name>
          <code>9</code>
        </sourceSystem>
        <committee />
      </item>
      <item>
        <links />
        <actionDate>2017-02-16</actionDate>
        <type>IntroReferral</type>
        <text>Introduced in House</text>
        <actionCode>Intro-H</actionCode>
        <sourceSystem>
          <name>Library of Congress</name>
          <code>9</code>
        </sourceSystem>
        <committee />
      </item>
      <item>
        <links />
        <actionDate>2017-02-16</actionDate>
        <type>IntroReferral</type>
        <text>Introduced in House</text>
        <actionCode>1000</actionCode>
        <sourceSystem>
          <name>Library of Congress</name>
          <code>9</code>
        </sourceSystem>
        <committee />
      </item>
      <actionByCounts>
        <houseOfRepresentatives>6</houseOfRepresentatives>
      </actionByCounts>
      <actionTypeCounts>
        <billReferrals>3</billReferrals>
        <billReferralsAggregate>1</billReferralsAggregate>
        <introducedInTheHouse>1</introducedInTheHouse>
        <introducedInHouse>1</introducedInHouse>
      </actionTypeCounts>
    </actions>
    <createDate>2017-02-17T04:46:07Z</createDate>
    <version>1.0.0</version>
    <notes />
    <latestAction>
      <actionDate>2017-02-16</actionDate>
      <text>Referred to House Intelligence (Permanent)</text>
      <links />
    </latestAction>
    <title>Condemning the appointment of Steve Bannon to the National Security Council and urging his immediate removal.</title>
    <summaries>
      <billSummaries>
        <item>
          <text><![CDATA[<p>Condemns the permanent position of Steve Bannon on the National Security Council (NSC).</p> <p>Urges: (1) President Trump to remove Bannon from the NSC, and (2) Congress to expend any necessary resources to protect U.S. national security and remove Bannon from such position.</p>]]></text>
          <versionCode>00</versionCode>
          <actionDate>2017-02-16</actionDate>
          <name>Introduced in House</name>
          <actionDesc>Introduced in House</actionDesc>
          <lastSummaryUpdateDate>2017-04-24T19:46:59Z</lastSummaryUpdateDate>
          <updateDate>2017-02-16T05:00:00Z</updateDate>
        </item>
      </billSummaries>
    </summaries>
    <congress>115</congress>
    <policyArea>
      <name>Armed Forces and National Security</name>
    </policyArea>
    <billNumber>140</billNumber>
    <calendarNumbers />
    <cboCostEstimates />
    <introducedDate>2017-02-16</introducedDate>
    <relatedBills />
    <committees>
      <billCommittees>
        <item>
          <chamber>House</chamber>
          <subcommittees />
          <type>Select</type>
          <activities>
            <item>
              <date>2017-02-16T15:04:15Z</date>
              <name>Referred to</name>
            </item>
          </activities>
          <systemCode>hlig00</systemCode>
          <name>Intelligence (Permanent Select) Committee</name>
        </item>
        <item>
          <chamber>House</chamber>
          <subcommittees />
          <type>Standing</type>
          <activities>
            <item>
              <date>2017-02-16T15:04:10Z</date>
              <name>Referred to</name>
            </item>
          </activities>
          <systemCode>hsfa00</systemCode>
          <name>Foreign Affairs Committee</name>
        </item>
        <item>
          <chamber>House</chamber>
          <subcommittees />
          <type>Standing</type>
          <activities>
            <item>
              <date>2017-02-16T15:04:05Z</date>
              <name>Referred to</name>
            </item>
          </activities>
          <systemCode>hsas00</systemCode>
          <name>Armed Services Committee</name>
        </item>
      </billCommittees>
    </committees>
    <titles>
      <item>
        <parentTitleType />
        <chamberCode />
        <chamberName />
        <titleType>Official Title as Introduced</titleType>
        <title>Condemning the appointment of Steve Bannon to the National Security Council and urging his immediate removal.</title>
      </item>
      <item>
        <parentTitleType />
        <chamberCode />
        <chamberName />
        <titleType>Display Title</titleType>
        <title>Condemning the appointment of Steve Bannon to the National Security Council and urging his immediate removal.</title>
      </item>
    </titles>
    <sponsors>
      <item>
        <fullName>Rep. Lee, Barbara [D-CA-13]</fullName>
        <middleName />
        <district>13</district>
        <byRequestType />
        <firstName>BARBARA</firstName>
        <bioguideId>L000551</bioguideId>
        <state>CA</state>
        <party>D</party>
        <lastName>LEE</lastName>
        <identifiers>
          <lisID>1501</lisID>
          <gpoId>7814</gpoId>
          <bioguideId>L000551</bioguideId>
        </identifiers>
      </item>
    </sponsors>
    <updateDate>2018-02-06T16:39:36Z</updateDate>
    <amendments />
  </bill>
  <dublinCore xmlns:dc="http://purl.org/dc/elements/1.1/">
    <dc:format>text/xml</dc:format>
    <dc:language>EN</dc:language>
    <dc:rights>Pursuant to Title 17 Section 105 of the United States Code, this file is not subject to copyright protection and is in the public domain.</dc:rights>
    <dc:contributor>Congressional Research Service, Library of Congress</dc:contributor>
    <dc:description>This file contains bill summaries and statuses for federal legislation. A bill summary describes the most significant provisions of a piece of legislation and details the effects the legislative text may have on current law and federal programs. Bill summaries are authored by the Congressional Research Service (CRS) of the Library of Congress. As stated in Public Law 91-510 (2 USC 166 (d)(6)), one of the duties of CRS is "to prepare summaries and digests of bills and resolutions of a public general nature introduced in the Senate or House of Representatives". For more information, refer to the User Guide that accompanies this file.</dc:description>
  </dublinCore>
</billStatus>

