<?xml version="1.0" encoding="UTF-8"?>
<billStatus>
  <bill>
    <policyArea>
      <name>Foreign Trade and International Finance</name>
    </policyArea>
    <introducedDate>2017-03-30</introducedDate>
    <cosponsors>
      <item>
        <bioguideId>Y000065</bioguideId>
        <district>3</district>
        <isOriginalCosponsor>True</isOriginalCosponsor>
        <sponsorshipWithdrawnDate />
        <lastName>Yoho</lastName>
        <state>FL</state>
        <fullName>Rep. Yoho, Ted S. [R-FL-3]</fullName>
        <sponsorshipDate>2017-03-30</sponsorshipDate>
        <middleName>S.</middleName>
        <firstName>Ted</firstName>
        <party>R</party>
        <identifiers>
          <lisID>2115</lisID>
          <gpoId />
          <bioguideId>Y000065</bioguideId>
        </identifiers>
      </item>
      <item>
        <bioguideId>T000462</bioguideId>
        <district>12</district>
        <isOriginalCosponsor>True</isOriginalCosponsor>
        <sponsorshipWithdrawnDate />
        <lastName>TIBERI</lastName>
        <state>OH</state>
        <fullName>Rep. Tiberi, Patrick J. [R-OH-12]</fullName>
        <sponsorshipDate>2017-03-30</sponsorshipDate>
        <middleName>J.</middleName>
        <firstName>PATRICK</firstName>
        <party>R</party>
        <identifiers>
          <lisID>1664</lisID>
          <gpoId>8102</gpoId>
          <bioguideId>T000462</bioguideId>
        </identifiers>
      </item>
      <item>
        <bioguideId>J000290</bioguideId>
        <district>2</district>
        <isOriginalCosponsor>True</isOriginalCosponsor>
        <sponsorshipWithdrawnDate />
        <lastName>Jenkins</lastName>
        <state>KS</state>
        <fullName>Rep. Jenkins, Lynn [R-KS-2]</fullName>
        <sponsorshipDate>2017-03-30</sponsorshipDate>
        <middleName />
        <firstName>Lynn</firstName>
        <party>R</party>
        <identifiers>
          <lisID>1921</lisID>
          <bioguideId>J000290</bioguideId>
          <gpoId>7950</gpoId>
        </identifiers>
      </item>
      <item>
        <bioguideId>B001298</bioguideId>
        <district>2</district>
        <isOriginalCosponsor>True</isOriginalCosponsor>
        <sponsorshipWithdrawnDate />
        <lastName>Bacon</lastName>
        <state>NE</state>
        <fullName>Rep. Bacon, Don [R-NE-2]</fullName>
        <sponsorshipDate>2017-03-30</sponsorshipDate>
        <middleName />
        <firstName>Don</firstName>
        <party>R</party>
        <identifiers>
          <bioguideId>B001298</bioguideId>
          <gpoId />
          <lisID>2337</lisID>
        </identifiers>
      </item>
      <item>
        <bioguideId>B001295</bioguideId>
        <district>12</district>
        <isOriginalCosponsor>True</isOriginalCosponsor>
        <sponsorshipWithdrawnDate />
        <lastName>Bost</lastName>
        <state>IL</state>
        <fullName>Rep. Bost, Mike [R-IL-12]</fullName>
        <sponsorshipDate>2017-03-30</sponsorshipDate>
        <middleName />
        <firstName>Mike</firstName>
        <party>R</party>
        <identifiers>
          <lisID>2243</lisID>
          <bioguideId>B001295</bioguideId>
          <gpoId />
        </identifiers>
      </item>
      <item>
        <bioguideId>G000563</bioguideId>
        <district>7</district>
        <isOriginalCosponsor>True</isOriginalCosponsor>
        <sponsorshipWithdrawnDate />
        <lastName>Gibbs</lastName>
        <state>OH</state>
        <fullName>Rep. Gibbs, Bob [R-OH-7]</fullName>
        <sponsorshipDate>2017-03-30</sponsorshipDate>
        <middleName />
        <firstName>Bob</firstName>
        <party>R</party>
        <identifiers>
          <gpoId>8108</gpoId>
          <lisID>2049</lisID>
          <bioguideId>G000563</bioguideId>
        </identifiers>
      </item>
      <item>
        <bioguideId>K000362</bioguideId>
        <district>4</district>
        <isOriginalCosponsor>True</isOriginalCosponsor>
        <sponsorshipWithdrawnDate />
        <lastName>King</lastName>
        <state>IA</state>
        <fullName>Rep. King, Steve [R-IA-4]</fullName>
        <sponsorshipDate>2017-03-30</sponsorshipDate>
        <middleName />
        <firstName>Steve</firstName>
        <party>R</party>
        <identifiers>
          <lisID>1724</lisID>
          <gpoId>7918</gpoId>
          <bioguideId>K000362</bioguideId>
        </identifiers>
      </item>
      <item>
        <bioguideId>M001198</bioguideId>
        <district>1</district>
        <isOriginalCosponsor>True</isOriginalCosponsor>
        <sponsorshipWithdrawnDate />
        <lastName>Marshall</lastName>
        <state>KS</state>
        <fullName>Rep. Marshall, Roger W. [R-KS-1]</fullName>
        <sponsorshipDate>2017-03-30</sponsorshipDate>
        <middleName>W.</middleName>
        <firstName>Roger</firstName>
        <party>R</party>
        <identifiers>
          <lisID>2328</lisID>
          <bioguideId>M001198</bioguideId>
          <gpoId />
        </identifiers>
      </item>
      <item>
        <bioguideId>P000594</bioguideId>
        <district>3</district>
        <isOriginalCosponsor>True</isOriginalCosponsor>
        <sponsorshipWithdrawnDate />
        <lastName>Paulsen</lastName>
        <state>MN</state>
        <fullName>Rep. Paulsen, Erik [R-MN-3]</fullName>
        <sponsorshipDate>2017-03-30</sponsorshipDate>
        <middleName />
        <firstName>Erik</firstName>
        <party>R</party>
        <identifiers>
          <gpoId>8003</gpoId>
          <lisID>1930</lisID>
          <bioguideId>P000594</bioguideId>
        </identifiers>
      </item>
      <item>
        <bioguideId>S000244</bioguideId>
        <district>5</district>
        <isOriginalCosponsor>True</isOriginalCosponsor>
        <sponsorshipWithdrawnDate />
        <lastName>SENSENBRENNER</lastName>
        <state>WI</state>
        <fullName>Rep. Sensenbrenner, F. James, Jr. [R-WI-5]</fullName>
        <sponsorshipDate>2017-03-30</sponsorshipDate>
        <middleName>JAMES</middleName>
        <firstName>F.</firstName>
        <party>R</party>
        <identifiers>
          <lisID>1041</lisID>
          <bioguideId>S000244</bioguideId>
          <gpoId>8218</gpoId>
        </identifiers>
      </item>
      <item>
        <bioguideId>W000812</bioguideId>
        <district>2</district>
        <isOriginalCosponsor>True</isOriginalCosponsor>
        <sponsorshipWithdrawnDate />
        <lastName>Wagner</lastName>
        <state>MO</state>
        <fullName>Rep. Wagner, Ann [R-MO-2]</fullName>
        <sponsorshipDate>2017-03-30</sponsorshipDate>
        <middleName />
        <firstName>Ann</firstName>
        <party>R</party>
        <identifiers>
          <lisID>2137</lisID>
          <bioguideId>W000812</bioguideId>
          <gpoId />
        </identifiers>
      </item>
      <item>
        <bioguideId>L000569</bioguideId>
        <district>3</district>
        <isOriginalCosponsor>False</isOriginalCosponsor>
        <sponsorshipWithdrawnDate />
        <lastName>Luetkemeyer</lastName>
        <state>MO</state>
        <fullName>Rep. Luetkemeyer, Blaine [R-MO-3]</fullName>
        <sponsorshipDate>2017-05-16</sponsorshipDate>
        <middleName />
        <firstName>Blaine</firstName>
        <party>R</party>
        <identifiers>
          <lisID>1931</lisID>
          <gpoId>8017</gpoId>
          <bioguideId>L000569</bioguideId>
        </identifiers>
      </item>
      <item>
        <bioguideId>L000491</bioguideId>
        <district>3</district>
        <isOriginalCosponsor>False</isOriginalCosponsor>
        <sponsorshipWithdrawnDate />
        <lastName>LUCAS</lastName>
        <state>OK</state>
        <fullName>Rep. Lucas, Frank D. [R-OK-3]</fullName>
        <sponsorshipDate>2017-05-16</sponsorshipDate>
        <middleName>D.</middleName>
        <firstName>FRANK</firstName>
        <party>R</party>
        <identifiers>
          <gpoId>8111</gpoId>
          <bioguideId>L000491</bioguideId>
          <lisID>711</lisID>
        </identifiers>
      </item>
      <item>
        <bioguideId>Y000066</bioguideId>
        <district>3</district>
        <isOriginalCosponsor>False</isOriginalCosponsor>
        <sponsorshipWithdrawnDate />
        <lastName>Young</lastName>
        <state>IA</state>
        <fullName>Rep. Young, David [R-IA-3]</fullName>
        <sponsorshipDate>2017-08-01</sponsorshipDate>
        <middleName />
        <firstName>David</firstName>
        <party>R</party>
        <identifiers>
          <lisID>2242</lisID>
          <gpoId />
          <bioguideId>Y000066</bioguideId>
        </identifiers>
      </item>
      <item>
        <bioguideId>B001282</bioguideId>
        <district>6</district>
        <isOriginalCosponsor>False</isOriginalCosponsor>
        <sponsorshipWithdrawnDate />
        <lastName>Barr</lastName>
        <state>KY</state>
        <fullName>Rep. Barr, Andy [R-KY-6]</fullName>
        <sponsorshipDate>2017-10-23</sponsorshipDate>
        <middleName />
        <firstName>Andy</firstName>
        <party>R</party>
        <identifiers>
          <gpoId />
          <bioguideId>B001282</bioguideId>
          <lisID>2131</lisID>
        </identifiers>
      </item>
    </cosponsors>
    <titles>
      <item>
        <chamberCode />
        <chamberName />
        <parentTitleType />
        <titleType>Official Title as Introduced</titleType>
        <title>Recognizing the importance of the United States-Japan partnership and supporting the pursuit of closer trade ties between the United States and Japan.</title>
      </item>
      <item>
        <chamberCode />
        <chamberName />
        <parentTitleType />
        <titleType>Display Title</titleType>
        <title>Recognizing the importance of the United States-Japan partnership and supporting the pursuit of closer trade ties between the United States and Japan.</title>
      </item>
    </titles>
    <congress>115</congress>
    <recordedVotes />
    <amendments />
    <laws />
    <cboCostEstimates />
    <actions>
      <item>
        <actionDate>2017-03-31</actionDate>
        <committee>
          <systemCode>hswm04</systemCode>
          <name>Trade Subcommittee</name>
        </committee>
        <links />
        <sourceSystem>
          <name>House committee actions</name>
          <code>1</code>
        </sourceSystem>
        <text>Referred to the Subcommittee on Trade.</text>
        <type>Committee</type>
      </item>
      <item>
        <links />
        <actionDate>2017-03-30</actionDate>
        <type>IntroReferral</type>
        <text>Referred to the House Committee on Ways and Means.</text>
        <actionCode>H11100</actionCode>
        <sourceSystem>
          <name>House floor actions</name>
          <code>2</code>
        </sourceSystem>
        <committee>
          <systemCode>hswm00</systemCode>
          <name>Ways and Means Committee</name>
        </committee>
      </item>
      <item>
        <links />
        <actionDate>2017-03-30</actionDate>
        <type>IntroReferral</type>
        <text>Introduced in House</text>
        <actionCode>Intro-H</actionCode>
        <sourceSystem>
          <name>Library of Congress</name>
          <code>9</code>
        </sourceSystem>
        <committee />
      </item>
      <item>
        <links />
        <actionDate>2017-03-30</actionDate>
        <type>IntroReferral</type>
        <text>Introduced in House</text>
        <actionCode>1000</actionCode>
        <sourceSystem>
          <name>Library of Congress</name>
          <code>9</code>
        </sourceSystem>
        <committee />
      </item>
      <actionByCounts>
        <houseOfRepresentatives>4</houseOfRepresentatives>
      </actionByCounts>
      <actionTypeCounts>
        <billReferrals>1</billReferrals>
        <placeholderTextForH>1</placeholderTextForH>
        <introducedInTheHouse>1</introducedInTheHouse>
        <introducedInHouse>1</introducedInHouse>
      </actionTypeCounts>
    </actions>
    <updateDate>2018-02-06T16:39:41Z</updateDate>
    <summaries>
      <billSummaries>
        <item>
          <lastSummaryUpdateDate>2017-06-15T21:24:33Z</lastSummaryUpdateDate>
          <updateDate>2017-03-30T04:00:00Z</updateDate>
          <versionCode>00</versionCode>
          <text><![CDATA[<p>Calls upon the President to: (1) consult with the House of Representatives and the Senate to consider opportunities to promote further economic and commercial activity and cooperation between the United States and Japan; (2) invite Japan to begin discussions toward establishing the basis for closer trade ties with the United States; and (3) determine whether negotiation of a trade agreement with Japan would be likely to achieve the negotiating objectives established by the Bipartisan Congressional Trade Priorities and Accountability Act of 2015 and, if so, to commence such negotiations.</p>]]></text>
          <name>Introduced in House</name>
          <actionDesc>Introduced in House</actionDesc>
          <actionDate>2017-03-30</actionDate>
        </item>
      </billSummaries>
    </summaries>
    <title>Recognizing the importance of the United States-Japan partnership and supporting the pursuit of closer trade ties between the United States and Japan.</title>
    <calendarNumbers />
    <originChamber>House</originChamber>
    <constitutionalAuthorityStatementText />
    <notes />
    <billType>HRES</billType>
    <committees>
      <billCommittees>
        <item>
          <chamber>House</chamber>
          <name>Ways and Means Committee</name>
          <systemCode>hswm00</systemCode>
          <type>Standing</type>
          <subcommittees>
            <item>
              <systemCode>hswm04</systemCode>
              <name>Trade Subcommittee</name>
              <activities>
                <item>
                  <name>Referred to</name>
                  <date>2017-03-31T13:36:46Z</date>
                </item>
              </activities>
            </item>
          </subcommittees>
          <activities>
            <item>
              <name>Referred to</name>
              <date>2017-03-30T13:07:25Z</date>
            </item>
          </activities>
        </item>
      </billCommittees>
    </committees>
    <latestAction>
      <text>Referred to the Subcommittee on Trade.</text>
      <actionDate>2017-03-31</actionDate>
      <links />
    </latestAction>
    <committeeReports />
    <billNumber>236</billNumber>
    <sponsors>
      <item>
        <byRequestType />
        <state>NE</state>
        <bioguideId>S001172</bioguideId>
        <identifiers>
          <lisID>1860</lisID>
          <gpoId>8040</gpoId>
          <bioguideId>S001172</bioguideId>
        </identifiers>
        <fullName>Rep. Smith, Adrian [R-NE-3]</fullName>
        <district>3</district>
        <lastName>Smith</lastName>
        <firstName>Adrian</firstName>
        <middleName />
        <party>R</party>
      </item>
    </sponsors>
    <subjects>
      <billSubjects>
        <policyArea>
          <name>Foreign Trade and International Finance</name>
        </policyArea>
        <legislativeSubjects>
          <item>
            <name>Asia</name>
          </item>
          <item>
            <name>Congressional oversight</name>
          </item>
          <item>
            <name>Free trade and trade barriers</name>
          </item>
          <item>
            <name>Japan</name>
          </item>
          <item>
            <name>Tariffs</name>
          </item>
          <item>
            <name>Trade agreements and negotiations</name>
          </item>
        </legislativeSubjects>
      </billSubjects>
    </subjects>
    <createDate>2017-03-31T05:06:59Z</createDate>
    <version>1.0.0</version>
    <relatedBills />
  </bill>
  <dublinCore xmlns:dc="http://purl.org/dc/elements/1.1/">
    <dc:format>text/xml</dc:format>
    <dc:language>EN</dc:language>
    <dc:rights>Pursuant to Title 17 Section 105 of the United States Code, this file is not subject to copyright protection and is in the public domain.</dc:rights>
    <dc:contributor>Congressional Research Service, Library of Congress</dc:contributor>
    <dc:description>This file contains bill summaries and statuses for federal legislation. A bill summary describes the most significant provisions of a piece of legislation and details the effects the legislative text may have on current law and federal programs. Bill summaries are authored by the Congressional Research Service (CRS) of the Library of Congress. As stated in Public Law 91-510 (2 USC 166 (d)(6)), one of the duties of CRS is "to prepare summaries and digests of bills and resolutions of a public general nature introduced in the Senate or House of Representatives". For more information, refer to the User Guide that accompanies this file.</dc:description>
  </dublinCore>
</billStatus>

