<?xml version="1.0" encoding="UTF-8"?>
<billStatus>
  <bill>
    <introducedDate>2017-06-06</introducedDate>
    <committees>
      <billCommittees>
        <item>
          <systemCode>hsru00</systemCode>
          <chamber>House</chamber>
          <type>Standing</type>
          <name>Rules Committee</name>
          <subcommittees />
          <activities>
            <item>
              <date>2017-06-06T23:27:05Z</date>
              <name>Reported original measure</name>
            </item>
          </activities>
        </item>
      </billCommittees>
    </committees>
    <billType>HRES</billType>
    <actions>
      <actionByCounts>
        <houseOfRepresentatives>13</houseOfRepresentatives>
      </actionByCounts>
      <item>
        <committee />
        <links />
        <text>Motion to reconsider laid on the table Agreed to without objection.</text>
        <actionDate>2017-06-07</actionDate>
        <actionTime>14:50:22</actionTime>
        <actionCode>H38310</actionCode>
        <sourceSystem>
          <code>2</code>
          <name>House floor actions</name>
        </sourceSystem>
        <type>Floor</type>
      </item>
      <item>
        <committee />
        <links>
          <link>
            <name>H4664</name>
            <url>https://www.congress.gov/congressional-record/volume-163/house-section/page/H4664</url>
          </link>
          <link>
            <name>Roll no. 291</name>
            <url>http://clerk.house.gov/evs/2017/roll291.xml</url>
          </link>
        </links>
        <text>On agreeing to the resolution Agreed to by the Yeas and Nays: 231 - 188 (Roll no. 291). (text: CR H4664)</text>
        <actionDate>2017-06-07</actionDate>
        <actionTime>14:50:20</actionTime>
        <actionCode>H37100</actionCode>
        <sourceSystem>
          <code>2</code>
          <name>House floor actions</name>
        </sourceSystem>
        <type>Floor</type>
      </item>
      <item>
        <committee />
        <links>
          <link>
            <name>Roll no. 291</name>
            <url>http://clerk.house.gov/evs/2017/roll291.xml</url>
          </link>
        </links>
        <text>Passed/agreed to in House: On agreeing to the resolution Agreed to by the Yeas and Nays: 231 - 188 (Roll no. 291).</text>
        <actionDate>2017-06-07</actionDate>
        <actionTime>14:50:20</actionTime>
        <actionCode>8000</actionCode>
        <sourceSystem>
          <code>9</code>
          <name>Library of Congress</name>
        </sourceSystem>
        <type>Floor</type>
      </item>
      <item>
        <committee />
        <links>
          <link>
            <name>H4673-4674</name>
            <url>https://www.congress.gov/congressional-record/volume-163/house-section/page/H4673-4674</url>
          </link>
          <link>
            <name>Roll no. 290</name>
            <url>http://clerk.house.gov/evs/2017/roll290.xml</url>
          </link>
        </links>
        <text>On ordering the previous question Agreed to by the Yeas and Nays: 228 - 185 (Roll no. 290). (consideration: CR H4673-4674)</text>
        <actionDate>2017-06-07</actionDate>
        <actionTime>14:44:25</actionTime>
        <actionCode>H35000</actionCode>
        <sourceSystem>
          <code>2</code>
          <name>House floor actions</name>
        </sourceSystem>
        <type>Floor</type>
      </item>
      <item>
        <committee />
        <links>
          <link>
            <name>H4673-4674</name>
            <url>https://www.congress.gov/congressional-record/volume-163/house-section/page/H4673-4674</url>
          </link>
        </links>
        <text>Considered as unfinished business. (consideration: CR H4673-4674)</text>
        <actionDate>2017-06-07</actionDate>
        <actionTime>14:37:31</actionTime>
        <actionCode>H30000</actionCode>
        <sourceSystem>
          <code>2</code>
          <name>House floor actions</name>
        </sourceSystem>
        <type>Floor</type>
      </item>
      <item>
        <committee />
        <links>
          <link>
            <name>H. Res. 375</name>
            <url>https://www.congress.gov/bill/115th-congress/house-resolution/375</url>
          </link>
        </links>
        <text>POSTPONED PROCEEDINGS - At the conclusion of debate on H. Res. 375, the Chair put the question on ordering the previous question, and by voice vote announced that the ayes had prevailed. Ms. Slaughter demanded the yeas and nays, and the Chair postponed further proceedings on the question of ordering the previous question until later in the legislative day.</text>
        <actionDate>2017-06-07</actionDate>
        <actionTime>13:55:59</actionTime>
        <actionCode>H8D000</actionCode>
        <sourceSystem>
          <code>2</code>
          <name>House floor actions</name>
        </sourceSystem>
        <type>Floor</type>
      </item>
      <item>
        <committee />
        <links>
          <link>
            <name>H. Res. 375</name>
            <url>https://www.congress.gov/bill/115th-congress/house-resolution/375</url>
          </link>
        </links>
        <text>DEBATE - The House proceeded with one hour of debate on H. Res. 375.</text>
        <actionDate>2017-06-07</actionDate>
        <actionTime>13:06:22</actionTime>
        <actionCode>H8D000</actionCode>
        <sourceSystem>
          <code>2</code>
          <name>House floor actions</name>
        </sourceSystem>
        <type>Floor</type>
      </item>
      <item>
        <committee />
        <links>
          <link>
            <name>H4664-4671</name>
            <url>https://www.congress.gov/congressional-record/volume-163/house-section/page/H4664-4671</url>
          </link>
        </links>
        <text>Considered as privileged matter. (consideration: CR H4664-4671)</text>
        <actionDate>2017-06-07</actionDate>
        <actionTime>13:03:43</actionTime>
        <actionCode>H30000</actionCode>
        <sourceSystem>
          <code>2</code>
          <name>House floor actions</name>
        </sourceSystem>
        <type>Floor</type>
      </item>
      <item>
        <committee />
        <links />
        <text>Placed on the House Calendar, Calendar No. 54.</text>
        <actionDate>2017-06-06</actionDate>
        <type>Calendars</type>
        <actionCode>H12420</actionCode>
        <sourceSystem>
          <code>2</code>
          <name>House floor actions</name>
        </sourceSystem>
      </item>
      <item>
        <committee />
        <links>
          <link>
            <name>H.R. 10</name>
            <url>https://www.congress.gov/bill/115th-congress/house-bill/10</url>
          </link>
        </links>
        <text>Rule provides for consideration of H.R. 10 with 1 hour and 30 minutes of general debate. Previous question shall be considered as ordered without intervening motions except motion to recommit with or without instructions. Measure will be considered read. Specified amendments are in order.</text>
        <actionDate>2017-06-06</actionDate>
        <actionTime>19:27:06</actionTime>
        <actionCode>H12700</actionCode>
        <sourceSystem>
          <code>2</code>
          <name>House floor actions</name>
        </sourceSystem>
        <type>Floor</type>
      </item>
      <item>
        <committee>
          <name>Rules Committee</name>
          <systemCode>hsru00</systemCode>
        </committee>
        <links>
          <link>
            <name>H. Rept. 115-163</name>
            <url>https://www.congress.gov/congressional-report/115th-congress/house-report/163</url>
          </link>
        </links>
        <text>The House Committee on Rules reported an original measure, H. Rept. 115-163, by Mr. Buck.</text>
        <actionDate>2017-06-06</actionDate>
        <type>Committee</type>
        <actionCode>H12100</actionCode>
        <sourceSystem>
          <code>2</code>
          <name>House floor actions</name>
        </sourceSystem>
      </item>
      <item>
        <committee>
          <name>Rules Committee</name>
          <systemCode>hsru00</systemCode>
        </committee>
        <links>
          <link>
            <name>H. Rept. 115-163</name>
            <url>https://www.congress.gov/congressional-report/115th-congress/house-report/163</url>
          </link>
        </links>
        <text>The House Committee on Rules reported an original measure, H. Rept. 115-163, by Mr. Buck.</text>
        <actionDate>2017-06-06</actionDate>
        <type>Committee</type>
        <actionCode>5000</actionCode>
        <sourceSystem>
          <code>9</code>
          <name>Library of Congress</name>
        </sourceSystem>
      </item>
      <item>
        <committee />
        <links />
        <text>Introduced in House</text>
        <actionDate>2017-06-06</actionDate>
        <type>IntroReferral</type>
        <actionCode>1000</actionCode>
        <sourceSystem>
          <code>9</code>
          <name>Library of Congress</name>
        </sourceSystem>
      </item>
      <actionTypeCounts>
        <motionToReconsiderResults>1</motionToReconsiderResults>
        <passedAgreedToInHouse>1</passedAgreedToInHouse>
        <motionForPreviousQuestion>1</motionForPreviousQuestion>
        <passageOfAMeasure>1</passageOfAMeasure>
        <generalDebate>2</generalDebate>
        <considerationByHouse>2</considerationByHouse>
        <introducedInHouse>1</introducedInHouse>
        <houseCalendarAssignment>1</houseCalendarAssignment>
        <provisionsOfARule>1</provisionsOfARule>
        <reportedToHouse>1</reportedToHouse>
        <committeeReportOfAnOriginalMeasure>1</committeeReportOfAnOriginalMeasure>
      </actionTypeCounts>
    </actions>
    <summaries>
      <billSummaries>
        <item>
          <lastSummaryUpdateDate>2017-06-07T08:05:29Z</lastSummaryUpdateDate>
          <text><![CDATA[Sets forth the rule for consideration of the bill (H.R. 10) to create hope and opportunity for investors, consumers, and entrepreneurs by ending bailouts and Too Big to Fail, holding Washington and Wall Street accountable, eliminating red tape to increase access to capital and credit, and repealing the provisions of the Dodd-Frank Act that make America less prosperous, less stable, and less free.]]></text>
          <actionDesc>Introduced in House</actionDesc>
          <actionDate>2017-06-06</actionDate>
          <name>Introduced in House</name>
          <updateDate>2017-06-06T04:00:00Z</updateDate>
          <versionCode>00</versionCode>
        </item>
      </billSummaries>
    </summaries>
    <updateDate>2018-02-22T15:26:51Z</updateDate>
    <amendments />
    <subjects>
      <billSubjects>
        <legislativeSubjects>
          <item>
            <name>House of Representatives</name>
          </item>
          <item>
            <name>Legislative rules and procedure</name>
          </item>
        </legislativeSubjects>
        <policyArea>
          <name>Congress</name>
        </policyArea>
      </billSubjects>
    </subjects>
    <calendarNumbers>
      <item>
        <number />
        <calendar>H00054</calendar>
      </item>
    </calendarNumbers>
    <cosponsors />
    <titles>
      <item>
        <chamberName />
        <title>Providing for consideration of the bill (H.R. 10) to create hope and opportunity for investors, consumers, and entrepreneurs by ending bailouts and Too Big to Fail, holding Washington and Wall Street accountable, eliminating red tape to increase access to capital and credit, and repealing the provisions of the Dodd-Frank Act that make America less prosperous, less stable, and less free, and for other purposes.</title>
        <titleType>Official Title as Introduced</titleType>
        <chamberCode />
        <parentTitleType />
      </item>
      <item>
        <chamberName />
        <title>Providing for consideration of the bill (H.R. 10) to create hope and opportunity for investors, consumers, and entrepreneurs by ending bailouts and Too Big to Fail, holding Washington and Wall Street accountable, eliminating red tape to increase access to capital and credit, and repealing the provisions of the Dodd-Frank Act that make America less prosperous, less stable, and less free, and for other purposes.</title>
        <titleType>Display Title</titleType>
        <chamberCode />
        <parentTitleType />
      </item>
    </titles>
    <relatedBills>
      <item>
        <latestTitle>Financial CHOICE Act of 2017</latestTitle>
        <latestAction>
          <actionDate>2017-07-13</actionDate>
          <text>Committee on Banking, Housing, and Urban Affairs. Hearings held. Hearings printed: S.Hrg. 115-108.</text>
        </latestAction>
        <congress>115</congress>
        <number>10</number>
        <type>HR</type>
        <relationshipDetails>
          <item>
            <type>Procedurally-related</type>
            <identifiedBy>House</identifiedBy>
          </item>
        </relationshipDetails>
      </item>
    </relatedBills>
    <policyArea>
      <name>Congress</name>
    </policyArea>
    <version>1.0.0</version>
    <latestAction>
      <actionTime>14:50:22</actionTime>
      <actionDate>2017-06-07</actionDate>
      <links />
      <text>Motion to reconsider laid on the table Agreed to without objection.</text>
    </latestAction>
    <constitutionalAuthorityStatementText />
    <originChamber>House</originChamber>
    <sponsors>
      <item>
        <district>4</district>
        <state>CO</state>
        <fullName>Rep. Buck, Ken [R-CO-4]</fullName>
        <bioguideId>B001297</bioguideId>
        <firstName>Ken</firstName>
        <byRequestType />
        <party>R</party>
        <middleName />
        <identifiers>
          <bioguideId>B001297</bioguideId>
          <gpoId />
          <lisID>2233</lisID>
        </identifiers>
        <lastName>Buck</lastName>
      </item>
    </sponsors>
    <cboCostEstimates />
    <createDate>2017-06-07T03:11:36Z</createDate>
    <congress>115</congress>
    <recordedVotes>
      <recordedVote>
        <congress>115</congress>
        <rollNumber>291</rollNumber>
        <fullActionName>Passage of a Measure</fullActionName>
        <sessionNumber>1</sessionNumber>
        <date>2017-06-07T18:50:20Z</date>
        <url>http://clerk.house.gov/evs/2017/roll291.xml</url>
        <chamber>House</chamber>
      </recordedVote>
      <recordedVote>
        <congress>115</congress>
        <rollNumber>290</rollNumber>
        <fullActionName>Motion for Previous Question</fullActionName>
        <sessionNumber>1</sessionNumber>
        <date>2017-06-07T18:44:25Z</date>
        <url>http://clerk.house.gov/evs/2017/roll290.xml</url>
        <chamber>House</chamber>
      </recordedVote>
    </recordedVotes>
    <laws />
    <title>Providing for consideration of the bill (H.R. 10) to create hope and opportunity for investors, consumers, and entrepreneurs by ending bailouts and Too Big to Fail, holding Washington and Wall Street accountable, eliminating red tape to increase access to capital and credit, and repealing the provisions of the Dodd-Frank Act that make America less prosperous, less stable, and less free, and for other purposes.</title>
    <committeeReports>
      <committeeReport>
        <citation>H. Rept. 115-163</citation>
      </committeeReport>
    </committeeReports>
    <billNumber>375</billNumber>
    <notes />
  </bill>
  <dublinCore xmlns:dc="http://purl.org/dc/elements/1.1/">
    <dc:format>text/xml</dc:format>
    <dc:language>EN</dc:language>
    <dc:rights>Pursuant to Title 17 Section 105 of the United States Code, this file is not subject to copyright protection and is in the public domain.</dc:rights>
    <dc:contributor>Congressional Research Service, Library of Congress</dc:contributor>
    <dc:description>This file contains bill summaries and statuses for federal legislation. A bill summary describes the most significant provisions of a piece of legislation and details the effects the legislative text may have on current law and federal programs. Bill summaries are authored by the Congressional Research Service (CRS) of the Library of Congress. As stated in Public Law 91-510 (2 USC 166 (d)(6)), one of the duties of CRS is "to prepare summaries and digests of bills and resolutions of a public general nature introduced in the Senate or House of Representatives". For more information, refer to the User Guide that accompanies this file.</dc:description>
  </dublinCore>
</billStatus>

