<?xml version="1.0" encoding="UTF-8"?>
<billStatus>
  <bill>
    <policyArea>
      <name>Education</name>
    </policyArea>
    <committeeReports />
    <congress>115</congress>
    <sponsors>
      <item>
        <identifiers>
          <lisID>1781</lisID>
          <gpoId>7923</gpoId>
          <bioguideId>L000563</bioguideId>
        </identifiers>
        <district>3</district>
        <middleName>William</middleName>
        <byRequestType />
        <fullName>Rep. Lipinski, Daniel [D-IL-3]</fullName>
        <bioguideId>L000563</bioguideId>
        <state>IL</state>
        <party>D</party>
        <firstName>Daniel</firstName>
        <lastName>Lipinski</lastName>
      </item>
    </sponsors>
    <calendarNumbers />
    <amendments />
    <relatedBills>
      <item>
        <congress>115</congress>
        <latestTitle>A resolution supporting the contributions of Catholic schools.</latestTitle>
        <number>47</number>
        <type>SRES</type>
        <latestAction>
          <text>Resolution agreed to in Senate without amendment and with a preamble by Unanimous Consent.</text>
          <actionDate>2017-02-10</actionDate>
        </latestAction>
        <relationshipDetails>
          <item>
            <type>Related bill</type>
            <identifiedBy>CRS</identifiedBy>
          </item>
        </relationshipDetails>
      </item>
      <item>
        <congress>115</congress>
        <latestTitle>A resolution supporting the contributions of Catholic schools.</latestTitle>
        <number>382</number>
        <type>SRES</type>
        <latestAction>
          <text>Submitted in the Senate, considered, and agreed to without amendment and with a preamble by Unanimous Consent. (consideration: CR S526; text: CR S524-525)</text>
          <actionDate>2018-01-25</actionDate>
        </latestAction>
        <relationshipDetails>
          <item>
            <type>Related bill</type>
            <identifiedBy>CRS</identifiedBy>
          </item>
        </relationshipDetails>
      </item>
      <item>
        <congress>115</congress>
        <latestTitle>Supporting the contributions of Catholic schools.</latestTitle>
        <number>692</number>
        <type>HRES</type>
        <latestAction>
          <text>Sponsor introductory remarks on measure. (CR E129)</text>
          <actionDate>2018-02-02</actionDate>
        </latestAction>
        <relationshipDetails>
          <item>
            <type>Related bill</type>
            <identifiedBy>CRS</identifiedBy>
          </item>
        </relationshipDetails>
      </item>
    </relatedBills>
    <notes />
    <originChamber>House</originChamber>
    <version>1.0.0</version>
    <billNumber>57</billNumber>
    <title>Supporting the contributions of Catholic schools.</title>
    <cosponsors>
      <item>
        <identifiers>
          <bioguideId>S000522</bioguideId>
          <lisID>1071</lisID>
          <gpoId>8046</gpoId>
        </identifiers>
        <sponsorshipDate>2017-01-24</sponsorshipDate>
        <district>4</district>
        <middleName>H.</middleName>
        <sponsorshipWithdrawnDate />
        <fullName>Rep. Smith, Christopher H. [R-NJ-4]</fullName>
        <party>R</party>
        <firstName>CHRISTOPHER</firstName>
        <isOriginalCosponsor>True</isOriginalCosponsor>
        <lastName>SMITH</lastName>
        <state>NJ</state>
        <bioguideId>S000522</bioguideId>
      </item>
      <item>
        <identifiers>
          <gpoId>8129</gpoId>
          <lisID>2054</lisID>
          <bioguideId>B001269</bioguideId>
        </identifiers>
        <sponsorshipDate>2017-01-24</sponsorshipDate>
        <district>11</district>
        <middleName />
        <sponsorshipWithdrawnDate />
        <fullName>Rep. Barletta, Lou [R-PA-11]</fullName>
        <party>R</party>
        <firstName>Lou</firstName>
        <isOriginalCosponsor>True</isOriginalCosponsor>
        <lastName>Barletta</lastName>
        <state>PA</state>
        <bioguideId>B001269</bioguideId>
      </item>
      <item>
        <identifiers>
          <lisID>2249</lisID>
          <gpoId />
          <bioguideId>B001293</bioguideId>
        </identifiers>
        <sponsorshipDate>2017-01-24</sponsorshipDate>
        <district>8</district>
        <middleName />
        <sponsorshipWithdrawnDate />
        <fullName>Rep. Bishop, Mike [R-MI-8]</fullName>
        <party>R</party>
        <firstName>Mike</firstName>
        <isOriginalCosponsor>True</isOriginalCosponsor>
        <lastName>Bishop</lastName>
        <state>MI</state>
        <bioguideId>B001293</bioguideId>
      </item>
      <item>
        <identifiers>
          <lisID>1723</lisID>
          <gpoId>7911</gpoId>
          <bioguideId>B001245</bioguideId>
        </identifiers>
        <sponsorshipDate>2017-01-24</sponsorshipDate>
        <district>0</district>
        <middleName>Z.</middleName>
        <sponsorshipWithdrawnDate />
        <fullName>Rep. Bordallo, Madeleine Z. [D-GU-At Large]</fullName>
        <party>D</party>
        <firstName>Madeleine</firstName>
        <isOriginalCosponsor>True</isOriginalCosponsor>
        <lastName>Bordallo</lastName>
        <state>GU</state>
        <bioguideId>B001245</bioguideId>
      </item>
      <item>
        <identifiers>
          <gpoId>7867</gpoId>
          <lisID>1836</lisID>
          <bioguideId>C001069</bioguideId>
        </identifiers>
        <sponsorshipDate>2017-01-24</sponsorshipDate>
        <district>2</district>
        <middleName />
        <sponsorshipWithdrawnDate />
        <fullName>Rep. Courtney, Joe [D-CT-2]</fullName>
        <party>D</party>
        <firstName>Joe</firstName>
        <isOriginalCosponsor>True</isOriginalCosponsor>
        <lastName>Courtney</lastName>
        <state>CT</state>
        <bioguideId>C001069</bioguideId>
      </item>
      <item>
        <identifiers>
          <bioguideId>D000600</bioguideId>
          <lisID>1717</lisID>
          <gpoId>7893</gpoId>
        </identifiers>
        <sponsorshipDate>2017-01-24</sponsorshipDate>
        <district>25</district>
        <middleName />
        <sponsorshipWithdrawnDate />
        <fullName>Rep. Diaz-Balart, Mario [R-FL-25]</fullName>
        <party>R</party>
        <firstName>Mario</firstName>
        <isOriginalCosponsor>True</isOriginalCosponsor>
        <lastName>Diaz-Balart</lastName>
        <state>FL</state>
        <bioguideId>D000600</bioguideId>
      </item>
      <item>
        <identifiers>
          <gpoId />
          <lisID>2253</lisID>
          <bioguideId>E000294</bioguideId>
        </identifiers>
        <sponsorshipDate>2017-01-24</sponsorshipDate>
        <district>6</district>
        <middleName />
        <sponsorshipWithdrawnDate />
        <fullName>Rep. Emmer, Tom [R-MN-6]</fullName>
        <party>R</party>
        <firstName>Tom</firstName>
        <isOriginalCosponsor>True</isOriginalCosponsor>
        <lastName>Emmer</lastName>
        <state>MN</state>
        <bioguideId>E000294</bioguideId>
      </item>
      <item>
        <identifiers>
          <lisID>2343</lisID>
          <gpoId />
          <bioguideId>F000464</bioguideId>
        </identifiers>
        <sponsorshipDate>2017-01-24</sponsorshipDate>
        <district>19</district>
        <middleName>J.</middleName>
        <sponsorshipWithdrawnDate />
        <fullName>Rep. Faso, John J. [R-NY-19]</fullName>
        <party>R</party>
        <firstName>John</firstName>
        <isOriginalCosponsor>True</isOriginalCosponsor>
        <lastName>Faso</lastName>
        <state>NY</state>
        <bioguideId>F000464</bioguideId>
      </item>
      <item>
        <identifiers>
          <lisID>2345</lisID>
          <bioguideId>F000466</bioguideId>
          <gpoId />
        </identifiers>
        <sponsorshipDate>2017-01-24</sponsorshipDate>
        <district>8</district>
        <middleName>K.</middleName>
        <sponsorshipWithdrawnDate />
        <fullName>Rep. Fitzpatrick, Brian K. [R-PA-8]</fullName>
        <party>R</party>
        <firstName>Brian</firstName>
        <isOriginalCosponsor>True</isOriginalCosponsor>
        <lastName>Fitzpatrick</lastName>
        <state>PA</state>
        <bioguideId>F000466</bioguideId>
      </item>
      <item>
        <identifiers>
          <bioguideId>F000372</bioguideId>
          <lisID>414</lisID>
          <gpoId>8053</gpoId>
        </identifiers>
        <sponsorshipDate>2017-01-24</sponsorshipDate>
        <district>11</district>
        <middleName />
        <sponsorshipWithdrawnDate />
        <fullName>Rep. Frelinghuysen, Rodney P. [R-NJ-11]</fullName>
        <party>R</party>
        <firstName>RODNEY</firstName>
        <isOriginalCosponsor>True</isOriginalCosponsor>
        <lastName>FRELINGHUYSEN</lastName>
        <state>NJ</state>
        <bioguideId>F000372</bioguideId>
      </item>
      <item>
        <identifiers>
          <bioguideId>G000579</bioguideId>
          <lisID>2355</lisID>
          <gpoId />
        </identifiers>
        <sponsorshipDate>2017-01-24</sponsorshipDate>
        <district>8</district>
        <middleName />
        <sponsorshipWithdrawnDate />
        <fullName>Rep. Gallagher, Mike [R-WI-8]</fullName>
        <party>R</party>
        <firstName>Mike</firstName>
        <isOriginalCosponsor>True</isOriginalCosponsor>
        <lastName>Gallagher</lastName>
        <state>WI</state>
        <bioguideId>G000579</bioguideId>
      </item>
      <item>
        <identifiers>
          <bioguideId>G000576</bioguideId>
          <lisID>2276</lisID>
          <gpoId />
        </identifiers>
        <sponsorshipDate>2017-01-24</sponsorshipDate>
        <district>6</district>
        <middleName />
        <sponsorshipWithdrawnDate />
        <fullName>Rep. Grothman, Glenn [R-WI-6]</fullName>
        <party>R</party>
        <firstName>Glenn</firstName>
        <isOriginalCosponsor>True</isOriginalCosponsor>
        <lastName>Grothman</lastName>
        <state>WI</state>
        <bioguideId>G000576</bioguideId>
      </item>
      <item>
        <identifiers>
          <lisID>612</lisID>
          <gpoId>8026</gpoId>
          <bioguideId>J000255</bioguideId>
        </identifiers>
        <sponsorshipDate>2017-01-24</sponsorshipDate>
        <district>3</district>
        <middleName>B.</middleName>
        <sponsorshipWithdrawnDate />
        <fullName>Rep. Jones, Walter B., Jr. [R-NC-3]</fullName>
        <party>R</party>
        <firstName>WALTER</firstName>
        <isOriginalCosponsor>True</isOriginalCosponsor>
        <lastName>JONES</lastName>
        <state>NC</state>
        <bioguideId>J000255</bioguideId>
      </item>
      <item>
        <identifiers>
          <lisID>2154</lisID>
          <gpoId />
          <bioguideId>J000295</bioguideId>
        </identifiers>
        <sponsorshipDate>2017-01-24</sponsorshipDate>
        <district>14</district>
        <middleName>P.</middleName>
        <sponsorshipWithdrawnDate />
        <fullName>Rep. Joyce, David P. [R-OH-14]</fullName>
        <party>R</party>
        <firstName>David</firstName>
        <isOriginalCosponsor>True</isOriginalCosponsor>
        <lastName>Joyce</lastName>
        <state>OH</state>
        <bioguideId>J000295</bioguideId>
      </item>
      <item>
        <identifiers>
          <gpoId>8099</gpoId>
          <lisID>616</lisID>
          <bioguideId>K000009</bioguideId>
        </identifiers>
        <sponsorshipDate>2017-01-24</sponsorshipDate>
        <district>9</district>
        <middleName />
        <sponsorshipWithdrawnDate />
        <fullName>Rep. Kaptur, Marcy [D-OH-9]</fullName>
        <party>D</party>
        <firstName>MARCY</firstName>
        <isOriginalCosponsor>True</isOriginalCosponsor>
        <lastName>KAPTUR</lastName>
        <state>OH</state>
        <bioguideId>K000009</bioguideId>
      </item>
      <item>
        <identifiers>
          <bioguideId>K000376</bioguideId>
          <lisID>2051</lisID>
          <gpoId>8708</gpoId>
        </identifiers>
        <sponsorshipDate>2017-01-24</sponsorshipDate>
        <district>3</district>
        <middleName />
        <sponsorshipWithdrawnDate />
        <fullName>Rep. Kelly, Mike [R-PA-3]</fullName>
        <party>R</party>
        <firstName>Mike</firstName>
        <isOriginalCosponsor>True</isOriginalCosponsor>
        <lastName>Kelly</lastName>
        <state>PA</state>
        <bioguideId>K000376</bioguideId>
      </item>
      <item>
        <identifiers>
          <bioguideId>K000210</bioguideId>
          <gpoId>8064</gpoId>
          <lisID>635</lisID>
        </identifiers>
        <sponsorshipDate>2017-01-24</sponsorshipDate>
        <district>2</district>
        <middleName>T.</middleName>
        <sponsorshipWithdrawnDate />
        <fullName>Rep. King, Peter T. [R-NY-2]</fullName>
        <party>R</party>
        <firstName>PETER</firstName>
        <isOriginalCosponsor>True</isOriginalCosponsor>
        <lastName>KING</lastName>
        <state>NY</state>
        <bioguideId>K000210</bioguideId>
      </item>
      <item>
        <identifiers>
          <lisID>1724</lisID>
          <bioguideId>K000362</bioguideId>
          <gpoId>7918</gpoId>
        </identifiers>
        <sponsorshipDate>2017-01-24</sponsorshipDate>
        <district>4</district>
        <middleName />
        <sponsorshipWithdrawnDate />
        <fullName>Rep. King, Steve [R-IA-4]</fullName>
        <party>R</party>
        <firstName>Steve</firstName>
        <isOriginalCosponsor>True</isOriginalCosponsor>
        <lastName>King</lastName>
        <state>IA</state>
        <bioguideId>K000362</bioguideId>
      </item>
      <item>
        <identifiers>
          <lisID>2295</lisID>
          <gpoId />
          <bioguideId>L000585</bioguideId>
        </identifiers>
        <sponsorshipDate>2017-01-24</sponsorshipDate>
        <district>18</district>
        <middleName />
        <sponsorshipWithdrawnDate />
        <fullName>Rep. LaHood, Darin [R-IL-18]</fullName>
        <party>R</party>
        <firstName>Darin</firstName>
        <isOriginalCosponsor>True</isOriginalCosponsor>
        <lastName>LaHood</lastName>
        <state>IL</state>
        <bioguideId>L000585</bioguideId>
      </item>
      <item>
        <identifiers>
          <lisID>1668</lisID>
          <gpoId>8140</gpoId>
          <bioguideId>L000559</bioguideId>
        </identifiers>
        <sponsorshipDate>2017-01-24</sponsorshipDate>
        <district>2</district>
        <middleName>R.</middleName>
        <sponsorshipWithdrawnDate />
        <fullName>Rep. Langevin, James R. [D-RI-2]</fullName>
        <party>D</party>
        <firstName>JAMES</firstName>
        <isOriginalCosponsor>True</isOriginalCosponsor>
        <lastName>LANGEVIN</lastName>
        <state>RI</state>
        <bioguideId>L000559</bioguideId>
      </item>
      <item>
        <identifiers>
          <lisID>1885</lisID>
          <bioguideId>L000566</bioguideId>
          <gpoId>8095</gpoId>
        </identifiers>
        <sponsorshipDate>2017-01-24</sponsorshipDate>
        <district>5</district>
        <middleName>E.</middleName>
        <sponsorshipWithdrawnDate />
        <fullName>Rep. Latta, Robert E. [R-OH-5]</fullName>
        <party>R</party>
        <firstName>Robert</firstName>
        <isOriginalCosponsor>True</isOriginalCosponsor>
        <lastName>Latta</lastName>
        <state>OH</state>
        <bioguideId>L000566</bioguideId>
      </item>
      <item>
        <identifiers>
          <bioguideId>L000569</bioguideId>
          <lisID>1931</lisID>
          <gpoId>8017</gpoId>
        </identifiers>
        <sponsorshipDate>2017-01-24</sponsorshipDate>
        <district>3</district>
        <middleName />
        <sponsorshipWithdrawnDate />
        <fullName>Rep. Luetkemeyer, Blaine [R-MO-3]</fullName>
        <party>R</party>
        <firstName>Blaine</firstName>
        <isOriginalCosponsor>True</isOriginalCosponsor>
        <lastName>Luetkemeyer</lastName>
        <state>MO</state>
        <bioguideId>L000569</bioguideId>
      </item>
      <item>
        <identifiers>
          <gpoId>7974</gpoId>
          <bioguideId>L000562</bioguideId>
          <lisID>1686</lisID>
        </identifiers>
        <sponsorshipDate>2017-01-24</sponsorshipDate>
        <district>8</district>
        <middleName>F.</middleName>
        <sponsorshipWithdrawnDate />
        <fullName>Rep. Lynch, Stephen F. [D-MA-8]</fullName>
        <party>D</party>
        <firstName>Stephen</firstName>
        <isOriginalCosponsor>True</isOriginalCosponsor>
        <lastName>Lynch</lastName>
        <state>MA</state>
        <bioguideId>L000562</bioguideId>
      </item>
      <item>
        <identifiers>
          <lisID>1853</lisID>
          <gpoId>7955</gpoId>
          <bioguideId>Y000062</bioguideId>
        </identifiers>
        <sponsorshipDate>2017-01-24</sponsorshipDate>
        <district>3</district>
        <middleName>A.</middleName>
        <sponsorshipWithdrawnDate />
        <fullName>Rep. Yarmuth, John A. [D-KY-3]</fullName>
        <party>D</party>
        <firstName>John</firstName>
        <isOriginalCosponsor>True</isOriginalCosponsor>
        <lastName>Yarmuth</lastName>
        <state>KY</state>
        <bioguideId>Y000062</bioguideId>
      </item>
      <item>
        <identifiers>
          <lisID>2277</lisID>
          <bioguideId>M001195</bioguideId>
          <gpoId />
        </identifiers>
        <sponsorshipDate>2017-01-24</sponsorshipDate>
        <district>2</district>
        <middleName>X.</middleName>
        <sponsorshipWithdrawnDate />
        <fullName>Rep. Mooney, Alexander X. [R-WV-2]</fullName>
        <party>R</party>
        <firstName>Alexander</firstName>
        <isOriginalCosponsor>True</isOriginalCosponsor>
        <lastName>Mooney</lastName>
        <state>WV</state>
        <bioguideId>M001195</bioguideId>
      </item>
      <item>
        <identifiers>
          <lisID>1510</lisID>
          <bioguideId>P000096</bioguideId>
          <gpoId>8050</gpoId>
        </identifiers>
        <sponsorshipDate>2017-01-24</sponsorshipDate>
        <district>9</district>
        <middleName>J.</middleName>
        <sponsorshipWithdrawnDate />
        <fullName>Rep. Pascrell, Bill, Jr. [D-NJ-9]</fullName>
        <party>D</party>
        <firstName>WILLIAM</firstName>
        <isOriginalCosponsor>True</isOriginalCosponsor>
        <lastName>PASCRELL</lastName>
        <state>NJ</state>
        <bioguideId>P000096</bioguideId>
      </item>
      <item>
        <identifiers>
          <lisID>985</lisID>
          <gpoId>7890</gpoId>
          <bioguideId>R000435</bioguideId>
        </identifiers>
        <sponsorshipDate>2017-01-24</sponsorshipDate>
        <district>27</district>
        <middleName />
        <sponsorshipWithdrawnDate />
        <fullName>Rep. Ros-Lehtinen, Ileana [R-FL-27]</fullName>
        <party>R</party>
        <firstName>ILEANA</firstName>
        <isOriginalCosponsor>True</isOriginalCosponsor>
        <lastName>ROS-LEHTINEN</lastName>
        <state>FL</state>
        <bioguideId>R000435</bioguideId>
      </item>
      <item>
        <identifiers>
          <lisID>1756</lisID>
          <gpoId>8107</gpoId>
          <bioguideId>R000577</bioguideId>
        </identifiers>
        <sponsorshipDate>2017-01-24</sponsorshipDate>
        <district>13</district>
        <middleName />
        <sponsorshipWithdrawnDate />
        <fullName>Rep. Ryan, Tim [D-OH-13]</fullName>
        <party>D</party>
        <firstName>TIM</firstName>
        <isOriginalCosponsor>True</isOriginalCosponsor>
        <lastName>RYAN</lastName>
        <state>OH</state>
        <bioguideId>R000577</bioguideId>
      </item>
      <item>
        <identifiers>
          <lisID>1962</lisID>
          <gpoId>8018</gpoId>
          <bioguideId>S001177</bioguideId>
        </identifiers>
        <sponsorshipDate>2017-01-24</sponsorshipDate>
        <district>0</district>
        <middleName>Kilili Camacho</middleName>
        <sponsorshipWithdrawnDate />
        <fullName>Rep. Sablan, Gregorio Kilili Camacho [D-MP-At Large]</fullName>
        <party>D</party>
        <firstName>Gregorio</firstName>
        <isOriginalCosponsor>True</isOriginalCosponsor>
        <lastName>Sablan</lastName>
        <state>MP</state>
        <bioguideId>S001177</bioguideId>
      </item>
      <item>
        <identifiers>
          <bioguideId>S000248</bioguideId>
          <gpoId>8077</gpoId>
          <lisID>1042</lisID>
        </identifiers>
        <sponsorshipDate>2017-01-24</sponsorshipDate>
        <district>15</district>
        <middleName>E.</middleName>
        <sponsorshipWithdrawnDate />
        <fullName>Rep. Serrano, Jose E. [D-NY-15]</fullName>
        <party>D</party>
        <firstName>JOSE</firstName>
        <isOriginalCosponsor>True</isOriginalCosponsor>
        <lastName>SERRANO</lastName>
        <state>NY</state>
        <bioguideId>S000248</bioguideId>
      </item>
      <item>
        <identifiers>
          <lisID>1041</lisID>
          <bioguideId>S000244</bioguideId>
          <gpoId>8218</gpoId>
        </identifiers>
        <sponsorshipDate>2017-01-24</sponsorshipDate>
        <district>5</district>
        <middleName>JAMES</middleName>
        <sponsorshipWithdrawnDate />
        <fullName>Rep. Sensenbrenner, F. James, Jr. [R-WI-5]</fullName>
        <party>R</party>
        <firstName>F.</firstName>
        <isOriginalCosponsor>True</isOriginalCosponsor>
        <lastName>SENSENBRENNER</lastName>
        <state>WI</state>
        <bioguideId>S000244</bioguideId>
      </item>
      <item>
        <identifiers>
          <lisID>2137</lisID>
          <gpoId />
          <bioguideId>W000812</bioguideId>
        </identifiers>
        <sponsorshipDate>2017-01-24</sponsorshipDate>
        <district>2</district>
        <middleName />
        <sponsorshipWithdrawnDate />
        <fullName>Rep. Wagner, Ann [R-MO-2]</fullName>
        <party>R</party>
        <firstName>Ann</firstName>
        <isOriginalCosponsor>True</isOriginalCosponsor>
        <lastName>Wagner</lastName>
        <state>MO</state>
        <bioguideId>W000812</bioguideId>
      </item>
      <item>
        <identifiers>
          <lisID>2251</lisID>
          <bioguideId>D000624</bioguideId>
          <gpoId />
        </identifiers>
        <sponsorshipDate>2017-01-24</sponsorshipDate>
        <district>12</district>
        <middleName />
        <sponsorshipWithdrawnDate />
        <fullName>Rep. Dingell, Debbie [D-MI-12]</fullName>
        <party>D</party>
        <firstName>Debbie</firstName>
        <isOriginalCosponsor>True</isOriginalCosponsor>
        <lastName>Dingell</lastName>
        <state>MI</state>
        <bioguideId>D000624</bioguideId>
      </item>
      <item>
        <identifiers>
          <lisID>1664</lisID>
          <gpoId>8102</gpoId>
          <bioguideId>T000462</bioguideId>
        </identifiers>
        <sponsorshipDate>2017-01-24</sponsorshipDate>
        <district>12</district>
        <middleName>J.</middleName>
        <sponsorshipWithdrawnDate />
        <fullName>Rep. Tiberi, Patrick J. [R-OH-12]</fullName>
        <party>R</party>
        <firstName>PATRICK</firstName>
        <isOriginalCosponsor>True</isOriginalCosponsor>
        <lastName>TIBERI</lastName>
        <state>OH</state>
        <bioguideId>T000462</bioguideId>
      </item>
      <item>
        <identifiers>
          <bioguideId>C001090</bioguideId>
          <lisID>2159</lisID>
          <gpoId />
        </identifiers>
        <sponsorshipDate>2017-01-24</sponsorshipDate>
        <district>17</district>
        <middleName />
        <sponsorshipWithdrawnDate />
        <fullName>Rep. Cartwright, Matt [D-PA-17]</fullName>
        <party>D</party>
        <firstName>Matt</firstName>
        <isOriginalCosponsor>True</isOriginalCosponsor>
        <lastName>Cartwright</lastName>
        <state>PA</state>
        <bioguideId>C001090</bioguideId>
      </item>
      <item>
        <identifiers>
          <gpoId />
          <bioguideId>S001200</bioguideId>
          <lisID>2319</lisID>
        </identifiers>
        <sponsorshipDate>2017-01-24</sponsorshipDate>
        <district>9</district>
        <middleName />
        <sponsorshipWithdrawnDate />
        <fullName>Rep. Soto, Darren [D-FL-9]</fullName>
        <party>D</party>
        <firstName>Darren</firstName>
        <isOriginalCosponsor>True</isOriginalCosponsor>
        <lastName>Soto</lastName>
        <state>FL</state>
        <bioguideId>S001200</bioguideId>
      </item>
      <item>
        <identifiers>
          <bioguideId>S001175</bioguideId>
          <lisID>1890</lisID>
          <gpoId>7817</gpoId>
        </identifiers>
        <sponsorshipDate>2017-02-13</sponsorshipDate>
        <district>14</district>
        <middleName />
        <sponsorshipWithdrawnDate />
        <fullName>Rep. Speier, Jackie [D-CA-14]</fullName>
        <party>D</party>
        <firstName>Jackie</firstName>
        <isOriginalCosponsor>False</isOriginalCosponsor>
        <lastName>Speier</lastName>
        <state>CA</state>
        <bioguideId>S001175</bioguideId>
      </item>
    </cosponsors>
    <subjects>
      <billSubjects>
        <policyArea>
          <name>Education</name>
        </policyArea>
        <legislativeSubjects>
          <item>
            <name>Commemorative events and holidays</name>
          </item>
          <item>
            <name>Congressional tributes</name>
          </item>
          <item>
            <name>Elementary and secondary education</name>
          </item>
          <item>
            <name>Religion</name>
          </item>
          <item>
            <name>Teaching, teachers, curricula</name>
          </item>
        </legislativeSubjects>
      </billSubjects>
    </subjects>
    <constitutionalAuthorityStatementText />
    <laws />
    <actions>
      <actionTypeCounts>
        <introducedInHouse>1</introducedInHouse>
        <introducedInTheHouse>1</introducedInTheHouse>
        <billReferrals>1</billReferrals>
        <placeholderTextForB>1</placeholderTextForB>
      </actionTypeCounts>
      <item>
        <type>IntroReferral</type>
        <text>Sponsor introductory remarks on measure. (CR H828)</text>
        <links>
          <link>
            <name>H828</name>
            <url>https://www.congress.gov/congressional-record/volume-163/house-section/page/H828</url>
          </link>
        </links>
        <committee />
        <sourceSystem>
          <code>9</code>
          <name>Library of Congress</name>
        </sourceSystem>
        <actionDate>2017-02-01</actionDate>
        <actionCode>B00100</actionCode>
      </item>
      <item>
        <type>IntroReferral</type>
        <text>Referred to the House Committee on Education and the Workforce.</text>
        <links />
        <committee>
          <systemCode>hsed00</systemCode>
          <name>Education and the Workforce Committee</name>
        </committee>
        <sourceSystem>
          <code>2</code>
          <name>House floor actions</name>
        </sourceSystem>
        <actionDate>2017-01-24</actionDate>
        <actionCode>H11100</actionCode>
      </item>
      <item>
        <type>IntroReferral</type>
        <text>Introduced in House</text>
        <links />
        <committee />
        <sourceSystem>
          <code>9</code>
          <name>Library of Congress</name>
        </sourceSystem>
        <actionDate>2017-01-24</actionDate>
        <actionCode>Intro-H</actionCode>
      </item>
      <item>
        <type>IntroReferral</type>
        <text>Introduced in House</text>
        <links />
        <committee />
        <sourceSystem>
          <code>9</code>
          <name>Library of Congress</name>
        </sourceSystem>
        <actionDate>2017-01-24</actionDate>
        <actionCode>1000</actionCode>
      </item>
      <actionByCounts>
        <houseOfRepresentatives>3</houseOfRepresentatives>
      </actionByCounts>
    </actions>
    <titles>
      <item>
        <parentTitleType />
        <chamberCode />
        <titleType>Official Title as Introduced</titleType>
        <chamberName />
        <title>Supporting the contributions of Catholic schools.</title>
      </item>
      <item>
        <parentTitleType />
        <chamberCode />
        <titleType>Display Title</titleType>
        <chamberName />
        <title>Supporting the contributions of Catholic schools.</title>
      </item>
    </titles>
    <summaries>
      <billSummaries>
        <item>
          <text><![CDATA[<p>Expresses support for: (1) the goals of Catholic Schools Week, an event cosponsored by the National Catholic Educational Association and the United States Conference of Catholic Bishops and established to recognize the contributions of Catholic elementary and secondary schools in the United States; and (2) the continued dedication of Catholic schools, students, parents, and teachers toward academic excellence and the key role they play in promoting and ensuring a brighter, stronger future for the nation.</p>]]></text>
          <name>Introduced in House</name>
          <lastSummaryUpdateDate>2017-01-27T19:17:53Z</lastSummaryUpdateDate>
          <versionCode>00</versionCode>
          <actionDesc>Introduced in House</actionDesc>
          <updateDate>2017-01-24T05:00:00Z</updateDate>
          <actionDate>2017-01-24</actionDate>
        </item>
      </billSummaries>
    </summaries>
    <committees>
      <billCommittees>
        <item>
          <systemCode>hsed00</systemCode>
          <chamber>House</chamber>
          <type>Standing</type>
          <activities>
            <item>
              <name>Referred to</name>
              <date>2017-01-24T15:02:05Z</date>
            </item>
          </activities>
          <name>Education and the Workforce Committee</name>
          <subcommittees />
        </item>
      </billCommittees>
    </committees>
    <introducedDate>2017-01-24</introducedDate>
    <updateDate>2018-02-06T16:39:32Z</updateDate>
    <cboCostEstimates />
    <recordedVotes />
    <billType>HRES</billType>
    <createDate>2017-01-25T04:45:51Z</createDate>
    <latestAction>
      <text>Sponsor introductory remarks on measure. (CR H828)</text>
      <links />
      <actionDate>2017-02-01</actionDate>
    </latestAction>
  </bill>
  <dublinCore xmlns:dc="http://purl.org/dc/elements/1.1/">
    <dc:format>text/xml</dc:format>
    <dc:language>EN</dc:language>
    <dc:rights>Pursuant to Title 17 Section 105 of the United States Code, this file is not subject to copyright protection and is in the public domain.</dc:rights>
    <dc:contributor>Congressional Research Service, Library of Congress</dc:contributor>
    <dc:description>This file contains bill summaries and statuses for federal legislation. A bill summary describes the most significant provisions of a piece of legislation and details the effects the legislative text may have on current law and federal programs. Bill summaries are authored by the Congressional Research Service (CRS) of the Library of Congress. As stated in Public Law 91-510 (2 USC 166 (d)(6)), one of the duties of CRS is "to prepare summaries and digests of bills and resolutions of a public general nature introduced in the Senate or House of Representatives". For more information, refer to the User Guide that accompanies this file.</dc:description>
  </dublinCore>
</billStatus>

