<?xml version="1.0" encoding="UTF-8"?>
<billStatus>
  <bill>
    <titles>
      <item>
        <chamberCode />
        <titleType>Official Title as Introduced</titleType>
        <parentTitleType />
        <chamberName />
        <title>Recognizing Girl Scouts of the United States of America on its 105th birthday and on the 100th anniversary of the Girl Scout Cookie Program.</title>
      </item>
      <item>
        <chamberCode />
        <titleType>Display Title</titleType>
        <parentTitleType />
        <chamberName />
        <title>Recognizing Girl Scouts of the United States of America on its 105th birthday and on the 100th anniversary of the Girl Scout Cookie Program.</title>
      </item>
    </titles>
    <committeeReports />
    <sponsors>
      <item>
        <firstName>Earl</firstName>
        <middleName>L. "Buddy"</middleName>
        <identifiers>
          <gpoId />
          <bioguideId>C001103</bioguideId>
          <lisID>2236</lisID>
        </identifiers>
        <party>R</party>
        <bioguideId>C001103</bioguideId>
        <lastName>Carter</lastName>
        <fullName>Rep. Carter, Earl L. "Buddy" [R-GA-1]</fullName>
        <byRequestType />
        <district>1</district>
        <state>GA</state>
      </item>
    </sponsors>
    <title>Recognizing Girl Scouts of the United States of America on its 105th birthday and on the 100th anniversary of the Girl Scout Cookie Program.</title>
    <actions>
      <actionTypeCounts>
        <introducedInTheHouse>1</introducedInTheHouse>
        <billReferrals>1</billReferrals>
        <introducedInHouse>1</introducedInHouse>
      </actionTypeCounts>
      <item>
        <type>IntroReferral</type>
        <links />
        <text>Referred to the House Committee on Oversight and Government Reform.</text>
        <committee>
          <systemCode>hsgo00</systemCode>
          <name>Oversight and Government Reform Committee</name>
        </committee>
        <actionDate>2017-03-17</actionDate>
        <sourceSystem>
          <name>House floor actions</name>
          <code>2</code>
        </sourceSystem>
        <actionCode>H11100</actionCode>
      </item>
      <item>
        <type>IntroReferral</type>
        <links />
        <text>Introduced in House</text>
        <committee />
        <actionDate>2017-03-17</actionDate>
        <sourceSystem>
          <name>Library of Congress</name>
          <code>9</code>
        </sourceSystem>
        <actionCode>Intro-H</actionCode>
      </item>
      <item>
        <type>IntroReferral</type>
        <links />
        <text>Introduced in House</text>
        <committee />
        <actionDate>2017-03-17</actionDate>
        <sourceSystem>
          <name>Library of Congress</name>
          <code>9</code>
        </sourceSystem>
        <actionCode>1000</actionCode>
      </item>
      <actionByCounts>
        <houseOfRepresentatives>3</houseOfRepresentatives>
      </actionByCounts>
    </actions>
    <summaries>
      <billSummaries>
        <item>
          <versionCode>00</versionCode>
          <text><![CDATA[<p>Recognizesthe 105th birthday of the Girl Scouts and the 100th anniversary of the Girl Scout Cookie Program.</p> <p>Declares that the House of Representatives joins Girl Scouts in working to ensure that all girls get the support and tools they need to succeed and become future leaders.</p> <ul> </ul>]]></text>
          <actionDesc>Introduced in House</actionDesc>
          <actionDate>2017-03-17</actionDate>
          <lastSummaryUpdateDate>2017-06-15T20:24:59Z</lastSummaryUpdateDate>
          <name>Introduced in House</name>
          <updateDate>2017-03-17T04:00:00Z</updateDate>
        </item>
      </billSummaries>
    </summaries>
    <constitutionalAuthorityStatementText />
    <billNumber>206</billNumber>
    <calendarNumbers />
    <originChamber>House</originChamber>
    <version>1.0.0</version>
    <subjects>
      <billSubjects>
        <policyArea>
          <name>Social Welfare</name>
        </policyArea>
        <legislativeSubjects>
          <item>
            <name>Commemorative events and holidays</name>
          </item>
          <item>
            <name>Congressional tributes</name>
          </item>
          <item>
            <name>Financial literacy</name>
          </item>
          <item>
            <name>Social work, volunteer service, charitable organizations</name>
          </item>
          <item>
            <name>Women's education</name>
          </item>
        </legislativeSubjects>
      </billSubjects>
    </subjects>
    <cosponsors>
      <item>
        <district>5</district>
        <sponsorshipWithdrawnDate />
        <party>R</party>
        <fullName>Rep. McMorris Rodgers, Cathy [R-WA-5]</fullName>
        <sponsorshipDate>2017-03-17</sponsorshipDate>
        <bioguideId>M001159</bioguideId>
        <middleName />
        <identifiers>
          <lisID>1809</lisID>
          <bioguideId>M001159</bioguideId>
          <gpoId>8209</gpoId>
        </identifiers>
        <lastName>McMorris Rodgers</lastName>
        <isOriginalCosponsor>True</isOriginalCosponsor>
        <firstName>Cathy</firstName>
        <state>WA</state>
      </item>
      <item>
        <district>12</district>
        <sponsorshipWithdrawnDate />
        <party>D</party>
        <fullName>Rep. Watson Coleman, Bonnie [D-NJ-12]</fullName>
        <sponsorshipDate>2017-03-17</sponsorshipDate>
        <bioguideId>W000822</bioguideId>
        <middleName />
        <identifiers>
          <gpoId />
          <bioguideId>W000822</bioguideId>
          <lisID>2259</lisID>
        </identifiers>
        <lastName>Watson Coleman</lastName>
        <isOriginalCosponsor>True</isOriginalCosponsor>
        <firstName>Bonnie</firstName>
        <state>NJ</state>
      </item>
      <item>
        <district>23</district>
        <sponsorshipWithdrawnDate />
        <party>D</party>
        <fullName>Rep. Wasserman Schultz, Debbie [D-FL-23]</fullName>
        <sponsorshipDate>2017-03-17</sponsorshipDate>
        <bioguideId>W000797</bioguideId>
        <middleName />
        <identifiers>
          <bioguideId>W000797</bioguideId>
          <lisID>1777</lisID>
          <gpoId>7892</gpoId>
        </identifiers>
        <lastName>Wasserman Schultz</lastName>
        <isOriginalCosponsor>True</isOriginalCosponsor>
        <firstName>Debbie</firstName>
        <state>FL</state>
      </item>
      <item>
        <district>9</district>
        <sponsorshipWithdrawnDate />
        <party>D</party>
        <fullName>Rep. Sinema, Kyrsten [D-AZ-9]</fullName>
        <sponsorshipDate>2017-03-17</sponsorshipDate>
        <bioguideId>S001191</bioguideId>
        <middleName />
        <identifiers>
          <lisID>2099</lisID>
          <bioguideId>S001191</bioguideId>
          <gpoId />
        </identifiers>
        <lastName>Sinema</lastName>
        <isOriginalCosponsor>True</isOriginalCosponsor>
        <firstName>Kyrsten</firstName>
        <state>AZ</state>
      </item>
      <item>
        <district>9</district>
        <sponsorshipWithdrawnDate />
        <party>D</party>
        <fullName>Rep. Kaptur, Marcy [D-OH-9]</fullName>
        <sponsorshipDate>2017-03-17</sponsorshipDate>
        <bioguideId>K000009</bioguideId>
        <middleName />
        <identifiers>
          <lisID>616</lisID>
          <bioguideId>K000009</bioguideId>
          <gpoId>8099</gpoId>
        </identifiers>
        <lastName>KAPTUR</lastName>
        <isOriginalCosponsor>True</isOriginalCosponsor>
        <firstName>MARCY</firstName>
        <state>OH</state>
      </item>
      <item>
        <district>19</district>
        <sponsorshipWithdrawnDate />
        <party>R</party>
        <fullName>Rep. Arrington, Jodey C. [R-TX-19]</fullName>
        <sponsorshipDate>2017-03-17</sponsorshipDate>
        <bioguideId>A000375</bioguideId>
        <middleName>C.</middleName>
        <identifiers>
          <gpoId />
          <lisID>2350</lisID>
          <bioguideId>A000375</bioguideId>
        </identifiers>
        <lastName>Arrington</lastName>
        <isOriginalCosponsor>True</isOriginalCosponsor>
        <firstName>Jodey</firstName>
        <state>TX</state>
      </item>
      <item>
        <district>33</district>
        <sponsorshipWithdrawnDate />
        <party>D</party>
        <fullName>Rep. Lieu, Ted [D-CA-33]</fullName>
        <sponsorshipDate>2017-03-17</sponsorshipDate>
        <bioguideId>L000582</bioguideId>
        <middleName />
        <identifiers>
          <lisID>2230</lisID>
          <gpoId />
          <bioguideId>L000582</bioguideId>
        </identifiers>
        <lastName>Lieu</lastName>
        <isOriginalCosponsor>True</isOriginalCosponsor>
        <firstName>Ted</firstName>
        <state>CA</state>
      </item>
      <item>
        <district>4</district>
        <sponsorshipWithdrawnDate />
        <party>D</party>
        <fullName>Rep. Moore, Gwen [D-WI-4]</fullName>
        <sponsorshipDate>2017-03-17</sponsorshipDate>
        <bioguideId>M001160</bioguideId>
        <middleName />
        <identifiers>
          <bioguideId>M001160</bioguideId>
          <gpoId>8217</gpoId>
          <lisID>1811</lisID>
        </identifiers>
        <lastName>Moore</lastName>
        <isOriginalCosponsor>True</isOriginalCosponsor>
        <firstName>Gwen</firstName>
        <state>WI</state>
      </item>
      <item>
        <district>10</district>
        <sponsorshipWithdrawnDate />
        <party>R</party>
        <fullName>Rep. Hice, Jody B. [R-GA-10]</fullName>
        <sponsorshipDate>2017-03-17</sponsorshipDate>
        <bioguideId>H001071</bioguideId>
        <middleName>B.</middleName>
        <identifiers>
          <lisID>2237</lisID>
          <bioguideId>H001071</bioguideId>
          <gpoId />
        </identifiers>
        <lastName>Hice</lastName>
        <isOriginalCosponsor>True</isOriginalCosponsor>
        <firstName>Jody</firstName>
        <state>GA</state>
      </item>
      <item>
        <district>5</district>
        <sponsorshipWithdrawnDate />
        <party>D</party>
        <fullName>Rep. Esty, Elizabeth H. [D-CT-5]</fullName>
        <sponsorshipDate>2017-03-17</sponsorshipDate>
        <bioguideId>E000293</bioguideId>
        <middleName>H.</middleName>
        <identifiers>
          <bioguideId>E000293</bioguideId>
          <gpoId />
          <lisID>2114</lisID>
        </identifiers>
        <lastName>Esty</lastName>
        <isOriginalCosponsor>True</isOriginalCosponsor>
        <firstName>Elizabeth</firstName>
        <state>CT</state>
      </item>
      <item>
        <district>22</district>
        <sponsorshipWithdrawnDate />
        <party>R</party>
        <fullName>Rep. Tenney, Claudia [R-NY-22]</fullName>
        <sponsorshipDate>2017-03-17</sponsorshipDate>
        <bioguideId>T000478</bioguideId>
        <middleName />
        <identifiers>
          <lisID>2344</lisID>
          <gpoId />
          <bioguideId>T000478</bioguideId>
        </identifiers>
        <lastName>Tenney</lastName>
        <isOriginalCosponsor>True</isOriginalCosponsor>
        <firstName>Claudia</firstName>
        <state>NY</state>
      </item>
      <item>
        <district>17</district>
        <sponsorshipWithdrawnDate />
        <party>D</party>
        <fullName>Rep. Bustos, Cheri [D-IL-17]</fullName>
        <sponsorshipDate>2017-03-21</sponsorshipDate>
        <bioguideId>B001286</bioguideId>
        <middleName />
        <identifiers>
          <bioguideId>B001286</bioguideId>
          <lisID>2127</lisID>
          <gpoId />
        </identifiers>
        <lastName>Bustos</lastName>
        <isOriginalCosponsor>False</isOriginalCosponsor>
        <firstName>Cheri</firstName>
        <state>IL</state>
      </item>
      <item>
        <district>9</district>
        <sponsorshipWithdrawnDate />
        <party>D</party>
        <fullName>Rep. Clarke, Yvette D. [D-NY-9]</fullName>
        <sponsorshipDate>2017-03-21</sponsorshipDate>
        <bioguideId>C001067</bioguideId>
        <middleName>D.</middleName>
        <identifiers>
          <bioguideId>C001067</bioguideId>
          <lisID>1864</lisID>
          <gpoId>8072</gpoId>
        </identifiers>
        <lastName>Clarke</lastName>
        <isOriginalCosponsor>False</isOriginalCosponsor>
        <firstName>Yvette</firstName>
        <state>NY</state>
      </item>
      <item>
        <district>18</district>
        <sponsorshipWithdrawnDate />
        <party>R</party>
        <fullName>Rep. Mast, Brian J. [R-FL-18]</fullName>
        <sponsorshipDate>2017-03-21</sponsorshipDate>
        <bioguideId>M001199</bioguideId>
        <middleName>J.</middleName>
        <identifiers>
          <lisID>2322</lisID>
          <bioguideId>M001199</bioguideId>
          <gpoId />
        </identifiers>
        <lastName>Mast</lastName>
        <isOriginalCosponsor>False</isOriginalCosponsor>
        <firstName>Brian</firstName>
        <state>FL</state>
      </item>
      <item>
        <district>1</district>
        <sponsorshipWithdrawnDate />
        <party>D</party>
        <fullName>Rep. Shea-Porter, Carol [D-NH-1]</fullName>
        <sponsorshipDate>2017-03-21</sponsorshipDate>
        <bioguideId>S001170</bioguideId>
        <middleName />
        <identifiers>
          <bioguideId>S001170</bioguideId>
          <lisID>1861</lisID>
          <gpoId>7528</gpoId>
        </identifiers>
        <lastName>Shea-Porter</lastName>
        <isOriginalCosponsor>False</isOriginalCosponsor>
        <firstName>Carol</firstName>
        <state>NH</state>
      </item>
      <item>
        <district>53</district>
        <sponsorshipWithdrawnDate />
        <party>D</party>
        <fullName>Rep. Davis, Susan A. [D-CA-53]</fullName>
        <sponsorshipDate>2017-03-21</sponsorshipDate>
        <bioguideId>D000598</bioguideId>
        <middleName>A.</middleName>
        <identifiers>
          <gpoId>7858</gpoId>
          <bioguideId>D000598</bioguideId>
          <lisID>1641</lisID>
        </identifiers>
        <lastName>DAVIS</lastName>
        <isOriginalCosponsor>False</isOriginalCosponsor>
        <firstName>SUSAN</firstName>
        <state>CA</state>
      </item>
      <item>
        <district>1</district>
        <sponsorshipWithdrawnDate />
        <party>R</party>
        <fullName>Rep. Byrne, Bradley [R-AL-1]</fullName>
        <sponsorshipDate>2017-03-24</sponsorshipDate>
        <bioguideId>B001289</bioguideId>
        <middleName />
        <identifiers>
          <lisID>2197</lisID>
          <bioguideId>B001289</bioguideId>
          <gpoId />
        </identifiers>
        <lastName>Byrne</lastName>
        <isOriginalCosponsor>False</isOriginalCosponsor>
        <firstName>Bradley</firstName>
        <state>AL</state>
      </item>
      <item>
        <district>4</district>
        <sponsorshipWithdrawnDate />
        <party>D</party>
        <fullName>Rep. Kennedy, Joseph P., III [D-MA-4]</fullName>
        <sponsorshipDate>2017-03-24</sponsorshipDate>
        <bioguideId>K000379</bioguideId>
        <middleName>P.</middleName>
        <identifiers>
          <lisID>2172</lisID>
          <bioguideId>K000379</bioguideId>
          <gpoId />
        </identifiers>
        <lastName>Kennedy</lastName>
        <isOriginalCosponsor>False</isOriginalCosponsor>
        <firstName>Joseph</firstName>
        <state>MA</state>
      </item>
      <item>
        <district>21</district>
        <sponsorshipWithdrawnDate />
        <party>R</party>
        <fullName>Rep. Stefanik, Elise M. [R-NY-21]</fullName>
        <sponsorshipDate>2017-03-24</sponsorshipDate>
        <bioguideId>S001196</bioguideId>
        <middleName>M.</middleName>
        <identifiers>
          <bioguideId>S001196</bioguideId>
          <lisID>2263</lisID>
          <gpoId />
        </identifiers>
        <lastName>Stefanik</lastName>
        <isOriginalCosponsor>False</isOriginalCosponsor>
        <firstName>Elise</firstName>
        <state>NY</state>
      </item>
      <item>
        <district>4</district>
        <sponsorshipWithdrawnDate />
        <party>D</party>
        <fullName>Rep. Johnson, Henry C. "Hank," Jr. [D-GA-4]</fullName>
        <sponsorshipDate>2017-03-24</sponsorshipDate>
        <bioguideId>J000288</bioguideId>
        <middleName>C. "Hank"</middleName>
        <identifiers>
          <lisID>1843</lisID>
          <bioguideId>J000288</bioguideId>
          <gpoId>7901</gpoId>
        </identifiers>
        <lastName>Johnson</lastName>
        <isOriginalCosponsor>False</isOriginalCosponsor>
        <firstName>Henry</firstName>
        <state>GA</state>
      </item>
      <item>
        <district>2</district>
        <sponsorshipWithdrawnDate />
        <party>D</party>
        <fullName>Rep. Evans, Dwight [D-PA-2]</fullName>
        <sponsorshipDate>2017-03-28</sponsorshipDate>
        <bioguideId>E000296</bioguideId>
        <middleName />
        <identifiers>
          <bioguideId>E000296</bioguideId>
          <gpoId />
          <lisID>2298</lisID>
        </identifiers>
        <lastName>Evans</lastName>
        <isOriginalCosponsor>False</isOriginalCosponsor>
        <firstName>Dwight</firstName>
        <state>PA</state>
      </item>
      <item>
        <district>27</district>
        <sponsorshipWithdrawnDate />
        <party>D</party>
        <fullName>Rep. Chu, Judy [D-CA-27]</fullName>
        <sponsorshipDate>2017-04-28</sponsorshipDate>
        <bioguideId>C001080</bioguideId>
        <middleName />
        <identifiers>
          <bioguideId>C001080</bioguideId>
          <gpoId>7837</gpoId>
          <lisID>1970</lisID>
        </identifiers>
        <lastName>Chu</lastName>
        <isOriginalCosponsor>False</isOriginalCosponsor>
        <firstName>Judy</firstName>
        <state>CA</state>
      </item>
      <item>
        <district>11</district>
        <sponsorshipWithdrawnDate />
        <party>R</party>
        <fullName>Rep. Frelinghuysen, Rodney P. [R-NJ-11]</fullName>
        <sponsorshipDate>2017-05-24</sponsorshipDate>
        <bioguideId>F000372</bioguideId>
        <middleName />
        <identifiers>
          <gpoId>8053</gpoId>
          <lisID>414</lisID>
          <bioguideId>F000372</bioguideId>
        </identifiers>
        <lastName>FRELINGHUYSEN</lastName>
        <isOriginalCosponsor>False</isOriginalCosponsor>
        <firstName>RODNEY</firstName>
        <state>NJ</state>
      </item>
      <item>
        <district>9</district>
        <sponsorshipWithdrawnDate />
        <party>D</party>
        <fullName>Rep. Levin, Sander M. [D-MI-9]</fullName>
        <sponsorshipDate>2017-07-11</sponsorshipDate>
        <bioguideId>L000263</bioguideId>
        <middleName>M.</middleName>
        <identifiers>
          <bioguideId>L000263</bioguideId>
          <gpoId>7997</gpoId>
          <lisID>683</lisID>
        </identifiers>
        <lastName>LEVIN</lastName>
        <isOriginalCosponsor>False</isOriginalCosponsor>
        <firstName>SANDER</firstName>
        <state>MI</state>
      </item>
      <item>
        <district>6</district>
        <sponsorshipWithdrawnDate />
        <party>D</party>
        <fullName>Rep. Delaney, John K. [D-MD-6]</fullName>
        <sponsorshipDate>2017-12-21</sponsorshipDate>
        <bioguideId>D000620</bioguideId>
        <middleName>K.</middleName>
        <identifiers>
          <bioguideId>D000620</bioguideId>
          <lisID>2133</lisID>
          <gpoId />
        </identifiers>
        <lastName>Delaney</lastName>
        <isOriginalCosponsor>False</isOriginalCosponsor>
        <firstName>John</firstName>
        <state>MD</state>
      </item>
    </cosponsors>
    <latestAction>
      <text>Referred to the House Committee on Oversight and Government Reform.</text>
      <links />
      <actionDate>2017-03-17</actionDate>
    </latestAction>
    <laws />
    <notes />
    <createDate>2017-03-18T04:55:11Z</createDate>
    <billType>HRES</billType>
    <updateDate>2018-02-06T16:39:39Z</updateDate>
    <relatedBills />
    <cboCostEstimates />
    <introducedDate>2017-03-17</introducedDate>
    <amendments />
    <policyArea>
      <name>Social Welfare</name>
    </policyArea>
    <recordedVotes />
    <congress>115</congress>
    <committees>
      <billCommittees>
        <item>
          <type>Standing</type>
          <systemCode>hsgo00</systemCode>
          <subcommittees />
          <activities>
            <item>
              <date>2017-03-17T13:00:06Z</date>
              <name>Referred to</name>
            </item>
          </activities>
          <chamber>House</chamber>
          <name>Oversight and Government Reform Committee</name>
        </item>
      </billCommittees>
    </committees>
  </bill>
  <dublinCore xmlns:dc="http://purl.org/dc/elements/1.1/">
    <dc:format>text/xml</dc:format>
    <dc:language>EN</dc:language>
    <dc:rights>Pursuant to Title 17 Section 105 of the United States Code, this file is not subject to copyright protection and is in the public domain.</dc:rights>
    <dc:contributor>Congressional Research Service, Library of Congress</dc:contributor>
    <dc:description>This file contains bill summaries and statuses for federal legislation. A bill summary describes the most significant provisions of a piece of legislation and details the effects the legislative text may have on current law and federal programs. Bill summaries are authored by the Congressional Research Service (CRS) of the Library of Congress. As stated in Public Law 91-510 (2 USC 166 (d)(6)), one of the duties of CRS is "to prepare summaries and digests of bills and resolutions of a public general nature introduced in the Senate or House of Representatives". For more information, refer to the User Guide that accompanies this file.</dc:description>
  </dublinCore>
</billStatus>

