<?xml version="1.0" encoding="UTF-8"?>
<billStatus>
  <bill>
    <calendarNumbers />
    <title>Recognizing the importance and effectiveness of trauma-informed care.</title>
    <subjects>
      <billSubjects>
        <legislativeSubjects>
          <item>
            <name>Commemorative events and holidays</name>
          </item>
          <item>
            <name>Community life and organization</name>
          </item>
          <item>
            <name>Emergency medical services and trauma care</name>
          </item>
          <item>
            <name>Health programs administration and funding</name>
          </item>
          <item>
            <name>Mental health</name>
          </item>
        </legislativeSubjects>
        <policyArea>
          <name>Health</name>
        </policyArea>
      </billSubjects>
    </subjects>
    <summaries>
      <billSummaries>
        <item>
          <updateDate>2017-07-13T04:00:00Z</updateDate>
          <lastSummaryUpdateDate>2017-10-06T13:16:07Z</lastSummaryUpdateDate>
          <versionCode>00</versionCode>
          <name>Introduced in House</name>
          <text><![CDATA[<p> Recognizes the importance, effectiveness, and need for trauma-informed care among existing federal programs and agencies. (Trauma-informed care takes into account a patient's history of trauma in the design of the patient's treatment.) Encourages the use of trauma-informed care within the federal government.</p> <p>Expresses support for the designation of National Trauma Awareness Month and National Trauma-Informed Awareness Day.</p>]]></text>
          <actionDate>2017-07-13</actionDate>
          <actionDesc>Introduced in House</actionDesc>
        </item>
      </billSummaries>
    </summaries>
    <actions>
      <actionByCounts>
        <houseOfRepresentatives>10</houseOfRepresentatives>
      </actionByCounts>
      <actionTypeCounts>
        <placeholderTextForH>1</placeholderTextForH>
        <considerationByHouse>1</considerationByHouse>
        <finalPassageUnderSuspensionOfTheRulesResults>1</finalPassageUnderSuspensionOfTheRulesResults>
        <introducedInHouse>1</introducedInHouse>
        <motionToReconsiderResults>1</motionToReconsiderResults>
        <introducedInTheHouse>1</introducedInTheHouse>
        <passedAgreedToInHouse>1</passedAgreedToInHouse>
        <billReferrals>1</billReferrals>
        <generalDebate>1</generalDebate>
        <motionMadeToSuspendTheRules>1</motionMadeToSuspendTheRules>
      </actionTypeCounts>
      <item>
        <type>Floor</type>
        <text>Motion to reconsider laid on the table Agreed to without objection.</text>
        <sourceSystem>
          <name>House floor actions</name>
          <code>2</code>
        </sourceSystem>
        <actionCode>H38310</actionCode>
        <actionTime>18:07:51</actionTime>
        <links />
        <committee />
        <actionDate>2018-02-26</actionDate>
      </item>
      <item>
        <type>Floor</type>
        <text>On motion to suspend the rules and agree to the resolution, as amended Agreed to by voice vote. (text: CR H1244-1245)</text>
        <sourceSystem>
          <name>House floor actions</name>
          <code>2</code>
        </sourceSystem>
        <actionCode>H37300</actionCode>
        <actionTime>18:07:45</actionTime>
        <links>
          <link>
            <name>H1244-1245</name>
            <url>https://www.congress.gov/congressional-record/volume-164/house-section/page/H1244-1245</url>
          </link>
        </links>
        <committee />
        <actionDate>2018-02-26</actionDate>
      </item>
      <item>
        <type>Floor</type>
        <text>Passed/agreed to in House: On motion to suspend the rules and agree to the resolution, as amended Agreed to by voice vote.</text>
        <sourceSystem>
          <name>Library of Congress</name>
          <code>9</code>
        </sourceSystem>
        <actionCode>8000</actionCode>
        <actionTime>18:07:45</actionTime>
        <links />
        <committee />
        <actionDate>2018-02-26</actionDate>
      </item>
      <item>
        <type>Floor</type>
        <text>DEBATE - The House proceeded with forty minutes of debate on H. Res. 443.</text>
        <sourceSystem>
          <name>House floor actions</name>
          <code>2</code>
        </sourceSystem>
        <actionCode>H8D000</actionCode>
        <actionTime>17:56:52</actionTime>
        <links>
          <link>
            <name>H. Res. 443</name>
            <url>https://www.congress.gov/bill/115th-congress/house-resolution/443</url>
          </link>
        </links>
        <committee />
        <actionDate>2018-02-26</actionDate>
      </item>
      <item>
        <type>Floor</type>
        <text>Considered under suspension of the rules. (consideration: CR H1244-1246)</text>
        <sourceSystem>
          <name>House floor actions</name>
          <code>2</code>
        </sourceSystem>
        <actionCode>H30000</actionCode>
        <actionTime>17:56:48</actionTime>
        <links>
          <link>
            <name>H1244-1246</name>
            <url>https://www.congress.gov/congressional-record/volume-164/house-section/page/H1244-1246</url>
          </link>
        </links>
        <committee />
        <actionDate>2018-02-26</actionDate>
      </item>
      <item>
        <type>Floor</type>
        <text>Mr. Burgess moved to suspend the rules and agree to the resolution, as amended.</text>
        <sourceSystem>
          <name>House floor actions</name>
          <code>2</code>
        </sourceSystem>
        <actionCode>H30300</actionCode>
        <actionTime>17:56:35</actionTime>
        <links />
        <committee />
        <actionDate>2018-02-26</actionDate>
      </item>
      <item>
        <actionDate>2017-07-14</actionDate>
        <committee>
          <name>Health Subcommittee</name>
          <systemCode>hsif14</systemCode>
        </committee>
        <links />
        <sourceSystem>
          <name>House committee actions</name>
          <code>1</code>
        </sourceSystem>
        <text>Referred to the Subcommittee on Health.</text>
        <type>Committee</type>
      </item>
      <item>
        <type>IntroReferral</type>
        <text>Referred to the House Committee on Energy and Commerce.</text>
        <sourceSystem>
          <name>House floor actions</name>
          <code>2</code>
        </sourceSystem>
        <actionCode>H11100</actionCode>
        <links />
        <committee>
          <name>Energy and Commerce Committee</name>
          <systemCode>hsif00</systemCode>
        </committee>
        <actionDate>2017-07-13</actionDate>
      </item>
      <item>
        <type>IntroReferral</type>
        <text>Introduced in House</text>
        <sourceSystem>
          <name>Library of Congress</name>
          <code>9</code>
        </sourceSystem>
        <actionCode>Intro-H</actionCode>
        <links />
        <committee />
        <actionDate>2017-07-13</actionDate>
      </item>
      <item>
        <type>IntroReferral</type>
        <text>Introduced in House</text>
        <sourceSystem>
          <name>Library of Congress</name>
          <code>9</code>
        </sourceSystem>
        <actionCode>1000</actionCode>
        <links />
        <committee />
        <actionDate>2017-07-13</actionDate>
      </item>
    </actions>
    <updateDate>2018-02-27T15:57:27Z</updateDate>
    <committeeReports />
    <version>1.0.0</version>
    <billNumber>443</billNumber>
    <constitutionalAuthorityStatementText />
    <policyArea>
      <name>Health</name>
    </policyArea>
    <laws />
    <congress>115</congress>
    <relatedBills>
      <item>
        <number>346</number>
        <relationshipDetails>
          <item>
            <type>Related bill</type>
            <identifiedBy>CRS</identifiedBy>
          </item>
        </relationshipDetails>
        <latestTitle>A resolution recognizing the importance and effectiveness of trauma-informed care.</latestTitle>
        <congress>115</congress>
        <latestAction>
          <actionDate>2017-12-01</actionDate>
          <text>Referred to the Committee on Health, Education, Labor, and Pensions. (text of measure as introduced: CR S7719)</text>
        </latestAction>
        <type>SRES</type>
      </item>
    </relatedBills>
    <recordedVotes />
    <sponsors>
      <item>
        <fullName>Rep. Gallagher, Mike [R-WI-8]</fullName>
        <lastName>Gallagher</lastName>
        <byRequestType />
        <bioguideId>G000579</bioguideId>
        <party>R</party>
        <middleName />
        <state>WI</state>
        <firstName>Mike</firstName>
        <identifiers>
          <lisID>2355</lisID>
          <gpoId />
          <bioguideId>G000579</bioguideId>
        </identifiers>
        <district>8</district>
      </item>
    </sponsors>
    <titles>
      <item>
        <parentTitleType />
        <titleType>Official Title as Introduced</titleType>
        <chamberCode />
        <chamberName />
        <title>Recognizing the importance and effectiveness of trauma-informed care.</title>
      </item>
      <item>
        <parentTitleType />
        <titleType>Display Title</titleType>
        <chamberCode />
        <chamberName />
        <title>Recognizing the importance and effectiveness of trauma-informed care.</title>
      </item>
    </titles>
    <originChamber>House</originChamber>
    <latestAction>
      <text>Motion to reconsider laid on the table Agreed to without objection.</text>
      <actionTime>18:07:51</actionTime>
      <links />
      <actionDate>2018-02-26</actionDate>
    </latestAction>
    <createDate>2017-07-14T03:11:31Z</createDate>
    <cosponsors>
      <item>
        <firstName>DANNY</firstName>
        <lastName>DAVIS</lastName>
        <sponsorshipDate>2017-07-13</sponsorshipDate>
        <state>IL</state>
        <party>D</party>
        <identifiers>
          <bioguideId>D000096</bioguideId>
          <lisID>1477</lisID>
          <gpoId>7927</gpoId>
        </identifiers>
        <bioguideId>D000096</bioguideId>
        <district>7</district>
        <middleName>K.</middleName>
        <fullName>Rep. Davis, Danny K. [D-IL-7]</fullName>
        <isOriginalCosponsor>True</isOriginalCosponsor>
        <sponsorshipWithdrawnDate />
      </item>
      <item>
        <firstName>Sean</firstName>
        <lastName>Duffy</lastName>
        <sponsorshipDate>2017-07-24</sponsorshipDate>
        <state>WI</state>
        <party>R</party>
        <identifiers>
          <gpoId>8220</gpoId>
          <bioguideId>D000614</bioguideId>
          <lisID>2072</lisID>
        </identifiers>
        <bioguideId>D000614</bioguideId>
        <district>7</district>
        <middleName>P.</middleName>
        <fullName>Rep. Duffy, Sean P. [R-WI-7]</fullName>
        <isOriginalCosponsor>False</isOriginalCosponsor>
        <sponsorshipWithdrawnDate />
      </item>
      <item>
        <firstName>GRACE</firstName>
        <lastName>NAPOLITANO</lastName>
        <sponsorshipDate>2017-07-28</sponsorshipDate>
        <state>CA</state>
        <party>D</party>
        <identifiers>
          <gpoId>7843</gpoId>
          <bioguideId>N000179</bioguideId>
          <lisID>1602</lisID>
        </identifiers>
        <bioguideId>N000179</bioguideId>
        <district>32</district>
        <middleName>F.</middleName>
        <fullName>Rep. Napolitano, Grace F. [D-CA-32]</fullName>
        <isOriginalCosponsor>False</isOriginalCosponsor>
        <sponsorshipWithdrawnDate />
      </item>
      <item>
        <firstName>RON</firstName>
        <lastName>KIND</lastName>
        <sponsorshipDate>2017-08-08</sponsorshipDate>
        <state>WI</state>
        <party>D</party>
        <identifiers>
          <lisID>1498</lisID>
          <gpoId>8216</gpoId>
          <bioguideId>K000188</bioguideId>
        </identifiers>
        <bioguideId>K000188</bioguideId>
        <district>3</district>
        <middleName />
        <fullName>Rep. Kind, Ron [D-WI-3]</fullName>
        <isOriginalCosponsor>False</isOriginalCosponsor>
        <sponsorshipWithdrawnDate />
      </item>
      <item>
        <firstName>Glenn</firstName>
        <lastName>Grothman</lastName>
        <sponsorshipDate>2017-09-05</sponsorshipDate>
        <state>WI</state>
        <party>R</party>
        <identifiers>
          <bioguideId>G000576</bioguideId>
          <lisID>2276</lisID>
          <gpoId />
        </identifiers>
        <bioguideId>G000576</bioguideId>
        <district>6</district>
        <middleName />
        <fullName>Rep. Grothman, Glenn [R-WI-6]</fullName>
        <isOriginalCosponsor>False</isOriginalCosponsor>
        <sponsorshipWithdrawnDate />
      </item>
      <item>
        <firstName>F.</firstName>
        <lastName>SENSENBRENNER</lastName>
        <sponsorshipDate>2017-09-12</sponsorshipDate>
        <state>WI</state>
        <party>R</party>
        <identifiers>
          <bioguideId>S000244</bioguideId>
          <gpoId>8218</gpoId>
          <lisID>1041</lisID>
        </identifiers>
        <bioguideId>S000244</bioguideId>
        <district>5</district>
        <middleName>JAMES</middleName>
        <fullName>Rep. Sensenbrenner, F. James, Jr. [R-WI-5]</fullName>
        <isOriginalCosponsor>False</isOriginalCosponsor>
        <sponsorshipWithdrawnDate />
      </item>
      <item>
        <firstName>Mark</firstName>
        <lastName>Pocan</lastName>
        <sponsorshipDate>2017-09-12</sponsorshipDate>
        <state>WI</state>
        <party>D</party>
        <identifiers>
          <bioguideId>P000607</bioguideId>
          <lisID>2171</lisID>
          <gpoId />
        </identifiers>
        <bioguideId>P000607</bioguideId>
        <district>2</district>
        <middleName />
        <fullName>Rep. Pocan, Mark [D-WI-2]</fullName>
        <isOriginalCosponsor>False</isOriginalCosponsor>
        <sponsorshipWithdrawnDate />
      </item>
      <item>
        <firstName>Gwen</firstName>
        <lastName>Moore</lastName>
        <sponsorshipDate>2017-10-12</sponsorshipDate>
        <state>WI</state>
        <party>D</party>
        <identifiers>
          <bioguideId>M001160</bioguideId>
          <lisID>1811</lisID>
          <gpoId>8217</gpoId>
        </identifiers>
        <bioguideId>M001160</bioguideId>
        <district>4</district>
        <middleName />
        <fullName>Rep. Moore, Gwen [D-WI-4]</fullName>
        <isOriginalCosponsor>False</isOriginalCosponsor>
        <sponsorshipWithdrawnDate />
      </item>
      <item>
        <firstName>Don</firstName>
        <lastName>Bacon</lastName>
        <sponsorshipDate>2017-10-31</sponsorshipDate>
        <state>NE</state>
        <party>R</party>
        <identifiers>
          <bioguideId>B001298</bioguideId>
          <gpoId />
          <lisID>2337</lisID>
        </identifiers>
        <bioguideId>B001298</bioguideId>
        <district>2</district>
        <middleName />
        <fullName>Rep. Bacon, Don [R-NE-2]</fullName>
        <isOriginalCosponsor>False</isOriginalCosponsor>
        <sponsorshipWithdrawnDate />
      </item>
      <item>
        <firstName>Trent</firstName>
        <lastName>Kelly</lastName>
        <sponsorshipDate>2017-11-01</sponsorshipDate>
        <state>MS</state>
        <party>R</party>
        <identifiers>
          <lisID>2294</lisID>
          <gpoId />
          <bioguideId>K000388</bioguideId>
        </identifiers>
        <bioguideId>K000388</bioguideId>
        <district>1</district>
        <middleName />
        <fullName>Rep. Kelly, Trent [R-MS-1]</fullName>
        <isOriginalCosponsor>False</isOriginalCosponsor>
        <sponsorshipWithdrawnDate />
      </item>
      <item>
        <firstName>Barbara</firstName>
        <lastName>Comstock</lastName>
        <sponsorshipDate>2017-11-01</sponsorshipDate>
        <state>VA</state>
        <party>R</party>
        <identifiers>
          <gpoId />
          <lisID>2273</lisID>
          <bioguideId>C001105</bioguideId>
        </identifiers>
        <bioguideId>C001105</bioguideId>
        <district>10</district>
        <middleName />
        <fullName>Rep. Comstock, Barbara [R-VA-10]</fullName>
        <isOriginalCosponsor>False</isOriginalCosponsor>
        <sponsorshipWithdrawnDate />
      </item>
      <item>
        <firstName>Colleen</firstName>
        <lastName>Hanabusa</lastName>
        <sponsorshipDate>2017-11-28</sponsorshipDate>
        <state>HI</state>
        <party>D</party>
        <identifiers>
          <bioguideId>H001050</bioguideId>
          <lisID>2010</lisID>
          <gpoId>7912</gpoId>
        </identifiers>
        <bioguideId>H001050</bioguideId>
        <district>1</district>
        <middleName />
        <fullName>Rep. Hanabusa, Colleen [D-HI-1]</fullName>
        <isOriginalCosponsor>False</isOriginalCosponsor>
        <sponsorshipWithdrawnDate />
      </item>
      <item>
        <firstName>Mia</firstName>
        <lastName>Love</lastName>
        <sponsorshipDate>2017-12-13</sponsorshipDate>
        <state>UT</state>
        <party>R</party>
        <identifiers>
          <bioguideId>L000584</bioguideId>
          <gpoId />
          <lisID>2271</lisID>
        </identifiers>
        <bioguideId>L000584</bioguideId>
        <district>4</district>
        <middleName>B.</middleName>
        <fullName>Rep. Love, Mia B. [R-UT-4]</fullName>
        <isOriginalCosponsor>False</isOriginalCosponsor>
        <sponsorshipWithdrawnDate />
      </item>
      <item>
        <firstName>John</firstName>
        <lastName>Delaney</lastName>
        <sponsorshipDate>2017-12-21</sponsorshipDate>
        <state>MD</state>
        <party>D</party>
        <identifiers>
          <bioguideId>D000620</bioguideId>
          <lisID>2133</lisID>
          <gpoId />
        </identifiers>
        <bioguideId>D000620</bioguideId>
        <district>6</district>
        <middleName>K.</middleName>
        <fullName>Rep. Delaney, John K. [D-MD-6]</fullName>
        <isOriginalCosponsor>False</isOriginalCosponsor>
        <sponsorshipWithdrawnDate />
      </item>
    </cosponsors>
    <notes />
    <committees>
      <billCommittees>
        <item>
          <systemCode>hsif00</systemCode>
          <name>Energy and Commerce Committee</name>
          <activities>
            <item>
              <name>Referred to</name>
              <date>2017-07-13T14:02:10Z</date>
            </item>
          </activities>
          <chamber>House</chamber>
          <type>Standing</type>
          <subcommittees>
            <item>
              <activities>
                <item>
                  <name>Referred to</name>
                  <date>2017-07-14T16:10:11Z</date>
                </item>
              </activities>
              <systemCode>hsif14</systemCode>
              <name>Health Subcommittee</name>
            </item>
          </subcommittees>
        </item>
      </billCommittees>
    </committees>
    <introducedDate>2017-07-13</introducedDate>
    <billType>HRES</billType>
    <amendments />
    <cboCostEstimates />
  </bill>
  <dublinCore xmlns:dc="http://purl.org/dc/elements/1.1/">
    <dc:format>text/xml</dc:format>
    <dc:language>EN</dc:language>
    <dc:rights>Pursuant to Title 17 Section 105 of the United States Code, this file is not subject to copyright protection and is in the public domain.</dc:rights>
    <dc:contributor>Congressional Research Service, Library of Congress</dc:contributor>
    <dc:description>This file contains bill summaries and statuses for federal legislation. A bill summary describes the most significant provisions of a piece of legislation and details the effects the legislative text may have on current law and federal programs. Bill summaries are authored by the Congressional Research Service (CRS) of the Library of Congress. As stated in Public Law 91-510 (2 USC 166 (d)(6)), one of the duties of CRS is "to prepare summaries and digests of bills and resolutions of a public general nature introduced in the Senate or House of Representatives". For more information, refer to the User Guide that accompanies this file.</dc:description>
  </dublinCore>
</billStatus>

