<?xml version="1.0" encoding="UTF-8"?>
<billStatus>
  <bill>
    <constitutionalAuthorityStatementText />
    <originChamber>House</originChamber>
    <subjects>
      <billSubjects>
        <legislativeSubjects>
          <item>
            <name>Crime victims</name>
          </item>
          <item>
            <name>Crimes against children</name>
          </item>
          <item>
            <name>Crimes against women</name>
          </item>
          <item>
            <name>Human trafficking</name>
          </item>
          <item>
            <name>Sex offenses</name>
          </item>
        </legislativeSubjects>
        <policyArea>
          <name>Crime and Law Enforcement</name>
        </policyArea>
      </billSubjects>
    </subjects>
    <cosponsors>
      <item>
        <isOriginalCosponsor>True</isOriginalCosponsor>
        <firstName>ADAM</firstName>
        <party>D</party>
        <sponsorshipDate>2017-01-31</sponsorshipDate>
        <lastName>SMITH</lastName>
        <bioguideId>S000510</bioguideId>
        <middleName />
        <identifiers>
          <gpoId>8213</gpoId>
          <lisID>1528</lisID>
          <bioguideId>S000510</bioguideId>
        </identifiers>
        <fullName>Rep. Smith, Adam [D-WA-9]</fullName>
        <state>WA</state>
        <district>9</district>
        <sponsorshipWithdrawnDate />
      </item>
      <item>
        <isOriginalCosponsor>True</isOriginalCosponsor>
        <firstName>Grace</firstName>
        <party>D</party>
        <sponsorshipDate>2017-01-31</sponsorshipDate>
        <lastName>Meng</lastName>
        <bioguideId>M001188</bioguideId>
        <middleName />
        <identifiers>
          <lisID>2148</lisID>
          <bioguideId>M001188</bioguideId>
          <gpoId />
        </identifiers>
        <fullName>Rep. Meng, Grace [D-NY-6]</fullName>
        <state>NY</state>
        <district>6</district>
        <sponsorshipWithdrawnDate />
      </item>
      <item>
        <isOriginalCosponsor>True</isOriginalCosponsor>
        <firstName>Judy</firstName>
        <party>D</party>
        <sponsorshipDate>2017-01-31</sponsorshipDate>
        <lastName>Chu</lastName>
        <bioguideId>C001080</bioguideId>
        <middleName />
        <identifiers>
          <lisID>1970</lisID>
          <bioguideId>C001080</bioguideId>
          <gpoId>7837</gpoId>
        </identifiers>
        <fullName>Rep. Chu, Judy [D-CA-27]</fullName>
        <state>CA</state>
        <district>27</district>
        <sponsorshipWithdrawnDate />
      </item>
      <item>
        <isOriginalCosponsor>True</isOriginalCosponsor>
        <firstName>LUCILLE</firstName>
        <party>D</party>
        <sponsorshipDate>2017-01-31</sponsorshipDate>
        <lastName>ROYBAL-ALLARD</lastName>
        <bioguideId>R000486</bioguideId>
        <middleName />
        <identifiers>
          <bioguideId>R000486</bioguideId>
          <gpoId>7839</gpoId>
          <lisID>997</lisID>
        </identifiers>
        <fullName>Rep. Roybal-Allard, Lucille [D-CA-40]</fullName>
        <state>CA</state>
        <district>40</district>
        <sponsorshipWithdrawnDate />
      </item>
      <item>
        <isOriginalCosponsor>True</isOriginalCosponsor>
        <firstName>Gwen</firstName>
        <party>D</party>
        <sponsorshipDate>2017-01-31</sponsorshipDate>
        <lastName>Moore</lastName>
        <bioguideId>M001160</bioguideId>
        <middleName />
        <identifiers>
          <bioguideId>M001160</bioguideId>
          <lisID>1811</lisID>
          <gpoId>8217</gpoId>
        </identifiers>
        <fullName>Rep. Moore, Gwen [D-WI-4]</fullName>
        <state>WI</state>
        <district>4</district>
        <sponsorshipWithdrawnDate />
      </item>
      <item>
        <isOriginalCosponsor>True</isOriginalCosponsor>
        <firstName>Madeleine</firstName>
        <party>D</party>
        <sponsorshipDate>2017-01-31</sponsorshipDate>
        <lastName>Bordallo</lastName>
        <bioguideId>B001245</bioguideId>
        <middleName>Z.</middleName>
        <identifiers>
          <lisID>1723</lisID>
          <gpoId>7911</gpoId>
          <bioguideId>B001245</bioguideId>
        </identifiers>
        <fullName>Rep. Bordallo, Madeleine Z. [D-GU-At Large]</fullName>
        <state>GU</state>
        <district>0</district>
        <sponsorshipWithdrawnDate />
      </item>
      <item>
        <isOriginalCosponsor>True</isOriginalCosponsor>
        <firstName>JANICE</firstName>
        <party>D</party>
        <sponsorshipDate>2017-01-31</sponsorshipDate>
        <lastName>SCHAKOWSKY</lastName>
        <bioguideId>S001145</bioguideId>
        <middleName>D.</middleName>
        <identifiers>
          <gpoId>7929</gpoId>
          <lisID>1588</lisID>
          <bioguideId>S001145</bioguideId>
        </identifiers>
        <fullName>Rep. Schakowsky, Janice D. [D-IL-9]</fullName>
        <state>IL</state>
        <district>9</district>
        <sponsorshipWithdrawnDate />
      </item>
      <item>
        <isOriginalCosponsor>True</isOriginalCosponsor>
        <firstName>Paul</firstName>
        <party>D</party>
        <sponsorshipDate>2017-01-31</sponsorshipDate>
        <lastName>Tonko</lastName>
        <bioguideId>T000469</bioguideId>
        <middleName />
        <identifiers>
          <lisID>1942</lisID>
          <gpoId>8082</gpoId>
          <bioguideId>T000469</bioguideId>
        </identifiers>
        <fullName>Rep. Tonko, Paul [D-NY-20]</fullName>
        <state>NY</state>
        <district>20</district>
        <sponsorshipWithdrawnDate />
      </item>
      <item>
        <isOriginalCosponsor>True</isOriginalCosponsor>
        <firstName>DAVID</firstName>
        <party>D</party>
        <sponsorshipDate>2017-01-31</sponsorshipDate>
        <lastName>PRICE</lastName>
        <bioguideId>P000523</bioguideId>
        <middleName>E.</middleName>
        <identifiers>
          <lisID>930</lisID>
          <bioguideId>P000523</bioguideId>
          <gpoId>8027</gpoId>
        </identifiers>
        <fullName>Rep. Price, David E. [D-NC-4]</fullName>
        <state>NC</state>
        <district>4</district>
        <sponsorshipWithdrawnDate />
      </item>
      <item>
        <isOriginalCosponsor>True</isOriginalCosponsor>
        <firstName>Mark</firstName>
        <party>D</party>
        <sponsorshipDate>2017-01-31</sponsorshipDate>
        <lastName>Pocan</lastName>
        <bioguideId>P000607</bioguideId>
        <middleName />
        <identifiers>
          <bioguideId>P000607</bioguideId>
          <lisID>2171</lisID>
          <gpoId />
        </identifiers>
        <fullName>Rep. Pocan, Mark [D-WI-2]</fullName>
        <state>WI</state>
        <district>2</district>
        <sponsorshipWithdrawnDate />
      </item>
      <item>
        <isOriginalCosponsor>True</isOriginalCosponsor>
        <firstName>SHEILA</firstName>
        <party>D</party>
        <sponsorshipDate>2017-01-31</sponsorshipDate>
        <lastName>JACKSON LEE</lastName>
        <bioguideId>J000032</bioguideId>
        <middleName />
        <identifiers>
          <lisID>588</lisID>
          <bioguideId>J000032</bioguideId>
          <gpoId>8174</gpoId>
        </identifiers>
        <fullName>Rep. Jackson Lee, Sheila [D-TX-18]</fullName>
        <state>TX</state>
        <district>18</district>
        <sponsorshipWithdrawnDate />
      </item>
      <item>
        <isOriginalCosponsor>True</isOriginalCosponsor>
        <firstName>Steve</firstName>
        <party>D</party>
        <sponsorshipDate>2017-01-31</sponsorshipDate>
        <lastName>Cohen</lastName>
        <bioguideId>C001068</bioguideId>
        <middleName />
        <identifiers>
          <bioguideId>C001068</bioguideId>
          <lisID>1878</lisID>
          <gpoId>8156</gpoId>
        </identifiers>
        <fullName>Rep. Cohen, Steve [D-TN-9]</fullName>
        <state>TN</state>
        <district>9</district>
        <sponsorshipWithdrawnDate />
      </item>
      <item>
        <isOriginalCosponsor>True</isOriginalCosponsor>
        <firstName>Julia</firstName>
        <party>D</party>
        <sponsorshipDate>2017-01-31</sponsorshipDate>
        <lastName>Brownley</lastName>
        <bioguideId>B001285</bioguideId>
        <middleName />
        <identifiers>
          <lisID>2106</lisID>
          <bioguideId>B001285</bioguideId>
          <gpoId />
        </identifiers>
        <fullName>Rep. Brownley, Julia [D-CA-26]</fullName>
        <state>CA</state>
        <district>26</district>
        <sponsorshipWithdrawnDate />
      </item>
      <item>
        <isOriginalCosponsor>False</isOriginalCosponsor>
        <firstName>RICHARD</firstName>
        <party>D</party>
        <sponsorshipDate>2017-02-28</sponsorshipDate>
        <lastName>NOLAN</lastName>
        <bioguideId>N000127</bioguideId>
        <middleName />
        <identifiers>
          <bioguideId>N000127</bioguideId>
          <lisID>867</lisID>
          <gpoId />
        </identifiers>
        <fullName>Rep. Nolan, Richard M. [D-MN-8]</fullName>
        <state>MN</state>
        <district>8</district>
        <sponsorshipWithdrawnDate />
      </item>
      <item>
        <isOriginalCosponsor>False</isOriginalCosponsor>
        <firstName>JAMES</firstName>
        <party>D</party>
        <sponsorshipDate>2017-02-28</sponsorshipDate>
        <lastName>MCGOVERN</lastName>
        <bioguideId>M000312</bioguideId>
        <middleName>P.</middleName>
        <identifiers>
          <lisID>1504</lisID>
          <gpoId>7968</gpoId>
          <bioguideId>M000312</bioguideId>
        </identifiers>
        <fullName>Rep. McGovern, James P. [D-MA-2]</fullName>
        <state>MA</state>
        <district>2</district>
        <sponsorshipWithdrawnDate />
      </item>
    </cosponsors>
    <billType>HRES</billType>
    <recordedVotes />
    <laws />
    <committeeReports />
    <actions>
      <item>
        <actionDate>2017-02-08</actionDate>
        <committee>
          <systemCode>hsju08</systemCode>
          <name>Crime, Terrorism, Homeland Security, and Investigations Subcommittee</name>
        </committee>
        <links />
        <sourceSystem>
          <name>House committee actions</name>
          <code>1</code>
        </sourceSystem>
        <text>Referred to the Subcommittee on Crime, Terrorism, Homeland Security, and Investigations.</text>
        <type>Committee</type>
      </item>
      <item>
        <sourceSystem>
          <name>House floor actions</name>
          <code>2</code>
        </sourceSystem>
        <actionDate>2017-01-31</actionDate>
        <links />
        <text>Referred to the House Committee on the Judiciary.</text>
        <committee>
          <systemCode>hsju00</systemCode>
          <name>Judiciary Committee</name>
        </committee>
        <actionCode>H11100</actionCode>
        <type>IntroReferral</type>
      </item>
      <item>
        <sourceSystem>
          <name>Library of Congress</name>
          <code>9</code>
        </sourceSystem>
        <actionDate>2017-01-31</actionDate>
        <links />
        <text>Introduced in House</text>
        <committee />
        <actionCode>Intro-H</actionCode>
        <type>IntroReferral</type>
      </item>
      <item>
        <sourceSystem>
          <name>Library of Congress</name>
          <code>9</code>
        </sourceSystem>
        <actionDate>2017-01-31</actionDate>
        <links />
        <text>Introduced in House</text>
        <committee />
        <actionCode>1000</actionCode>
        <type>IntroReferral</type>
      </item>
      <actionByCounts>
        <houseOfRepresentatives>4</houseOfRepresentatives>
      </actionByCounts>
      <actionTypeCounts>
        <billReferrals>1</billReferrals>
        <introducedInTheHouse>1</introducedInTheHouse>
        <introducedInHouse>1</introducedInHouse>
        <placeholderTextForH>1</placeholderTextForH>
      </actionTypeCounts>
    </actions>
    <createDate>2017-02-01T04:48:42Z</createDate>
    <version>1.0.0</version>
    <notes />
    <latestAction>
      <actionDate>2017-02-08</actionDate>
      <text>Referred to the Subcommittee on Crime, Terrorism, Homeland Security, and Investigations.</text>
      <links />
    </latestAction>
    <title>Expressing the sense of the House of Representatives regarding sexually exploited and trafficked girls in the United States.</title>
    <summaries>
      <billSummaries>
        <item>
          <lastSummaryUpdateDate>2017-02-03T22:36:58Z</lastSummaryUpdateDate>
          <updateDate>2017-01-31T05:00:00Z</updateDate>
          <versionCode>00</versionCode>
          <text><![CDATA[<p>Expresses support for efforts to: (1) provide protections and supports for sexually exploited and trafficked girls in the United States, and (2) create criminal or civil penalties for anyone who buys or sells a child through a system of child trafficking.<BR> <BR> </p>]]></text>
          <name>Introduced in House</name>
          <actionDesc>Introduced in House</actionDesc>
          <actionDate>2017-01-31</actionDate>
        </item>
      </billSummaries>
    </summaries>
    <congress>115</congress>
    <policyArea>
      <name>Crime and Law Enforcement</name>
    </policyArea>
    <billNumber>75</billNumber>
    <calendarNumbers />
    <cboCostEstimates />
    <introducedDate>2017-01-31</introducedDate>
    <relatedBills />
    <committees>
      <billCommittees>
        <item>
          <chamber>House</chamber>
          <subcommittees>
            <item>
              <activities>
                <item>
                  <date>2017-02-08T21:42:34Z</date>
                  <name>Referred to</name>
                </item>
              </activities>
              <systemCode>hsju08</systemCode>
              <name>Crime, Terrorism, Homeland Security, and Investigations Subcommittee</name>
            </item>
          </subcommittees>
          <type>Standing</type>
          <activities>
            <item>
              <date>2017-01-31T15:03:20Z</date>
              <name>Referred to</name>
            </item>
          </activities>
          <systemCode>hsju00</systemCode>
          <name>Judiciary Committee</name>
        </item>
      </billCommittees>
    </committees>
    <titles>
      <item>
        <chamberName />
        <titleType>Official Title as Introduced</titleType>
        <title>Expressing the sense of the House of Representatives regarding sexually exploited and trafficked girls in the United States.</title>
        <parentTitleType />
        <chamberCode />
      </item>
      <item>
        <chamberName />
        <titleType>Display Title</titleType>
        <title>Expressing the sense of the House of Representatives regarding sexually exploited and trafficked girls in the United States.</title>
        <parentTitleType />
        <chamberCode />
      </item>
    </titles>
    <sponsors>
      <item>
        <fullName>Rep. DeLauro, Rosa L. [D-CT-3]</fullName>
        <middleName />
        <district>3</district>
        <byRequestType />
        <firstName>ROSA</firstName>
        <bioguideId>D000216</bioguideId>
        <state>CT</state>
        <party>D</party>
        <lastName>DELAURO</lastName>
        <identifiers>
          <bioguideId>D000216</bioguideId>
          <lisID>281</lisID>
          <gpoId>7868</gpoId>
        </identifiers>
      </item>
    </sponsors>
    <updateDate>2018-02-06T16:39:33Z</updateDate>
    <amendments />
  </bill>
  <dublinCore xmlns:dc="http://purl.org/dc/elements/1.1/">
    <dc:format>text/xml</dc:format>
    <dc:language>EN</dc:language>
    <dc:rights>Pursuant to Title 17 Section 105 of the United States Code, this file is not subject to copyright protection and is in the public domain.</dc:rights>
    <dc:contributor>Congressional Research Service, Library of Congress</dc:contributor>
    <dc:description>This file contains bill summaries and statuses for federal legislation. A bill summary describes the most significant provisions of a piece of legislation and details the effects the legislative text may have on current law and federal programs. Bill summaries are authored by the Congressional Research Service (CRS) of the Library of Congress. As stated in Public Law 91-510 (2 USC 166 (d)(6)), one of the duties of CRS is "to prepare summaries and digests of bills and resolutions of a public general nature introduced in the Senate or House of Representatives". For more information, refer to the User Guide that accompanies this file.</dc:description>
  </dublinCore>
</billStatus>

