<?xml version="1.0" encoding="UTF-8"?>
<billStatus>
  <bill>
    <createDate>2017-01-31T05:23:05Z</createDate>
    <congress>115</congress>
    <calendarNumbers>
      <item>
        <calendar>H00007</calendar>
        <number />
      </item>
    </calendarNumbers>
    <amendments />
    <recordedVotes>
      <recordedVote>
        <rollNumber>71</rollNumber>
        <sessionNumber>1</sessionNumber>
        <fullActionName>Passage of a Measure</fullActionName>
        <date>2017-02-01T18:53:36Z</date>
        <congress>115</congress>
        <chamber>House</chamber>
        <url>http://clerk.house.gov/evs/2017/roll071.xml</url>
      </recordedVote>
      <recordedVote>
        <rollNumber>70</rollNumber>
        <sessionNumber>1</sessionNumber>
        <fullActionName>Motion for Previous Question</fullActionName>
        <date>2017-02-01T18:47:16Z</date>
        <congress>115</congress>
        <chamber>House</chamber>
        <url>http://clerk.house.gov/evs/2017/roll070.xml</url>
      </recordedVote>
    </recordedVotes>
    <cboCostEstimates />
    <updateDate>2018-02-22T15:26:47Z</updateDate>
    <laws />
    <billNumber>71</billNumber>
    <summaries>
      <billSummaries>
        <item>
          <actionDate>2017-01-30</actionDate>
          <versionCode>00</versionCode>
          <text><![CDATA[Sets forth the rule for consideration of the joint resolution (H.J. Res. 41) providing for congressional disapproval under chapter 8 of title 5, United States Code, of a rule submitted by the Securities and Exchange Commission relating to "Disclosure of Payments by Resource Extraction Issuers", and providing for consideration of the joint resolution (H.J. Res. 40) providing for congressional disapproval under chapter 8 of title 5, United States Code, of the rule submitted by the Social Security Administration relating to Implementation of the NICS Improvement Amendments Act of 2007.]]></text>
          <name>Introduced in House</name>
          <actionDesc>Introduced in House</actionDesc>
          <lastSummaryUpdateDate>2017-01-31T09:02:33Z</lastSummaryUpdateDate>
          <updateDate>2017-01-30T05:00:00Z</updateDate>
        </item>
      </billSummaries>
    </summaries>
    <constitutionalAuthorityStatementText />
    <notes />
    <sponsors>
      <item>
        <firstName>Ken</firstName>
        <state>CO</state>
        <lastName>Buck</lastName>
        <party>R</party>
        <district>4</district>
        <fullName>Rep. Buck, Ken [R-CO-4]</fullName>
        <middleName />
        <bioguideId>B001297</bioguideId>
        <byRequestType />
        <identifiers>
          <bioguideId>B001297</bioguideId>
          <gpoId />
          <lisID>2233</lisID>
        </identifiers>
      </item>
    </sponsors>
    <titles>
      <item>
        <titleType>Official Title as Introduced</titleType>
        <chamberCode />
        <title>Providing for consideration of the joint resolution (H.J. Res. 41) providing for congressional disapproval under chapter 8 of title 5, United States Code, of a rule submitted by the Securities and Exchange Commission relating to "Disclosure of Payments by Resource Extraction Issuers", and providing for consideration of the joint resolution (H.J. Res. 40) providing for congressional disapproval under chapter 8 of title 5, United States Code, of the rule submitted by the Social Security Administration relating to Implementation of the NICS Improvement Amendments Act of 2007.</title>
        <chamberName />
        <parentTitleType />
      </item>
      <item>
        <titleType>Display Title</titleType>
        <chamberCode />
        <title>Providing for consideration of the joint resolution (H.J. Res. 41) providing for congressional disapproval under chapter 8 of title 5, United States Code, of a rule submitted by the Securities and Exchange Commission relating to "Disclosure of Payments by Resource Extraction Issuers", and providing for consideration of the joint resolution (H.J. Res. 40) providing for congressional disapproval under chapter 8 of title 5, United States Code, of the rule submitted by the Social Security Administration relating to Implementation of the NICS Improvement Amendments Act of 2007.</title>
        <chamberName />
        <parentTitleType />
      </item>
    </titles>
    <committees>
      <billCommittees>
        <item>
          <subcommittees />
          <type>Standing</type>
          <name>Rules Committee</name>
          <activities>
            <item>
              <name>Reported original measure</name>
              <date>2017-01-31T00:10:07Z</date>
            </item>
          </activities>
          <chamber>House</chamber>
          <systemCode>hsru00</systemCode>
        </item>
      </billCommittees>
    </committees>
    <billType>HRES</billType>
    <actions>
      <actionByCounts>
        <houseOfRepresentatives>11</houseOfRepresentatives>
      </actionByCounts>
      <actionTypeCounts>
        <introducedInHouse>1</introducedInHouse>
        <houseCalendarAssignment>1</houseCalendarAssignment>
        <motionForPreviousQuestion>1</motionForPreviousQuestion>
        <considerationByHouse>1</considerationByHouse>
        <motionToReconsiderResults>1</motionToReconsiderResults>
        <reportedToHouse>1</reportedToHouse>
        <passageOfAMeasure>1</passageOfAMeasure>
        <passedAgreedToInHouse>1</passedAgreedToInHouse>
        <generalDebate>1</generalDebate>
        <provisionsOfARule>1</provisionsOfARule>
        <committeeReportOfAnOriginalMeasure>1</committeeReportOfAnOriginalMeasure>
      </actionTypeCounts>
      <item>
        <committee />
        <links />
        <sourceSystem>
          <code>2</code>
          <name>House floor actions</name>
        </sourceSystem>
        <text>Motion to reconsider laid on the table Agreed to without objection.</text>
        <actionCode>H38310</actionCode>
        <actionDate>2017-02-01</actionDate>
        <actionTime>13:53:38</actionTime>
        <type>Floor</type>
      </item>
      <item>
        <committee />
        <links>
          <link>
            <url>https://www.congress.gov/congressional-record/volume-163/house-section/page/H831</url>
            <name>H831</name>
          </link>
          <link>
            <url>http://clerk.house.gov/evs/2017/roll071.xml</url>
            <name>Roll no. 71</name>
          </link>
        </links>
        <sourceSystem>
          <code>2</code>
          <name>House floor actions</name>
        </sourceSystem>
        <text>On agreeing to the resolution Agreed to by recorded vote: 231 - 191 (Roll no. 71). (text: CR H831)</text>
        <actionCode>H37100</actionCode>
        <actionDate>2017-02-01</actionDate>
        <actionTime>13:53:36</actionTime>
        <type>Floor</type>
      </item>
      <item>
        <committee />
        <links>
          <link>
            <url>https://www.congress.gov/congressional-record/volume-163/house-section/page/H831</url>
            <name>H831</name>
          </link>
          <link>
            <url>http://clerk.house.gov/evs/2017/roll071.xml</url>
            <name>Roll no. 71</name>
          </link>
        </links>
        <sourceSystem>
          <code>9</code>
          <name>Library of Congress</name>
        </sourceSystem>
        <text>Passed/agreed to in House: On agreeing to the resolution Agreed to by recorded vote: 231 - 191 (Roll no. 71).(text: CR H831)</text>
        <actionCode>8000</actionCode>
        <actionDate>2017-02-01</actionDate>
        <actionTime>13:53:36</actionTime>
        <type>Floor</type>
      </item>
      <item>
        <committee />
        <links>
          <link>
            <url>https://www.congress.gov/congressional-record/volume-163/house-section/page/H838-839</url>
            <name>H838-839</name>
          </link>
          <link>
            <url>http://clerk.house.gov/evs/2017/roll070.xml</url>
            <name>Roll no. 70</name>
          </link>
        </links>
        <sourceSystem>
          <code>2</code>
          <name>House floor actions</name>
        </sourceSystem>
        <text>On ordering the previous question Agreed to by the Yeas and Nays: 231 - 191 (Roll no. 70). (consideration: CR H838-839)</text>
        <actionCode>H35000</actionCode>
        <actionDate>2017-02-01</actionDate>
        <actionTime>13:47:16</actionTime>
        <type>Floor</type>
      </item>
      <item>
        <committee />
        <links>
          <link>
            <url>https://www.congress.gov/bill/115th-congress/house-resolution/71</url>
            <name>H. Res. 71</name>
          </link>
        </links>
        <sourceSystem>
          <code>2</code>
          <name>House floor actions</name>
        </sourceSystem>
        <text>DEBATE - The House proceeded with one hour of debate on H. Res. 71.</text>
        <actionCode>H8D000</actionCode>
        <actionDate>2017-02-01</actionDate>
        <actionTime>12:22:24</actionTime>
        <type>Floor</type>
      </item>
      <item>
        <committee />
        <links>
          <link>
            <url>https://www.congress.gov/congressional-record/volume-163/house-section/page/H831-839</url>
            <name>H831-839</name>
          </link>
        </links>
        <sourceSystem>
          <code>2</code>
          <name>House floor actions</name>
        </sourceSystem>
        <text>Considered as privileged matter. (consideration: CR H831-839)</text>
        <actionCode>H30000</actionCode>
        <actionDate>2017-02-01</actionDate>
        <actionTime>12:20:31</actionTime>
        <type>Floor</type>
      </item>
      <item>
        <committee />
        <links />
        <sourceSystem>
          <code>2</code>
          <name>House floor actions</name>
        </sourceSystem>
        <text>Placed on the House Calendar, Calendar No. 7.</text>
        <actionCode>H12420</actionCode>
        <actionDate>2017-01-30</actionDate>
        <type>Calendars</type>
      </item>
      <item>
        <committee />
        <links>
          <link>
            <url>https://www.congress.gov/bill/115th-congress/house-joint-resolution/40</url>
            <name>H.J.Res. 40</name>
          </link>
          <link>
            <url>https://www.congress.gov/bill/115th-congress/house-joint-resolution/41</url>
            <name>H.J.Res. 41</name>
          </link>
        </links>
        <sourceSystem>
          <code>2</code>
          <name>House floor actions</name>
        </sourceSystem>
        <text>The resolution provides for one hour of general debate on both H.J.Res. 40 and H.J.Res. 41. All points of order against consideration are waived for both joint resolutions.</text>
        <actionCode>H12700</actionCode>
        <actionDate>2017-01-30</actionDate>
        <actionTime>19:10:08</actionTime>
        <type>Floor</type>
      </item>
      <item>
        <committee>
          <systemCode>hsru00</systemCode>
          <name>Rules Committee</name>
        </committee>
        <links>
          <link>
            <url>https://www.congress.gov/congressional-report/115th-congress/house-report/7</url>
            <name>H. Rept. 115-7</name>
          </link>
        </links>
        <sourceSystem>
          <code>2</code>
          <name>House floor actions</name>
        </sourceSystem>
        <text>The House Committee on Rules reported an original measure, H. Rept. 115-7, by Mr. Buck.</text>
        <actionCode>H12100</actionCode>
        <actionDate>2017-01-30</actionDate>
        <type>Committee</type>
      </item>
      <item>
        <committee>
          <systemCode>hsru00</systemCode>
          <name>Rules Committee</name>
        </committee>
        <links>
          <link>
            <url>https://www.congress.gov/congressional-report/115th-congress/house-report/7</url>
            <name>H. Rept. 115-7</name>
          </link>
        </links>
        <sourceSystem>
          <code>9</code>
          <name>Library of Congress</name>
        </sourceSystem>
        <text>The House Committee on Rules reported an original measure, H. Rept. 115-7, by Mr. Buck.</text>
        <actionCode>5000</actionCode>
        <actionDate>2017-01-30</actionDate>
        <type>Committee</type>
      </item>
      <item>
        <committee />
        <links />
        <sourceSystem>
          <code>9</code>
          <name>Library of Congress</name>
        </sourceSystem>
        <text>Introduced in House</text>
        <actionCode>1000</actionCode>
        <actionDate>2017-01-30</actionDate>
        <type>IntroReferral</type>
      </item>
    </actions>
    <committeeReports>
      <committeeReport>
        <citation>H. Rept. 115-7</citation>
      </committeeReport>
    </committeeReports>
    <version>1.0.0</version>
    <originChamber>House</originChamber>
    <subjects>
      <billSubjects>
        <policyArea>
          <name>Congress</name>
        </policyArea>
        <legislativeSubjects>
          <item>
            <name>House of Representatives</name>
          </item>
          <item>
            <name>Legislative rules and procedure</name>
          </item>
        </legislativeSubjects>
      </billSubjects>
    </subjects>
    <title>Providing for consideration of the joint resolution (H.J. Res. 41) providing for congressional disapproval under chapter 8 of title 5, United States Code, of a rule submitted by the Securities and Exchange Commission relating to "Disclosure of Payments by Resource Extraction Issuers", and providing for consideration of the joint resolution (H.J. Res. 40) providing for congressional disapproval under chapter 8 of title 5, United States Code, of the rule submitted by the Social Security Administration relating to Implementation of the NICS Improvement Amendments Act of 2007.</title>
    <introducedDate>2017-01-30</introducedDate>
    <cosponsors />
    <latestAction>
      <actionTime>13:53:38</actionTime>
      <links />
      <text>Motion to reconsider laid on the table Agreed to without objection.</text>
      <actionDate>2017-02-01</actionDate>
    </latestAction>
    <policyArea>
      <name>Congress</name>
    </policyArea>
    <relatedBills>
      <item>
        <relationshipDetails>
          <item>
            <type>Procedurally-related</type>
            <identifiedBy>House</identifiedBy>
          </item>
          <item>
            <type>Related bill</type>
            <identifiedBy>House</identifiedBy>
          </item>
        </relationshipDetails>
        <congress>115</congress>
        <type>HJRES</type>
        <latestAction>
          <actionDate>2017-02-14</actionDate>
          <text>Became Public Law No: 115-4.</text>
        </latestAction>
        <latestTitle>Providing for congressional disapproval under chapter 8 of title 5, United States Code, of a rule submitted by the Securities and Exchange Commission relating to "Disclosure of Payments by Resource Extraction Issuers".</latestTitle>
        <number>41</number>
      </item>
      <item>
        <relationshipDetails>
          <item>
            <type>Procedurally-related</type>
            <identifiedBy>House</identifiedBy>
          </item>
        </relationshipDetails>
        <congress>115</congress>
        <type>HJRES</type>
        <latestAction>
          <actionDate>2017-02-28</actionDate>
          <text>Became Public Law No: 115-8.</text>
        </latestAction>
        <latestTitle>Providing for congressional disapproval under chapter 8 of title 5, United States Code, of the rule submitted by the Social Security Administration relating to Implementation of the NICS Improvement Amendments Act of 2007.</latestTitle>
        <number>40</number>
      </item>
    </relatedBills>
  </bill>
  <dublinCore xmlns:dc="http://purl.org/dc/elements/1.1/">
    <dc:format>text/xml</dc:format>
    <dc:language>EN</dc:language>
    <dc:rights>Pursuant to Title 17 Section 105 of the United States Code, this file is not subject to copyright protection and is in the public domain.</dc:rights>
    <dc:contributor>Congressional Research Service, Library of Congress</dc:contributor>
    <dc:description>This file contains bill summaries and statuses for federal legislation. A bill summary describes the most significant provisions of a piece of legislation and details the effects the legislative text may have on current law and federal programs. Bill summaries are authored by the Congressional Research Service (CRS) of the Library of Congress. As stated in Public Law 91-510 (2 USC 166 (d)(6)), one of the duties of CRS is "to prepare summaries and digests of bills and resolutions of a public general nature introduced in the Senate or House of Representatives". For more information, refer to the User Guide that accompanies this file.</dc:description>
  </dublinCore>
</billStatus>

