<?xml version="1.0" encoding="UTF-8"?>
<billStatus>
  <bill>
    <policyArea>
      <name>Sports and Recreation</name>
    </policyArea>
    <introducedDate>2017-07-11</introducedDate>
    <cosponsors>
      <item>
        <lastName>Kildee</lastName>
        <firstName>Daniel</firstName>
        <sponsorshipWithdrawnDate />
        <isOriginalCosponsor>True</isOriginalCosponsor>
        <district>5</district>
        <party>D</party>
        <fullName>Rep. Kildee, Daniel T. [D-MI-5]</fullName>
        <middleName>T.</middleName>
        <state>MI</state>
        <bioguideId>K000380</bioguideId>
        <sponsorshipDate>2017-07-11</sponsorshipDate>
        <identifiers>
          <gpoId />
          <bioguideId>K000380</bioguideId>
          <lisID>2134</lisID>
        </identifiers>
      </item>
      <item>
        <lastName>Meehan</lastName>
        <firstName>Patrick</firstName>
        <sponsorshipWithdrawnDate />
        <isOriginalCosponsor>True</isOriginalCosponsor>
        <district>7</district>
        <party>R</party>
        <fullName>Rep. Meehan, Patrick [R-PA-7]</fullName>
        <middleName />
        <state>PA</state>
        <bioguideId>M001181</bioguideId>
        <sponsorshipDate>2017-07-11</sponsorshipDate>
        <identifiers>
          <lisID>2052</lisID>
          <bioguideId>M001181</bioguideId>
          <gpoId>8125</gpoId>
        </identifiers>
      </item>
      <item>
        <lastName>Bustos</lastName>
        <firstName>Cheri</firstName>
        <sponsorshipWithdrawnDate />
        <isOriginalCosponsor>True</isOriginalCosponsor>
        <district>17</district>
        <party>D</party>
        <fullName>Rep. Bustos, Cheri [D-IL-17]</fullName>
        <middleName />
        <state>IL</state>
        <bioguideId>B001286</bioguideId>
        <sponsorshipDate>2017-07-11</sponsorshipDate>
        <identifiers>
          <lisID>2127</lisID>
          <bioguideId>B001286</bioguideId>
          <gpoId />
        </identifiers>
      </item>
      <item>
        <lastName>PASCRELL</lastName>
        <firstName>WILLIAM</firstName>
        <sponsorshipWithdrawnDate />
        <isOriginalCosponsor>True</isOriginalCosponsor>
        <district>9</district>
        <party>D</party>
        <fullName>Rep. Pascrell, Bill, Jr. [D-NJ-9]</fullName>
        <middleName>J.</middleName>
        <state>NJ</state>
        <bioguideId>P000096</bioguideId>
        <sponsorshipDate>2017-07-11</sponsorshipDate>
        <identifiers>
          <lisID>1510</lisID>
          <bioguideId>P000096</bioguideId>
          <gpoId>8050</gpoId>
        </identifiers>
      </item>
      <item>
        <lastName>Jordan</lastName>
        <firstName>Jim</firstName>
        <sponsorshipWithdrawnDate />
        <isOriginalCosponsor>True</isOriginalCosponsor>
        <district>4</district>
        <party>R</party>
        <fullName>Rep. Jordan, Jim [R-OH-4]</fullName>
        <middleName />
        <state>OH</state>
        <bioguideId>J000289</bioguideId>
        <sponsorshipDate>2017-07-11</sponsorshipDate>
        <identifiers>
          <bioguideId>J000289</bioguideId>
          <lisID>1868</lisID>
          <gpoId>8094</gpoId>
        </identifiers>
      </item>
      <item>
        <lastName>Takano</lastName>
        <firstName>Mark</firstName>
        <sponsorshipWithdrawnDate />
        <isOriginalCosponsor>True</isOriginalCosponsor>
        <district>41</district>
        <party>D</party>
        <fullName>Rep. Takano, Mark [D-CA-41]</fullName>
        <middleName />
        <state>CA</state>
        <bioguideId>T000472</bioguideId>
        <sponsorshipDate>2017-07-11</sponsorshipDate>
        <identifiers>
          <lisID>2110</lisID>
          <bioguideId>T000472</bioguideId>
          <gpoId />
        </identifiers>
      </item>
      <item>
        <lastName>NORTON</lastName>
        <firstName>ELEANOR</firstName>
        <sponsorshipWithdrawnDate />
        <isOriginalCosponsor>True</isOriginalCosponsor>
        <district>0</district>
        <party>D</party>
        <fullName>Rep. Norton, Eleanor Holmes [D-DC-At Large]</fullName>
        <middleName>HOLMES</middleName>
        <state>DC</state>
        <bioguideId>N000147</bioguideId>
        <sponsorshipDate>2017-07-11</sponsorshipDate>
        <identifiers>
          <lisID>868</lisID>
          <gpoId>7871</gpoId>
          <bioguideId>N000147</bioguideId>
        </identifiers>
      </item>
      <item>
        <lastName>Bordallo</lastName>
        <firstName>Madeleine</firstName>
        <sponsorshipWithdrawnDate />
        <isOriginalCosponsor>True</isOriginalCosponsor>
        <district>0</district>
        <party>D</party>
        <fullName>Rep. Bordallo, Madeleine Z. [D-GU-At Large]</fullName>
        <middleName>Z.</middleName>
        <state>GU</state>
        <bioguideId>B001245</bioguideId>
        <sponsorshipDate>2017-07-11</sponsorshipDate>
        <identifiers>
          <gpoId>7911</gpoId>
          <bioguideId>B001245</bioguideId>
          <lisID>1723</lisID>
        </identifiers>
      </item>
      <item>
        <lastName>LANGEVIN</lastName>
        <firstName>JAMES</firstName>
        <sponsorshipWithdrawnDate />
        <isOriginalCosponsor>True</isOriginalCosponsor>
        <district>2</district>
        <party>D</party>
        <fullName>Rep. Langevin, James R. [D-RI-2]</fullName>
        <middleName>R.</middleName>
        <state>RI</state>
        <bioguideId>L000559</bioguideId>
        <sponsorshipDate>2017-07-11</sponsorshipDate>
        <identifiers>
          <gpoId>8140</gpoId>
          <lisID>1668</lisID>
          <bioguideId>L000559</bioguideId>
        </identifiers>
      </item>
      <item>
        <lastName>PALLONE</lastName>
        <firstName>FRANK</firstName>
        <sponsorshipWithdrawnDate />
        <isOriginalCosponsor>False</isOriginalCosponsor>
        <district>6</district>
        <party>D</party>
        <fullName>Rep. Pallone, Frank, Jr. [D-NJ-6]</fullName>
        <middleName />
        <state>NJ</state>
        <bioguideId>P000034</bioguideId>
        <sponsorshipDate>2017-07-14</sponsorshipDate>
        <identifiers>
          <lisID>887</lisID>
          <bioguideId>P000034</bioguideId>
          <gpoId>8048</gpoId>
        </identifiers>
      </item>
      <item>
        <lastName>Veasey</lastName>
        <firstName>Marc</firstName>
        <sponsorshipWithdrawnDate />
        <isOriginalCosponsor>False</isOriginalCosponsor>
        <district>33</district>
        <party>D</party>
        <fullName>Rep. Veasey, Marc A. [D-TX-33]</fullName>
        <middleName>A.</middleName>
        <state>TX</state>
        <bioguideId>V000131</bioguideId>
        <sponsorshipDate>2017-07-26</sponsorshipDate>
        <identifiers>
          <gpoId />
          <lisID>2166</lisID>
          <bioguideId>V000131</bioguideId>
        </identifiers>
      </item>
      <item>
        <lastName>Beatty</lastName>
        <firstName>Joyce</firstName>
        <sponsorshipWithdrawnDate />
        <isOriginalCosponsor>False</isOriginalCosponsor>
        <district>3</district>
        <party>D</party>
        <fullName>Rep. Beatty, Joyce [D-OH-3]</fullName>
        <middleName />
        <state>OH</state>
        <bioguideId>B001281</bioguideId>
        <sponsorshipDate>2017-07-26</sponsorshipDate>
        <identifiers>
          <lisID>2153</lisID>
          <bioguideId>B001281</bioguideId>
          <gpoId />
        </identifiers>
      </item>
    </cosponsors>
    <titles>
      <item>
        <chamberCode />
        <chamberName />
        <parentTitleType />
        <titleType>Official Title as Introduced</titleType>
        <title>Recognizing the millions of youth in this Nation benefitting from youth sports and the parents, volunteers, and local and national organizations that make youth sports in this country possible, and for other purposes.</title>
      </item>
      <item>
        <chamberCode />
        <chamberName />
        <parentTitleType />
        <titleType>Display Title</titleType>
        <title>Recognizing the millions of youth in this Nation benefitting from youth sports and the parents, volunteers, and local and national organizations that make youth sports in this country possible, and for other purposes.</title>
      </item>
    </titles>
    <congress>115</congress>
    <recordedVotes />
    <amendments />
    <laws />
    <cboCostEstimates />
    <actions>
      <actionTypeCounts>
        <introducedInHouse>1</introducedInHouse>
        <introducedInTheHouse>1</introducedInTheHouse>
        <billReferrals>2</billReferrals>
        <placeholderTextForH>1</placeholderTextForH>
      </actionTypeCounts>
      <item>
        <actionDate>2017-07-14</actionDate>
        <committee>
          <systemCode>hsif17</systemCode>
          <name>Commerce, Manufacturing, and Trade Subcommittee</name>
        </committee>
        <links />
        <sourceSystem>
          <code>1</code>
          <name>House committee actions</name>
        </sourceSystem>
        <text>Referred to the Subcommittee on Digital Commerce and Consumer Protection.</text>
        <type>Committee</type>
      </item>
      <item>
        <type>IntroReferral</type>
        <text>Referred to the Committee on Education and the Workforce, and in addition to the Committee on Energy and Commerce, for a period to be subsequently determined by the Speaker, in each case for consideration of such provisions as fall within the jurisdiction of the committee concerned.</text>
        <links />
        <committee>
          <systemCode>hsif00</systemCode>
          <name>Energy and Commerce Committee</name>
        </committee>
        <sourceSystem>
          <code>2</code>
          <name>House floor actions</name>
        </sourceSystem>
        <actionDate>2017-07-11</actionDate>
        <actionCode>H11100</actionCode>
      </item>
      <item>
        <type>IntroReferral</type>
        <text>Referred to the Committee on Education and the Workforce, and in addition to the Committee on Energy and Commerce, for a period to be subsequently determined by the Speaker, in each case for consideration of such provisions as fall within the jurisdiction of the committee concerned.</text>
        <links />
        <committee>
          <systemCode>hsed00</systemCode>
          <name>Education and the Workforce Committee</name>
        </committee>
        <sourceSystem>
          <code>2</code>
          <name>House floor actions</name>
        </sourceSystem>
        <actionDate>2017-07-11</actionDate>
        <actionCode>H11100</actionCode>
      </item>
      <item>
        <type>IntroReferral</type>
        <text>Introduced in House</text>
        <links />
        <committee />
        <sourceSystem>
          <code>9</code>
          <name>Library of Congress</name>
        </sourceSystem>
        <actionDate>2017-07-11</actionDate>
        <actionCode>Intro-H</actionCode>
      </item>
      <item>
        <type>IntroReferral</type>
        <text>Introduced in House</text>
        <links />
        <committee />
        <sourceSystem>
          <code>9</code>
          <name>Library of Congress</name>
        </sourceSystem>
        <actionDate>2017-07-11</actionDate>
        <actionCode>1000</actionCode>
      </item>
      <actionByCounts>
        <houseOfRepresentatives>5</houseOfRepresentatives>
      </actionByCounts>
    </actions>
    <updateDate>2018-02-06T16:39:52Z</updateDate>
    <summaries>
      <billSummaries>
        <item>
          <lastSummaryUpdateDate>2017-09-28T20:50:22Z</lastSummaryUpdateDate>
          <updateDate>2017-07-11T04:00:00Z</updateDate>
          <versionCode>00</versionCode>
          <text><![CDATA[<p>Recognizes: (1) during National Youth Sports Week, the millions of youth in this nation benefitting from youth sports and the parents, volunteers, and local and national organizations that make youth sports in this country possible; and (2) the efforts to improve youth sports through promotion of Physical activity, Living healthy, Accessibility, Youth development, and Safety (P.L.A.Y.S.).</p>]]></text>
          <name>Introduced in House</name>
          <actionDesc>Introduced in House</actionDesc>
          <actionDate>2017-07-11</actionDate>
        </item>
      </billSummaries>
    </summaries>
    <title>Recognizing the millions of youth in this Nation benefitting from youth sports and the parents, volunteers, and local and national organizations that make youth sports in this country possible, and for other purposes.</title>
    <calendarNumbers />
    <originChamber>House</originChamber>
    <constitutionalAuthorityStatementText />
    <notes />
    <billType>HRES</billType>
    <committees>
      <billCommittees>
        <item>
          <systemCode>hsif00</systemCode>
          <chamber>House</chamber>
          <type>Standing</type>
          <activities>
            <item>
              <name>Referred to</name>
              <date>2017-07-11T16:02:15Z</date>
            </item>
          </activities>
          <name>Energy and Commerce Committee</name>
          <subcommittees>
            <item>
              <systemCode>hsif17</systemCode>
              <name>Commerce, Manufacturing, and Trade Subcommittee</name>
              <activities>
                <item>
                  <name>Referred to</name>
                  <date>2017-07-14T16:09:35Z</date>
                </item>
              </activities>
            </item>
          </subcommittees>
        </item>
        <item>
          <systemCode>hsed00</systemCode>
          <chamber>House</chamber>
          <type>Standing</type>
          <activities>
            <item>
              <name>Referred to</name>
              <date>2017-07-11T16:02:10Z</date>
            </item>
          </activities>
          <name>Education and the Workforce Committee</name>
          <subcommittees />
        </item>
      </billCommittees>
    </committees>
    <latestAction>
      <text>Referred to the Subcommittee on Digital Commerce and Consumer Protection.</text>
      <actionDate>2017-07-14</actionDate>
      <links />
    </latestAction>
    <committeeReports />
    <billNumber>435</billNumber>
    <sponsors>
      <item>
        <byRequestType />
        <state>WI</state>
        <bioguideId>K000188</bioguideId>
        <identifiers>
          <gpoId>8216</gpoId>
          <lisID>1498</lisID>
          <bioguideId>K000188</bioguideId>
        </identifiers>
        <fullName>Rep. Kind, Ron [D-WI-3]</fullName>
        <district>3</district>
        <lastName>KIND</lastName>
        <firstName>RON</firstName>
        <middleName />
        <party>D</party>
      </item>
    </sponsors>
    <subjects>
      <billSubjects>
        <legislativeSubjects>
          <item>
            <name>Athletes</name>
          </item>
          <item>
            <name>Child health</name>
          </item>
          <item>
            <name>Physical fitness and lifestyle</name>
          </item>
          <item>
            <name>Social work, volunteer service, charitable organizations</name>
          </item>
        </legislativeSubjects>
        <policyArea>
          <name>Sports and Recreation</name>
        </policyArea>
      </billSubjects>
    </subjects>
    <createDate>2017-07-12T03:11:32Z</createDate>
    <version>1.0.0</version>
    <relatedBills>
      <item>
        <congress>115</congress>
        <latestTitle>A resolution recognizing "National Youth Sports Week" and the efforts by parents, volunteers, and national organizations in their efforts to promote healthy living and youth development.</latestTitle>
        <number>227</number>
        <type>SRES</type>
        <latestAction>
          <text>Resolution agreed to in Senate without amendment and with a preamble by Unanimous Consent.</text>
          <actionDate>2017-08-02</actionDate>
        </latestAction>
        <relationshipDetails>
          <item>
            <type>Related bill</type>
            <identifiedBy>CRS</identifiedBy>
          </item>
        </relationshipDetails>
      </item>
    </relatedBills>
  </bill>
  <dublinCore xmlns:dc="http://purl.org/dc/elements/1.1/">
    <dc:format>text/xml</dc:format>
    <dc:language>EN</dc:language>
    <dc:rights>Pursuant to Title 17 Section 105 of the United States Code, this file is not subject to copyright protection and is in the public domain.</dc:rights>
    <dc:contributor>Congressional Research Service, Library of Congress</dc:contributor>
    <dc:description>This file contains bill summaries and statuses for federal legislation. A bill summary describes the most significant provisions of a piece of legislation and details the effects the legislative text may have on current law and federal programs. Bill summaries are authored by the Congressional Research Service (CRS) of the Library of Congress. As stated in Public Law 91-510 (2 USC 166 (d)(6)), one of the duties of CRS is "to prepare summaries and digests of bills and resolutions of a public general nature introduced in the Senate or House of Representatives". For more information, refer to the User Guide that accompanies this file.</dc:description>
  </dublinCore>
</billStatus>

