<?xml version="1.0" encoding="UTF-8"?>
<billStatus>
  <bill>
    <cboCostEstimates />
    <title>Providing for consideration of the Senate amendments to the bill (H.R. 244) to encourage effective, voluntary investments to recruit, employ, and retain men and women who have served in the United States military with annual Federal awards to employers recognizing such efforts, and for other purposes.</title>
    <originChamber>House</originChamber>
    <summaries>
      <billSummaries>
        <item>
          <versionCode>00</versionCode>
          <actionDate>2017-05-02</actionDate>
          <lastSummaryUpdateDate>2017-05-03T08:04:03Z</lastSummaryUpdateDate>
          <updateDate>2017-05-02T04:00:00Z</updateDate>
          <actionDesc>Introduced in House</actionDesc>
          <text><![CDATA[Sets forth the rule for consideration of the Senate amendments to the bill (H.R. 244) to encourage effective, voluntary investments to recruit, employ, and retain men and women who have served in the United States military with annual Federal awards to employers recognizing such efforts.]]></text>
          <name>Introduced in House</name>
        </item>
      </billSummaries>
    </summaries>
    <constitutionalAuthorityStatementText />
    <latestAction>
      <actionDate>2017-05-03</actionDate>
      <actionTime>14:15:43</actionTime>
      <links />
      <text>Motion to reconsider laid on the table Agreed to without objection.</text>
    </latestAction>
    <actions>
      <actionTypeCounts>
        <reportedToHouse>1</reportedToHouse>
        <motionForPreviousQuestion>1</motionForPreviousQuestion>
        <introducedInHouse>1</introducedInHouse>
        <motionToReconsiderResults>1</motionToReconsiderResults>
        <passageOfAMeasure>1</passageOfAMeasure>
        <generalDebate>1</generalDebate>
        <houseCalendarAssignment>1</houseCalendarAssignment>
        <considerationByHouse>1</considerationByHouse>
        <committeeReportOfAnOriginalMeasure>1</committeeReportOfAnOriginalMeasure>
        <provisionsOfARule>1</provisionsOfARule>
        <passedAgreedToInHouse>1</passedAgreedToInHouse>
      </actionTypeCounts>
      <item>
        <committee />
        <actionCode>H38310</actionCode>
        <sourceSystem>
          <code>2</code>
          <name>House floor actions</name>
        </sourceSystem>
        <actionDate>2017-05-03</actionDate>
        <text>Motion to reconsider laid on the table Agreed to without objection.</text>
        <links />
        <type>Floor</type>
        <actionTime>14:15:43</actionTime>
      </item>
      <item>
        <committee />
        <actionCode>H37100</actionCode>
        <sourceSystem>
          <code>2</code>
          <name>House floor actions</name>
        </sourceSystem>
        <actionDate>2017-05-03</actionDate>
        <text>On agreeing to the resolution Agreed to by recorded vote: 240 - 186 (Roll no. 247). (text: CR H3080)</text>
        <links>
          <link>
            <name>H3080</name>
            <url>https://www.congress.gov/congressional-record/volume-163/house-section/page/H3080</url>
          </link>
          <link>
            <name>Roll no. 247</name>
            <url>http://clerk.house.gov/evs/2017/roll247.xml</url>
          </link>
        </links>
        <type>Floor</type>
        <actionTime>14:15:41</actionTime>
      </item>
      <item>
        <committee />
        <actionCode>8000</actionCode>
        <sourceSystem>
          <code>9</code>
          <name>Library of Congress</name>
        </sourceSystem>
        <actionDate>2017-05-03</actionDate>
        <text>Passed/agreed to in House: On agreeing to the resolution Agreed to by recorded vote: 240 - 186 (Roll no. 247).(text: CR H3080)</text>
        <links>
          <link>
            <name>H3080</name>
            <url>https://www.congress.gov/congressional-record/volume-163/house-section/page/H3080</url>
          </link>
          <link>
            <name>Roll no. 247</name>
            <url>http://clerk.house.gov/evs/2017/roll247.xml</url>
          </link>
        </links>
        <type>Floor</type>
        <actionTime>14:15:41</actionTime>
      </item>
      <item>
        <committee />
        <actionCode>H35000</actionCode>
        <sourceSystem>
          <code>2</code>
          <name>House floor actions</name>
        </sourceSystem>
        <actionDate>2017-05-03</actionDate>
        <text>On ordering the previous question Agreed to by the Yeas and Nays: 231 - 192 (Roll no. 246). (consideration: CR H3087)</text>
        <links>
          <link>
            <name>H3087</name>
            <url>https://www.congress.gov/congressional-record/volume-163/house-section/page/H3087</url>
          </link>
          <link>
            <name>Roll no. 246</name>
            <url>http://clerk.house.gov/evs/2017/roll246.xml</url>
          </link>
        </links>
        <type>Floor</type>
        <actionTime>14:02:38</actionTime>
      </item>
      <item>
        <committee />
        <actionCode>H8D000</actionCode>
        <sourceSystem>
          <code>2</code>
          <name>House floor actions</name>
        </sourceSystem>
        <actionDate>2017-05-03</actionDate>
        <text>DEBATE - The House proceeded with one hour of debate on H. Res. 305.</text>
        <links>
          <link>
            <name>H. Res. 305</name>
            <url>https://www.congress.gov/bill/115th-congress/house-resolution/305</url>
          </link>
        </links>
        <type>Floor</type>
        <actionTime>12:37:28</actionTime>
      </item>
      <item>
        <committee />
        <actionCode>H30000</actionCode>
        <sourceSystem>
          <code>2</code>
          <name>House floor actions</name>
        </sourceSystem>
        <actionDate>2017-05-03</actionDate>
        <text>Considered as privileged matter. (consideration: CR H3080-3089)</text>
        <links>
          <link>
            <name>H3080-3089</name>
            <url>https://www.congress.gov/congressional-record/volume-163/house-section/page/H3080-3089</url>
          </link>
        </links>
        <type>Floor</type>
        <actionTime>12:35:19</actionTime>
      </item>
      <item>
        <committee />
        <sourceSystem>
          <code>2</code>
          <name>House floor actions</name>
        </sourceSystem>
        <actionDate>2017-05-02</actionDate>
        <text>Placed on the House Calendar, Calendar No. 45.</text>
        <links />
        <type>Calendars</type>
        <actionCode>H12420</actionCode>
      </item>
      <item>
        <committee />
        <actionCode>H12700</actionCode>
        <sourceSystem>
          <code>2</code>
          <name>House floor actions</name>
        </sourceSystem>
        <actionDate>2017-05-02</actionDate>
        <text>Rule provides for one hour of general debate. The resolution makes in order a single motion that the House concur in the Senate amendments numbered 2 and 3, and that the House concur in the Senate amendment numbered 1 with an amendment consisting of the text of Rules Committee Print 115-16 modified by the amendment printed in House Report 115-108.</text>
        <links />
        <type>Floor</type>
        <actionTime>17:42:27</actionTime>
      </item>
      <item>
        <committee>
          <systemCode>hsru00</systemCode>
          <name>Rules Committee</name>
        </committee>
        <sourceSystem>
          <code>2</code>
          <name>House floor actions</name>
        </sourceSystem>
        <actionDate>2017-05-02</actionDate>
        <text>The House Committee on Rules reported an original measure, H. Rept. 115-108, by Mr. Cole.</text>
        <links>
          <link>
            <name>H. Rept. 115-108</name>
            <url>https://www.congress.gov/congressional-report/115th-congress/house-report/108</url>
          </link>
        </links>
        <type>Committee</type>
        <actionCode>H12100</actionCode>
      </item>
      <item>
        <committee>
          <systemCode>hsru00</systemCode>
          <name>Rules Committee</name>
        </committee>
        <sourceSystem>
          <code>9</code>
          <name>Library of Congress</name>
        </sourceSystem>
        <actionDate>2017-05-02</actionDate>
        <text>The House Committee on Rules reported an original measure, H. Rept. 115-108, by Mr. Cole.</text>
        <links>
          <link>
            <name>H. Rept. 115-108</name>
            <url>https://www.congress.gov/congressional-report/115th-congress/house-report/108</url>
          </link>
        </links>
        <type>Committee</type>
        <actionCode>5000</actionCode>
      </item>
      <item>
        <committee />
        <sourceSystem>
          <code>9</code>
          <name>Library of Congress</name>
        </sourceSystem>
        <actionDate>2017-05-02</actionDate>
        <text>Introduced in House</text>
        <links />
        <type>IntroReferral</type>
        <actionCode>1000</actionCode>
      </item>
      <actionByCounts>
        <houseOfRepresentatives>11</houseOfRepresentatives>
      </actionByCounts>
    </actions>
    <amendments />
    <introducedDate>2017-05-02</introducedDate>
    <policyArea>
      <name>Congress</name>
    </policyArea>
    <billNumber>305</billNumber>
    <congress>115</congress>
    <committeeReports>
      <committeeReport>
        <citation>H. Rept. 115-108</citation>
      </committeeReport>
    </committeeReports>
    <cosponsors />
    <version>1.0.0</version>
    <createDate>2017-05-03T03:11:39Z</createDate>
    <billType>HRES</billType>
    <titles>
      <item>
        <titleType>Official Title as Introduced</titleType>
        <chamberName />
        <title>Providing for consideration of the Senate amendments to the bill (H.R. 244) to encourage effective, voluntary investments to recruit, employ, and retain men and women who have served in the United States military with annual Federal awards to employers recognizing such efforts, and for other purposes.</title>
        <chamberCode />
        <parentTitleType />
      </item>
      <item>
        <titleType>Display Title</titleType>
        <chamberName />
        <title>Providing for consideration of the Senate amendments to the bill (H.R. 244) to encourage effective, voluntary investments to recruit, employ, and retain men and women who have served in the United States military with annual Federal awards to employers recognizing such efforts, and for other purposes.</title>
        <chamberCode />
        <parentTitleType />
      </item>
    </titles>
    <notes />
    <sponsors>
      <item>
        <byRequestType />
        <party>R</party>
        <fullName>Rep. Cole, Tom [R-OK-4]</fullName>
        <identifiers>
          <bioguideId>C001053</bioguideId>
          <gpoId>8112</gpoId>
          <lisID>1742</lisID>
        </identifiers>
        <lastName>Cole</lastName>
        <bioguideId>C001053</bioguideId>
        <state>OK</state>
        <firstName>Tom</firstName>
        <middleName />
        <district>4</district>
      </item>
    </sponsors>
    <recordedVotes>
      <recordedVote>
        <date>2017-05-03T18:15:41Z</date>
        <chamber>House</chamber>
        <rollNumber>247</rollNumber>
        <url>http://clerk.house.gov/evs/2017/roll247.xml</url>
        <congress>115</congress>
        <fullActionName>Passage of a Measure</fullActionName>
        <sessionNumber>1</sessionNumber>
      </recordedVote>
      <recordedVote>
        <date>2017-05-03T18:02:38Z</date>
        <chamber>House</chamber>
        <rollNumber>246</rollNumber>
        <url>http://clerk.house.gov/evs/2017/roll246.xml</url>
        <congress>115</congress>
        <fullActionName>Motion for Previous Question</fullActionName>
        <sessionNumber>1</sessionNumber>
      </recordedVote>
    </recordedVotes>
    <relatedBills>
      <item>
        <latestTitle>Consolidated Appropriations Act, 2017</latestTitle>
        <latestAction>
          <actionDate>2017-05-05</actionDate>
          <text>Became Public Law No: 115-31.</text>
        </latestAction>
        <congress>115</congress>
        <number>244</number>
        <type>HR</type>
        <relationshipDetails>
          <item>
            <type>Procedurally-related</type>
            <identifiedBy>House</identifiedBy>
          </item>
        </relationshipDetails>
      </item>
    </relatedBills>
    <subjects>
      <billSubjects>
        <policyArea>
          <name>Congress</name>
        </policyArea>
        <legislativeSubjects>
          <item>
            <name>House of Representatives</name>
          </item>
          <item>
            <name>Legislative rules and procedure</name>
          </item>
        </legislativeSubjects>
      </billSubjects>
    </subjects>
    <updateDate>2018-02-22T15:26:50Z</updateDate>
    <laws />
    <calendarNumbers>
      <item>
        <number />
        <calendar>H00045</calendar>
      </item>
    </calendarNumbers>
    <committees>
      <billCommittees>
        <item>
          <subcommittees />
          <chamber>House</chamber>
          <activities>
            <item>
              <date>2017-05-02T21:42:26Z</date>
              <name>Reported original measure</name>
            </item>
          </activities>
          <type>Standing</type>
          <name>Rules Committee</name>
          <systemCode>hsru00</systemCode>
        </item>
      </billCommittees>
    </committees>
  </bill>
  <dublinCore xmlns:dc="http://purl.org/dc/elements/1.1/">
    <dc:format>text/xml</dc:format>
    <dc:language>EN</dc:language>
    <dc:rights>Pursuant to Title 17 Section 105 of the United States Code, this file is not subject to copyright protection and is in the public domain.</dc:rights>
    <dc:contributor>Congressional Research Service, Library of Congress</dc:contributor>
    <dc:description>This file contains bill summaries and statuses for federal legislation. A bill summary describes the most significant provisions of a piece of legislation and details the effects the legislative text may have on current law and federal programs. Bill summaries are authored by the Congressional Research Service (CRS) of the Library of Congress. As stated in Public Law 91-510 (2 USC 166 (d)(6)), one of the duties of CRS is "to prepare summaries and digests of bills and resolutions of a public general nature introduced in the Senate or House of Representatives". For more information, refer to the User Guide that accompanies this file.</dc:description>
  </dublinCore>
</billStatus>

