<?xml version="1.0" encoding="UTF-8"?>
<billStatus>
  <bill>
    <cosponsors>
      <item>
        <identifiers>
          <bioguideId>E000296</bioguideId>
          <gpoId />
          <lisID>2298</lisID>
        </identifiers>
        <sponsorshipDate>2017-03-10</sponsorshipDate>
        <district>2</district>
        <middleName />
        <sponsorshipWithdrawnDate />
        <fullName>Rep. Evans, Dwight [D-PA-2]</fullName>
        <party>D</party>
        <firstName>Dwight</firstName>
        <isOriginalCosponsor>True</isOriginalCosponsor>
        <lastName>Evans</lastName>
        <state>PA</state>
        <bioguideId>E000296</bioguideId>
      </item>
      <item>
        <identifiers>
          <gpoId />
          <bioguideId>R000606</bioguideId>
          <lisID>2332</lisID>
        </identifiers>
        <sponsorshipDate>2017-03-10</sponsorshipDate>
        <district>8</district>
        <middleName />
        <sponsorshipWithdrawnDate />
        <fullName>Rep. Raskin, Jamie [D-MD-8]</fullName>
        <party>D</party>
        <firstName>Jamie</firstName>
        <isOriginalCosponsor>True</isOriginalCosponsor>
        <lastName>Raskin</lastName>
        <state>MD</state>
        <bioguideId>R000606</bioguideId>
      </item>
      <item>
        <identifiers>
          <gpoId />
          <bioguideId>T000474</bioguideId>
          <lisID>2231</lisID>
        </identifiers>
        <sponsorshipDate>2017-03-10</sponsorshipDate>
        <district>35</district>
        <middleName>J.</middleName>
        <sponsorshipWithdrawnDate />
        <fullName>Rep. Torres, Norma J. [D-CA-35]</fullName>
        <party>D</party>
        <firstName>Norma</firstName>
        <isOriginalCosponsor>True</isOriginalCosponsor>
        <lastName>Torres</lastName>
        <state>CA</state>
        <bioguideId>T000474</bioguideId>
      </item>
      <item>
        <identifiers>
          <lisID>1668</lisID>
          <gpoId>8140</gpoId>
          <bioguideId>L000559</bioguideId>
        </identifiers>
        <sponsorshipDate>2017-03-10</sponsorshipDate>
        <district>2</district>
        <middleName>R.</middleName>
        <sponsorshipWithdrawnDate />
        <fullName>Rep. Langevin, James R. [D-RI-2]</fullName>
        <party>D</party>
        <firstName>JAMES</firstName>
        <isOriginalCosponsor>True</isOriginalCosponsor>
        <lastName>LANGEVIN</lastName>
        <state>RI</state>
        <bioguideId>L000559</bioguideId>
      </item>
      <item>
        <identifiers>
          <lisID>2342</lisID>
          <gpoId />
          <bioguideId>E000297</bioguideId>
        </identifiers>
        <sponsorshipDate>2017-03-10</sponsorshipDate>
        <district>13</district>
        <middleName />
        <sponsorshipWithdrawnDate />
        <fullName>Rep. Espaillat, Adriano [D-NY-13]</fullName>
        <party>D</party>
        <firstName>Adriano</firstName>
        <isOriginalCosponsor>True</isOriginalCosponsor>
        <lastName>Espaillat</lastName>
        <state>NY</state>
        <bioguideId>E000297</bioguideId>
      </item>
      <item>
        <identifiers>
          <bioguideId>C001084</bioguideId>
          <lisID>2055</lisID>
          <gpoId>8139</gpoId>
        </identifiers>
        <sponsorshipDate>2017-03-10</sponsorshipDate>
        <district>1</district>
        <middleName>N.</middleName>
        <sponsorshipWithdrawnDate />
        <fullName>Rep. Cicilline, David N. [D-RI-1]</fullName>
        <party>D</party>
        <firstName>David</firstName>
        <isOriginalCosponsor>True</isOriginalCosponsor>
        <lastName>Cicilline</lastName>
        <state>RI</state>
        <bioguideId>C001084</bioguideId>
      </item>
      <item>
        <identifiers>
          <bioguideId>C001068</bioguideId>
          <lisID>1878</lisID>
          <gpoId>8156</gpoId>
        </identifiers>
        <sponsorshipDate>2017-03-10</sponsorshipDate>
        <district>9</district>
        <middleName />
        <sponsorshipWithdrawnDate />
        <fullName>Rep. Cohen, Steve [D-TN-9]</fullName>
        <party>D</party>
        <firstName>Steve</firstName>
        <isOriginalCosponsor>True</isOriginalCosponsor>
        <lastName>Cohen</lastName>
        <state>TN</state>
        <bioguideId>C001068</bioguideId>
      </item>
      <item>
        <identifiers>
          <gpoId>8373</gpoId>
          <bioguideId>P000604</bioguideId>
          <lisID>2097</lisID>
        </identifiers>
        <sponsorshipDate>2017-03-10</sponsorshipDate>
        <district>10</district>
        <middleName>M.</middleName>
        <sponsorshipWithdrawnDate />
        <fullName>Rep. Payne, Donald M., Jr. [D-NJ-10]</fullName>
        <party>D</party>
        <firstName>Donald</firstName>
        <isOriginalCosponsor>True</isOriginalCosponsor>
        <lastName>Payne</lastName>
        <state>NJ</state>
        <bioguideId>P000604</bioguideId>
      </item>
      <item>
        <identifiers>
          <gpoId>7923</gpoId>
          <lisID>1781</lisID>
          <bioguideId>L000563</bioguideId>
        </identifiers>
        <sponsorshipDate>2017-03-10</sponsorshipDate>
        <district>3</district>
        <middleName>William</middleName>
        <sponsorshipWithdrawnDate />
        <fullName>Rep. Lipinski, Daniel [D-IL-3]</fullName>
        <party>D</party>
        <firstName>Daniel</firstName>
        <isOriginalCosponsor>True</isOriginalCosponsor>
        <lastName>Lipinski</lastName>
        <state>IL</state>
        <bioguideId>L000563</bioguideId>
      </item>
      <item>
        <identifiers>
          <bioguideId>B001227</bioguideId>
          <lisID>1469</lisID>
          <gpoId>8119</gpoId>
        </identifiers>
        <sponsorshipDate>2017-03-10</sponsorshipDate>
        <district>1</district>
        <middleName>A.</middleName>
        <sponsorshipWithdrawnDate />
        <fullName>Rep. Brady, Robert A. [D-PA-1]</fullName>
        <party>D</party>
        <firstName>ROBERT</firstName>
        <isOriginalCosponsor>True</isOriginalCosponsor>
        <lastName>BRADY</lastName>
        <state>PA</state>
        <bioguideId>B001227</bioguideId>
      </item>
      <item>
        <identifiers>
          <bioguideId>K000380</bioguideId>
          <lisID>2134</lisID>
          <gpoId />
        </identifiers>
        <sponsorshipDate>2017-03-10</sponsorshipDate>
        <district>5</district>
        <middleName>T.</middleName>
        <sponsorshipWithdrawnDate />
        <fullName>Rep. Kildee, Daniel T. [D-MI-5]</fullName>
        <party>D</party>
        <firstName>Daniel</firstName>
        <isOriginalCosponsor>True</isOriginalCosponsor>
        <lastName>Kildee</lastName>
        <state>MI</state>
        <bioguideId>K000380</bioguideId>
      </item>
      <item>
        <identifiers>
          <lisID>1835</lisID>
          <bioguideId>P000593</bioguideId>
          <gpoId>7865</gpoId>
        </identifiers>
        <sponsorshipDate>2017-03-10</sponsorshipDate>
        <district>7</district>
        <middleName />
        <sponsorshipWithdrawnDate />
        <fullName>Rep. Perlmutter, Ed [D-CO-7]</fullName>
        <party>D</party>
        <firstName>Ed</firstName>
        <isOriginalCosponsor>True</isOriginalCosponsor>
        <lastName>Perlmutter</lastName>
        <state>CO</state>
        <bioguideId>P000593</bioguideId>
      </item>
      <item>
        <identifiers>
          <lisID>2146</lisID>
          <gpoId />
          <bioguideId>L000580</bioguideId>
        </identifiers>
        <sponsorshipDate>2017-03-10</sponsorshipDate>
        <district>1</district>
        <middleName />
        <sponsorshipWithdrawnDate />
        <fullName>Rep. Lujan Grisham, Michelle [D-NM-1]</fullName>
        <party>D</party>
        <firstName>Michelle</firstName>
        <isOriginalCosponsor>True</isOriginalCosponsor>
        <lastName>Lujan Grisham</lastName>
        <state>NM</state>
        <bioguideId>L000580</bioguideId>
      </item>
      <item>
        <identifiers>
          <bioguideId>J000126</bioguideId>
          <lisID>599</lisID>
          <gpoId>8186</gpoId>
        </identifiers>
        <sponsorshipDate>2017-03-10</sponsorshipDate>
        <district>30</district>
        <middleName>BERNICE</middleName>
        <sponsorshipWithdrawnDate />
        <fullName>Rep. Johnson, Eddie Bernice [D-TX-30]</fullName>
        <party>D</party>
        <firstName>EDDIE</firstName>
        <isOriginalCosponsor>True</isOriginalCosponsor>
        <lastName>JOHNSON</lastName>
        <state>TX</state>
        <bioguideId>J000126</bioguideId>
      </item>
      <item>
        <identifiers>
          <gpoId>8005</gpoId>
          <bioguideId>E000288</bioguideId>
          <lisID>1857</lisID>
        </identifiers>
        <sponsorshipDate>2017-03-10</sponsorshipDate>
        <district>5</district>
        <middleName />
        <sponsorshipWithdrawnDate />
        <fullName>Rep. Ellison, Keith [D-MN-5]</fullName>
        <party>D</party>
        <firstName>Keith</firstName>
        <isOriginalCosponsor>True</isOriginalCosponsor>
        <lastName>Ellison</lastName>
        <state>MN</state>
        <bioguideId>E000288</bioguideId>
      </item>
      <item>
        <identifiers>
          <gpoId />
          <lisID>2341</lisID>
          <bioguideId>S001201</bioguideId>
        </identifiers>
        <sponsorshipDate>2017-03-10</sponsorshipDate>
        <district>3</district>
        <middleName>R.</middleName>
        <sponsorshipWithdrawnDate />
        <fullName>Rep. Suozzi, Thomas R. [D-NY-3]</fullName>
        <party>D</party>
        <firstName>Thomas</firstName>
        <isOriginalCosponsor>True</isOriginalCosponsor>
        <lastName>Suozzi</lastName>
        <state>NY</state>
        <bioguideId>S001201</bioguideId>
      </item>
      <item>
        <identifiers>
          <lisID>1654</lisID>
          <bioguideId>C001049</bioguideId>
          <gpoId>8009</gpoId>
        </identifiers>
        <sponsorshipDate>2017-03-10</sponsorshipDate>
        <district>1</district>
        <middleName>LACY</middleName>
        <sponsorshipWithdrawnDate />
        <fullName>Rep. Clay, Wm. Lacy [D-MO-1]</fullName>
        <party>D</party>
        <firstName>WM.</firstName>
        <isOriginalCosponsor>True</isOriginalCosponsor>
        <lastName>CLAY</lastName>
        <state>MO</state>
        <bioguideId>C001049</bioguideId>
      </item>
      <item>
        <identifiers>
          <lisID>1506</lisID>
          <bioguideId>M001137</bioguideId>
          <gpoId>8067</gpoId>
        </identifiers>
        <sponsorshipDate>2017-03-10</sponsorshipDate>
        <district>5</district>
        <middleName>W.</middleName>
        <sponsorshipWithdrawnDate />
        <fullName>Rep. Meeks, Gregory W. [D-NY-5]</fullName>
        <party>D</party>
        <firstName>GREGORY</firstName>
        <isOriginalCosponsor>True</isOriginalCosponsor>
        <lastName>MEEKS</lastName>
        <state>NY</state>
        <bioguideId>M001137</bioguideId>
      </item>
      <item>
        <identifiers>
          <lisID>2319</lisID>
          <bioguideId>S001200</bioguideId>
          <gpoId />
        </identifiers>
        <sponsorshipDate>2017-03-10</sponsorshipDate>
        <district>9</district>
        <middleName />
        <sponsorshipWithdrawnDate />
        <fullName>Rep. Soto, Darren [D-FL-9]</fullName>
        <party>D</party>
        <firstName>Darren</firstName>
        <isOriginalCosponsor>True</isOriginalCosponsor>
        <lastName>Soto</lastName>
        <state>FL</state>
        <bioguideId>S001200</bioguideId>
      </item>
      <item>
        <identifiers>
          <lisID>303</lisID>
          <bioguideId>D000399</bioguideId>
          <gpoId>8181</gpoId>
        </identifiers>
        <sponsorshipDate>2017-03-10</sponsorshipDate>
        <district>35</district>
        <middleName />
        <sponsorshipWithdrawnDate />
        <fullName>Rep. Doggett, Lloyd [D-TX-35]</fullName>
        <party>D</party>
        <firstName>LLOYD</firstName>
        <isOriginalCosponsor>True</isOriginalCosponsor>
        <lastName>DOGGETT</lastName>
        <state>TX</state>
        <bioguideId>D000399</bioguideId>
      </item>
      <item>
        <identifiers>
          <gpoId>7955</gpoId>
          <lisID>1853</lisID>
          <bioguideId>Y000062</bioguideId>
        </identifiers>
        <sponsorshipDate>2017-03-10</sponsorshipDate>
        <district>3</district>
        <middleName>A.</middleName>
        <sponsorshipWithdrawnDate />
        <fullName>Rep. Yarmuth, John A. [D-KY-3]</fullName>
        <party>D</party>
        <firstName>John</firstName>
        <isOriginalCosponsor>True</isOriginalCosponsor>
        <lastName>Yarmuth</lastName>
        <state>KY</state>
        <bioguideId>Y000062</bioguideId>
      </item>
      <item>
        <identifiers>
          <lisID>1757</lisID>
          <gpoId>7844</gpoId>
          <bioguideId>S001156</bioguideId>
        </identifiers>
        <sponsorshipDate>2017-03-10</sponsorshipDate>
        <district>38</district>
        <middleName>T.</middleName>
        <sponsorshipWithdrawnDate />
        <fullName>Rep. Sanchez, Linda T. [D-CA-38]</fullName>
        <party>D</party>
        <firstName>LINDA</firstName>
        <isOriginalCosponsor>True</isOriginalCosponsor>
        <lastName>SANCHEZ</lastName>
        <state>CA</state>
        <bioguideId>S001156</bioguideId>
      </item>
      <item>
        <identifiers>
          <lisID>2308</lisID>
          <gpoId />
          <bioguideId>K000389</bioguideId>
        </identifiers>
        <sponsorshipDate>2017-03-10</sponsorshipDate>
        <district>17</district>
        <middleName />
        <sponsorshipWithdrawnDate />
        <fullName>Rep. Khanna, Ro [D-CA-17]</fullName>
        <party>D</party>
        <firstName>Ro</firstName>
        <isOriginalCosponsor>True</isOriginalCosponsor>
        <lastName>Khanna</lastName>
        <state>CA</state>
        <bioguideId>K000389</bioguideId>
      </item>
      <item>
        <identifiers>
          <lisID>2230</lisID>
          <gpoId />
          <bioguideId>L000582</bioguideId>
        </identifiers>
        <sponsorshipDate>2017-03-17</sponsorshipDate>
        <district>33</district>
        <middleName />
        <sponsorshipWithdrawnDate />
        <fullName>Rep. Lieu, Ted [D-CA-33]</fullName>
        <party>D</party>
        <firstName>Ted</firstName>
        <isOriginalCosponsor>False</isOriginalCosponsor>
        <lastName>Lieu</lastName>
        <state>CA</state>
        <bioguideId>L000582</bioguideId>
      </item>
    </cosponsors>
    <congress>115</congress>
    <committees>
      <billCommittees>
        <item>
          <systemCode>hsif00</systemCode>
          <chamber>House</chamber>
          <type>Standing</type>
          <activities>
            <item>
              <date>2017-03-10T14:02:35Z</date>
              <name>Referred to</name>
            </item>
          </activities>
          <name>Energy and Commerce Committee</name>
          <subcommittees>
            <item>
              <activities>
                <item>
                  <date>2017-03-17T17:38:16Z</date>
                  <name>Referred to</name>
                </item>
              </activities>
              <systemCode>hsif14</systemCode>
              <name>Health Subcommittee</name>
            </item>
          </subcommittees>
        </item>
      </billCommittees>
    </committees>
    <constitutionalAuthorityStatementText />
    <laws />
    <titles>
      <item>
        <parentTitleType />
        <chamberCode />
        <titleType>Official Title as Introduced</titleType>
        <chamberName />
        <title>Protecting health coverage for all Americans.</title>
      </item>
      <item>
        <parentTitleType />
        <chamberCode />
        <titleType>Display Title</titleType>
        <chamberName />
        <title>Protecting health coverage for all Americans.</title>
      </item>
    </titles>
    <billType>HRES</billType>
    <amendments />
    <recordedVotes />
    <actions>
      <actionByCounts>
        <houseOfRepresentatives>4</houseOfRepresentatives>
      </actionByCounts>
      <actionTypeCounts>
        <introducedInTheHouse>1</introducedInTheHouse>
        <placeholderTextForH>1</placeholderTextForH>
        <billReferrals>1</billReferrals>
        <introducedInHouse>1</introducedInHouse>
      </actionTypeCounts>
      <item>
        <actionDate>2017-03-17</actionDate>
        <committee>
          <name>Health Subcommittee</name>
          <systemCode>hsif14</systemCode>
        </committee>
        <links />
        <sourceSystem>
          <code>1</code>
          <name>House committee actions</name>
        </sourceSystem>
        <text>Referred to the Subcommittee on Health.</text>
        <type>Committee</type>
      </item>
      <item>
        <text>Referred to the House Committee on Energy and Commerce.</text>
        <links />
        <sourceSystem>
          <code>2</code>
          <name>House floor actions</name>
        </sourceSystem>
        <actionCode>H11100</actionCode>
        <type>IntroReferral</type>
        <committee>
          <name>Energy and Commerce Committee</name>
          <systemCode>hsif00</systemCode>
        </committee>
        <actionDate>2017-03-10</actionDate>
      </item>
      <item>
        <text>Introduced in House</text>
        <links />
        <sourceSystem>
          <code>9</code>
          <name>Library of Congress</name>
        </sourceSystem>
        <actionCode>Intro-H</actionCode>
        <type>IntroReferral</type>
        <committee />
        <actionDate>2017-03-10</actionDate>
      </item>
      <item>
        <text>Introduced in House</text>
        <links />
        <sourceSystem>
          <code>9</code>
          <name>Library of Congress</name>
        </sourceSystem>
        <actionCode>1000</actionCode>
        <type>IntroReferral</type>
        <committee />
        <actionDate>2017-03-10</actionDate>
      </item>
    </actions>
    <introducedDate>2017-03-10</introducedDate>
    <relatedBills />
    <committeeReports />
    <calendarNumbers />
    <billNumber>193</billNumber>
    <summaries>
      <billSummaries>
        <item>
          <text><![CDATA[<p> Expresses the sense of the House of Representatives that any replacement for the Patient Protection and Affordable Care Act must keep costs to health care consumers at or below their current rates and keep the uninsured rate at or below its current level.</p>]]></text>
          <versionCode>00</versionCode>
          <actionDate>2017-03-10</actionDate>
          <name>Introduced in House</name>
          <actionDesc>Introduced in House</actionDesc>
          <lastSummaryUpdateDate>2017-06-14T16:35:33Z</lastSummaryUpdateDate>
          <updateDate>2017-03-10T05:00:00Z</updateDate>
        </item>
      </billSummaries>
    </summaries>
    <cboCostEstimates />
    <updateDate>2018-02-06T16:39:39Z</updateDate>
    <policyArea>
      <name>Health</name>
    </policyArea>
    <latestAction>
      <text>Referred to the Subcommittee on Health.</text>
      <actionDate>2017-03-17</actionDate>
      <links />
    </latestAction>
    <version>1.0.0</version>
    <subjects>
      <billSubjects>
        <legislativeSubjects>
          <item>
            <name>Health care costs and insurance</name>
          </item>
          <item>
            <name>Health care coverage and access</name>
          </item>
        </legislativeSubjects>
        <policyArea>
          <name>Health</name>
        </policyArea>
      </billSubjects>
    </subjects>
    <title>Protecting health coverage for all Americans.</title>
    <originChamber>House</originChamber>
    <sponsors>
      <item>
        <byRequestType />
        <district>8</district>
        <party>D</party>
        <fullName>Rep. Krishnamoorthi, Raja [D-IL-8]</fullName>
        <lastName>Krishnamoorthi</lastName>
        <state>IL</state>
        <bioguideId>K000391</bioguideId>
        <middleName />
        <firstName>Raja</firstName>
        <identifiers>
          <lisID>2325</lisID>
          <bioguideId>K000391</bioguideId>
          <gpoId />
        </identifiers>
      </item>
    </sponsors>
    <notes />
    <createDate>2017-03-11T04:50:57Z</createDate>
  </bill>
  <dublinCore xmlns:dc="http://purl.org/dc/elements/1.1/">
    <dc:format>text/xml</dc:format>
    <dc:language>EN</dc:language>
    <dc:rights>Pursuant to Title 17 Section 105 of the United States Code, this file is not subject to copyright protection and is in the public domain.</dc:rights>
    <dc:contributor>Congressional Research Service, Library of Congress</dc:contributor>
    <dc:description>This file contains bill summaries and statuses for federal legislation. A bill summary describes the most significant provisions of a piece of legislation and details the effects the legislative text may have on current law and federal programs. Bill summaries are authored by the Congressional Research Service (CRS) of the Library of Congress. As stated in Public Law 91-510 (2 USC 166 (d)(6)), one of the duties of CRS is "to prepare summaries and digests of bills and resolutions of a public general nature introduced in the Senate or House of Representatives". For more information, refer to the User Guide that accompanies this file.</dc:description>
  </dublinCore>
</billStatus>

