<?xml version="1.0" encoding="UTF-8"?>
<billStatus>
  <bill>
    <policyArea>
      <name>International Affairs</name>
    </policyArea>
    <introducedDate>2017-03-09</introducedDate>
    <cosponsors>
      <item>
        <sponsorshipWithdrawnDate />
        <state>FL</state>
        <bioguideId>R000435</bioguideId>
        <fullName>Rep. Ros-Lehtinen, Ileana [R-FL-27]</fullName>
        <district>27</district>
        <firstName>ILEANA</firstName>
        <middleName />
        <isOriginalCosponsor>True</isOriginalCosponsor>
        <sponsorshipDate>2017-03-09</sponsorshipDate>
        <identifiers>
          <lisID>985</lisID>
          <gpoId>7890</gpoId>
          <bioguideId>R000435</bioguideId>
        </identifiers>
        <lastName>ROS-LEHTINEN</lastName>
        <party>R</party>
      </item>
      <item>
        <sponsorshipWithdrawnDate />
        <state>IL</state>
        <bioguideId>K000378</bioguideId>
        <fullName>Rep. Kinzinger, Adam [R-IL-16]</fullName>
        <district>16</district>
        <firstName>Adam</firstName>
        <middleName />
        <isOriginalCosponsor>False</isOriginalCosponsor>
        <sponsorshipDate>2017-06-20</sponsorshipDate>
        <identifiers>
          <gpoId>7931</gpoId>
          <bioguideId>K000378</bioguideId>
          <lisID>2014</lisID>
        </identifiers>
        <lastName>Kinzinger</lastName>
        <party>R</party>
      </item>
      <item>
        <sponsorshipWithdrawnDate />
        <state>NY</state>
        <bioguideId>E000179</bioguideId>
        <fullName>Rep. Engel, Eliot L. [D-NY-16]</fullName>
        <district>16</district>
        <firstName>ELIOT</firstName>
        <middleName>L.</middleName>
        <isOriginalCosponsor>False</isOriginalCosponsor>
        <sponsorshipDate>2017-06-20</sponsorshipDate>
        <identifiers>
          <gpoId>8078</gpoId>
          <lisID>344</lisID>
          <bioguideId>E000179</bioguideId>
        </identifiers>
        <lastName>ENGEL</lastName>
        <party>D</party>
      </item>
      <item>
        <sponsorshipWithdrawnDate />
        <state>FL</state>
        <bioguideId>W000797</bioguideId>
        <fullName>Rep. Wasserman Schultz, Debbie [D-FL-23]</fullName>
        <district>23</district>
        <firstName>Debbie</firstName>
        <middleName />
        <isOriginalCosponsor>False</isOriginalCosponsor>
        <sponsorshipDate>2017-06-20</sponsorshipDate>
        <identifiers>
          <bioguideId>W000797</bioguideId>
          <lisID>1777</lisID>
          <gpoId>7892</gpoId>
        </identifiers>
        <lastName>Wasserman Schultz</lastName>
        <party>D</party>
      </item>
      <item>
        <sponsorshipWithdrawnDate />
        <state>NY</state>
        <bioguideId>D000625</bioguideId>
        <fullName>Rep. Donovan, Daniel M., Jr. [R-NY-11]</fullName>
        <district>11</district>
        <firstName>Daniel</firstName>
        <middleName>M.</middleName>
        <isOriginalCosponsor>False</isOriginalCosponsor>
        <sponsorshipDate>2017-06-20</sponsorshipDate>
        <identifiers>
          <lisID>2293</lisID>
          <gpoId />
          <bioguideId>D000625</bioguideId>
        </identifiers>
        <lastName>Donovan</lastName>
        <party>R</party>
      </item>
      <item>
        <sponsorshipWithdrawnDate />
        <state>FL</state>
        <bioguideId>F000462</bioguideId>
        <fullName>Rep. Frankel, Lois [D-FL-21]</fullName>
        <district>21</district>
        <firstName>Lois</firstName>
        <middleName />
        <isOriginalCosponsor>False</isOriginalCosponsor>
        <sponsorshipDate>2017-06-20</sponsorshipDate>
        <identifiers>
          <lisID>2119</lisID>
          <gpoId />
          <bioguideId>F000462</bioguideId>
        </identifiers>
        <lastName>Frankel</lastName>
        <party>D</party>
      </item>
      <item>
        <sponsorshipWithdrawnDate />
        <state>NJ</state>
        <bioguideId>S001165</bioguideId>
        <fullName>Rep. Sires, Albio [D-NJ-8]</fullName>
        <district>8</district>
        <firstName>Albio</firstName>
        <middleName />
        <isOriginalCosponsor>False</isOriginalCosponsor>
        <sponsorshipDate>2017-06-20</sponsorshipDate>
        <identifiers>
          <lisID>1818</lisID>
          <gpoId>8055</gpoId>
          <bioguideId>S001165</bioguideId>
        </identifiers>
        <lastName>Sires</lastName>
        <party>D</party>
      </item>
      <item>
        <sponsorshipWithdrawnDate />
        <state>FL</state>
        <bioguideId>W000806</bioguideId>
        <fullName>Rep. Webster, Daniel [R-FL-11]</fullName>
        <district>11</district>
        <firstName>Daniel</firstName>
        <middleName />
        <isOriginalCosponsor>False</isOriginalCosponsor>
        <sponsorshipDate>2017-06-20</sponsorshipDate>
        <identifiers>
          <gpoId>7880</gpoId>
          <bioguideId>W000806</bioguideId>
          <lisID>2002</lisID>
        </identifiers>
        <lastName>Webster</lastName>
        <party>R</party>
      </item>
      <item>
        <sponsorshipWithdrawnDate />
        <state>NY</state>
        <bioguideId>Z000017</bioguideId>
        <fullName>Rep. Zeldin, Lee M. [R-NY-1]</fullName>
        <district>1</district>
        <firstName>Lee</firstName>
        <middleName>M.</middleName>
        <isOriginalCosponsor>False</isOriginalCosponsor>
        <sponsorshipDate>2017-06-20</sponsorshipDate>
        <identifiers>
          <lisID>2261</lisID>
          <gpoId />
          <bioguideId>Z000017</bioguideId>
        </identifiers>
        <lastName>Zeldin</lastName>
        <party>R</party>
      </item>
      <item>
        <sponsorshipWithdrawnDate />
        <state>FL</state>
        <bioguideId>Y000065</bioguideId>
        <fullName>Rep. Yoho, Ted S. [R-FL-3]</fullName>
        <district>3</district>
        <firstName>Ted</firstName>
        <middleName>S.</middleName>
        <isOriginalCosponsor>False</isOriginalCosponsor>
        <sponsorshipDate>2017-06-20</sponsorshipDate>
        <identifiers>
          <lisID>2115</lisID>
          <gpoId />
          <bioguideId>Y000065</bioguideId>
        </identifiers>
        <lastName>Yoho</lastName>
        <party>R</party>
      </item>
      <item>
        <sponsorshipWithdrawnDate />
        <state>SC</state>
        <bioguideId>W000795</bioguideId>
        <fullName>Rep. Wilson, Joe [R-SC-2]</fullName>
        <district>2</district>
        <firstName>Joe</firstName>
        <middleName />
        <isOriginalCosponsor>False</isOriginalCosponsor>
        <sponsorshipDate>2017-06-21</sponsorshipDate>
        <identifiers>
          <lisID>1688</lisID>
          <gpoId>8142</gpoId>
          <bioguideId>W000795</bioguideId>
        </identifiers>
        <lastName>Wilson</lastName>
        <party>R</party>
      </item>
      <item>
        <sponsorshipWithdrawnDate />
        <state>FL</state>
        <bioguideId>B001257</bioguideId>
        <fullName>Rep. Bilirakis, Gus M. [R-FL-12]</fullName>
        <district>12</district>
        <firstName>Gus</firstName>
        <middleName>M.</middleName>
        <isOriginalCosponsor>False</isOriginalCosponsor>
        <sponsorshipDate>2017-06-21</sponsorshipDate>
        <identifiers>
          <bioguideId>B001257</bioguideId>
          <lisID>1838</lisID>
          <gpoId>7881</gpoId>
        </identifiers>
        <lastName>Bilirakis</lastName>
        <party>R</party>
      </item>
      <item>
        <sponsorshipWithdrawnDate />
        <state>FL</state>
        <bioguideId>H000324</bioguideId>
        <fullName>Rep. Hastings, Alcee L. [D-FL-20]</fullName>
        <district>20</district>
        <firstName>ALCEE</firstName>
        <middleName>L.</middleName>
        <isOriginalCosponsor>False</isOriginalCosponsor>
        <sponsorshipDate>2017-06-21</sponsorshipDate>
        <identifiers>
          <lisID>511</lisID>
          <bioguideId>H000324</bioguideId>
          <gpoId>7895</gpoId>
        </identifiers>
        <lastName>HASTINGS</lastName>
        <party>D</party>
      </item>
      <item>
        <sponsorshipWithdrawnDate />
        <state>RI</state>
        <bioguideId>C001084</bioguideId>
        <fullName>Rep. Cicilline, David N. [D-RI-1]</fullName>
        <district>1</district>
        <firstName>David</firstName>
        <middleName>N.</middleName>
        <isOriginalCosponsor>False</isOriginalCosponsor>
        <sponsorshipDate>2017-06-21</sponsorshipDate>
        <identifiers>
          <bioguideId>C001084</bioguideId>
          <gpoId>8139</gpoId>
          <lisID>2055</lisID>
        </identifiers>
        <lastName>Cicilline</lastName>
        <party>D</party>
      </item>
      <item>
        <sponsorshipWithdrawnDate />
        <state>CA</state>
        <bioguideId>L000582</bioguideId>
        <fullName>Rep. Lieu, Ted [D-CA-33]</fullName>
        <district>33</district>
        <firstName>Ted</firstName>
        <middleName />
        <isOriginalCosponsor>False</isOriginalCosponsor>
        <sponsorshipDate>2017-06-21</sponsorshipDate>
        <identifiers>
          <bioguideId>L000582</bioguideId>
          <lisID>2230</lisID>
          <gpoId />
        </identifiers>
        <lastName>Lieu</lastName>
        <party>D</party>
      </item>
      <item>
        <sponsorshipWithdrawnDate />
        <state>FL</state>
        <bioguideId>D000600</bioguideId>
        <fullName>Rep. Diaz-Balart, Mario [R-FL-25]</fullName>
        <district>25</district>
        <firstName>Mario</firstName>
        <middleName />
        <isOriginalCosponsor>False</isOriginalCosponsor>
        <sponsorshipDate>2017-06-22</sponsorshipDate>
        <identifiers>
          <lisID>1717</lisID>
          <bioguideId>D000600</bioguideId>
          <gpoId>7893</gpoId>
        </identifiers>
        <lastName>Diaz-Balart</lastName>
        <party>R</party>
      </item>
      <item>
        <sponsorshipWithdrawnDate />
        <state>VA</state>
        <bioguideId>C001078</bioguideId>
        <fullName>Rep. Connolly, Gerald E. [D-VA-11]</fullName>
        <district>11</district>
        <firstName>Gerald</firstName>
        <middleName>E.</middleName>
        <isOriginalCosponsor>False</isOriginalCosponsor>
        <sponsorshipDate>2017-06-26</sponsorshipDate>
        <identifiers>
          <bioguideId>C001078</bioguideId>
          <gpoId>8202</gpoId>
          <lisID>1959</lisID>
        </identifiers>
        <lastName>Connolly</lastName>
        <party>D</party>
      </item>
      <item>
        <sponsorshipWithdrawnDate />
        <state>CA</state>
        <bioguideId>S000344</bioguideId>
        <fullName>Rep. Sherman, Brad [D-CA-30]</fullName>
        <district>30</district>
        <firstName>BRAD</firstName>
        <middleName />
        <isOriginalCosponsor>False</isOriginalCosponsor>
        <sponsorshipDate>2017-06-26</sponsorshipDate>
        <identifiers>
          <bioguideId>S000344</bioguideId>
          <gpoId>7832</gpoId>
          <lisID>1526</lisID>
        </identifiers>
        <lastName>SHERMAN</lastName>
        <party>D</party>
      </item>
      <item>
        <sponsorshipWithdrawnDate />
        <state>NY</state>
        <bioguideId>L000480</bioguideId>
        <fullName>Rep. Lowey, Nita M. [D-NY-17]</fullName>
        <district>17</district>
        <firstName>NITA</firstName>
        <middleName>M.</middleName>
        <isOriginalCosponsor>False</isOriginalCosponsor>
        <sponsorshipDate>2017-06-26</sponsorshipDate>
        <identifiers>
          <gpoId>8079</gpoId>
          <bioguideId>L000480</bioguideId>
          <lisID>709</lisID>
        </identifiers>
        <lastName>LOWEY</lastName>
        <party>D</party>
      </item>
      <item>
        <sponsorshipWithdrawnDate />
        <state>TX</state>
        <bioguideId>W000814</bioguideId>
        <fullName>Rep. Weber, Randy K., Sr. [R-TX-14]</fullName>
        <district>14</district>
        <firstName>Randy</firstName>
        <middleName>K.</middleName>
        <isOriginalCosponsor>False</isOriginalCosponsor>
        <sponsorshipDate>2017-06-26</sponsorshipDate>
        <identifiers>
          <bioguideId>W000814</bioguideId>
          <gpoId />
          <lisID>2161</lisID>
        </identifiers>
        <lastName>Weber</lastName>
        <party>R</party>
      </item>
      <item>
        <sponsorshipWithdrawnDate />
        <state>PA</state>
        <bioguideId>B001296</bioguideId>
        <fullName>Rep. Boyle, Brendan F. [D-PA-13]</fullName>
        <district>13</district>
        <firstName>Brendan</firstName>
        <middleName>F.</middleName>
        <isOriginalCosponsor>False</isOriginalCosponsor>
        <sponsorshipDate>2017-06-26</sponsorshipDate>
        <identifiers>
          <lisID>2267</lisID>
          <gpoId />
          <bioguideId>B001296</bioguideId>
        </identifiers>
        <lastName>Boyle</lastName>
        <party>D</party>
      </item>
      <item>
        <sponsorshipWithdrawnDate />
        <state>IL</state>
        <bioguideId>S001190</bioguideId>
        <fullName>Rep. Schneider, Bradley Scott [D-IL-10]</fullName>
        <district>10</district>
        <firstName>Bradley</firstName>
        <middleName>Scott</middleName>
        <isOriginalCosponsor>False</isOriginalCosponsor>
        <sponsorshipDate>2017-06-27</sponsorshipDate>
        <identifiers>
          <gpoId />
          <lisID>2124</lisID>
          <bioguideId>S001190</bioguideId>
        </identifiers>
        <lastName>Schneider</lastName>
        <party>D</party>
      </item>
      <item>
        <sponsorshipWithdrawnDate />
        <state>CA</state>
        <bioguideId>T000474</bioguideId>
        <fullName>Rep. Torres, Norma J. [D-CA-35]</fullName>
        <district>35</district>
        <firstName>Norma</firstName>
        <middleName>J.</middleName>
        <isOriginalCosponsor>False</isOriginalCosponsor>
        <sponsorshipDate>2017-06-27</sponsorshipDate>
        <identifiers>
          <gpoId />
          <bioguideId>T000474</bioguideId>
          <lisID>2231</lisID>
        </identifiers>
        <lastName>Torres</lastName>
        <party>D</party>
      </item>
      <item>
        <sponsorshipWithdrawnDate />
        <state>NY</state>
        <bioguideId>M001137</bioguideId>
        <fullName>Rep. Meeks, Gregory W. [D-NY-5]</fullName>
        <district>5</district>
        <firstName>GREGORY</firstName>
        <middleName>W.</middleName>
        <isOriginalCosponsor>False</isOriginalCosponsor>
        <sponsorshipDate>2017-06-27</sponsorshipDate>
        <identifiers>
          <lisID>1506</lisID>
          <bioguideId>M001137</bioguideId>
          <gpoId>8067</gpoId>
        </identifiers>
        <lastName>MEEKS</lastName>
        <party>D</party>
      </item>
      <item>
        <sponsorshipWithdrawnDate />
        <state>NY</state>
        <bioguideId>S001201</bioguideId>
        <fullName>Rep. Suozzi, Thomas R. [D-NY-3]</fullName>
        <district>3</district>
        <firstName>Thomas</firstName>
        <middleName>R.</middleName>
        <isOriginalCosponsor>False</isOriginalCosponsor>
        <sponsorshipDate>2017-06-27</sponsorshipDate>
        <identifiers>
          <gpoId />
          <bioguideId>S001201</bioguideId>
          <lisID>2341</lisID>
        </identifiers>
        <lastName>Suozzi</lastName>
        <party>D</party>
      </item>
      <item>
        <sponsorshipWithdrawnDate />
        <state>MA</state>
        <bioguideId>K000375</bioguideId>
        <fullName>Rep. Keating, William R. [D-MA-9]</fullName>
        <district>9</district>
        <firstName>William</firstName>
        <middleName>R.</middleName>
        <isOriginalCosponsor>False</isOriginalCosponsor>
        <sponsorshipDate>2017-06-28</sponsorshipDate>
        <identifiers>
          <lisID>2025</lisID>
          <bioguideId>K000375</bioguideId>
          <gpoId>7975</gpoId>
        </identifiers>
        <lastName>Keating</lastName>
        <party>D</party>
      </item>
    </cosponsors>
    <titles>
      <item>
        <chamberCode />
        <chamberName />
        <parentTitleType />
        <titleType>Official Title as Introduced</titleType>
        <title>Calling on the Government of Iran to fulfill repeated promises of assistance in the case of Robert Levinson, the longest held United States civilian in our Nation's history.</title>
      </item>
      <item>
        <chamberCode />
        <chamberName />
        <parentTitleType />
        <titleType>Display Title</titleType>
        <title>Calling on the Government of Iran to fulfill repeated promises of assistance in the case of Robert Levinson, the longest held United States civilian in our Nation's history.</title>
      </item>
    </titles>
    <congress>115</congress>
    <recordedVotes />
    <amendments />
    <laws />
    <cboCostEstimates />
    <actions>
      <actionByCounts>
        <houseOfRepresentatives>6</houseOfRepresentatives>
      </actionByCounts>
      <actionTypeCounts>
        <designationOfSpeakerProTempore>1</designationOfSpeakerProTempore>
        <placeholderTextForH>2</placeholderTextForH>
        <billReferrals>1</billReferrals>
        <introducedInHouse>1</introducedInHouse>
        <introducedInTheHouse>1</introducedInTheHouse>
      </actionTypeCounts>
      <item>
        <actionDate>2017-06-29</actionDate>
        <committee>
          <systemCode>hsfa13</systemCode>
          <name>Middle East and North Africa Subcommittee</name>
        </committee>
        <links />
        <sourceSystem>
          <name>House committee actions</name>
          <code>1</code>
        </sourceSystem>
        <text>Forwarded by Subcommittee to Full Committee by Voice Vote .</text>
        <type>Committee</type>
      </item>
      <item>
        <actionDate>2017-06-29</actionDate>
        <committee>
          <systemCode>hsfa13</systemCode>
          <name>Middle East and North Africa Subcommittee</name>
        </committee>
        <links />
        <sourceSystem>
          <name>House committee actions</name>
          <code>1</code>
        </sourceSystem>
        <text>Subcommittee Consideration and Mark-up Session Held.</text>
        <type>Committee</type>
      </item>
      <item>
        <actionDate>2017-05-18</actionDate>
        <committee>
          <systemCode>hsfa13</systemCode>
          <name>Middle East and North Africa Subcommittee</name>
        </committee>
        <links />
        <sourceSystem>
          <name>House committee actions</name>
          <code>1</code>
        </sourceSystem>
        <text>Referred to the Subcommittee on Middle East and North Africa.</text>
        <type>Committee</type>
      </item>
      <item>
        <sourceSystem>
          <name>House floor actions</name>
          <code>2</code>
        </sourceSystem>
        <actionDate>2017-03-09</actionDate>
        <text>Referred to the House Committee on Foreign Affairs.</text>
        <type>IntroReferral</type>
        <links />
        <committee>
          <systemCode>hsfa00</systemCode>
          <name>Foreign Affairs Committee</name>
        </committee>
        <actionCode>H11100</actionCode>
      </item>
      <item>
        <sourceSystem>
          <name>Library of Congress</name>
          <code>9</code>
        </sourceSystem>
        <actionDate>2017-03-09</actionDate>
        <text>Introduced in House</text>
        <type>IntroReferral</type>
        <links />
        <committee />
        <actionCode>Intro-H</actionCode>
      </item>
      <item>
        <sourceSystem>
          <name>Library of Congress</name>
          <code>9</code>
        </sourceSystem>
        <actionDate>2017-03-09</actionDate>
        <text>Introduced in House</text>
        <type>IntroReferral</type>
        <links />
        <committee />
        <actionCode>1000</actionCode>
      </item>
    </actions>
    <updateDate>2018-02-06T16:39:38Z</updateDate>
    <summaries>
      <billSummaries>
        <item>
          <versionCode>00</versionCode>
          <updateDate>2017-03-09T05:00:00Z</updateDate>
          <actionDesc>Introduced in House</actionDesc>
          <lastSummaryUpdateDate>2017-04-24T21:23:00Z</lastSummaryUpdateDate>
          <actionDate>2017-03-09</actionDate>
          <name>Introduced in House</name>
          <text><![CDATA[<p>Recognizes that Robert Levinson is the longest held U.S. civilian in U.S. history. Notes that repeated pledges by Iranian officials to provide their government's assistance have not led to any meaningful progress in locating or returning him. </p> <p> Urges the government of Iran to take meaningful steps towards fulfilling its promises to assist in locating and returning Levinson, including immediately providing all information from all entities of such government regarding his disappearance.</p> <p> Urges the President and U.S. allies to continue to press the Iranian government to locate and return Levinson, notwithstanding disagreements with Iran on a broad array of issues, including Iran's ballistic missile program, sponsorship of international terrorism, and human rights abuses. Notes that further delay in locating and returning Levinson remains a significant obstacle to improving U.S.-Iran relations.</p> <p> Expresses sympathy to Levinson's family and expresses hope that their ordeal can be brought to an end in the near future.</p>]]></text>
        </item>
      </billSummaries>
    </summaries>
    <title>Calling on the Government of Iran to fulfill repeated promises of assistance in the case of Robert Levinson, the longest held United States civilian in our Nation's history.</title>
    <calendarNumbers />
    <originChamber>House</originChamber>
    <constitutionalAuthorityStatementText />
    <notes />
    <billType>HRES</billType>
    <committees>
      <billCommittees>
        <item>
          <subcommittees>
            <item>
              <name>Middle East and North Africa Subcommittee</name>
              <systemCode>hsfa13</systemCode>
              <activities>
                <item>
                  <name>Reported by</name>
                  <date>2017-06-29T14:30:32Z</date>
                </item>
                <item>
                  <name>Markup by</name>
                  <date>2017-06-29T14:19:48Z</date>
                </item>
                <item>
                  <name>Referred to</name>
                  <date>2017-05-18T15:41:33Z</date>
                </item>
              </activities>
            </item>
          </subcommittees>
          <type>Standing</type>
          <systemCode>hsfa00</systemCode>
          <activities>
            <item>
              <name>Referred to</name>
              <date>2017-03-09T15:03:10Z</date>
            </item>
          </activities>
          <name>Foreign Affairs Committee</name>
          <chamber>House</chamber>
        </item>
      </billCommittees>
    </committees>
    <latestAction>
      <text>Forwarded by Subcommittee to Full Committee by Voice Vote .</text>
      <actionDate>2017-06-29</actionDate>
      <links />
    </latestAction>
    <committeeReports />
    <billNumber>185</billNumber>
    <sponsors>
      <item>
        <byRequestType />
        <state>FL</state>
        <bioguideId>D000610</bioguideId>
        <identifiers>
          <gpoId>7891</gpoId>
          <lisID>1976</lisID>
          <bioguideId>D000610</bioguideId>
        </identifiers>
        <fullName>Rep. Deutch, Theodore E. [D-FL-22]</fullName>
        <district>22</district>
        <lastName>Deutch</lastName>
        <firstName>Theodore</firstName>
        <middleName>E.</middleName>
        <party>D</party>
      </item>
    </sponsors>
    <subjects>
      <billSubjects>
        <policyArea>
          <name>International Affairs</name>
        </policyArea>
        <legislativeSubjects>
          <item>
            <name>Diplomacy, foreign officials, Americans abroad</name>
          </item>
          <item>
            <name>Iran</name>
          </item>
          <item>
            <name>Middle East</name>
          </item>
        </legislativeSubjects>
      </billSubjects>
    </subjects>
    <createDate>2017-03-10T05:16:31Z</createDate>
    <version>1.0.0</version>
    <relatedBills>
      <item>
        <congress>115</congress>
        <number>85</number>
        <type>SRES</type>
        <relationshipDetails>
          <item>
            <type>Related bill</type>
            <identifiedBy>CRS</identifiedBy>
          </item>
        </relationshipDetails>
        <latestTitle>A resolution calling on the Government of Iran to fulfill repeated promises of assistance in the case of Robert Levinson, the longest held United States civilian in our Nation's history.</latestTitle>
        <latestAction>
          <text>Referred to the Committee on Foreign Relations. (text of measure as introduced: CR S1749-1750)</text>
          <actionDate>2017-03-09</actionDate>
        </latestAction>
      </item>
    </relatedBills>
  </bill>
  <dublinCore xmlns:dc="http://purl.org/dc/elements/1.1/">
    <dc:format>text/xml</dc:format>
    <dc:language>EN</dc:language>
    <dc:rights>Pursuant to Title 17 Section 105 of the United States Code, this file is not subject to copyright protection and is in the public domain.</dc:rights>
    <dc:contributor>Congressional Research Service, Library of Congress</dc:contributor>
    <dc:description>This file contains bill summaries and statuses for federal legislation. A bill summary describes the most significant provisions of a piece of legislation and details the effects the legislative text may have on current law and federal programs. Bill summaries are authored by the Congressional Research Service (CRS) of the Library of Congress. As stated in Public Law 91-510 (2 USC 166 (d)(6)), one of the duties of CRS is "to prepare summaries and digests of bills and resolutions of a public general nature introduced in the Senate or House of Representatives". For more information, refer to the User Guide that accompanies this file.</dc:description>
  </dublinCore>
</billStatus>

