<?xml version="1.0" encoding="UTF-8"?>
<billStatus>
  <bill>
    <committeeReports />
    <originChamber>House</originChamber>
    <billNumber>234</billNumber>
    <actions>
      <actionTypeCounts>
        <introducedInTheHouse>1</introducedInTheHouse>
        <introducedInHouse>1</introducedInHouse>
        <billReferrals>1</billReferrals>
      </actionTypeCounts>
      <item>
        <text>Referred to the House Committee on Education and the Workforce.</text>
        <links />
        <actionDate>2017-03-30</actionDate>
        <committee>
          <systemCode>hsed00</systemCode>
          <name>Education and the Workforce Committee</name>
        </committee>
        <sourceSystem>
          <name>House floor actions</name>
          <code>2</code>
        </sourceSystem>
        <type>IntroReferral</type>
        <actionCode>H11100</actionCode>
      </item>
      <item>
        <text>Introduced in House</text>
        <links />
        <actionDate>2017-03-30</actionDate>
        <committee />
        <sourceSystem>
          <name>Library of Congress</name>
          <code>9</code>
        </sourceSystem>
        <type>IntroReferral</type>
        <actionCode>Intro-H</actionCode>
      </item>
      <item>
        <text>Introduced in House</text>
        <links />
        <actionDate>2017-03-30</actionDate>
        <committee />
        <sourceSystem>
          <name>Library of Congress</name>
          <code>9</code>
        </sourceSystem>
        <type>IntroReferral</type>
        <actionCode>1000</actionCode>
      </item>
      <actionByCounts>
        <houseOfRepresentatives>3</houseOfRepresentatives>
      </actionByCounts>
    </actions>
    <calendarNumbers />
    <updateDate>2018-02-06T16:39:41Z</updateDate>
    <cosponsors>
      <item>
        <lastName>Roe</lastName>
        <firstName>David</firstName>
        <sponsorshipWithdrawnDate />
        <isOriginalCosponsor>False</isOriginalCosponsor>
        <district>1</district>
        <party>R</party>
        <fullName>Rep. Roe, David P. [R-TN-1]</fullName>
        <middleName>P.</middleName>
        <state>TN</state>
        <bioguideId>R000582</bioguideId>
        <sponsorshipDate>2017-04-05</sponsorshipDate>
        <identifiers>
          <bioguideId>R000582</bioguideId>
          <lisID>1954</lisID>
          <gpoId>8148</gpoId>
        </identifiers>
      </item>
    </cosponsors>
    <notes />
    <subjects>
      <billSubjects>
        <legislativeSubjects>
          <item>
            <name>Constitution and constitutional amendments</name>
          </item>
          <item>
            <name>Elementary and secondary education</name>
          </item>
          <item>
            <name>Public participation and lobbying</name>
          </item>
          <item>
            <name>Teaching, teachers, curricula</name>
          </item>
          <item>
            <name>U.S. history</name>
          </item>
        </legislativeSubjects>
        <policyArea>
          <name>Education</name>
        </policyArea>
      </billSubjects>
    </subjects>
    <committees>
      <billCommittees>
        <item>
          <systemCode>hsed00</systemCode>
          <chamber>House</chamber>
          <type>Standing</type>
          <activities>
            <item>
              <date>2017-03-30T13:01:25Z</date>
              <name>Referred to</name>
            </item>
          </activities>
          <name>Education and the Workforce Committee</name>
          <subcommittees />
        </item>
      </billCommittees>
    </committees>
    <version>1.0.0</version>
    <recordedVotes />
    <policyArea>
      <name>Education</name>
    </policyArea>
    <cboCostEstimates />
    <introducedDate>2017-03-30</introducedDate>
    <title>Expressing the sense of the House of Representatives regarding the importance of effective education in civics and government in elementary and secondary schools throughout the Nation.</title>
    <amendments />
    <latestAction>
      <text>Referred to the House Committee on Education and the Workforce.</text>
      <links />
      <actionDate>2017-03-30</actionDate>
    </latestAction>
    <congress>115</congress>
    <billType>HRES</billType>
    <createDate>2017-03-31T05:06:59Z</createDate>
    <sponsors>
      <item>
        <lastName>Wilson</lastName>
        <party>R</party>
        <state>SC</state>
        <bioguideId>W000795</bioguideId>
        <middleName />
        <byRequestType />
        <fullName>Rep. Wilson, Joe [R-SC-2]</fullName>
        <firstName>Joe</firstName>
        <district>2</district>
        <identifiers>
          <lisID>1688</lisID>
          <gpoId>8142</gpoId>
          <bioguideId>W000795</bioguideId>
        </identifiers>
      </item>
    </sponsors>
    <constitutionalAuthorityStatementText />
    <relatedBills />
    <laws />
    <titles>
      <item>
        <chamberCode />
        <title>Expressing the sense of the House of Representatives regarding the importance of effective education in civics and government in elementary and secondary schools throughout the Nation.</title>
        <titleType>Official Title as Introduced</titleType>
        <parentTitleType />
        <chamberName />
      </item>
      <item>
        <chamberCode />
        <title>Expressing the sense of the House of Representatives regarding the importance of effective education in civics and government in elementary and secondary schools throughout the Nation.</title>
        <titleType>Display Title</titleType>
        <parentTitleType />
        <chamberName />
      </item>
    </titles>
    <summaries>
      <billSummaries>
        <item>
          <versionCode>00</versionCode>
          <updateDate>2017-03-30T04:00:00Z</updateDate>
          <actionDesc>Introduced in House</actionDesc>
          <lastSummaryUpdateDate>2017-04-17T16:31:29Z</lastSummaryUpdateDate>
          <actionDate>2017-03-30</actionDate>
          <name>Introduced in House</name>
          <text><![CDATA[<p>Encourages elementary and secondary schools to: (1) promote competent and responsible civic participation in the American political system; and (2) promote current event discussions, participate in simulations of the democratic process, and incorporate education in civics and government into the core curricula of math, science, and language arts.</p> <p>Encourages states and local governments to develop, implement, and strengthen programs and curricula to teach civics, government, and American history at the elementary and secondary school levels.</p>]]></text>
        </item>
      </billSummaries>
    </summaries>
  </bill>
  <dublinCore xmlns:dc="http://purl.org/dc/elements/1.1/">
    <dc:format>text/xml</dc:format>
    <dc:language>EN</dc:language>
    <dc:rights>Pursuant to Title 17 Section 105 of the United States Code, this file is not subject to copyright protection and is in the public domain.</dc:rights>
    <dc:contributor>Congressional Research Service, Library of Congress</dc:contributor>
    <dc:description>This file contains bill summaries and statuses for federal legislation. A bill summary describes the most significant provisions of a piece of legislation and details the effects the legislative text may have on current law and federal programs. Bill summaries are authored by the Congressional Research Service (CRS) of the Library of Congress. As stated in Public Law 91-510 (2 USC 166 (d)(6)), one of the duties of CRS is "to prepare summaries and digests of bills and resolutions of a public general nature introduced in the Senate or House of Representatives". For more information, refer to the User Guide that accompanies this file.</dc:description>
  </dublinCore>
</billStatus>

