<?xml version="1.0" encoding="UTF-8"?>
<billStatus>
  <bill>
    <policyArea>
      <name>Education</name>
    </policyArea>
    <committeeReports />
    <congress>115</congress>
    <sponsors>
      <item>
        <identifiers>
          <bioguideId>B001296</bioguideId>
          <lisID>2267</lisID>
          <gpoId />
        </identifiers>
        <district>13</district>
        <middleName>F.</middleName>
        <byRequestType />
        <fullName>Rep. Boyle, Brendan F. [D-PA-13]</fullName>
        <bioguideId>B001296</bioguideId>
        <state>PA</state>
        <party>D</party>
        <firstName>Brendan</firstName>
        <lastName>Boyle</lastName>
      </item>
    </sponsors>
    <calendarNumbers />
    <amendments />
    <relatedBills />
    <notes />
    <originChamber>House</originChamber>
    <version>1.0.0</version>
    <billNumber>276</billNumber>
    <title>Expressing the sense of the House that more should be done to instill Holocaust education in school curricula around the country.</title>
    <cosponsors>
      <item>
        <lastName>Bilirakis</lastName>
        <firstName>Gus</firstName>
        <sponsorshipWithdrawnDate />
        <isOriginalCosponsor>True</isOriginalCosponsor>
        <district>12</district>
        <party>R</party>
        <fullName>Rep. Bilirakis, Gus M. [R-FL-12]</fullName>
        <middleName>M.</middleName>
        <state>FL</state>
        <bioguideId>B001257</bioguideId>
        <sponsorshipDate>2017-04-25</sponsorshipDate>
        <identifiers>
          <gpoId>7881</gpoId>
          <lisID>1838</lisID>
          <bioguideId>B001257</bioguideId>
        </identifiers>
      </item>
      <item>
        <lastName>Carbajal</lastName>
        <firstName>Salud</firstName>
        <sponsorshipWithdrawnDate />
        <isOriginalCosponsor>True</isOriginalCosponsor>
        <district>24</district>
        <party>D</party>
        <fullName>Rep. Carbajal, Salud O. [D-CA-24]</fullName>
        <middleName>O.</middleName>
        <state>CA</state>
        <bioguideId>C001112</bioguideId>
        <sponsorshipDate>2017-04-25</sponsorshipDate>
        <identifiers>
          <bioguideId>C001112</bioguideId>
          <lisID>2310</lisID>
          <gpoId />
        </identifiers>
      </item>
      <item>
        <lastName>Cicilline</lastName>
        <firstName>David</firstName>
        <sponsorshipWithdrawnDate />
        <isOriginalCosponsor>True</isOriginalCosponsor>
        <district>1</district>
        <party>D</party>
        <fullName>Rep. Cicilline, David N. [D-RI-1]</fullName>
        <middleName>N.</middleName>
        <state>RI</state>
        <bioguideId>C001084</bioguideId>
        <sponsorshipDate>2017-04-25</sponsorshipDate>
        <identifiers>
          <bioguideId>C001084</bioguideId>
          <lisID>2055</lisID>
          <gpoId>8139</gpoId>
        </identifiers>
      </item>
      <item>
        <lastName>Cohen</lastName>
        <firstName>Steve</firstName>
        <sponsorshipWithdrawnDate />
        <isOriginalCosponsor>True</isOriginalCosponsor>
        <district>9</district>
        <party>D</party>
        <fullName>Rep. Cohen, Steve [D-TN-9]</fullName>
        <middleName />
        <state>TN</state>
        <bioguideId>C001068</bioguideId>
        <sponsorshipDate>2017-04-25</sponsorshipDate>
        <identifiers>
          <bioguideId>C001068</bioguideId>
          <lisID>1878</lisID>
          <gpoId>8156</gpoId>
        </identifiers>
      </item>
      <item>
        <lastName>CONYERS</lastName>
        <firstName>JOHN</firstName>
        <sponsorshipWithdrawnDate />
        <isOriginalCosponsor>True</isOriginalCosponsor>
        <district>13</district>
        <party>D</party>
        <fullName>Rep. Conyers, John, Jr. [D-MI-13]</fullName>
        <middleName />
        <state>MI</state>
        <bioguideId>C000714</bioguideId>
        <sponsorshipDate>2017-04-25</sponsorshipDate>
        <identifiers>
          <lisID>229</lisID>
          <gpoId>7999</gpoId>
          <bioguideId>C000714</bioguideId>
        </identifiers>
      </item>
      <item>
        <lastName>CROWLEY</lastName>
        <firstName>JOSEPH</firstName>
        <sponsorshipWithdrawnDate />
        <isOriginalCosponsor>True</isOriginalCosponsor>
        <district>14</district>
        <party>D</party>
        <fullName>Rep. Crowley, Joseph [D-NY-14]</fullName>
        <middleName />
        <state>NY</state>
        <bioguideId>C001038</bioguideId>
        <sponsorshipDate>2017-04-25</sponsorshipDate>
        <identifiers>
          <bioguideId>C001038</bioguideId>
          <lisID>1604</lisID>
          <gpoId>8068</gpoId>
        </identifiers>
      </item>
      <item>
        <lastName>Deutch</lastName>
        <firstName>Theodore</firstName>
        <sponsorshipWithdrawnDate />
        <isOriginalCosponsor>True</isOriginalCosponsor>
        <district>22</district>
        <party>D</party>
        <fullName>Rep. Deutch, Theodore E. [D-FL-22]</fullName>
        <middleName>E.</middleName>
        <state>FL</state>
        <bioguideId>D000610</bioguideId>
        <sponsorshipDate>2017-04-25</sponsorshipDate>
        <identifiers>
          <gpoId>7891</gpoId>
          <lisID>1976</lisID>
          <bioguideId>D000610</bioguideId>
        </identifiers>
      </item>
      <item>
        <lastName>ENGEL</lastName>
        <firstName>ELIOT</firstName>
        <sponsorshipWithdrawnDate />
        <isOriginalCosponsor>True</isOriginalCosponsor>
        <district>16</district>
        <party>D</party>
        <fullName>Rep. Engel, Eliot L. [D-NY-16]</fullName>
        <middleName>L.</middleName>
        <state>NY</state>
        <bioguideId>E000179</bioguideId>
        <sponsorshipDate>2017-04-25</sponsorshipDate>
        <identifiers>
          <lisID>344</lisID>
          <bioguideId>E000179</bioguideId>
          <gpoId>8078</gpoId>
        </identifiers>
      </item>
      <item>
        <lastName>Fitzpatrick</lastName>
        <firstName>Brian</firstName>
        <sponsorshipWithdrawnDate />
        <isOriginalCosponsor>True</isOriginalCosponsor>
        <district>8</district>
        <party>R</party>
        <fullName>Rep. Fitzpatrick, Brian K. [R-PA-8]</fullName>
        <middleName>K.</middleName>
        <state>PA</state>
        <bioguideId>F000466</bioguideId>
        <sponsorshipDate>2017-04-25</sponsorshipDate>
        <identifiers>
          <gpoId />
          <bioguideId>F000466</bioguideId>
          <lisID>2345</lisID>
        </identifiers>
      </item>
      <item>
        <lastName>HASTINGS</lastName>
        <firstName>ALCEE</firstName>
        <sponsorshipWithdrawnDate />
        <isOriginalCosponsor>True</isOriginalCosponsor>
        <district>20</district>
        <party>D</party>
        <fullName>Rep. Hastings, Alcee L. [D-FL-20]</fullName>
        <middleName>L.</middleName>
        <state>FL</state>
        <bioguideId>H000324</bioguideId>
        <sponsorshipDate>2017-04-25</sponsorshipDate>
        <identifiers>
          <gpoId>7895</gpoId>
          <lisID>511</lisID>
          <bioguideId>H000324</bioguideId>
        </identifiers>
      </item>
      <item>
        <lastName>Kilmer</lastName>
        <firstName>Derek</firstName>
        <sponsorshipWithdrawnDate />
        <isOriginalCosponsor>True</isOriginalCosponsor>
        <district>6</district>
        <party>D</party>
        <fullName>Rep. Kilmer, Derek [D-WA-6]</fullName>
        <middleName />
        <state>WA</state>
        <bioguideId>K000381</bioguideId>
        <sponsorshipDate>2017-04-25</sponsorshipDate>
        <identifiers>
          <lisID>2169</lisID>
          <bioguideId>K000381</bioguideId>
          <gpoId />
        </identifiers>
      </item>
      <item>
        <lastName>Lieu</lastName>
        <firstName>Ted</firstName>
        <sponsorshipWithdrawnDate />
        <isOriginalCosponsor>True</isOriginalCosponsor>
        <district>33</district>
        <party>D</party>
        <fullName>Rep. Lieu, Ted [D-CA-33]</fullName>
        <middleName />
        <state>CA</state>
        <bioguideId>L000582</bioguideId>
        <sponsorshipDate>2017-04-25</sponsorshipDate>
        <identifiers>
          <lisID>2230</lisID>
          <gpoId />
          <bioguideId>L000582</bioguideId>
        </identifiers>
      </item>
      <item>
        <lastName>LOWEY</lastName>
        <firstName>NITA</firstName>
        <sponsorshipWithdrawnDate />
        <isOriginalCosponsor>True</isOriginalCosponsor>
        <district>17</district>
        <party>D</party>
        <fullName>Rep. Lowey, Nita M. [D-NY-17]</fullName>
        <middleName>M.</middleName>
        <state>NY</state>
        <bioguideId>L000480</bioguideId>
        <sponsorshipDate>2017-04-25</sponsorshipDate>
        <identifiers>
          <gpoId>8079</gpoId>
          <lisID>709</lisID>
          <bioguideId>L000480</bioguideId>
        </identifiers>
      </item>
      <item>
        <lastName>MALONEY</lastName>
        <firstName>CAROLYN</firstName>
        <sponsorshipWithdrawnDate />
        <isOriginalCosponsor>True</isOriginalCosponsor>
        <district>12</district>
        <party>D</party>
        <fullName>Rep. Maloney, Carolyn B. [D-NY-12]</fullName>
        <middleName>B.</middleName>
        <state>NY</state>
        <bioguideId>M000087</bioguideId>
        <sponsorshipDate>2017-04-25</sponsorshipDate>
        <identifiers>
          <bioguideId>M000087</bioguideId>
          <gpoId>8075</gpoId>
          <lisID>729</lisID>
        </identifiers>
      </item>
      <item>
        <lastName>MCGOVERN</lastName>
        <firstName>JAMES</firstName>
        <sponsorshipWithdrawnDate />
        <isOriginalCosponsor>True</isOriginalCosponsor>
        <district>2</district>
        <party>D</party>
        <fullName>Rep. McGovern, James P. [D-MA-2]</fullName>
        <middleName>P.</middleName>
        <state>MA</state>
        <bioguideId>M000312</bioguideId>
        <sponsorshipDate>2017-04-25</sponsorshipDate>
        <identifiers>
          <gpoId>7968</gpoId>
          <lisID>1504</lisID>
          <bioguideId>M000312</bioguideId>
        </identifiers>
      </item>
      <item>
        <lastName>NADLER</lastName>
        <firstName>JERROLD</firstName>
        <sponsorshipWithdrawnDate />
        <isOriginalCosponsor>True</isOriginalCosponsor>
        <district>10</district>
        <party>D</party>
        <fullName>Rep. Nadler, Jerrold [D-NY-10]</fullName>
        <middleName />
        <state>NY</state>
        <bioguideId>N000002</bioguideId>
        <sponsorshipDate>2017-04-25</sponsorshipDate>
        <identifiers>
          <bioguideId>N000002</bioguideId>
          <lisID>850</lisID>
          <gpoId>8069</gpoId>
        </identifiers>
      </item>
      <item>
        <lastName>PALLONE</lastName>
        <firstName>FRANK</firstName>
        <sponsorshipWithdrawnDate />
        <isOriginalCosponsor>True</isOriginalCosponsor>
        <district>6</district>
        <party>D</party>
        <fullName>Rep. Pallone, Frank, Jr. [D-NJ-6]</fullName>
        <middleName />
        <state>NJ</state>
        <bioguideId>P000034</bioguideId>
        <sponsorshipDate>2017-04-25</sponsorshipDate>
        <identifiers>
          <gpoId>8048</gpoId>
          <bioguideId>P000034</bioguideId>
          <lisID>887</lisID>
        </identifiers>
      </item>
      <item>
        <lastName>PASCRELL</lastName>
        <firstName>WILLIAM</firstName>
        <sponsorshipWithdrawnDate />
        <isOriginalCosponsor>True</isOriginalCosponsor>
        <district>9</district>
        <party>D</party>
        <fullName>Rep. Pascrell, Bill, Jr. [D-NJ-9]</fullName>
        <middleName>J.</middleName>
        <state>NJ</state>
        <bioguideId>P000096</bioguideId>
        <sponsorshipDate>2017-04-25</sponsorshipDate>
        <identifiers>
          <lisID>1510</lisID>
          <gpoId>8050</gpoId>
          <bioguideId>P000096</bioguideId>
        </identifiers>
      </item>
      <item>
        <lastName>Rosen</lastName>
        <firstName>Jacky</firstName>
        <sponsorshipWithdrawnDate />
        <isOriginalCosponsor>True</isOriginalCosponsor>
        <district>3</district>
        <party>D</party>
        <fullName>Rep. Rosen, Jacky [D-NV-3]</fullName>
        <middleName />
        <state>NV</state>
        <bioguideId>R000608</bioguideId>
        <sponsorshipDate>2017-04-25</sponsorshipDate>
        <identifiers>
          <lisID>2339</lisID>
          <bioguideId>R000608</bioguideId>
          <gpoId />
        </identifiers>
      </item>
      <item>
        <lastName>ROS-LEHTINEN</lastName>
        <firstName>ILEANA</firstName>
        <sponsorshipWithdrawnDate />
        <isOriginalCosponsor>True</isOriginalCosponsor>
        <district>27</district>
        <party>R</party>
        <fullName>Rep. Ros-Lehtinen, Ileana [R-FL-27]</fullName>
        <middleName />
        <state>FL</state>
        <bioguideId>R000435</bioguideId>
        <sponsorshipDate>2017-04-25</sponsorshipDate>
        <identifiers>
          <lisID>985</lisID>
          <bioguideId>R000435</bioguideId>
          <gpoId>7890</gpoId>
        </identifiers>
      </item>
      <item>
        <lastName>SCHAKOWSKY</lastName>
        <firstName>JANICE</firstName>
        <sponsorshipWithdrawnDate />
        <isOriginalCosponsor>True</isOriginalCosponsor>
        <district>9</district>
        <party>D</party>
        <fullName>Rep. Schakowsky, Janice D. [D-IL-9]</fullName>
        <middleName>D.</middleName>
        <state>IL</state>
        <bioguideId>S001145</bioguideId>
        <sponsorshipDate>2017-04-25</sponsorshipDate>
        <identifiers>
          <gpoId>7929</gpoId>
          <lisID>1588</lisID>
          <bioguideId>S001145</bioguideId>
        </identifiers>
      </item>
      <item>
        <lastName>Sires</lastName>
        <firstName>Albio</firstName>
        <sponsorshipWithdrawnDate />
        <isOriginalCosponsor>True</isOriginalCosponsor>
        <district>8</district>
        <party>D</party>
        <fullName>Rep. Sires, Albio [D-NJ-8]</fullName>
        <middleName />
        <state>NJ</state>
        <bioguideId>S001165</bioguideId>
        <sponsorshipDate>2017-04-25</sponsorshipDate>
        <identifiers>
          <lisID>1818</lisID>
          <bioguideId>S001165</bioguideId>
          <gpoId>8055</gpoId>
        </identifiers>
      </item>
      <item>
        <lastName>Suozzi</lastName>
        <firstName>Thomas</firstName>
        <sponsorshipWithdrawnDate />
        <isOriginalCosponsor>True</isOriginalCosponsor>
        <district>3</district>
        <party>D</party>
        <fullName>Rep. Suozzi, Thomas R. [D-NY-3]</fullName>
        <middleName>R.</middleName>
        <state>NY</state>
        <bioguideId>S001201</bioguideId>
        <sponsorshipDate>2017-04-25</sponsorshipDate>
        <identifiers>
          <gpoId />
          <lisID>2341</lisID>
          <bioguideId>S001201</bioguideId>
        </identifiers>
      </item>
      <item>
        <lastName>VELAZQUEZ</lastName>
        <firstName>NYDIA</firstName>
        <sponsorshipWithdrawnDate />
        <isOriginalCosponsor>True</isOriginalCosponsor>
        <district>7</district>
        <party>D</party>
        <fullName>Rep. Velazquez, Nydia M. [D-NY-7]</fullName>
        <middleName>M.</middleName>
        <state>NY</state>
        <bioguideId>V000081</bioguideId>
        <sponsorshipDate>2017-04-25</sponsorshipDate>
        <identifiers>
          <gpoId>8073</gpoId>
          <bioguideId>V000081</bioguideId>
          <lisID>1184</lisID>
        </identifiers>
      </item>
      <item>
        <lastName>Wasserman Schultz</lastName>
        <firstName>Debbie</firstName>
        <sponsorshipWithdrawnDate />
        <isOriginalCosponsor>True</isOriginalCosponsor>
        <district>23</district>
        <party>D</party>
        <fullName>Rep. Wasserman Schultz, Debbie [D-FL-23]</fullName>
        <middleName />
        <state>FL</state>
        <bioguideId>W000797</bioguideId>
        <sponsorshipDate>2017-04-25</sponsorshipDate>
        <identifiers>
          <bioguideId>W000797</bioguideId>
          <lisID>1777</lisID>
          <gpoId>7892</gpoId>
        </identifiers>
      </item>
      <item>
        <lastName>Weber</lastName>
        <firstName>Randy</firstName>
        <sponsorshipWithdrawnDate />
        <isOriginalCosponsor>True</isOriginalCosponsor>
        <district>14</district>
        <party>R</party>
        <fullName>Rep. Weber, Randy K., Sr. [R-TX-14]</fullName>
        <middleName>K.</middleName>
        <state>TX</state>
        <bioguideId>W000814</bioguideId>
        <sponsorshipDate>2017-04-25</sponsorshipDate>
        <identifiers>
          <bioguideId>W000814</bioguideId>
          <lisID>2161</lisID>
          <gpoId />
        </identifiers>
      </item>
      <item>
        <lastName>Wilson</lastName>
        <firstName>Frederica</firstName>
        <sponsorshipWithdrawnDate />
        <isOriginalCosponsor>True</isOriginalCosponsor>
        <district>24</district>
        <party>D</party>
        <fullName>Rep. Wilson, Frederica S. [D-FL-24]</fullName>
        <middleName>S.</middleName>
        <state>FL</state>
        <bioguideId>W000808</bioguideId>
        <sponsorshipDate>2017-04-25</sponsorshipDate>
        <identifiers>
          <lisID>2004</lisID>
          <gpoId>7889</gpoId>
          <bioguideId>W000808</bioguideId>
        </identifiers>
      </item>
      <item>
        <lastName>Raskin</lastName>
        <firstName>Jamie</firstName>
        <sponsorshipWithdrawnDate />
        <isOriginalCosponsor>True</isOriginalCosponsor>
        <district>8</district>
        <party>D</party>
        <fullName>Rep. Raskin, Jamie [D-MD-8]</fullName>
        <middleName />
        <state>MD</state>
        <bioguideId>R000606</bioguideId>
        <sponsorshipDate>2017-04-25</sponsorshipDate>
        <identifiers>
          <gpoId />
          <bioguideId>R000606</bioguideId>
          <lisID>2332</lisID>
        </identifiers>
      </item>
      <item>
        <lastName>LEVIN</lastName>
        <firstName>SANDER</firstName>
        <sponsorshipWithdrawnDate />
        <isOriginalCosponsor>True</isOriginalCosponsor>
        <district>9</district>
        <party>D</party>
        <fullName>Rep. Levin, Sander M. [D-MI-9]</fullName>
        <middleName>M.</middleName>
        <state>MI</state>
        <bioguideId>L000263</bioguideId>
        <sponsorshipDate>2017-04-25</sponsorshipDate>
        <identifiers>
          <gpoId>7997</gpoId>
          <bioguideId>L000263</bioguideId>
          <lisID>683</lisID>
        </identifiers>
      </item>
      <item>
        <lastName>Gottheimer</lastName>
        <firstName>Josh</firstName>
        <sponsorshipWithdrawnDate />
        <isOriginalCosponsor>True</isOriginalCosponsor>
        <district>5</district>
        <party>D</party>
        <fullName>Rep. Gottheimer, Josh [D-NJ-5]</fullName>
        <middleName />
        <state>NJ</state>
        <bioguideId>G000583</bioguideId>
        <sponsorshipDate>2017-04-25</sponsorshipDate>
        <identifiers>
          <lisID>2338</lisID>
          <bioguideId>G000583</bioguideId>
          <gpoId />
        </identifiers>
      </item>
      <item>
        <lastName>Rice</lastName>
        <firstName>Kathleen</firstName>
        <sponsorshipWithdrawnDate />
        <isOriginalCosponsor>False</isOriginalCosponsor>
        <district>4</district>
        <party>D</party>
        <fullName>Rep. Rice, Kathleen M. [D-NY-4]</fullName>
        <middleName>M.</middleName>
        <state>NY</state>
        <bioguideId>R000602</bioguideId>
        <sponsorshipDate>2017-05-02</sponsorshipDate>
        <identifiers>
          <lisID>2262</lisID>
          <bioguideId>R000602</bioguideId>
          <gpoId />
        </identifiers>
      </item>
      <item>
        <lastName>Swalwell</lastName>
        <firstName>Eric</firstName>
        <sponsorshipWithdrawnDate />
        <isOriginalCosponsor>False</isOriginalCosponsor>
        <district>15</district>
        <party>D</party>
        <fullName>Rep. Swalwell, Eric [D-CA-15]</fullName>
        <middleName />
        <state>CA</state>
        <bioguideId>S001193</bioguideId>
        <sponsorshipDate>2017-05-02</sponsorshipDate>
        <identifiers>
          <lisID>2104</lisID>
          <bioguideId>S001193</bioguideId>
          <gpoId />
        </identifiers>
      </item>
      <item>
        <lastName>Lowenthal</lastName>
        <firstName>Alan</firstName>
        <sponsorshipWithdrawnDate />
        <isOriginalCosponsor>False</isOriginalCosponsor>
        <district>47</district>
        <party>D</party>
        <fullName>Rep. Lowenthal, Alan S. [D-CA-47]</fullName>
        <middleName>S.</middleName>
        <state>CA</state>
        <bioguideId>L000579</bioguideId>
        <sponsorshipDate>2017-05-02</sponsorshipDate>
        <identifiers>
          <bioguideId>L000579</bioguideId>
          <gpoId />
          <lisID>2111</lisID>
        </identifiers>
      </item>
      <item>
        <lastName>Veasey</lastName>
        <firstName>Marc</firstName>
        <sponsorshipWithdrawnDate />
        <isOriginalCosponsor>False</isOriginalCosponsor>
        <district>33</district>
        <party>D</party>
        <fullName>Rep. Veasey, Marc A. [D-TX-33]</fullName>
        <middleName>A.</middleName>
        <state>TX</state>
        <bioguideId>V000131</bioguideId>
        <sponsorshipDate>2017-05-16</sponsorshipDate>
        <identifiers>
          <lisID>2166</lisID>
          <gpoId />
          <bioguideId>V000131</bioguideId>
        </identifiers>
      </item>
      <item>
        <lastName>Clarke</lastName>
        <firstName>Yvette</firstName>
        <sponsorshipWithdrawnDate />
        <isOriginalCosponsor>False</isOriginalCosponsor>
        <district>9</district>
        <party>D</party>
        <fullName>Rep. Clarke, Yvette D. [D-NY-9]</fullName>
        <middleName>D.</middleName>
        <state>NY</state>
        <bioguideId>C001067</bioguideId>
        <sponsorshipDate>2017-05-16</sponsorshipDate>
        <identifiers>
          <gpoId>8072</gpoId>
          <lisID>1864</lisID>
          <bioguideId>C001067</bioguideId>
        </identifiers>
      </item>
      <item>
        <lastName>JACKSON LEE</lastName>
        <firstName>SHEILA</firstName>
        <sponsorshipWithdrawnDate />
        <isOriginalCosponsor>False</isOriginalCosponsor>
        <district>18</district>
        <party>D</party>
        <fullName>Rep. Jackson Lee, Sheila [D-TX-18]</fullName>
        <middleName />
        <state>TX</state>
        <bioguideId>J000032</bioguideId>
        <sponsorshipDate>2017-05-16</sponsorshipDate>
        <identifiers>
          <lisID>588</lisID>
          <bioguideId>J000032</bioguideId>
          <gpoId>8174</gpoId>
        </identifiers>
      </item>
      <item>
        <lastName>Kihuen</lastName>
        <firstName>Ruben</firstName>
        <sponsorshipWithdrawnDate />
        <isOriginalCosponsor>False</isOriginalCosponsor>
        <district>4</district>
        <party>D</party>
        <fullName>Rep. Kihuen, Ruben J. [D-NV-4]</fullName>
        <middleName>J.</middleName>
        <state>NV</state>
        <bioguideId>K000390</bioguideId>
        <sponsorshipDate>2017-05-22</sponsorshipDate>
        <identifiers>
          <bioguideId>K000390</bioguideId>
          <lisID>2340</lisID>
          <gpoId />
        </identifiers>
      </item>
      <item>
        <lastName>Dingell</lastName>
        <firstName>Debbie</firstName>
        <sponsorshipWithdrawnDate />
        <isOriginalCosponsor>False</isOriginalCosponsor>
        <district>12</district>
        <party>D</party>
        <fullName>Rep. Dingell, Debbie [D-MI-12]</fullName>
        <middleName />
        <state>MI</state>
        <bioguideId>D000624</bioguideId>
        <sponsorshipDate>2017-05-22</sponsorshipDate>
        <identifiers>
          <lisID>2251</lisID>
          <bioguideId>D000624</bioguideId>
          <gpoId />
        </identifiers>
      </item>
      <item>
        <lastName>Roskam</lastName>
        <firstName>Peter</firstName>
        <sponsorshipWithdrawnDate />
        <isOriginalCosponsor>False</isOriginalCosponsor>
        <district>6</district>
        <party>R</party>
        <fullName>Rep. Roskam, Peter J. [R-IL-6]</fullName>
        <middleName>J.</middleName>
        <state>IL</state>
        <bioguideId>R000580</bioguideId>
        <sponsorshipDate>2017-05-22</sponsorshipDate>
        <identifiers>
          <bioguideId>R000580</bioguideId>
          <gpoId>7926</gpoId>
          <lisID>1848</lisID>
        </identifiers>
      </item>
      <item>
        <lastName>Zeldin</lastName>
        <firstName>Lee</firstName>
        <sponsorshipWithdrawnDate />
        <isOriginalCosponsor>False</isOriginalCosponsor>
        <district>1</district>
        <party>R</party>
        <fullName>Rep. Zeldin, Lee M. [R-NY-1]</fullName>
        <middleName>M.</middleName>
        <state>NY</state>
        <bioguideId>Z000017</bioguideId>
        <sponsorshipDate>2017-05-23</sponsorshipDate>
        <identifiers>
          <lisID>2261</lisID>
          <bioguideId>Z000017</bioguideId>
          <gpoId />
        </identifiers>
      </item>
      <item>
        <lastName>Polis</lastName>
        <firstName>Jared</firstName>
        <sponsorshipWithdrawnDate />
        <isOriginalCosponsor>False</isOriginalCosponsor>
        <district>2</district>
        <party>D</party>
        <fullName>Rep. Polis, Jared [D-CO-2]</fullName>
        <middleName />
        <state>CO</state>
        <bioguideId>P000598</bioguideId>
        <sponsorshipDate>2017-05-24</sponsorshipDate>
        <identifiers>
          <bioguideId>P000598</bioguideId>
          <lisID>1910</lisID>
          <gpoId>7860</gpoId>
        </identifiers>
      </item>
      <item>
        <lastName>LANGEVIN</lastName>
        <firstName>JAMES</firstName>
        <sponsorshipWithdrawnDate />
        <isOriginalCosponsor>False</isOriginalCosponsor>
        <district>2</district>
        <party>D</party>
        <fullName>Rep. Langevin, James R. [D-RI-2]</fullName>
        <middleName>R.</middleName>
        <state>RI</state>
        <bioguideId>L000559</bioguideId>
        <sponsorshipDate>2017-05-24</sponsorshipDate>
        <identifiers>
          <lisID>1668</lisID>
          <bioguideId>L000559</bioguideId>
          <gpoId>8140</gpoId>
        </identifiers>
      </item>
      <item>
        <lastName>Jayapal</lastName>
        <firstName>Pramila</firstName>
        <sponsorshipWithdrawnDate />
        <isOriginalCosponsor>False</isOriginalCosponsor>
        <district>7</district>
        <party>D</party>
        <fullName>Rep. Jayapal, Pramila [D-WA-7]</fullName>
        <middleName />
        <state>WA</state>
        <bioguideId>J000298</bioguideId>
        <sponsorshipDate>2017-06-07</sponsorshipDate>
        <identifiers>
          <gpoId />
          <bioguideId>J000298</bioguideId>
          <lisID>2354</lisID>
        </identifiers>
      </item>
      <item>
        <lastName>Chu</lastName>
        <firstName>Judy</firstName>
        <sponsorshipWithdrawnDate />
        <isOriginalCosponsor>False</isOriginalCosponsor>
        <district>27</district>
        <party>D</party>
        <fullName>Rep. Chu, Judy [D-CA-27]</fullName>
        <middleName />
        <state>CA</state>
        <bioguideId>C001080</bioguideId>
        <sponsorshipDate>2017-06-07</sponsorshipDate>
        <identifiers>
          <bioguideId>C001080</bioguideId>
          <gpoId>7837</gpoId>
          <lisID>1970</lisID>
        </identifiers>
      </item>
      <item>
        <lastName>Jeffries</lastName>
        <firstName>Hakeem</firstName>
        <sponsorshipWithdrawnDate />
        <isOriginalCosponsor>False</isOriginalCosponsor>
        <district>8</district>
        <party>D</party>
        <fullName>Rep. Jeffries, Hakeem S. [D-NY-8]</fullName>
        <middleName>S.</middleName>
        <state>NY</state>
        <bioguideId>J000294</bioguideId>
        <sponsorshipDate>2017-06-07</sponsorshipDate>
        <identifiers>
          <lisID>2149</lisID>
          <gpoId />
          <bioguideId>J000294</bioguideId>
        </identifiers>
      </item>
      <item>
        <lastName>SCHIFF</lastName>
        <firstName>ADAM</firstName>
        <sponsorshipWithdrawnDate />
        <isOriginalCosponsor>False</isOriginalCosponsor>
        <district>28</district>
        <party>D</party>
        <fullName>Rep. Schiff, Adam B. [D-CA-28]</fullName>
        <middleName>B.</middleName>
        <state>CA</state>
        <bioguideId>S001150</bioguideId>
        <sponsorshipDate>2017-06-15</sponsorshipDate>
        <identifiers>
          <bioguideId>S001150</bioguideId>
          <lisID>1635</lisID>
          <gpoId>7834</gpoId>
        </identifiers>
      </item>
      <item>
        <lastName>Meng</lastName>
        <firstName>Grace</firstName>
        <sponsorshipWithdrawnDate />
        <isOriginalCosponsor>False</isOriginalCosponsor>
        <district>6</district>
        <party>D</party>
        <fullName>Rep. Meng, Grace [D-NY-6]</fullName>
        <middleName />
        <state>NY</state>
        <bioguideId>M001188</bioguideId>
        <sponsorshipDate>2017-06-20</sponsorshipDate>
        <identifiers>
          <gpoId />
          <lisID>2148</lisID>
          <bioguideId>M001188</bioguideId>
        </identifiers>
      </item>
      <item>
        <lastName>Foster</lastName>
        <firstName>Bill</firstName>
        <sponsorshipWithdrawnDate />
        <isOriginalCosponsor>False</isOriginalCosponsor>
        <district>11</district>
        <party>D</party>
        <fullName>Rep. Foster, Bill [D-IL-11]</fullName>
        <middleName />
        <state>IL</state>
        <bioguideId>F000454</bioguideId>
        <sponsorshipDate>2017-06-20</sponsorshipDate>
        <identifiers>
          <lisID>1888</lisID>
          <gpoId>7355</gpoId>
          <bioguideId>F000454</bioguideId>
        </identifiers>
      </item>
      <item>
        <lastName>GRANGER</lastName>
        <firstName>KAY</firstName>
        <sponsorshipWithdrawnDate />
        <isOriginalCosponsor>False</isOriginalCosponsor>
        <district>12</district>
        <party>R</party>
        <fullName>Rep. Granger, Kay [R-TX-12]</fullName>
        <middleName />
        <state>TX</state>
        <bioguideId>G000377</bioguideId>
        <sponsorshipDate>2017-06-20</sponsorshipDate>
        <identifiers>
          <lisID>1487</lisID>
          <bioguideId>G000377</bioguideId>
          <gpoId>8168</gpoId>
        </identifiers>
      </item>
      <item>
        <lastName>Panetta</lastName>
        <firstName>Jimmy</firstName>
        <sponsorshipWithdrawnDate />
        <isOriginalCosponsor>False</isOriginalCosponsor>
        <district>20</district>
        <party>D</party>
        <fullName>Rep. Panetta, Jimmy [D-CA-20]</fullName>
        <middleName />
        <state>CA</state>
        <bioguideId>P000613</bioguideId>
        <sponsorshipDate>2017-07-11</sponsorshipDate>
        <identifiers>
          <lisID>2309</lisID>
          <bioguideId>P000613</bioguideId>
          <gpoId />
        </identifiers>
      </item>
      <item>
        <lastName>Meehan</lastName>
        <firstName>Patrick</firstName>
        <sponsorshipWithdrawnDate />
        <isOriginalCosponsor>False</isOriginalCosponsor>
        <district>7</district>
        <party>R</party>
        <fullName>Rep. Meehan, Patrick [R-PA-7]</fullName>
        <middleName />
        <state>PA</state>
        <bioguideId>M001181</bioguideId>
        <sponsorshipDate>2017-07-11</sponsorshipDate>
        <identifiers>
          <lisID>2052</lisID>
          <bioguideId>M001181</bioguideId>
          <gpoId>8125</gpoId>
        </identifiers>
      </item>
      <item>
        <lastName>Comstock</lastName>
        <firstName>Barbara</firstName>
        <sponsorshipWithdrawnDate />
        <isOriginalCosponsor>False</isOriginalCosponsor>
        <district>10</district>
        <party>R</party>
        <fullName>Rep. Comstock, Barbara [R-VA-10]</fullName>
        <middleName />
        <state>VA</state>
        <bioguideId>C001105</bioguideId>
        <sponsorshipDate>2017-07-11</sponsorshipDate>
        <identifiers>
          <lisID>2273</lisID>
          <bioguideId>C001105</bioguideId>
          <gpoId />
        </identifiers>
      </item>
      <item>
        <lastName>Evans</lastName>
        <firstName>Dwight</firstName>
        <sponsorshipWithdrawnDate />
        <isOriginalCosponsor>False</isOriginalCosponsor>
        <district>2</district>
        <party>D</party>
        <fullName>Rep. Evans, Dwight [D-PA-2]</fullName>
        <middleName />
        <state>PA</state>
        <bioguideId>E000296</bioguideId>
        <sponsorshipDate>2017-07-11</sponsorshipDate>
        <identifiers>
          <gpoId />
          <lisID>2298</lisID>
          <bioguideId>E000296</bioguideId>
        </identifiers>
      </item>
      <item>
        <lastName>Yarmuth</lastName>
        <firstName>John</firstName>
        <sponsorshipWithdrawnDate />
        <isOriginalCosponsor>False</isOriginalCosponsor>
        <district>3</district>
        <party>D</party>
        <fullName>Rep. Yarmuth, John A. [D-KY-3]</fullName>
        <middleName>A.</middleName>
        <state>KY</state>
        <bioguideId>Y000062</bioguideId>
        <sponsorshipDate>2017-07-11</sponsorshipDate>
        <identifiers>
          <gpoId>7955</gpoId>
          <lisID>1853</lisID>
          <bioguideId>Y000062</bioguideId>
        </identifiers>
      </item>
      <item>
        <lastName>Castor</lastName>
        <firstName>Kathy</firstName>
        <sponsorshipWithdrawnDate />
        <isOriginalCosponsor>False</isOriginalCosponsor>
        <district>14</district>
        <party>D</party>
        <fullName>Rep. Castor, Kathy [D-FL-14]</fullName>
        <middleName />
        <state>FL</state>
        <bioguideId>C001066</bioguideId>
        <sponsorshipDate>2017-09-07</sponsorshipDate>
        <identifiers>
          <bioguideId>C001066</bioguideId>
          <lisID>1839</lisID>
          <gpoId>7883</gpoId>
        </identifiers>
      </item>
      <item>
        <lastName>NORTON</lastName>
        <firstName>ELEANOR</firstName>
        <sponsorshipWithdrawnDate />
        <isOriginalCosponsor>False</isOriginalCosponsor>
        <district>0</district>
        <party>D</party>
        <fullName>Rep. Norton, Eleanor Holmes [D-DC-At Large]</fullName>
        <middleName>HOLMES</middleName>
        <state>DC</state>
        <bioguideId>N000147</bioguideId>
        <sponsorshipDate>2017-09-08</sponsorshipDate>
        <identifiers>
          <lisID>868</lisID>
          <gpoId>7871</gpoId>
          <bioguideId>N000147</bioguideId>
        </identifiers>
      </item>
      <item>
        <lastName>Krishnamoorthi</lastName>
        <firstName>Raja</firstName>
        <sponsorshipWithdrawnDate />
        <isOriginalCosponsor>False</isOriginalCosponsor>
        <district>8</district>
        <party>D</party>
        <fullName>Rep. Krishnamoorthi, Raja [D-IL-8]</fullName>
        <middleName />
        <state>IL</state>
        <bioguideId>K000391</bioguideId>
        <sponsorshipDate>2017-10-03</sponsorshipDate>
        <identifiers>
          <lisID>2325</lisID>
          <gpoId />
          <bioguideId>K000391</bioguideId>
        </identifiers>
      </item>
      <item>
        <lastName>LOFGREN</lastName>
        <firstName>ZOE</firstName>
        <sponsorshipWithdrawnDate />
        <isOriginalCosponsor>False</isOriginalCosponsor>
        <district>19</district>
        <party>D</party>
        <fullName>Rep. Lofgren, Zoe [D-CA-19]</fullName>
        <middleName />
        <state>CA</state>
        <bioguideId>L000397</bioguideId>
        <sponsorshipDate>2017-10-03</sponsorshipDate>
        <identifiers>
          <lisID>701</lisID>
          <bioguideId>L000397</bioguideId>
          <gpoId>7821</gpoId>
        </identifiers>
      </item>
      <item>
        <lastName>Quigley</lastName>
        <firstName>Mike</firstName>
        <sponsorshipWithdrawnDate />
        <isOriginalCosponsor>False</isOriginalCosponsor>
        <district>5</district>
        <party>D</party>
        <fullName>Rep. Quigley, Mike [D-IL-5]</fullName>
        <middleName />
        <state>IL</state>
        <bioguideId>Q000023</bioguideId>
        <sponsorshipDate>2017-10-23</sponsorshipDate>
        <identifiers>
          <gpoId>7925</gpoId>
          <bioguideId>Q000023</bioguideId>
          <lisID>1967</lisID>
        </identifiers>
      </item>
      <item>
        <lastName>Higgins</lastName>
        <firstName>Brian</firstName>
        <sponsorshipWithdrawnDate />
        <isOriginalCosponsor>False</isOriginalCosponsor>
        <district>26</district>
        <party>D</party>
        <fullName>Rep. Higgins, Brian [D-NY-26]</fullName>
        <middleName />
        <state>NY</state>
        <bioguideId>H001038</bioguideId>
        <sponsorshipDate>2017-11-15</sponsorshipDate>
        <identifiers>
          <lisID>1794</lisID>
          <bioguideId>H001038</bioguideId>
          <gpoId>8088</gpoId>
        </identifiers>
      </item>
      <item>
        <lastName>Norcross</lastName>
        <firstName>Donald</firstName>
        <sponsorshipWithdrawnDate />
        <isOriginalCosponsor>False</isOriginalCosponsor>
        <district>1</district>
        <party>D</party>
        <fullName>Rep. Norcross, Donald [D-NJ-1]</fullName>
        <middleName />
        <state>NJ</state>
        <bioguideId>N000188</bioguideId>
        <sponsorshipDate>2017-11-15</sponsorshipDate>
        <identifiers>
          <lisID>2202</lisID>
          <bioguideId>N000188</bioguideId>
          <gpoId />
        </identifiers>
      </item>
      <item>
        <lastName>Pingree</lastName>
        <firstName>Chellie</firstName>
        <sponsorshipWithdrawnDate />
        <isOriginalCosponsor>False</isOriginalCosponsor>
        <district>1</district>
        <party>D</party>
        <fullName>Rep. Pingree, Chellie [D-ME-1]</fullName>
        <middleName />
        <state>ME</state>
        <bioguideId>P000597</bioguideId>
        <sponsorshipDate>2017-11-15</sponsorshipDate>
        <identifiers>
          <lisID>1927</lisID>
          <gpoId>7984</gpoId>
          <bioguideId>P000597</bioguideId>
        </identifiers>
      </item>
      <item>
        <lastName>MEEKS</lastName>
        <firstName>GREGORY</firstName>
        <sponsorshipWithdrawnDate />
        <isOriginalCosponsor>False</isOriginalCosponsor>
        <district>5</district>
        <party>D</party>
        <fullName>Rep. Meeks, Gregory W. [D-NY-5]</fullName>
        <middleName>W.</middleName>
        <state>NY</state>
        <bioguideId>M001137</bioguideId>
        <sponsorshipDate>2017-11-29</sponsorshipDate>
        <identifiers>
          <gpoId>8067</gpoId>
          <bioguideId>M001137</bioguideId>
          <lisID>1506</lisID>
        </identifiers>
      </item>
      <item>
        <lastName>Gomez</lastName>
        <firstName>Jimmy</firstName>
        <sponsorshipWithdrawnDate />
        <isOriginalCosponsor>False</isOriginalCosponsor>
        <district>34</district>
        <party>D</party>
        <fullName>Rep. Gomez, Jimmy [D-CA-34]</fullName>
        <middleName />
        <state>CA</state>
        <bioguideId>G000585</bioguideId>
        <sponsorshipDate>2017-12-06</sponsorshipDate>
        <identifiers>
          <gpoId />
          <lisID>2362</lisID>
          <bioguideId>G000585</bioguideId>
        </identifiers>
      </item>
      <item>
        <lastName>KIND</lastName>
        <firstName>RON</firstName>
        <sponsorshipWithdrawnDate />
        <isOriginalCosponsor>False</isOriginalCosponsor>
        <district>3</district>
        <party>D</party>
        <fullName>Rep. Kind, Ron [D-WI-3]</fullName>
        <middleName />
        <state>WI</state>
        <bioguideId>K000188</bioguideId>
        <sponsorshipDate>2017-12-11</sponsorshipDate>
        <identifiers>
          <gpoId>8216</gpoId>
          <lisID>1498</lisID>
          <bioguideId>K000188</bioguideId>
        </identifiers>
      </item>
      <item>
        <lastName>Pocan</lastName>
        <firstName>Mark</firstName>
        <sponsorshipWithdrawnDate />
        <isOriginalCosponsor>False</isOriginalCosponsor>
        <district>2</district>
        <party>D</party>
        <fullName>Rep. Pocan, Mark [D-WI-2]</fullName>
        <middleName />
        <state>WI</state>
        <bioguideId>P000607</bioguideId>
        <sponsorshipDate>2018-01-17</sponsorshipDate>
        <identifiers>
          <bioguideId>P000607</bioguideId>
          <lisID>2171</lisID>
          <gpoId />
        </identifiers>
      </item>
      <item>
        <lastName>Espaillat</lastName>
        <firstName>Adriano</firstName>
        <sponsorshipWithdrawnDate />
        <isOriginalCosponsor>False</isOriginalCosponsor>
        <district>13</district>
        <party>D</party>
        <fullName>Rep. Espaillat, Adriano [D-NY-13]</fullName>
        <middleName />
        <state>NY</state>
        <bioguideId>E000297</bioguideId>
        <sponsorshipDate>2018-02-02</sponsorshipDate>
        <identifiers>
          <gpoId />
          <lisID>2342</lisID>
          <bioguideId>E000297</bioguideId>
        </identifiers>
      </item>
      <item>
        <lastName>Khanna</lastName>
        <firstName>Ro</firstName>
        <sponsorshipWithdrawnDate />
        <isOriginalCosponsor>False</isOriginalCosponsor>
        <district>17</district>
        <party>D</party>
        <fullName>Rep. Khanna, Ro [D-CA-17]</fullName>
        <middleName />
        <state>CA</state>
        <bioguideId>K000389</bioguideId>
        <sponsorshipDate>2018-02-02</sponsorshipDate>
        <identifiers>
          <lisID>2308</lisID>
          <bioguideId>K000389</bioguideId>
          <gpoId />
        </identifiers>
      </item>
    </cosponsors>
    <subjects>
      <billSubjects>
        <policyArea>
          <name>Education</name>
        </policyArea>
        <legislativeSubjects>
          <item>
            <name>Elementary and secondary education</name>
          </item>
          <item>
            <name>Europe</name>
          </item>
          <item>
            <name>Germany</name>
          </item>
          <item>
            <name>Teaching, teachers, curricula</name>
          </item>
          <item>
            <name>War crimes, genocide, crimes against humanity</name>
          </item>
          <item>
            <name>World history</name>
          </item>
        </legislativeSubjects>
      </billSubjects>
    </subjects>
    <constitutionalAuthorityStatementText />
    <laws />
    <actions>
      <actionTypeCounts>
        <introducedInTheHouse>1</introducedInTheHouse>
        <billReferralsAggregate>1</billReferralsAggregate>
        <billReferrals>2</billReferrals>
        <introducedInHouse>1</introducedInHouse>
      </actionTypeCounts>
      <item>
        <type>IntroReferral</type>
        <links />
        <text>Referred to House Foreign Affairs</text>
        <committee>
          <systemCode>hsfa00</systemCode>
          <name>Foreign Affairs Committee</name>
        </committee>
        <actionDate>2017-04-25</actionDate>
        <sourceSystem>
          <name>House floor actions</name>
          <code>2</code>
        </sourceSystem>
        <actionCode>H11100</actionCode>
      </item>
      <item>
        <type>IntroReferral</type>
        <links />
        <text>Referred to House Education and the Workforce</text>
        <committee>
          <systemCode>hsed00</systemCode>
          <name>Education and the Workforce Committee</name>
        </committee>
        <actionDate>2017-04-25</actionDate>
        <sourceSystem>
          <name>House floor actions</name>
          <code>2</code>
        </sourceSystem>
        <actionCode>H11100</actionCode>
      </item>
      <item>
        <type>IntroReferral</type>
        <links />
        <text>Referred to the Committee on Education and the Workforce, and in addition to the Committee on Foreign Affairs, for a period to be subsequently determined by the Speaker, in each case for consideration of such provisions as fall within the jurisdiction of the committee concerned.</text>
        <committee />
        <actionDate>2017-04-25</actionDate>
        <sourceSystem>
          <name>Library of Congress</name>
          <code>9</code>
        </sourceSystem>
        <actionCode>H11100-A</actionCode>
      </item>
      <item>
        <type>IntroReferral</type>
        <links />
        <text>Introduced in House</text>
        <committee />
        <actionDate>2017-04-25</actionDate>
        <sourceSystem>
          <name>Library of Congress</name>
          <code>9</code>
        </sourceSystem>
        <actionCode>Intro-H</actionCode>
      </item>
      <item>
        <type>IntroReferral</type>
        <links />
        <text>Introduced in House</text>
        <committee />
        <actionDate>2017-04-25</actionDate>
        <sourceSystem>
          <name>Library of Congress</name>
          <code>9</code>
        </sourceSystem>
        <actionCode>1000</actionCode>
      </item>
      <actionByCounts>
        <houseOfRepresentatives>5</houseOfRepresentatives>
      </actionByCounts>
    </actions>
    <titles>
      <item>
        <chamberCode />
        <titleType>Official Title as Introduced</titleType>
        <parentTitleType />
        <chamberName />
        <title>Expressing the sense of the House that more should be done to instill Holocaust education in school curricula around the country.</title>
      </item>
      <item>
        <chamberCode />
        <titleType>Display Title</titleType>
        <parentTitleType />
        <chamberName />
        <title>Expressing the sense of the House that more should be done to instill Holocaust education in school curricula around the country.</title>
      </item>
    </titles>
    <summaries>
      <billSummaries>
        <item>
          <versionCode>00</versionCode>
          <updateDate>2017-04-25T04:00:00Z</updateDate>
          <actionDate>2017-04-25</actionDate>
          <text><![CDATA[<p>Commends Holocaust education activists on their efforts to include Holocaust education in states' public school curricula.</p> <p>Urges more states to enact legislation mandating Holocaust education in their schools.</p> <p>Expresses the sense of the House of Representatives that more should be done to instill in the nation's future the promise that we will never forget the horrors of the Holocaust and must always work to prevent such atrocities from occurring in the future.</p> <ul> </ul>]]></text>
          <actionDesc>Introduced in House</actionDesc>
          <lastSummaryUpdateDate>2017-08-11T15:36:49Z</lastSummaryUpdateDate>
          <name>Introduced in House</name>
        </item>
      </billSummaries>
    </summaries>
    <committees>
      <billCommittees>
        <item>
          <name>Foreign Affairs Committee</name>
          <chamber>House</chamber>
          <type>Standing</type>
          <subcommittees />
          <systemCode>hsfa00</systemCode>
          <activities>
            <item>
              <name>Referred to</name>
              <date>2017-04-25T16:02:50Z</date>
            </item>
          </activities>
        </item>
        <item>
          <name>Education and the Workforce Committee</name>
          <chamber>House</chamber>
          <type>Standing</type>
          <subcommittees />
          <systemCode>hsed00</systemCode>
          <activities>
            <item>
              <name>Referred to</name>
              <date>2017-04-25T16:02:45Z</date>
            </item>
          </activities>
        </item>
      </billCommittees>
    </committees>
    <introducedDate>2017-04-25</introducedDate>
    <updateDate>2018-02-06T16:39:43Z</updateDate>
    <cboCostEstimates />
    <recordedVotes />
    <billType>HRES</billType>
    <createDate>2017-04-26T03:11:44Z</createDate>
    <latestAction>
      <text>Referred to House Foreign Affairs</text>
      <links />
      <actionDate>2017-04-25</actionDate>
    </latestAction>
  </bill>
  <dublinCore xmlns:dc="http://purl.org/dc/elements/1.1/">
    <dc:format>text/xml</dc:format>
    <dc:language>EN</dc:language>
    <dc:rights>Pursuant to Title 17 Section 105 of the United States Code, this file is not subject to copyright protection and is in the public domain.</dc:rights>
    <dc:contributor>Congressional Research Service, Library of Congress</dc:contributor>
    <dc:description>This file contains bill summaries and statuses for federal legislation. A bill summary describes the most significant provisions of a piece of legislation and details the effects the legislative text may have on current law and federal programs. Bill summaries are authored by the Congressional Research Service (CRS) of the Library of Congress. As stated in Public Law 91-510 (2 USC 166 (d)(6)), one of the duties of CRS is "to prepare summaries and digests of bills and resolutions of a public general nature introduced in the Senate or House of Representatives". For more information, refer to the User Guide that accompanies this file.</dc:description>
  </dublinCore>
</billStatus>

