<?xml version="1.0" encoding="UTF-8"?>
<billStatus>
  <bill>
    <billNumber>461</billNumber>
    <relatedBills />
    <originChamber>House</originChamber>
    <recordedVotes />
    <latestAction>
      <text>Sponsor introductory remarks on measure. (CR H6525)</text>
      <links />
      <actionDate>2017-07-28</actionDate>
    </latestAction>
    <createDate>2017-07-20T03:11:30Z</createDate>
    <title>Urging Tom Flores be inducted to the Pro Football Hall of Fame.</title>
    <summaries>
      <billSummaries>
        <item>
          <updateDate>2017-07-19T04:00:00Z</updateDate>
          <lastSummaryUpdateDate>2017-10-30T19:50:50Z</lastSummaryUpdateDate>
          <actionDate>2017-07-19</actionDate>
          <name>Introduced in House</name>
          <actionDesc>Introduced in House</actionDesc>
          <versionCode>00</versionCode>
          <text><![CDATA[<p>Urges that Tom Flores, one of only two people in National Football League history to win multiple Super Bowls as a player, assistant coach, and head coach, be inducted into the Pro Football Hall of Fame.</p>]]></text>
        </item>
      </billSummaries>
    </summaries>
    <actions>
      <actionByCounts>
        <houseOfRepresentatives>3</houseOfRepresentatives>
      </actionByCounts>
      <actionTypeCounts>
        <placeholderTextForB>1</placeholderTextForB>
        <introducedInTheHouse>1</introducedInTheHouse>
        <billReferrals>1</billReferrals>
        <introducedInHouse>1</introducedInHouse>
      </actionTypeCounts>
      <item>
        <sourceSystem>
          <name>Library of Congress</name>
          <code>9</code>
        </sourceSystem>
        <actionDate>2017-07-28</actionDate>
        <text>Sponsor introductory remarks on measure. (CR H6525)</text>
        <type>IntroReferral</type>
        <links>
          <link>
            <name>H6525</name>
            <url>https://www.congress.gov/congressional-record/volume-163/house-section/page/H6525</url>
          </link>
        </links>
        <committee />
        <actionCode>B00100</actionCode>
      </item>
      <item>
        <sourceSystem>
          <name>House floor actions</name>
          <code>2</code>
        </sourceSystem>
        <actionDate>2017-07-19</actionDate>
        <text>Referred to the House Committee on Oversight and Government Reform.</text>
        <type>IntroReferral</type>
        <links />
        <committee>
          <systemCode>hsgo00</systemCode>
          <name>Oversight and Government Reform Committee</name>
        </committee>
        <actionCode>H11100</actionCode>
      </item>
      <item>
        <sourceSystem>
          <name>Library of Congress</name>
          <code>9</code>
        </sourceSystem>
        <actionDate>2017-07-19</actionDate>
        <text>Introduced in House</text>
        <type>IntroReferral</type>
        <links />
        <committee />
        <actionCode>Intro-H</actionCode>
      </item>
      <item>
        <sourceSystem>
          <name>Library of Congress</name>
          <code>9</code>
        </sourceSystem>
        <actionDate>2017-07-19</actionDate>
        <text>Introduced in House</text>
        <type>IntroReferral</type>
        <links />
        <committee />
        <actionCode>1000</actionCode>
      </item>
    </actions>
    <updateDate>2018-02-06T16:39:54Z</updateDate>
    <amendments />
    <notes />
    <sponsors>
      <item>
        <bioguideId>S001200</bioguideId>
        <district>9</district>
        <middleName />
        <byRequestType />
        <firstName>Darren</firstName>
        <lastName>Soto</lastName>
        <state>FL</state>
        <party>D</party>
        <identifiers>
          <lisID>2319</lisID>
          <gpoId />
          <bioguideId>S001200</bioguideId>
        </identifiers>
        <fullName>Rep. Soto, Darren [D-FL-9]</fullName>
      </item>
    </sponsors>
    <committees>
      <billCommittees>
        <item>
          <type>Standing</type>
          <systemCode>hsgo00</systemCode>
          <subcommittees />
          <activities>
            <item>
              <date>2017-07-19T14:04:35Z</date>
              <name>Referred to</name>
            </item>
          </activities>
          <chamber>House</chamber>
          <name>Oversight and Government Reform Committee</name>
        </item>
      </billCommittees>
    </committees>
    <cosponsors>
      <item>
        <isOriginalCosponsor>True</isOriginalCosponsor>
        <firstName>Raul</firstName>
        <party>D</party>
        <sponsorshipDate>2017-07-19</sponsorshipDate>
        <lastName>Ruiz</lastName>
        <bioguideId>R000599</bioguideId>
        <middleName />
        <identifiers>
          <gpoId />
          <bioguideId>R000599</bioguideId>
          <lisID>2109</lisID>
        </identifiers>
        <fullName>Rep. Ruiz, Raul [D-CA-36]</fullName>
        <state>CA</state>
        <district>36</district>
        <sponsorshipWithdrawnDate />
      </item>
      <item>
        <isOriginalCosponsor>True</isOriginalCosponsor>
        <firstName>Jim</firstName>
        <party>D</party>
        <sponsorshipDate>2017-07-19</sponsorshipDate>
        <lastName>Costa</lastName>
        <bioguideId>C001059</bioguideId>
        <middleName />
        <identifiers>
          <lisID>1774</lisID>
          <gpoId>7825</gpoId>
          <bioguideId>C001059</bioguideId>
        </identifiers>
        <fullName>Rep. Costa, Jim [D-CA-16]</fullName>
        <state>CA</state>
        <district>16</district>
        <sponsorshipWithdrawnDate />
      </item>
      <item>
        <isOriginalCosponsor>True</isOriginalCosponsor>
        <firstName>Vicente</firstName>
        <party>D</party>
        <sponsorshipDate>2017-07-19</sponsorshipDate>
        <lastName>Gonzalez</lastName>
        <bioguideId>G000581</bioguideId>
        <middleName />
        <identifiers>
          <lisID>2349</lisID>
          <bioguideId>G000581</bioguideId>
          <gpoId />
        </identifiers>
        <fullName>Rep. Gonzalez, Vicente [D-TX-15]</fullName>
        <state>TX</state>
        <district>15</district>
        <sponsorshipWithdrawnDate />
      </item>
      <item>
        <isOriginalCosponsor>True</isOriginalCosponsor>
        <firstName>Norma</firstName>
        <party>D</party>
        <sponsorshipDate>2017-07-19</sponsorshipDate>
        <lastName>Torres</lastName>
        <bioguideId>T000474</bioguideId>
        <middleName>J.</middleName>
        <identifiers>
          <bioguideId>T000474</bioguideId>
          <lisID>2231</lisID>
          <gpoId />
        </identifiers>
        <fullName>Rep. Torres, Norma J. [D-CA-35]</fullName>
        <state>CA</state>
        <district>35</district>
        <sponsorshipWithdrawnDate />
      </item>
      <item>
        <isOriginalCosponsor>True</isOriginalCosponsor>
        <firstName>LINDA</firstName>
        <party>D</party>
        <sponsorshipDate>2017-07-19</sponsorshipDate>
        <lastName>SANCHEZ</lastName>
        <bioguideId>S001156</bioguideId>
        <middleName>T.</middleName>
        <identifiers>
          <gpoId>7844</gpoId>
          <bioguideId>S001156</bioguideId>
          <lisID>1757</lisID>
        </identifiers>
        <fullName>Rep. Sanchez, Linda T. [D-CA-38]</fullName>
        <state>CA</state>
        <district>38</district>
        <sponsorshipWithdrawnDate />
      </item>
      <item>
        <isOriginalCosponsor>True</isOriginalCosponsor>
        <firstName>NYDIA</firstName>
        <party>D</party>
        <sponsorshipDate>2017-07-19</sponsorshipDate>
        <lastName>VELAZQUEZ</lastName>
        <bioguideId>V000081</bioguideId>
        <middleName>M.</middleName>
        <identifiers>
          <bioguideId>V000081</bioguideId>
          <gpoId>8073</gpoId>
          <lisID>1184</lisID>
        </identifiers>
        <fullName>Rep. Velazquez, Nydia M. [D-NY-7]</fullName>
        <state>NY</state>
        <district>7</district>
        <sponsorshipWithdrawnDate />
      </item>
      <item>
        <isOriginalCosponsor>True</isOriginalCosponsor>
        <firstName>Adriano</firstName>
        <party>D</party>
        <sponsorshipDate>2017-07-19</sponsorshipDate>
        <lastName>Espaillat</lastName>
        <bioguideId>E000297</bioguideId>
        <middleName />
        <identifiers>
          <gpoId />
          <lisID>2342</lisID>
          <bioguideId>E000297</bioguideId>
        </identifiers>
        <fullName>Rep. Espaillat, Adriano [D-NY-13]</fullName>
        <state>NY</state>
        <district>13</district>
        <sponsorshipWithdrawnDate />
      </item>
      <item>
        <isOriginalCosponsor>True</isOriginalCosponsor>
        <firstName>Joaquin</firstName>
        <party>D</party>
        <sponsorshipDate>2017-07-19</sponsorshipDate>
        <lastName>Castro</lastName>
        <bioguideId>C001091</bioguideId>
        <middleName />
        <identifiers>
          <bioguideId>C001091</bioguideId>
          <gpoId />
          <lisID>2163</lisID>
        </identifiers>
        <fullName>Rep. Castro, Joaquin [D-TX-20]</fullName>
        <state>TX</state>
        <district>20</district>
        <sponsorshipWithdrawnDate />
      </item>
      <item>
        <isOriginalCosponsor>True</isOriginalCosponsor>
        <firstName>Gregorio</firstName>
        <party>D</party>
        <sponsorshipDate>2017-07-19</sponsorshipDate>
        <lastName>Sablan</lastName>
        <bioguideId>S001177</bioguideId>
        <middleName>Kilili Camacho</middleName>
        <identifiers>
          <lisID>1962</lisID>
          <bioguideId>S001177</bioguideId>
          <gpoId>8018</gpoId>
        </identifiers>
        <fullName>Rep. Sablan, Gregorio Kilili Camacho [D-MP-At Large]</fullName>
        <state>MP</state>
        <district>0</district>
        <sponsorshipWithdrawnDate />
      </item>
      <item>
        <isOriginalCosponsor>True</isOriginalCosponsor>
        <firstName>LUIS</firstName>
        <party>D</party>
        <sponsorshipDate>2017-07-19</sponsorshipDate>
        <lastName>GUTIERREZ</lastName>
        <bioguideId>G000535</bioguideId>
        <middleName>V.</middleName>
        <identifiers>
          <bioguideId>G000535</bioguideId>
          <lisID>478</lisID>
          <gpoId>7924</gpoId>
        </identifiers>
        <fullName>Rep. Gutierrez, Luis V. [D-IL-4]</fullName>
        <state>IL</state>
        <district>4</district>
        <sponsorshipWithdrawnDate />
      </item>
      <item>
        <isOriginalCosponsor>True</isOriginalCosponsor>
        <firstName>Salud</firstName>
        <party>D</party>
        <sponsorshipDate>2017-07-19</sponsorshipDate>
        <lastName>Carbajal</lastName>
        <bioguideId>C001112</bioguideId>
        <middleName>O.</middleName>
        <identifiers>
          <lisID>2310</lisID>
          <bioguideId>C001112</bioguideId>
          <gpoId />
        </identifiers>
        <fullName>Rep. Carbajal, Salud O. [D-CA-24]</fullName>
        <state>CA</state>
        <district>24</district>
        <sponsorshipWithdrawnDate />
      </item>
      <item>
        <isOriginalCosponsor>True</isOriginalCosponsor>
        <firstName>J.</firstName>
        <party>D</party>
        <sponsorshipDate>2017-07-19</sponsorshipDate>
        <lastName>Correa</lastName>
        <bioguideId>C001110</bioguideId>
        <middleName>Luis</middleName>
        <identifiers>
          <lisID>2312</lisID>
          <bioguideId>C001110</bioguideId>
          <gpoId />
        </identifiers>
        <fullName>Rep. Correa, J. Luis [D-CA-46]</fullName>
        <state>CA</state>
        <district>46</district>
        <sponsorshipWithdrawnDate />
      </item>
      <item>
        <isOriginalCosponsor>True</isOriginalCosponsor>
        <firstName>Juan</firstName>
        <party>D</party>
        <sponsorshipDate>2017-07-19</sponsorshipDate>
        <lastName>Vargas</lastName>
        <bioguideId>V000130</bioguideId>
        <middleName />
        <identifiers>
          <lisID>2112</lisID>
          <bioguideId>V000130</bioguideId>
          <gpoId />
        </identifiers>
        <fullName>Rep. Vargas, Juan [D-CA-51]</fullName>
        <state>CA</state>
        <district>51</district>
        <sponsorshipWithdrawnDate />
      </item>
      <item>
        <isOriginalCosponsor>True</isOriginalCosponsor>
        <firstName>Raul</firstName>
        <party>D</party>
        <sponsorshipDate>2017-07-19</sponsorshipDate>
        <lastName>Grijalva</lastName>
        <bioguideId>G000551</bioguideId>
        <middleName>M.</middleName>
        <identifiers>
          <lisID>1708</lisID>
          <bioguideId>G000551</bioguideId>
          <gpoId>7804</gpoId>
        </identifiers>
        <fullName>Rep. Grijalva, Raul M. [D-AZ-3]</fullName>
        <state>AZ</state>
        <district>3</district>
        <sponsorshipWithdrawnDate />
      </item>
      <item>
        <isOriginalCosponsor>True</isOriginalCosponsor>
        <firstName>Ruben</firstName>
        <party>D</party>
        <sponsorshipDate>2017-07-19</sponsorshipDate>
        <lastName>Gallego</lastName>
        <bioguideId>G000574</bioguideId>
        <middleName />
        <identifiers>
          <gpoId />
          <lisID>2226</lisID>
          <bioguideId>G000574</bioguideId>
        </identifiers>
        <fullName>Rep. Gallego, Ruben [D-AZ-7]</fullName>
        <state>AZ</state>
        <district>7</district>
        <sponsorshipWithdrawnDate />
      </item>
      <item>
        <isOriginalCosponsor>True</isOriginalCosponsor>
        <firstName>Michelle</firstName>
        <party>D</party>
        <sponsorshipDate>2017-07-19</sponsorshipDate>
        <lastName>Lujan Grisham</lastName>
        <bioguideId>L000580</bioguideId>
        <middleName />
        <identifiers>
          <gpoId />
          <bioguideId>L000580</bioguideId>
          <lisID>2146</lisID>
        </identifiers>
        <fullName>Rep. Lujan Grisham, Michelle [D-NM-1]</fullName>
        <state>NM</state>
        <district>1</district>
        <sponsorshipWithdrawnDate />
      </item>
      <item>
        <isOriginalCosponsor>True</isOriginalCosponsor>
        <firstName>Tony</firstName>
        <party>D</party>
        <sponsorshipDate>2017-07-19</sponsorshipDate>
        <lastName>Cardenas</lastName>
        <bioguideId>C001097</bioguideId>
        <middleName />
        <identifiers>
          <lisID>2107</lisID>
          <gpoId />
          <bioguideId>C001097</bioguideId>
        </identifiers>
        <fullName>Rep. Cardenas, Tony [D-CA-29]</fullName>
        <state>CA</state>
        <district>29</district>
        <sponsorshipWithdrawnDate />
      </item>
      <item>
        <isOriginalCosponsor>True</isOriginalCosponsor>
        <firstName>GRACE</firstName>
        <party>D</party>
        <sponsorshipDate>2017-07-19</sponsorshipDate>
        <lastName>NAPOLITANO</lastName>
        <bioguideId>N000179</bioguideId>
        <middleName>F.</middleName>
        <identifiers>
          <bioguideId>N000179</bioguideId>
          <lisID>1602</lisID>
          <gpoId>7843</gpoId>
        </identifiers>
        <fullName>Rep. Napolitano, Grace F. [D-CA-32]</fullName>
        <state>CA</state>
        <district>32</district>
        <sponsorshipWithdrawnDate />
      </item>
      <item>
        <isOriginalCosponsor>True</isOriginalCosponsor>
        <firstName>Filemon</firstName>
        <party>D</party>
        <sponsorshipDate>2017-07-19</sponsorshipDate>
        <lastName>Vela</lastName>
        <bioguideId>V000132</bioguideId>
        <middleName />
        <identifiers>
          <lisID>2167</lisID>
          <bioguideId>V000132</bioguideId>
          <gpoId />
        </identifiers>
        <fullName>Rep. Vela, Filemon [D-TX-34]</fullName>
        <state>TX</state>
        <district>34</district>
        <sponsorshipWithdrawnDate />
      </item>
      <item>
        <isOriginalCosponsor>True</isOriginalCosponsor>
        <firstName>LUCILLE</firstName>
        <party>D</party>
        <sponsorshipDate>2017-07-19</sponsorshipDate>
        <lastName>ROYBAL-ALLARD</lastName>
        <bioguideId>R000486</bioguideId>
        <middleName />
        <identifiers>
          <lisID>997</lisID>
          <bioguideId>R000486</bioguideId>
          <gpoId>7839</gpoId>
        </identifiers>
        <fullName>Rep. Roybal-Allard, Lucille [D-CA-40]</fullName>
        <state>CA</state>
        <district>40</district>
        <sponsorshipWithdrawnDate />
      </item>
      <item>
        <isOriginalCosponsor>True</isOriginalCosponsor>
        <firstName>Jimmy</firstName>
        <party>D</party>
        <sponsorshipDate>2017-07-19</sponsorshipDate>
        <lastName>Gomez</lastName>
        <bioguideId>G000585</bioguideId>
        <middleName />
        <identifiers>
          <lisID>2362</lisID>
          <bioguideId>G000585</bioguideId>
          <gpoId />
        </identifiers>
        <fullName>Rep. Gomez, Jimmy [D-CA-34]</fullName>
        <state>CA</state>
        <district>34</district>
        <sponsorshipWithdrawnDate />
      </item>
      <item>
        <isOriginalCosponsor>False</isOriginalCosponsor>
        <firstName>Pete</firstName>
        <party>D</party>
        <sponsorshipDate>2017-07-28</sponsorshipDate>
        <lastName>Aguilar</lastName>
        <bioguideId>A000371</bioguideId>
        <middleName />
        <identifiers>
          <gpoId />
          <bioguideId>A000371</bioguideId>
          <lisID>2229</lisID>
        </identifiers>
        <fullName>Rep. Aguilar, Pete [D-CA-31]</fullName>
        <state>CA</state>
        <district>31</district>
        <sponsorshipWithdrawnDate />
      </item>
    </cosponsors>
    <constitutionalAuthorityStatementText />
    <policyArea>
      <name>Sports and Recreation</name>
    </policyArea>
    <cboCostEstimates />
    <laws />
    <congress>115</congress>
    <version>1.0.0</version>
    <introducedDate>2017-07-19</introducedDate>
    <committeeReports />
    <titles>
      <item>
        <titleType>Official Title as Introduced</titleType>
        <title>Urging Tom Flores be inducted to the Pro Football Hall of Fame.</title>
        <chamberCode />
        <parentTitleType />
        <chamberName />
      </item>
      <item>
        <titleType>Display Title</titleType>
        <title>Urging Tom Flores be inducted to the Pro Football Hall of Fame.</title>
        <chamberCode />
        <parentTitleType />
        <chamberName />
      </item>
    </titles>
    <calendarNumbers />
    <subjects>
      <billSubjects>
        <legislativeSubjects>
          <item>
            <name>Athletes</name>
          </item>
          <item>
            <name>Museums, exhibitions, cultural centers</name>
          </item>
          <item>
            <name>Professional sports</name>
          </item>
        </legislativeSubjects>
        <policyArea>
          <name>Sports and Recreation</name>
        </policyArea>
      </billSubjects>
    </subjects>
    <billType>HRES</billType>
  </bill>
  <dublinCore xmlns:dc="http://purl.org/dc/elements/1.1/">
    <dc:format>text/xml</dc:format>
    <dc:language>EN</dc:language>
    <dc:rights>Pursuant to Title 17 Section 105 of the United States Code, this file is not subject to copyright protection and is in the public domain.</dc:rights>
    <dc:contributor>Congressional Research Service, Library of Congress</dc:contributor>
    <dc:description>This file contains bill summaries and statuses for federal legislation. A bill summary describes the most significant provisions of a piece of legislation and details the effects the legislative text may have on current law and federal programs. Bill summaries are authored by the Congressional Research Service (CRS) of the Library of Congress. As stated in Public Law 91-510 (2 USC 166 (d)(6)), one of the duties of CRS is "to prepare summaries and digests of bills and resolutions of a public general nature introduced in the Senate or House of Representatives". For more information, refer to the User Guide that accompanies this file.</dc:description>
  </dublinCore>
</billStatus>

