<?xml version="1.0" encoding="UTF-8"?>
<billStatus>
  <bill>
    <introducedDate>2017-02-06</introducedDate>
    <committees>
      <billCommittees>
        <item>
          <subcommittees />
          <type>Standing</type>
          <name>Rules Committee</name>
          <activities>
            <item>
              <name>Reported original measure</name>
              <date>2017-02-06T23:39:53Z</date>
            </item>
          </activities>
          <chamber>House</chamber>
          <systemCode>hsru00</systemCode>
        </item>
      </billCommittees>
    </committees>
    <billType>HRES</billType>
    <actions>
      <actionTypeCounts>
        <passageOfAMeasure>1</passageOfAMeasure>
        <committeeReportOfAnOriginalMeasure>1</committeeReportOfAnOriginalMeasure>
        <motionForPreviousQuestion>1</motionForPreviousQuestion>
        <generalDebate>1</generalDebate>
        <motionToReconsiderResults>1</motionToReconsiderResults>
        <considerationByHouse>1</considerationByHouse>
        <houseCalendarAssignment>1</houseCalendarAssignment>
        <introducedInHouse>1</introducedInHouse>
        <provisionsOfARule>1</provisionsOfARule>
        <reportedToHouse>1</reportedToHouse>
        <passedAgreedToInHouse>1</passedAgreedToInHouse>
      </actionTypeCounts>
      <item>
        <sourceSystem>
          <code>2</code>
          <name>House floor actions</name>
        </sourceSystem>
        <actionTime>13:44:38</actionTime>
        <type>Floor</type>
        <actionDate>2017-02-07</actionDate>
        <links />
        <committee />
        <text>Motion to reconsider laid on the table Agreed to without objection.</text>
        <actionCode>H38310</actionCode>
      </item>
      <item>
        <sourceSystem>
          <code>2</code>
          <name>House floor actions</name>
        </sourceSystem>
        <actionTime>13:44:37</actionTime>
        <type>Floor</type>
        <actionDate>2017-02-07</actionDate>
        <links>
          <link>
            <url>https://www.congress.gov/congressional-record/volume-163/house-section/page/H1023</url>
            <name>H1023</name>
          </link>
          <link>
            <url>http://clerk.house.gov/evs/2017/roll082.xml</url>
            <name>Roll no. 82</name>
          </link>
        </links>
        <committee />
        <text>On agreeing to the resolution Agreed to by recorded vote: 233 - 186 (Roll no. 82). (text: CR H1023)</text>
        <actionCode>H37100</actionCode>
      </item>
      <item>
        <sourceSystem>
          <code>9</code>
          <name>Library of Congress</name>
        </sourceSystem>
        <actionTime>13:44:37</actionTime>
        <type>Floor</type>
        <actionDate>2017-02-07</actionDate>
        <links>
          <link>
            <url>https://www.congress.gov/congressional-record/volume-163/house-section/page/H1023</url>
            <name>H1023</name>
          </link>
          <link>
            <url>http://clerk.house.gov/evs/2017/roll082.xml</url>
            <name>Roll no. 82</name>
          </link>
        </links>
        <committee />
        <text>Passed/agreed to in House: On agreeing to the resolution Agreed to by recorded vote: 233 - 186 (Roll no. 82).(text: CR H1023)</text>
        <actionCode>8000</actionCode>
      </item>
      <item>
        <sourceSystem>
          <code>2</code>
          <name>House floor actions</name>
        </sourceSystem>
        <actionTime>13:38:01</actionTime>
        <type>Floor</type>
        <actionDate>2017-02-07</actionDate>
        <links>
          <link>
            <url>http://clerk.house.gov/evs/2017/roll081.xml</url>
            <name>Roll no. 81</name>
          </link>
        </links>
        <committee />
        <text>On ordering the previous question Agreed to by the Yeas and Nays: 234 - 187 (Roll no. 81).</text>
        <actionCode>H35000</actionCode>
      </item>
      <item>
        <sourceSystem>
          <code>2</code>
          <name>House floor actions</name>
        </sourceSystem>
        <actionTime>12:26:47</actionTime>
        <type>Floor</type>
        <actionDate>2017-02-07</actionDate>
        <links>
          <link>
            <url>https://www.congress.gov/bill/115th-congress/house-resolution/91</url>
            <name>H. Res. 91</name>
          </link>
        </links>
        <committee />
        <text>DEBATE - The House proceeded with one hour of debate on H. Res. 91.</text>
        <actionCode>H8D000</actionCode>
      </item>
      <item>
        <sourceSystem>
          <code>2</code>
          <name>House floor actions</name>
        </sourceSystem>
        <actionTime>12:24:40</actionTime>
        <type>Floor</type>
        <actionDate>2017-02-07</actionDate>
        <links>
          <link>
            <url>https://www.congress.gov/congressional-record/volume-163/house-section/page/H1023-1031</url>
            <name>H1023-1031</name>
          </link>
        </links>
        <committee />
        <text>Considered as privileged matter. (consideration: CR H1023-1031)</text>
        <actionCode>H30000</actionCode>
      </item>
      <item>
        <sourceSystem>
          <code>2</code>
          <name>House floor actions</name>
        </sourceSystem>
        <committee />
        <type>Calendars</type>
        <actionDate>2017-02-06</actionDate>
        <links />
        <text>Placed on the House Calendar, Calendar No. 9.</text>
        <actionCode>H12420</actionCode>
      </item>
      <item>
        <sourceSystem>
          <code>2</code>
          <name>House floor actions</name>
        </sourceSystem>
        <actionTime>18:39:54</actionTime>
        <type>Floor</type>
        <actionDate>2017-02-06</actionDate>
        <links />
        <committee />
        <text>The resolution provides for one hour of debate on each joint resolution. Each joint resolution is closed to amendments and allowed one motion to recommit.</text>
        <actionCode>H12700</actionCode>
      </item>
      <item>
        <sourceSystem>
          <code>2</code>
          <name>House floor actions</name>
        </sourceSystem>
        <committee>
          <systemCode>hsru00</systemCode>
          <name>Rules Committee</name>
        </committee>
        <type>Committee</type>
        <actionDate>2017-02-06</actionDate>
        <links>
          <link>
            <url>https://www.congress.gov/congressional-report/115th-congress/house-report/9</url>
            <name>H. Rept. 115-9</name>
          </link>
        </links>
        <text>The House Committee on Rules reported an original measure, H. Rept. 115-9, by Mr. Byrne.</text>
        <actionCode>H12100</actionCode>
      </item>
      <item>
        <sourceSystem>
          <code>9</code>
          <name>Library of Congress</name>
        </sourceSystem>
        <committee>
          <systemCode>hsru00</systemCode>
          <name>Rules Committee</name>
        </committee>
        <type>Committee</type>
        <actionDate>2017-02-06</actionDate>
        <links>
          <link>
            <url>https://www.congress.gov/congressional-report/115th-congress/house-report/9</url>
            <name>H. Rept. 115-9</name>
          </link>
        </links>
        <text>The House Committee on Rules reported an original measure, H. Rept. 115-9, by Mr. Byrne.</text>
        <actionCode>5000</actionCode>
      </item>
      <item>
        <sourceSystem>
          <code>9</code>
          <name>Library of Congress</name>
        </sourceSystem>
        <committee />
        <type>IntroReferral</type>
        <actionDate>2017-02-06</actionDate>
        <links />
        <text>Introduced in House</text>
        <actionCode>1000</actionCode>
      </item>
      <actionByCounts>
        <houseOfRepresentatives>11</houseOfRepresentatives>
      </actionByCounts>
    </actions>
    <summaries>
      <billSummaries>
        <item>
          <actionDesc>Introduced in House</actionDesc>
          <versionCode>00</versionCode>
          <text><![CDATA[Sets forth the rule for consideration of the joint resolution (H.J. Res. 44) disapproving the rule submitted by the Department of the Interior relating to Bureau of Land Management regulations that establish the procedures used to prepare, revise, or amend land use plans pursuant to the Federal Land Policy and Management Act of 1976; providing for consideration of the joint resolution (H.J. Res. 57) providing for congressional disapproval under chapter 8 of title 5, United States Code, of the rule submitted by the Department of Education relating to accountability and State plans under the Elementary and Secondary Education Act of 1965; and providing for consideration of the joint resolution (H.J. Res. 58) providing for congressional disapproval under chapter 8 of title 5, United States Code, of the rule submitted by the Department of Education relating to teacher preparation issues.]]></text>
          <actionDate>2017-02-06</actionDate>
          <name>Introduced in House</name>
          <lastSummaryUpdateDate>2017-02-07T09:02:58Z</lastSummaryUpdateDate>
          <updateDate>2017-02-06T05:00:00Z</updateDate>
        </item>
      </billSummaries>
    </summaries>
    <updateDate>2018-02-22T15:26:47Z</updateDate>
    <amendments />
    <subjects>
      <billSubjects>
        <policyArea>
          <name>Congress</name>
        </policyArea>
        <legislativeSubjects>
          <item>
            <name>House of Representatives</name>
          </item>
          <item>
            <name>Legislative rules and procedure</name>
          </item>
        </legislativeSubjects>
      </billSubjects>
    </subjects>
    <calendarNumbers>
      <item>
        <number />
        <calendar>H00009</calendar>
      </item>
    </calendarNumbers>
    <cosponsors />
    <titles>
      <item>
        <chamberName />
        <title>Providing for consideration of the joint resolution (H.J. Res. 44) disapproving the rule submitted by the Department of the Interior relating to Bureau of Land Management regulations that establish the procedures used to prepare, revise, or amend land use plans pursuant to the Federal Land Policy and Management Act of 1976; providing for consideration of the joint resolution (H.J. Res. 57) providing for congressional disapproval under chapter 8 of title 5, United States Code, of the rule submitted by the Department of Education relating to accountability and State plans under the Elementary and Secondary Education Act of 1965; and providing for consideration of the joint resolution (H.J. Res. 58) providing for congressional disapproval under chapter 8 of title 5, United States Code, of the rule submitted by the Department of Education relating to teacher preparation issues.</title>
        <titleType>Official Title as Introduced</titleType>
        <chamberCode />
        <parentTitleType />
      </item>
      <item>
        <chamberName />
        <title>Providing for consideration of the joint resolution (H.J. Res. 44) disapproving the rule submitted by the Department of the Interior relating to Bureau of Land Management regulations that establish the procedures used to prepare, revise, or amend land use plans pursuant to the Federal Land Policy and Management Act of 1976; providing for consideration of the joint resolution (H.J. Res. 57) providing for congressional disapproval under chapter 8 of title 5, United States Code, of the rule submitted by the Department of Education relating to accountability and State plans under the Elementary and Secondary Education Act of 1965; and providing for consideration of the joint resolution (H.J. Res. 58) providing for congressional disapproval under chapter 8 of title 5, United States Code, of the rule submitted by the Department of Education relating to teacher preparation issues.</title>
        <titleType>Display Title</titleType>
        <chamberCode />
        <parentTitleType />
      </item>
    </titles>
    <relatedBills>
      <item>
        <number>44</number>
        <latestTitle>Disapproving the rule submitted by the Department of the Interior relating to Bureau of Land Management regulations that establish the procedures used to prepare, revise, or amend land use plans pursuant to the Federal Land Policy and Management Act of 1976.</latestTitle>
        <type>HJRES</type>
        <congress>115</congress>
        <relationshipDetails>
          <item>
            <identifiedBy>House</identifiedBy>
            <type>Related bill</type>
          </item>
          <item>
            <identifiedBy>House</identifiedBy>
            <type>Procedurally-related</type>
          </item>
        </relationshipDetails>
        <latestAction>
          <actionDate>2017-03-27</actionDate>
          <text>Became Public Law No: 115-12.</text>
        </latestAction>
      </item>
      <item>
        <number>57</number>
        <latestTitle>Providing for congressional disapproval under chapter 8 of title 5, United States Code, of the rule submitted by the Department of Education relating to accountability and State plans under the Elementary and Secondary Education Act of 1965.</latestTitle>
        <type>HJRES</type>
        <congress>115</congress>
        <relationshipDetails>
          <item>
            <identifiedBy>House</identifiedBy>
            <type>Related bill</type>
          </item>
          <item>
            <identifiedBy>House</identifiedBy>
            <type>Procedurally-related</type>
          </item>
        </relationshipDetails>
        <latestAction>
          <actionDate>2017-03-27</actionDate>
          <text>Became Public Law No: 115-13.</text>
        </latestAction>
      </item>
      <item>
        <number>58</number>
        <latestTitle>Providing for congressional disapproval under chapter 8 of title 5, United States Code, of the rule submitted by the Department of Education relating to teacher preparation issues.</latestTitle>
        <type>HJRES</type>
        <congress>115</congress>
        <relationshipDetails>
          <item>
            <identifiedBy>House</identifiedBy>
            <type>Procedurally-related</type>
          </item>
        </relationshipDetails>
        <latestAction>
          <actionDate>2017-03-27</actionDate>
          <text>Became Public Law No: 115-14.</text>
        </latestAction>
      </item>
    </relatedBills>
    <policyArea>
      <name>Congress</name>
    </policyArea>
    <version>1.0.0</version>
    <latestAction>
      <actionTime>13:44:38</actionTime>
      <actionDate>2017-02-07</actionDate>
      <links />
      <text>Motion to reconsider laid on the table Agreed to without objection.</text>
    </latestAction>
    <constitutionalAuthorityStatementText />
    <originChamber>House</originChamber>
    <sponsors>
      <item>
        <district>1</district>
        <state>AL</state>
        <fullName>Rep. Byrne, Bradley [R-AL-1]</fullName>
        <bioguideId>B001289</bioguideId>
        <firstName>Bradley</firstName>
        <byRequestType />
        <party>R</party>
        <middleName />
        <identifiers>
          <bioguideId>B001289</bioguideId>
          <gpoId />
          <lisID>2197</lisID>
        </identifiers>
        <lastName>Byrne</lastName>
      </item>
    </sponsors>
    <cboCostEstimates />
    <createDate>2017-02-07T04:46:10Z</createDate>
    <congress>115</congress>
    <recordedVotes>
      <recordedVote>
        <congress>115</congress>
        <rollNumber>82</rollNumber>
        <fullActionName>Passage of a Measure</fullActionName>
        <sessionNumber>1</sessionNumber>
        <date>2017-02-07T18:44:37Z</date>
        <url>http://clerk.house.gov/evs/2017/roll082.xml</url>
        <chamber>House</chamber>
      </recordedVote>
      <recordedVote>
        <congress>115</congress>
        <rollNumber>81</rollNumber>
        <fullActionName>Motion for Previous Question</fullActionName>
        <sessionNumber>1</sessionNumber>
        <date>2017-02-07T18:38:01Z</date>
        <url>http://clerk.house.gov/evs/2017/roll081.xml</url>
        <chamber>House</chamber>
      </recordedVote>
    </recordedVotes>
    <laws />
    <title>Providing for consideration of the joint resolution (H.J. Res. 44) disapproving the rule submitted by the Department of the Interior relating to Bureau of Land Management regulations that establish the procedures used to prepare, revise, or amend land use plans pursuant to the Federal Land Policy and Management Act of 1976; providing for consideration of the joint resolution (H.J. Res. 57) providing for congressional disapproval under chapter 8 of title 5, United States Code, of the rule submitted by the Department of Education relating to accountability and State plans under the Elementary and Secondary Education Act of 1965; and providing for consideration of the joint resolution (H.J. Res. 58) providing for congressional disapproval under chapter 8 of title 5, United States Code, of the rule submitted by the Department of Education relating to teacher preparation issues.</title>
    <committeeReports>
      <committeeReport>
        <citation>H. Rept. 115-9</citation>
      </committeeReport>
    </committeeReports>
    <billNumber>91</billNumber>
    <notes />
  </bill>
  <dublinCore xmlns:dc="http://purl.org/dc/elements/1.1/">
    <dc:format>text/xml</dc:format>
    <dc:language>EN</dc:language>
    <dc:rights>Pursuant to Title 17 Section 105 of the United States Code, this file is not subject to copyright protection and is in the public domain.</dc:rights>
    <dc:contributor>Congressional Research Service, Library of Congress</dc:contributor>
    <dc:description>This file contains bill summaries and statuses for federal legislation. A bill summary describes the most significant provisions of a piece of legislation and details the effects the legislative text may have on current law and federal programs. Bill summaries are authored by the Congressional Research Service (CRS) of the Library of Congress. As stated in Public Law 91-510 (2 USC 166 (d)(6)), one of the duties of CRS is "to prepare summaries and digests of bills and resolutions of a public general nature introduced in the Senate or House of Representatives". For more information, refer to the User Guide that accompanies this file.</dc:description>
  </dublinCore>
</billStatus>

