<?xml version="1.0" encoding="UTF-8"?>
<billStatus>
  <bill>
    <cosponsors />
    <congress>115</congress>
    <committees>
      <billCommittees>
        <item>
          <systemCode>hsju00</systemCode>
          <chamber>House</chamber>
          <type>Standing</type>
          <activities>
            <item>
              <name>Referred to</name>
              <date>2017-04-27T14:04:20Z</date>
            </item>
          </activities>
          <name>Judiciary Committee</name>
          <subcommittees>
            <item>
              <systemCode>hsju10</systemCode>
              <name>Constitution and Civil Justice Subcommittee</name>
              <activities>
                <item>
                  <name>Referred to</name>
                  <date>2017-05-02T14:05:58Z</date>
                </item>
              </activities>
            </item>
          </subcommittees>
        </item>
        <item>
          <systemCode>hsha00</systemCode>
          <chamber>House</chamber>
          <type>Standing</type>
          <activities>
            <item>
              <name>Referred to</name>
              <date>2017-04-27T14:04:15Z</date>
            </item>
          </activities>
          <name>House Administration Committee</name>
          <subcommittees />
        </item>
        <item>
          <systemCode>hsgo00</systemCode>
          <chamber>House</chamber>
          <type>Standing</type>
          <activities>
            <item>
              <name>Referred to</name>
              <date>2017-04-27T14:04:10Z</date>
            </item>
          </activities>
          <name>Oversight and Government Reform Committee</name>
          <subcommittees />
        </item>
      </billCommittees>
    </committees>
    <constitutionalAuthorityStatementText />
    <laws />
    <titles>
      <item>
        <chamberName />
        <parentTitleType />
        <chamberCode />
        <titleType>Official Title as Introduced</titleType>
        <title>Expressing the sense of the House of Representatives that Congress should pass no law that would exempt from its obligations or provide any other special consideration to elected or appointed Federal officials or any other Federal employee.</title>
      </item>
      <item>
        <chamberName />
        <parentTitleType />
        <chamberCode />
        <titleType>Display Title</titleType>
        <title>Expressing the sense of the House of Representatives that Congress should pass no law that would exempt from its obligations or provide any other special consideration to elected or appointed Federal officials or any other Federal employee.</title>
      </item>
    </titles>
    <billType>HRES</billType>
    <amendments />
    <recordedVotes />
    <actions>
      <actionTypeCounts>
        <introducedInTheHouse>1</introducedInTheHouse>
        <billReferralsAggregate>1</billReferralsAggregate>
        <billReferrals>3</billReferrals>
        <introducedInHouse>1</introducedInHouse>
        <placeholderTextForH>1</placeholderTextForH>
      </actionTypeCounts>
      <item>
        <actionDate>2017-05-02</actionDate>
        <committee>
          <systemCode>hsju10</systemCode>
          <name>Constitution and Civil Justice Subcommittee</name>
        </committee>
        <links />
        <sourceSystem>
          <name>House committee actions</name>
          <code>1</code>
        </sourceSystem>
        <text>Referred to the Subcommittee on the Constitution and Civil Justice.</text>
        <type>Committee</type>
      </item>
      <item>
        <type>IntroReferral</type>
        <links />
        <text>Referred to House Judiciary</text>
        <committee>
          <systemCode>hsju00</systemCode>
          <name>Judiciary Committee</name>
        </committee>
        <actionDate>2017-04-27</actionDate>
        <sourceSystem>
          <name>House floor actions</name>
          <code>2</code>
        </sourceSystem>
        <actionCode>H11100</actionCode>
      </item>
      <item>
        <type>IntroReferral</type>
        <links />
        <text>Referred to House Administration</text>
        <committee>
          <systemCode>hsha00</systemCode>
          <name>House Administration Committee</name>
        </committee>
        <actionDate>2017-04-27</actionDate>
        <sourceSystem>
          <name>House floor actions</name>
          <code>2</code>
        </sourceSystem>
        <actionCode>H11100</actionCode>
      </item>
      <item>
        <type>IntroReferral</type>
        <links />
        <text>Referred to House Oversight and Government Reform</text>
        <committee>
          <systemCode>hsgo00</systemCode>
          <name>Oversight and Government Reform Committee</name>
        </committee>
        <actionDate>2017-04-27</actionDate>
        <sourceSystem>
          <name>House floor actions</name>
          <code>2</code>
        </sourceSystem>
        <actionCode>H11100</actionCode>
      </item>
      <item>
        <type>IntroReferral</type>
        <links />
        <text>Referred to the Committee on Oversight and Government Reform, and in addition to the Committees on House Administration, and the Judiciary, for a period to be subsequently determined by the Speaker, in each case for consideration of such provisions as fall within the jurisdiction of the committee concerned.</text>
        <committee />
        <actionDate>2017-04-27</actionDate>
        <sourceSystem>
          <name>Library of Congress</name>
          <code>9</code>
        </sourceSystem>
        <actionCode>H11100-A</actionCode>
      </item>
      <item>
        <type>IntroReferral</type>
        <links />
        <text>Introduced in House</text>
        <committee />
        <actionDate>2017-04-27</actionDate>
        <sourceSystem>
          <name>Library of Congress</name>
          <code>9</code>
        </sourceSystem>
        <actionCode>Intro-H</actionCode>
      </item>
      <item>
        <type>IntroReferral</type>
        <links />
        <text>Introduced in House</text>
        <committee />
        <actionDate>2017-04-27</actionDate>
        <sourceSystem>
          <name>Library of Congress</name>
          <code>9</code>
        </sourceSystem>
        <actionCode>1000</actionCode>
      </item>
      <actionByCounts>
        <houseOfRepresentatives>7</houseOfRepresentatives>
      </actionByCounts>
    </actions>
    <introducedDate>2017-04-27</introducedDate>
    <relatedBills />
    <committeeReports />
    <calendarNumbers />
    <billNumber>287</billNumber>
    <summaries>
      <billSummaries>
        <item>
          <versionCode>00</versionCode>
          <updateDate>2017-04-27T04:00:00Z</updateDate>
          <actionDate>2017-04-27</actionDate>
          <text><![CDATA[<p>Expresses the sense of the House of Representatives that Congress should pass no law that would exempt from its obligations, excuse from its criminal or civil penalties, or provide any other special consideration to Members of Congress, Supreme Court justices, the President, the Vice President, executive branch appointees, or any federal employee.</p>]]></text>
          <actionDesc>Introduced in House</actionDesc>
          <lastSummaryUpdateDate>2017-08-28T22:03:13Z</lastSummaryUpdateDate>
          <name>Introduced in House</name>
        </item>
      </billSummaries>
    </summaries>
    <cboCostEstimates />
    <updateDate>2018-02-06T16:39:44Z</updateDate>
    <policyArea>
      <name>Government Operations and Politics</name>
    </policyArea>
    <latestAction>
      <text>Referred to the Subcommittee on the Constitution and Civil Justice.</text>
      <actionDate>2017-05-02</actionDate>
      <links />
    </latestAction>
    <version>1.0.0</version>
    <subjects>
      <billSubjects>
        <policyArea>
          <name>Government Operations and Politics</name>
        </policyArea>
        <legislativeSubjects>
          <item>
            <name>Civil actions and liability</name>
          </item>
          <item>
            <name>Criminal investigation, prosecution, interrogation</name>
          </item>
          <item>
            <name>Federal officials</name>
          </item>
          <item>
            <name>Government employee pay, benefits, personnel management</name>
          </item>
          <item>
            <name>Government ethics and transparency, public corruption</name>
          </item>
          <item>
            <name>Judges</name>
          </item>
          <item>
            <name>Members of Congress</name>
          </item>
          <item>
            <name>Presidents and presidential powers, Vice Presidents</name>
          </item>
          <item>
            <name>Supreme Court</name>
          </item>
        </legislativeSubjects>
      </billSubjects>
    </subjects>
    <title>Expressing the sense of the House of Representatives that Congress should pass no law that would exempt from its obligations or provide any other special consideration to elected or appointed Federal officials or any other Federal employee.</title>
    <originChamber>House</originChamber>
    <sponsors>
      <item>
        <byRequestType />
        <district>3</district>
        <party>R</party>
        <fullName>Rep. Young, David [R-IA-3]</fullName>
        <lastName>Young</lastName>
        <state>IA</state>
        <bioguideId>Y000066</bioguideId>
        <middleName />
        <firstName>David</firstName>
        <identifiers>
          <bioguideId>Y000066</bioguideId>
          <lisID>2242</lisID>
          <gpoId />
        </identifiers>
      </item>
    </sponsors>
    <notes />
    <createDate>2017-04-28T03:11:41Z</createDate>
  </bill>
  <dublinCore xmlns:dc="http://purl.org/dc/elements/1.1/">
    <dc:format>text/xml</dc:format>
    <dc:language>EN</dc:language>
    <dc:rights>Pursuant to Title 17 Section 105 of the United States Code, this file is not subject to copyright protection and is in the public domain.</dc:rights>
    <dc:contributor>Congressional Research Service, Library of Congress</dc:contributor>
    <dc:description>This file contains bill summaries and statuses for federal legislation. A bill summary describes the most significant provisions of a piece of legislation and details the effects the legislative text may have on current law and federal programs. Bill summaries are authored by the Congressional Research Service (CRS) of the Library of Congress. As stated in Public Law 91-510 (2 USC 166 (d)(6)), one of the duties of CRS is "to prepare summaries and digests of bills and resolutions of a public general nature introduced in the Senate or House of Representatives". For more information, refer to the User Guide that accompanies this file.</dc:description>
  </dublinCore>
</billStatus>

