<?xml version="1.0" encoding="UTF-8"?>
<billStatus>
  <bill>
    <policyArea>
      <name>International Affairs</name>
    </policyArea>
    <introducedDate>2017-05-17</introducedDate>
    <cosponsors />
    <titles>
      <item>
        <chamberCode />
        <titleType>Official Title as Introduced</titleType>
        <parentTitleType />
        <chamberName />
        <title>Expressing the policy of the United States with respect to a two-state solution between the State of Israel and the Palestinian people.</title>
      </item>
      <item>
        <chamberCode />
        <titleType>Display Title</titleType>
        <parentTitleType />
        <chamberName />
        <title>Expressing the policy of the United States with respect to a two-state solution between the State of Israel and the Palestinian people.</title>
      </item>
    </titles>
    <congress>115</congress>
    <recordedVotes />
    <amendments />
    <laws />
    <cboCostEstimates />
    <actions>
      <actionTypeCounts>
        <placeholderTextForH>1</placeholderTextForH>
        <introducedInTheHouse>1</introducedInTheHouse>
        <introducedInHouse>1</introducedInHouse>
        <billReferrals>1</billReferrals>
      </actionTypeCounts>
      <item>
        <actionDate>2017-06-27</actionDate>
        <committee>
          <systemCode>hsfa13</systemCode>
          <name>Middle East and North Africa Subcommittee</name>
        </committee>
        <links />
        <sourceSystem>
          <name>House committee actions</name>
          <code>1</code>
        </sourceSystem>
        <text>Referred to the Subcommittee on Middle East and North Africa.</text>
        <type>Committee</type>
      </item>
      <item>
        <text>Referred to the House Committee on Foreign Affairs.</text>
        <links />
        <actionDate>2017-05-17</actionDate>
        <committee>
          <systemCode>hsfa00</systemCode>
          <name>Foreign Affairs Committee</name>
        </committee>
        <sourceSystem>
          <name>House floor actions</name>
          <code>2</code>
        </sourceSystem>
        <type>IntroReferral</type>
        <actionCode>H11100</actionCode>
      </item>
      <item>
        <text>Introduced in House</text>
        <links />
        <actionDate>2017-05-17</actionDate>
        <committee />
        <sourceSystem>
          <name>Library of Congress</name>
          <code>9</code>
        </sourceSystem>
        <type>IntroReferral</type>
        <actionCode>Intro-H</actionCode>
      </item>
      <item>
        <text>Introduced in House</text>
        <links />
        <actionDate>2017-05-17</actionDate>
        <committee />
        <sourceSystem>
          <name>Library of Congress</name>
          <code>9</code>
        </sourceSystem>
        <type>IntroReferral</type>
        <actionCode>1000</actionCode>
      </item>
      <actionByCounts>
        <houseOfRepresentatives>4</houseOfRepresentatives>
      </actionByCounts>
    </actions>
    <updateDate>2018-02-06T16:39:46Z</updateDate>
    <summaries>
      <billSummaries>
        <item>
          <text><![CDATA[<p>Expresses that it is U.S. policy to: (1) oppose a two-state solution between Israel and the Palestinian people if either party refuses to recognize the other party's right to exist; and (2) require Palestine Liberation Organization (PLO) and Palestinian Authority officials, if they seek the support of the United States in peace efforts, to fully recognize the 1993 Israel-PLO Declaration of Principles, or Oslo Accords, as legitimate and as the basis for the peace negotiations and to acknowledge Israel's right to exist and Israel's historical land claims.</p> <ul></ul>]]></text>
          <actionDate>2017-05-17</actionDate>
          <updateDate>2017-05-17T04:00:00Z</updateDate>
          <lastSummaryUpdateDate>2017-08-25T13:58:57Z</lastSummaryUpdateDate>
          <name>Introduced in House</name>
          <actionDesc>Introduced in House</actionDesc>
          <versionCode>00</versionCode>
        </item>
      </billSummaries>
    </summaries>
    <title>Expressing the policy of the United States with respect to a two-state solution between the State of Israel and the Palestinian people.</title>
    <calendarNumbers />
    <originChamber>House</originChamber>
    <constitutionalAuthorityStatementText />
    <notes />
    <billType>HRES</billType>
    <committees>
      <billCommittees>
        <item>
          <systemCode>hsfa00</systemCode>
          <name>Foreign Affairs Committee</name>
          <type>Standing</type>
          <activities>
            <item>
              <name>Referred to</name>
              <date>2017-05-17T14:04:25Z</date>
            </item>
          </activities>
          <chamber>House</chamber>
          <subcommittees>
            <item>
              <activities>
                <item>
                  <name>Referred to</name>
                  <date>2017-06-27T16:49:53Z</date>
                </item>
              </activities>
              <systemCode>hsfa13</systemCode>
              <name>Middle East and North Africa Subcommittee</name>
            </item>
          </subcommittees>
        </item>
      </billCommittees>
    </committees>
    <latestAction>
      <text>Referred to the Subcommittee on Middle East and North Africa.</text>
      <actionDate>2017-06-27</actionDate>
      <links />
    </latestAction>
    <committeeReports />
    <billNumber>331</billNumber>
    <sponsors>
      <item>
        <byRequestType />
        <state>AZ</state>
        <bioguideId>F000448</bioguideId>
        <identifiers>
          <gpoId>7799</gpoId>
          <lisID>1707</lisID>
          <bioguideId>F000448</bioguideId>
        </identifiers>
        <fullName>Rep. Franks, Trent [R-AZ-8]</fullName>
        <district>8</district>
        <lastName>Franks</lastName>
        <firstName>Trent</firstName>
        <middleName />
        <party>R</party>
      </item>
    </sponsors>
    <subjects>
      <billSubjects>
        <policyArea>
          <name>International Affairs</name>
        </policyArea>
        <legislativeSubjects>
          <item>
            <name>Arab-Israeli relations</name>
          </item>
          <item>
            <name>Diplomacy, foreign officials, Americans abroad</name>
          </item>
          <item>
            <name>Israel</name>
          </item>
          <item>
            <name>Middle East</name>
          </item>
          <item>
            <name>Palestinians</name>
          </item>
          <item>
            <name>Sovereignty, recognition, national governance and status</name>
          </item>
        </legislativeSubjects>
      </billSubjects>
    </subjects>
    <createDate>2017-05-18T03:11:37Z</createDate>
    <version>1.0.0</version>
    <relatedBills />
  </bill>
  <dublinCore xmlns:dc="http://purl.org/dc/elements/1.1/">
    <dc:format>text/xml</dc:format>
    <dc:language>EN</dc:language>
    <dc:rights>Pursuant to Title 17 Section 105 of the United States Code, this file is not subject to copyright protection and is in the public domain.</dc:rights>
    <dc:contributor>Congressional Research Service, Library of Congress</dc:contributor>
    <dc:description>This file contains bill summaries and statuses for federal legislation. A bill summary describes the most significant provisions of a piece of legislation and details the effects the legislative text may have on current law and federal programs. Bill summaries are authored by the Congressional Research Service (CRS) of the Library of Congress. As stated in Public Law 91-510 (2 USC 166 (d)(6)), one of the duties of CRS is "to prepare summaries and digests of bills and resolutions of a public general nature introduced in the Senate or House of Representatives". For more information, refer to the User Guide that accompanies this file.</dc:description>
  </dublinCore>
</billStatus>

