<?xml version="1.0" encoding="UTF-8"?>
<billStatus>
  <bill>
    <sponsors>
      <item>
        <fullName>Rep. Brooks, Susan W. [R-IN-5]</fullName>
        <lastName>Brooks</lastName>
        <bioguideId>B001284</bioguideId>
        <party>R</party>
        <middleName>W.</middleName>
        <state>IN</state>
        <firstName>Susan</firstName>
        <district>5</district>
        <byRequestType />
        <identifiers>
          <lisID>2129</lisID>
          <bioguideId>B001284</bioguideId>
          <gpoId />
        </identifiers>
      </item>
    </sponsors>
    <laws />
    <version>1.0.0</version>
    <introducedDate>2017-04-05</introducedDate>
    <cboCostEstimates />
    <titles>
      <item>
        <chamberCode />
        <chamberName />
        <parentTitleType />
        <titleType>Official Title as Introduced</titleType>
        <title>Honoring the life and legacy of the first woman to serve in the United States Congress, Jeannette Pickering Rankin, on the 100th anniversary of her swearing-in to Congress.</title>
      </item>
      <item>
        <chamberCode />
        <chamberName />
        <parentTitleType />
        <titleType>Display Title</titleType>
        <title>Honoring the life and legacy of the first woman to serve in the United States Congress, Jeannette Pickering Rankin, on the 100th anniversary of her swearing-in to Congress.</title>
      </item>
    </titles>
    <amendments />
    <recordedVotes />
    <relatedBills />
    <constitutionalAuthorityStatementText />
    <billType>HRES</billType>
    <actions>
      <item>
        <links />
        <actionDate>2017-04-05</actionDate>
        <type>IntroReferral</type>
        <text>Referred to the House Committee on House Administration.</text>
        <actionCode>H11100</actionCode>
        <sourceSystem>
          <name>House floor actions</name>
          <code>2</code>
        </sourceSystem>
        <committee>
          <systemCode>hsha00</systemCode>
          <name>House Administration Committee</name>
        </committee>
      </item>
      <item>
        <links />
        <actionDate>2017-04-05</actionDate>
        <type>IntroReferral</type>
        <text>Introduced in House</text>
        <actionCode>Intro-H</actionCode>
        <sourceSystem>
          <name>Library of Congress</name>
          <code>9</code>
        </sourceSystem>
        <committee />
      </item>
      <item>
        <links />
        <actionDate>2017-04-05</actionDate>
        <type>IntroReferral</type>
        <text>Introduced in House</text>
        <actionCode>1000</actionCode>
        <sourceSystem>
          <name>Library of Congress</name>
          <code>9</code>
        </sourceSystem>
        <committee />
      </item>
      <actionByCounts>
        <houseOfRepresentatives>3</houseOfRepresentatives>
      </actionByCounts>
      <actionTypeCounts>
        <billReferrals>1</billReferrals>
        <introducedInTheHouse>1</introducedInTheHouse>
        <introducedInHouse>1</introducedInHouse>
      </actionTypeCounts>
    </actions>
    <notes />
    <originChamber>House</originChamber>
    <congress>115</congress>
    <subjects>
      <billSubjects>
        <policyArea>
          <name>Congress</name>
        </policyArea>
        <legislativeSubjects>
          <item>
            <name>Commemorative events and holidays</name>
          </item>
          <item>
            <name>Congressional tributes</name>
          </item>
          <item>
            <name>House of Representatives</name>
          </item>
          <item>
            <name>Members of Congress</name>
          </item>
          <item>
            <name>U.S. history</name>
          </item>
          <item>
            <name>Women's employment</name>
          </item>
          <item>
            <name>Women's rights</name>
          </item>
        </legislativeSubjects>
      </billSubjects>
    </subjects>
    <billNumber>249</billNumber>
    <cosponsors>
      <item>
        <state>KS</state>
        <identifiers>
          <lisID>1921</lisID>
          <bioguideId>J000290</bioguideId>
          <gpoId>7950</gpoId>
        </identifiers>
        <district>2</district>
        <sponsorshipDate>2017-04-05</sponsorshipDate>
        <lastName>Jenkins</lastName>
        <fullName>Rep. Jenkins, Lynn [R-KS-2]</fullName>
        <middleName />
        <party>R</party>
        <sponsorshipWithdrawnDate />
        <bioguideId>J000290</bioguideId>
        <firstName>Lynn</firstName>
        <isOriginalCosponsor>True</isOriginalCosponsor>
      </item>
      <item>
        <state>CA</state>
        <identifiers>
          <lisID>1757</lisID>
          <bioguideId>S001156</bioguideId>
          <gpoId>7844</gpoId>
        </identifiers>
        <district>38</district>
        <sponsorshipDate>2017-04-05</sponsorshipDate>
        <lastName>SANCHEZ</lastName>
        <fullName>Rep. Sanchez, Linda T. [D-CA-38]</fullName>
        <middleName>T.</middleName>
        <party>D</party>
        <sponsorshipWithdrawnDate />
        <bioguideId>S001156</bioguideId>
        <firstName>LINDA</firstName>
        <isOriginalCosponsor>True</isOriginalCosponsor>
      </item>
      <item>
        <state>SC</state>
        <identifiers>
          <lisID>2058</lisID>
          <bioguideId>G000566</bioguideId>
          <gpoId>8144</gpoId>
        </identifiers>
        <district>4</district>
        <sponsorshipDate>2017-04-05</sponsorshipDate>
        <lastName>Gowdy</lastName>
        <fullName>Rep. Gowdy, Trey [R-SC-4]</fullName>
        <middleName />
        <party>R</party>
        <sponsorshipWithdrawnDate />
        <bioguideId>G000566</bioguideId>
        <firstName>Trey</firstName>
        <isOriginalCosponsor>True</isOriginalCosponsor>
      </item>
      <item>
        <state>IL</state>
        <identifiers>
          <bioguideId>B001286</bioguideId>
          <lisID>2127</lisID>
          <gpoId />
        </identifiers>
        <district>17</district>
        <sponsorshipDate>2017-04-05</sponsorshipDate>
        <lastName>Bustos</lastName>
        <fullName>Rep. Bustos, Cheri [D-IL-17]</fullName>
        <middleName />
        <party>D</party>
        <sponsorshipWithdrawnDate />
        <bioguideId>B001286</bioguideId>
        <firstName>Cheri</firstName>
        <isOriginalCosponsor>True</isOriginalCosponsor>
      </item>
      <item>
        <state>DC</state>
        <identifiers>
          <lisID>868</lisID>
          <gpoId>7871</gpoId>
          <bioguideId>N000147</bioguideId>
        </identifiers>
        <district>0</district>
        <sponsorshipDate>2017-04-05</sponsorshipDate>
        <lastName>NORTON</lastName>
        <fullName>Rep. Norton, Eleanor Holmes [D-DC-At Large]</fullName>
        <middleName>HOLMES</middleName>
        <party>D</party>
        <sponsorshipWithdrawnDate />
        <bioguideId>N000147</bioguideId>
        <firstName>ELEANOR</firstName>
        <isOriginalCosponsor>True</isOriginalCosponsor>
      </item>
      <item>
        <state>MI</state>
        <identifiers>
          <lisID>2252</lisID>
          <gpoId />
          <bioguideId>L000581</bioguideId>
        </identifiers>
        <district>14</district>
        <sponsorshipDate>2017-04-05</sponsorshipDate>
        <lastName>Lawrence</lastName>
        <fullName>Rep. Lawrence, Brenda L. [D-MI-14]</fullName>
        <middleName>L.</middleName>
        <party>D</party>
        <sponsorshipWithdrawnDate />
        <bioguideId>L000581</bioguideId>
        <firstName>Brenda</firstName>
        <isOriginalCosponsor>True</isOriginalCosponsor>
      </item>
      <item>
        <state>FL</state>
        <identifiers>
          <lisID>2320</lisID>
          <bioguideId>D000627</bioguideId>
          <gpoId />
        </identifiers>
        <district>10</district>
        <sponsorshipDate>2017-04-05</sponsorshipDate>
        <lastName>Demings</lastName>
        <fullName>Rep. Demings, Val Butler [D-FL-10]</fullName>
        <middleName>Butler</middleName>
        <party>D</party>
        <sponsorshipWithdrawnDate />
        <bioguideId>D000627</bioguideId>
        <firstName>Val</firstName>
        <isOriginalCosponsor>True</isOriginalCosponsor>
      </item>
      <item>
        <state>FL</state>
        <identifiers>
          <lisID>2119</lisID>
          <gpoId />
          <bioguideId>F000462</bioguideId>
        </identifiers>
        <district>21</district>
        <sponsorshipDate>2017-04-05</sponsorshipDate>
        <lastName>Frankel</lastName>
        <fullName>Rep. Frankel, Lois [D-FL-21]</fullName>
        <middleName />
        <party>D</party>
        <sponsorshipWithdrawnDate />
        <bioguideId>F000462</bioguideId>
        <firstName>Lois</firstName>
        <isOriginalCosponsor>True</isOriginalCosponsor>
      </item>
      <item>
        <state>TX</state>
        <identifiers>
          <lisID>588</lisID>
          <bioguideId>J000032</bioguideId>
          <gpoId>8174</gpoId>
        </identifiers>
        <district>18</district>
        <sponsorshipDate>2017-04-05</sponsorshipDate>
        <lastName>JACKSON LEE</lastName>
        <fullName>Rep. Jackson Lee, Sheila [D-TX-18]</fullName>
        <middleName />
        <party>D</party>
        <sponsorshipWithdrawnDate />
        <bioguideId>J000032</bioguideId>
        <firstName>SHEILA</firstName>
        <isOriginalCosponsor>True</isOriginalCosponsor>
      </item>
      <item>
        <state>TX</state>
        <identifiers>
          <lisID>1487</lisID>
          <bioguideId>G000377</bioguideId>
          <gpoId>8168</gpoId>
        </identifiers>
        <district>12</district>
        <sponsorshipDate>2017-04-05</sponsorshipDate>
        <lastName>GRANGER</lastName>
        <fullName>Rep. Granger, Kay [R-TX-12]</fullName>
        <middleName />
        <party>R</party>
        <sponsorshipWithdrawnDate />
        <bioguideId>G000377</bioguideId>
        <firstName>KAY</firstName>
        <isOriginalCosponsor>True</isOriginalCosponsor>
      </item>
      <item>
        <state>MI</state>
        <identifiers>
          <gpoId />
          <lisID>2334</lisID>
          <bioguideId>M001201</bioguideId>
        </identifiers>
        <district>10</district>
        <sponsorshipDate>2017-04-05</sponsorshipDate>
        <lastName>Mitchell</lastName>
        <fullName>Rep. Mitchell, Paul [R-MI-10]</fullName>
        <middleName />
        <party>R</party>
        <sponsorshipWithdrawnDate />
        <bioguideId>M001201</bioguideId>
        <firstName>Paul</firstName>
        <isOriginalCosponsor>True</isOriginalCosponsor>
      </item>
      <item>
        <state>CA</state>
        <identifiers>
          <gpoId />
          <lisID>2232</lisID>
          <bioguideId>W000820</bioguideId>
        </identifiers>
        <district>45</district>
        <sponsorshipDate>2017-04-05</sponsorshipDate>
        <lastName>Walters</lastName>
        <fullName>Rep. Walters, Mimi [R-CA-45]</fullName>
        <middleName />
        <party>R</party>
        <sponsorshipWithdrawnDate />
        <bioguideId>W000820</bioguideId>
        <firstName>Mimi</firstName>
        <isOriginalCosponsor>True</isOriginalCosponsor>
      </item>
      <item>
        <state>WA</state>
        <identifiers>
          <gpoId>8209</gpoId>
          <lisID>1809</lisID>
          <bioguideId>M001159</bioguideId>
        </identifiers>
        <district>5</district>
        <sponsorshipDate>2017-04-05</sponsorshipDate>
        <lastName>McMorris Rodgers</lastName>
        <fullName>Rep. McMorris Rodgers, Cathy [R-WA-5]</fullName>
        <middleName />
        <party>R</party>
        <sponsorshipWithdrawnDate />
        <bioguideId>M001159</bioguideId>
        <firstName>Cathy</firstName>
        <isOriginalCosponsor>True</isOriginalCosponsor>
      </item>
      <item>
        <state>CA</state>
        <identifiers>
          <bioguideId>L000551</bioguideId>
          <lisID>1501</lisID>
          <gpoId>7814</gpoId>
        </identifiers>
        <district>13</district>
        <sponsorshipDate>2017-04-05</sponsorshipDate>
        <lastName>LEE</lastName>
        <fullName>Rep. Lee, Barbara [D-CA-13]</fullName>
        <middleName />
        <party>D</party>
        <sponsorshipWithdrawnDate />
        <bioguideId>L000551</bioguideId>
        <firstName>BARBARA</firstName>
        <isOriginalCosponsor>True</isOriginalCosponsor>
      </item>
      <item>
        <state>TX</state>
        <identifiers>
          <gpoId>8186</gpoId>
          <bioguideId>J000126</bioguideId>
          <lisID>599</lisID>
        </identifiers>
        <district>30</district>
        <sponsorshipDate>2017-04-05</sponsorshipDate>
        <lastName>JOHNSON</lastName>
        <fullName>Rep. Johnson, Eddie Bernice [D-TX-30]</fullName>
        <middleName>BERNICE</middleName>
        <party>D</party>
        <sponsorshipWithdrawnDate />
        <bioguideId>J000126</bioguideId>
        <firstName>EDDIE</firstName>
        <isOriginalCosponsor>True</isOriginalCosponsor>
      </item>
      <item>
        <state>FL</state>
        <identifiers>
          <bioguideId>W000797</bioguideId>
          <lisID>1777</lisID>
          <gpoId>7892</gpoId>
        </identifiers>
        <district>23</district>
        <sponsorshipDate>2017-04-05</sponsorshipDate>
        <lastName>Wasserman Schultz</lastName>
        <fullName>Rep. Wasserman Schultz, Debbie [D-FL-23]</fullName>
        <middleName />
        <party>D</party>
        <sponsorshipWithdrawnDate />
        <bioguideId>W000797</bioguideId>
        <firstName>Debbie</firstName>
        <isOriginalCosponsor>True</isOriginalCosponsor>
      </item>
      <item>
        <state>CA</state>
        <identifiers>
          <bioguideId>S001175</bioguideId>
          <lisID>1890</lisID>
          <gpoId>7817</gpoId>
        </identifiers>
        <district>14</district>
        <sponsorshipDate>2017-04-05</sponsorshipDate>
        <lastName>Speier</lastName>
        <fullName>Rep. Speier, Jackie [D-CA-14]</fullName>
        <middleName />
        <party>D</party>
        <sponsorshipWithdrawnDate />
        <bioguideId>S001175</bioguideId>
        <firstName>Jackie</firstName>
        <isOriginalCosponsor>True</isOriginalCosponsor>
      </item>
      <item>
        <state>NC</state>
        <identifiers>
          <bioguideId>A000370</bioguideId>
          <gpoId />
          <lisID>2201</lisID>
        </identifiers>
        <district>12</district>
        <sponsorshipDate>2017-04-05</sponsorshipDate>
        <lastName>Adams</lastName>
        <fullName>Rep. Adams, Alma S. [D-NC-12]</fullName>
        <middleName>S.</middleName>
        <party>D</party>
        <sponsorshipWithdrawnDate />
        <bioguideId>A000370</bioguideId>
        <firstName>Alma</firstName>
        <isOriginalCosponsor>True</isOriginalCosponsor>
      </item>
      <item>
        <state>OH</state>
        <identifiers>
          <lisID>2153</lisID>
          <gpoId />
          <bioguideId>B001281</bioguideId>
        </identifiers>
        <district>3</district>
        <sponsorshipDate>2017-04-05</sponsorshipDate>
        <lastName>Beatty</lastName>
        <fullName>Rep. Beatty, Joyce [D-OH-3]</fullName>
        <middleName />
        <party>D</party>
        <sponsorshipWithdrawnDate />
        <bioguideId>B001281</bioguideId>
        <firstName>Joyce</firstName>
        <isOriginalCosponsor>True</isOriginalCosponsor>
      </item>
      <item>
        <state>AS</state>
        <identifiers>
          <gpoId />
          <lisID>2222</lisID>
          <bioguideId>R000600</bioguideId>
        </identifiers>
        <district>0</district>
        <sponsorshipDate>2017-04-05</sponsorshipDate>
        <lastName>Radewagen</lastName>
        <fullName>Rep. Radewagen, Aumua Amata Coleman [R-AS-At Large]</fullName>
        <middleName>Coleman</middleName>
        <party>R</party>
        <sponsorshipWithdrawnDate />
        <bioguideId>R000600</bioguideId>
        <firstName>Aumua Amata</firstName>
        <isOriginalCosponsor>True</isOriginalCosponsor>
      </item>
      <item>
        <state>NY</state>
        <identifiers>
          <lisID>2263</lisID>
          <bioguideId>S001196</bioguideId>
          <gpoId />
        </identifiers>
        <district>21</district>
        <sponsorshipDate>2017-04-05</sponsorshipDate>
        <lastName>Stefanik</lastName>
        <fullName>Rep. Stefanik, Elise M. [R-NY-21]</fullName>
        <middleName>M.</middleName>
        <party>R</party>
        <sponsorshipWithdrawnDate />
        <bioguideId>S001196</bioguideId>
        <firstName>Elise</firstName>
        <isOriginalCosponsor>True</isOriginalCosponsor>
      </item>
      <item>
        <state>AZ</state>
        <identifiers>
          <gpoId />
          <bioguideId>M001197</bioguideId>
          <lisID>2225</lisID>
        </identifiers>
        <district>2</district>
        <sponsorshipDate>2017-04-05</sponsorshipDate>
        <lastName>McSally</lastName>
        <fullName>Rep. McSally, Martha [R-AZ-2]</fullName>
        <middleName />
        <party>R</party>
        <sponsorshipWithdrawnDate />
        <bioguideId>M001197</bioguideId>
        <firstName>Martha</firstName>
        <isOriginalCosponsor>True</isOriginalCosponsor>
      </item>
      <item>
        <state>WA</state>
        <identifiers>
          <lisID>2071</lisID>
          <gpoId>8207</gpoId>
          <bioguideId>H001056</bioguideId>
        </identifiers>
        <district>3</district>
        <sponsorshipDate>2017-04-05</sponsorshipDate>
        <lastName>Herrera Beutler</lastName>
        <fullName>Rep. Herrera Beutler, Jaime [R-WA-3]</fullName>
        <middleName />
        <party>R</party>
        <sponsorshipWithdrawnDate />
        <bioguideId>H001056</bioguideId>
        <firstName>Jaime</firstName>
        <isOriginalCosponsor>True</isOriginalCosponsor>
      </item>
      <item>
        <state>MO</state>
        <identifiers>
          <lisID>2032</lisID>
          <bioguideId>H001053</bioguideId>
          <gpoId>8012</gpoId>
        </identifiers>
        <district>4</district>
        <sponsorshipDate>2017-04-05</sponsorshipDate>
        <lastName>Hartzler</lastName>
        <fullName>Rep. Hartzler, Vicky [R-MO-4]</fullName>
        <middleName />
        <party>R</party>
        <sponsorshipWithdrawnDate />
        <bioguideId>H001053</bioguideId>
        <firstName>Vicky</firstName>
        <isOriginalCosponsor>True</isOriginalCosponsor>
      </item>
      <item>
        <state>SD</state>
        <identifiers>
          <gpoId>8147</gpoId>
          <lisID>2060</lisID>
          <bioguideId>N000184</bioguideId>
        </identifiers>
        <district>0</district>
        <sponsorshipDate>2017-04-05</sponsorshipDate>
        <lastName>Noem</lastName>
        <fullName>Rep. Noem, Kristi L. [R-SD-At Large]</fullName>
        <middleName>L.</middleName>
        <party>R</party>
        <sponsorshipWithdrawnDate />
        <bioguideId>N000184</bioguideId>
        <firstName>Kristi</firstName>
        <isOriginalCosponsor>True</isOriginalCosponsor>
      </item>
      <item>
        <state>OH</state>
        <identifiers>
          <lisID>2046</lisID>
          <bioguideId>J000292</bioguideId>
          <gpoId>8096</gpoId>
        </identifiers>
        <district>6</district>
        <sponsorshipDate>2017-04-05</sponsorshipDate>
        <lastName>Johnson</lastName>
        <fullName>Rep. Johnson, Bill [R-OH-6]</fullName>
        <middleName />
        <party>R</party>
        <sponsorshipWithdrawnDate />
        <bioguideId>J000292</bioguideId>
        <firstName>Bill</firstName>
        <isOriginalCosponsor>True</isOriginalCosponsor>
      </item>
      <item>
        <state>PA</state>
        <identifiers>
          <gpoId />
          <lisID>2266</lisID>
          <bioguideId>C001106</bioguideId>
        </identifiers>
        <district>6</district>
        <sponsorshipDate>2017-04-05</sponsorshipDate>
        <lastName>Costello</lastName>
        <fullName>Rep. Costello, Ryan A. [R-PA-6]</fullName>
        <middleName>A.</middleName>
        <party>R</party>
        <sponsorshipWithdrawnDate />
        <bioguideId>C001106</bioguideId>
        <firstName>Ryan</firstName>
        <isOriginalCosponsor>True</isOriginalCosponsor>
      </item>
      <item>
        <state>LA</state>
        <identifiers>
          <bioguideId>S001176</bioguideId>
          <gpoId>7959</gpoId>
          <lisID>1892</lisID>
        </identifiers>
        <district>1</district>
        <sponsorshipDate>2017-04-05</sponsorshipDate>
        <lastName>Scalise</lastName>
        <fullName>Rep. Scalise, Steve [R-LA-1]</fullName>
        <middleName />
        <party>R</party>
        <sponsorshipWithdrawnDate />
        <bioguideId>S001176</bioguideId>
        <firstName>Steve</firstName>
        <isOriginalCosponsor>True</isOriginalCosponsor>
      </item>
      <item>
        <state>GA</state>
        <identifiers>
          <gpoId />
          <bioguideId>C001103</bioguideId>
          <lisID>2236</lisID>
        </identifiers>
        <district>1</district>
        <sponsorshipDate>2017-04-05</sponsorshipDate>
        <lastName>Carter</lastName>
        <fullName>Rep. Carter, Earl L. "Buddy" [R-GA-1]</fullName>
        <middleName>L. "Buddy"</middleName>
        <party>R</party>
        <sponsorshipWithdrawnDate />
        <bioguideId>C001103</bioguideId>
        <firstName>Earl</firstName>
        <isOriginalCosponsor>True</isOriginalCosponsor>
      </item>
      <item>
        <state>VA</state>
        <identifiers>
          <lisID>2273</lisID>
          <bioguideId>C001105</bioguideId>
          <gpoId />
        </identifiers>
        <district>10</district>
        <sponsorshipDate>2017-04-05</sponsorshipDate>
        <lastName>Comstock</lastName>
        <fullName>Rep. Comstock, Barbara [R-VA-10]</fullName>
        <middleName />
        <party>R</party>
        <sponsorshipWithdrawnDate />
        <bioguideId>C001105</bioguideId>
        <firstName>Barbara</firstName>
        <isOriginalCosponsor>True</isOriginalCosponsor>
      </item>
      <item>
        <state>NC</state>
        <identifiers>
          <bioguideId>F000450</bioguideId>
          <lisID>1791</lisID>
          <gpoId>8028</gpoId>
        </identifiers>
        <district>5</district>
        <sponsorshipDate>2017-04-05</sponsorshipDate>
        <lastName>Foxx</lastName>
        <fullName>Rep. Foxx, Virginia [R-NC-5]</fullName>
        <middleName />
        <party>R</party>
        <sponsorshipWithdrawnDate />
        <bioguideId>F000450</bioguideId>
        <firstName>Virginia</firstName>
        <isOriginalCosponsor>True</isOriginalCosponsor>
      </item>
      <item>
        <state>FL</state>
        <identifiers>
          <lisID>985</lisID>
          <bioguideId>R000435</bioguideId>
          <gpoId>7890</gpoId>
        </identifiers>
        <district>27</district>
        <sponsorshipDate>2017-04-05</sponsorshipDate>
        <lastName>ROS-LEHTINEN</lastName>
        <fullName>Rep. Ros-Lehtinen, Ileana [R-FL-27]</fullName>
        <middleName />
        <party>R</party>
        <sponsorshipWithdrawnDate />
        <bioguideId>R000435</bioguideId>
        <firstName>ILEANA</firstName>
        <isOriginalCosponsor>True</isOriginalCosponsor>
      </item>
      <item>
        <state>IN</state>
        <identifiers>
          <bioguideId>W000813</bioguideId>
          <gpoId />
          <lisID>2128</lisID>
        </identifiers>
        <district>2</district>
        <sponsorshipDate>2017-04-05</sponsorshipDate>
        <lastName>Walorski</lastName>
        <fullName>Rep. Walorski, Jackie [R-IN-2]</fullName>
        <middleName />
        <party>R</party>
        <sponsorshipWithdrawnDate />
        <bioguideId>W000813</bioguideId>
        <firstName>Jackie</firstName>
        <isOriginalCosponsor>True</isOriginalCosponsor>
      </item>
      <item>
        <state>UT</state>
        <identifiers>
          <gpoId />
          <bioguideId>L000584</bioguideId>
          <lisID>2271</lisID>
        </identifiers>
        <district>4</district>
        <sponsorshipDate>2017-04-05</sponsorshipDate>
        <lastName>Love</lastName>
        <fullName>Rep. Love, Mia B. [R-UT-4]</fullName>
        <middleName>B.</middleName>
        <party>R</party>
        <sponsorshipWithdrawnDate />
        <bioguideId>L000584</bioguideId>
        <firstName>Mia</firstName>
        <isOriginalCosponsor>True</isOriginalCosponsor>
      </item>
      <item>
        <state>PA</state>
        <identifiers>
          <lisID>2052</lisID>
          <bioguideId>M001181</bioguideId>
          <gpoId>8125</gpoId>
        </identifiers>
        <district>7</district>
        <sponsorshipDate>2017-04-05</sponsorshipDate>
        <lastName>Meehan</lastName>
        <fullName>Rep. Meehan, Patrick [R-PA-7]</fullName>
        <middleName />
        <party>R</party>
        <sponsorshipWithdrawnDate />
        <bioguideId>M001181</bioguideId>
        <firstName>Patrick</firstName>
        <isOriginalCosponsor>True</isOriginalCosponsor>
      </item>
      <item>
        <state>MN</state>
        <identifiers>
          <lisID>1930</lisID>
          <gpoId>8003</gpoId>
          <bioguideId>P000594</bioguideId>
        </identifiers>
        <district>3</district>
        <sponsorshipDate>2017-04-05</sponsorshipDate>
        <lastName>Paulsen</lastName>
        <fullName>Rep. Paulsen, Erik [R-MN-3]</fullName>
        <middleName />
        <party>R</party>
        <sponsorshipWithdrawnDate />
        <bioguideId>P000594</bioguideId>
        <firstName>Erik</firstName>
        <isOriginalCosponsor>True</isOriginalCosponsor>
      </item>
      <item>
        <state>TX</state>
        <identifiers>
          <bioguideId>C001048</bioguideId>
          <lisID>1670</lisID>
          <gpoId>8163</gpoId>
        </identifiers>
        <district>7</district>
        <sponsorshipDate>2017-04-05</sponsorshipDate>
        <lastName>CULBERSON</lastName>
        <fullName>Rep. Culberson, John Abney [R-TX-7]</fullName>
        <middleName>ABNEY</middleName>
        <party>R</party>
        <sponsorshipWithdrawnDate />
        <bioguideId>C001048</bioguideId>
        <firstName>JOHN</firstName>
        <isOriginalCosponsor>True</isOriginalCosponsor>
      </item>
      <item>
        <state>OH</state>
        <identifiers>
          <lisID>2048</lisID>
          <bioguideId>R000586</bioguideId>
          <gpoId>8106</gpoId>
        </identifiers>
        <district>16</district>
        <sponsorshipDate>2017-04-05</sponsorshipDate>
        <lastName>Renacci</lastName>
        <fullName>Rep. Renacci, James B. [R-OH-16]</fullName>
        <middleName>B.</middleName>
        <party>R</party>
        <sponsorshipWithdrawnDate />
        <bioguideId>R000586</bioguideId>
        <firstName>James</firstName>
        <isOriginalCosponsor>True</isOriginalCosponsor>
      </item>
      <item>
        <state>TX</state>
        <identifiers>
          <lisID>1955</lisID>
          <bioguideId>O000168</bioguideId>
          <gpoId>8178</gpoId>
        </identifiers>
        <district>22</district>
        <sponsorshipDate>2017-04-05</sponsorshipDate>
        <lastName>Olson</lastName>
        <fullName>Rep. Olson, Pete [R-TX-22]</fullName>
        <middleName />
        <party>R</party>
        <sponsorshipWithdrawnDate />
        <bioguideId>O000168</bioguideId>
        <firstName>Pete</firstName>
        <isOriginalCosponsor>True</isOriginalCosponsor>
      </item>
      <item>
        <state>CA</state>
        <identifiers>
          <lisID>1640</lisID>
          <bioguideId>I000056</bioguideId>
          <gpoId>7854</gpoId>
        </identifiers>
        <district>49</district>
        <sponsorshipDate>2017-04-05</sponsorshipDate>
        <lastName>ISSA</lastName>
        <fullName>Rep. Issa, Darrell E. [R-CA-49]</fullName>
        <middleName>E.</middleName>
        <party>R</party>
        <sponsorshipWithdrawnDate />
        <bioguideId>I000056</bioguideId>
        <firstName>DARRELL</firstName>
        <isOriginalCosponsor>True</isOriginalCosponsor>
      </item>
      <item>
        <state>FL</state>
        <identifiers>
          <lisID>1717</lisID>
          <bioguideId>D000600</bioguideId>
          <gpoId>7893</gpoId>
        </identifiers>
        <district>25</district>
        <sponsorshipDate>2017-04-05</sponsorshipDate>
        <lastName>Diaz-Balart</lastName>
        <fullName>Rep. Diaz-Balart, Mario [R-FL-25]</fullName>
        <middleName />
        <party>R</party>
        <sponsorshipWithdrawnDate />
        <bioguideId>D000600</bioguideId>
        <firstName>Mario</firstName>
        <isOriginalCosponsor>True</isOriginalCosponsor>
      </item>
      <item>
        <state>WA</state>
        <identifiers>
          <lisID>2169</lisID>
          <bioguideId>K000381</bioguideId>
          <gpoId />
        </identifiers>
        <district>6</district>
        <sponsorshipDate>2017-04-05</sponsorshipDate>
        <lastName>Kilmer</lastName>
        <fullName>Rep. Kilmer, Derek [D-WA-6]</fullName>
        <middleName />
        <party>D</party>
        <sponsorshipWithdrawnDate />
        <bioguideId>K000381</bioguideId>
        <firstName>Derek</firstName>
        <isOriginalCosponsor>True</isOriginalCosponsor>
      </item>
      <item>
        <state>TX</state>
        <identifiers>
          <lisID>1805</lisID>
          <gpoId>8167</gpoId>
          <bioguideId>C001062</bioguideId>
        </identifiers>
        <district>11</district>
        <sponsorshipDate>2017-04-05</sponsorshipDate>
        <lastName>Conaway</lastName>
        <fullName>Rep. Conaway, K. Michael [R-TX-11]</fullName>
        <middleName>Michael</middleName>
        <party>R</party>
        <sponsorshipWithdrawnDate />
        <bioguideId>C001062</bioguideId>
        <firstName>K.</firstName>
        <isOriginalCosponsor>True</isOriginalCosponsor>
      </item>
      <item>
        <state>UT</state>
        <identifiers>
          <gpoId />
          <lisID>2168</lisID>
          <bioguideId>S001192</bioguideId>
        </identifiers>
        <district>2</district>
        <sponsorshipDate>2017-04-05</sponsorshipDate>
        <lastName>Stewart</lastName>
        <fullName>Rep. Stewart, Chris [R-UT-2]</fullName>
        <middleName />
        <party>R</party>
        <sponsorshipWithdrawnDate />
        <bioguideId>S001192</bioguideId>
        <firstName>Chris</firstName>
        <isOriginalCosponsor>True</isOriginalCosponsor>
      </item>
      <item>
        <state>AL</state>
        <identifiers>
          <lisID>1986</lisID>
          <bioguideId>R000591</bioguideId>
          <gpoId>7787</gpoId>
        </identifiers>
        <district>2</district>
        <sponsorshipDate>2017-04-05</sponsorshipDate>
        <lastName>Roby</lastName>
        <fullName>Rep. Roby, Martha [R-AL-2]</fullName>
        <middleName />
        <party>R</party>
        <sponsorshipWithdrawnDate />
        <bioguideId>R000591</bioguideId>
        <firstName>Martha</firstName>
        <isOriginalCosponsor>True</isOriginalCosponsor>
      </item>
      <item>
        <state>CA</state>
        <identifiers>
          <lisID>1814</lisID>
          <gpoId>7810</gpoId>
          <bioguideId>M001163</bioguideId>
        </identifiers>
        <district>6</district>
        <sponsorshipDate>2017-04-08</sponsorshipDate>
        <lastName>Matsui</lastName>
        <fullName>Rep. Matsui, Doris O. [D-CA-6]</fullName>
        <middleName>O.</middleName>
        <party>D</party>
        <sponsorshipWithdrawnDate />
        <bioguideId>M001163</bioguideId>
        <firstName>Doris</firstName>
        <isOriginalCosponsor>False</isOriginalCosponsor>
      </item>
      <item>
        <state>NY</state>
        <identifiers>
          <gpoId>8079</gpoId>
          <lisID>709</lisID>
          <bioguideId>L000480</bioguideId>
        </identifiers>
        <district>17</district>
        <sponsorshipDate>2017-04-08</sponsorshipDate>
        <lastName>LOWEY</lastName>
        <fullName>Rep. Lowey, Nita M. [D-NY-17]</fullName>
        <middleName>M.</middleName>
        <party>D</party>
        <sponsorshipWithdrawnDate />
        <bioguideId>L000480</bioguideId>
        <firstName>NITA</firstName>
        <isOriginalCosponsor>False</isOriginalCosponsor>
      </item>
      <item>
        <state>WA</state>
        <identifiers>
          <lisID>2096</lisID>
          <bioguideId>D000617</bioguideId>
          <gpoId>8374</gpoId>
        </identifiers>
        <district>1</district>
        <sponsorshipDate>2017-04-08</sponsorshipDate>
        <lastName>DelBene</lastName>
        <fullName>Rep. DelBene, Suzan K. [D-WA-1]</fullName>
        <middleName>K.</middleName>
        <party>D</party>
        <sponsorshipWithdrawnDate />
        <bioguideId>D000617</bioguideId>
        <firstName>Suzan</firstName>
        <isOriginalCosponsor>False</isOriginalCosponsor>
      </item>
      <item>
        <state>NY</state>
        <identifiers>
          <gpoId>8072</gpoId>
          <lisID>1864</lisID>
          <bioguideId>C001067</bioguideId>
        </identifiers>
        <district>9</district>
        <sponsorshipDate>2017-04-08</sponsorshipDate>
        <lastName>Clarke</lastName>
        <fullName>Rep. Clarke, Yvette D. [D-NY-9]</fullName>
        <middleName>D.</middleName>
        <party>D</party>
        <sponsorshipWithdrawnDate />
        <bioguideId>C001067</bioguideId>
        <firstName>Yvette</firstName>
        <isOriginalCosponsor>False</isOriginalCosponsor>
      </item>
      <item>
        <state>NY</state>
        <identifiers>
          <bioguideId>M000087</bioguideId>
          <gpoId>8075</gpoId>
          <lisID>729</lisID>
        </identifiers>
        <district>12</district>
        <sponsorshipDate>2017-04-08</sponsorshipDate>
        <lastName>MALONEY</lastName>
        <fullName>Rep. Maloney, Carolyn B. [D-NY-12]</fullName>
        <middleName>B.</middleName>
        <party>D</party>
        <sponsorshipWithdrawnDate />
        <bioguideId>M000087</bioguideId>
        <firstName>CAROLYN</firstName>
        <isOriginalCosponsor>False</isOriginalCosponsor>
      </item>
      <item>
        <state>CA</state>
        <identifiers>
          <bioguideId>B001300</bioguideId>
          <lisID>2311</lisID>
          <gpoId />
        </identifiers>
        <district>44</district>
        <sponsorshipDate>2017-04-08</sponsorshipDate>
        <lastName>Barragan</lastName>
        <fullName>Rep. Barragan, Nanette Diaz [D-CA-44]</fullName>
        <middleName>Diaz</middleName>
        <party>D</party>
        <sponsorshipWithdrawnDate />
        <bioguideId>B001300</bioguideId>
        <firstName>Nanette</firstName>
        <isOriginalCosponsor>False</isOriginalCosponsor>
      </item>
      <item>
        <state>OR</state>
        <identifiers>
          <gpoId>8367</gpoId>
          <lisID>2092</lisID>
          <bioguideId>B001278</bioguideId>
        </identifiers>
        <district>1</district>
        <sponsorshipDate>2017-04-08</sponsorshipDate>
        <lastName>Bonamici</lastName>
        <fullName>Rep. Bonamici, Suzanne [D-OR-1]</fullName>
        <middleName />
        <party>D</party>
        <sponsorshipWithdrawnDate />
        <bioguideId>B001278</bioguideId>
        <firstName>Suzanne</firstName>
        <isOriginalCosponsor>False</isOriginalCosponsor>
      </item>
      <item>
        <state>IL</state>
        <identifiers>
          <gpoId>7929</gpoId>
          <lisID>1588</lisID>
          <bioguideId>S001145</bioguideId>
        </identifiers>
        <district>9</district>
        <sponsorshipDate>2017-04-08</sponsorshipDate>
        <lastName>SCHAKOWSKY</lastName>
        <fullName>Rep. Schakowsky, Janice D. [D-IL-9]</fullName>
        <middleName>D.</middleName>
        <party>D</party>
        <sponsorshipWithdrawnDate />
        <bioguideId>S001145</bioguideId>
        <firstName>JANICE</firstName>
        <isOriginalCosponsor>False</isOriginalCosponsor>
      </item>
      <item>
        <state>MI</state>
        <identifiers>
          <lisID>2250</lisID>
          <bioguideId>T000475</bioguideId>
          <gpoId />
        </identifiers>
        <district>11</district>
        <sponsorshipDate>2017-04-26</sponsorshipDate>
        <lastName>Trott</lastName>
        <fullName>Rep. Trott, David A. [R-MI-11]</fullName>
        <middleName>A.</middleName>
        <party>R</party>
        <sponsorshipWithdrawnDate />
        <bioguideId>T000475</bioguideId>
        <firstName>David</firstName>
        <isOriginalCosponsor>False</isOriginalCosponsor>
      </item>
      <item>
        <state>NV</state>
        <identifiers>
          <bioguideId>A000369</bioguideId>
          <lisID>2090</lisID>
          <gpoId>8366</gpoId>
        </identifiers>
        <district>2</district>
        <sponsorshipDate>2017-05-18</sponsorshipDate>
        <lastName>Amodei</lastName>
        <fullName>Rep. Amodei, Mark E. [R-NV-2]</fullName>
        <middleName>E.</middleName>
        <party>R</party>
        <sponsorshipWithdrawnDate />
        <bioguideId>A000369</bioguideId>
        <firstName>Mark</firstName>
        <isOriginalCosponsor>False</isOriginalCosponsor>
      </item>
      <item>
        <state>MD</state>
        <identifiers>
          <bioguideId>D000620</bioguideId>
          <gpoId />
          <lisID>2133</lisID>
        </identifiers>
        <district>6</district>
        <sponsorshipDate>2017-12-21</sponsorshipDate>
        <lastName>Delaney</lastName>
        <fullName>Rep. Delaney, John K. [D-MD-6]</fullName>
        <middleName>K.</middleName>
        <party>D</party>
        <sponsorshipWithdrawnDate />
        <bioguideId>D000620</bioguideId>
        <firstName>John</firstName>
        <isOriginalCosponsor>False</isOriginalCosponsor>
      </item>
    </cosponsors>
    <summaries>
      <billSummaries>
        <item>
          <versionCode>00</versionCode>
          <text><![CDATA[<p>Recognizes the life and accomplishments of the first U.S. Congresswoman, Jeannette P. Rankin.</p> <p>Commemorates 100 years of women serving in Congress.</p>]]></text>
          <actionDesc>Introduced in House</actionDesc>
          <actionDate>2017-04-05</actionDate>
          <lastSummaryUpdateDate>2017-07-07T18:45:12Z</lastSummaryUpdateDate>
          <name>Introduced in House</name>
          <updateDate>2017-04-05T04:00:00Z</updateDate>
        </item>
      </billSummaries>
    </summaries>
    <policyArea>
      <name>Congress</name>
    </policyArea>
    <latestAction>
      <links />
      <actionDate>2017-04-05</actionDate>
      <text>Referred to the House Committee on House Administration.</text>
    </latestAction>
    <updateDate>2018-02-06T16:39:41Z</updateDate>
    <committees>
      <billCommittees>
        <item>
          <systemCode>hsha00</systemCode>
          <name>House Administration Committee</name>
          <type>Standing</type>
          <activities>
            <item>
              <name>Referred to</name>
              <date>2017-04-05T14:06:25Z</date>
            </item>
          </activities>
          <chamber>House</chamber>
          <subcommittees />
        </item>
      </billCommittees>
    </committees>
    <createDate>2017-04-06T03:11:46Z</createDate>
    <title>Honoring the life and legacy of the first woman to serve in the United States Congress, Jeannette Pickering Rankin, on the 100th anniversary of her swearing-in to Congress.</title>
    <committeeReports />
    <calendarNumbers />
  </bill>
  <dublinCore xmlns:dc="http://purl.org/dc/elements/1.1/">
    <dc:format>text/xml</dc:format>
    <dc:language>EN</dc:language>
    <dc:rights>Pursuant to Title 17 Section 105 of the United States Code, this file is not subject to copyright protection and is in the public domain.</dc:rights>
    <dc:contributor>Congressional Research Service, Library of Congress</dc:contributor>
    <dc:description>This file contains bill summaries and statuses for federal legislation. A bill summary describes the most significant provisions of a piece of legislation and details the effects the legislative text may have on current law and federal programs. Bill summaries are authored by the Congressional Research Service (CRS) of the Library of Congress. As stated in Public Law 91-510 (2 USC 166 (d)(6)), one of the duties of CRS is "to prepare summaries and digests of bills and resolutions of a public general nature introduced in the Senate or House of Representatives". For more information, refer to the User Guide that accompanies this file.</dc:description>
  </dublinCore>
</billStatus>

