<?xml version="1.0" encoding="UTF-8"?>
<billStatus>
  <bill>
    <policyArea>
      <name>International Affairs</name>
    </policyArea>
    <introducedDate>2017-02-13</introducedDate>
    <cosponsors>
      <item>
        <identifiers>
          <bioguideId>M000312</bioguideId>
          <lisID>1504</lisID>
          <gpoId>7968</gpoId>
        </identifiers>
        <sponsorshipDate>2017-02-13</sponsorshipDate>
        <district>2</district>
        <middleName>P.</middleName>
        <sponsorshipWithdrawnDate />
        <fullName>Rep. McGovern, James P. [D-MA-2]</fullName>
        <party>D</party>
        <firstName>JAMES</firstName>
        <isOriginalCosponsor>True</isOriginalCosponsor>
        <lastName>MCGOVERN</lastName>
        <state>MA</state>
        <bioguideId>M000312</bioguideId>
      </item>
      <item>
        <identifiers>
          <bioguideId>P000607</bioguideId>
          <lisID>2171</lisID>
          <gpoId />
        </identifiers>
        <sponsorshipDate>2017-02-13</sponsorshipDate>
        <district>2</district>
        <middleName />
        <sponsorshipWithdrawnDate />
        <fullName>Rep. Pocan, Mark [D-WI-2]</fullName>
        <party>D</party>
        <firstName>Mark</firstName>
        <isOriginalCosponsor>True</isOriginalCosponsor>
        <lastName>Pocan</lastName>
        <state>WI</state>
        <bioguideId>P000607</bioguideId>
      </item>
      <item>
        <identifiers>
          <gpoId>7804</gpoId>
          <bioguideId>G000551</bioguideId>
          <lisID>1708</lisID>
        </identifiers>
        <sponsorshipDate>2017-02-15</sponsorshipDate>
        <district>3</district>
        <middleName>M.</middleName>
        <sponsorshipWithdrawnDate />
        <fullName>Rep. Grijalva, Raul M. [D-AZ-3]</fullName>
        <party>D</party>
        <firstName>Raul</firstName>
        <isOriginalCosponsor>False</isOriginalCosponsor>
        <lastName>Grijalva</lastName>
        <state>AZ</state>
        <bioguideId>G000551</bioguideId>
      </item>
      <item>
        <identifiers>
          <gpoId>8367</gpoId>
          <bioguideId>B001278</bioguideId>
          <lisID>2092</lisID>
        </identifiers>
        <sponsorshipDate>2017-02-16</sponsorshipDate>
        <district>1</district>
        <middleName />
        <sponsorshipWithdrawnDate />
        <fullName>Rep. Bonamici, Suzanne [D-OR-1]</fullName>
        <party>D</party>
        <firstName>Suzanne</firstName>
        <isOriginalCosponsor>False</isOriginalCosponsor>
        <lastName>Bonamici</lastName>
        <state>OR</state>
        <bioguideId>B001278</bioguideId>
      </item>
      <item>
        <identifiers>
          <bioguideId>N000147</bioguideId>
          <lisID>868</lisID>
          <gpoId>7871</gpoId>
        </identifiers>
        <sponsorshipDate>2017-02-16</sponsorshipDate>
        <district>0</district>
        <middleName>HOLMES</middleName>
        <sponsorshipWithdrawnDate />
        <fullName>Rep. Norton, Eleanor Holmes [D-DC-At Large]</fullName>
        <party>D</party>
        <firstName>ELEANOR</firstName>
        <isOriginalCosponsor>False</isOriginalCosponsor>
        <lastName>NORTON</lastName>
        <state>DC</state>
        <bioguideId>N000147</bioguideId>
      </item>
      <item>
        <identifiers>
          <lisID>1654</lisID>
          <bioguideId>C001049</bioguideId>
          <gpoId>8009</gpoId>
        </identifiers>
        <sponsorshipDate>2017-03-09</sponsorshipDate>
        <district>1</district>
        <middleName>LACY</middleName>
        <sponsorshipWithdrawnDate />
        <fullName>Rep. Clay, Wm. Lacy [D-MO-1]</fullName>
        <party>D</party>
        <firstName>WM.</firstName>
        <isOriginalCosponsor>False</isOriginalCosponsor>
        <lastName>CLAY</lastName>
        <state>MO</state>
        <bioguideId>C001049</bioguideId>
      </item>
      <item>
        <identifiers>
          <lisID>1501</lisID>
          <gpoId>7814</gpoId>
          <bioguideId>L000551</bioguideId>
        </identifiers>
        <sponsorshipDate>2017-03-09</sponsorshipDate>
        <district>13</district>
        <middleName />
        <sponsorshipWithdrawnDate />
        <fullName>Rep. Lee, Barbara [D-CA-13]</fullName>
        <party>D</party>
        <firstName>BARBARA</firstName>
        <isOriginalCosponsor>False</isOriginalCosponsor>
        <lastName>LEE</lastName>
        <state>CA</state>
        <bioguideId>L000551</bioguideId>
      </item>
      <item>
        <identifiers>
          <bioguideId>S001170</bioguideId>
          <lisID>1861</lisID>
          <gpoId>7528</gpoId>
        </identifiers>
        <sponsorshipDate>2017-03-09</sponsorshipDate>
        <district>1</district>
        <middleName />
        <sponsorshipWithdrawnDate />
        <fullName>Rep. Shea-Porter, Carol [D-NH-1]</fullName>
        <party>D</party>
        <firstName>Carol</firstName>
        <isOriginalCosponsor>False</isOriginalCosponsor>
        <lastName>Shea-Porter</lastName>
        <state>NH</state>
        <bioguideId>S001170</bioguideId>
      </item>
      <item>
        <identifiers>
          <lisID>2227</lisID>
          <bioguideId>D000623</bioguideId>
          <gpoId />
        </identifiers>
        <sponsorshipDate>2017-05-03</sponsorshipDate>
        <district>11</district>
        <middleName />
        <sponsorshipWithdrawnDate />
        <fullName>Rep. DeSaulnier, Mark [D-CA-11]</fullName>
        <party>D</party>
        <firstName>Mark</firstName>
        <isOriginalCosponsor>False</isOriginalCosponsor>
        <lastName>DeSaulnier</lastName>
        <state>CA</state>
        <bioguideId>D000623</bioguideId>
      </item>
    </cosponsors>
    <titles>
      <item>
        <chamberName />
        <titleType>Official Title as Introduced</titleType>
        <title>Expressing support for the designation of February 14 of each year as International Flower Workers' Day, in acknowledgment of workers in flower-producing countries and to demonstrate the commitment of the United States to practices that respect labor rights in other countries.</title>
        <parentTitleType />
        <chamberCode />
      </item>
      <item>
        <chamberName />
        <titleType>Display Title</titleType>
        <title>Expressing support for the designation of February 14 of each year as International Flower Workers' Day, in acknowledgment of workers in flower-producing countries and to demonstrate the commitment of the United States to practices that respect labor rights in other countries.</title>
        <parentTitleType />
        <chamberCode />
      </item>
    </titles>
    <congress>115</congress>
    <recordedVotes />
    <amendments />
    <laws />
    <cboCostEstimates />
    <actions>
      <actionByCounts>
        <houseOfRepresentatives>6</houseOfRepresentatives>
      </actionByCounts>
      <actionTypeCounts>
        <billReferralsAggregate>1</billReferralsAggregate>
        <placeholderTextForH>1</placeholderTextForH>
        <billReferrals>2</billReferrals>
        <introducedInHouse>1</introducedInHouse>
        <introducedInTheHouse>1</introducedInTheHouse>
      </actionTypeCounts>
      <item>
        <actionDate>2017-02-14</actionDate>
        <committee>
          <systemCode>hswm04</systemCode>
          <name>Trade Subcommittee</name>
        </committee>
        <links />
        <sourceSystem>
          <name>House committee actions</name>
          <code>1</code>
        </sourceSystem>
        <text>Referred to the Subcommittee on Trade.</text>
        <type>Committee</type>
      </item>
      <item>
        <sourceSystem>
          <name>House floor actions</name>
          <code>2</code>
        </sourceSystem>
        <actionDate>2017-02-13</actionDate>
        <text>Referred to House Ways and Means</text>
        <type>IntroReferral</type>
        <links />
        <committee>
          <systemCode>hswm00</systemCode>
          <name>Ways and Means Committee</name>
        </committee>
        <actionCode>H11100</actionCode>
      </item>
      <item>
        <sourceSystem>
          <name>House floor actions</name>
          <code>2</code>
        </sourceSystem>
        <actionDate>2017-02-13</actionDate>
        <text>Referred to House Foreign Affairs</text>
        <type>IntroReferral</type>
        <links />
        <committee>
          <systemCode>hsfa00</systemCode>
          <name>Foreign Affairs Committee</name>
        </committee>
        <actionCode>H11100</actionCode>
      </item>
      <item>
        <sourceSystem>
          <name>Library of Congress</name>
          <code>9</code>
        </sourceSystem>
        <actionDate>2017-02-13</actionDate>
        <text>Referred to the Committee on Foreign Affairs, and in addition to the Committee on Ways and Means, for a period to be subsequently determined by the Speaker, in each case for consideration of such provisions as fall within the jurisdiction of the committee concerned.</text>
        <type>IntroReferral</type>
        <links />
        <committee />
        <actionCode>H11100-A</actionCode>
      </item>
      <item>
        <sourceSystem>
          <name>Library of Congress</name>
          <code>9</code>
        </sourceSystem>
        <actionDate>2017-02-13</actionDate>
        <text>Introduced in House</text>
        <type>IntroReferral</type>
        <links />
        <committee />
        <actionCode>Intro-H</actionCode>
      </item>
      <item>
        <sourceSystem>
          <name>Library of Congress</name>
          <code>9</code>
        </sourceSystem>
        <actionDate>2017-02-13</actionDate>
        <text>Introduced in House</text>
        <type>IntroReferral</type>
        <links />
        <committee />
        <actionCode>1000</actionCode>
      </item>
    </actions>
    <updateDate>2018-02-06T16:39:35Z</updateDate>
    <summaries>
      <billSummaries>
        <item>
          <text><![CDATA[<p>Expresses support for: (1) the designation of International Flower Workers' Day to demonstrate the U.S. commitment to practices that respect labor rights in other countries, and (2) the elimination of exploitative labor practices as a key U.S. policy goal.</p> <p>Urges the governments of Colombia and other flower-producing countries to investigate and respond to the social and environmental impacts of the flower-producing industry. Notes that the Colombian Action Plan Related to Labor Rights, signed on April 7, 2011, has not adequately strengthened or improved working conditions in Colombia.</p> <p> Recognizes that Colombian flower workers should not suffer harm from free trade but should share in its economic benefits.</p> <p>Encourages the development and implementation of new measures to uphold and fulfill the strong labor commitments made under the U.S.-Colombia Trade Promotion Agreement. </p>]]></text>
          <name>Introduced in House</name>
          <lastSummaryUpdateDate>2017-04-24T18:58:11Z</lastSummaryUpdateDate>
          <versionCode>00</versionCode>
          <actionDesc>Introduced in House</actionDesc>
          <updateDate>2017-02-13T05:00:00Z</updateDate>
          <actionDate>2017-02-13</actionDate>
        </item>
      </billSummaries>
    </summaries>
    <title>Expressing support for the designation of February 14 of each year as International Flower Workers' Day, in acknowledgment of workers in flower-producing countries and to demonstrate the commitment of the United States to practices that respect labor rights in other countries.</title>
    <calendarNumbers />
    <originChamber>House</originChamber>
    <constitutionalAuthorityStatementText />
    <notes />
    <billType>HRES</billType>
    <committees>
      <billCommittees>
        <item>
          <systemCode>hswm00</systemCode>
          <name>Ways and Means Committee</name>
          <type>Standing</type>
          <activities>
            <item>
              <name>Referred to</name>
              <date>2017-02-13T17:04:00Z</date>
            </item>
          </activities>
          <chamber>House</chamber>
          <subcommittees>
            <item>
              <activities>
                <item>
                  <name>Referred to</name>
                  <date>2017-02-14T21:57:35Z</date>
                </item>
              </activities>
              <systemCode>hswm04</systemCode>
              <name>Trade Subcommittee</name>
            </item>
          </subcommittees>
        </item>
        <item>
          <systemCode>hsfa00</systemCode>
          <name>Foreign Affairs Committee</name>
          <type>Standing</type>
          <activities>
            <item>
              <name>Referred to</name>
              <date>2017-02-13T17:03:50Z</date>
            </item>
          </activities>
          <chamber>House</chamber>
          <subcommittees />
        </item>
      </billCommittees>
    </committees>
    <latestAction>
      <text>Referred to the Subcommittee on Trade.</text>
      <actionDate>2017-02-14</actionDate>
      <links />
    </latestAction>
    <committeeReports />
    <billNumber>118</billNumber>
    <sponsors>
      <item>
        <byRequestType />
        <state>MN</state>
        <bioguideId>E000288</bioguideId>
        <identifiers>
          <gpoId>8005</gpoId>
          <bioguideId>E000288</bioguideId>
          <lisID>1857</lisID>
        </identifiers>
        <fullName>Rep. Ellison, Keith [D-MN-5]</fullName>
        <district>5</district>
        <lastName>Ellison</lastName>
        <firstName>Keith</firstName>
        <middleName />
        <party>D</party>
      </item>
    </sponsors>
    <subjects>
      <billSubjects>
        <policyArea>
          <name>International Affairs</name>
        </policyArea>
        <legislativeSubjects>
          <item>
            <name>Colombia</name>
          </item>
          <item>
            <name>Commemorative events and holidays</name>
          </item>
          <item>
            <name>Employment discrimination and employee rights</name>
          </item>
          <item>
            <name>Environmental assessment, monitoring, research</name>
          </item>
          <item>
            <name>Food industry and services</name>
          </item>
          <item>
            <name>Free trade and trade barriers</name>
          </item>
          <item>
            <name>Government studies and investigations</name>
          </item>
          <item>
            <name>Horticulture and plants</name>
          </item>
          <item>
            <name>Human rights</name>
          </item>
          <item>
            <name>Labor standards</name>
          </item>
          <item>
            <name>Latin America</name>
          </item>
          <item>
            <name>Navigation, waterways, harbors</name>
          </item>
          <item>
            <name>Trade agreements and negotiations</name>
          </item>
          <item>
            <name>Worker safety and health</name>
          </item>
        </legislativeSubjects>
      </billSubjects>
    </subjects>
    <createDate>2017-02-14T05:20:30Z</createDate>
    <version>1.0.0</version>
    <relatedBills />
  </bill>
  <dublinCore xmlns:dc="http://purl.org/dc/elements/1.1/">
    <dc:format>text/xml</dc:format>
    <dc:language>EN</dc:language>
    <dc:rights>Pursuant to Title 17 Section 105 of the United States Code, this file is not subject to copyright protection and is in the public domain.</dc:rights>
    <dc:contributor>Congressional Research Service, Library of Congress</dc:contributor>
    <dc:description>This file contains bill summaries and statuses for federal legislation. A bill summary describes the most significant provisions of a piece of legislation and details the effects the legislative text may have on current law and federal programs. Bill summaries are authored by the Congressional Research Service (CRS) of the Library of Congress. As stated in Public Law 91-510 (2 USC 166 (d)(6)), one of the duties of CRS is "to prepare summaries and digests of bills and resolutions of a public general nature introduced in the Senate or House of Representatives". For more information, refer to the User Guide that accompanies this file.</dc:description>
  </dublinCore>
</billStatus>

