<?xml version="1.0" encoding="UTF-8"?>
<billStatus>
  <bill>
    <policyArea>
      <name>Science, Technology, Communications</name>
    </policyArea>
    <introducedDate>2017-01-13</introducedDate>
    <cosponsors />
    <titles>
      <item>
        <chamberName />
        <parentTitleType />
        <chamberCode />
        <titleType>Official Title as Introduced</titleType>
        <title>Expressing the sense of the House of Representatives that in order to continue aggressive growth in the Nation's telecommunications and technology industries, the United States Government should "Get Out of the Way and Stay Out of the Way".</title>
      </item>
      <item>
        <chamberName />
        <parentTitleType />
        <chamberCode />
        <titleType>Display Title</titleType>
        <title>Expressing the sense of the House of Representatives that in order to continue aggressive growth in the Nation's telecommunications and technology industries, the United States Government should "Get Out of the Way and Stay Out of the Way".</title>
      </item>
    </titles>
    <congress>115</congress>
    <recordedVotes />
    <amendments />
    <laws />
    <cboCostEstimates />
    <actions>
      <actionTypeCounts>
        <introducedInHouse>1</introducedInHouse>
        <introducedInTheHouse>1</introducedInTheHouse>
        <billReferrals>1</billReferrals>
        <placeholderTextForH>1</placeholderTextForH>
      </actionTypeCounts>
      <item>
        <actionDate>2017-01-25</actionDate>
        <committee>
          <systemCode>hsif16</systemCode>
          <name>Communications and Technology Subcommittee</name>
        </committee>
        <links />
        <sourceSystem>
          <code>1</code>
          <name>House committee actions</name>
        </sourceSystem>
        <text>Referred to the Subcommittee on Communications and Technology.</text>
        <type>Committee</type>
      </item>
      <item>
        <type>IntroReferral</type>
        <text>Referred to the House Committee on Energy and Commerce.</text>
        <links />
        <committee>
          <systemCode>hsif00</systemCode>
          <name>Energy and Commerce Committee</name>
        </committee>
        <sourceSystem>
          <code>2</code>
          <name>House floor actions</name>
        </sourceSystem>
        <actionDate>2017-01-13</actionDate>
        <actionCode>H11100</actionCode>
      </item>
      <item>
        <type>IntroReferral</type>
        <text>Introduced in House</text>
        <links />
        <committee />
        <sourceSystem>
          <code>9</code>
          <name>Library of Congress</name>
        </sourceSystem>
        <actionDate>2017-01-13</actionDate>
        <actionCode>Intro-H</actionCode>
      </item>
      <item>
        <type>IntroReferral</type>
        <text>Introduced in House</text>
        <links />
        <committee />
        <sourceSystem>
          <code>9</code>
          <name>Library of Congress</name>
        </sourceSystem>
        <actionDate>2017-01-13</actionDate>
        <actionCode>1000</actionCode>
      </item>
      <actionByCounts>
        <houseOfRepresentatives>4</houseOfRepresentatives>
      </actionByCounts>
    </actions>
    <updateDate>2018-02-06T16:39:32Z</updateDate>
    <summaries>
      <billSummaries>
        <item>
          <text><![CDATA[<p>Expresses the sense of the House of Representatives that in order to continue aggressive growth in the nation's telecommunications and technology industries, the U.S. government should get out of the way and stay out of the way by: (1) promoting investment through deregulation and free-market competition; (2) making additional spectrum available for commercial use through unencumbered auctions, reallocation of federal spectrum, and efficient spectrum sharing; (3) establishing a national goal of transmitting high-quality, real-time voice, data, graphics, and video at increasingly higher speeds to all people in the United States; (4) ensuring individual privacy without compromising market efficiencies; and (5) promoting cyber threat sharing for allowing the private sector to actively defend communications networks.</p>]]></text>
          <actionDate>2017-01-13</actionDate>
          <updateDate>2017-01-13T05:00:00Z</updateDate>
          <lastSummaryUpdateDate>2017-02-11T14:05:59Z</lastSummaryUpdateDate>
          <name>Introduced in House</name>
          <actionDesc>Introduced in House</actionDesc>
          <versionCode>00</versionCode>
        </item>
      </billSummaries>
    </summaries>
    <title>Expressing the sense of the House of Representatives that in order to continue aggressive growth in the Nation's telecommunications and technology industries, the United States Government should "Get Out of the Way and Stay Out of the Way".</title>
    <calendarNumbers />
    <originChamber>House</originChamber>
    <constitutionalAuthorityStatementText />
    <notes />
    <billType>HRES</billType>
    <committees>
      <billCommittees>
        <item>
          <chamber>House</chamber>
          <subcommittees>
            <item>
              <activities>
                <item>
                  <date>2017-01-25T14:44:38Z</date>
                  <name>Referred to</name>
                </item>
              </activities>
              <systemCode>hsif16</systemCode>
              <name>Communications and Technology Subcommittee</name>
            </item>
          </subcommittees>
          <type>Standing</type>
          <activities>
            <item>
              <date>2017-01-13T14:07:05Z</date>
              <name>Referred to</name>
            </item>
          </activities>
          <systemCode>hsif00</systemCode>
          <name>Energy and Commerce Committee</name>
        </item>
      </billCommittees>
    </committees>
    <latestAction>
      <text>Referred to the Subcommittee on Communications and Technology.</text>
      <actionDate>2017-01-25</actionDate>
      <links />
    </latestAction>
    <committeeReports />
    <billNumber>53</billNumber>
    <sponsors>
      <item>
        <byRequestType />
        <state>OH</state>
        <bioguideId>L000566</bioguideId>
        <identifiers>
          <lisID>1885</lisID>
          <bioguideId>L000566</bioguideId>
          <gpoId>8095</gpoId>
        </identifiers>
        <fullName>Rep. Latta, Robert E. [R-OH-5]</fullName>
        <district>5</district>
        <lastName>Latta</lastName>
        <firstName>Robert</firstName>
        <middleName>E.</middleName>
        <party>R</party>
      </item>
    </sponsors>
    <subjects>
      <billSubjects>
        <policyArea>
          <name>Science, Technology, Communications</name>
        </policyArea>
        <legislativeSubjects>
          <item>
            <name>Administrative law and regulatory procedures</name>
          </item>
          <item>
            <name>Broadcasting, cable, digital technologies</name>
          </item>
          <item>
            <name>Business investment and capital</name>
          </item>
          <item>
            <name>Competition and antitrust</name>
          </item>
          <item>
            <name>Computer security and identity theft</name>
          </item>
          <item>
            <name>Computers and information technology</name>
          </item>
          <item>
            <name>Internet and video services</name>
          </item>
          <item>
            <name>Public contracts and procurement</name>
          </item>
          <item>
            <name>Right of privacy</name>
          </item>
          <item>
            <name>Rural conditions and development</name>
          </item>
        </legislativeSubjects>
      </billSubjects>
    </subjects>
    <createDate>2017-01-14T04:47:30Z</createDate>
    <version>1.0.0</version>
    <relatedBills />
  </bill>
  <dublinCore xmlns:dc="http://purl.org/dc/elements/1.1/">
    <dc:format>text/xml</dc:format>
    <dc:language>EN</dc:language>
    <dc:rights>Pursuant to Title 17 Section 105 of the United States Code, this file is not subject to copyright protection and is in the public domain.</dc:rights>
    <dc:contributor>Congressional Research Service, Library of Congress</dc:contributor>
    <dc:description>This file contains bill summaries and statuses for federal legislation. A bill summary describes the most significant provisions of a piece of legislation and details the effects the legislative text may have on current law and federal programs. Bill summaries are authored by the Congressional Research Service (CRS) of the Library of Congress. As stated in Public Law 91-510 (2 USC 166 (d)(6)), one of the duties of CRS is "to prepare summaries and digests of bills and resolutions of a public general nature introduced in the Senate or House of Representatives". For more information, refer to the User Guide that accompanies this file.</dc:description>
  </dublinCore>
</billStatus>

