<?xml version="1.0" encoding="UTF-8"?>
<billStatus>
  <bill>
    <billNumber>164</billNumber>
    <relatedBills />
    <originChamber>House</originChamber>
    <recordedVotes />
    <latestAction>
      <text>Referred to the House Committee on Oversight and Government Reform.</text>
      <links />
      <actionDate>2017-03-02</actionDate>
    </latestAction>
    <createDate>2017-03-03T05:11:22Z</createDate>
    <title>Supporting the goals and ideals of National Women's History Month.</title>
    <summaries>
      <billSummaries>
        <item>
          <lastSummaryUpdateDate>2017-03-13T15:32:50Z</lastSummaryUpdateDate>
          <updateDate>2017-03-02T05:00:00Z</updateDate>
          <versionCode>00</versionCode>
          <text><![CDATA[<p>Expresses support for the goals and ideals of National Women's History Month.</p> <p>Recognizes and honors the women and organizations in the United States that have fought for and continue to promote the teaching of women's history.</p>]]></text>
          <name>Introduced in House</name>
          <actionDesc>Introduced in House</actionDesc>
          <actionDate>2017-03-02</actionDate>
        </item>
      </billSummaries>
    </summaries>
    <actions>
      <actionByCounts>
        <houseOfRepresentatives>3</houseOfRepresentatives>
      </actionByCounts>
      <actionTypeCounts>
        <introducedInTheHouse>1</introducedInTheHouse>
        <billReferrals>1</billReferrals>
        <introducedInHouse>1</introducedInHouse>
      </actionTypeCounts>
      <item>
        <sourceSystem>
          <name>House floor actions</name>
          <code>2</code>
        </sourceSystem>
        <actionDate>2017-03-02</actionDate>
        <text>Referred to the House Committee on Oversight and Government Reform.</text>
        <type>IntroReferral</type>
        <links />
        <committee>
          <systemCode>hsgo00</systemCode>
          <name>Oversight and Government Reform Committee</name>
        </committee>
        <actionCode>H11100</actionCode>
      </item>
      <item>
        <sourceSystem>
          <name>Library of Congress</name>
          <code>9</code>
        </sourceSystem>
        <actionDate>2017-03-02</actionDate>
        <text>Introduced in House</text>
        <type>IntroReferral</type>
        <links />
        <committee />
        <actionCode>Intro-H</actionCode>
      </item>
      <item>
        <sourceSystem>
          <name>Library of Congress</name>
          <code>9</code>
        </sourceSystem>
        <actionDate>2017-03-02</actionDate>
        <text>Introduced in House</text>
        <type>IntroReferral</type>
        <links />
        <committee />
        <actionCode>1000</actionCode>
      </item>
    </actions>
    <updateDate>2018-02-06T16:39:37Z</updateDate>
    <amendments />
    <notes />
    <sponsors>
      <item>
        <bioguideId>T000460</bioguideId>
        <district>5</district>
        <middleName />
        <byRequestType />
        <firstName>MIKE</firstName>
        <lastName>THOMPSON</lastName>
        <state>CA</state>
        <party>D</party>
        <identifiers>
          <lisID>1593</lisID>
          <bioguideId>T000460</bioguideId>
          <gpoId>7806</gpoId>
        </identifiers>
        <fullName>Rep. Thompson, Mike [D-CA-5]</fullName>
      </item>
    </sponsors>
    <committees>
      <billCommittees>
        <item>
          <subcommittees />
          <type>Standing</type>
          <systemCode>hsgo00</systemCode>
          <activities>
            <item>
              <name>Referred to</name>
              <date>2017-03-02T14:01:45Z</date>
            </item>
          </activities>
          <name>Oversight and Government Reform Committee</name>
          <chamber>House</chamber>
        </item>
      </billCommittees>
    </committees>
    <cosponsors>
      <item>
        <isOriginalCosponsor>True</isOriginalCosponsor>
        <fullName>Rep. Stefanik, Elise M. [R-NY-21]</fullName>
        <middleName>M.</middleName>
        <sponsorshipDate>2017-03-02</sponsorshipDate>
        <bioguideId>S001196</bioguideId>
        <lastName>Stefanik</lastName>
        <party>R</party>
        <district>21</district>
        <firstName>Elise</firstName>
        <state>NY</state>
        <identifiers>
          <bioguideId>S001196</bioguideId>
          <lisID>2263</lisID>
          <gpoId />
        </identifiers>
        <sponsorshipWithdrawnDate />
      </item>
      <item>
        <isOriginalCosponsor>True</isOriginalCosponsor>
        <fullName>Rep. Walters, Mimi [R-CA-45]</fullName>
        <middleName />
        <sponsorshipDate>2017-03-02</sponsorshipDate>
        <bioguideId>W000820</bioguideId>
        <lastName>Walters</lastName>
        <party>R</party>
        <district>45</district>
        <firstName>Mimi</firstName>
        <state>CA</state>
        <identifiers>
          <gpoId />
          <lisID>2232</lisID>
          <bioguideId>W000820</bioguideId>
        </identifiers>
        <sponsorshipWithdrawnDate />
      </item>
      <item>
        <isOriginalCosponsor>True</isOriginalCosponsor>
        <fullName>Rep. Evans, Dwight [D-PA-2]</fullName>
        <middleName />
        <sponsorshipDate>2017-03-02</sponsorshipDate>
        <bioguideId>E000296</bioguideId>
        <lastName>Evans</lastName>
        <party>D</party>
        <district>2</district>
        <firstName>Dwight</firstName>
        <state>PA</state>
        <identifiers>
          <bioguideId>E000296</bioguideId>
          <gpoId />
          <lisID>2298</lisID>
        </identifiers>
        <sponsorshipWithdrawnDate />
      </item>
      <item>
        <isOriginalCosponsor>True</isOriginalCosponsor>
        <fullName>Rep. Donovan, Daniel M., Jr. [R-NY-11]</fullName>
        <middleName>M.</middleName>
        <sponsorshipDate>2017-03-02</sponsorshipDate>
        <bioguideId>D000625</bioguideId>
        <lastName>Donovan</lastName>
        <party>R</party>
        <district>11</district>
        <firstName>Daniel</firstName>
        <state>NY</state>
        <identifiers>
          <lisID>2293</lisID>
          <gpoId />
          <bioguideId>D000625</bioguideId>
        </identifiers>
        <sponsorshipWithdrawnDate />
      </item>
      <item>
        <isOriginalCosponsor>True</isOriginalCosponsor>
        <fullName>Rep. Norton, Eleanor Holmes [D-DC-At Large]</fullName>
        <middleName>HOLMES</middleName>
        <sponsorshipDate>2017-03-02</sponsorshipDate>
        <bioguideId>N000147</bioguideId>
        <lastName>NORTON</lastName>
        <party>D</party>
        <district>0</district>
        <firstName>ELEANOR</firstName>
        <state>DC</state>
        <identifiers>
          <bioguideId>N000147</bioguideId>
          <lisID>868</lisID>
          <gpoId>7871</gpoId>
        </identifiers>
        <sponsorshipWithdrawnDate />
      </item>
      <item>
        <isOriginalCosponsor>True</isOriginalCosponsor>
        <fullName>Rep. Jenkins, Lynn [R-KS-2]</fullName>
        <middleName />
        <sponsorshipDate>2017-03-02</sponsorshipDate>
        <bioguideId>J000290</bioguideId>
        <lastName>Jenkins</lastName>
        <party>R</party>
        <district>2</district>
        <firstName>Lynn</firstName>
        <state>KS</state>
        <identifiers>
          <lisID>1921</lisID>
          <bioguideId>J000290</bioguideId>
          <gpoId>7950</gpoId>
        </identifiers>
        <sponsorshipWithdrawnDate />
      </item>
      <item>
        <isOriginalCosponsor>True</isOriginalCosponsor>
        <fullName>Rep. Wasserman Schultz, Debbie [D-FL-23]</fullName>
        <middleName />
        <sponsorshipDate>2017-03-02</sponsorshipDate>
        <bioguideId>W000797</bioguideId>
        <lastName>Wasserman Schultz</lastName>
        <party>D</party>
        <district>23</district>
        <firstName>Debbie</firstName>
        <state>FL</state>
        <identifiers>
          <bioguideId>W000797</bioguideId>
          <lisID>1777</lisID>
          <gpoId>7892</gpoId>
        </identifiers>
        <sponsorshipWithdrawnDate />
      </item>
      <item>
        <isOriginalCosponsor>True</isOriginalCosponsor>
        <fullName>Rep. Jackson Lee, Sheila [D-TX-18]</fullName>
        <middleName />
        <sponsorshipDate>2017-03-02</sponsorshipDate>
        <bioguideId>J000032</bioguideId>
        <lastName>JACKSON LEE</lastName>
        <party>D</party>
        <district>18</district>
        <firstName>SHEILA</firstName>
        <state>TX</state>
        <identifiers>
          <bioguideId>J000032</bioguideId>
          <gpoId>8174</gpoId>
          <lisID>588</lisID>
        </identifiers>
        <sponsorshipWithdrawnDate />
      </item>
      <item>
        <isOriginalCosponsor>True</isOriginalCosponsor>
        <fullName>Rep. Bustos, Cheri [D-IL-17]</fullName>
        <middleName />
        <sponsorshipDate>2017-03-02</sponsorshipDate>
        <bioguideId>B001286</bioguideId>
        <lastName>Bustos</lastName>
        <party>D</party>
        <district>17</district>
        <firstName>Cheri</firstName>
        <state>IL</state>
        <identifiers>
          <bioguideId>B001286</bioguideId>
          <lisID>2127</lisID>
          <gpoId />
        </identifiers>
        <sponsorshipWithdrawnDate />
      </item>
      <item>
        <isOriginalCosponsor>True</isOriginalCosponsor>
        <fullName>Rep. Huffman, Jared [D-CA-2]</fullName>
        <middleName />
        <sponsorshipDate>2017-03-02</sponsorshipDate>
        <bioguideId>H001068</bioguideId>
        <lastName>Huffman</lastName>
        <party>D</party>
        <district>2</district>
        <firstName>Jared</firstName>
        <state>CA</state>
        <identifiers>
          <lisID>2101</lisID>
          <bioguideId>H001068</bioguideId>
          <gpoId />
        </identifiers>
        <sponsorshipWithdrawnDate />
      </item>
      <item>
        <isOriginalCosponsor>True</isOriginalCosponsor>
        <fullName>Rep. Delaney, John K. [D-MD-6]</fullName>
        <middleName>K.</middleName>
        <sponsorshipDate>2017-03-02</sponsorshipDate>
        <bioguideId>D000620</bioguideId>
        <lastName>Delaney</lastName>
        <party>D</party>
        <district>6</district>
        <firstName>John</firstName>
        <state>MD</state>
        <identifiers>
          <bioguideId>D000620</bioguideId>
          <lisID>2133</lisID>
          <gpoId />
        </identifiers>
        <sponsorshipWithdrawnDate />
      </item>
      <item>
        <isOriginalCosponsor>True</isOriginalCosponsor>
        <fullName>Rep. Khanna, Ro [D-CA-17]</fullName>
        <middleName />
        <sponsorshipDate>2017-03-02</sponsorshipDate>
        <bioguideId>K000389</bioguideId>
        <lastName>Khanna</lastName>
        <party>D</party>
        <district>17</district>
        <firstName>Ro</firstName>
        <state>CA</state>
        <identifiers>
          <lisID>2308</lisID>
          <gpoId />
          <bioguideId>K000389</bioguideId>
        </identifiers>
        <sponsorshipWithdrawnDate />
      </item>
      <item>
        <isOriginalCosponsor>True</isOriginalCosponsor>
        <fullName>Rep. Speier, Jackie [D-CA-14]</fullName>
        <middleName />
        <sponsorshipDate>2017-03-02</sponsorshipDate>
        <bioguideId>S001175</bioguideId>
        <lastName>Speier</lastName>
        <party>D</party>
        <district>14</district>
        <firstName>Jackie</firstName>
        <state>CA</state>
        <identifiers>
          <lisID>1890</lisID>
          <bioguideId>S001175</bioguideId>
          <gpoId>7817</gpoId>
        </identifiers>
        <sponsorshipWithdrawnDate />
      </item>
      <item>
        <isOriginalCosponsor>True</isOriginalCosponsor>
        <fullName>Rep. Swalwell, Eric [D-CA-15]</fullName>
        <middleName />
        <sponsorshipDate>2017-03-02</sponsorshipDate>
        <bioguideId>S001193</bioguideId>
        <lastName>Swalwell</lastName>
        <party>D</party>
        <district>15</district>
        <firstName>Eric</firstName>
        <state>CA</state>
        <identifiers>
          <bioguideId>S001193</bioguideId>
          <lisID>2104</lisID>
          <gpoId />
        </identifiers>
        <sponsorshipWithdrawnDate />
      </item>
      <item>
        <isOriginalCosponsor>True</isOriginalCosponsor>
        <fullName>Rep. Panetta, Jimmy [D-CA-20]</fullName>
        <middleName />
        <sponsorshipDate>2017-03-02</sponsorshipDate>
        <bioguideId>P000613</bioguideId>
        <lastName>Panetta</lastName>
        <party>D</party>
        <district>20</district>
        <firstName>Jimmy</firstName>
        <state>CA</state>
        <identifiers>
          <gpoId />
          <lisID>2309</lisID>
          <bioguideId>P000613</bioguideId>
        </identifiers>
        <sponsorshipWithdrawnDate />
      </item>
      <item>
        <isOriginalCosponsor>True</isOriginalCosponsor>
        <fullName>Rep. Tsongas, Niki [D-MA-3]</fullName>
        <middleName />
        <sponsorshipDate>2017-03-02</sponsorshipDate>
        <bioguideId>T000465</bioguideId>
        <lastName>Tsongas</lastName>
        <party>D</party>
        <district>3</district>
        <firstName>Niki</firstName>
        <state>MA</state>
        <identifiers>
          <lisID>1884</lisID>
          <bioguideId>T000465</bioguideId>
          <gpoId>7970</gpoId>
        </identifiers>
        <sponsorshipWithdrawnDate />
      </item>
      <item>
        <isOriginalCosponsor>True</isOriginalCosponsor>
        <fullName>Rep. Napolitano, Grace F. [D-CA-32]</fullName>
        <middleName>F.</middleName>
        <sponsorshipDate>2017-03-02</sponsorshipDate>
        <bioguideId>N000179</bioguideId>
        <lastName>NAPOLITANO</lastName>
        <party>D</party>
        <district>32</district>
        <firstName>GRACE</firstName>
        <state>CA</state>
        <identifiers>
          <bioguideId>N000179</bioguideId>
          <lisID>1602</lisID>
          <gpoId>7843</gpoId>
        </identifiers>
        <sponsorshipWithdrawnDate />
      </item>
      <item>
        <isOriginalCosponsor>True</isOriginalCosponsor>
        <fullName>Rep. Correa, J. Luis [D-CA-46]</fullName>
        <middleName>Luis</middleName>
        <sponsorshipDate>2017-03-02</sponsorshipDate>
        <bioguideId>C001110</bioguideId>
        <lastName>Correa</lastName>
        <party>D</party>
        <district>46</district>
        <firstName>J.</firstName>
        <state>CA</state>
        <identifiers>
          <lisID>2312</lisID>
          <bioguideId>C001110</bioguideId>
          <gpoId />
        </identifiers>
        <sponsorshipWithdrawnDate />
      </item>
      <item>
        <isOriginalCosponsor>True</isOriginalCosponsor>
        <fullName>Rep. DelBene, Suzan K. [D-WA-1]</fullName>
        <middleName>K.</middleName>
        <sponsorshipDate>2017-03-02</sponsorshipDate>
        <bioguideId>D000617</bioguideId>
        <lastName>DelBene</lastName>
        <party>D</party>
        <district>1</district>
        <firstName>Suzan</firstName>
        <state>WA</state>
        <identifiers>
          <bioguideId>D000617</bioguideId>
          <lisID>2096</lisID>
          <gpoId>8374</gpoId>
        </identifiers>
        <sponsorshipWithdrawnDate />
      </item>
      <item>
        <isOriginalCosponsor>True</isOriginalCosponsor>
        <fullName>Rep. DeLauro, Rosa L. [D-CT-3]</fullName>
        <middleName />
        <sponsorshipDate>2017-03-02</sponsorshipDate>
        <bioguideId>D000216</bioguideId>
        <lastName>DELAURO</lastName>
        <party>D</party>
        <district>3</district>
        <firstName>ROSA</firstName>
        <state>CT</state>
        <identifiers>
          <lisID>281</lisID>
          <gpoId>7868</gpoId>
          <bioguideId>D000216</bioguideId>
        </identifiers>
        <sponsorshipWithdrawnDate />
      </item>
      <item>
        <isOriginalCosponsor>True</isOriginalCosponsor>
        <fullName>Rep. McCollum, Betty [D-MN-4]</fullName>
        <middleName />
        <sponsorshipDate>2017-03-02</sponsorshipDate>
        <bioguideId>M001143</bioguideId>
        <lastName>MCCOLLUM</lastName>
        <party>D</party>
        <district>4</district>
        <firstName>BETTY</firstName>
        <state>MN</state>
        <identifiers>
          <bioguideId>M001143</bioguideId>
          <lisID>1653</lisID>
          <gpoId>8004</gpoId>
        </identifiers>
        <sponsorshipWithdrawnDate />
      </item>
      <item>
        <isOriginalCosponsor>True</isOriginalCosponsor>
        <fullName>Rep. Dingell, Debbie [D-MI-12]</fullName>
        <middleName />
        <sponsorshipDate>2017-03-02</sponsorshipDate>
        <bioguideId>D000624</bioguideId>
        <lastName>Dingell</lastName>
        <party>D</party>
        <district>12</district>
        <firstName>Debbie</firstName>
        <state>MI</state>
        <identifiers>
          <bioguideId>D000624</bioguideId>
          <lisID>2251</lisID>
          <gpoId />
        </identifiers>
        <sponsorshipWithdrawnDate />
      </item>
      <item>
        <isOriginalCosponsor>True</isOriginalCosponsor>
        <fullName>Rep. Bonamici, Suzanne [D-OR-1]</fullName>
        <middleName />
        <sponsorshipDate>2017-03-02</sponsorshipDate>
        <bioguideId>B001278</bioguideId>
        <lastName>Bonamici</lastName>
        <party>D</party>
        <district>1</district>
        <firstName>Suzanne</firstName>
        <state>OR</state>
        <identifiers>
          <gpoId>8367</gpoId>
          <bioguideId>B001278</bioguideId>
          <lisID>2092</lisID>
        </identifiers>
        <sponsorshipWithdrawnDate />
      </item>
      <item>
        <isOriginalCosponsor>True</isOriginalCosponsor>
        <fullName>Rep. Bordallo, Madeleine Z. [D-GU-At Large]</fullName>
        <middleName>Z.</middleName>
        <sponsorshipDate>2017-03-02</sponsorshipDate>
        <bioguideId>B001245</bioguideId>
        <lastName>Bordallo</lastName>
        <party>D</party>
        <district>0</district>
        <firstName>Madeleine</firstName>
        <state>GU</state>
        <identifiers>
          <lisID>1723</lisID>
          <gpoId>7911</gpoId>
          <bioguideId>B001245</bioguideId>
        </identifiers>
        <sponsorshipWithdrawnDate />
      </item>
      <item>
        <isOriginalCosponsor>True</isOriginalCosponsor>
        <fullName>Rep. Titus, Dina [D-NV-1]</fullName>
        <middleName />
        <sponsorshipDate>2017-03-02</sponsorshipDate>
        <bioguideId>T000468</bioguideId>
        <lastName>Titus</lastName>
        <party>D</party>
        <district>1</district>
        <firstName>Dina</firstName>
        <state>NV</state>
        <identifiers>
          <bioguideId>T000468</bioguideId>
          <gpoId>7493</gpoId>
          <lisID>1940</lisID>
        </identifiers>
        <sponsorshipWithdrawnDate />
      </item>
      <item>
        <isOriginalCosponsor>True</isOriginalCosponsor>
        <fullName>Rep. Pingree, Chellie [D-ME-1]</fullName>
        <middleName />
        <sponsorshipDate>2017-03-02</sponsorshipDate>
        <bioguideId>P000597</bioguideId>
        <lastName>Pingree</lastName>
        <party>D</party>
        <district>1</district>
        <firstName>Chellie</firstName>
        <state>ME</state>
        <identifiers>
          <lisID>1927</lisID>
          <gpoId>7984</gpoId>
          <bioguideId>P000597</bioguideId>
        </identifiers>
        <sponsorshipWithdrawnDate />
      </item>
      <item>
        <isOriginalCosponsor>True</isOriginalCosponsor>
        <fullName>Rep. Radewagen, Aumua Amata Coleman [R-AS-At Large]</fullName>
        <middleName>Coleman</middleName>
        <sponsorshipDate>2017-03-02</sponsorshipDate>
        <bioguideId>R000600</bioguideId>
        <lastName>Radewagen</lastName>
        <party>R</party>
        <district>0</district>
        <firstName>Aumua Amata</firstName>
        <state>AS</state>
        <identifiers>
          <gpoId />
          <lisID>2222</lisID>
          <bioguideId>R000600</bioguideId>
        </identifiers>
        <sponsorshipWithdrawnDate />
      </item>
      <item>
        <isOriginalCosponsor>True</isOriginalCosponsor>
        <fullName>Rep. Lee, Barbara [D-CA-13]</fullName>
        <middleName />
        <sponsorshipDate>2017-03-02</sponsorshipDate>
        <bioguideId>L000551</bioguideId>
        <lastName>LEE</lastName>
        <party>D</party>
        <district>13</district>
        <firstName>BARBARA</firstName>
        <state>CA</state>
        <identifiers>
          <lisID>1501</lisID>
          <gpoId>7814</gpoId>
          <bioguideId>L000551</bioguideId>
        </identifiers>
        <sponsorshipWithdrawnDate />
      </item>
      <item>
        <isOriginalCosponsor>True</isOriginalCosponsor>
        <fullName>Rep. DeSaulnier, Mark [D-CA-11]</fullName>
        <middleName />
        <sponsorshipDate>2017-03-02</sponsorshipDate>
        <bioguideId>D000623</bioguideId>
        <lastName>DeSaulnier</lastName>
        <party>D</party>
        <district>11</district>
        <firstName>Mark</firstName>
        <state>CA</state>
        <identifiers>
          <lisID>2227</lisID>
          <bioguideId>D000623</bioguideId>
          <gpoId />
        </identifiers>
        <sponsorshipWithdrawnDate />
      </item>
      <item>
        <isOriginalCosponsor>True</isOriginalCosponsor>
        <fullName>Rep. Velazquez, Nydia M. [D-NY-7]</fullName>
        <middleName>M.</middleName>
        <sponsorshipDate>2017-03-02</sponsorshipDate>
        <bioguideId>V000081</bioguideId>
        <lastName>VELAZQUEZ</lastName>
        <party>D</party>
        <district>7</district>
        <firstName>NYDIA</firstName>
        <state>NY</state>
        <identifiers>
          <lisID>1184</lisID>
          <gpoId>8073</gpoId>
          <bioguideId>V000081</bioguideId>
        </identifiers>
        <sponsorshipWithdrawnDate />
      </item>
      <item>
        <isOriginalCosponsor>True</isOriginalCosponsor>
        <fullName>Rep. Larsen, Rick [D-WA-2]</fullName>
        <middleName />
        <sponsorshipDate>2017-03-02</sponsorshipDate>
        <bioguideId>L000560</bioguideId>
        <lastName>LARSEN</lastName>
        <party>D</party>
        <district>2</district>
        <firstName>RICK</firstName>
        <state>WA</state>
        <identifiers>
          <bioguideId>L000560</bioguideId>
          <gpoId>8206</gpoId>
          <lisID>1675</lisID>
        </identifiers>
        <sponsorshipWithdrawnDate />
      </item>
      <item>
        <isOriginalCosponsor>True</isOriginalCosponsor>
        <fullName>Rep. Rosen, Jacky [D-NV-3]</fullName>
        <middleName />
        <sponsorshipDate>2017-03-02</sponsorshipDate>
        <bioguideId>R000608</bioguideId>
        <lastName>Rosen</lastName>
        <party>D</party>
        <district>3</district>
        <firstName>Jacky</firstName>
        <state>NV</state>
        <identifiers>
          <gpoId />
          <lisID>2339</lisID>
          <bioguideId>R000608</bioguideId>
        </identifiers>
        <sponsorshipWithdrawnDate />
      </item>
      <item>
        <isOriginalCosponsor>True</isOriginalCosponsor>
        <fullName>Rep. Sanchez, Linda T. [D-CA-38]</fullName>
        <middleName>T.</middleName>
        <sponsorshipDate>2017-03-02</sponsorshipDate>
        <bioguideId>S001156</bioguideId>
        <lastName>SANCHEZ</lastName>
        <party>D</party>
        <district>38</district>
        <firstName>LINDA</firstName>
        <state>CA</state>
        <identifiers>
          <lisID>1757</lisID>
          <gpoId>7844</gpoId>
          <bioguideId>S001156</bioguideId>
        </identifiers>
        <sponsorshipWithdrawnDate />
      </item>
      <item>
        <isOriginalCosponsor>True</isOriginalCosponsor>
        <fullName>Rep. Cohen, Steve [D-TN-9]</fullName>
        <middleName />
        <sponsorshipDate>2017-03-02</sponsorshipDate>
        <bioguideId>C001068</bioguideId>
        <lastName>Cohen</lastName>
        <party>D</party>
        <district>9</district>
        <firstName>Steve</firstName>
        <state>TN</state>
        <identifiers>
          <lisID>1878</lisID>
          <gpoId>8156</gpoId>
          <bioguideId>C001068</bioguideId>
        </identifiers>
        <sponsorshipWithdrawnDate />
      </item>
      <item>
        <isOriginalCosponsor>True</isOriginalCosponsor>
        <fullName>Rep. Engel, Eliot L. [D-NY-16]</fullName>
        <middleName>L.</middleName>
        <sponsorshipDate>2017-03-02</sponsorshipDate>
        <bioguideId>E000179</bioguideId>
        <lastName>ENGEL</lastName>
        <party>D</party>
        <district>16</district>
        <firstName>ELIOT</firstName>
        <state>NY</state>
        <identifiers>
          <gpoId>8078</gpoId>
          <lisID>344</lisID>
          <bioguideId>E000179</bioguideId>
        </identifiers>
        <sponsorshipWithdrawnDate />
      </item>
      <item>
        <isOriginalCosponsor>True</isOriginalCosponsor>
        <fullName>Rep. Takano, Mark [D-CA-41]</fullName>
        <middleName />
        <sponsorshipDate>2017-03-02</sponsorshipDate>
        <bioguideId>T000472</bioguideId>
        <lastName>Takano</lastName>
        <party>D</party>
        <district>41</district>
        <firstName>Mark</firstName>
        <state>CA</state>
        <identifiers>
          <lisID>2110</lisID>
          <gpoId />
          <bioguideId>T000472</bioguideId>
        </identifiers>
        <sponsorshipWithdrawnDate />
      </item>
      <item>
        <isOriginalCosponsor>True</isOriginalCosponsor>
        <fullName>Rep. McGovern, James P. [D-MA-2]</fullName>
        <middleName>P.</middleName>
        <sponsorshipDate>2017-03-02</sponsorshipDate>
        <bioguideId>M000312</bioguideId>
        <lastName>MCGOVERN</lastName>
        <party>D</party>
        <district>2</district>
        <firstName>JAMES</firstName>
        <state>MA</state>
        <identifiers>
          <bioguideId>M000312</bioguideId>
          <lisID>1504</lisID>
          <gpoId>7968</gpoId>
        </identifiers>
        <sponsorshipWithdrawnDate />
      </item>
      <item>
        <isOriginalCosponsor>True</isOriginalCosponsor>
        <fullName>Rep. Pocan, Mark [D-WI-2]</fullName>
        <middleName />
        <sponsorshipDate>2017-03-02</sponsorshipDate>
        <bioguideId>P000607</bioguideId>
        <lastName>Pocan</lastName>
        <party>D</party>
        <district>2</district>
        <firstName>Mark</firstName>
        <state>WI</state>
        <identifiers>
          <bioguideId>P000607</bioguideId>
          <lisID>2171</lisID>
          <gpoId />
        </identifiers>
        <sponsorshipWithdrawnDate />
      </item>
      <item>
        <isOriginalCosponsor>True</isOriginalCosponsor>
        <fullName>Rep. Slaughter, Louise McIntosh [D-NY-25]</fullName>
        <middleName>M.</middleName>
        <sponsorshipDate>2017-03-02</sponsorshipDate>
        <bioguideId>S000480</bioguideId>
        <lastName>SLAUGHTER</lastName>
        <party>D</party>
        <district>25</district>
        <firstName>LOUISE</firstName>
        <state>NY</state>
        <identifiers>
          <lisID>1069</lisID>
          <bioguideId>S000480</bioguideId>
          <gpoId>8089</gpoId>
        </identifiers>
        <sponsorshipWithdrawnDate />
      </item>
      <item>
        <isOriginalCosponsor>True</isOriginalCosponsor>
        <fullName>Rep. Cicilline, David N. [D-RI-1]</fullName>
        <middleName>N.</middleName>
        <sponsorshipDate>2017-03-02</sponsorshipDate>
        <bioguideId>C001084</bioguideId>
        <lastName>Cicilline</lastName>
        <party>D</party>
        <district>1</district>
        <firstName>David</firstName>
        <state>RI</state>
        <identifiers>
          <bioguideId>C001084</bioguideId>
          <gpoId>8139</gpoId>
          <lisID>2055</lisID>
        </identifiers>
        <sponsorshipWithdrawnDate />
      </item>
      <item>
        <isOriginalCosponsor>True</isOriginalCosponsor>
        <fullName>Rep. Sires, Albio [D-NJ-8]</fullName>
        <middleName />
        <sponsorshipDate>2017-03-02</sponsorshipDate>
        <bioguideId>S001165</bioguideId>
        <lastName>Sires</lastName>
        <party>D</party>
        <district>8</district>
        <firstName>Albio</firstName>
        <state>NJ</state>
        <identifiers>
          <lisID>1818</lisID>
          <gpoId>8055</gpoId>
          <bioguideId>S001165</bioguideId>
        </identifiers>
        <sponsorshipWithdrawnDate />
      </item>
      <item>
        <isOriginalCosponsor>True</isOriginalCosponsor>
        <fullName>Rep. Nadler, Jerrold [D-NY-10]</fullName>
        <middleName />
        <sponsorshipDate>2017-03-02</sponsorshipDate>
        <bioguideId>N000002</bioguideId>
        <lastName>NADLER</lastName>
        <party>D</party>
        <district>10</district>
        <firstName>JERROLD</firstName>
        <state>NY</state>
        <identifiers>
          <lisID>850</lisID>
          <bioguideId>N000002</bioguideId>
          <gpoId>8069</gpoId>
        </identifiers>
        <sponsorshipWithdrawnDate />
      </item>
      <item>
        <isOriginalCosponsor>True</isOriginalCosponsor>
        <fullName>Rep. Garamendi, John [D-CA-3]</fullName>
        <middleName />
        <sponsorshipDate>2017-03-02</sponsorshipDate>
        <bioguideId>G000559</bioguideId>
        <lastName>Garamendi</lastName>
        <party>D</party>
        <district>3</district>
        <firstName>John</firstName>
        <state>CA</state>
        <identifiers>
          <bioguideId>G000559</bioguideId>
          <lisID>1973</lisID>
          <gpoId>7815</gpoId>
        </identifiers>
        <sponsorshipWithdrawnDate />
      </item>
      <item>
        <isOriginalCosponsor>True</isOriginalCosponsor>
        <fullName>Rep. Blumenauer, Earl [D-OR-3]</fullName>
        <middleName />
        <sponsorshipDate>2017-03-02</sponsorshipDate>
        <bioguideId>B000574</bioguideId>
        <lastName>BLUMENAUER</lastName>
        <party>D</party>
        <district>3</district>
        <firstName>EARL</firstName>
        <state>OR</state>
        <identifiers>
          <bioguideId>B000574</bioguideId>
          <gpoId>8116</gpoId>
          <lisID>99</lisID>
        </identifiers>
        <sponsorshipWithdrawnDate />
      </item>
      <item>
        <isOriginalCosponsor>True</isOriginalCosponsor>
        <fullName>Rep. Sinema, Kyrsten [D-AZ-9]</fullName>
        <middleName />
        <sponsorshipDate>2017-03-02</sponsorshipDate>
        <bioguideId>S001191</bioguideId>
        <lastName>Sinema</lastName>
        <party>D</party>
        <district>9</district>
        <firstName>Kyrsten</firstName>
        <state>AZ</state>
        <identifiers>
          <lisID>2099</lisID>
          <bioguideId>S001191</bioguideId>
          <gpoId />
        </identifiers>
        <sponsorshipWithdrawnDate />
      </item>
      <item>
        <isOriginalCosponsor>True</isOriginalCosponsor>
        <fullName>Rep. Costa, Jim [D-CA-16]</fullName>
        <middleName />
        <sponsorshipDate>2017-03-02</sponsorshipDate>
        <bioguideId>C001059</bioguideId>
        <lastName>Costa</lastName>
        <party>D</party>
        <district>16</district>
        <firstName>Jim</firstName>
        <state>CA</state>
        <identifiers>
          <bioguideId>C001059</bioguideId>
          <lisID>1774</lisID>
          <gpoId>7825</gpoId>
        </identifiers>
        <sponsorshipWithdrawnDate />
      </item>
      <item>
        <isOriginalCosponsor>True</isOriginalCosponsor>
        <fullName>Rep. Johnson, Henry C. "Hank," Jr. [D-GA-4]</fullName>
        <middleName>C. "Hank"</middleName>
        <sponsorshipDate>2017-03-02</sponsorshipDate>
        <bioguideId>J000288</bioguideId>
        <lastName>Johnson</lastName>
        <party>D</party>
        <district>4</district>
        <firstName>Henry</firstName>
        <state>GA</state>
        <identifiers>
          <lisID>1843</lisID>
          <bioguideId>J000288</bioguideId>
          <gpoId>7901</gpoId>
        </identifiers>
        <sponsorshipWithdrawnDate />
      </item>
      <item>
        <isOriginalCosponsor>True</isOriginalCosponsor>
        <fullName>Rep. Clarke, Yvette D. [D-NY-9]</fullName>
        <middleName>D.</middleName>
        <sponsorshipDate>2017-03-02</sponsorshipDate>
        <bioguideId>C001067</bioguideId>
        <lastName>Clarke</lastName>
        <party>D</party>
        <district>9</district>
        <firstName>Yvette</firstName>
        <state>NY</state>
        <identifiers>
          <bioguideId>C001067</bioguideId>
          <lisID>1864</lisID>
          <gpoId>8072</gpoId>
        </identifiers>
        <sponsorshipWithdrawnDate />
      </item>
      <item>
        <isOriginalCosponsor>True</isOriginalCosponsor>
        <fullName>Rep. Soto, Darren [D-FL-9]</fullName>
        <middleName />
        <sponsorshipDate>2017-03-02</sponsorshipDate>
        <bioguideId>S001200</bioguideId>
        <lastName>Soto</lastName>
        <party>D</party>
        <district>9</district>
        <firstName>Darren</firstName>
        <state>FL</state>
        <identifiers>
          <lisID>2319</lisID>
          <bioguideId>S001200</bioguideId>
          <gpoId />
        </identifiers>
        <sponsorshipWithdrawnDate />
      </item>
      <item>
        <isOriginalCosponsor>True</isOriginalCosponsor>
        <fullName>Rep. Adams, Alma S. [D-NC-12]</fullName>
        <middleName>S.</middleName>
        <sponsorshipDate>2017-03-02</sponsorshipDate>
        <bioguideId>A000370</bioguideId>
        <lastName>Adams</lastName>
        <party>D</party>
        <district>12</district>
        <firstName>Alma</firstName>
        <state>NC</state>
        <identifiers>
          <gpoId />
          <lisID>2201</lisID>
          <bioguideId>A000370</bioguideId>
        </identifiers>
        <sponsorshipWithdrawnDate />
      </item>
      <item>
        <isOriginalCosponsor>True</isOriginalCosponsor>
        <fullName>Rep. McNerney, Jerry [D-CA-9]</fullName>
        <middleName />
        <sponsorshipDate>2017-03-02</sponsorshipDate>
        <bioguideId>M001166</bioguideId>
        <lastName>McNerney</lastName>
        <party>D</party>
        <district>9</district>
        <firstName>Jerry</firstName>
        <state>CA</state>
        <identifiers>
          <bioguideId>M001166</bioguideId>
          <lisID>1832</lisID>
          <gpoId>7816</gpoId>
        </identifiers>
        <sponsorshipWithdrawnDate />
      </item>
      <item>
        <isOriginalCosponsor>True</isOriginalCosponsor>
        <fullName>Rep. Boyle, Brendan F. [D-PA-13]</fullName>
        <middleName>F.</middleName>
        <sponsorshipDate>2017-03-02</sponsorshipDate>
        <bioguideId>B001296</bioguideId>
        <lastName>Boyle</lastName>
        <party>D</party>
        <district>13</district>
        <firstName>Brendan</firstName>
        <state>PA</state>
        <identifiers>
          <lisID>2267</lisID>
          <gpoId />
          <bioguideId>B001296</bioguideId>
        </identifiers>
        <sponsorshipWithdrawnDate />
      </item>
      <item>
        <isOriginalCosponsor>True</isOriginalCosponsor>
        <fullName>Rep. Moore, Gwen [D-WI-4]</fullName>
        <middleName />
        <sponsorshipDate>2017-03-02</sponsorshipDate>
        <bioguideId>M001160</bioguideId>
        <lastName>Moore</lastName>
        <party>D</party>
        <district>4</district>
        <firstName>Gwen</firstName>
        <state>WI</state>
        <identifiers>
          <bioguideId>M001160</bioguideId>
          <gpoId>8217</gpoId>
          <lisID>1811</lisID>
        </identifiers>
        <sponsorshipWithdrawnDate />
      </item>
      <item>
        <isOriginalCosponsor>True</isOriginalCosponsor>
        <fullName>Rep. Comstock, Barbara [R-VA-10]</fullName>
        <middleName />
        <sponsorshipDate>2017-03-02</sponsorshipDate>
        <bioguideId>C001105</bioguideId>
        <lastName>Comstock</lastName>
        <party>R</party>
        <district>10</district>
        <firstName>Barbara</firstName>
        <state>VA</state>
        <identifiers>
          <lisID>2273</lisID>
          <bioguideId>C001105</bioguideId>
          <gpoId />
        </identifiers>
        <sponsorshipWithdrawnDate />
      </item>
      <item>
        <isOriginalCosponsor>True</isOriginalCosponsor>
        <fullName>Rep. Peters, Scott H. [D-CA-52]</fullName>
        <middleName>H.</middleName>
        <sponsorshipDate>2017-03-02</sponsorshipDate>
        <bioguideId>P000608</bioguideId>
        <lastName>Peters</lastName>
        <party>D</party>
        <district>52</district>
        <firstName>Scott</firstName>
        <state>CA</state>
        <identifiers>
          <lisID>2113</lisID>
          <bioguideId>P000608</bioguideId>
          <gpoId />
        </identifiers>
        <sponsorshipWithdrawnDate />
      </item>
      <item>
        <isOriginalCosponsor>False</isOriginalCosponsor>
        <fullName>Rep. Roybal-Allard, Lucille [D-CA-40]</fullName>
        <middleName />
        <sponsorshipDate>2017-03-07</sponsorshipDate>
        <bioguideId>R000486</bioguideId>
        <lastName>ROYBAL-ALLARD</lastName>
        <party>D</party>
        <district>40</district>
        <firstName>LUCILLE</firstName>
        <state>CA</state>
        <identifiers>
          <lisID>997</lisID>
          <bioguideId>R000486</bioguideId>
          <gpoId>7839</gpoId>
        </identifiers>
        <sponsorshipWithdrawnDate />
      </item>
      <item>
        <isOriginalCosponsor>False</isOriginalCosponsor>
        <fullName>Rep. Lawrence, Brenda L. [D-MI-14]</fullName>
        <middleName>L.</middleName>
        <sponsorshipDate>2017-03-07</sponsorshipDate>
        <bioguideId>L000581</bioguideId>
        <lastName>Lawrence</lastName>
        <party>D</party>
        <district>14</district>
        <firstName>Brenda</firstName>
        <state>MI</state>
        <identifiers>
          <lisID>2252</lisID>
          <gpoId />
          <bioguideId>L000581</bioguideId>
        </identifiers>
        <sponsorshipWithdrawnDate />
      </item>
      <item>
        <isOriginalCosponsor>False</isOriginalCosponsor>
        <fullName>Rep. Coffman, Mike [R-CO-6]</fullName>
        <middleName />
        <sponsorshipDate>2017-03-07</sponsorshipDate>
        <bioguideId>C001077</bioguideId>
        <lastName>Coffman</lastName>
        <party>R</party>
        <district>6</district>
        <firstName>Mike</firstName>
        <state>CO</state>
        <identifiers>
          <lisID>1912</lisID>
          <bioguideId>C001077</bioguideId>
          <gpoId>7864</gpoId>
        </identifiers>
        <sponsorshipWithdrawnDate />
      </item>
      <item>
        <isOriginalCosponsor>False</isOriginalCosponsor>
        <fullName>Rep. Davis, Susan A. [D-CA-53]</fullName>
        <middleName>A.</middleName>
        <sponsorshipDate>2017-03-07</sponsorshipDate>
        <bioguideId>D000598</bioguideId>
        <lastName>DAVIS</lastName>
        <party>D</party>
        <district>53</district>
        <firstName>SUSAN</firstName>
        <state>CA</state>
        <identifiers>
          <gpoId>7858</gpoId>
          <bioguideId>D000598</bioguideId>
          <lisID>1641</lisID>
        </identifiers>
        <sponsorshipWithdrawnDate />
      </item>
      <item>
        <isOriginalCosponsor>False</isOriginalCosponsor>
        <fullName>Rep. Shea-Porter, Carol [D-NH-1]</fullName>
        <middleName />
        <sponsorshipDate>2017-03-07</sponsorshipDate>
        <bioguideId>S001170</bioguideId>
        <lastName>Shea-Porter</lastName>
        <party>D</party>
        <district>1</district>
        <firstName>Carol</firstName>
        <state>NH</state>
        <identifiers>
          <bioguideId>S001170</bioguideId>
          <lisID>1861</lisID>
          <gpoId>7528</gpoId>
        </identifiers>
        <sponsorshipWithdrawnDate />
      </item>
      <item>
        <isOriginalCosponsor>False</isOriginalCosponsor>
        <fullName>Rep. Hastings, Alcee L. [D-FL-20]</fullName>
        <middleName>L.</middleName>
        <sponsorshipDate>2017-03-07</sponsorshipDate>
        <bioguideId>H000324</bioguideId>
        <lastName>HASTINGS</lastName>
        <party>D</party>
        <district>20</district>
        <firstName>ALCEE</firstName>
        <state>FL</state>
        <identifiers>
          <lisID>511</lisID>
          <bioguideId>H000324</bioguideId>
          <gpoId>7895</gpoId>
        </identifiers>
        <sponsorshipWithdrawnDate />
      </item>
      <item>
        <isOriginalCosponsor>False</isOriginalCosponsor>
        <fullName>Rep. Keating, William R. [D-MA-9]</fullName>
        <middleName>R.</middleName>
        <sponsorshipDate>2017-03-07</sponsorshipDate>
        <bioguideId>K000375</bioguideId>
        <lastName>Keating</lastName>
        <party>D</party>
        <district>9</district>
        <firstName>William</firstName>
        <state>MA</state>
        <identifiers>
          <lisID>2025</lisID>
          <bioguideId>K000375</bioguideId>
          <gpoId>7975</gpoId>
        </identifiers>
        <sponsorshipWithdrawnDate />
      </item>
      <item>
        <isOriginalCosponsor>False</isOriginalCosponsor>
        <fullName>Rep. Beatty, Joyce [D-OH-3]</fullName>
        <middleName />
        <sponsorshipDate>2017-03-21</sponsorshipDate>
        <bioguideId>B001281</bioguideId>
        <lastName>Beatty</lastName>
        <party>D</party>
        <district>3</district>
        <firstName>Joyce</firstName>
        <state>OH</state>
        <identifiers>
          <lisID>2153</lisID>
          <bioguideId>B001281</bioguideId>
          <gpoId />
        </identifiers>
        <sponsorshipWithdrawnDate />
      </item>
      <item>
        <isOriginalCosponsor>False</isOriginalCosponsor>
        <fullName>Rep. Smith, Adam [D-WA-9]</fullName>
        <middleName />
        <sponsorshipDate>2017-03-21</sponsorshipDate>
        <bioguideId>S000510</bioguideId>
        <lastName>SMITH</lastName>
        <party>D</party>
        <district>9</district>
        <firstName>ADAM</firstName>
        <state>WA</state>
        <identifiers>
          <lisID>1528</lisID>
          <bioguideId>S000510</bioguideId>
          <gpoId>8213</gpoId>
        </identifiers>
        <sponsorshipWithdrawnDate />
      </item>
      <item>
        <isOriginalCosponsor>False</isOriginalCosponsor>
        <fullName>Rep. Scott, David [D-GA-13]</fullName>
        <middleName />
        <sponsorshipDate>2017-03-21</sponsorshipDate>
        <bioguideId>S001157</bioguideId>
        <lastName>Scott</lastName>
        <party>D</party>
        <district>13</district>
        <firstName>David</firstName>
        <state>GA</state>
        <identifiers>
          <lisID>1722</lisID>
          <bioguideId>S001157</bioguideId>
          <gpoId>7910</gpoId>
        </identifiers>
        <sponsorshipWithdrawnDate />
      </item>
      <item>
        <isOriginalCosponsor>False</isOriginalCosponsor>
        <fullName>Rep. Brownley, Julia [D-CA-26]</fullName>
        <middleName />
        <sponsorshipDate>2017-03-21</sponsorshipDate>
        <bioguideId>B001285</bioguideId>
        <lastName>Brownley</lastName>
        <party>D</party>
        <district>26</district>
        <firstName>Julia</firstName>
        <state>CA</state>
        <identifiers>
          <lisID>2106</lisID>
          <gpoId />
          <bioguideId>B001285</bioguideId>
        </identifiers>
        <sponsorshipWithdrawnDate />
      </item>
      <item>
        <isOriginalCosponsor>False</isOriginalCosponsor>
        <fullName>Rep. Ellison, Keith [D-MN-5]</fullName>
        <middleName />
        <sponsorshipDate>2017-03-21</sponsorshipDate>
        <bioguideId>E000288</bioguideId>
        <lastName>Ellison</lastName>
        <party>D</party>
        <district>5</district>
        <firstName>Keith</firstName>
        <state>MN</state>
        <identifiers>
          <gpoId>8005</gpoId>
          <bioguideId>E000288</bioguideId>
          <lisID>1857</lisID>
        </identifiers>
        <sponsorshipWithdrawnDate />
      </item>
      <item>
        <isOriginalCosponsor>False</isOriginalCosponsor>
        <fullName>Rep. Clark, Katherine M. [D-MA-5]</fullName>
        <middleName>M.</middleName>
        <sponsorshipDate>2017-03-21</sponsorshipDate>
        <bioguideId>C001101</bioguideId>
        <lastName>Clark</lastName>
        <party>D</party>
        <district>5</district>
        <firstName>Katherine</firstName>
        <state>MA</state>
        <identifiers>
          <lisID>2196</lisID>
          <bioguideId>C001101</bioguideId>
          <gpoId />
        </identifiers>
        <sponsorshipWithdrawnDate />
      </item>
      <item>
        <isOriginalCosponsor>False</isOriginalCosponsor>
        <fullName>Rep. Lofgren, Zoe [D-CA-19]</fullName>
        <middleName />
        <sponsorshipDate>2017-03-21</sponsorshipDate>
        <bioguideId>L000397</bioguideId>
        <lastName>LOFGREN</lastName>
        <party>D</party>
        <district>19</district>
        <firstName>ZOE</firstName>
        <state>CA</state>
        <identifiers>
          <gpoId>7821</gpoId>
          <bioguideId>L000397</bioguideId>
          <lisID>701</lisID>
        </identifiers>
        <sponsorshipWithdrawnDate />
      </item>
      <item>
        <isOriginalCosponsor>False</isOriginalCosponsor>
        <fullName>Rep. Yarmuth, John A. [D-KY-3]</fullName>
        <middleName>A.</middleName>
        <sponsorshipDate>2017-03-21</sponsorshipDate>
        <bioguideId>Y000062</bioguideId>
        <lastName>Yarmuth</lastName>
        <party>D</party>
        <district>3</district>
        <firstName>John</firstName>
        <state>KY</state>
        <identifiers>
          <lisID>1853</lisID>
          <bioguideId>Y000062</bioguideId>
          <gpoId>7955</gpoId>
        </identifiers>
        <sponsorshipWithdrawnDate />
      </item>
      <item>
        <isOriginalCosponsor>False</isOriginalCosponsor>
        <fullName>Rep. Jeffries, Hakeem S. [D-NY-8]</fullName>
        <middleName>S.</middleName>
        <sponsorshipDate>2017-04-28</sponsorshipDate>
        <bioguideId>J000294</bioguideId>
        <lastName>Jeffries</lastName>
        <party>D</party>
        <district>8</district>
        <firstName>Hakeem</firstName>
        <state>NY</state>
        <identifiers>
          <bioguideId>J000294</bioguideId>
          <lisID>2149</lisID>
          <gpoId />
        </identifiers>
        <sponsorshipWithdrawnDate />
      </item>
      <item>
        <isOriginalCosponsor>False</isOriginalCosponsor>
        <fullName>Rep. Ruiz, Raul [D-CA-36]</fullName>
        <middleName />
        <sponsorshipDate>2017-12-11</sponsorshipDate>
        <bioguideId>R000599</bioguideId>
        <lastName>Ruiz</lastName>
        <party>D</party>
        <district>36</district>
        <firstName>Raul</firstName>
        <state>CA</state>
        <identifiers>
          <bioguideId>R000599</bioguideId>
          <gpoId />
          <lisID>2109</lisID>
        </identifiers>
        <sponsorshipWithdrawnDate />
      </item>
    </cosponsors>
    <constitutionalAuthorityStatementText />
    <policyArea>
      <name>Education</name>
    </policyArea>
    <cboCostEstimates />
    <laws />
    <congress>115</congress>
    <version>1.0.0</version>
    <introducedDate>2017-03-02</introducedDate>
    <committeeReports />
    <titles>
      <item>
        <titleType>Official Title as Introduced</titleType>
        <parentTitleType />
        <chamberName />
        <title>Supporting the goals and ideals of National Women's History Month.</title>
        <chamberCode />
      </item>
      <item>
        <titleType>Display Title</titleType>
        <parentTitleType />
        <chamberName />
        <title>Supporting the goals and ideals of National Women's History Month.</title>
        <chamberCode />
      </item>
    </titles>
    <calendarNumbers />
    <subjects>
      <billSubjects>
        <policyArea>
          <name>Education</name>
        </policyArea>
        <legislativeSubjects>
          <item>
            <name>Commemorative events and holidays</name>
          </item>
          <item>
            <name>Congressional tributes</name>
          </item>
          <item>
            <name>Elementary and secondary education</name>
          </item>
          <item>
            <name>Higher education</name>
          </item>
          <item>
            <name>U.S. history</name>
          </item>
          <item>
            <name>Women's rights</name>
          </item>
        </legislativeSubjects>
      </billSubjects>
    </subjects>
    <billType>HRES</billType>
  </bill>
  <dublinCore xmlns:dc="http://purl.org/dc/elements/1.1/">
    <dc:format>text/xml</dc:format>
    <dc:language>EN</dc:language>
    <dc:rights>Pursuant to Title 17 Section 105 of the United States Code, this file is not subject to copyright protection and is in the public domain.</dc:rights>
    <dc:contributor>Congressional Research Service, Library of Congress</dc:contributor>
    <dc:description>This file contains bill summaries and statuses for federal legislation. A bill summary describes the most significant provisions of a piece of legislation and details the effects the legislative text may have on current law and federal programs. Bill summaries are authored by the Congressional Research Service (CRS) of the Library of Congress. As stated in Public Law 91-510 (2 USC 166 (d)(6)), one of the duties of CRS is "to prepare summaries and digests of bills and resolutions of a public general nature introduced in the Senate or House of Representatives". For more information, refer to the User Guide that accompanies this file.</dc:description>
  </dublinCore>
</billStatus>

