<?xml version="1.0" encoding="UTF-8"?>
<billStatus>
  <bill>
    <titles>
      <item>
        <chamberCode />
        <titleType>Official Title as Introduced</titleType>
        <parentTitleType />
        <chamberName />
        <title>Expressing the sense of the House of Representatives that any legislation to repeal the Patient Protection and Affordable Care Act should include a replacement for such Act that includes certain health care consumer protections.</title>
      </item>
      <item>
        <chamberCode />
        <titleType>Display Title</titleType>
        <parentTitleType />
        <chamberName />
        <title>Expressing the sense of the House of Representatives that any legislation to repeal the Patient Protection and Affordable Care Act should include a replacement for such Act that includes certain health care consumer protections.</title>
      </item>
    </titles>
    <committeeReports />
    <sponsors>
      <item>
        <firstName>Jimmy</firstName>
        <middleName />
        <identifiers>
          <gpoId />
          <lisID>2309</lisID>
          <bioguideId>P000613</bioguideId>
        </identifiers>
        <party>D</party>
        <bioguideId>P000613</bioguideId>
        <lastName>Panetta</lastName>
        <fullName>Rep. Panetta, Jimmy [D-CA-20]</fullName>
        <byRequestType />
        <district>20</district>
        <state>CA</state>
      </item>
    </sponsors>
    <title>Expressing the sense of the House of Representatives that any legislation to repeal the Patient Protection and Affordable Care Act should include a replacement for such Act that includes certain health care consumer protections.</title>
    <actions>
      <actionTypeCounts>
        <placeholderTextForH>1</placeholderTextForH>
        <introducedInTheHouse>1</introducedInTheHouse>
        <introducedInHouse>1</introducedInHouse>
        <billReferrals>1</billReferrals>
      </actionTypeCounts>
      <item>
        <actionDate>2017-03-24</actionDate>
        <committee>
          <systemCode>hsif14</systemCode>
          <name>Health Subcommittee</name>
        </committee>
        <links />
        <sourceSystem>
          <name>House committee actions</name>
          <code>1</code>
        </sourceSystem>
        <text>Referred to the Subcommittee on Health.</text>
        <type>Committee</type>
      </item>
      <item>
        <text>Referred to the House Committee on Energy and Commerce.</text>
        <links />
        <actionDate>2017-03-20</actionDate>
        <committee>
          <systemCode>hsif00</systemCode>
          <name>Energy and Commerce Committee</name>
        </committee>
        <sourceSystem>
          <name>House floor actions</name>
          <code>2</code>
        </sourceSystem>
        <type>IntroReferral</type>
        <actionCode>H11100</actionCode>
      </item>
      <item>
        <text>Introduced in House</text>
        <links />
        <actionDate>2017-03-20</actionDate>
        <committee />
        <sourceSystem>
          <name>Library of Congress</name>
          <code>9</code>
        </sourceSystem>
        <type>IntroReferral</type>
        <actionCode>Intro-H</actionCode>
      </item>
      <item>
        <text>Introduced in House</text>
        <links />
        <actionDate>2017-03-20</actionDate>
        <committee />
        <sourceSystem>
          <name>Library of Congress</name>
          <code>9</code>
        </sourceSystem>
        <type>IntroReferral</type>
        <actionCode>1000</actionCode>
      </item>
      <actionByCounts>
        <houseOfRepresentatives>4</houseOfRepresentatives>
      </actionByCounts>
    </actions>
    <summaries>
      <billSummaries>
        <item>
          <text><![CDATA[<p>Expresses the sense of the House of Representatives that legislation to repeal the Patient Protection and Affordable Care Act, or substantial portions of the Act, should include certain provisions, including provisions that:</p> <ul> <li>provide for health insurance coverage for at least the same number of people,</li> <li>provide for affordable coverage and cost sharing,</li> <li>provide for access to comprehensive coverage,</li> <li>prohibit annual limits and lifetime benefit caps, and</li> <li>address high health care costs.</li> </ul>]]></text>
          <versionCode>00</versionCode>
          <actionDate>2017-03-20</actionDate>
          <name>Introduced in House</name>
          <actionDesc>Introduced in House</actionDesc>
          <lastSummaryUpdateDate>2017-03-31T20:37:10Z</lastSummaryUpdateDate>
          <updateDate>2017-03-20T04:00:00Z</updateDate>
        </item>
      </billSummaries>
    </summaries>
    <constitutionalAuthorityStatementText />
    <billNumber>212</billNumber>
    <calendarNumbers />
    <originChamber>House</originChamber>
    <version>1.0.0</version>
    <subjects>
      <billSubjects>
        <legislativeSubjects>
          <item>
            <name>Comprehensive health care</name>
          </item>
          <item>
            <name>Consumer affairs</name>
          </item>
          <item>
            <name>Health care costs and insurance</name>
          </item>
          <item>
            <name>Health care coverage and access</name>
          </item>
        </legislativeSubjects>
        <policyArea>
          <name>Health</name>
        </policyArea>
      </billSubjects>
    </subjects>
    <cosponsors />
    <latestAction>
      <text>Referred to the Subcommittee on Health.</text>
      <links />
      <actionDate>2017-03-24</actionDate>
    </latestAction>
    <laws />
    <notes />
    <createDate>2017-03-21T04:51:59Z</createDate>
    <billType>HRES</billType>
    <updateDate>2018-02-06T16:39:39Z</updateDate>
    <relatedBills />
    <cboCostEstimates />
    <introducedDate>2017-03-20</introducedDate>
    <amendments />
    <policyArea>
      <name>Health</name>
    </policyArea>
    <recordedVotes />
    <congress>115</congress>
    <committees>
      <billCommittees>
        <item>
          <name>Energy and Commerce Committee</name>
          <chamber>House</chamber>
          <type>Standing</type>
          <subcommittees>
            <item>
              <name>Health Subcommittee</name>
              <systemCode>hsif14</systemCode>
              <activities>
                <item>
                  <name>Referred to</name>
                  <date>2017-03-24T17:40:23Z</date>
                </item>
              </activities>
            </item>
          </subcommittees>
          <systemCode>hsif00</systemCode>
          <activities>
            <item>
              <name>Referred to</name>
              <date>2017-03-20T16:01:35Z</date>
            </item>
          </activities>
        </item>
      </billCommittees>
    </committees>
  </bill>
  <dublinCore xmlns:dc="http://purl.org/dc/elements/1.1/">
    <dc:format>text/xml</dc:format>
    <dc:language>EN</dc:language>
    <dc:rights>Pursuant to Title 17 Section 105 of the United States Code, this file is not subject to copyright protection and is in the public domain.</dc:rights>
    <dc:contributor>Congressional Research Service, Library of Congress</dc:contributor>
    <dc:description>This file contains bill summaries and statuses for federal legislation. A bill summary describes the most significant provisions of a piece of legislation and details the effects the legislative text may have on current law and federal programs. Bill summaries are authored by the Congressional Research Service (CRS) of the Library of Congress. As stated in Public Law 91-510 (2 USC 166 (d)(6)), one of the duties of CRS is "to prepare summaries and digests of bills and resolutions of a public general nature introduced in the Senate or House of Representatives". For more information, refer to the User Guide that accompanies this file.</dc:description>
  </dublinCore>
</billStatus>

