<?xml version="1.0" encoding="UTF-8"?>
<billStatus>
  <bill>
    <policyArea>
      <name>Health</name>
    </policyArea>
    <calendarNumbers />
    <actions>
      <actionByCounts>
        <houseOfRepresentatives>4</houseOfRepresentatives>
      </actionByCounts>
      <item>
        <actionDate>2017-03-03</actionDate>
        <committee>
          <name>Health Subcommittee</name>
          <systemCode>hsif14</systemCode>
        </committee>
        <links />
        <sourceSystem>
          <name>House committee actions</name>
          <code>1</code>
        </sourceSystem>
        <text>Referred to the Subcommittee on Health.</text>
        <type>Committee</type>
      </item>
      <item>
        <links />
        <text>Referred to the House Committee on Energy and Commerce.</text>
        <committee>
          <name>Energy and Commerce Committee</name>
          <systemCode>hsif00</systemCode>
        </committee>
        <actionDate>2017-02-28</actionDate>
        <type>IntroReferral</type>
        <actionCode>H11100</actionCode>
        <sourceSystem>
          <name>House floor actions</name>
          <code>2</code>
        </sourceSystem>
      </item>
      <item>
        <links>
          <link>
            <url>https://www.congress.gov/congressional-record/volume-163/extensions-of-remarks-section/page/E249</url>
            <name>E249</name>
          </link>
        </links>
        <text>Sponsor introductory remarks on measure. (CR E249)</text>
        <committee />
        <actionDate>2017-02-28</actionDate>
        <type>IntroReferral</type>
        <actionCode>B00100</actionCode>
        <sourceSystem>
          <name>Library of Congress</name>
          <code>9</code>
        </sourceSystem>
      </item>
      <item>
        <links />
        <text>Introduced in House</text>
        <committee />
        <actionDate>2017-02-28</actionDate>
        <type>IntroReferral</type>
        <actionCode>Intro-H</actionCode>
        <sourceSystem>
          <name>Library of Congress</name>
          <code>9</code>
        </sourceSystem>
      </item>
      <item>
        <links />
        <text>Introduced in House</text>
        <committee />
        <actionDate>2017-02-28</actionDate>
        <type>IntroReferral</type>
        <actionCode>1000</actionCode>
        <sourceSystem>
          <name>Library of Congress</name>
          <code>9</code>
        </sourceSystem>
      </item>
      <actionTypeCounts>
        <billReferrals>1</billReferrals>
        <introducedInHouse>1</introducedInHouse>
        <introducedInTheHouse>1</introducedInTheHouse>
        <placeholderTextForH>1</placeholderTextForH>
        <placeholderTextForB>1</placeholderTextForB>
      </actionTypeCounts>
    </actions>
    <latestAction>
      <text>Referred to the Subcommittee on Health.</text>
      <actionDate>2017-03-03</actionDate>
      <links />
    </latestAction>
    <cboCostEstimates />
    <recordedVotes />
    <titles>
      <item>
        <titleType>Official Title as Introduced</titleType>
        <chamberCode />
        <parentTitleType />
        <title>Expressing support for the designation of the last day of February each year, as "Rare Disease Day".</title>
        <chamberName />
      </item>
      <item>
        <titleType>Display Title</titleType>
        <chamberCode />
        <parentTitleType />
        <title>Expressing support for the designation of the last day of February each year, as "Rare Disease Day".</title>
        <chamberName />
      </item>
    </titles>
    <billNumber>157</billNumber>
    <committeeReports />
    <cosponsors>
      <item>
        <lastName>McCaul</lastName>
        <bioguideId>M001157</bioguideId>
        <sponsorshipDate>2017-02-28</sponsorshipDate>
        <sponsorshipWithdrawnDate />
        <isOriginalCosponsor>True</isOriginalCosponsor>
        <middleName>T.</middleName>
        <state>TX</state>
        <firstName>Michael</firstName>
        <party>R</party>
        <identifiers>
          <lisID>1804</lisID>
          <gpoId>8166</gpoId>
          <bioguideId>M001157</bioguideId>
        </identifiers>
        <district>10</district>
        <fullName>Rep. McCaul, Michael T. [R-TX-10]</fullName>
      </item>
      <item>
        <lastName>Bordallo</lastName>
        <bioguideId>B001245</bioguideId>
        <sponsorshipDate>2017-02-28</sponsorshipDate>
        <sponsorshipWithdrawnDate />
        <isOriginalCosponsor>True</isOriginalCosponsor>
        <middleName>Z.</middleName>
        <state>GU</state>
        <firstName>Madeleine</firstName>
        <party>D</party>
        <identifiers>
          <gpoId>7911</gpoId>
          <lisID>1723</lisID>
          <bioguideId>B001245</bioguideId>
        </identifiers>
        <district>0</district>
        <fullName>Rep. Bordallo, Madeleine Z. [D-GU-At Large]</fullName>
      </item>
      <item>
        <lastName>CROWLEY</lastName>
        <bioguideId>C001038</bioguideId>
        <sponsorshipDate>2017-02-28</sponsorshipDate>
        <sponsorshipWithdrawnDate />
        <isOriginalCosponsor>True</isOriginalCosponsor>
        <middleName />
        <state>NY</state>
        <firstName>JOSEPH</firstName>
        <party>D</party>
        <identifiers>
          <lisID>1604</lisID>
          <bioguideId>C001038</bioguideId>
          <gpoId>8068</gpoId>
        </identifiers>
        <district>14</district>
        <fullName>Rep. Crowley, Joseph [D-NY-14]</fullName>
      </item>
      <item>
        <lastName>Deutch</lastName>
        <bioguideId>D000610</bioguideId>
        <sponsorshipDate>2017-02-28</sponsorshipDate>
        <sponsorshipWithdrawnDate />
        <isOriginalCosponsor>True</isOriginalCosponsor>
        <middleName>E.</middleName>
        <state>FL</state>
        <firstName>Theodore</firstName>
        <party>D</party>
        <identifiers>
          <bioguideId>D000610</bioguideId>
          <lisID>1976</lisID>
          <gpoId>7891</gpoId>
        </identifiers>
        <district>22</district>
        <fullName>Rep. Deutch, Theodore E. [D-FL-22]</fullName>
      </item>
      <item>
        <lastName>Lance</lastName>
        <bioguideId>L000567</bioguideId>
        <sponsorshipDate>2017-02-28</sponsorshipDate>
        <sponsorshipWithdrawnDate />
        <isOriginalCosponsor>True</isOriginalCosponsor>
        <middleName />
        <state>NJ</state>
        <firstName>Leonard</firstName>
        <party>R</party>
        <identifiers>
          <lisID>1936</lisID>
          <gpoId>8049</gpoId>
          <bioguideId>L000567</bioguideId>
        </identifiers>
        <district>7</district>
        <fullName>Rep. Lance, Leonard [R-NJ-7]</fullName>
      </item>
      <item>
        <lastName>MacArthur</lastName>
        <bioguideId>M001193</bioguideId>
        <sponsorshipDate>2017-02-28</sponsorshipDate>
        <sponsorshipWithdrawnDate />
        <isOriginalCosponsor>True</isOriginalCosponsor>
        <middleName />
        <state>NJ</state>
        <firstName>Thomas</firstName>
        <party>R</party>
        <identifiers>
          <bioguideId>M001193</bioguideId>
          <lisID>2258</lisID>
          <gpoId />
        </identifiers>
        <district>3</district>
        <fullName>Rep. MacArthur, Thomas [R-NJ-3]</fullName>
      </item>
      <item>
        <lastName>Marino</lastName>
        <bioguideId>M001179</bioguideId>
        <sponsorshipDate>2017-02-28</sponsorshipDate>
        <sponsorshipWithdrawnDate />
        <isOriginalCosponsor>True</isOriginalCosponsor>
        <middleName />
        <state>PA</state>
        <firstName>Tom</firstName>
        <party>R</party>
        <identifiers>
          <bioguideId>M001179</bioguideId>
          <gpoId>8128</gpoId>
          <lisID>2053</lisID>
        </identifiers>
        <district>10</district>
        <fullName>Rep. Marino, Tom [R-PA-10]</fullName>
      </item>
      <item>
        <lastName>Moore</lastName>
        <bioguideId>M001160</bioguideId>
        <sponsorshipDate>2017-02-28</sponsorshipDate>
        <sponsorshipWithdrawnDate />
        <isOriginalCosponsor>True</isOriginalCosponsor>
        <middleName />
        <state>WI</state>
        <firstName>Gwen</firstName>
        <party>D</party>
        <identifiers>
          <lisID>1811</lisID>
          <gpoId>8217</gpoId>
          <bioguideId>M001160</bioguideId>
        </identifiers>
        <district>4</district>
        <fullName>Rep. Moore, Gwen [D-WI-4]</fullName>
      </item>
      <item>
        <lastName>NORTON</lastName>
        <bioguideId>N000147</bioguideId>
        <sponsorshipDate>2017-02-28</sponsorshipDate>
        <sponsorshipWithdrawnDate />
        <isOriginalCosponsor>True</isOriginalCosponsor>
        <middleName>HOLMES</middleName>
        <state>DC</state>
        <firstName>ELEANOR</firstName>
        <party>D</party>
        <identifiers>
          <lisID>868</lisID>
          <bioguideId>N000147</bioguideId>
          <gpoId>7871</gpoId>
        </identifiers>
        <district>0</district>
        <fullName>Rep. Norton, Eleanor Holmes [D-DC-At Large]</fullName>
      </item>
      <item>
        <lastName>Peters</lastName>
        <bioguideId>P000608</bioguideId>
        <sponsorshipDate>2017-02-28</sponsorshipDate>
        <sponsorshipWithdrawnDate />
        <isOriginalCosponsor>True</isOriginalCosponsor>
        <middleName>H.</middleName>
        <state>CA</state>
        <firstName>Scott</firstName>
        <party>D</party>
        <identifiers>
          <lisID>2113</lisID>
          <bioguideId>P000608</bioguideId>
          <gpoId />
        </identifiers>
        <district>52</district>
        <fullName>Rep. Peters, Scott H. [D-CA-52]</fullName>
      </item>
      <item>
        <lastName>Dingell</lastName>
        <bioguideId>D000624</bioguideId>
        <sponsorshipDate>2017-03-01</sponsorshipDate>
        <sponsorshipWithdrawnDate />
        <isOriginalCosponsor>False</isOriginalCosponsor>
        <middleName />
        <state>MI</state>
        <firstName>Debbie</firstName>
        <party>D</party>
        <identifiers>
          <bioguideId>D000624</bioguideId>
          <lisID>2251</lisID>
          <gpoId />
        </identifiers>
        <district>12</district>
        <fullName>Rep. Dingell, Debbie [D-MI-12]</fullName>
      </item>
      <item>
        <lastName>Yoder</lastName>
        <bioguideId>Y000063</bioguideId>
        <sponsorshipDate>2018-02-05</sponsorshipDate>
        <sponsorshipWithdrawnDate />
        <isOriginalCosponsor>False</isOriginalCosponsor>
        <middleName />
        <state>KS</state>
        <firstName>Kevin</firstName>
        <party>R</party>
        <identifiers>
          <bioguideId>Y000063</bioguideId>
          <lisID>2021</lisID>
          <gpoId>7951</gpoId>
        </identifiers>
        <district>3</district>
        <fullName>Rep. Yoder, Kevin [R-KS-3]</fullName>
      </item>
      <item>
        <lastName>Comstock</lastName>
        <bioguideId>C001105</bioguideId>
        <sponsorshipDate>2018-02-27</sponsorshipDate>
        <sponsorshipWithdrawnDate />
        <isOriginalCosponsor>False</isOriginalCosponsor>
        <middleName />
        <state>VA</state>
        <firstName>Barbara</firstName>
        <party>R</party>
        <identifiers>
          <gpoId />
          <lisID>2273</lisID>
          <bioguideId>C001105</bioguideId>
        </identifiers>
        <district>10</district>
        <fullName>Rep. Comstock, Barbara [R-VA-10]</fullName>
      </item>
    </cosponsors>
    <title>Expressing support for the designation of the last day of February each year, as "Rare Disease Day".</title>
    <subjects>
      <billSubjects>
        <legislativeSubjects>
          <item>
            <name>Commemorative events and holidays</name>
          </item>
          <item>
            <name>Health care coverage and access</name>
          </item>
          <item>
            <name>Health promotion and preventive care</name>
          </item>
          <item>
            <name>Hereditary and development disorders</name>
          </item>
          <item>
            <name>Medical research</name>
          </item>
          <item>
            <name>Medical tests and diagnostic methods</name>
          </item>
          <item>
            <name>World health</name>
          </item>
        </legislativeSubjects>
        <policyArea>
          <name>Health</name>
        </policyArea>
      </billSubjects>
    </subjects>
    <relatedBills>
      <item>
        <number>73</number>
        <latestAction>
          <text>Submitted in the Senate, considered, and agreed to without amendment and with a preamble by Unanimous Consent. (consideration: CR S1505-1506)</text>
          <actionDate>2017-02-28</actionDate>
        </latestAction>
        <congress>115</congress>
        <relationshipDetails>
          <item>
            <type>Related bill</type>
            <identifiedBy>CRS</identifiedBy>
          </item>
        </relationshipDetails>
        <latestTitle>A resolution designating February 28, 2017, as "Rare Disease Day".</latestTitle>
        <type>SRES</type>
      </item>
    </relatedBills>
    <amendments />
    <constitutionalAuthorityStatementText />
    <committees>
      <billCommittees>
        <item>
          <systemCode>hsif00</systemCode>
          <activities>
            <item>
              <name>Referred to</name>
              <date>2017-02-28T15:01:35Z</date>
            </item>
          </activities>
          <subcommittees>
            <item>
              <systemCode>hsif14</systemCode>
              <name>Health Subcommittee</name>
              <activities>
                <item>
                  <name>Referred to</name>
                  <date>2017-03-03T18:49:14Z</date>
                </item>
              </activities>
            </item>
          </subcommittees>
          <type>Standing</type>
          <name>Energy and Commerce Committee</name>
          <chamber>House</chamber>
        </item>
      </billCommittees>
    </committees>
    <congress>115</congress>
    <laws />
    <updateDate>2018-02-28T08:15:24Z</updateDate>
    <sponsors>
      <item>
        <lastName>Carson</lastName>
        <middleName />
        <firstName>Andre</firstName>
        <party>D</party>
        <bioguideId>C001072</bioguideId>
        <identifiers>
          <bioguideId>C001072</bioguideId>
          <lisID>1889</lisID>
          <gpoId>7946</gpoId>
        </identifiers>
        <byRequestType />
        <district>7</district>
        <state>IN</state>
        <fullName>Rep. Carson, Andre [D-IN-7]</fullName>
      </item>
    </sponsors>
    <summaries>
      <billSummaries>
        <item>
          <versionCode>00</versionCode>
          <name>Introduced in House</name>
          <actionDate>2017-02-28</actionDate>
          <lastSummaryUpdateDate>2017-03-07T18:20:20Z</lastSummaryUpdateDate>
          <text><![CDATA[<p>Expresses support for: (1) the designation of Rare Disease Day; and (2) a national and global commitment to developing new treatments, diagnostics, and cures for rare diseases and disorders. </p>]]></text>
          <updateDate>2017-02-28T05:00:00Z</updateDate>
          <actionDesc>Introduced in House</actionDesc>
        </item>
      </billSummaries>
    </summaries>
    <introducedDate>2017-02-28</introducedDate>
    <originChamber>House</originChamber>
    <version>1.0.0</version>
    <createDate>2017-03-01T05:20:49Z</createDate>
    <billType>HRES</billType>
    <notes />
  </bill>
  <dublinCore xmlns:dc="http://purl.org/dc/elements/1.1/">
    <dc:format>text/xml</dc:format>
    <dc:language>EN</dc:language>
    <dc:rights>Pursuant to Title 17 Section 105 of the United States Code, this file is not subject to copyright protection and is in the public domain.</dc:rights>
    <dc:contributor>Congressional Research Service, Library of Congress</dc:contributor>
    <dc:description>This file contains bill summaries and statuses for federal legislation. A bill summary describes the most significant provisions of a piece of legislation and details the effects the legislative text may have on current law and federal programs. Bill summaries are authored by the Congressional Research Service (CRS) of the Library of Congress. As stated in Public Law 91-510 (2 USC 166 (d)(6)), one of the duties of CRS is "to prepare summaries and digests of bills and resolutions of a public general nature introduced in the Senate or House of Representatives". For more information, refer to the User Guide that accompanies this file.</dc:description>
  </dublinCore>
</billStatus>

