<?xml version="1.0" encoding="UTF-8"?>
<billStatus>
  <bill>
    <policyArea>
      <name>International Affairs</name>
    </policyArea>
    <committeeReports />
    <congress>115</congress>
    <sponsors>
      <item>
        <identifiers>
          <bioguideId>L000582</bioguideId>
          <gpoId />
          <lisID>2230</lisID>
        </identifiers>
        <district>33</district>
        <middleName />
        <byRequestType />
        <fullName>Rep. Lieu, Ted [D-CA-33]</fullName>
        <bioguideId>L000582</bioguideId>
        <state>CA</state>
        <party>D</party>
        <firstName>Ted</firstName>
        <lastName>Lieu</lastName>
      </item>
    </sponsors>
    <calendarNumbers />
    <amendments />
    <relatedBills>
      <item>
        <latestTitle>A resolution recognizing June 20, 2017, as "World Refugee Day".</latestTitle>
        <number>195</number>
        <latestAction>
          <actionDate>2017-06-20</actionDate>
          <text>Referred to the Committee on Foreign Relations. (Sponsor introductory remarks on measure: CR S3652-3653; text of measure as introduced: CR S3653-3654)</text>
        </latestAction>
        <congress>115</congress>
        <relationshipDetails>
          <item>
            <identifiedBy>CRS</identifiedBy>
            <type>Related bill</type>
          </item>
        </relationshipDetails>
        <type>SRES</type>
      </item>
    </relatedBills>
    <notes />
    <originChamber>House</originChamber>
    <version>1.0.0</version>
    <billNumber>395</billNumber>
    <title>Reaffirming the leadership of the United States in promoting the safety, health, and well-being of refugees and displaced persons.</title>
    <cosponsors>
      <item>
        <bioguideId>R000435</bioguideId>
        <district>27</district>
        <isOriginalCosponsor>True</isOriginalCosponsor>
        <sponsorshipWithdrawnDate />
        <lastName>ROS-LEHTINEN</lastName>
        <state>FL</state>
        <fullName>Rep. Ros-Lehtinen, Ileana [R-FL-27]</fullName>
        <sponsorshipDate>2017-06-20</sponsorshipDate>
        <middleName />
        <firstName>ILEANA</firstName>
        <party>R</party>
        <identifiers>
          <gpoId>7890</gpoId>
          <lisID>985</lisID>
          <bioguideId>R000435</bioguideId>
        </identifiers>
      </item>
      <item>
        <bioguideId>B001287</bioguideId>
        <district>7</district>
        <isOriginalCosponsor>True</isOriginalCosponsor>
        <sponsorshipWithdrawnDate />
        <lastName>Bera</lastName>
        <state>CA</state>
        <fullName>Rep. Bera, Ami [D-CA-7]</fullName>
        <sponsorshipDate>2017-06-20</sponsorshipDate>
        <middleName />
        <firstName>Ami</firstName>
        <party>D</party>
        <identifiers>
          <lisID>2102</lisID>
          <bioguideId>B001287</bioguideId>
          <gpoId />
        </identifiers>
      </item>
      <item>
        <bioguideId>B000574</bioguideId>
        <district>3</district>
        <isOriginalCosponsor>True</isOriginalCosponsor>
        <sponsorshipWithdrawnDate />
        <lastName>BLUMENAUER</lastName>
        <state>OR</state>
        <fullName>Rep. Blumenauer, Earl [D-OR-3]</fullName>
        <sponsorshipDate>2017-06-20</sponsorshipDate>
        <middleName />
        <firstName>EARL</firstName>
        <party>D</party>
        <identifiers>
          <gpoId>8116</gpoId>
          <bioguideId>B000574</bioguideId>
          <lisID>99</lisID>
        </identifiers>
      </item>
      <item>
        <bioguideId>C001072</bioguideId>
        <district>7</district>
        <isOriginalCosponsor>True</isOriginalCosponsor>
        <sponsorshipWithdrawnDate />
        <lastName>Carson</lastName>
        <state>IN</state>
        <fullName>Rep. Carson, Andre [D-IN-7]</fullName>
        <sponsorshipDate>2017-06-20</sponsorshipDate>
        <middleName />
        <firstName>Andre</firstName>
        <party>D</party>
        <identifiers>
          <lisID>1889</lisID>
          <bioguideId>C001072</bioguideId>
          <gpoId>7946</gpoId>
        </identifiers>
      </item>
      <item>
        <bioguideId>C001084</bioguideId>
        <district>1</district>
        <isOriginalCosponsor>True</isOriginalCosponsor>
        <sponsorshipWithdrawnDate />
        <lastName>Cicilline</lastName>
        <state>RI</state>
        <fullName>Rep. Cicilline, David N. [D-RI-1]</fullName>
        <sponsorshipDate>2017-06-20</sponsorshipDate>
        <middleName>N.</middleName>
        <firstName>David</firstName>
        <party>D</party>
        <identifiers>
          <lisID>2055</lisID>
          <bioguideId>C001084</bioguideId>
          <gpoId>8139</gpoId>
        </identifiers>
      </item>
      <item>
        <bioguideId>C001067</bioguideId>
        <district>9</district>
        <isOriginalCosponsor>True</isOriginalCosponsor>
        <sponsorshipWithdrawnDate />
        <lastName>Clarke</lastName>
        <state>NY</state>
        <fullName>Rep. Clarke, Yvette D. [D-NY-9]</fullName>
        <sponsorshipDate>2017-06-20</sponsorshipDate>
        <middleName>D.</middleName>
        <firstName>Yvette</firstName>
        <party>D</party>
        <identifiers>
          <lisID>1864</lisID>
          <gpoId>8072</gpoId>
          <bioguideId>C001067</bioguideId>
        </identifiers>
      </item>
      <item>
        <bioguideId>C001078</bioguideId>
        <district>11</district>
        <isOriginalCosponsor>True</isOriginalCosponsor>
        <sponsorshipWithdrawnDate />
        <lastName>Connolly</lastName>
        <state>VA</state>
        <fullName>Rep. Connolly, Gerald E. [D-VA-11]</fullName>
        <sponsorshipDate>2017-06-20</sponsorshipDate>
        <middleName>E.</middleName>
        <firstName>Gerald</firstName>
        <party>D</party>
        <identifiers>
          <bioguideId>C001078</bioguideId>
          <lisID>1959</lisID>
          <gpoId>8202</gpoId>
        </identifiers>
      </item>
      <item>
        <bioguideId>C000714</bioguideId>
        <district>13</district>
        <isOriginalCosponsor>True</isOriginalCosponsor>
        <sponsorshipWithdrawnDate />
        <lastName>CONYERS</lastName>
        <state>MI</state>
        <fullName>Rep. Conyers, John, Jr. [D-MI-13]</fullName>
        <sponsorshipDate>2017-06-20</sponsorshipDate>
        <middleName />
        <firstName>JOHN</firstName>
        <party>D</party>
        <identifiers>
          <lisID>229</lisID>
          <gpoId>7999</gpoId>
          <bioguideId>C000714</bioguideId>
        </identifiers>
      </item>
      <item>
        <bioguideId>C001038</bioguideId>
        <district>14</district>
        <isOriginalCosponsor>True</isOriginalCosponsor>
        <sponsorshipWithdrawnDate />
        <lastName>CROWLEY</lastName>
        <state>NY</state>
        <fullName>Rep. Crowley, Joseph [D-NY-14]</fullName>
        <sponsorshipDate>2017-06-20</sponsorshipDate>
        <middleName />
        <firstName>JOSEPH</firstName>
        <party>D</party>
        <identifiers>
          <bioguideId>C001038</bioguideId>
          <lisID>1604</lisID>
          <gpoId>8068</gpoId>
        </identifiers>
      </item>
      <item>
        <bioguideId>C001107</bioguideId>
        <district>26</district>
        <isOriginalCosponsor>True</isOriginalCosponsor>
        <sponsorshipWithdrawnDate />
        <lastName>Curbelo</lastName>
        <state>FL</state>
        <fullName>Rep. Curbelo, Carlos [R-FL-26]</fullName>
        <sponsorshipDate>2017-06-20</sponsorshipDate>
        <middleName />
        <firstName>Carlos</firstName>
        <party>R</party>
        <identifiers>
          <lisID>2235</lisID>
          <gpoId />
          <bioguideId>C001107</bioguideId>
        </identifiers>
      </item>
      <item>
        <bioguideId>D000610</bioguideId>
        <district>22</district>
        <isOriginalCosponsor>True</isOriginalCosponsor>
        <sponsorshipWithdrawnDate />
        <lastName>Deutch</lastName>
        <state>FL</state>
        <fullName>Rep. Deutch, Theodore E. [D-FL-22]</fullName>
        <sponsorshipDate>2017-06-20</sponsorshipDate>
        <middleName>E.</middleName>
        <firstName>Theodore</firstName>
        <party>D</party>
        <identifiers>
          <lisID>1976</lisID>
          <bioguideId>D000610</bioguideId>
          <gpoId>7891</gpoId>
        </identifiers>
      </item>
      <item>
        <bioguideId>E000179</bioguideId>
        <district>16</district>
        <isOriginalCosponsor>True</isOriginalCosponsor>
        <sponsorshipWithdrawnDate />
        <lastName>ENGEL</lastName>
        <state>NY</state>
        <fullName>Rep. Engel, Eliot L. [D-NY-16]</fullName>
        <sponsorshipDate>2017-06-20</sponsorshipDate>
        <middleName>L.</middleName>
        <firstName>ELIOT</firstName>
        <party>D</party>
        <identifiers>
          <bioguideId>E000179</bioguideId>
          <gpoId>8078</gpoId>
          <lisID>344</lisID>
        </identifiers>
      </item>
      <item>
        <bioguideId>G000574</bioguideId>
        <district>7</district>
        <isOriginalCosponsor>True</isOriginalCosponsor>
        <sponsorshipWithdrawnDate />
        <lastName>Gallego</lastName>
        <state>AZ</state>
        <fullName>Rep. Gallego, Ruben [D-AZ-7]</fullName>
        <sponsorshipDate>2017-06-20</sponsorshipDate>
        <middleName />
        <firstName>Ruben</firstName>
        <party>D</party>
        <identifiers>
          <gpoId />
          <bioguideId>G000574</bioguideId>
          <lisID>2226</lisID>
        </identifiers>
      </item>
      <item>
        <bioguideId>G000551</bioguideId>
        <district>3</district>
        <isOriginalCosponsor>True</isOriginalCosponsor>
        <sponsorshipWithdrawnDate />
        <lastName>Grijalva</lastName>
        <state>AZ</state>
        <fullName>Rep. Grijalva, Raul M. [D-AZ-3]</fullName>
        <sponsorshipDate>2017-06-20</sponsorshipDate>
        <middleName>M.</middleName>
        <firstName>Raul</firstName>
        <party>D</party>
        <identifiers>
          <lisID>1708</lisID>
          <bioguideId>G000551</bioguideId>
          <gpoId>7804</gpoId>
        </identifiers>
      </item>
      <item>
        <bioguideId>G000535</bioguideId>
        <district>4</district>
        <isOriginalCosponsor>True</isOriginalCosponsor>
        <sponsorshipWithdrawnDate />
        <lastName>GUTIERREZ</lastName>
        <state>IL</state>
        <fullName>Rep. Gutierrez, Luis V. [D-IL-4]</fullName>
        <sponsorshipDate>2017-06-20</sponsorshipDate>
        <middleName>V.</middleName>
        <firstName>LUIS</firstName>
        <party>D</party>
        <identifiers>
          <lisID>478</lisID>
          <bioguideId>G000535</bioguideId>
          <gpoId>7924</gpoId>
        </identifiers>
      </item>
      <item>
        <bioguideId>H000324</bioguideId>
        <district>20</district>
        <isOriginalCosponsor>True</isOriginalCosponsor>
        <sponsorshipWithdrawnDate />
        <lastName>HASTINGS</lastName>
        <state>FL</state>
        <fullName>Rep. Hastings, Alcee L. [D-FL-20]</fullName>
        <sponsorshipDate>2017-06-20</sponsorshipDate>
        <middleName>L.</middleName>
        <firstName>ALCEE</firstName>
        <party>D</party>
        <identifiers>
          <bioguideId>H000324</bioguideId>
          <lisID>511</lisID>
          <gpoId>7895</gpoId>
        </identifiers>
      </item>
      <item>
        <bioguideId>H001038</bioguideId>
        <district>26</district>
        <isOriginalCosponsor>True</isOriginalCosponsor>
        <sponsorshipWithdrawnDate />
        <lastName>Higgins</lastName>
        <state>NY</state>
        <fullName>Rep. Higgins, Brian [D-NY-26]</fullName>
        <sponsorshipDate>2017-06-20</sponsorshipDate>
        <middleName />
        <firstName>Brian</firstName>
        <party>D</party>
        <identifiers>
          <gpoId>8088</gpoId>
          <lisID>1794</lisID>
          <bioguideId>H001038</bioguideId>
        </identifiers>
      </item>
      <item>
        <bioguideId>H001068</bioguideId>
        <district>2</district>
        <isOriginalCosponsor>True</isOriginalCosponsor>
        <sponsorshipWithdrawnDate />
        <lastName>Huffman</lastName>
        <state>CA</state>
        <fullName>Rep. Huffman, Jared [D-CA-2]</fullName>
        <sponsorshipDate>2017-06-20</sponsorshipDate>
        <middleName />
        <firstName>Jared</firstName>
        <party>D</party>
        <identifiers>
          <bioguideId>H001068</bioguideId>
          <gpoId />
          <lisID>2101</lisID>
        </identifiers>
      </item>
      <item>
        <bioguideId>H001059</bioguideId>
        <district>14</district>
        <isOriginalCosponsor>True</isOriginalCosponsor>
        <sponsorshipWithdrawnDate />
        <lastName>Hultgren</lastName>
        <state>IL</state>
        <fullName>Rep. Hultgren, Randy [R-IL-14]</fullName>
        <sponsorshipDate>2017-06-20</sponsorshipDate>
        <middleName />
        <firstName>Randy</firstName>
        <party>R</party>
        <identifiers>
          <bioguideId>H001059</bioguideId>
          <lisID>2015</lisID>
          <gpoId>7934</gpoId>
        </identifiers>
      </item>
      <item>
        <bioguideId>J000298</bioguideId>
        <district>7</district>
        <isOriginalCosponsor>True</isOriginalCosponsor>
        <sponsorshipWithdrawnDate />
        <lastName>Jayapal</lastName>
        <state>WA</state>
        <fullName>Rep. Jayapal, Pramila [D-WA-7]</fullName>
        <sponsorshipDate>2017-06-20</sponsorshipDate>
        <middleName />
        <firstName>Pramila</firstName>
        <party>D</party>
        <identifiers>
          <bioguideId>J000298</bioguideId>
          <gpoId />
          <lisID>2354</lisID>
        </identifiers>
      </item>
      <item>
        <bioguideId>K000009</bioguideId>
        <district>9</district>
        <isOriginalCosponsor>True</isOriginalCosponsor>
        <sponsorshipWithdrawnDate />
        <lastName>KAPTUR</lastName>
        <state>OH</state>
        <fullName>Rep. Kaptur, Marcy [D-OH-9]</fullName>
        <sponsorshipDate>2017-06-20</sponsorshipDate>
        <middleName />
        <firstName>MARCY</firstName>
        <party>D</party>
        <identifiers>
          <bioguideId>K000009</bioguideId>
          <lisID>616</lisID>
          <gpoId>8099</gpoId>
        </identifiers>
      </item>
      <item>
        <bioguideId>K000375</bioguideId>
        <district>9</district>
        <isOriginalCosponsor>True</isOriginalCosponsor>
        <sponsorshipWithdrawnDate />
        <lastName>Keating</lastName>
        <state>MA</state>
        <fullName>Rep. Keating, William R. [D-MA-9]</fullName>
        <sponsorshipDate>2017-06-20</sponsorshipDate>
        <middleName>R.</middleName>
        <firstName>William</firstName>
        <party>D</party>
        <identifiers>
          <lisID>2025</lisID>
          <bioguideId>K000375</bioguideId>
          <gpoId>7975</gpoId>
        </identifiers>
      </item>
      <item>
        <bioguideId>K000188</bioguideId>
        <district>3</district>
        <isOriginalCosponsor>True</isOriginalCosponsor>
        <sponsorshipWithdrawnDate />
        <lastName>KIND</lastName>
        <state>WI</state>
        <fullName>Rep. Kind, Ron [D-WI-3]</fullName>
        <sponsorshipDate>2017-06-20</sponsorshipDate>
        <middleName />
        <firstName>RON</firstName>
        <party>D</party>
        <identifiers>
          <gpoId>8216</gpoId>
          <lisID>1498</lisID>
          <bioguideId>K000188</bioguideId>
        </identifiers>
      </item>
      <item>
        <bioguideId>J000032</bioguideId>
        <district>18</district>
        <isOriginalCosponsor>True</isOriginalCosponsor>
        <sponsorshipWithdrawnDate />
        <lastName>JACKSON LEE</lastName>
        <state>TX</state>
        <fullName>Rep. Jackson Lee, Sheila [D-TX-18]</fullName>
        <sponsorshipDate>2017-06-20</sponsorshipDate>
        <middleName />
        <firstName>SHEILA</firstName>
        <party>D</party>
        <identifiers>
          <gpoId>8174</gpoId>
          <lisID>588</lisID>
          <bioguideId>J000032</bioguideId>
        </identifiers>
      </item>
      <item>
        <bioguideId>L000397</bioguideId>
        <district>19</district>
        <isOriginalCosponsor>True</isOriginalCosponsor>
        <sponsorshipWithdrawnDate />
        <lastName>LOFGREN</lastName>
        <state>CA</state>
        <fullName>Rep. Lofgren, Zoe [D-CA-19]</fullName>
        <sponsorshipDate>2017-06-20</sponsorshipDate>
        <middleName />
        <firstName>ZOE</firstName>
        <party>D</party>
        <identifiers>
          <lisID>701</lisID>
          <bioguideId>L000397</bioguideId>
          <gpoId>7821</gpoId>
        </identifiers>
      </item>
      <item>
        <bioguideId>L000562</bioguideId>
        <district>8</district>
        <isOriginalCosponsor>True</isOriginalCosponsor>
        <sponsorshipWithdrawnDate />
        <lastName>Lynch</lastName>
        <state>MA</state>
        <fullName>Rep. Lynch, Stephen F. [D-MA-8]</fullName>
        <sponsorshipDate>2017-06-20</sponsorshipDate>
        <middleName>F.</middleName>
        <firstName>Stephen</firstName>
        <party>D</party>
        <identifiers>
          <bioguideId>L000562</bioguideId>
          <lisID>1686</lisID>
          <gpoId>7974</gpoId>
        </identifiers>
      </item>
      <item>
        <bioguideId>M001196</bioguideId>
        <district>6</district>
        <isOriginalCosponsor>True</isOriginalCosponsor>
        <sponsorshipWithdrawnDate />
        <lastName>Moulton</lastName>
        <state>MA</state>
        <fullName>Rep. Moulton, Seth [D-MA-6]</fullName>
        <sponsorshipDate>2017-06-20</sponsorshipDate>
        <middleName />
        <firstName>Seth</firstName>
        <party>D</party>
        <identifiers>
          <bioguideId>M001196</bioguideId>
          <lisID>2246</lisID>
          <gpoId />
        </identifiers>
      </item>
      <item>
        <bioguideId>N000002</bioguideId>
        <district>10</district>
        <isOriginalCosponsor>True</isOriginalCosponsor>
        <sponsorshipWithdrawnDate />
        <lastName>NADLER</lastName>
        <state>NY</state>
        <fullName>Rep. Nadler, Jerrold [D-NY-10]</fullName>
        <sponsorshipDate>2017-06-20</sponsorshipDate>
        <middleName />
        <firstName>JERROLD</firstName>
        <party>D</party>
        <identifiers>
          <bioguideId>N000002</bioguideId>
          <gpoId>8069</gpoId>
          <lisID>850</lisID>
        </identifiers>
      </item>
      <item>
        <bioguideId>N000147</bioguideId>
        <district>0</district>
        <isOriginalCosponsor>True</isOriginalCosponsor>
        <sponsorshipWithdrawnDate />
        <lastName>NORTON</lastName>
        <state>DC</state>
        <fullName>Rep. Norton, Eleanor Holmes [D-DC-At Large]</fullName>
        <sponsorshipDate>2017-06-20</sponsorshipDate>
        <middleName>HOLMES</middleName>
        <firstName>ELEANOR</firstName>
        <party>D</party>
        <identifiers>
          <lisID>868</lisID>
          <gpoId>7871</gpoId>
          <bioguideId>N000147</bioguideId>
        </identifiers>
      </item>
      <item>
        <bioguideId>P000604</bioguideId>
        <district>10</district>
        <isOriginalCosponsor>True</isOriginalCosponsor>
        <sponsorshipWithdrawnDate />
        <lastName>Payne</lastName>
        <state>NJ</state>
        <fullName>Rep. Payne, Donald M., Jr. [D-NJ-10]</fullName>
        <sponsorshipDate>2017-06-20</sponsorshipDate>
        <middleName>M.</middleName>
        <firstName>Donald</firstName>
        <party>D</party>
        <identifiers>
          <gpoId>8373</gpoId>
          <bioguideId>P000604</bioguideId>
          <lisID>2097</lisID>
        </identifiers>
      </item>
      <item>
        <bioguideId>P000034</bioguideId>
        <district>6</district>
        <isOriginalCosponsor>True</isOriginalCosponsor>
        <sponsorshipWithdrawnDate />
        <lastName>PALLONE</lastName>
        <state>NJ</state>
        <fullName>Rep. Pallone, Frank, Jr. [D-NJ-6]</fullName>
        <sponsorshipDate>2017-06-20</sponsorshipDate>
        <middleName />
        <firstName>FRANK</firstName>
        <party>D</party>
        <identifiers>
          <lisID>887</lisID>
          <bioguideId>P000034</bioguideId>
          <gpoId>8048</gpoId>
        </identifiers>
      </item>
      <item>
        <bioguideId>P000597</bioguideId>
        <district>1</district>
        <isOriginalCosponsor>True</isOriginalCosponsor>
        <sponsorshipWithdrawnDate />
        <lastName>Pingree</lastName>
        <state>ME</state>
        <fullName>Rep. Pingree, Chellie [D-ME-1]</fullName>
        <sponsorshipDate>2017-06-20</sponsorshipDate>
        <middleName />
        <firstName>Chellie</firstName>
        <party>D</party>
        <identifiers>
          <gpoId>7984</gpoId>
          <lisID>1927</lisID>
          <bioguideId>P000597</bioguideId>
        </identifiers>
      </item>
      <item>
        <bioguideId>P000523</bioguideId>
        <district>4</district>
        <isOriginalCosponsor>True</isOriginalCosponsor>
        <sponsorshipWithdrawnDate />
        <lastName>PRICE</lastName>
        <state>NC</state>
        <fullName>Rep. Price, David E. [D-NC-4]</fullName>
        <sponsorshipDate>2017-06-20</sponsorshipDate>
        <middleName>E.</middleName>
        <firstName>DAVID</firstName>
        <party>D</party>
        <identifiers>
          <lisID>930</lisID>
          <gpoId>8027</gpoId>
          <bioguideId>P000523</bioguideId>
        </identifiers>
      </item>
      <item>
        <bioguideId>P000607</bioguideId>
        <district>2</district>
        <isOriginalCosponsor>True</isOriginalCosponsor>
        <sponsorshipWithdrawnDate />
        <lastName>Pocan</lastName>
        <state>WI</state>
        <fullName>Rep. Pocan, Mark [D-WI-2]</fullName>
        <sponsorshipDate>2017-06-20</sponsorshipDate>
        <middleName />
        <firstName>Mark</firstName>
        <party>D</party>
        <identifiers>
          <gpoId />
          <bioguideId>P000607</bioguideId>
          <lisID>2171</lisID>
        </identifiers>
      </item>
      <item>
        <bioguideId>S001170</bioguideId>
        <district>1</district>
        <isOriginalCosponsor>True</isOriginalCosponsor>
        <sponsorshipWithdrawnDate />
        <lastName>Shea-Porter</lastName>
        <state>NH</state>
        <fullName>Rep. Shea-Porter, Carol [D-NH-1]</fullName>
        <sponsorshipDate>2017-06-20</sponsorshipDate>
        <middleName />
        <firstName>Carol</firstName>
        <party>D</party>
        <identifiers>
          <gpoId>7528</gpoId>
          <lisID>1861</lisID>
          <bioguideId>S001170</bioguideId>
        </identifiers>
      </item>
      <item>
        <bioguideId>Q000023</bioguideId>
        <district>5</district>
        <isOriginalCosponsor>True</isOriginalCosponsor>
        <sponsorshipWithdrawnDate />
        <lastName>Quigley</lastName>
        <state>IL</state>
        <fullName>Rep. Quigley, Mike [D-IL-5]</fullName>
        <sponsorshipDate>2017-06-20</sponsorshipDate>
        <middleName />
        <firstName>Mike</firstName>
        <party>D</party>
        <identifiers>
          <lisID>1967</lisID>
          <bioguideId>Q000023</bioguideId>
          <gpoId>7925</gpoId>
        </identifiers>
      </item>
      <item>
        <bioguideId>S001190</bioguideId>
        <district>10</district>
        <isOriginalCosponsor>True</isOriginalCosponsor>
        <sponsorshipWithdrawnDate />
        <lastName>Schneider</lastName>
        <state>IL</state>
        <fullName>Rep. Schneider, Bradley Scott [D-IL-10]</fullName>
        <sponsorshipDate>2017-06-20</sponsorshipDate>
        <middleName>Scott</middleName>
        <firstName>Bradley</firstName>
        <party>D</party>
        <identifiers>
          <gpoId />
          <lisID>2124</lisID>
          <bioguideId>S001190</bioguideId>
        </identifiers>
      </item>
      <item>
        <bioguideId>W000797</bioguideId>
        <district>23</district>
        <isOriginalCosponsor>True</isOriginalCosponsor>
        <sponsorshipWithdrawnDate />
        <lastName>Wasserman Schultz</lastName>
        <state>FL</state>
        <fullName>Rep. Wasserman Schultz, Debbie [D-FL-23]</fullName>
        <sponsorshipDate>2017-06-20</sponsorshipDate>
        <middleName />
        <firstName>Debbie</firstName>
        <party>D</party>
        <identifiers>
          <lisID>1777</lisID>
          <bioguideId>W000797</bioguideId>
          <gpoId>7892</gpoId>
        </identifiers>
      </item>
      <item>
        <bioguideId>S001165</bioguideId>
        <district>8</district>
        <isOriginalCosponsor>True</isOriginalCosponsor>
        <sponsorshipWithdrawnDate />
        <lastName>Sires</lastName>
        <state>NJ</state>
        <fullName>Rep. Sires, Albio [D-NJ-8]</fullName>
        <sponsorshipDate>2017-06-20</sponsorshipDate>
        <middleName />
        <firstName>Albio</firstName>
        <party>D</party>
        <identifiers>
          <lisID>1818</lisID>
          <bioguideId>S001165</bioguideId>
          <gpoId>8055</gpoId>
        </identifiers>
      </item>
      <item>
        <bioguideId>S000510</bioguideId>
        <district>9</district>
        <isOriginalCosponsor>True</isOriginalCosponsor>
        <sponsorshipWithdrawnDate />
        <lastName>SMITH</lastName>
        <state>WA</state>
        <fullName>Rep. Smith, Adam [D-WA-9]</fullName>
        <sponsorshipDate>2017-06-20</sponsorshipDate>
        <middleName />
        <firstName>ADAM</firstName>
        <party>D</party>
        <identifiers>
          <gpoId>8213</gpoId>
          <bioguideId>S000510</bioguideId>
          <lisID>1528</lisID>
        </identifiers>
      </item>
      <item>
        <bioguideId>S001200</bioguideId>
        <district>9</district>
        <isOriginalCosponsor>True</isOriginalCosponsor>
        <sponsorshipWithdrawnDate />
        <lastName>Soto</lastName>
        <state>FL</state>
        <fullName>Rep. Soto, Darren [D-FL-9]</fullName>
        <sponsorshipDate>2017-06-20</sponsorshipDate>
        <middleName />
        <firstName>Darren</firstName>
        <party>D</party>
        <identifiers>
          <gpoId />
          <bioguideId>S001200</bioguideId>
          <lisID>2319</lisID>
        </identifiers>
      </item>
      <item>
        <bioguideId>T000472</bioguideId>
        <district>41</district>
        <isOriginalCosponsor>True</isOriginalCosponsor>
        <sponsorshipWithdrawnDate />
        <lastName>Takano</lastName>
        <state>CA</state>
        <fullName>Rep. Takano, Mark [D-CA-41]</fullName>
        <sponsorshipDate>2017-06-20</sponsorshipDate>
        <middleName />
        <firstName>Mark</firstName>
        <party>D</party>
        <identifiers>
          <lisID>2110</lisID>
          <bioguideId>T000472</bioguideId>
          <gpoId />
        </identifiers>
      </item>
      <item>
        <bioguideId>T000469</bioguideId>
        <district>20</district>
        <isOriginalCosponsor>True</isOriginalCosponsor>
        <sponsorshipWithdrawnDate />
        <lastName>Tonko</lastName>
        <state>NY</state>
        <fullName>Rep. Tonko, Paul [D-NY-20]</fullName>
        <sponsorshipDate>2017-06-20</sponsorshipDate>
        <middleName />
        <firstName>Paul</firstName>
        <party>D</party>
        <identifiers>
          <lisID>1942</lisID>
          <gpoId>8082</gpoId>
          <bioguideId>T000469</bioguideId>
        </identifiers>
      </item>
      <item>
        <bioguideId>T000474</bioguideId>
        <district>35</district>
        <isOriginalCosponsor>True</isOriginalCosponsor>
        <sponsorshipWithdrawnDate />
        <lastName>Torres</lastName>
        <state>CA</state>
        <fullName>Rep. Torres, Norma J. [D-CA-35]</fullName>
        <sponsorshipDate>2017-06-20</sponsorshipDate>
        <middleName>J.</middleName>
        <firstName>Norma</firstName>
        <party>D</party>
        <identifiers>
          <bioguideId>T000474</bioguideId>
          <lisID>2231</lisID>
          <gpoId />
        </identifiers>
      </item>
      <item>
        <bioguideId>V000081</bioguideId>
        <district>7</district>
        <isOriginalCosponsor>True</isOriginalCosponsor>
        <sponsorshipWithdrawnDate />
        <lastName>VELAZQUEZ</lastName>
        <state>NY</state>
        <fullName>Rep. Velazquez, Nydia M. [D-NY-7]</fullName>
        <sponsorshipDate>2017-06-20</sponsorshipDate>
        <middleName>M.</middleName>
        <firstName>NYDIA</firstName>
        <party>D</party>
        <identifiers>
          <bioguideId>V000081</bioguideId>
          <lisID>1184</lisID>
          <gpoId>8073</gpoId>
        </identifiers>
      </item>
      <item>
        <bioguideId>B001292</bioguideId>
        <district>8</district>
        <isOriginalCosponsor>True</isOriginalCosponsor>
        <sponsorshipWithdrawnDate />
        <lastName>Beyer</lastName>
        <state>VA</state>
        <fullName>Rep. Beyer, Donald S., Jr. [D-VA-8]</fullName>
        <sponsorshipDate>2017-06-20</sponsorshipDate>
        <middleName>S.</middleName>
        <firstName>Donald</firstName>
        <party>D</party>
        <identifiers>
          <lisID>2272</lisID>
          <bioguideId>B001292</bioguideId>
          <gpoId />
        </identifiers>
      </item>
      <item>
        <bioguideId>D000617</bioguideId>
        <district>1</district>
        <isOriginalCosponsor>True</isOriginalCosponsor>
        <sponsorshipWithdrawnDate />
        <lastName>DelBene</lastName>
        <state>WA</state>
        <fullName>Rep. DelBene, Suzan K. [D-WA-1]</fullName>
        <sponsorshipDate>2017-06-20</sponsorshipDate>
        <middleName>K.</middleName>
        <firstName>Suzan</firstName>
        <party>D</party>
        <identifiers>
          <lisID>2096</lisID>
          <bioguideId>D000617</bioguideId>
          <gpoId>8374</gpoId>
        </identifiers>
      </item>
      <item>
        <bioguideId>S000185</bioguideId>
        <district>3</district>
        <isOriginalCosponsor>True</isOriginalCosponsor>
        <sponsorshipWithdrawnDate />
        <lastName>Scott</lastName>
        <state>VA</state>
        <fullName>Rep. Scott, Robert C. "Bobby" [D-VA-3]</fullName>
        <sponsorshipDate>2017-06-20</sponsorshipDate>
        <middleName>C. "Bobby"</middleName>
        <firstName>Robert</firstName>
        <party>D</party>
        <identifiers>
          <gpoId>8194</gpoId>
          <bioguideId>S000185</bioguideId>
          <lisID>1037</lisID>
        </identifiers>
      </item>
      <item>
        <bioguideId>E000297</bioguideId>
        <district>13</district>
        <isOriginalCosponsor>True</isOriginalCosponsor>
        <sponsorshipWithdrawnDate />
        <lastName>Espaillat</lastName>
        <state>NY</state>
        <fullName>Rep. Espaillat, Adriano [D-NY-13]</fullName>
        <sponsorshipDate>2017-06-20</sponsorshipDate>
        <middleName />
        <firstName>Adriano</firstName>
        <party>D</party>
        <identifiers>
          <lisID>2342</lisID>
          <bioguideId>E000297</bioguideId>
          <gpoId />
        </identifiers>
      </item>
      <item>
        <bioguideId>L000263</bioguideId>
        <district>9</district>
        <isOriginalCosponsor>True</isOriginalCosponsor>
        <sponsorshipWithdrawnDate />
        <lastName>LEVIN</lastName>
        <state>MI</state>
        <fullName>Rep. Levin, Sander M. [D-MI-9]</fullName>
        <sponsorshipDate>2017-06-20</sponsorshipDate>
        <middleName>M.</middleName>
        <firstName>SANDER</firstName>
        <party>D</party>
        <identifiers>
          <bioguideId>L000263</bioguideId>
          <lisID>683</lisID>
          <gpoId>7997</gpoId>
        </identifiers>
      </item>
      <item>
        <bioguideId>K000389</bioguideId>
        <district>17</district>
        <isOriginalCosponsor>True</isOriginalCosponsor>
        <sponsorshipWithdrawnDate />
        <lastName>Khanna</lastName>
        <state>CA</state>
        <fullName>Rep. Khanna, Ro [D-CA-17]</fullName>
        <sponsorshipDate>2017-06-20</sponsorshipDate>
        <middleName />
        <firstName>Ro</firstName>
        <party>D</party>
        <identifiers>
          <bioguideId>K000389</bioguideId>
          <gpoId />
          <lisID>2308</lisID>
        </identifiers>
      </item>
      <item>
        <bioguideId>W000800</bioguideId>
        <district>0</district>
        <isOriginalCosponsor>True</isOriginalCosponsor>
        <sponsorshipWithdrawnDate />
        <lastName>Welch</lastName>
        <state>VT</state>
        <fullName>Rep. Welch, Peter [D-VT-At Large]</fullName>
        <sponsorshipDate>2017-06-20</sponsorshipDate>
        <middleName />
        <firstName>Peter</firstName>
        <party>D</party>
        <identifiers>
          <bioguideId>W000800</bioguideId>
          <lisID>1879</lisID>
          <gpoId>8204</gpoId>
        </identifiers>
      </item>
      <item>
        <bioguideId>T000465</bioguideId>
        <district>3</district>
        <isOriginalCosponsor>True</isOriginalCosponsor>
        <sponsorshipWithdrawnDate />
        <lastName>Tsongas</lastName>
        <state>MA</state>
        <fullName>Rep. Tsongas, Niki [D-MA-3]</fullName>
        <sponsorshipDate>2017-06-20</sponsorshipDate>
        <middleName />
        <firstName>Niki</firstName>
        <party>D</party>
        <identifiers>
          <bioguideId>T000465</bioguideId>
          <lisID>1884</lisID>
          <gpoId>7970</gpoId>
        </identifiers>
      </item>
      <item>
        <bioguideId>S001175</bioguideId>
        <district>14</district>
        <isOriginalCosponsor>True</isOriginalCosponsor>
        <sponsorshipWithdrawnDate />
        <lastName>Speier</lastName>
        <state>CA</state>
        <fullName>Rep. Speier, Jackie [D-CA-14]</fullName>
        <sponsorshipDate>2017-06-20</sponsorshipDate>
        <middleName />
        <firstName>Jackie</firstName>
        <party>D</party>
        <identifiers>
          <gpoId>7817</gpoId>
          <lisID>1890</lisID>
          <bioguideId>S001175</bioguideId>
        </identifiers>
      </item>
      <item>
        <bioguideId>R000606</bioguideId>
        <district>8</district>
        <isOriginalCosponsor>True</isOriginalCosponsor>
        <sponsorshipWithdrawnDate />
        <lastName>Raskin</lastName>
        <state>MD</state>
        <fullName>Rep. Raskin, Jamie [D-MD-8]</fullName>
        <sponsorshipDate>2017-06-20</sponsorshipDate>
        <middleName />
        <firstName>Jamie</firstName>
        <party>D</party>
        <identifiers>
          <bioguideId>R000606</bioguideId>
          <gpoId />
          <lisID>2332</lisID>
        </identifiers>
      </item>
      <item>
        <bioguideId>M001143</bioguideId>
        <district>4</district>
        <isOriginalCosponsor>True</isOriginalCosponsor>
        <sponsorshipWithdrawnDate />
        <lastName>MCCOLLUM</lastName>
        <state>MN</state>
        <fullName>Rep. McCollum, Betty [D-MN-4]</fullName>
        <sponsorshipDate>2017-06-20</sponsorshipDate>
        <middleName />
        <firstName>BETTY</firstName>
        <party>D</party>
        <identifiers>
          <bioguideId>M001143</bioguideId>
          <lisID>1653</lisID>
          <gpoId>8004</gpoId>
        </identifiers>
      </item>
      <item>
        <bioguideId>K000385</bioguideId>
        <district>2</district>
        <isOriginalCosponsor>True</isOriginalCosponsor>
        <sponsorshipWithdrawnDate />
        <lastName>Kelly</lastName>
        <state>IL</state>
        <fullName>Rep. Kelly, Robin L. [D-IL-2]</fullName>
        <sponsorshipDate>2017-06-20</sponsorshipDate>
        <middleName>L.</middleName>
        <firstName>Robin</firstName>
        <party>D</party>
        <identifiers>
          <lisID>2190</lisID>
          <bioguideId>K000385</bioguideId>
          <gpoId />
        </identifiers>
      </item>
      <item>
        <bioguideId>S001150</bioguideId>
        <district>28</district>
        <isOriginalCosponsor>True</isOriginalCosponsor>
        <sponsorshipWithdrawnDate />
        <lastName>SCHIFF</lastName>
        <state>CA</state>
        <fullName>Rep. Schiff, Adam B. [D-CA-28]</fullName>
        <sponsorshipDate>2017-06-20</sponsorshipDate>
        <middleName>B.</middleName>
        <firstName>ADAM</firstName>
        <party>D</party>
        <identifiers>
          <bioguideId>S001150</bioguideId>
          <lisID>1635</lisID>
          <gpoId>7834</gpoId>
        </identifiers>
      </item>
      <item>
        <bioguideId>M000312</bioguideId>
        <district>2</district>
        <isOriginalCosponsor>True</isOriginalCosponsor>
        <sponsorshipWithdrawnDate />
        <lastName>MCGOVERN</lastName>
        <state>MA</state>
        <fullName>Rep. McGovern, James P. [D-MA-2]</fullName>
        <sponsorshipDate>2017-06-20</sponsorshipDate>
        <middleName>P.</middleName>
        <firstName>JAMES</firstName>
        <party>D</party>
        <identifiers>
          <lisID>1504</lisID>
          <bioguideId>M000312</bioguideId>
          <gpoId>7968</gpoId>
        </identifiers>
      </item>
      <item>
        <bioguideId>D000624</bioguideId>
        <district>12</district>
        <isOriginalCosponsor>True</isOriginalCosponsor>
        <sponsorshipWithdrawnDate />
        <lastName>Dingell</lastName>
        <state>MI</state>
        <fullName>Rep. Dingell, Debbie [D-MI-12]</fullName>
        <sponsorshipDate>2017-06-20</sponsorshipDate>
        <middleName />
        <firstName>Debbie</firstName>
        <party>D</party>
        <identifiers>
          <lisID>2251</lisID>
          <bioguideId>D000624</bioguideId>
          <gpoId />
        </identifiers>
      </item>
      <item>
        <bioguideId>S000248</bioguideId>
        <district>15</district>
        <isOriginalCosponsor>True</isOriginalCosponsor>
        <sponsorshipWithdrawnDate />
        <lastName>SERRANO</lastName>
        <state>NY</state>
        <fullName>Rep. Serrano, Jose E. [D-NY-15]</fullName>
        <sponsorshipDate>2017-06-20</sponsorshipDate>
        <middleName>E.</middleName>
        <firstName>JOSE</firstName>
        <party>D</party>
        <identifiers>
          <bioguideId>S000248</bioguideId>
          <lisID>1042</lisID>
          <gpoId>8077</gpoId>
        </identifiers>
      </item>
      <item>
        <bioguideId>D000598</bioguideId>
        <district>53</district>
        <isOriginalCosponsor>True</isOriginalCosponsor>
        <sponsorshipWithdrawnDate />
        <lastName>DAVIS</lastName>
        <state>CA</state>
        <fullName>Rep. Davis, Susan A. [D-CA-53]</fullName>
        <sponsorshipDate>2017-06-20</sponsorshipDate>
        <middleName>A.</middleName>
        <firstName>SUSAN</firstName>
        <party>D</party>
        <identifiers>
          <lisID>1641</lisID>
          <bioguideId>D000598</bioguideId>
          <gpoId>7858</gpoId>
        </identifiers>
      </item>
      <item>
        <bioguideId>E000288</bioguideId>
        <district>5</district>
        <isOriginalCosponsor>False</isOriginalCosponsor>
        <sponsorshipWithdrawnDate />
        <lastName>Ellison</lastName>
        <state>MN</state>
        <fullName>Rep. Ellison, Keith [D-MN-5]</fullName>
        <sponsorshipDate>2017-06-21</sponsorshipDate>
        <middleName />
        <firstName>Keith</firstName>
        <party>D</party>
        <identifiers>
          <lisID>1857</lisID>
          <gpoId>8005</gpoId>
          <bioguideId>E000288</bioguideId>
        </identifiers>
      </item>
      <item>
        <bioguideId>D000191</bioguideId>
        <district>4</district>
        <isOriginalCosponsor>False</isOriginalCosponsor>
        <sponsorshipWithdrawnDate />
        <lastName>DEFAZIO</lastName>
        <state>OR</state>
        <fullName>Rep. DeFazio, Peter A. [D-OR-4]</fullName>
        <sponsorshipDate>2017-06-22</sponsorshipDate>
        <middleName>A.</middleName>
        <firstName>PETER</firstName>
        <party>D</party>
        <identifiers>
          <gpoId>8117</gpoId>
          <lisID>279</lisID>
          <bioguideId>D000191</bioguideId>
        </identifiers>
      </item>
      <item>
        <bioguideId>R000515</bioguideId>
        <district>1</district>
        <isOriginalCosponsor>False</isOriginalCosponsor>
        <sponsorshipWithdrawnDate />
        <lastName>RUSH</lastName>
        <state>IL</state>
        <fullName>Rep. Rush, Bobby L. [D-IL-1]</fullName>
        <sponsorshipDate>2017-06-22</sponsorshipDate>
        <middleName>L.</middleName>
        <firstName>BOBBY</firstName>
        <party>D</party>
        <identifiers>
          <lisID>1003</lisID>
          <gpoId>7921</gpoId>
          <bioguideId>R000515</bioguideId>
        </identifiers>
      </item>
      <item>
        <bioguideId>K000381</bioguideId>
        <district>6</district>
        <isOriginalCosponsor>False</isOriginalCosponsor>
        <sponsorshipWithdrawnDate />
        <lastName>Kilmer</lastName>
        <state>WA</state>
        <fullName>Rep. Kilmer, Derek [D-WA-6]</fullName>
        <sponsorshipDate>2017-06-22</sponsorshipDate>
        <middleName />
        <firstName>Derek</firstName>
        <party>D</party>
        <identifiers>
          <lisID>2169</lisID>
          <bioguideId>K000381</bioguideId>
          <gpoId />
        </identifiers>
      </item>
      <item>
        <bioguideId>K000380</bioguideId>
        <district>5</district>
        <isOriginalCosponsor>False</isOriginalCosponsor>
        <sponsorshipWithdrawnDate />
        <lastName>Kildee</lastName>
        <state>MI</state>
        <fullName>Rep. Kildee, Daniel T. [D-MI-5]</fullName>
        <sponsorshipDate>2017-06-23</sponsorshipDate>
        <middleName>T.</middleName>
        <firstName>Daniel</firstName>
        <party>D</party>
        <identifiers>
          <lisID>2134</lisID>
          <bioguideId>K000380</bioguideId>
          <gpoId />
        </identifiers>
      </item>
      <item>
        <bioguideId>M000087</bioguideId>
        <district>12</district>
        <isOriginalCosponsor>False</isOriginalCosponsor>
        <sponsorshipWithdrawnDate />
        <lastName>MALONEY</lastName>
        <state>NY</state>
        <fullName>Rep. Maloney, Carolyn B. [D-NY-12]</fullName>
        <sponsorshipDate>2017-07-24</sponsorshipDate>
        <middleName>B.</middleName>
        <firstName>CAROLYN</firstName>
        <party>D</party>
        <identifiers>
          <bioguideId>M000087</bioguideId>
          <lisID>729</lisID>
          <gpoId>8075</gpoId>
        </identifiers>
      </item>
      <item>
        <bioguideId>K000382</bioguideId>
        <district>2</district>
        <isOriginalCosponsor>False</isOriginalCosponsor>
        <sponsorshipWithdrawnDate />
        <lastName>Kuster</lastName>
        <state>NH</state>
        <fullName>Rep. Kuster, Ann M. [D-NH-2]</fullName>
        <sponsorshipDate>2017-07-27</sponsorshipDate>
        <middleName>M.</middleName>
        <firstName>Ann</firstName>
        <party>D</party>
        <identifiers>
          <lisID>2145</lisID>
          <gpoId />
          <bioguideId>K000382</bioguideId>
        </identifiers>
      </item>
      <item>
        <bioguideId>L000563</bioguideId>
        <district>3</district>
        <isOriginalCosponsor>False</isOriginalCosponsor>
        <sponsorshipWithdrawnDate />
        <lastName>Lipinski</lastName>
        <state>IL</state>
        <fullName>Rep. Lipinski, Daniel [D-IL-3]</fullName>
        <sponsorshipDate>2017-07-27</sponsorshipDate>
        <middleName>William</middleName>
        <firstName>Daniel</firstName>
        <party>D</party>
        <identifiers>
          <lisID>1781</lisID>
          <bioguideId>L000563</bioguideId>
          <gpoId>7923</gpoId>
        </identifiers>
      </item>
      <item>
        <bioguideId>E000296</bioguideId>
        <district>2</district>
        <isOriginalCosponsor>False</isOriginalCosponsor>
        <sponsorshipWithdrawnDate />
        <lastName>Evans</lastName>
        <state>PA</state>
        <fullName>Rep. Evans, Dwight [D-PA-2]</fullName>
        <sponsorshipDate>2017-09-25</sponsorshipDate>
        <middleName />
        <firstName>Dwight</firstName>
        <party>D</party>
        <identifiers>
          <bioguideId>E000296</bioguideId>
          <lisID>2298</lisID>
          <gpoId />
        </identifiers>
      </item>
    </cosponsors>
    <subjects>
      <billSubjects>
        <legislativeSubjects>
          <item>
            <name>Commemorative events and holidays</name>
          </item>
          <item>
            <name>Conflicts and wars</name>
          </item>
          <item>
            <name>Foreign aid and international relief</name>
          </item>
          <item>
            <name>Human rights</name>
          </item>
          <item>
            <name>International organizations and cooperation</name>
          </item>
          <item>
            <name>Refugees, asylum, displaced persons</name>
          </item>
          <item>
            <name>Religion</name>
          </item>
          <item>
            <name>Sex offenses</name>
          </item>
          <item>
            <name>United Nations</name>
          </item>
          <item>
            <name>War crimes, genocide, crimes against humanity</name>
          </item>
        </legislativeSubjects>
        <policyArea>
          <name>International Affairs</name>
        </policyArea>
      </billSubjects>
    </subjects>
    <constitutionalAuthorityStatementText />
    <laws />
    <actions>
      <actionByCounts>
        <houseOfRepresentatives>3</houseOfRepresentatives>
      </actionByCounts>
      <actionTypeCounts>
        <placeholderTextForB>1</placeholderTextForB>
        <billReferrals>1</billReferrals>
        <introducedInHouse>1</introducedInHouse>
        <introducedInTheHouse>1</introducedInTheHouse>
      </actionTypeCounts>
      <item>
        <actionDate>2017-06-20</actionDate>
        <text>Referred to the House Committee on Foreign Affairs.</text>
        <sourceSystem>
          <name>House floor actions</name>
          <code>2</code>
        </sourceSystem>
        <committee>
          <systemCode>hsfa00</systemCode>
          <name>Foreign Affairs Committee</name>
        </committee>
        <links />
        <actionCode>H11100</actionCode>
        <type>IntroReferral</type>
      </item>
      <item>
        <actionDate>2017-06-20</actionDate>
        <text>Sponsor introductory remarks on measure. (CR H4985)</text>
        <sourceSystem>
          <name>Library of Congress</name>
          <code>9</code>
        </sourceSystem>
        <committee />
        <links>
          <link>
            <name>H4985</name>
            <url>https://www.congress.gov/congressional-record/volume-163/house-section/page/H4985</url>
          </link>
        </links>
        <actionCode>B00100</actionCode>
        <type>IntroReferral</type>
      </item>
      <item>
        <actionDate>2017-06-20</actionDate>
        <text>Introduced in House</text>
        <sourceSystem>
          <name>Library of Congress</name>
          <code>9</code>
        </sourceSystem>
        <committee />
        <links />
        <actionCode>Intro-H</actionCode>
        <type>IntroReferral</type>
      </item>
      <item>
        <actionDate>2017-06-20</actionDate>
        <text>Introduced in House</text>
        <sourceSystem>
          <name>Library of Congress</name>
          <code>9</code>
        </sourceSystem>
        <committee />
        <links />
        <actionCode>1000</actionCode>
        <type>IntroReferral</type>
      </item>
    </actions>
    <titles>
      <item>
        <parentTitleType />
        <chamberCode />
        <chamberName />
        <titleType>Official Title as Introduced</titleType>
        <title>Reaffirming the leadership of the United States in promoting the safety, health, and well-being of refugees and displaced persons.</title>
      </item>
      <item>
        <parentTitleType />
        <chamberCode />
        <chamberName />
        <titleType>Display Title</titleType>
        <title>Reaffirming the leadership of the United States in promoting the safety, health, and well-being of refugees and displaced persons.</title>
      </item>
    </titles>
    <summaries>
      <billSummaries>
        <item>
          <updateDate>2017-06-20T04:00:00Z</updateDate>
          <actionDesc>Introduced in House</actionDesc>
          <versionCode>00</versionCode>
          <name>Introduced in House</name>
          <text><![CDATA[<p>Reaffirms: (1) the bipartisan commitment of the United States to promote the safety, health, and well-being of refugees; and (2) the goals of World Refugee Day.</p> <p>Recognizes those who have risked their lives to provide life-saving assistance and to help protect people displaced by conflict.</p> <p>Calls upon the U.S. government to:</p> <ul> <li>uphold its international leadership role in responding to displacement crises with humanitarian assistance for, and protection of, the most vulnerable populations; </li> <li>work in partnership with the international community to find solutions to existing conflicts and to prevent new conflicts; </li> <li>continue to support the efforts of the United Nations High Commissioner for Refugees and to advance the work of nongovernmental organizations to protect refugees regardless of their country of origin or religious beliefs; and </li> <li>continue to mitigate, through humanitarian and development support, the burden placed on frontline refugee host countries that absorb the majority of the world's refugees. </li></ul> <ul></ul> <ul></ul>]]></text>
          <lastSummaryUpdateDate>2017-09-28T13:49:49Z</lastSummaryUpdateDate>
          <actionDate>2017-06-20</actionDate>
        </item>
      </billSummaries>
    </summaries>
    <committees>
      <billCommittees>
        <item>
          <chamber>House</chamber>
          <subcommittees />
          <systemCode>hsfa00</systemCode>
          <name>Foreign Affairs Committee</name>
          <activities>
            <item>
              <name>Referred to</name>
              <date>2017-06-20T16:04:10Z</date>
            </item>
          </activities>
          <type>Standing</type>
        </item>
      </billCommittees>
    </committees>
    <introducedDate>2017-06-20</introducedDate>
    <updateDate>2018-02-06T16:39:50Z</updateDate>
    <cboCostEstimates />
    <recordedVotes />
    <billType>HRES</billType>
    <createDate>2017-06-21T07:26:35Z</createDate>
    <latestAction>
      <text>Referred to the House Committee on Foreign Affairs.</text>
      <links />
      <actionDate>2017-06-20</actionDate>
    </latestAction>
  </bill>
  <dublinCore xmlns:dc="http://purl.org/dc/elements/1.1/">
    <dc:format>text/xml</dc:format>
    <dc:language>EN</dc:language>
    <dc:rights>Pursuant to Title 17 Section 105 of the United States Code, this file is not subject to copyright protection and is in the public domain.</dc:rights>
    <dc:contributor>Congressional Research Service, Library of Congress</dc:contributor>
    <dc:description>This file contains bill summaries and statuses for federal legislation. A bill summary describes the most significant provisions of a piece of legislation and details the effects the legislative text may have on current law and federal programs. Bill summaries are authored by the Congressional Research Service (CRS) of the Library of Congress. As stated in Public Law 91-510 (2 USC 166 (d)(6)), one of the duties of CRS is "to prepare summaries and digests of bills and resolutions of a public general nature introduced in the Senate or House of Representatives". For more information, refer to the User Guide that accompanies this file.</dc:description>
  </dublinCore>
</billStatus>

