<?xml version="1.0" encoding="UTF-8"?>
<billStatus>
  <bill>
    <sponsors>
      <item>
        <fullName>Rep. Poe, Ted [R-TX-2]</fullName>
        <lastName>Poe</lastName>
        <bioguideId>P000592</bioguideId>
        <party>R</party>
        <middleName />
        <state>TX</state>
        <firstName>Ted</firstName>
        <district>2</district>
        <byRequestType />
        <identifiers>
          <bioguideId>P000592</bioguideId>
          <lisID>1802</lisID>
          <gpoId>8158</gpoId>
        </identifiers>
      </item>
    </sponsors>
    <laws />
    <version>1.0.0</version>
    <introducedDate>2017-07-28</introducedDate>
    <cboCostEstimates />
    <titles>
      <item>
        <titleType>Official Title as Introduced</titleType>
        <title>Urging all Universities to designate and maintain a sexual assault coordinator on staff who can be accessed by student victims of domestic violence, dating violence, sexual assault, or stalking on campus and in the surrounding community.</title>
        <chamberCode />
        <parentTitleType />
        <chamberName />
      </item>
      <item>
        <titleType>Display Title</titleType>
        <title>Urging all Universities to designate and maintain a sexual assault coordinator on staff who can be accessed by student victims of domestic violence, dating violence, sexual assault, or stalking on campus and in the surrounding community.</title>
        <chamberCode />
        <parentTitleType />
        <chamberName />
      </item>
    </titles>
    <amendments />
    <recordedVotes />
    <relatedBills />
    <constitutionalAuthorityStatementText />
    <billType>HRES</billType>
    <actions>
      <actionByCounts>
        <houseOfRepresentatives>3</houseOfRepresentatives>
      </actionByCounts>
      <actionTypeCounts>
        <introducedInTheHouse>1</introducedInTheHouse>
        <billReferrals>1</billReferrals>
        <introducedInHouse>1</introducedInHouse>
      </actionTypeCounts>
      <item>
        <text>Referred to the House Committee on Education and the Workforce.</text>
        <links />
        <sourceSystem>
          <code>2</code>
          <name>House floor actions</name>
        </sourceSystem>
        <actionCode>H11100</actionCode>
        <type>IntroReferral</type>
        <committee>
          <name>Education and the Workforce Committee</name>
          <systemCode>hsed00</systemCode>
        </committee>
        <actionDate>2017-07-28</actionDate>
      </item>
      <item>
        <text>Introduced in House</text>
        <links />
        <sourceSystem>
          <code>9</code>
          <name>Library of Congress</name>
        </sourceSystem>
        <actionCode>Intro-H</actionCode>
        <type>IntroReferral</type>
        <committee />
        <actionDate>2017-07-28</actionDate>
      </item>
      <item>
        <text>Introduced in House</text>
        <links />
        <sourceSystem>
          <code>9</code>
          <name>Library of Congress</name>
        </sourceSystem>
        <actionCode>1000</actionCode>
        <type>IntroReferral</type>
        <committee />
        <actionDate>2017-07-28</actionDate>
      </item>
    </actions>
    <notes />
    <originChamber>House</originChamber>
    <congress>115</congress>
    <subjects>
      <billSubjects>
        <legislativeSubjects>
          <item>
            <name>Assault and harassment offenses</name>
          </item>
          <item>
            <name>Crime victims</name>
          </item>
          <item>
            <name>Domestic violence and child abuse</name>
          </item>
          <item>
            <name>Educational guidance</name>
          </item>
          <item>
            <name>Higher education</name>
          </item>
          <item>
            <name>Lawyers and legal services</name>
          </item>
          <item>
            <name>School administration</name>
          </item>
          <item>
            <name>Sex offenses</name>
          </item>
        </legislativeSubjects>
        <policyArea>
          <name>Education</name>
        </policyArea>
      </billSubjects>
    </subjects>
    <billNumber>487</billNumber>
    <cosponsors />
    <summaries>
      <billSummaries>
        <item>
          <updateDate>2017-07-28T04:00:00Z</updateDate>
          <actionDesc>Introduced in House</actionDesc>
          <versionCode>00</versionCode>
          <name>Introduced in House</name>
          <text><![CDATA[<p>Urges colleges and universities to designate and maintain a full-time sexual assault coordinator on staff who can assist student victims of domestic violence, dating violence, sexual assault, or stalking to help ensure that all student victims receive appropriate guidance, health services, and legal assistance that they may need.</p>]]></text>
          <lastSummaryUpdateDate>2017-09-28T18:22:06Z</lastSummaryUpdateDate>
          <actionDate>2017-07-28</actionDate>
        </item>
      </billSummaries>
    </summaries>
    <policyArea>
      <name>Education</name>
    </policyArea>
    <latestAction>
      <links />
      <actionDate>2017-07-28</actionDate>
      <text>Referred to the House Committee on Education and the Workforce.</text>
    </latestAction>
    <updateDate>2018-02-06T16:39:57Z</updateDate>
    <committees>
      <billCommittees>
        <item>
          <systemCode>hsed00</systemCode>
          <chamber>House</chamber>
          <type>Standing</type>
          <activities>
            <item>
              <name>Referred to</name>
              <date>2017-07-28T13:08:20Z</date>
            </item>
          </activities>
          <name>Education and the Workforce Committee</name>
          <subcommittees />
        </item>
      </billCommittees>
    </committees>
    <createDate>2017-07-29T03:11:32Z</createDate>
    <title>Urging all Universities to designate and maintain a sexual assault coordinator on staff who can be accessed by student victims of domestic violence, dating violence, sexual assault, or stalking on campus and in the surrounding community.</title>
    <committeeReports />
    <calendarNumbers />
  </bill>
  <dublinCore xmlns:dc="http://purl.org/dc/elements/1.1/">
    <dc:format>text/xml</dc:format>
    <dc:language>EN</dc:language>
    <dc:rights>Pursuant to Title 17 Section 105 of the United States Code, this file is not subject to copyright protection and is in the public domain.</dc:rights>
    <dc:contributor>Congressional Research Service, Library of Congress</dc:contributor>
    <dc:description>This file contains bill summaries and statuses for federal legislation. A bill summary describes the most significant provisions of a piece of legislation and details the effects the legislative text may have on current law and federal programs. Bill summaries are authored by the Congressional Research Service (CRS) of the Library of Congress. As stated in Public Law 91-510 (2 USC 166 (d)(6)), one of the duties of CRS is "to prepare summaries and digests of bills and resolutions of a public general nature introduced in the Senate or House of Representatives". For more information, refer to the User Guide that accompanies this file.</dc:description>
  </dublinCore>
</billStatus>

