<?xml version="1.0" encoding="UTF-8"?>
<billStatus>
  <bill>
    <constitutionalAuthorityStatementText />
    <originChamber>House</originChamber>
    <subjects>
      <billSubjects>
        <policyArea>
          <name>Science, Technology, Communications</name>
        </policyArea>
        <legislativeSubjects>
          <item>
            <name>Commemorative events and holidays</name>
          </item>
          <item>
            <name>Congressional tributes</name>
          </item>
          <item>
            <name>Energy research</name>
          </item>
          <item>
            <name>Government buildings, facilities, and property</name>
          </item>
          <item>
            <name>Illinois</name>
          </item>
          <item>
            <name>Science and engineering education</name>
          </item>
        </legislativeSubjects>
      </billSubjects>
    </subjects>
    <cosponsors>
      <item>
        <isOriginalCosponsor>True</isOriginalCosponsor>
        <middleName />
        <sponsorshipDate>2017-06-15</sponsorshipDate>
        <firstName>Bill</firstName>
        <party>D</party>
        <identifiers>
          <bioguideId>F000454</bioguideId>
          <gpoId>7355</gpoId>
          <lisID>1888</lisID>
        </identifiers>
        <district>11</district>
        <sponsorshipWithdrawnDate />
        <fullName>Rep. Foster, Bill [D-IL-11]</fullName>
        <bioguideId>F000454</bioguideId>
        <lastName>Foster</lastName>
        <state>IL</state>
      </item>
    </cosponsors>
    <billType>HRES</billType>
    <recordedVotes />
    <laws />
    <committeeReports />
    <actions>
      <actionByCounts>
        <houseOfRepresentatives>3</houseOfRepresentatives>
      </actionByCounts>
      <item>
        <text>Referred to the House Committee on Science, Space, and Technology.</text>
        <type>IntroReferral</type>
        <sourceSystem>
          <name>House floor actions</name>
          <code>2</code>
        </sourceSystem>
        <committee>
          <name>Science, Space, and Technology Committee</name>
          <systemCode>hssy00</systemCode>
        </committee>
        <actionCode>H11100</actionCode>
        <actionDate>2017-06-15</actionDate>
        <links />
      </item>
      <item>
        <text>Introduced in House</text>
        <type>IntroReferral</type>
        <sourceSystem>
          <name>Library of Congress</name>
          <code>9</code>
        </sourceSystem>
        <committee />
        <actionCode>Intro-H</actionCode>
        <actionDate>2017-06-15</actionDate>
        <links />
      </item>
      <item>
        <text>Introduced in House</text>
        <type>IntroReferral</type>
        <sourceSystem>
          <name>Library of Congress</name>
          <code>9</code>
        </sourceSystem>
        <committee />
        <actionCode>1000</actionCode>
        <actionDate>2017-06-15</actionDate>
        <links />
      </item>
      <actionTypeCounts>
        <introducedInHouse>1</introducedInHouse>
        <billReferrals>1</billReferrals>
        <introducedInTheHouse>1</introducedInTheHouse>
      </actionTypeCounts>
    </actions>
    <createDate>2017-06-16T03:11:35Z</createDate>
    <version>1.0.0</version>
    <notes />
    <latestAction>
      <actionDate>2017-06-15</actionDate>
      <text>Referred to the House Committee on Science, Space, and Technology.</text>
      <links />
    </latestAction>
    <title>Congratulating and honoring Fermi National Accelerator Laboratory on 50 years of groundbreaking discoveries.</title>
    <summaries>
      <billSummaries>
        <item>
          <versionCode>00</versionCode>
          <updateDate>2017-06-15T04:00:00Z</updateDate>
          <actionDesc>Introduced in House</actionDesc>
          <lastSummaryUpdateDate>2017-06-21T18:16:55Z</lastSummaryUpdateDate>
          <actionDate>2017-06-15</actionDate>
          <name>Introduced in House</name>
          <text><![CDATA[<p>Congratulates and honors the Fermi National Accelerator Laboratory (Fermilab) on its semicentennial. </p> <p>Wishes Fermilab success in continuing to help the people of the United States understand the mysteries of matter, energy, space, and time. </p>]]></text>
        </item>
      </billSummaries>
    </summaries>
    <congress>115</congress>
    <policyArea>
      <name>Science, Technology, Communications</name>
    </policyArea>
    <billNumber>388</billNumber>
    <calendarNumbers />
    <cboCostEstimates />
    <introducedDate>2017-06-15</introducedDate>
    <relatedBills>
      <item>
        <type>SRES</type>
        <latestAction>
          <text>Referred to the Committee on Energy and Natural Resources. (text of measure as introduced: CR S3020)</text>
          <actionDate>2017-05-17</actionDate>
        </latestAction>
        <latestTitle>A resolution congratulating Fermi National Accelerator Laboratory on 50 years of groundbreaking discoveries.</latestTitle>
        <relationshipDetails>
          <item>
            <type>Related bill</type>
            <identifiedBy>CRS</identifiedBy>
          </item>
        </relationshipDetails>
        <congress>115</congress>
        <number>169</number>
      </item>
      <item>
        <type>SRES</type>
        <latestAction>
          <text>Submitted in the Senate, considered, and agreed to without amendment and with a preamble by Unanimous Consent. (consideration: CR S3343; text as passed Senate: CR S3339)</text>
          <actionDate>2017-06-07</actionDate>
        </latestAction>
        <latestTitle>A resolution congratulating and honoring Fermi National Accelerator Laboratory on 50 years of groundbreaking discoveries.</latestTitle>
        <relationshipDetails>
          <item>
            <type>Identical bill</type>
            <identifiedBy>CRS</identifiedBy>
          </item>
        </relationshipDetails>
        <congress>115</congress>
        <number>187</number>
      </item>
    </relatedBills>
    <committees>
      <billCommittees>
        <item>
          <type>Standing</type>
          <systemCode>hssy00</systemCode>
          <subcommittees />
          <activities>
            <item>
              <date>2017-06-15T14:01:25Z</date>
              <name>Referred to</name>
            </item>
          </activities>
          <chamber>House</chamber>
          <name>Science, Space, and Technology Committee</name>
        </item>
      </billCommittees>
    </committees>
    <titles>
      <item>
        <titleType>Official Title as Introduced</titleType>
        <parentTitleType />
        <chamberName />
        <title>Congratulating and honoring Fermi National Accelerator Laboratory on 50 years of groundbreaking discoveries.</title>
        <chamberCode />
      </item>
      <item>
        <titleType>Display Title</titleType>
        <parentTitleType />
        <chamberName />
        <title>Congratulating and honoring Fermi National Accelerator Laboratory on 50 years of groundbreaking discoveries.</title>
        <chamberCode />
      </item>
    </titles>
    <sponsors>
      <item>
        <fullName>Rep. Hultgren, Randy [R-IL-14]</fullName>
        <middleName />
        <district>14</district>
        <byRequestType />
        <firstName>Randy</firstName>
        <bioguideId>H001059</bioguideId>
        <state>IL</state>
        <party>R</party>
        <lastName>Hultgren</lastName>
        <identifiers>
          <bioguideId>H001059</bioguideId>
          <lisID>2015</lisID>
          <gpoId>7934</gpoId>
        </identifiers>
      </item>
    </sponsors>
    <updateDate>2018-02-06T16:39:50Z</updateDate>
    <amendments />
  </bill>
  <dublinCore xmlns:dc="http://purl.org/dc/elements/1.1/">
    <dc:format>text/xml</dc:format>
    <dc:language>EN</dc:language>
    <dc:rights>Pursuant to Title 17 Section 105 of the United States Code, this file is not subject to copyright protection and is in the public domain.</dc:rights>
    <dc:contributor>Congressional Research Service, Library of Congress</dc:contributor>
    <dc:description>This file contains bill summaries and statuses for federal legislation. A bill summary describes the most significant provisions of a piece of legislation and details the effects the legislative text may have on current law and federal programs. Bill summaries are authored by the Congressional Research Service (CRS) of the Library of Congress. As stated in Public Law 91-510 (2 USC 166 (d)(6)), one of the duties of CRS is "to prepare summaries and digests of bills and resolutions of a public general nature introduced in the Senate or House of Representatives". For more information, refer to the User Guide that accompanies this file.</dc:description>
  </dublinCore>
</billStatus>

