<?xml version="1.0" encoding="UTF-8"?>
<billStatus>
  <bill>
    <committeeReports />
    <originChamber>House</originChamber>
    <billNumber>42</billNumber>
    <actions>
      <item>
        <sourceSystem>
          <name>House floor actions</name>
          <code>2</code>
        </sourceSystem>
        <actionDate>2017-01-10</actionDate>
        <links />
        <text>Referred to the House Committee on Rules.</text>
        <committee>
          <systemCode>hsru00</systemCode>
          <name>Rules Committee</name>
        </committee>
        <actionCode>H11100</actionCode>
        <type>IntroReferral</type>
      </item>
      <item>
        <sourceSystem>
          <name>Library of Congress</name>
          <code>9</code>
        </sourceSystem>
        <actionDate>2017-01-10</actionDate>
        <links />
        <text>Introduced in House</text>
        <committee />
        <actionCode>Intro-H</actionCode>
        <type>IntroReferral</type>
      </item>
      <item>
        <sourceSystem>
          <name>Library of Congress</name>
          <code>9</code>
        </sourceSystem>
        <actionDate>2017-01-10</actionDate>
        <links />
        <text>Introduced in House</text>
        <committee />
        <actionCode>1000</actionCode>
        <type>IntroReferral</type>
      </item>
      <actionByCounts>
        <houseOfRepresentatives>3</houseOfRepresentatives>
      </actionByCounts>
      <actionTypeCounts>
        <billReferrals>1</billReferrals>
        <introducedInTheHouse>1</introducedInTheHouse>
        <introducedInHouse>1</introducedInHouse>
      </actionTypeCounts>
    </actions>
    <calendarNumbers />
    <updateDate>2018-02-06T16:39:31Z</updateDate>
    <cosponsors>
      <item>
        <isOriginalCosponsor>True</isOriginalCosponsor>
        <middleName />
        <sponsorshipDate>2017-01-10</sponsorshipDate>
        <firstName>Tom</firstName>
        <party>R</party>
        <identifiers>
          <gpoId>8128</gpoId>
          <lisID>2053</lisID>
          <bioguideId>M001179</bioguideId>
        </identifiers>
        <district>10</district>
        <sponsorshipWithdrawnDate />
        <fullName>Rep. Marino, Tom [R-PA-10]</fullName>
        <bioguideId>M001179</bioguideId>
        <lastName>Marino</lastName>
        <state>PA</state>
      </item>
      <item>
        <isOriginalCosponsor>True</isOriginalCosponsor>
        <middleName />
        <sponsorshipDate>2017-01-10</sponsorshipDate>
        <firstName>Derek</firstName>
        <party>D</party>
        <identifiers>
          <lisID>2169</lisID>
          <bioguideId>K000381</bioguideId>
          <gpoId />
        </identifiers>
        <district>6</district>
        <sponsorshipWithdrawnDate />
        <fullName>Rep. Kilmer, Derek [D-WA-6]</fullName>
        <bioguideId>K000381</bioguideId>
        <lastName>Kilmer</lastName>
        <state>WA</state>
      </item>
    </cosponsors>
    <notes />
    <subjects>
      <billSubjects>
        <policyArea>
          <name>Congress</name>
        </policyArea>
        <legislativeSubjects>
          <item>
            <name>House of Representatives</name>
          </item>
          <item>
            <name>Legislative rules and procedure</name>
          </item>
        </legislativeSubjects>
      </billSubjects>
    </subjects>
    <committees>
      <billCommittees>
        <item>
          <systemCode>hsru00</systemCode>
          <chamber>House</chamber>
          <type>Standing</type>
          <activities>
            <item>
              <name>Referred to</name>
              <date>2017-01-10T15:00:16Z</date>
            </item>
          </activities>
          <name>Rules Committee</name>
          <subcommittees />
        </item>
      </billCommittees>
    </committees>
    <version>1.0.0</version>
    <recordedVotes />
    <policyArea>
      <name>Congress</name>
    </policyArea>
    <cboCostEstimates />
    <introducedDate>2017-01-10</introducedDate>
    <title>Amending the Rules of the House of Representatives to provide for the consideration of reported bills or joint resolutions that have not been considered by the House within 60 calendar days.</title>
    <amendments />
    <latestAction>
      <text>Referred to the House Committee on Rules.</text>
      <links />
      <actionDate>2017-01-10</actionDate>
    </latestAction>
    <congress>115</congress>
    <billType>HRES</billType>
    <createDate>2017-01-11T05:09:40Z</createDate>
    <sponsors>
      <item>
        <lastName>Peters</lastName>
        <party>D</party>
        <state>CA</state>
        <bioguideId>P000608</bioguideId>
        <middleName>H.</middleName>
        <byRequestType />
        <fullName>Rep. Peters, Scott H. [D-CA-52]</fullName>
        <firstName>Scott</firstName>
        <district>52</district>
        <identifiers>
          <bioguideId>P000608</bioguideId>
          <gpoId />
          <lisID>2113</lisID>
        </identifiers>
      </item>
    </sponsors>
    <constitutionalAuthorityStatementText />
    <relatedBills />
    <laws />
    <titles>
      <item>
        <parentTitleType />
        <chamberCode />
        <chamberName />
        <titleType>Official Title as Introduced</titleType>
        <title>Amending the Rules of the House of Representatives to provide for the consideration of reported bills or joint resolutions that have not been considered by the House within 60 calendar days.</title>
      </item>
      <item>
        <parentTitleType />
        <chamberCode />
        <chamberName />
        <titleType>Display Title</titleType>
        <title>Amending the Rules of the House of Representatives to provide for the consideration of reported bills or joint resolutions that have not been considered by the House within 60 calendar days.</title>
      </item>
    </titles>
    <summaries>
      <billSummaries>
        <item>
          <updateDate>2017-01-10T05:00:00Z</updateDate>
          <actionDesc>Introduced in House</actionDesc>
          <versionCode>00</versionCode>
          <name>Introduced in House</name>
          <text><![CDATA[<p>Amends Rule XIV (Order and Priority of Business) of the Rules of the House of Representatives to authorize the chair and ranking minority member of a committee, or the chair and ranking minority member of its applicable subcommittee, if a bill or joint resolution reported by the committee has not been considered within 60 calendar days, to offer jointly a motion for consideration of the measure.</p>]]></text>
          <lastSummaryUpdateDate>2017-02-27T19:21:16Z</lastSummaryUpdateDate>
          <actionDate>2017-01-10</actionDate>
        </item>
      </billSummaries>
    </summaries>
  </bill>
  <dublinCore xmlns:dc="http://purl.org/dc/elements/1.1/">
    <dc:format>text/xml</dc:format>
    <dc:language>EN</dc:language>
    <dc:rights>Pursuant to Title 17 Section 105 of the United States Code, this file is not subject to copyright protection and is in the public domain.</dc:rights>
    <dc:contributor>Congressional Research Service, Library of Congress</dc:contributor>
    <dc:description>This file contains bill summaries and statuses for federal legislation. A bill summary describes the most significant provisions of a piece of legislation and details the effects the legislative text may have on current law and federal programs. Bill summaries are authored by the Congressional Research Service (CRS) of the Library of Congress. As stated in Public Law 91-510 (2 USC 166 (d)(6)), one of the duties of CRS is "to prepare summaries and digests of bills and resolutions of a public general nature introduced in the Senate or House of Representatives". For more information, refer to the User Guide that accompanies this file.</dc:description>
  </dublinCore>
</billStatus>

