<?xml version="1.0" encoding="UTF-8"?>
<billStatus>
  <bill>
    <policyArea>
      <name>Congress</name>
    </policyArea>
    <introducedDate>2017-01-06</introducedDate>
    <cosponsors />
    <titles>
      <item>
        <chamberCode />
        <chamberName />
        <parentTitleType />
        <titleType>Official Title as Introduced</titleType>
        <title>Electing Members to certain standing committees of the House of Representatives.</title>
      </item>
      <item>
        <chamberCode />
        <chamberName />
        <parentTitleType />
        <titleType>Display Title</titleType>
        <title>Electing Members to certain standing committees of the House of Representatives.</title>
      </item>
    </titles>
    <congress>115</congress>
    <recordedVotes />
    <amendments />
    <laws />
    <cboCostEstimates />
    <actions>
      <actionByCounts>
        <houseOfRepresentatives>6</houseOfRepresentatives>
      </actionByCounts>
      <item>
        <text>Motion to reconsider laid on the table Agreed to without objection.</text>
        <type>Floor</type>
        <sourceSystem>
          <name>House floor actions</name>
          <code>2</code>
        </sourceSystem>
        <committee />
        <actionTime>13:51:30</actionTime>
        <actionCode>H38310</actionCode>
        <actionDate>2017-01-06</actionDate>
        <links />
      </item>
      <item>
        <text>On agreeing to the resolution Agreed to without objection. (text: CR H190)</text>
        <type>Floor</type>
        <sourceSystem>
          <name>House floor actions</name>
          <code>2</code>
        </sourceSystem>
        <committee />
        <actionTime>13:51:26</actionTime>
        <actionCode>H37100</actionCode>
        <actionDate>2017-01-06</actionDate>
        <links>
          <link>
            <name>H190</name>
            <url>https://www.congress.gov/congressional-record/volume-163/house-section/page/H190</url>
          </link>
        </links>
      </item>
      <item>
        <text>Passed/agreed to in House: On agreeing to the resolution Agreed to without objection.(text: CR H190)</text>
        <type>Floor</type>
        <sourceSystem>
          <name>Library of Congress</name>
          <code>9</code>
        </sourceSystem>
        <committee />
        <actionTime>13:51:26</actionTime>
        <actionCode>8000</actionCode>
        <actionDate>2017-01-06</actionDate>
        <links>
          <link>
            <name>H190</name>
            <url>https://www.congress.gov/congressional-record/volume-163/house-section/page/H190</url>
          </link>
        </links>
      </item>
      <item>
        <text>Considered as privileged matter. (consideration: CR H190)</text>
        <type>Floor</type>
        <sourceSystem>
          <name>House floor actions</name>
          <code>2</code>
        </sourceSystem>
        <committee />
        <actionTime>13:51:15</actionTime>
        <actionCode>H30000</actionCode>
        <actionDate>2017-01-06</actionDate>
        <links>
          <link>
            <name>H190</name>
            <url>https://www.congress.gov/congressional-record/volume-163/house-section/page/H190</url>
          </link>
        </links>
      </item>
      <item>
        <text>Introduced in House</text>
        <type>IntroReferral</type>
        <sourceSystem>
          <name>Library of Congress</name>
          <code>9</code>
        </sourceSystem>
        <committee />
        <actionCode>Intro-H</actionCode>
        <actionDate>2017-01-06</actionDate>
        <links />
      </item>
      <item>
        <text>Introduced in House</text>
        <type>IntroReferral</type>
        <sourceSystem>
          <name>Library of Congress</name>
          <code>9</code>
        </sourceSystem>
        <committee />
        <actionCode>1000</actionCode>
        <actionDate>2017-01-06</actionDate>
        <links />
      </item>
      <actionTypeCounts>
        <introducedInHouse>1</introducedInHouse>
        <considerationByHouse>1</considerationByHouse>
        <motionToReconsiderResults>1</motionToReconsiderResults>
        <passedAgreedToInHouse>1</passedAgreedToInHouse>
        <passageOfAMeasure>1</passageOfAMeasure>
        <introducedInTheHouse>1</introducedInTheHouse>
      </actionTypeCounts>
    </actions>
    <updateDate>2018-02-06T16:39:30Z</updateDate>
    <summaries>
      <billSummaries>
        <item>
          <updateDate>2017-01-06T05:00:00Z</updateDate>
          <actionDesc>Introduced in House</actionDesc>
          <versionCode>00</versionCode>
          <name>Introduced in House</name>
          <text><![CDATA[<p>Elects specified Members to the following House Committees: (1) Appropriations, (2) Energy and Commerce, (3) Financial Services, and (4) Ways and Means.</p>]]></text>
          <lastSummaryUpdateDate>2017-03-15T18:26:16Z</lastSummaryUpdateDate>
          <actionDate>2017-01-06</actionDate>
        </item>
        <item>
          <updateDate>2017-01-06T14:18:43Z</updateDate>
          <actionDesc>Passed House without amendment</actionDesc>
          <versionCode>81</versionCode>
          <name>Passed House without amendment</name>
          <text><![CDATA[<p>(This measure has not been amended since it was introduced. The summary of that version is repeated here.)</p> <p>Elects specified Members to the following House Committees: (1) Appropriations, (2) Energy and Commerce, (3) Financial Services, and (4) Ways and Means.</p>]]></text>
          <lastSummaryUpdateDate>2017-03-15T18:26:24Z</lastSummaryUpdateDate>
          <actionDate>2017-01-06</actionDate>
        </item>
      </billSummaries>
    </summaries>
    <title>Electing Members to certain standing committees of the House of Representatives.</title>
    <calendarNumbers />
    <originChamber>House</originChamber>
    <constitutionalAuthorityStatementText />
    <notes />
    <billType>HRES</billType>
    <committees>
      <billCommittees />
    </committees>
    <latestAction>
      <text>Motion to reconsider laid on the table Agreed to without objection.</text>
      <actionTime>13:51:30</actionTime>
      <actionDate>2017-01-06</actionDate>
      <links />
    </latestAction>
    <committeeReports />
    <billNumber>29</billNumber>
    <sponsors>
      <item>
        <byRequestType />
        <state>MO</state>
        <bioguideId>S001195</bioguideId>
        <identifiers>
          <bioguideId>S001195</bioguideId>
          <gpoId />
          <lisID>2191</lisID>
        </identifiers>
        <fullName>Rep. Smith, Jason [R-MO-8]</fullName>
        <district>8</district>
        <lastName>Smith</lastName>
        <firstName>Jason</firstName>
        <middleName />
        <party>R</party>
      </item>
    </sponsors>
    <subjects>
      <billSubjects>
        <legislativeSubjects>
          <item>
            <name>Congressional committees</name>
          </item>
          <item>
            <name>House Committee on Appropriations</name>
          </item>
          <item>
            <name>House Committee on Energy and Commerce</name>
          </item>
          <item>
            <name>House Committee on Financial Services</name>
          </item>
          <item>
            <name>House Committee on Ways and Means</name>
          </item>
          <item>
            <name>House of Representatives</name>
          </item>
          <item>
            <name>Members of Congress</name>
          </item>
        </legislativeSubjects>
        <policyArea>
          <name>Congress</name>
        </policyArea>
      </billSubjects>
    </subjects>
    <createDate>2017-01-07T04:48:24Z</createDate>
    <version>1.0.0</version>
    <relatedBills />
  </bill>
  <dublinCore xmlns:dc="http://purl.org/dc/elements/1.1/">
    <dc:format>text/xml</dc:format>
    <dc:language>EN</dc:language>
    <dc:rights>Pursuant to Title 17 Section 105 of the United States Code, this file is not subject to copyright protection and is in the public domain.</dc:rights>
    <dc:contributor>Congressional Research Service, Library of Congress</dc:contributor>
    <dc:description>This file contains bill summaries and statuses for federal legislation. A bill summary describes the most significant provisions of a piece of legislation and details the effects the legislative text may have on current law and federal programs. Bill summaries are authored by the Congressional Research Service (CRS) of the Library of Congress. As stated in Public Law 91-510 (2 USC 166 (d)(6)), one of the duties of CRS is "to prepare summaries and digests of bills and resolutions of a public general nature introduced in the Senate or House of Representatives". For more information, refer to the User Guide that accompanies this file.</dc:description>
  </dublinCore>
</billStatus>

