<?xml version="1.0" encoding="UTF-8"?>
<billStatus>
  <bill>
    <notes />
    <sponsors>
      <item>
        <party>R</party>
        <fullName>Rep. Smith, Christopher H. [R-NJ-4]</fullName>
        <lastName>SMITH</lastName>
        <middleName>H.</middleName>
        <identifiers>
          <lisID>1071</lisID>
          <gpoId>8046</gpoId>
          <bioguideId>S000522</bioguideId>
        </identifiers>
        <firstName>CHRISTOPHER</firstName>
        <state>NJ</state>
        <byRequestType />
        <bioguideId>S000522</bioguideId>
        <district>4</district>
      </item>
    </sponsors>
    <policyArea>
      <name>International Affairs</name>
    </policyArea>
    <committees>
      <billCommittees>
        <item>
          <activities>
            <item>
              <name>Markup by</name>
              <date>2017-07-27T13:56:20Z</date>
            </item>
            <item>
              <name>Referred to</name>
              <date>2017-02-15T15:01:00Z</date>
            </item>
          </activities>
          <subcommittees>
            <item>
              <name>Africa, Global Health, Global Human Rights and International Organizations Subcommittee</name>
              <activities>
                <item>
                  <name>Referred to</name>
                  <date>2017-05-18T15:07:54Z</date>
                </item>
              </activities>
              <systemCode>hsfa16</systemCode>
            </item>
          </subcommittees>
          <systemCode>hsfa00</systemCode>
          <name>Foreign Affairs Committee</name>
          <type>Standing</type>
          <chamber>House</chamber>
        </item>
      </billCommittees>
    </committees>
    <relatedBills>
      <item>
        <type>SRES</type>
        <number>168</number>
        <latestTitle>A resolution supporting respect for human rights and encouraging inclusive governance in Ethiopia.</latestTitle>
        <congress>115</congress>
        <relationshipDetails>
          <item>
            <type>Related bill</type>
            <identifiedBy>CRS</identifiedBy>
          </item>
        </relationshipDetails>
        <latestAction>
          <text>Placed on Senate Legislative Calendar under General Orders. Calendar No. 226.</text>
          <actionDate>2017-09-19</actionDate>
        </latestAction>
      </item>
    </relatedBills>
    <titles>
      <item>
        <titleType>Official Title as Introduced</titleType>
        <chamberCode />
        <chamberName />
        <title>Supporting respect for human rights and encouraging inclusive governance in Ethiopia.</title>
        <parentTitleType />
      </item>
      <item>
        <titleType>Display Title</titleType>
        <chamberCode />
        <chamberName />
        <title>Supporting respect for human rights and encouraging inclusive governance in Ethiopia.</title>
        <parentTitleType />
      </item>
    </titles>
    <originChamber>House</originChamber>
    <congress>115</congress>
    <constitutionalAuthorityStatementText />
    <actions>
      <actionTypeCounts>
        <billReferrals>1</billReferrals>
        <placeholderTextForH>2</placeholderTextForH>
        <actionStageOverride>1</actionStageOverride>
        <introducedInHouse>1</introducedInHouse>
        <introducedInTheHouse>1</introducedInTheHouse>
      </actionTypeCounts>
      <item>
        <actionDate>2017-07-27</actionDate>
        <committee>
          <systemCode>hsfa00</systemCode>
          <name>Foreign Affairs Committee</name>
        </committee>
        <links />
        <sourceSystem>
          <code>1</code>
          <name>House committee actions</name>
        </sourceSystem>
        <text>Ordered to be Reported (Amended) by Voice Vote.</text>
        <type>Committee</type>
      </item>
      <item>
        <actionDate>2017-07-27</actionDate>
        <committee>
          <systemCode>hsfa00</systemCode>
          <name>Foreign Affairs Committee</name>
        </committee>
        <links />
        <sourceSystem>
          <code>1</code>
          <name>House committee actions</name>
        </sourceSystem>
        <text>Committee Consideration and Mark-up Session Held.</text>
        <type>Committee</type>
      </item>
      <item>
        <actionDate>2017-05-18</actionDate>
        <committee>
          <systemCode>hsfa16</systemCode>
          <name>Africa, Global Health, Global Human Rights and International Organizations Subcommittee</name>
        </committee>
        <links />
        <sourceSystem>
          <code>1</code>
          <name>House committee actions</name>
        </sourceSystem>
        <text>Referred to the Subcommittee on Africa, Global Health, Global Human Rights and International Organizations.</text>
        <type>Committee</type>
      </item>
      <item>
        <sourceSystem>
          <code>2</code>
          <name>House floor actions</name>
        </sourceSystem>
        <committee>
          <systemCode>hsfa00</systemCode>
          <name>Foreign Affairs Committee</name>
        </committee>
        <actionDate>2017-02-15</actionDate>
        <text>Referred to the House Committee on Foreign Affairs.</text>
        <links />
        <actionCode>H11100</actionCode>
        <type>IntroReferral</type>
      </item>
      <item>
        <sourceSystem>
          <code>9</code>
          <name>Library of Congress</name>
        </sourceSystem>
        <committee />
        <actionDate>2017-02-15</actionDate>
        <text>Introduced in House</text>
        <links />
        <actionCode>Intro-H</actionCode>
        <type>IntroReferral</type>
      </item>
      <item>
        <sourceSystem>
          <code>9</code>
          <name>Library of Congress</name>
        </sourceSystem>
        <committee />
        <actionDate>2017-02-15</actionDate>
        <text>Introduced in House</text>
        <links />
        <actionCode>1000</actionCode>
        <type>IntroReferral</type>
      </item>
      <actionByCounts>
        <houseOfRepresentatives>6</houseOfRepresentatives>
      </actionByCounts>
    </actions>
    <subjects>
      <billSubjects>
        <legislativeSubjects>
          <item>
            <name>Africa</name>
          </item>
          <item>
            <name>Conflicts and wars</name>
          </item>
          <item>
            <name>Correctional facilities and imprisonment</name>
          </item>
          <item>
            <name>Criminal investigation, prosecution, interrogation</name>
          </item>
          <item>
            <name>Detention of persons</name>
          </item>
          <item>
            <name>Diplomacy, foreign officials, Americans abroad</name>
          </item>
          <item>
            <name>Ethiopia</name>
          </item>
          <item>
            <name>Foreign aid and international relief</name>
          </item>
          <item>
            <name>Human rights</name>
          </item>
          <item>
            <name>Military assistance, sales, and agreements</name>
          </item>
          <item>
            <name>News media and reporting</name>
          </item>
          <item>
            <name>Protest and dissent</name>
          </item>
          <item>
            <name>Rule of law and government transparency</name>
          </item>
          <item>
            <name>Social work, volunteer service, charitable organizations</name>
          </item>
          <item>
            <name>Sovereignty, recognition, national governance and status</name>
          </item>
          <item>
            <name>Terrorism</name>
          </item>
          <item>
            <name>United Nations</name>
          </item>
        </legislativeSubjects>
        <policyArea>
          <name>International Affairs</name>
        </policyArea>
      </billSubjects>
    </subjects>
    <laws />
    <createDate>2017-02-16T04:46:00Z</createDate>
    <title>Supporting respect for human rights and encouraging inclusive governance in Ethiopia.</title>
    <committeeReports />
    <billType>HRES</billType>
    <introducedDate>2017-02-15</introducedDate>
    <updateDate>2018-03-02T08:15:18Z</updateDate>
    <summaries>
      <billSummaries>
        <item>
          <name>Introduced in House</name>
          <versionCode>00</versionCode>
          <actionDate>2017-02-15</actionDate>
          <updateDate>2017-02-15T05:00:00Z</updateDate>
          <lastSummaryUpdateDate>2017-03-17T19:03:50Z</lastSummaryUpdateDate>
          <text><![CDATA[<p>Condemns: (1) the killing of peaceful protesters and excessive use of force by Ethiopian security forces; (2) the detention of journalists, students, activists and political leaders who exercise their constitutional rights to freedom of assembly and expression through peaceful protests; and (3) the abuse of the Anti-Terrorism Proclamation to stifle political and civil dissent and journalistic freedoms. </p> <p>Urges: (1) protesters in Ethiopia to refrain from violence and from encouragement or acceptance of violence in demonstrations, and (2) all armed factions to cease their conflict with the Ethiopian government and engage in peaceful negotiations.</p> <p>Calls on the government of Ethiopia to:</p> <ul> <li>lift the state of emergency;</li> <li>end the use of excessive force by security forces; </li> <li>investigate the killings and excessive use of force that took place as a result of protests in the Oromia and Amhara regions; </li> <li>release dissidents, activists, and journalists who have been imprisoned for exercising constitutional rights;</li> <li>respect the right to peaceful assembly and guarantee freedom of the press;</li> <li> engage in open consultations with citizens regarding its development strategy;</li> <li>allow a United Nations rapporteur to conduct an independent examination of the state of human rights in Ethiopia; </li> <li>address the grievances brought forward by representatives of registered opposition parties;</li> <li>hold accountable those responsible for killing, torturing, and detaining innocent civilians who exercised their constitutional rights; and </li> <li>investigate and report on the circumstances surrounding the September 3, 2016, shootings and fire at Qilinto Prison, the deaths of persons in attendance at the annual Irreecha festivities at Lake Hora near Bishoftu on October 2, 2016, and the ongoing killings of civilians over several years in the Somali Regional State by police.</li> </ul> <p>Calls on such government to repeal proclamations that:</p> <ul> <li>can be used to harass or prohibit funding for organizations that investigate human rights violations, engage in peaceful political dissent, or advocate for greater political freedoms;</li> <li>prohibit those displaced from their land from seeking judicial redress;</li> <li>permit the detention of peaceful protesters and political opponents who legally exercise their rights to freedom of expression and association; and</li> <li> limit peaceful nonprofit operations in Ethiopia. </li> </ul> <p>Calls on: (1) the Department of State to review security assistance and improve oversight of U.S. assistance to Ethiopia; (2) the U.S. Agency for International Development to lead efforts to develop a strategy to support improved democracy and governance in Ethiopia; and (3) the State Department, in cooperation with the Department of the Treasury, to apply appropriate sanctions on foreign persons or entities responsible for extrajudicial killings, torture, or other gross violations of internationally recognized human rights committed against any nationals in Ethiopia;. </p> <p>Supports the peaceful efforts of the Ethiopian people to exercise their constitutional rights.</p>]]></text>
          <actionDesc>Introduced in House</actionDesc>
        </item>
      </billSummaries>
    </summaries>
    <cosponsors>
      <item>
        <firstName>Karen</firstName>
        <lastName>Bass</lastName>
        <sponsorshipDate>2017-02-15</sponsorshipDate>
        <state>CA</state>
        <party>D</party>
        <identifiers>
          <gpoId>7838</gpoId>
          <bioguideId>B001270</bioguideId>
          <lisID>1996</lisID>
        </identifiers>
        <bioguideId>B001270</bioguideId>
        <district>37</district>
        <middleName />
        <fullName>Rep. Bass, Karen [D-CA-37]</fullName>
        <isOriginalCosponsor>True</isOriginalCosponsor>
        <sponsorshipWithdrawnDate />
      </item>
      <item>
        <firstName>Mike</firstName>
        <lastName>Coffman</lastName>
        <sponsorshipDate>2017-02-15</sponsorshipDate>
        <state>CO</state>
        <party>R</party>
        <identifiers>
          <bioguideId>C001077</bioguideId>
          <lisID>1912</lisID>
          <gpoId>7864</gpoId>
        </identifiers>
        <bioguideId>C001077</bioguideId>
        <district>6</district>
        <middleName />
        <fullName>Rep. Coffman, Mike [R-CO-6]</fullName>
        <isOriginalCosponsor>True</isOriginalCosponsor>
        <sponsorshipWithdrawnDate />
      </item>
      <item>
        <firstName>Robin</firstName>
        <lastName>Kelly</lastName>
        <sponsorshipDate>2017-02-15</sponsorshipDate>
        <state>IL</state>
        <party>D</party>
        <identifiers>
          <lisID>2190</lisID>
          <gpoId />
          <bioguideId>K000385</bioguideId>
        </identifiers>
        <bioguideId>K000385</bioguideId>
        <district>2</district>
        <middleName>L.</middleName>
        <fullName>Rep. Kelly, Robin L. [D-IL-2]</fullName>
        <isOriginalCosponsor>True</isOriginalCosponsor>
        <sponsorshipWithdrawnDate />
      </item>
      <item>
        <firstName>Marc</firstName>
        <lastName>Veasey</lastName>
        <sponsorshipDate>2017-02-15</sponsorshipDate>
        <state>TX</state>
        <party>D</party>
        <identifiers>
          <bioguideId>V000131</bioguideId>
          <gpoId />
          <lisID>2166</lisID>
        </identifiers>
        <bioguideId>V000131</bioguideId>
        <district>33</district>
        <middleName>A.</middleName>
        <fullName>Rep. Veasey, Marc A. [D-TX-33]</fullName>
        <isOriginalCosponsor>True</isOriginalCosponsor>
        <sponsorshipWithdrawnDate />
      </item>
      <item>
        <firstName>Keith</firstName>
        <lastName>Ellison</lastName>
        <sponsorshipDate>2017-02-15</sponsorshipDate>
        <state>MN</state>
        <party>D</party>
        <identifiers>
          <gpoId>8005</gpoId>
          <bioguideId>E000288</bioguideId>
          <lisID>1857</lisID>
        </identifiers>
        <bioguideId>E000288</bioguideId>
        <district>5</district>
        <middleName />
        <fullName>Rep. Ellison, Keith [D-MN-5]</fullName>
        <isOriginalCosponsor>True</isOriginalCosponsor>
        <sponsorshipWithdrawnDate />
      </item>
      <item>
        <firstName>BETTY</firstName>
        <lastName>MCCOLLUM</lastName>
        <sponsorshipDate>2017-03-07</sponsorshipDate>
        <state>MN</state>
        <party>D</party>
        <identifiers>
          <bioguideId>M001143</bioguideId>
          <lisID>1653</lisID>
          <gpoId>8004</gpoId>
        </identifiers>
        <bioguideId>M001143</bioguideId>
        <district>4</district>
        <middleName />
        <fullName>Rep. McCollum, Betty [D-MN-4]</fullName>
        <isOriginalCosponsor>False</isOriginalCosponsor>
        <sponsorshipWithdrawnDate />
      </item>
      <item>
        <firstName>DIANA</firstName>
        <lastName>DEGETTE</lastName>
        <sponsorshipDate>2017-03-07</sponsorshipDate>
        <state>CO</state>
        <party>D</party>
        <identifiers>
          <bioguideId>D000197</bioguideId>
          <gpoId>7859</gpoId>
          <lisID>1479</lisID>
        </identifiers>
        <bioguideId>D000197</bioguideId>
        <district>1</district>
        <middleName />
        <fullName>Rep. DeGette, Diana [D-CO-1]</fullName>
        <isOriginalCosponsor>False</isOriginalCosponsor>
        <sponsorshipWithdrawnDate />
      </item>
      <item>
        <firstName>RICHARD</firstName>
        <lastName>NOLAN</lastName>
        <sponsorshipDate>2017-03-07</sponsorshipDate>
        <state>MN</state>
        <party>D</party>
        <identifiers>
          <bioguideId>N000127</bioguideId>
          <lisID>867</lisID>
          <gpoId />
        </identifiers>
        <bioguideId>N000127</bioguideId>
        <district>8</district>
        <middleName />
        <fullName>Rep. Nolan, Richard M. [D-MN-8]</fullName>
        <isOriginalCosponsor>False</isOriginalCosponsor>
        <sponsorshipWithdrawnDate />
      </item>
      <item>
        <firstName>Tom</firstName>
        <lastName>Emmer</lastName>
        <sponsorshipDate>2017-03-07</sponsorshipDate>
        <state>MN</state>
        <party>R</party>
        <identifiers>
          <bioguideId>E000294</bioguideId>
          <gpoId />
          <lisID>2253</lisID>
        </identifiers>
        <bioguideId>E000294</bioguideId>
        <district>6</district>
        <middleName />
        <fullName>Rep. Emmer, Tom [R-MN-6]</fullName>
        <isOriginalCosponsor>False</isOriginalCosponsor>
        <sponsorshipWithdrawnDate />
      </item>
      <item>
        <firstName>PETE</firstName>
        <lastName>SESSIONS</lastName>
        <sponsorshipDate>2017-03-22</sponsorshipDate>
        <state>TX</state>
        <party>R</party>
        <identifiers>
          <gpoId>8188</gpoId>
          <bioguideId>S000250</bioguideId>
          <lisID>1525</lisID>
        </identifiers>
        <bioguideId>S000250</bioguideId>
        <district>32</district>
        <middleName />
        <fullName>Rep. Sessions, Pete [R-TX-32]</fullName>
        <isOriginalCosponsor>False</isOriginalCosponsor>
        <sponsorshipWithdrawnDate />
      </item>
      <item>
        <firstName>Erik</firstName>
        <lastName>Paulsen</lastName>
        <sponsorshipDate>2017-03-22</sponsorshipDate>
        <state>MN</state>
        <party>R</party>
        <identifiers>
          <bioguideId>P000594</bioguideId>
          <lisID>1930</lisID>
          <gpoId>8003</gpoId>
        </identifiers>
        <bioguideId>P000594</bioguideId>
        <district>3</district>
        <middleName />
        <fullName>Rep. Paulsen, Erik [R-MN-3]</fullName>
        <isOriginalCosponsor>False</isOriginalCosponsor>
        <sponsorshipWithdrawnDate />
      </item>
      <item>
        <firstName>Raul</firstName>
        <lastName>Grijalva</lastName>
        <sponsorshipDate>2017-03-22</sponsorshipDate>
        <state>AZ</state>
        <party>D</party>
        <identifiers>
          <bioguideId>G000551</bioguideId>
          <lisID>1708</lisID>
          <gpoId>7804</gpoId>
        </identifiers>
        <bioguideId>G000551</bioguideId>
        <district>3</district>
        <middleName>M.</middleName>
        <fullName>Rep. Grijalva, Raul M. [D-AZ-3]</fullName>
        <isOriginalCosponsor>False</isOriginalCosponsor>
        <sponsorshipWithdrawnDate />
      </item>
      <item>
        <firstName>Scott</firstName>
        <lastName>Tipton</lastName>
        <sponsorshipDate>2017-03-22</sponsorshipDate>
        <state>CO</state>
        <party>R</party>
        <identifiers>
          <lisID>1997</lisID>
          <gpoId>7861</gpoId>
          <bioguideId>T000470</bioguideId>
        </identifiers>
        <bioguideId>T000470</bioguideId>
        <district>3</district>
        <middleName>R.</middleName>
        <fullName>Rep. Tipton, Scott  R. [R-CO-3]</fullName>
        <isOriginalCosponsor>False</isOriginalCosponsor>
        <sponsorshipWithdrawnDate />
      </item>
      <item>
        <firstName>Richard</firstName>
        <lastName>Hudson</lastName>
        <sponsorshipDate>2017-03-22</sponsorshipDate>
        <state>NC</state>
        <party>R</party>
        <identifiers>
          <gpoId />
          <lisID>2140</lisID>
          <bioguideId>H001067</bioguideId>
        </identifiers>
        <bioguideId>H001067</bioguideId>
        <district>8</district>
        <middleName />
        <fullName>Rep. Hudson, Richard [R-NC-8]</fullName>
        <isOriginalCosponsor>False</isOriginalCosponsor>
        <sponsorshipWithdrawnDate />
      </item>
      <item>
        <firstName>ROBERT</firstName>
        <lastName>BRADY</lastName>
        <sponsorshipDate>2017-03-24</sponsorshipDate>
        <state>PA</state>
        <party>D</party>
        <identifiers>
          <bioguideId>B001227</bioguideId>
          <gpoId>8119</gpoId>
          <lisID>1469</lisID>
        </identifiers>
        <bioguideId>B001227</bioguideId>
        <district>1</district>
        <middleName>A.</middleName>
        <fullName>Rep. Brady, Robert A. [D-PA-1]</fullName>
        <isOriginalCosponsor>False</isOriginalCosponsor>
        <sponsorshipWithdrawnDate />
      </item>
      <item>
        <firstName>Joyce</firstName>
        <lastName>Beatty</lastName>
        <sponsorshipDate>2017-03-24</sponsorshipDate>
        <state>OH</state>
        <party>D</party>
        <identifiers>
          <gpoId />
          <lisID>2153</lisID>
          <bioguideId>B001281</bioguideId>
        </identifiers>
        <bioguideId>B001281</bioguideId>
        <district>3</district>
        <middleName />
        <fullName>Rep. Beatty, Joyce [D-OH-3]</fullName>
        <isOriginalCosponsor>False</isOriginalCosponsor>
        <sponsorshipWithdrawnDate />
      </item>
      <item>
        <firstName>BARBARA</firstName>
        <lastName>LEE</lastName>
        <sponsorshipDate>2017-03-24</sponsorshipDate>
        <state>CA</state>
        <party>D</party>
        <identifiers>
          <bioguideId>L000551</bioguideId>
          <lisID>1501</lisID>
          <gpoId>7814</gpoId>
        </identifiers>
        <bioguideId>L000551</bioguideId>
        <district>13</district>
        <middleName />
        <fullName>Rep. Lee, Barbara [D-CA-13]</fullName>
        <isOriginalCosponsor>False</isOriginalCosponsor>
        <sponsorshipWithdrawnDate />
      </item>
      <item>
        <firstName>Donald</firstName>
        <lastName>Beyer</lastName>
        <sponsorshipDate>2017-03-24</sponsorshipDate>
        <state>VA</state>
        <party>D</party>
        <identifiers>
          <lisID>2272</lisID>
          <gpoId />
          <bioguideId>B001292</bioguideId>
        </identifiers>
        <bioguideId>B001292</bioguideId>
        <district>8</district>
        <middleName>S.</middleName>
        <fullName>Rep. Beyer, Donald S., Jr. [D-VA-8]</fullName>
        <isOriginalCosponsor>False</isOriginalCosponsor>
        <sponsorshipWithdrawnDate />
      </item>
      <item>
        <firstName>ELEANOR</firstName>
        <lastName>NORTON</lastName>
        <sponsorshipDate>2017-03-24</sponsorshipDate>
        <state>DC</state>
        <party>D</party>
        <identifiers>
          <lisID>868</lisID>
          <gpoId>7871</gpoId>
          <bioguideId>N000147</bioguideId>
        </identifiers>
        <bioguideId>N000147</bioguideId>
        <district>0</district>
        <middleName>HOLMES</middleName>
        <fullName>Rep. Norton, Eleanor Holmes [D-DC-At Large]</fullName>
        <isOriginalCosponsor>False</isOriginalCosponsor>
        <sponsorshipWithdrawnDate />
      </item>
      <item>
        <firstName>Rob</firstName>
        <lastName>Woodall</lastName>
        <sponsorshipDate>2017-03-24</sponsorshipDate>
        <state>GA</state>
        <party>R</party>
        <identifiers>
          <bioguideId>W000810</bioguideId>
          <lisID>2008</lisID>
          <gpoId>7904</gpoId>
        </identifiers>
        <bioguideId>W000810</bioguideId>
        <district>7</district>
        <middleName />
        <fullName>Rep. Woodall, Rob [R-GA-7]</fullName>
        <isOriginalCosponsor>False</isOriginalCosponsor>
        <sponsorshipWithdrawnDate />
      </item>
      <item>
        <firstName>Judy</firstName>
        <lastName>Chu</lastName>
        <sponsorshipDate>2017-03-24</sponsorshipDate>
        <state>CA</state>
        <party>D</party>
        <identifiers>
          <lisID>1970</lisID>
          <bioguideId>C001080</bioguideId>
          <gpoId>7837</gpoId>
        </identifiers>
        <bioguideId>C001080</bioguideId>
        <district>27</district>
        <middleName />
        <fullName>Rep. Chu, Judy [D-CA-27]</fullName>
        <isOriginalCosponsor>False</isOriginalCosponsor>
        <sponsorshipWithdrawnDate />
      </item>
      <item>
        <firstName>JAMES</firstName>
        <lastName>MCGOVERN</lastName>
        <sponsorshipDate>2017-03-24</sponsorshipDate>
        <state>MA</state>
        <party>D</party>
        <identifiers>
          <lisID>1504</lisID>
          <gpoId>7968</gpoId>
          <bioguideId>M000312</bioguideId>
        </identifiers>
        <bioguideId>M000312</bioguideId>
        <district>2</district>
        <middleName>P.</middleName>
        <fullName>Rep. McGovern, James P. [D-MA-2]</fullName>
        <isOriginalCosponsor>False</isOriginalCosponsor>
        <sponsorshipWithdrawnDate />
      </item>
      <item>
        <firstName>Alma</firstName>
        <lastName>Adams</lastName>
        <sponsorshipDate>2017-04-17</sponsorshipDate>
        <state>NC</state>
        <party>D</party>
        <identifiers>
          <gpoId />
          <bioguideId>A000370</bioguideId>
          <lisID>2201</lisID>
        </identifiers>
        <bioguideId>A000370</bioguideId>
        <district>12</district>
        <middleName>S.</middleName>
        <fullName>Rep. Adams, Alma S. [D-NC-12]</fullName>
        <isOriginalCosponsor>False</isOriginalCosponsor>
        <sponsorshipWithdrawnDate />
      </item>
      <item>
        <firstName>JANICE</firstName>
        <lastName>SCHAKOWSKY</lastName>
        <sponsorshipDate>2017-04-17</sponsorshipDate>
        <state>IL</state>
        <party>D</party>
        <identifiers>
          <bioguideId>S001145</bioguideId>
          <gpoId>7929</gpoId>
          <lisID>1588</lisID>
        </identifiers>
        <bioguideId>S001145</bioguideId>
        <district>9</district>
        <middleName>D.</middleName>
        <fullName>Rep. Schakowsky, Janice D. [D-IL-9]</fullName>
        <isOriginalCosponsor>False</isOriginalCosponsor>
        <sponsorshipWithdrawnDate />
      </item>
      <item>
        <firstName>LUIS</firstName>
        <lastName>GUTIERREZ</lastName>
        <sponsorshipDate>2017-04-17</sponsorshipDate>
        <state>IL</state>
        <party>D</party>
        <identifiers>
          <bioguideId>G000535</bioguideId>
          <lisID>478</lisID>
          <gpoId>7924</gpoId>
        </identifiers>
        <bioguideId>G000535</bioguideId>
        <district>4</district>
        <middleName>V.</middleName>
        <fullName>Rep. Gutierrez, Luis V. [D-IL-4]</fullName>
        <isOriginalCosponsor>False</isOriginalCosponsor>
        <sponsorshipWithdrawnDate />
      </item>
      <item>
        <firstName>William</firstName>
        <lastName>Keating</lastName>
        <sponsorshipDate>2017-04-25</sponsorshipDate>
        <state>MA</state>
        <party>D</party>
        <identifiers>
          <gpoId>7975</gpoId>
          <bioguideId>K000375</bioguideId>
          <lisID>2025</lisID>
        </identifiers>
        <bioguideId>K000375</bioguideId>
        <district>9</district>
        <middleName>R.</middleName>
        <fullName>Rep. Keating, William R. [D-MA-9]</fullName>
        <isOriginalCosponsor>False</isOriginalCosponsor>
        <sponsorshipWithdrawnDate />
      </item>
      <item>
        <firstName>GREGORY</firstName>
        <lastName>MEEKS</lastName>
        <sponsorshipDate>2017-05-04</sponsorshipDate>
        <state>NY</state>
        <party>D</party>
        <identifiers>
          <lisID>1506</lisID>
          <gpoId>8067</gpoId>
          <bioguideId>M001137</bioguideId>
        </identifiers>
        <bioguideId>M001137</bioguideId>
        <district>5</district>
        <middleName>W.</middleName>
        <fullName>Rep. Meeks, Gregory W. [D-NY-5]</fullName>
        <isOriginalCosponsor>False</isOriginalCosponsor>
        <sponsorshipWithdrawnDate />
      </item>
      <item>
        <firstName>Robert</firstName>
        <lastName>Pittenger</lastName>
        <sponsorshipDate>2017-05-04</sponsorshipDate>
        <state>NC</state>
        <party>R</party>
        <identifiers>
          <bioguideId>P000606</bioguideId>
          <lisID>2141</lisID>
          <gpoId />
        </identifiers>
        <bioguideId>P000606</bioguideId>
        <district>9</district>
        <middleName />
        <fullName>Rep. Pittenger, Robert [R-NC-9]</fullName>
        <isOriginalCosponsor>False</isOriginalCosponsor>
        <sponsorshipWithdrawnDate />
      </item>
      <item>
        <firstName>Jared</firstName>
        <lastName>Polis</lastName>
        <sponsorshipDate>2017-05-04</sponsorshipDate>
        <state>CO</state>
        <party>D</party>
        <identifiers>
          <gpoId>7860</gpoId>
          <lisID>1910</lisID>
          <bioguideId>P000598</bioguideId>
        </identifiers>
        <bioguideId>P000598</bioguideId>
        <district>2</district>
        <middleName />
        <fullName>Rep. Polis, Jared [D-CO-2]</fullName>
        <isOriginalCosponsor>False</isOriginalCosponsor>
        <sponsorshipWithdrawnDate />
      </item>
      <item>
        <firstName>MICHAEL</firstName>
        <lastName>CAPUANO</lastName>
        <sponsorshipDate>2017-05-04</sponsorshipDate>
        <state>MA</state>
        <party>D</party>
        <identifiers>
          <lisID>1564</lisID>
          <gpoId>7973</gpoId>
          <bioguideId>C001037</bioguideId>
        </identifiers>
        <bioguideId>C001037</bioguideId>
        <district>7</district>
        <middleName>E.</middleName>
        <fullName>Rep. Capuano, Michael E. [D-MA-7]</fullName>
        <isOriginalCosponsor>False</isOriginalCosponsor>
        <sponsorshipWithdrawnDate />
      </item>
      <item>
        <firstName>C. A.</firstName>
        <lastName>Ruppersberger</lastName>
        <sponsorshipDate>2017-05-17</sponsorshipDate>
        <state>MD</state>
        <party>D</party>
        <identifiers>
          <bioguideId>R000576</bioguideId>
          <lisID>1728</lisID>
          <gpoId>7977</gpoId>
        </identifiers>
        <bioguideId>R000576</bioguideId>
        <district>2</district>
        <middleName>Dutch</middleName>
        <fullName>Rep. Ruppersberger, C. A. Dutch [D-MD-2]</fullName>
        <isOriginalCosponsor>False</isOriginalCosponsor>
        <sponsorshipWithdrawnDate />
      </item>
      <item>
        <firstName>ADAM</firstName>
        <lastName>SMITH</lastName>
        <sponsorshipDate>2017-05-17</sponsorshipDate>
        <state>WA</state>
        <party>D</party>
        <identifiers>
          <gpoId>8213</gpoId>
          <bioguideId>S000510</bioguideId>
          <lisID>1528</lisID>
        </identifiers>
        <bioguideId>S000510</bioguideId>
        <district>9</district>
        <middleName />
        <fullName>Rep. Smith, Adam [D-WA-9]</fullName>
        <isOriginalCosponsor>False</isOriginalCosponsor>
        <sponsorshipWithdrawnDate />
      </item>
      <item>
        <firstName>Mike</firstName>
        <lastName>Bishop</lastName>
        <sponsorshipDate>2017-06-08</sponsorshipDate>
        <state>MI</state>
        <party>R</party>
        <identifiers>
          <gpoId />
          <lisID>2249</lisID>
          <bioguideId>B001293</bioguideId>
        </identifiers>
        <bioguideId>B001293</bioguideId>
        <district>8</district>
        <middleName />
        <fullName>Rep. Bishop, Mike [R-MI-8]</fullName>
        <isOriginalCosponsor>False</isOriginalCosponsor>
        <sponsorshipWithdrawnDate />
      </item>
      <item>
        <firstName>BOBBY</firstName>
        <lastName>RUSH</lastName>
        <sponsorshipDate>2017-06-08</sponsorshipDate>
        <state>IL</state>
        <party>D</party>
        <identifiers>
          <bioguideId>R000515</bioguideId>
          <lisID>1003</lisID>
          <gpoId>7921</gpoId>
        </identifiers>
        <bioguideId>R000515</bioguideId>
        <district>1</district>
        <middleName>L.</middleName>
        <fullName>Rep. Rush, Bobby L. [D-IL-1]</fullName>
        <isOriginalCosponsor>False</isOriginalCosponsor>
        <sponsorshipWithdrawnDate />
      </item>
      <item>
        <firstName>Jamie</firstName>
        <lastName>Raskin</lastName>
        <sponsorshipDate>2017-06-08</sponsorshipDate>
        <state>MD</state>
        <party>D</party>
        <identifiers>
          <lisID>2332</lisID>
          <gpoId />
          <bioguideId>R000606</bioguideId>
        </identifiers>
        <bioguideId>R000606</bioguideId>
        <district>8</district>
        <middleName />
        <fullName>Rep. Raskin, Jamie [D-MD-8]</fullName>
        <isOriginalCosponsor>False</isOriginalCosponsor>
        <sponsorshipWithdrawnDate />
      </item>
      <item>
        <firstName>Alan</firstName>
        <lastName>Lowenthal</lastName>
        <sponsorshipDate>2017-06-29</sponsorshipDate>
        <state>CA</state>
        <party>D</party>
        <identifiers>
          <bioguideId>L000579</bioguideId>
          <lisID>2111</lisID>
          <gpoId />
        </identifiers>
        <bioguideId>L000579</bioguideId>
        <district>47</district>
        <middleName>S.</middleName>
        <fullName>Rep. Lowenthal, Alan S. [D-CA-47]</fullName>
        <isOriginalCosponsor>False</isOriginalCosponsor>
        <sponsorshipWithdrawnDate />
      </item>
      <item>
        <firstName>Rodney</firstName>
        <lastName>Davis</lastName>
        <sponsorshipDate>2017-06-29</sponsorshipDate>
        <state>IL</state>
        <party>R</party>
        <identifiers>
          <bioguideId>D000619</bioguideId>
          <lisID>2126</lisID>
          <gpoId />
        </identifiers>
        <bioguideId>D000619</bioguideId>
        <district>13</district>
        <middleName />
        <fullName>Rep. Davis, Rodney [R-IL-13]</fullName>
        <isOriginalCosponsor>False</isOriginalCosponsor>
        <sponsorshipWithdrawnDate />
      </item>
      <item>
        <firstName>Brian</firstName>
        <lastName>Mast</lastName>
        <sponsorshipDate>2017-06-29</sponsorshipDate>
        <state>FL</state>
        <party>R</party>
        <identifiers>
          <bioguideId>M001199</bioguideId>
          <lisID>2322</lisID>
          <gpoId />
        </identifiers>
        <bioguideId>M001199</bioguideId>
        <district>18</district>
        <middleName>J.</middleName>
        <fullName>Rep. Mast, Brian J. [R-FL-18]</fullName>
        <isOriginalCosponsor>False</isOriginalCosponsor>
        <sponsorshipWithdrawnDate />
      </item>
      <item>
        <firstName>Joseph</firstName>
        <lastName>Kennedy</lastName>
        <sponsorshipDate>2017-06-29</sponsorshipDate>
        <state>MA</state>
        <party>D</party>
        <identifiers>
          <lisID>2172</lisID>
          <gpoId />
          <bioguideId>K000379</bioguideId>
        </identifiers>
        <bioguideId>K000379</bioguideId>
        <district>4</district>
        <middleName>P.</middleName>
        <fullName>Rep. Kennedy, Joseph P., III [D-MA-4]</fullName>
        <isOriginalCosponsor>False</isOriginalCosponsor>
        <sponsorshipWithdrawnDate />
      </item>
      <item>
        <firstName>Gwen</firstName>
        <lastName>Moore</lastName>
        <sponsorshipDate>2017-06-29</sponsorshipDate>
        <state>WI</state>
        <party>D</party>
        <identifiers>
          <bioguideId>M001160</bioguideId>
          <lisID>1811</lisID>
          <gpoId>8217</gpoId>
        </identifiers>
        <bioguideId>M001160</bioguideId>
        <district>4</district>
        <middleName />
        <fullName>Rep. Moore, Gwen [D-WI-4]</fullName>
        <isOriginalCosponsor>False</isOriginalCosponsor>
        <sponsorshipWithdrawnDate />
      </item>
      <item>
        <firstName>DANNY</firstName>
        <lastName>DAVIS</lastName>
        <sponsorshipDate>2017-06-29</sponsorshipDate>
        <state>IL</state>
        <party>D</party>
        <identifiers>
          <bioguideId>D000096</bioguideId>
          <lisID>1477</lisID>
          <gpoId>7927</gpoId>
        </identifiers>
        <bioguideId>D000096</bioguideId>
        <district>7</district>
        <middleName>K.</middleName>
        <fullName>Rep. Davis, Danny K. [D-IL-7]</fullName>
        <isOriginalCosponsor>False</isOriginalCosponsor>
        <sponsorshipWithdrawnDate />
      </item>
      <item>
        <firstName>Dwight</firstName>
        <lastName>Evans</lastName>
        <sponsorshipDate>2017-06-29</sponsorshipDate>
        <state>PA</state>
        <party>D</party>
        <identifiers>
          <bioguideId>E000296</bioguideId>
          <lisID>2298</lisID>
          <gpoId />
        </identifiers>
        <bioguideId>E000296</bioguideId>
        <district>2</district>
        <middleName />
        <fullName>Rep. Evans, Dwight [D-PA-2]</fullName>
        <isOriginalCosponsor>False</isOriginalCosponsor>
        <sponsorshipWithdrawnDate />
      </item>
      <item>
        <firstName>EARL</firstName>
        <lastName>BLUMENAUER</lastName>
        <sponsorshipDate>2017-06-29</sponsorshipDate>
        <state>OR</state>
        <party>D</party>
        <identifiers>
          <bioguideId>B000574</bioguideId>
          <lisID>99</lisID>
          <gpoId>8116</gpoId>
        </identifiers>
        <bioguideId>B000574</bioguideId>
        <district>3</district>
        <middleName />
        <fullName>Rep. Blumenauer, Earl [D-OR-3]</fullName>
        <isOriginalCosponsor>False</isOriginalCosponsor>
        <sponsorshipWithdrawnDate />
      </item>
      <item>
        <firstName>Mark</firstName>
        <lastName>Pocan</lastName>
        <sponsorshipDate>2017-06-29</sponsorshipDate>
        <state>WI</state>
        <party>D</party>
        <identifiers>
          <gpoId />
          <lisID>2171</lisID>
          <bioguideId>P000607</bioguideId>
        </identifiers>
        <bioguideId>P000607</bioguideId>
        <district>2</district>
        <middleName />
        <fullName>Rep. Pocan, Mark [D-WI-2]</fullName>
        <isOriginalCosponsor>False</isOriginalCosponsor>
        <sponsorshipWithdrawnDate />
      </item>
      <item>
        <firstName>Gerald</firstName>
        <lastName>Connolly</lastName>
        <sponsorshipDate>2017-06-29</sponsorshipDate>
        <state>VA</state>
        <party>D</party>
        <identifiers>
          <bioguideId>C001078</bioguideId>
          <gpoId>8202</gpoId>
          <lisID>1959</lisID>
        </identifiers>
        <bioguideId>C001078</bioguideId>
        <district>11</district>
        <middleName>E.</middleName>
        <fullName>Rep. Connolly, Gerald E. [D-VA-11]</fullName>
        <isOriginalCosponsor>False</isOriginalCosponsor>
        <sponsorshipWithdrawnDate />
      </item>
      <item>
        <firstName>Timothy</firstName>
        <lastName>Walz</lastName>
        <sponsorshipDate>2017-06-29</sponsorshipDate>
        <state>MN</state>
        <party>D</party>
        <identifiers>
          <lisID>1856</lisID>
          <bioguideId>W000799</bioguideId>
          <gpoId>8001</gpoId>
        </identifiers>
        <bioguideId>W000799</bioguideId>
        <district>1</district>
        <middleName>J.</middleName>
        <fullName>Rep. Walz, Timothy J. [D-MN-1]</fullName>
        <isOriginalCosponsor>False</isOriginalCosponsor>
        <sponsorshipWithdrawnDate />
      </item>
      <item>
        <firstName>Ann</firstName>
        <lastName>Wagner</lastName>
        <sponsorshipDate>2017-06-29</sponsorshipDate>
        <state>MO</state>
        <party>R</party>
        <identifiers>
          <bioguideId>W000812</bioguideId>
          <gpoId />
          <lisID>2137</lisID>
        </identifiers>
        <bioguideId>W000812</bioguideId>
        <district>2</district>
        <middleName />
        <fullName>Rep. Wagner, Ann [R-MO-2]</fullName>
        <isOriginalCosponsor>False</isOriginalCosponsor>
        <sponsorshipWithdrawnDate />
      </item>
      <item>
        <firstName>ROSA</firstName>
        <lastName>DELAURO</lastName>
        <sponsorshipDate>2017-07-12</sponsorshipDate>
        <state>CT</state>
        <party>D</party>
        <identifiers>
          <gpoId>7868</gpoId>
          <lisID>281</lisID>
          <bioguideId>D000216</bioguideId>
        </identifiers>
        <bioguideId>D000216</bioguideId>
        <district>3</district>
        <middleName />
        <fullName>Rep. DeLauro, Rosa L. [D-CT-3]</fullName>
        <isOriginalCosponsor>False</isOriginalCosponsor>
        <sponsorshipWithdrawnDate />
      </item>
      <item>
        <firstName>F.</firstName>
        <lastName>SENSENBRENNER</lastName>
        <sponsorshipDate>2017-07-12</sponsorshipDate>
        <state>WI</state>
        <party>R</party>
        <identifiers>
          <lisID>1041</lisID>
          <gpoId>8218</gpoId>
          <bioguideId>S000244</bioguideId>
        </identifiers>
        <bioguideId>S000244</bioguideId>
        <district>5</district>
        <middleName>JAMES</middleName>
        <fullName>Rep. Sensenbrenner, F. James, Jr. [R-WI-5]</fullName>
        <isOriginalCosponsor>False</isOriginalCosponsor>
        <sponsorshipWithdrawnDate />
      </item>
      <item>
        <firstName>FRANK</firstName>
        <lastName>PALLONE</lastName>
        <sponsorshipDate>2017-07-12</sponsorshipDate>
        <state>NJ</state>
        <party>D</party>
        <identifiers>
          <bioguideId>P000034</bioguideId>
          <lisID>887</lisID>
          <gpoId>8048</gpoId>
        </identifiers>
        <bioguideId>P000034</bioguideId>
        <district>6</district>
        <middleName />
        <fullName>Rep. Pallone, Frank, Jr. [D-NJ-6]</fullName>
        <isOriginalCosponsor>False</isOriginalCosponsor>
        <sponsorshipWithdrawnDate />
      </item>
      <item>
        <firstName>Ken</firstName>
        <lastName>Buck</lastName>
        <sponsorshipDate>2017-07-12</sponsorshipDate>
        <state>CO</state>
        <party>R</party>
        <identifiers>
          <bioguideId>B001297</bioguideId>
          <gpoId />
          <lisID>2233</lisID>
        </identifiers>
        <bioguideId>B001297</bioguideId>
        <district>4</district>
        <middleName />
        <fullName>Rep. Buck, Ken [R-CO-4]</fullName>
        <isOriginalCosponsor>False</isOriginalCosponsor>
        <sponsorshipWithdrawnDate />
      </item>
      <item>
        <firstName>Suzanne</firstName>
        <lastName>Bonamici</lastName>
        <sponsorshipDate>2017-07-12</sponsorshipDate>
        <state>OR</state>
        <party>D</party>
        <identifiers>
          <bioguideId>B001278</bioguideId>
          <gpoId>8367</gpoId>
          <lisID>2092</lisID>
        </identifiers>
        <bioguideId>B001278</bioguideId>
        <district>1</district>
        <middleName />
        <fullName>Rep. Bonamici, Suzanne [D-OR-1]</fullName>
        <isOriginalCosponsor>False</isOriginalCosponsor>
        <sponsorshipWithdrawnDate />
      </item>
      <item>
        <firstName>Jason</firstName>
        <lastName>Lewis</lastName>
        <sponsorshipDate>2017-07-12</sponsorshipDate>
        <state>MN</state>
        <party>R</party>
        <identifiers>
          <gpoId />
          <bioguideId>L000587</bioguideId>
          <lisID>2335</lisID>
        </identifiers>
        <bioguideId>L000587</bioguideId>
        <district>2</district>
        <middleName />
        <fullName>Rep. Lewis, Jason [R-MN-2]</fullName>
        <isOriginalCosponsor>False</isOriginalCosponsor>
        <sponsorshipWithdrawnDate />
      </item>
      <item>
        <firstName>Gus</firstName>
        <lastName>Bilirakis</lastName>
        <sponsorshipDate>2017-07-19</sponsorshipDate>
        <state>FL</state>
        <party>R</party>
        <identifiers>
          <bioguideId>B001257</bioguideId>
          <lisID>1838</lisID>
          <gpoId>7881</gpoId>
        </identifiers>
        <bioguideId>B001257</bioguideId>
        <district>12</district>
        <middleName>M.</middleName>
        <fullName>Rep. Bilirakis, Gus M. [R-FL-12]</fullName>
        <isOriginalCosponsor>False</isOriginalCosponsor>
        <sponsorshipWithdrawnDate />
      </item>
      <item>
        <firstName>Norma</firstName>
        <lastName>Torres</lastName>
        <sponsorshipDate>2017-07-19</sponsorshipDate>
        <state>CA</state>
        <party>D</party>
        <identifiers>
          <bioguideId>T000474</bioguideId>
          <lisID>2231</lisID>
          <gpoId />
        </identifiers>
        <bioguideId>T000474</bioguideId>
        <district>35</district>
        <middleName>J.</middleName>
        <fullName>Rep. Torres, Norma J. [D-CA-35]</fullName>
        <isOriginalCosponsor>False</isOriginalCosponsor>
        <sponsorshipWithdrawnDate />
      </item>
      <item>
        <firstName>ELIOT</firstName>
        <lastName>ENGEL</lastName>
        <sponsorshipDate>2017-07-19</sponsorshipDate>
        <state>NY</state>
        <party>D</party>
        <identifiers>
          <bioguideId>E000179</bioguideId>
          <lisID>344</lisID>
          <gpoId>8078</gpoId>
        </identifiers>
        <bioguideId>E000179</bioguideId>
        <district>16</district>
        <middleName>L.</middleName>
        <fullName>Rep. Engel, Eliot L. [D-NY-16]</fullName>
        <isOriginalCosponsor>False</isOriginalCosponsor>
        <sponsorshipWithdrawnDate />
      </item>
      <item>
        <firstName>Joe</firstName>
        <lastName>Wilson</lastName>
        <sponsorshipDate>2017-07-27</sponsorshipDate>
        <state>SC</state>
        <party>R</party>
        <identifiers>
          <bioguideId>W000795</bioguideId>
          <lisID>1688</lisID>
          <gpoId>8142</gpoId>
        </identifiers>
        <bioguideId>W000795</bioguideId>
        <district>2</district>
        <middleName />
        <fullName>Rep. Wilson, Joe [R-SC-2]</fullName>
        <isOriginalCosponsor>False</isOriginalCosponsor>
        <sponsorshipWithdrawnDate />
      </item>
      <item>
        <firstName>Henry</firstName>
        <lastName>Johnson</lastName>
        <sponsorshipDate>2017-07-27</sponsorshipDate>
        <state>GA</state>
        <party>D</party>
        <identifiers>
          <gpoId>7901</gpoId>
          <bioguideId>J000288</bioguideId>
          <lisID>1843</lisID>
        </identifiers>
        <bioguideId>J000288</bioguideId>
        <district>4</district>
        <middleName>C. "Hank"</middleName>
        <fullName>Rep. Johnson, Henry C. "Hank," Jr. [D-GA-4]</fullName>
        <isOriginalCosponsor>False</isOriginalCosponsor>
        <sponsorshipWithdrawnDate />
      </item>
      <item>
        <firstName>ED</firstName>
        <lastName>ROYCE</lastName>
        <sponsorshipDate>2017-08-04</sponsorshipDate>
        <state>CA</state>
        <party>R</party>
        <identifiers>
          <gpoId>7845</gpoId>
          <bioguideId>R000487</bioguideId>
          <lisID>998</lisID>
        </identifiers>
        <bioguideId>R000487</bioguideId>
        <district>39</district>
        <middleName />
        <fullName>Rep. Royce, Edward R. [R-CA-39]</fullName>
        <isOriginalCosponsor>False</isOriginalCosponsor>
        <sponsorshipWithdrawnDate />
      </item>
      <item>
        <firstName>Katherine</firstName>
        <lastName>Clark</lastName>
        <sponsorshipDate>2017-08-04</sponsorshipDate>
        <state>MA</state>
        <party>D</party>
        <identifiers>
          <gpoId />
          <bioguideId>C001101</bioguideId>
          <lisID>2196</lisID>
        </identifiers>
        <bioguideId>C001101</bioguideId>
        <district>5</district>
        <middleName>M.</middleName>
        <fullName>Rep. Clark, Katherine M. [D-MA-5]</fullName>
        <isOriginalCosponsor>False</isOriginalCosponsor>
        <sponsorshipWithdrawnDate />
      </item>
      <item>
        <firstName>Steve</firstName>
        <lastName>Cohen</lastName>
        <sponsorshipDate>2017-09-07</sponsorshipDate>
        <state>TN</state>
        <party>D</party>
        <identifiers>
          <bioguideId>C001068</bioguideId>
          <lisID>1878</lisID>
          <gpoId>8156</gpoId>
        </identifiers>
        <bioguideId>C001068</bioguideId>
        <district>9</district>
        <middleName />
        <fullName>Rep. Cohen, Steve [D-TN-9]</fullName>
        <isOriginalCosponsor>False</isOriginalCosponsor>
        <sponsorshipWithdrawnDate />
      </item>
      <item>
        <firstName>SHEILA</firstName>
        <lastName>JACKSON LEE</lastName>
        <sponsorshipDate>2017-09-07</sponsorshipDate>
        <state>TX</state>
        <party>D</party>
        <identifiers>
          <bioguideId>J000032</bioguideId>
          <gpoId>8174</gpoId>
          <lisID>588</lisID>
        </identifiers>
        <bioguideId>J000032</bioguideId>
        <district>18</district>
        <middleName />
        <fullName>Rep. Jackson Lee, Sheila [D-TX-18]</fullName>
        <isOriginalCosponsor>False</isOriginalCosponsor>
        <sponsorshipWithdrawnDate />
      </item>
      <item>
        <firstName>Adriano</firstName>
        <lastName>Espaillat</lastName>
        <sponsorshipDate>2017-09-07</sponsorshipDate>
        <state>NY</state>
        <party>D</party>
        <identifiers>
          <gpoId />
          <bioguideId>E000297</bioguideId>
          <lisID>2342</lisID>
        </identifiers>
        <bioguideId>E000297</bioguideId>
        <district>13</district>
        <middleName />
        <fullName>Rep. Espaillat, Adriano [D-NY-13]</fullName>
        <isOriginalCosponsor>False</isOriginalCosponsor>
        <sponsorshipWithdrawnDate />
      </item>
      <item>
        <firstName>Matt</firstName>
        <lastName>Cartwright</lastName>
        <sponsorshipDate>2017-09-07</sponsorshipDate>
        <state>PA</state>
        <party>D</party>
        <identifiers>
          <gpoId />
          <lisID>2159</lisID>
          <bioguideId>C001090</bioguideId>
        </identifiers>
        <bioguideId>C001090</bioguideId>
        <district>17</district>
        <middleName />
        <fullName>Rep. Cartwright, Matt [D-PA-17]</fullName>
        <isOriginalCosponsor>False</isOriginalCosponsor>
        <sponsorshipWithdrawnDate />
      </item>
      <item>
        <firstName>JOHN</firstName>
        <lastName>SHIMKUS</lastName>
        <sponsorshipDate>2017-09-27</sponsorshipDate>
        <state>IL</state>
        <party>R</party>
        <identifiers>
          <lisID>1527</lisID>
          <gpoId>7939</gpoId>
          <bioguideId>S000364</bioguideId>
        </identifiers>
        <bioguideId>S000364</bioguideId>
        <district>15</district>
        <middleName>M.</middleName>
        <fullName>Rep. Shimkus, John [R-IL-15]</fullName>
        <isOriginalCosponsor>False</isOriginalCosponsor>
        <sponsorshipWithdrawnDate />
      </item>
      <item>
        <firstName>Kevin</firstName>
        <lastName>Yoder</lastName>
        <sponsorshipDate>2017-09-27</sponsorshipDate>
        <state>KS</state>
        <party>R</party>
        <identifiers>
          <bioguideId>Y000063</bioguideId>
          <gpoId>7951</gpoId>
          <lisID>2021</lisID>
        </identifiers>
        <bioguideId>Y000063</bioguideId>
        <district>3</district>
        <middleName />
        <fullName>Rep. Yoder, Kevin [R-KS-3]</fullName>
        <isOriginalCosponsor>False</isOriginalCosponsor>
        <sponsorshipWithdrawnDate />
      </item>
      <item>
        <firstName>SUSAN</firstName>
        <lastName>DAVIS</lastName>
        <sponsorshipDate>2017-09-27</sponsorshipDate>
        <state>CA</state>
        <party>D</party>
        <identifiers>
          <gpoId>7858</gpoId>
          <bioguideId>D000598</bioguideId>
          <lisID>1641</lisID>
        </identifiers>
        <bioguideId>D000598</bioguideId>
        <district>53</district>
        <middleName>A.</middleName>
        <fullName>Rep. Davis, Susan A. [D-CA-53]</fullName>
        <isOriginalCosponsor>False</isOriginalCosponsor>
        <sponsorshipWithdrawnDate />
      </item>
      <item>
        <firstName>MIKE</firstName>
        <lastName>THOMPSON</lastName>
        <sponsorshipDate>2017-09-27</sponsorshipDate>
        <state>CA</state>
        <party>D</party>
        <identifiers>
          <gpoId>7806</gpoId>
          <lisID>1593</lisID>
          <bioguideId>T000460</bioguideId>
        </identifiers>
        <bioguideId>T000460</bioguideId>
        <district>5</district>
        <middleName />
        <fullName>Rep. Thompson, Mike [D-CA-5]</fullName>
        <isOriginalCosponsor>False</isOriginalCosponsor>
        <sponsorshipWithdrawnDate />
      </item>
      <item>
        <firstName>ELIJAH</firstName>
        <lastName>CUMMINGS</lastName>
        <sponsorshipDate>2017-10-05</sponsorshipDate>
        <state>MD</state>
        <party>D</party>
        <identifiers>
          <lisID>256</lisID>
          <bioguideId>C000984</bioguideId>
          <gpoId>7982</gpoId>
        </identifiers>
        <bioguideId>C000984</bioguideId>
        <district>7</district>
        <middleName>E.</middleName>
        <fullName>Rep. Cummings, Elijah E. [D-MD-7]</fullName>
        <isOriginalCosponsor>False</isOriginalCosponsor>
        <sponsorshipWithdrawnDate />
      </item>
      <item>
        <firstName>MAXINE</firstName>
        <lastName>WATERS</lastName>
        <sponsorshipDate>2017-10-05</sponsorshipDate>
        <state>CA</state>
        <party>D</party>
        <identifiers>
          <gpoId>7840</gpoId>
          <lisID>1205</lisID>
          <bioguideId>W000187</bioguideId>
        </identifiers>
        <bioguideId>W000187</bioguideId>
        <district>43</district>
        <middleName />
        <fullName>Rep. Waters, Maxine [D-CA-43]</fullName>
        <isOriginalCosponsor>False</isOriginalCosponsor>
        <sponsorshipWithdrawnDate />
      </item>
      <item>
        <firstName>LOUISE</firstName>
        <lastName>SLAUGHTER</lastName>
        <sponsorshipDate>2017-10-05</sponsorshipDate>
        <state>NY</state>
        <party>D</party>
        <identifiers>
          <bioguideId>S000480</bioguideId>
          <lisID>1069</lisID>
          <gpoId>8089</gpoId>
        </identifiers>
        <bioguideId>S000480</bioguideId>
        <district>25</district>
        <middleName>M.</middleName>
        <fullName>Rep. Slaughter, Louise McIntosh [D-NY-25]</fullName>
        <isOriginalCosponsor>False</isOriginalCosponsor>
        <sponsorshipWithdrawnDate />
      </item>
      <item>
        <firstName>ZOE</firstName>
        <lastName>LOFGREN</lastName>
        <sponsorshipDate>2017-11-13</sponsorshipDate>
        <state>CA</state>
        <party>D</party>
        <identifiers>
          <bioguideId>L000397</bioguideId>
          <lisID>701</lisID>
          <gpoId>7821</gpoId>
        </identifiers>
        <bioguideId>L000397</bioguideId>
        <district>19</district>
        <middleName />
        <fullName>Rep. Lofgren, Zoe [D-CA-19]</fullName>
        <isOriginalCosponsor>False</isOriginalCosponsor>
        <sponsorshipWithdrawnDate />
      </item>
      <item>
        <firstName>Rod</firstName>
        <lastName>Blum</lastName>
        <sponsorshipDate>2017-11-13</sponsorshipDate>
        <state>IA</state>
        <party>R</party>
        <identifiers>
          <bioguideId>B001294</bioguideId>
          <lisID>2241</lisID>
          <gpoId />
        </identifiers>
        <bioguideId>B001294</bioguideId>
        <district>1</district>
        <middleName />
        <fullName>Rep. Blum, Rod [R-IA-1]</fullName>
        <isOriginalCosponsor>False</isOriginalCosponsor>
        <sponsorshipWithdrawnDate />
      </item>
      <item>
        <firstName>Al</firstName>
        <lastName>Lawson</lastName>
        <sponsorshipDate>2018-01-16</sponsorshipDate>
        <state>FL</state>
        <party>D</party>
        <identifiers>
          <gpoId />
          <lisID>2317</lisID>
          <bioguideId>L000586</bioguideId>
        </identifiers>
        <bioguideId>L000586</bioguideId>
        <district>5</district>
        <middleName />
        <fullName>Rep. Lawson, Al, Jr. [D-FL-5]</fullName>
        <isOriginalCosponsor>False</isOriginalCosponsor>
        <sponsorshipWithdrawnDate />
      </item>
      <item>
        <firstName>David</firstName>
        <lastName>Reichert</lastName>
        <sponsorshipDate>2018-01-25</sponsorshipDate>
        <state>WA</state>
        <party>R</party>
        <identifiers>
          <lisID>1810</lisID>
          <gpoId>8212</gpoId>
          <bioguideId>R000578</bioguideId>
        </identifiers>
        <bioguideId>R000578</bioguideId>
        <district>8</district>
        <middleName>G.</middleName>
        <fullName>Rep. Reichert, David G. [R-WA-8]</fullName>
        <isOriginalCosponsor>False</isOriginalCosponsor>
        <sponsorshipWithdrawnDate />
      </item>
      <item>
        <firstName>Kristi</firstName>
        <lastName>Noem</lastName>
        <sponsorshipDate>2018-01-29</sponsorshipDate>
        <state>SD</state>
        <party>R</party>
        <identifiers>
          <bioguideId>N000184</bioguideId>
          <lisID>2060</lisID>
          <gpoId>8147</gpoId>
        </identifiers>
        <bioguideId>N000184</bioguideId>
        <district>0</district>
        <middleName>L.</middleName>
        <fullName>Rep. Noem, Kristi L. [R-SD-At Large]</fullName>
        <isOriginalCosponsor>False</isOriginalCosponsor>
        <sponsorshipWithdrawnDate />
      </item>
      <item>
        <firstName>John</firstName>
        <lastName>Yarmuth</lastName>
        <sponsorshipDate>2018-02-06</sponsorshipDate>
        <state>KY</state>
        <party>D</party>
        <identifiers>
          <bioguideId>Y000062</bioguideId>
          <gpoId>7955</gpoId>
          <lisID>1853</lisID>
        </identifiers>
        <bioguideId>Y000062</bioguideId>
        <district>3</district>
        <middleName>A.</middleName>
        <fullName>Rep. Yarmuth, John A. [D-KY-3]</fullName>
        <isOriginalCosponsor>False</isOriginalCosponsor>
        <sponsorshipWithdrawnDate />
      </item>
      <item>
        <firstName>Ruben</firstName>
        <lastName>Gallego</lastName>
        <sponsorshipDate>2018-02-26</sponsorshipDate>
        <state>AZ</state>
        <party>D</party>
        <identifiers>
          <gpoId />
          <bioguideId>G000574</bioguideId>
          <lisID>2226</lisID>
        </identifiers>
        <bioguideId>G000574</bioguideId>
        <district>7</district>
        <middleName />
        <fullName>Rep. Gallego, Ruben [D-AZ-7]</fullName>
        <isOriginalCosponsor>False</isOriginalCosponsor>
        <sponsorshipWithdrawnDate />
      </item>
      <item>
        <firstName>Michael</firstName>
        <lastName>McCaul</lastName>
        <sponsorshipDate>2018-02-26</sponsorshipDate>
        <state>TX</state>
        <party>R</party>
        <identifiers>
          <bioguideId>M001157</bioguideId>
          <gpoId>8166</gpoId>
          <lisID>1804</lisID>
        </identifiers>
        <bioguideId>M001157</bioguideId>
        <district>10</district>
        <middleName>T.</middleName>
        <fullName>Rep. McCaul, Michael T. [R-TX-10]</fullName>
        <isOriginalCosponsor>False</isOriginalCosponsor>
        <sponsorshipWithdrawnDate />
      </item>
      <item>
        <firstName>Doug</firstName>
        <lastName>Lamborn</lastName>
        <sponsorshipDate>2018-02-26</sponsorshipDate>
        <state>CO</state>
        <party>R</party>
        <identifiers>
          <lisID>1834</lisID>
          <bioguideId>L000564</bioguideId>
          <gpoId>7863</gpoId>
        </identifiers>
        <bioguideId>L000564</bioguideId>
        <district>5</district>
        <middleName />
        <fullName>Rep. Lamborn, Doug [R-CO-5]</fullName>
        <isOriginalCosponsor>False</isOriginalCosponsor>
        <sponsorshipWithdrawnDate />
      </item>
      <item>
        <firstName>Anthony</firstName>
        <lastName>Brown</lastName>
        <sponsorshipDate>2018-02-26</sponsorshipDate>
        <state>MD</state>
        <party>D</party>
        <identifiers>
          <bioguideId>B001304</bioguideId>
          <gpoId />
          <lisID>2331</lisID>
        </identifiers>
        <bioguideId>B001304</bioguideId>
        <district>4</district>
        <middleName>G.</middleName>
        <fullName>Rep. Brown, Anthony G. [D-MD-4]</fullName>
        <isOriginalCosponsor>False</isOriginalCosponsor>
        <sponsorshipWithdrawnDate />
      </item>
      <item>
        <firstName>Albio</firstName>
        <lastName>Sires</lastName>
        <sponsorshipDate>2018-03-01</sponsorshipDate>
        <state>NJ</state>
        <party>D</party>
        <identifiers>
          <lisID>1818</lisID>
          <gpoId>8055</gpoId>
          <bioguideId>S001165</bioguideId>
        </identifiers>
        <bioguideId>S001165</bioguideId>
        <district>8</district>
        <middleName />
        <fullName>Rep. Sires, Albio [D-NJ-8]</fullName>
        <isOriginalCosponsor>False</isOriginalCosponsor>
        <sponsorshipWithdrawnDate />
      </item>
      <item>
        <firstName>Ed</firstName>
        <lastName>Perlmutter</lastName>
        <sponsorshipDate>2018-03-01</sponsorshipDate>
        <state>CO</state>
        <party>D</party>
        <identifiers>
          <lisID>1835</lisID>
          <bioguideId>P000593</bioguideId>
          <gpoId>7865</gpoId>
        </identifiers>
        <bioguideId>P000593</bioguideId>
        <district>7</district>
        <middleName />
        <fullName>Rep. Perlmutter, Ed [D-CO-7]</fullName>
        <isOriginalCosponsor>False</isOriginalCosponsor>
        <sponsorshipWithdrawnDate />
      </item>
      <item>
        <firstName>JOHN</firstName>
        <lastName>LEWIS</lastName>
        <sponsorshipDate>2018-03-01</sponsorshipDate>
        <state>GA</state>
        <party>D</party>
        <identifiers>
          <gpoId>7902</gpoId>
          <bioguideId>L000287</bioguideId>
          <lisID>688</lisID>
        </identifiers>
        <bioguideId>L000287</bioguideId>
        <district>5</district>
        <middleName />
        <fullName>Rep. Lewis, John [D-GA-5]</fullName>
        <isOriginalCosponsor>False</isOriginalCosponsor>
        <sponsorshipWithdrawnDate />
      </item>
      <item>
        <firstName>Frederica</firstName>
        <lastName>Wilson</lastName>
        <sponsorshipDate>2018-03-01</sponsorshipDate>
        <state>FL</state>
        <party>D</party>
        <identifiers>
          <gpoId>7889</gpoId>
          <lisID>2004</lisID>
          <bioguideId>W000808</bioguideId>
        </identifiers>
        <bioguideId>W000808</bioguideId>
        <district>24</district>
        <middleName>S.</middleName>
        <fullName>Rep. Wilson, Frederica S. [D-FL-24]</fullName>
        <isOriginalCosponsor>False</isOriginalCosponsor>
        <sponsorshipWithdrawnDate />
      </item>
    </cosponsors>
    <billNumber>128</billNumber>
    <recordedVotes />
    <version>1.0.0</version>
    <calendarNumbers />
    <cboCostEstimates />
    <amendments />
    <latestAction>
      <actionDate>2017-07-27</actionDate>
      <links />
      <text>Ordered to be Reported (Amended) by Voice Vote.</text>
    </latestAction>
  </bill>
  <dublinCore xmlns:dc="http://purl.org/dc/elements/1.1/">
    <dc:format>text/xml</dc:format>
    <dc:language>EN</dc:language>
    <dc:rights>Pursuant to Title 17 Section 105 of the United States Code, this file is not subject to copyright protection and is in the public domain.</dc:rights>
    <dc:contributor>Congressional Research Service, Library of Congress</dc:contributor>
    <dc:description>This file contains bill summaries and statuses for federal legislation. A bill summary describes the most significant provisions of a piece of legislation and details the effects the legislative text may have on current law and federal programs. Bill summaries are authored by the Congressional Research Service (CRS) of the Library of Congress. As stated in Public Law 91-510 (2 USC 166 (d)(6)), one of the duties of CRS is "to prepare summaries and digests of bills and resolutions of a public general nature introduced in the Senate or House of Representatives". For more information, refer to the User Guide that accompanies this file.</dc:description>
  </dublinCore>
</billStatus>

