<?xml version="1.0" encoding="UTF-8"?>
<billStatus>
  <bill>
    <committeeReports>
      <committeeReport>
        <citation>H. Rept. 115-1</citation>
      </committeeReport>
    </committeeReports>
    <laws />
    <notes />
    <calendarNumbers>
      <item>
        <number />
        <calendar>H00001</calendar>
      </item>
    </calendarNumbers>
    <updateDate>2018-02-22T15:26:46Z</updateDate>
    <cosponsors />
    <billNumber>22</billNumber>
    <policyArea>
      <name>Congress</name>
    </policyArea>
    <committees>
      <billCommittees>
        <item>
          <chamber>House</chamber>
          <name>Rules Committee</name>
          <activities>
            <item>
              <date>2017-01-04T22:00:16Z</date>
              <name>Reported original measure</name>
            </item>
          </activities>
          <type>Standing</type>
          <subcommittees />
          <systemCode>hsru00</systemCode>
        </item>
      </billCommittees>
    </committees>
    <title>Providing for consideration of the bill (H.R. 26) to amend chapter 8 of title 5, United States Code, to provide that major rules of the executive branch shall have no force or effect unless a joint resolution of approval is enacted into law, and providing for consideration of the resolution (H. Res. 11) objecting to United Nations Security Council Resolution 2334 as an obstacle to Israeli-Palestinian peace, and for other purposes.</title>
    <sponsors>
      <item>
        <lastName>Collins</lastName>
        <firstName>Doug</firstName>
        <identifiers>
          <bioguideId>C001093</bioguideId>
          <lisID>2121</lisID>
          <gpoId />
        </identifiers>
        <party>R</party>
        <district>9</district>
        <middleName />
        <state>GA</state>
        <bioguideId>C001093</bioguideId>
        <byRequestType />
        <fullName>Rep. Collins, Doug [R-GA-9]</fullName>
      </item>
    </sponsors>
    <constitutionalAuthorityStatementText />
    <latestAction>
      <actionDate>2017-01-05</actionDate>
      <actionTime>14:29:47</actionTime>
      <text>Motion to reconsider laid on the table Agreed to without objection.</text>
      <links />
    </latestAction>
    <createDate>2017-01-05T04:47:31Z</createDate>
    <billType>HRES</billType>
    <actions>
      <actionByCounts>
        <houseOfRepresentatives>11</houseOfRepresentatives>
      </actionByCounts>
      <item>
        <committee />
        <links />
        <text>Motion to reconsider laid on the table Agreed to without objection.</text>
        <actionDate>2017-01-05</actionDate>
        <actionTime>14:29:47</actionTime>
        <actionCode>H38310</actionCode>
        <sourceSystem>
          <code>2</code>
          <name>House floor actions</name>
        </sourceSystem>
        <type>Floor</type>
      </item>
      <item>
        <committee />
        <links>
          <link>
            <name>H113</name>
            <url>https://www.congress.gov/congressional-record/volume-163/house-section/page/H113</url>
          </link>
          <link>
            <name>Roll no. 10</name>
            <url>http://clerk.house.gov/evs/2017/roll010.xml</url>
          </link>
        </links>
        <text>On agreeing to the resolution Agreed to by recorded vote: 231 - 187 (Roll no. 10). (text: CR H113)</text>
        <actionDate>2017-01-05</actionDate>
        <actionTime>14:29:44</actionTime>
        <actionCode>H37100</actionCode>
        <sourceSystem>
          <code>2</code>
          <name>House floor actions</name>
        </sourceSystem>
        <type>Floor</type>
      </item>
      <item>
        <committee />
        <links>
          <link>
            <name>H113</name>
            <url>https://www.congress.gov/congressional-record/volume-163/house-section/page/H113</url>
          </link>
          <link>
            <name>Roll no. 10</name>
            <url>http://clerk.house.gov/evs/2017/roll010.xml</url>
          </link>
        </links>
        <text>Passed/agreed to in House: On agreeing to the resolution Agreed to by recorded vote: 231 - 187 (Roll no. 10).(text: CR H113)</text>
        <actionDate>2017-01-05</actionDate>
        <actionTime>14:29:44</actionTime>
        <actionCode>8000</actionCode>
        <sourceSystem>
          <code>9</code>
          <name>Library of Congress</name>
        </sourceSystem>
        <type>Floor</type>
      </item>
      <item>
        <committee />
        <links>
          <link>
            <name>H122-123</name>
            <url>https://www.congress.gov/congressional-record/volume-163/house-section/page/H122-123</url>
          </link>
          <link>
            <name>Roll no. 9</name>
            <url>http://clerk.house.gov/evs/2017/roll009.xml</url>
          </link>
        </links>
        <text>On ordering the previous question Agreed to by the Yeas and Nays: 235 - 188 (Roll no. 9). (consideration: CR H122-123)</text>
        <actionDate>2017-01-05</actionDate>
        <actionTime>14:11:53</actionTime>
        <actionCode>H35000</actionCode>
        <sourceSystem>
          <code>2</code>
          <name>House floor actions</name>
        </sourceSystem>
        <type>Floor</type>
      </item>
      <item>
        <committee />
        <links>
          <link>
            <name>H. Res. 22</name>
            <url>https://www.congress.gov/bill/115th-congress/house-resolution/22</url>
          </link>
        </links>
        <text>DEBATE - The House proceeded with one hour of debate on H. Res. 22.</text>
        <actionDate>2017-01-05</actionDate>
        <actionTime>12:40:00</actionTime>
        <actionCode>H8D000</actionCode>
        <sourceSystem>
          <code>2</code>
          <name>House floor actions</name>
        </sourceSystem>
        <type>Floor</type>
      </item>
      <item>
        <committee />
        <links>
          <link>
            <name>H113-124</name>
            <url>https://www.congress.gov/congressional-record/volume-163/house-section/page/H113-124</url>
          </link>
        </links>
        <text>Considered as privileged matter. (consideration: CR H113-124)</text>
        <actionDate>2017-01-05</actionDate>
        <actionTime>12:37:25</actionTime>
        <actionCode>H30000</actionCode>
        <sourceSystem>
          <code>2</code>
          <name>House floor actions</name>
        </sourceSystem>
        <type>Floor</type>
      </item>
      <item>
        <committee />
        <links />
        <text>Placed on the House Calendar, Calendar No. 1.</text>
        <actionDate>2017-01-04</actionDate>
        <type>Calendars</type>
        <actionCode>H12420</actionCode>
        <sourceSystem>
          <code>2</code>
          <name>House floor actions</name>
        </sourceSystem>
      </item>
      <item>
        <committee />
        <links>
          <link>
            <name>H.R. 26</name>
            <url>https://www.congress.gov/bill/115th-congress/house-bill/26</url>
          </link>
        </links>
        <text>Both measures shall be considered as read, the previous questions shall be considered as ordered without intervening motion or demand for division of the question except one hour of debate. The rule makes in order a motion to recommit H.R. 26 with or without instructions.</text>
        <actionDate>2017-01-04</actionDate>
        <actionTime>17:00:17</actionTime>
        <actionCode>H12700</actionCode>
        <sourceSystem>
          <code>2</code>
          <name>House floor actions</name>
        </sourceSystem>
        <type>Floor</type>
      </item>
      <item>
        <committee>
          <name>Rules Committee</name>
          <systemCode>hsru00</systemCode>
        </committee>
        <links>
          <link>
            <name>H. Rept. 115-1</name>
            <url>https://www.congress.gov/congressional-report/115th-congress/house-report/1</url>
          </link>
        </links>
        <text>The House Committee on Rules reported an original measure, H. Rept. 115-1, by Mr. Collins (GA).</text>
        <actionDate>2017-01-04</actionDate>
        <type>Committee</type>
        <actionCode>H12100</actionCode>
        <sourceSystem>
          <code>2</code>
          <name>House floor actions</name>
        </sourceSystem>
      </item>
      <item>
        <committee>
          <name>Rules Committee</name>
          <systemCode>hsru00</systemCode>
        </committee>
        <links>
          <link>
            <name>H. Rept. 115-1</name>
            <url>https://www.congress.gov/congressional-report/115th-congress/house-report/1</url>
          </link>
        </links>
        <text>The House Committee on Rules reported an original measure, H. Rept. 115-1, by Mr. Collins (GA).</text>
        <actionDate>2017-01-04</actionDate>
        <type>Committee</type>
        <actionCode>5000</actionCode>
        <sourceSystem>
          <code>9</code>
          <name>Library of Congress</name>
        </sourceSystem>
      </item>
      <item>
        <committee />
        <links />
        <text>Introduced in House</text>
        <actionDate>2017-01-04</actionDate>
        <type>IntroReferral</type>
        <actionCode>1000</actionCode>
        <sourceSystem>
          <code>9</code>
          <name>Library of Congress</name>
        </sourceSystem>
      </item>
      <actionTypeCounts>
        <motionToReconsiderResults>1</motionToReconsiderResults>
        <passedAgreedToInHouse>1</passedAgreedToInHouse>
        <motionForPreviousQuestion>1</motionForPreviousQuestion>
        <passageOfAMeasure>1</passageOfAMeasure>
        <generalDebate>1</generalDebate>
        <considerationByHouse>1</considerationByHouse>
        <introducedInHouse>1</introducedInHouse>
        <houseCalendarAssignment>1</houseCalendarAssignment>
        <provisionsOfARule>1</provisionsOfARule>
        <reportedToHouse>1</reportedToHouse>
        <committeeReportOfAnOriginalMeasure>1</committeeReportOfAnOriginalMeasure>
      </actionTypeCounts>
    </actions>
    <subjects>
      <billSubjects>
        <policyArea>
          <name>Congress</name>
        </policyArea>
        <legislativeSubjects>
          <item>
            <name>House of Representatives</name>
          </item>
          <item>
            <name>Legislative rules and procedure</name>
          </item>
        </legislativeSubjects>
      </billSubjects>
    </subjects>
    <originChamber>House</originChamber>
    <introducedDate>2017-01-04</introducedDate>
    <relatedBills>
      <item>
        <relationshipDetails>
          <item>
            <identifiedBy>House</identifiedBy>
            <type>Procedurally-related</type>
          </item>
          <item>
            <identifiedBy>House</identifiedBy>
            <type>Related bill</type>
          </item>
        </relationshipDetails>
        <type>HR</type>
        <latestAction>
          <actionDate>2017-03-29</actionDate>
          <text>Committee on Small Business and Entrepreneurship. Hearings held. Hearings printed: S.Hrg. 115-21.</text>
        </latestAction>
        <congress>115</congress>
        <latestTitle>Regulations from the Executive in Need of Scrutiny Act of 2017</latestTitle>
        <number>26</number>
      </item>
      <item>
        <relationshipDetails>
          <item>
            <identifiedBy>House</identifiedBy>
            <type>Procedurally-related</type>
          </item>
        </relationshipDetails>
        <type>HRES</type>
        <latestAction>
          <actionDate>2017-01-05</actionDate>
          <text>Motion to reconsider laid on the table Agreed to without objection.</text>
          <actionTime>19:04:43</actionTime>
        </latestAction>
        <congress>115</congress>
        <latestTitle>Objecting to United Nations Security Council Resolution 2334 as an obstacle to Israeli-Palestinian peace, and for other purposes.</latestTitle>
        <number>11</number>
      </item>
    </relatedBills>
    <version>1.0.0</version>
    <recordedVotes>
      <recordedVote>
        <url>http://clerk.house.gov/evs/2017/roll010.xml</url>
        <sessionNumber>1</sessionNumber>
        <rollNumber>10</rollNumber>
        <fullActionName>Passage of a Measure</fullActionName>
        <date>2017-01-05T19:29:44Z</date>
        <chamber>House</chamber>
        <congress>115</congress>
      </recordedVote>
      <recordedVote>
        <url>http://clerk.house.gov/evs/2017/roll009.xml</url>
        <sessionNumber>1</sessionNumber>
        <rollNumber>9</rollNumber>
        <fullActionName>Motion for Previous Question</fullActionName>
        <date>2017-01-05T19:11:53Z</date>
        <chamber>House</chamber>
        <congress>115</congress>
      </recordedVote>
    </recordedVotes>
    <titles>
      <item>
        <chamberName />
        <title>Providing for consideration of the bill (H.R. 26) to amend chapter 8 of title 5, United States Code, to provide that major rules of the executive branch shall have no force or effect unless a joint resolution of approval is enacted into law, and providing for consideration of the resolution (H. Res. 11) objecting to United Nations Security Council Resolution 2334 as an obstacle to Israeli-Palestinian peace, and for other purposes.</title>
        <titleType>Official Title as Introduced</titleType>
        <chamberCode />
        <parentTitleType />
      </item>
      <item>
        <chamberName />
        <title>Providing for consideration of the bill (H.R. 26) to amend chapter 8 of title 5, United States Code, to provide that major rules of the executive branch shall have no force or effect unless a joint resolution of approval is enacted into law, and providing for consideration of the resolution (H. Res. 11) objecting to United Nations Security Council Resolution 2334 as an obstacle to Israeli-Palestinian peace, and for other purposes.</title>
        <titleType>Display Title</titleType>
        <chamberCode />
        <parentTitleType />
      </item>
    </titles>
    <cboCostEstimates />
    <summaries>
      <billSummaries>
        <item>
          <versionCode>00</versionCode>
          <actionDate>2017-01-04</actionDate>
          <lastSummaryUpdateDate>2017-01-05T09:02:16Z</lastSummaryUpdateDate>
          <updateDate>2017-01-04T05:00:00Z</updateDate>
          <actionDesc>Introduced in House</actionDesc>
          <text><![CDATA[Sets forth the rule for consideration of the bill (H.R. 26) to amend chapter 8 of title 5, United States Code, to provide that major rules of the executive branch shall have no force or effect unless a joint resolution of approval is enacted into law, and providing for consideration of the resolution (H. Res. 11) objecting to United Nations Security Council Resolution 2334 as an obstacle to Israeli-Palestinian peace.]]></text>
          <name>Introduced in House</name>
        </item>
      </billSummaries>
    </summaries>
    <amendments />
    <congress>115</congress>
  </bill>
  <dublinCore xmlns:dc="http://purl.org/dc/elements/1.1/">
    <dc:format>text/xml</dc:format>
    <dc:language>EN</dc:language>
    <dc:rights>Pursuant to Title 17 Section 105 of the United States Code, this file is not subject to copyright protection and is in the public domain.</dc:rights>
    <dc:contributor>Congressional Research Service, Library of Congress</dc:contributor>
    <dc:description>This file contains bill summaries and statuses for federal legislation. A bill summary describes the most significant provisions of a piece of legislation and details the effects the legislative text may have on current law and federal programs. Bill summaries are authored by the Congressional Research Service (CRS) of the Library of Congress. As stated in Public Law 91-510 (2 USC 166 (d)(6)), one of the duties of CRS is "to prepare summaries and digests of bills and resolutions of a public general nature introduced in the Senate or House of Representatives". For more information, refer to the User Guide that accompanies this file.</dc:description>
  </dublinCore>
</billStatus>

