<?xml version="1.0" encoding="UTF-8"?>
<billStatus>
  <bill>
    <policyArea>
      <name>Education</name>
    </policyArea>
    <introducedDate>2017-05-25</introducedDate>
    <cosponsors>
      <item>
        <isOriginalCosponsor>True</isOriginalCosponsor>
        <middleName />
        <sponsorshipDate>2017-05-25</sponsorshipDate>
        <firstName>BARBARA</firstName>
        <party>D</party>
        <identifiers>
          <gpoId>7814</gpoId>
          <bioguideId>L000551</bioguideId>
          <lisID>1501</lisID>
        </identifiers>
        <district>13</district>
        <sponsorshipWithdrawnDate />
        <fullName>Rep. Lee, Barbara [D-CA-13]</fullName>
        <bioguideId>L000551</bioguideId>
        <lastName>LEE</lastName>
        <state>CA</state>
      </item>
    </cosponsors>
    <titles>
      <item>
        <parentTitleType />
        <chamberCode />
        <titleType>Official Title as Introduced</titleType>
        <chamberName />
        <title>Recognizing and commemorating St. Joseph's School and their service to the El Paso community.</title>
      </item>
      <item>
        <parentTitleType />
        <chamberCode />
        <titleType>Display Title</titleType>
        <chamberName />
        <title>Recognizing and commemorating St. Joseph's School and their service to the El Paso community.</title>
      </item>
    </titles>
    <congress>115</congress>
    <recordedVotes />
    <amendments />
    <laws />
    <cboCostEstimates />
    <actions>
      <actionByCounts>
        <houseOfRepresentatives>3</houseOfRepresentatives>
      </actionByCounts>
      <actionTypeCounts>
        <introducedInTheHouse>1</introducedInTheHouse>
        <billReferrals>1</billReferrals>
        <introducedInHouse>1</introducedInHouse>
      </actionTypeCounts>
      <item>
        <text>Referred to the House Committee on Education and the Workforce.</text>
        <links />
        <sourceSystem>
          <code>2</code>
          <name>House floor actions</name>
        </sourceSystem>
        <actionCode>H11100</actionCode>
        <type>IntroReferral</type>
        <committee>
          <name>Education and the Workforce Committee</name>
          <systemCode>hsed00</systemCode>
        </committee>
        <actionDate>2017-05-25</actionDate>
      </item>
      <item>
        <text>Introduced in House</text>
        <links />
        <sourceSystem>
          <code>9</code>
          <name>Library of Congress</name>
        </sourceSystem>
        <actionCode>Intro-H</actionCode>
        <type>IntroReferral</type>
        <committee />
        <actionDate>2017-05-25</actionDate>
      </item>
      <item>
        <text>Introduced in House</text>
        <links />
        <sourceSystem>
          <code>9</code>
          <name>Library of Congress</name>
        </sourceSystem>
        <actionCode>1000</actionCode>
        <type>IntroReferral</type>
        <committee />
        <actionDate>2017-05-25</actionDate>
      </item>
    </actions>
    <updateDate>2018-02-06T16:39:49Z</updateDate>
    <summaries>
      <billSummaries>
        <item>
          <versionCode>00</versionCode>
          <actionDate>2017-05-25</actionDate>
          <updateDate>2017-05-25T04:00:00Z</updateDate>
          <text><![CDATA[<p>Commemorates the founding of St. Joseph's School in El Paso, Texas, and recognizes the school's service to its community.</p>]]></text>
          <actionDesc>Introduced in House</actionDesc>
          <name>Introduced in House</name>
          <lastSummaryUpdateDate>2017-06-13T21:27:27Z</lastSummaryUpdateDate>
        </item>
      </billSummaries>
    </summaries>
    <title>Recognizing and commemorating St. Joseph's School and their service to the El Paso community.</title>
    <calendarNumbers />
    <originChamber>House</originChamber>
    <constitutionalAuthorityStatementText />
    <notes />
    <billType>HRES</billType>
    <committees>
      <billCommittees>
        <item>
          <systemCode>hsed00</systemCode>
          <chamber>House</chamber>
          <type>Standing</type>
          <activities>
            <item>
              <name>Referred to</name>
              <date>2017-05-25T13:09:45Z</date>
            </item>
          </activities>
          <name>Education and the Workforce Committee</name>
          <subcommittees />
        </item>
      </billCommittees>
    </committees>
    <latestAction>
      <text>Referred to the House Committee on Education and the Workforce.</text>
      <actionDate>2017-05-25</actionDate>
      <links />
    </latestAction>
    <committeeReports />
    <billNumber>366</billNumber>
    <sponsors>
      <item>
        <byRequestType />
        <state>TX</state>
        <bioguideId>O000170</bioguideId>
        <identifiers>
          <gpoId />
          <lisID>2162</lisID>
          <bioguideId>O000170</bioguideId>
        </identifiers>
        <fullName>Rep. O'Rourke, Beto [D-TX-16]</fullName>
        <district>16</district>
        <lastName>O'Rourke</lastName>
        <firstName>Beto</firstName>
        <middleName />
        <party>D</party>
      </item>
    </sponsors>
    <subjects>
      <billSubjects>
        <policyArea>
          <name>Education</name>
        </policyArea>
        <legislativeSubjects>
          <item>
            <name>Congressional tributes</name>
          </item>
          <item>
            <name>Elementary and secondary education</name>
          </item>
          <item>
            <name>Religion</name>
          </item>
          <item>
            <name>Texas</name>
          </item>
        </legislativeSubjects>
      </billSubjects>
    </subjects>
    <createDate>2017-05-26T03:11:38Z</createDate>
    <version>1.0.0</version>
    <relatedBills />
  </bill>
  <dublinCore xmlns:dc="http://purl.org/dc/elements/1.1/">
    <dc:format>text/xml</dc:format>
    <dc:language>EN</dc:language>
    <dc:rights>Pursuant to Title 17 Section 105 of the United States Code, this file is not subject to copyright protection and is in the public domain.</dc:rights>
    <dc:contributor>Congressional Research Service, Library of Congress</dc:contributor>
    <dc:description>This file contains bill summaries and statuses for federal legislation. A bill summary describes the most significant provisions of a piece of legislation and details the effects the legislative text may have on current law and federal programs. Bill summaries are authored by the Congressional Research Service (CRS) of the Library of Congress. As stated in Public Law 91-510 (2 USC 166 (d)(6)), one of the duties of CRS is "to prepare summaries and digests of bills and resolutions of a public general nature introduced in the Senate or House of Representatives". For more information, refer to the User Guide that accompanies this file.</dc:description>
  </dublinCore>
</billStatus>

