<?xml version="1.0" encoding="UTF-8"?>
<billStatus>
  <bill>
    <titles>
      <item>
        <parentTitleType />
        <chamberCode />
        <chamberName />
        <titleType>Official Title as Introduced</titleType>
        <title>Recognizing the importance of the United States-Israel economic relationship and encouraging new areas of cooperation.</title>
      </item>
      <item>
        <parentTitleType />
        <chamberCode />
        <chamberName />
        <titleType>Display Title</titleType>
        <title>Recognizing the importance of the United States-Israel economic relationship and encouraging new areas of cooperation.</title>
      </item>
    </titles>
    <committeeReports />
    <sponsors>
      <item>
        <firstName>Ted</firstName>
        <middleName />
        <identifiers>
          <lisID>2230</lisID>
          <gpoId />
          <bioguideId>L000582</bioguideId>
        </identifiers>
        <party>D</party>
        <bioguideId>L000582</bioguideId>
        <lastName>Lieu</lastName>
        <fullName>Rep. Lieu, Ted [D-CA-33]</fullName>
        <byRequestType />
        <district>33</district>
        <state>CA</state>
      </item>
    </sponsors>
    <title>Recognizing the importance of the United States-Israel economic relationship and encouraging new areas of cooperation.</title>
    <actions>
      <actionByCounts>
        <houseOfRepresentatives>6</houseOfRepresentatives>
      </actionByCounts>
      <actionTypeCounts>
        <introducedInTheHouse>1</introducedInTheHouse>
        <placeholderTextForH>2</placeholderTextForH>
        <designationOfSpeakerProTempore>1</designationOfSpeakerProTempore>
        <billReferrals>1</billReferrals>
        <introducedInHouse>1</introducedInHouse>
      </actionTypeCounts>
      <item>
        <actionDate>2017-06-29</actionDate>
        <committee>
          <name>Middle East and North Africa Subcommittee</name>
          <systemCode>hsfa13</systemCode>
        </committee>
        <links />
        <sourceSystem>
          <code>1</code>
          <name>House committee actions</name>
        </sourceSystem>
        <text>Forwarded by Subcommittee to Full Committee in the Nature of a Substitute (Amended) by Voice Vote .</text>
        <type>Committee</type>
      </item>
      <item>
        <actionDate>2017-06-29</actionDate>
        <committee>
          <name>Middle East and North Africa Subcommittee</name>
          <systemCode>hsfa13</systemCode>
        </committee>
        <links />
        <sourceSystem>
          <code>1</code>
          <name>House committee actions</name>
        </sourceSystem>
        <text>Subcommittee Consideration and Mark-up Session Held.</text>
        <type>Committee</type>
      </item>
      <item>
        <actionDate>2017-05-18</actionDate>
        <committee>
          <name>Middle East and North Africa Subcommittee</name>
          <systemCode>hsfa13</systemCode>
        </committee>
        <links />
        <sourceSystem>
          <code>1</code>
          <name>House committee actions</name>
        </sourceSystem>
        <text>Referred to the Subcommittee on Middle East and North Africa.</text>
        <type>Committee</type>
      </item>
      <item>
        <text>Referred to the House Committee on Foreign Affairs.</text>
        <links />
        <sourceSystem>
          <code>2</code>
          <name>House floor actions</name>
        </sourceSystem>
        <actionCode>H11100</actionCode>
        <type>IntroReferral</type>
        <committee>
          <name>Foreign Affairs Committee</name>
          <systemCode>hsfa00</systemCode>
        </committee>
        <actionDate>2017-03-21</actionDate>
      </item>
      <item>
        <text>Introduced in House</text>
        <links />
        <sourceSystem>
          <code>9</code>
          <name>Library of Congress</name>
        </sourceSystem>
        <actionCode>Intro-H</actionCode>
        <type>IntroReferral</type>
        <committee />
        <actionDate>2017-03-21</actionDate>
      </item>
      <item>
        <text>Introduced in House</text>
        <links />
        <sourceSystem>
          <code>9</code>
          <name>Library of Congress</name>
        </sourceSystem>
        <actionCode>1000</actionCode>
        <type>IntroReferral</type>
        <committee />
        <actionDate>2017-03-21</actionDate>
      </item>
    </actions>
    <summaries>
      <billSummaries>
        <item>
          <text><![CDATA[<p>Affirms that the U.S.-Israel economic partnership has benefitted both countries and is a foundational component of the strong alliance. </p> <p>Recognizes that science and technology innovation present promising new frontiers for U.S.-Israel economic cooperation, particularly in light of widespread drought, cybersecurity attacks, and other major challenges impacting the United States. </p> <p>Encourages the President to regularize and expand forums of economic dialogue with Israel and foster public and private sector participation.</p> <p>Supports the exploration of new agreements with Israel, including in the fields of energy, water, agriculture, medicine, neurotechnology, and cybersecurity.</p>]]></text>
          <versionCode>00</versionCode>
          <actionDate>2017-03-21</actionDate>
          <name>Introduced in House</name>
          <actionDesc>Introduced in House</actionDesc>
          <lastSummaryUpdateDate>2017-05-16T22:10:12Z</lastSummaryUpdateDate>
          <updateDate>2017-03-21T04:00:00Z</updateDate>
        </item>
      </billSummaries>
    </summaries>
    <constitutionalAuthorityStatementText />
    <billNumber>218</billNumber>
    <calendarNumbers />
    <originChamber>House</originChamber>
    <version>1.0.0</version>
    <subjects>
      <billSubjects>
        <policyArea>
          <name>International Affairs</name>
        </policyArea>
        <legislativeSubjects>
          <item>
            <name>Advanced technology and technological innovations</name>
          </item>
          <item>
            <name>Computer security and identity theft</name>
          </item>
          <item>
            <name>Diplomacy, foreign officials, Americans abroad</name>
          </item>
          <item>
            <name>General energy matters</name>
          </item>
          <item>
            <name>International organizations and cooperation</name>
          </item>
          <item>
            <name>Israel</name>
          </item>
          <item>
            <name>Middle East</name>
          </item>
          <item>
            <name>Public-private cooperation</name>
          </item>
          <item>
            <name>Scientific communication</name>
          </item>
          <item>
            <name>Water use and supply</name>
          </item>
        </legislativeSubjects>
      </billSubjects>
    </subjects>
    <cosponsors>
      <item>
        <bioguideId>A000372</bioguideId>
        <district>12</district>
        <isOriginalCosponsor>True</isOriginalCosponsor>
        <sponsorshipWithdrawnDate />
        <lastName>Allen</lastName>
        <state>GA</state>
        <fullName>Rep. Allen, Rick W. [R-GA-12]</fullName>
        <sponsorshipDate>2017-03-21</sponsorshipDate>
        <middleName>W.</middleName>
        <firstName>Rick</firstName>
        <party>R</party>
        <identifiers>
          <bioguideId>A000372</bioguideId>
          <lisID>2239</lisID>
          <gpoId />
        </identifiers>
      </item>
      <item>
        <bioguideId>C001112</bioguideId>
        <district>24</district>
        <isOriginalCosponsor>True</isOriginalCosponsor>
        <sponsorshipWithdrawnDate />
        <lastName>Carbajal</lastName>
        <state>CA</state>
        <fullName>Rep. Carbajal, Salud O. [D-CA-24]</fullName>
        <sponsorshipDate>2017-03-21</sponsorshipDate>
        <middleName>O.</middleName>
        <firstName>Salud</firstName>
        <party>D</party>
        <identifiers>
          <lisID>2310</lisID>
          <gpoId />
          <bioguideId>C001112</bioguideId>
        </identifiers>
      </item>
      <item>
        <bioguideId>C001084</bioguideId>
        <district>1</district>
        <isOriginalCosponsor>True</isOriginalCosponsor>
        <sponsorshipWithdrawnDate />
        <lastName>Cicilline</lastName>
        <state>RI</state>
        <fullName>Rep. Cicilline, David N. [D-RI-1]</fullName>
        <sponsorshipDate>2017-03-21</sponsorshipDate>
        <middleName>N.</middleName>
        <firstName>David</firstName>
        <party>D</party>
        <identifiers>
          <bioguideId>C001084</bioguideId>
          <lisID>2055</lisID>
          <gpoId>8139</gpoId>
        </identifiers>
      </item>
      <item>
        <bioguideId>C001078</bioguideId>
        <district>11</district>
        <isOriginalCosponsor>True</isOriginalCosponsor>
        <sponsorshipWithdrawnDate />
        <lastName>Connolly</lastName>
        <state>VA</state>
        <fullName>Rep. Connolly, Gerald E. [D-VA-11]</fullName>
        <sponsorshipDate>2017-03-21</sponsorshipDate>
        <middleName>E.</middleName>
        <firstName>Gerald</firstName>
        <party>D</party>
        <identifiers>
          <lisID>1959</lisID>
          <gpoId>8202</gpoId>
          <bioguideId>C001078</bioguideId>
        </identifiers>
      </item>
      <item>
        <bioguideId>D000620</bioguideId>
        <district>6</district>
        <isOriginalCosponsor>True</isOriginalCosponsor>
        <sponsorshipWithdrawnDate />
        <lastName>Delaney</lastName>
        <state>MD</state>
        <fullName>Rep. Delaney, John K. [D-MD-6]</fullName>
        <sponsorshipDate>2017-03-21</sponsorshipDate>
        <middleName>K.</middleName>
        <firstName>John</firstName>
        <party>D</party>
        <identifiers>
          <bioguideId>D000620</bioguideId>
          <lisID>2133</lisID>
          <gpoId />
        </identifiers>
      </item>
      <item>
        <bioguideId>D000621</bioguideId>
        <district>6</district>
        <isOriginalCosponsor>True</isOriginalCosponsor>
        <sponsorshipWithdrawnDate />
        <lastName>DeSantis</lastName>
        <state>FL</state>
        <fullName>Rep. DeSantis, Ron [R-FL-6]</fullName>
        <sponsorshipDate>2017-03-21</sponsorshipDate>
        <middleName />
        <firstName>Ron</firstName>
        <party>R</party>
        <identifiers>
          <bioguideId>D000621</bioguideId>
          <lisID>2116</lisID>
          <gpoId />
        </identifiers>
      </item>
      <item>
        <bioguideId>D000610</bioguideId>
        <district>22</district>
        <isOriginalCosponsor>True</isOriginalCosponsor>
        <sponsorshipWithdrawnDate />
        <lastName>Deutch</lastName>
        <state>FL</state>
        <fullName>Rep. Deutch, Theodore E. [D-FL-22]</fullName>
        <sponsorshipDate>2017-03-21</sponsorshipDate>
        <middleName>E.</middleName>
        <firstName>Theodore</firstName>
        <party>D</party>
        <identifiers>
          <gpoId>7891</gpoId>
          <lisID>1976</lisID>
          <bioguideId>D000610</bioguideId>
        </identifiers>
      </item>
      <item>
        <bioguideId>D000625</bioguideId>
        <district>11</district>
        <isOriginalCosponsor>True</isOriginalCosponsor>
        <sponsorshipWithdrawnDate />
        <lastName>Donovan</lastName>
        <state>NY</state>
        <fullName>Rep. Donovan, Daniel M., Jr. [R-NY-11]</fullName>
        <sponsorshipDate>2017-03-21</sponsorshipDate>
        <middleName>M.</middleName>
        <firstName>Daniel</firstName>
        <party>R</party>
        <identifiers>
          <lisID>2293</lisID>
          <bioguideId>D000625</bioguideId>
          <gpoId />
        </identifiers>
      </item>
      <item>
        <bioguideId>F000454</bioguideId>
        <district>11</district>
        <isOriginalCosponsor>True</isOriginalCosponsor>
        <sponsorshipWithdrawnDate />
        <lastName>Foster</lastName>
        <state>IL</state>
        <fullName>Rep. Foster, Bill [D-IL-11]</fullName>
        <sponsorshipDate>2017-03-21</sponsorshipDate>
        <middleName />
        <firstName>Bill</firstName>
        <party>D</party>
        <identifiers>
          <lisID>1888</lisID>
          <gpoId>7355</gpoId>
          <bioguideId>F000454</bioguideId>
        </identifiers>
      </item>
      <item>
        <bioguideId>F000462</bioguideId>
        <district>21</district>
        <isOriginalCosponsor>True</isOriginalCosponsor>
        <sponsorshipWithdrawnDate />
        <lastName>Frankel</lastName>
        <state>FL</state>
        <fullName>Rep. Frankel, Lois [D-FL-21]</fullName>
        <sponsorshipDate>2017-03-21</sponsorshipDate>
        <middleName />
        <firstName>Lois</firstName>
        <party>D</party>
        <identifiers>
          <lisID>2119</lisID>
          <gpoId />
          <bioguideId>F000462</bioguideId>
        </identifiers>
      </item>
      <item>
        <bioguideId>G000410</bioguideId>
        <district>29</district>
        <isOriginalCosponsor>True</isOriginalCosponsor>
        <sponsorshipWithdrawnDate />
        <lastName>GREEN</lastName>
        <state>TX</state>
        <fullName>Rep. Green, Gene [D-TX-29]</fullName>
        <sponsorshipDate>2017-03-21</sponsorshipDate>
        <middleName />
        <firstName>GENE</firstName>
        <party>D</party>
        <identifiers>
          <gpoId>8185</gpoId>
          <bioguideId>G000410</bioguideId>
          <lisID>462</lisID>
        </identifiers>
      </item>
      <item>
        <bioguideId>H000324</bioguideId>
        <district>20</district>
        <isOriginalCosponsor>True</isOriginalCosponsor>
        <sponsorshipWithdrawnDate />
        <lastName>HASTINGS</lastName>
        <state>FL</state>
        <fullName>Rep. Hastings, Alcee L. [D-FL-20]</fullName>
        <sponsorshipDate>2017-03-21</sponsorshipDate>
        <middleName>L.</middleName>
        <firstName>ALCEE</firstName>
        <party>D</party>
        <identifiers>
          <gpoId>7895</gpoId>
          <lisID>511</lisID>
          <bioguideId>H000324</bioguideId>
        </identifiers>
      </item>
      <item>
        <bioguideId>J000290</bioguideId>
        <district>2</district>
        <isOriginalCosponsor>True</isOriginalCosponsor>
        <sponsorshipWithdrawnDate />
        <lastName>Jenkins</lastName>
        <state>KS</state>
        <fullName>Rep. Jenkins, Lynn [R-KS-2]</fullName>
        <sponsorshipDate>2017-03-21</sponsorshipDate>
        <middleName />
        <firstName>Lynn</firstName>
        <party>R</party>
        <identifiers>
          <lisID>1921</lisID>
          <bioguideId>J000290</bioguideId>
          <gpoId>7950</gpoId>
        </identifiers>
      </item>
      <item>
        <bioguideId>K000385</bioguideId>
        <district>2</district>
        <isOriginalCosponsor>True</isOriginalCosponsor>
        <sponsorshipWithdrawnDate />
        <lastName>Kelly</lastName>
        <state>IL</state>
        <fullName>Rep. Kelly, Robin L. [D-IL-2]</fullName>
        <sponsorshipDate>2017-03-21</sponsorshipDate>
        <middleName>L.</middleName>
        <firstName>Robin</firstName>
        <party>D</party>
        <identifiers>
          <bioguideId>K000385</bioguideId>
          <lisID>2190</lisID>
          <gpoId />
        </identifiers>
      </item>
      <item>
        <bioguideId>K000210</bioguideId>
        <district>2</district>
        <isOriginalCosponsor>True</isOriginalCosponsor>
        <sponsorshipWithdrawnDate />
        <lastName>KING</lastName>
        <state>NY</state>
        <fullName>Rep. King, Peter T. [R-NY-2]</fullName>
        <sponsorshipDate>2017-03-21</sponsorshipDate>
        <middleName>T.</middleName>
        <firstName>PETER</firstName>
        <party>R</party>
        <identifiers>
          <lisID>635</lisID>
          <gpoId>8064</gpoId>
          <bioguideId>K000210</bioguideId>
        </identifiers>
      </item>
      <item>
        <bioguideId>L000564</bioguideId>
        <district>5</district>
        <isOriginalCosponsor>True</isOriginalCosponsor>
        <sponsorshipWithdrawnDate />
        <lastName>Lamborn</lastName>
        <state>CO</state>
        <fullName>Rep. Lamborn, Doug [R-CO-5]</fullName>
        <sponsorshipDate>2017-03-21</sponsorshipDate>
        <middleName />
        <firstName>Doug</firstName>
        <party>R</party>
        <identifiers>
          <gpoId>7863</gpoId>
          <bioguideId>L000564</bioguideId>
          <lisID>1834</lisID>
        </identifiers>
      </item>
      <item>
        <bioguideId>L000559</bioguideId>
        <district>2</district>
        <isOriginalCosponsor>True</isOriginalCosponsor>
        <sponsorshipWithdrawnDate />
        <lastName>LANGEVIN</lastName>
        <state>RI</state>
        <fullName>Rep. Langevin, James R. [D-RI-2]</fullName>
        <sponsorshipDate>2017-03-21</sponsorshipDate>
        <middleName>R.</middleName>
        <firstName>JAMES</firstName>
        <party>D</party>
        <identifiers>
          <lisID>1668</lisID>
          <bioguideId>L000559</bioguideId>
          <gpoId>8140</gpoId>
        </identifiers>
      </item>
      <item>
        <bioguideId>L000563</bioguideId>
        <district>3</district>
        <isOriginalCosponsor>True</isOriginalCosponsor>
        <sponsorshipWithdrawnDate />
        <lastName>Lipinski</lastName>
        <state>IL</state>
        <fullName>Rep. Lipinski, Daniel [D-IL-3]</fullName>
        <sponsorshipDate>2017-03-21</sponsorshipDate>
        <middleName>William</middleName>
        <firstName>Daniel</firstName>
        <party>D</party>
        <identifiers>
          <lisID>1781</lisID>
          <gpoId>7923</gpoId>
          <bioguideId>L000563</bioguideId>
        </identifiers>
      </item>
      <item>
        <bioguideId>L000579</bioguideId>
        <district>47</district>
        <isOriginalCosponsor>True</isOriginalCosponsor>
        <sponsorshipWithdrawnDate />
        <lastName>Lowenthal</lastName>
        <state>CA</state>
        <fullName>Rep. Lowenthal, Alan S. [D-CA-47]</fullName>
        <sponsorshipDate>2017-03-21</sponsorshipDate>
        <middleName>S.</middleName>
        <firstName>Alan</firstName>
        <party>D</party>
        <identifiers>
          <bioguideId>L000579</bioguideId>
          <gpoId />
          <lisID>2111</lisID>
        </identifiers>
      </item>
      <item>
        <bioguideId>M001179</bioguideId>
        <district>10</district>
        <isOriginalCosponsor>True</isOriginalCosponsor>
        <sponsorshipWithdrawnDate />
        <lastName>Marino</lastName>
        <state>PA</state>
        <fullName>Rep. Marino, Tom [R-PA-10]</fullName>
        <sponsorshipDate>2017-03-21</sponsorshipDate>
        <middleName />
        <firstName>Tom</firstName>
        <party>R</party>
        <identifiers>
          <lisID>2053</lisID>
          <bioguideId>M001179</bioguideId>
          <gpoId>8128</gpoId>
        </identifiers>
      </item>
      <item>
        <bioguideId>M001160</bioguideId>
        <district>4</district>
        <isOriginalCosponsor>True</isOriginalCosponsor>
        <sponsorshipWithdrawnDate />
        <lastName>Moore</lastName>
        <state>WI</state>
        <fullName>Rep. Moore, Gwen [D-WI-4]</fullName>
        <sponsorshipDate>2017-03-21</sponsorshipDate>
        <middleName />
        <firstName>Gwen</firstName>
        <party>D</party>
        <identifiers>
          <bioguideId>M001160</bioguideId>
          <gpoId>8217</gpoId>
          <lisID>1811</lisID>
        </identifiers>
      </item>
      <item>
        <bioguideId>N000002</bioguideId>
        <district>10</district>
        <isOriginalCosponsor>True</isOriginalCosponsor>
        <sponsorshipWithdrawnDate />
        <lastName>NADLER</lastName>
        <state>NY</state>
        <fullName>Rep. Nadler, Jerrold [D-NY-10]</fullName>
        <sponsorshipDate>2017-03-21</sponsorshipDate>
        <middleName />
        <firstName>JERROLD</firstName>
        <party>D</party>
        <identifiers>
          <bioguideId>N000002</bioguideId>
          <lisID>850</lisID>
          <gpoId>8069</gpoId>
        </identifiers>
      </item>
      <item>
        <bioguideId>P000592</bioguideId>
        <district>2</district>
        <isOriginalCosponsor>True</isOriginalCosponsor>
        <sponsorshipWithdrawnDate />
        <lastName>Poe</lastName>
        <state>TX</state>
        <fullName>Rep. Poe, Ted [R-TX-2]</fullName>
        <sponsorshipDate>2017-03-21</sponsorshipDate>
        <middleName />
        <firstName>Ted</firstName>
        <party>R</party>
        <identifiers>
          <lisID>1802</lisID>
          <bioguideId>P000592</bioguideId>
          <gpoId>8158</gpoId>
        </identifiers>
      </item>
      <item>
        <bioguideId>Q000023</bioguideId>
        <district>5</district>
        <isOriginalCosponsor>True</isOriginalCosponsor>
        <sponsorshipWithdrawnDate />
        <lastName>Quigley</lastName>
        <state>IL</state>
        <fullName>Rep. Quigley, Mike [D-IL-5]</fullName>
        <sponsorshipDate>2017-03-21</sponsorshipDate>
        <middleName />
        <firstName>Mike</firstName>
        <party>D</party>
        <identifiers>
          <gpoId>7925</gpoId>
          <bioguideId>Q000023</bioguideId>
          <lisID>1967</lisID>
        </identifiers>
      </item>
      <item>
        <bioguideId>R000602</bioguideId>
        <district>4</district>
        <isOriginalCosponsor>True</isOriginalCosponsor>
        <sponsorshipWithdrawnDate />
        <lastName>Rice</lastName>
        <state>NY</state>
        <fullName>Rep. Rice, Kathleen M. [D-NY-4]</fullName>
        <sponsorshipDate>2017-03-21</sponsorshipDate>
        <middleName>M.</middleName>
        <firstName>Kathleen</firstName>
        <party>D</party>
        <identifiers>
          <lisID>2262</lisID>
          <bioguideId>R000602</bioguideId>
          <gpoId />
        </identifiers>
      </item>
      <item>
        <bioguideId>R000608</bioguideId>
        <district>3</district>
        <isOriginalCosponsor>True</isOriginalCosponsor>
        <sponsorshipWithdrawnDate />
        <lastName>Rosen</lastName>
        <state>NV</state>
        <fullName>Rep. Rosen, Jacky [D-NV-3]</fullName>
        <sponsorshipDate>2017-03-21</sponsorshipDate>
        <middleName />
        <firstName>Jacky</firstName>
        <party>D</party>
        <identifiers>
          <lisID>2339</lisID>
          <bioguideId>R000608</bioguideId>
          <gpoId />
        </identifiers>
      </item>
      <item>
        <bioguideId>R000580</bioguideId>
        <district>6</district>
        <isOriginalCosponsor>True</isOriginalCosponsor>
        <sponsorshipWithdrawnDate />
        <lastName>Roskam</lastName>
        <state>IL</state>
        <fullName>Rep. Roskam, Peter J. [R-IL-6]</fullName>
        <sponsorshipDate>2017-03-21</sponsorshipDate>
        <middleName>J.</middleName>
        <firstName>Peter</firstName>
        <party>R</party>
        <identifiers>
          <lisID>1848</lisID>
          <bioguideId>R000580</bioguideId>
          <gpoId>7926</gpoId>
        </identifiers>
      </item>
      <item>
        <bioguideId>R000435</bioguideId>
        <district>27</district>
        <isOriginalCosponsor>True</isOriginalCosponsor>
        <sponsorshipWithdrawnDate />
        <lastName>ROS-LEHTINEN</lastName>
        <state>FL</state>
        <fullName>Rep. Ros-Lehtinen, Ileana [R-FL-27]</fullName>
        <sponsorshipDate>2017-03-21</sponsorshipDate>
        <middleName />
        <firstName>ILEANA</firstName>
        <party>R</party>
        <identifiers>
          <lisID>985</lisID>
          <bioguideId>R000435</bioguideId>
          <gpoId>7890</gpoId>
        </identifiers>
      </item>
      <item>
        <bioguideId>S000248</bioguideId>
        <district>15</district>
        <isOriginalCosponsor>True</isOriginalCosponsor>
        <sponsorshipWithdrawnDate />
        <lastName>SERRANO</lastName>
        <state>NY</state>
        <fullName>Rep. Serrano, Jose E. [D-NY-15]</fullName>
        <sponsorshipDate>2017-03-21</sponsorshipDate>
        <middleName>E.</middleName>
        <firstName>JOSE</firstName>
        <party>D</party>
        <identifiers>
          <lisID>1042</lisID>
          <bioguideId>S000248</bioguideId>
          <gpoId>8077</gpoId>
        </identifiers>
      </item>
      <item>
        <bioguideId>S001193</bioguideId>
        <district>15</district>
        <isOriginalCosponsor>True</isOriginalCosponsor>
        <sponsorshipWithdrawnDate />
        <lastName>Swalwell</lastName>
        <state>CA</state>
        <fullName>Rep. Swalwell, Eric [D-CA-15]</fullName>
        <sponsorshipDate>2017-03-21</sponsorshipDate>
        <middleName />
        <firstName>Eric</firstName>
        <party>D</party>
        <identifiers>
          <lisID>2104</lisID>
          <bioguideId>S001193</bioguideId>
          <gpoId />
        </identifiers>
      </item>
      <item>
        <bioguideId>V000081</bioguideId>
        <district>7</district>
        <isOriginalCosponsor>True</isOriginalCosponsor>
        <sponsorshipWithdrawnDate />
        <lastName>VELAZQUEZ</lastName>
        <state>NY</state>
        <fullName>Rep. Velazquez, Nydia M. [D-NY-7]</fullName>
        <sponsorshipDate>2017-03-21</sponsorshipDate>
        <middleName>M.</middleName>
        <firstName>NYDIA</firstName>
        <party>D</party>
        <identifiers>
          <gpoId>8073</gpoId>
          <bioguideId>V000081</bioguideId>
          <lisID>1184</lisID>
        </identifiers>
      </item>
      <item>
        <bioguideId>W000797</bioguideId>
        <district>23</district>
        <isOriginalCosponsor>True</isOriginalCosponsor>
        <sponsorshipWithdrawnDate />
        <lastName>Wasserman Schultz</lastName>
        <state>FL</state>
        <fullName>Rep. Wasserman Schultz, Debbie [D-FL-23]</fullName>
        <sponsorshipDate>2017-03-21</sponsorshipDate>
        <middleName />
        <firstName>Debbie</firstName>
        <party>D</party>
        <identifiers>
          <bioguideId>W000797</bioguideId>
          <lisID>1777</lisID>
          <gpoId>7892</gpoId>
        </identifiers>
      </item>
      <item>
        <bioguideId>Y000065</bioguideId>
        <district>3</district>
        <isOriginalCosponsor>True</isOriginalCosponsor>
        <sponsorshipWithdrawnDate />
        <lastName>Yoho</lastName>
        <state>FL</state>
        <fullName>Rep. Yoho, Ted S. [R-FL-3]</fullName>
        <sponsorshipDate>2017-03-21</sponsorshipDate>
        <middleName>S.</middleName>
        <firstName>Ted</firstName>
        <party>R</party>
        <identifiers>
          <lisID>2115</lisID>
          <gpoId />
          <bioguideId>Y000065</bioguideId>
        </identifiers>
      </item>
      <item>
        <bioguideId>R000592</bioguideId>
        <district>4</district>
        <isOriginalCosponsor>True</isOriginalCosponsor>
        <sponsorshipWithdrawnDate />
        <lastName>Rokita</lastName>
        <state>IN</state>
        <fullName>Rep. Rokita, Todd [R-IN-4]</fullName>
        <sponsorshipDate>2017-03-21</sponsorshipDate>
        <middleName />
        <firstName>Todd</firstName>
        <party>R</party>
        <identifiers>
          <bioguideId>R000592</bioguideId>
          <gpoId>7943</gpoId>
          <lisID>2017</lisID>
        </identifiers>
      </item>
      <item>
        <bioguideId>M001202</bioguideId>
        <district>7</district>
        <isOriginalCosponsor>True</isOriginalCosponsor>
        <sponsorshipWithdrawnDate />
        <lastName>Murphy</lastName>
        <state>FL</state>
        <fullName>Rep. Murphy, Stephanie N. [D-FL-7]</fullName>
        <sponsorshipDate>2017-03-21</sponsorshipDate>
        <middleName>N.</middleName>
        <firstName>Stephanie</firstName>
        <party>D</party>
        <identifiers>
          <gpoId />
          <lisID>2318</lisID>
          <bioguideId>M001202</bioguideId>
        </identifiers>
      </item>
      <item>
        <bioguideId>M001188</bioguideId>
        <district>6</district>
        <isOriginalCosponsor>True</isOriginalCosponsor>
        <sponsorshipWithdrawnDate />
        <lastName>Meng</lastName>
        <state>NY</state>
        <fullName>Rep. Meng, Grace [D-NY-6]</fullName>
        <sponsorshipDate>2017-03-21</sponsorshipDate>
        <middleName />
        <firstName>Grace</firstName>
        <party>D</party>
        <identifiers>
          <bioguideId>M001188</bioguideId>
          <lisID>2148</lisID>
          <gpoId />
        </identifiers>
      </item>
      <item>
        <bioguideId>O000170</bioguideId>
        <district>16</district>
        <isOriginalCosponsor>False</isOriginalCosponsor>
        <sponsorshipWithdrawnDate />
        <lastName>O'Rourke</lastName>
        <state>TX</state>
        <fullName>Rep. O'Rourke, Beto [D-TX-16]</fullName>
        <sponsorshipDate>2017-03-27</sponsorshipDate>
        <middleName />
        <firstName>Beto</firstName>
        <party>D</party>
        <identifiers>
          <lisID>2162</lisID>
          <gpoId />
          <bioguideId>O000170</bioguideId>
        </identifiers>
      </item>
      <item>
        <bioguideId>C001068</bioguideId>
        <district>9</district>
        <isOriginalCosponsor>False</isOriginalCosponsor>
        <sponsorshipWithdrawnDate />
        <lastName>Cohen</lastName>
        <state>TN</state>
        <fullName>Rep. Cohen, Steve [D-TN-9]</fullName>
        <sponsorshipDate>2017-03-27</sponsorshipDate>
        <middleName />
        <firstName>Steve</firstName>
        <party>D</party>
        <identifiers>
          <bioguideId>C001068</bioguideId>
          <lisID>1878</lisID>
          <gpoId>8156</gpoId>
        </identifiers>
      </item>
      <item>
        <bioguideId>B001257</bioguideId>
        <district>12</district>
        <isOriginalCosponsor>False</isOriginalCosponsor>
        <sponsorshipWithdrawnDate />
        <lastName>Bilirakis</lastName>
        <state>FL</state>
        <fullName>Rep. Bilirakis, Gus M. [R-FL-12]</fullName>
        <sponsorshipDate>2017-03-27</sponsorshipDate>
        <middleName>M.</middleName>
        <firstName>Gus</firstName>
        <party>R</party>
        <identifiers>
          <bioguideId>B001257</bioguideId>
          <lisID>1838</lisID>
          <gpoId>7881</gpoId>
        </identifiers>
      </item>
      <item>
        <bioguideId>F000460</bioguideId>
        <district>27</district>
        <isOriginalCosponsor>False</isOriginalCosponsor>
        <sponsorshipWithdrawnDate />
        <lastName>Farenthold</lastName>
        <state>TX</state>
        <fullName>Rep. Farenthold, Blake [R-TX-27]</fullName>
        <sponsorshipDate>2017-03-27</sponsorshipDate>
        <middleName />
        <firstName>Blake</firstName>
        <party>R</party>
        <identifiers>
          <bioguideId>F000460</bioguideId>
          <lisID>2067</lisID>
          <gpoId>8183</gpoId>
        </identifiers>
      </item>
      <item>
        <bioguideId>R000588</bioguideId>
        <district>2</district>
        <isOriginalCosponsor>False</isOriginalCosponsor>
        <sponsorshipWithdrawnDate />
        <lastName>Richmond</lastName>
        <state>LA</state>
        <fullName>Rep. Richmond, Cedric L. [D-LA-2]</fullName>
        <sponsorshipDate>2017-04-17</sponsorshipDate>
        <middleName>L.</middleName>
        <firstName>Cedric</firstName>
        <party>D</party>
        <identifiers>
          <lisID>2023</lisID>
          <bioguideId>R000588</bioguideId>
          <gpoId>7960</gpoId>
        </identifiers>
      </item>
      <item>
        <bioguideId>W000814</bioguideId>
        <district>14</district>
        <isOriginalCosponsor>False</isOriginalCosponsor>
        <sponsorshipWithdrawnDate />
        <lastName>Weber</lastName>
        <state>TX</state>
        <fullName>Rep. Weber, Randy K., Sr. [R-TX-14]</fullName>
        <sponsorshipDate>2017-04-17</sponsorshipDate>
        <middleName>K.</middleName>
        <firstName>Randy</firstName>
        <party>R</party>
        <identifiers>
          <bioguideId>W000814</bioguideId>
          <gpoId />
          <lisID>2161</lisID>
        </identifiers>
      </item>
      <item>
        <bioguideId>P000034</bioguideId>
        <district>6</district>
        <isOriginalCosponsor>False</isOriginalCosponsor>
        <sponsorshipWithdrawnDate />
        <lastName>PALLONE</lastName>
        <state>NJ</state>
        <fullName>Rep. Pallone, Frank, Jr. [D-NJ-6]</fullName>
        <sponsorshipDate>2017-04-17</sponsorshipDate>
        <middleName />
        <firstName>FRANK</firstName>
        <party>D</party>
        <identifiers>
          <bioguideId>P000034</bioguideId>
          <lisID>887</lisID>
          <gpoId>8048</gpoId>
        </identifiers>
      </item>
      <item>
        <bioguideId>K000381</bioguideId>
        <district>6</district>
        <isOriginalCosponsor>False</isOriginalCosponsor>
        <sponsorshipWithdrawnDate />
        <lastName>Kilmer</lastName>
        <state>WA</state>
        <fullName>Rep. Kilmer, Derek [D-WA-6]</fullName>
        <sponsorshipDate>2017-04-17</sponsorshipDate>
        <middleName />
        <firstName>Derek</firstName>
        <party>D</party>
        <identifiers>
          <lisID>2169</lisID>
          <bioguideId>K000381</bioguideId>
          <gpoId />
        </identifiers>
      </item>
      <item>
        <bioguideId>C001094</bioguideId>
        <district>8</district>
        <isOriginalCosponsor>False</isOriginalCosponsor>
        <sponsorshipWithdrawnDate />
        <lastName>Cook</lastName>
        <state>CA</state>
        <fullName>Rep. Cook, Paul [R-CA-8]</fullName>
        <sponsorshipDate>2017-04-26</sponsorshipDate>
        <middleName />
        <firstName>Paul</firstName>
        <party>R</party>
        <identifiers>
          <bioguideId>C001094</bioguideId>
          <gpoId />
          <lisID>2103</lisID>
        </identifiers>
      </item>
      <item>
        <bioguideId>S001190</bioguideId>
        <district>10</district>
        <isOriginalCosponsor>False</isOriginalCosponsor>
        <sponsorshipWithdrawnDate />
        <lastName>Schneider</lastName>
        <state>IL</state>
        <fullName>Rep. Schneider, Bradley Scott [D-IL-10]</fullName>
        <sponsorshipDate>2017-04-26</sponsorshipDate>
        <middleName>Scott</middleName>
        <firstName>Bradley</firstName>
        <party>D</party>
        <identifiers>
          <gpoId />
          <lisID>2124</lisID>
          <bioguideId>S001190</bioguideId>
        </identifiers>
      </item>
      <item>
        <bioguideId>C001080</bioguideId>
        <district>27</district>
        <isOriginalCosponsor>False</isOriginalCosponsor>
        <sponsorshipWithdrawnDate />
        <lastName>Chu</lastName>
        <state>CA</state>
        <fullName>Rep. Chu, Judy [D-CA-27]</fullName>
        <sponsorshipDate>2017-04-28</sponsorshipDate>
        <middleName />
        <firstName>Judy</firstName>
        <party>D</party>
        <identifiers>
          <bioguideId>C001080</bioguideId>
          <gpoId>7837</gpoId>
          <lisID>1970</lisID>
        </identifiers>
      </item>
      <item>
        <bioguideId>M001163</bioguideId>
        <district>6</district>
        <isOriginalCosponsor>False</isOriginalCosponsor>
        <sponsorshipWithdrawnDate />
        <lastName>Matsui</lastName>
        <state>CA</state>
        <fullName>Rep. Matsui, Doris O. [D-CA-6]</fullName>
        <sponsorshipDate>2017-05-01</sponsorshipDate>
        <middleName>O.</middleName>
        <firstName>Doris</firstName>
        <party>D</party>
        <identifiers>
          <bioguideId>M001163</bioguideId>
          <lisID>1814</lisID>
          <gpoId>7810</gpoId>
        </identifiers>
      </item>
      <item>
        <bioguideId>C000266</bioguideId>
        <district>1</district>
        <isOriginalCosponsor>False</isOriginalCosponsor>
        <sponsorshipWithdrawnDate />
        <lastName>CHABOT</lastName>
        <state>OH</state>
        <fullName>Rep. Chabot, Steve [R-OH-1]</fullName>
        <sponsorshipDate>2017-05-16</sponsorshipDate>
        <middleName />
        <firstName>STEVE</firstName>
        <party>R</party>
        <identifiers>
          <lisID>186</lisID>
          <bioguideId>C000266</bioguideId>
          <gpoId>8091</gpoId>
        </identifiers>
      </item>
      <item>
        <bioguideId>B001296</bioguideId>
        <district>13</district>
        <isOriginalCosponsor>False</isOriginalCosponsor>
        <sponsorshipWithdrawnDate />
        <lastName>Boyle</lastName>
        <state>PA</state>
        <fullName>Rep. Boyle, Brendan F. [D-PA-13]</fullName>
        <sponsorshipDate>2017-05-19</sponsorshipDate>
        <middleName>F.</middleName>
        <firstName>Brendan</firstName>
        <party>D</party>
        <identifiers>
          <bioguideId>B001296</bioguideId>
          <lisID>2267</lisID>
          <gpoId />
        </identifiers>
      </item>
      <item>
        <bioguideId>R000609</bioguideId>
        <district>4</district>
        <isOriginalCosponsor>False</isOriginalCosponsor>
        <sponsorshipWithdrawnDate />
        <lastName>Rutherford</lastName>
        <state>FL</state>
        <fullName>Rep. Rutherford, John H. [R-FL-4]</fullName>
        <sponsorshipDate>2017-05-23</sponsorshipDate>
        <middleName>H.</middleName>
        <firstName>John</firstName>
        <party>R</party>
        <identifiers>
          <bioguideId>R000609</bioguideId>
          <gpoId />
          <lisID>2316</lisID>
        </identifiers>
      </item>
      <item>
        <bioguideId>G000565</bioguideId>
        <district>4</district>
        <isOriginalCosponsor>False</isOriginalCosponsor>
        <sponsorshipWithdrawnDate />
        <lastName>Gosar</lastName>
        <state>AZ</state>
        <fullName>Rep. Gosar, Paul A. [R-AZ-4]</fullName>
        <sponsorshipDate>2017-05-24</sponsorshipDate>
        <middleName>A.</middleName>
        <firstName>Paul</firstName>
        <party>R</party>
        <identifiers>
          <gpoId>7798</gpoId>
          <lisID>1992</lisID>
          <bioguideId>G000565</bioguideId>
        </identifiers>
      </item>
      <item>
        <bioguideId>W000812</bioguideId>
        <district>2</district>
        <isOriginalCosponsor>False</isOriginalCosponsor>
        <sponsorshipWithdrawnDate />
        <lastName>Wagner</lastName>
        <state>MO</state>
        <fullName>Rep. Wagner, Ann [R-MO-2]</fullName>
        <sponsorshipDate>2017-05-26</sponsorshipDate>
        <middleName />
        <firstName>Ann</firstName>
        <party>R</party>
        <identifiers>
          <lisID>2137</lisID>
          <bioguideId>W000812</bioguideId>
          <gpoId />
        </identifiers>
      </item>
      <item>
        <bioguideId>H001038</bioguideId>
        <district>26</district>
        <isOriginalCosponsor>False</isOriginalCosponsor>
        <sponsorshipWithdrawnDate />
        <lastName>Higgins</lastName>
        <state>NY</state>
        <fullName>Rep. Higgins, Brian [D-NY-26]</fullName>
        <sponsorshipDate>2017-05-30</sponsorshipDate>
        <middleName />
        <firstName>Brian</firstName>
        <party>D</party>
        <identifiers>
          <gpoId>8088</gpoId>
          <bioguideId>H001038</bioguideId>
          <lisID>1794</lisID>
        </identifiers>
      </item>
      <item>
        <bioguideId>S001201</bioguideId>
        <district>3</district>
        <isOriginalCosponsor>False</isOriginalCosponsor>
        <sponsorshipWithdrawnDate />
        <lastName>Suozzi</lastName>
        <state>NY</state>
        <fullName>Rep. Suozzi, Thomas R. [D-NY-3]</fullName>
        <sponsorshipDate>2017-05-30</sponsorshipDate>
        <middleName>R.</middleName>
        <firstName>Thomas</firstName>
        <party>D</party>
        <identifiers>
          <gpoId />
          <lisID>2341</lisID>
          <bioguideId>S001201</bioguideId>
        </identifiers>
      </item>
      <item>
        <bioguideId>S001150</bioguideId>
        <district>28</district>
        <isOriginalCosponsor>False</isOriginalCosponsor>
        <sponsorshipWithdrawnDate />
        <lastName>SCHIFF</lastName>
        <state>CA</state>
        <fullName>Rep. Schiff, Adam B. [D-CA-28]</fullName>
        <sponsorshipDate>2017-06-02</sponsorshipDate>
        <middleName>B.</middleName>
        <firstName>ADAM</firstName>
        <party>D</party>
        <identifiers>
          <bioguideId>S001150</bioguideId>
          <lisID>1635</lisID>
          <gpoId>7834</gpoId>
        </identifiers>
      </item>
      <item>
        <bioguideId>V000131</bioguideId>
        <district>33</district>
        <isOriginalCosponsor>False</isOriginalCosponsor>
        <sponsorshipWithdrawnDate />
        <lastName>Veasey</lastName>
        <state>TX</state>
        <fullName>Rep. Veasey, Marc A. [D-TX-33]</fullName>
        <sponsorshipDate>2017-06-02</sponsorshipDate>
        <middleName>A.</middleName>
        <firstName>Marc</firstName>
        <party>D</party>
        <identifiers>
          <lisID>2166</lisID>
          <bioguideId>V000131</bioguideId>
          <gpoId />
        </identifiers>
      </item>
      <item>
        <bioguideId>S001157</bioguideId>
        <district>13</district>
        <isOriginalCosponsor>False</isOriginalCosponsor>
        <sponsorshipWithdrawnDate />
        <lastName>Scott</lastName>
        <state>GA</state>
        <fullName>Rep. Scott, David [D-GA-13]</fullName>
        <sponsorshipDate>2017-06-13</sponsorshipDate>
        <middleName />
        <firstName>David</firstName>
        <party>D</party>
        <identifiers>
          <lisID>1722</lisID>
          <bioguideId>S001157</bioguideId>
          <gpoId>7910</gpoId>
        </identifiers>
      </item>
      <item>
        <bioguideId>B001248</bioguideId>
        <district>26</district>
        <isOriginalCosponsor>False</isOriginalCosponsor>
        <sponsorshipWithdrawnDate />
        <lastName>Burgess</lastName>
        <state>TX</state>
        <fullName>Rep. Burgess, Michael C. [R-TX-26]</fullName>
        <sponsorshipDate>2017-06-20</sponsorshipDate>
        <middleName>C.</middleName>
        <firstName>Michael</firstName>
        <party>R</party>
        <identifiers>
          <bioguideId>B001248</bioguideId>
          <lisID>1751</lisID>
          <gpoId>8182</gpoId>
        </identifiers>
      </item>
      <item>
        <bioguideId>Z000017</bioguideId>
        <district>1</district>
        <isOriginalCosponsor>False</isOriginalCosponsor>
        <sponsorshipWithdrawnDate />
        <lastName>Zeldin</lastName>
        <state>NY</state>
        <fullName>Rep. Zeldin, Lee M. [R-NY-1]</fullName>
        <sponsorshipDate>2017-06-26</sponsorshipDate>
        <middleName>M.</middleName>
        <firstName>Lee</firstName>
        <party>R</party>
        <identifiers>
          <lisID>2261</lisID>
          <gpoId />
          <bioguideId>Z000017</bioguideId>
        </identifiers>
      </item>
      <item>
        <bioguideId>W000795</bioguideId>
        <district>2</district>
        <isOriginalCosponsor>False</isOriginalCosponsor>
        <sponsorshipWithdrawnDate />
        <lastName>Wilson</lastName>
        <state>SC</state>
        <fullName>Rep. Wilson, Joe [R-SC-2]</fullName>
        <sponsorshipDate>2017-06-27</sponsorshipDate>
        <middleName />
        <firstName>Joe</firstName>
        <party>R</party>
        <identifiers>
          <lisID>1688</lisID>
          <gpoId>8142</gpoId>
          <bioguideId>W000795</bioguideId>
        </identifiers>
      </item>
      <item>
        <bioguideId>F000448</bioguideId>
        <district>8</district>
        <isOriginalCosponsor>False</isOriginalCosponsor>
        <sponsorshipWithdrawnDate />
        <lastName>Franks</lastName>
        <state>AZ</state>
        <fullName>Rep. Franks, Trent [R-AZ-8]</fullName>
        <sponsorshipDate>2017-06-28</sponsorshipDate>
        <middleName />
        <firstName>Trent</firstName>
        <party>R</party>
        <identifiers>
          <gpoId>7799</gpoId>
          <lisID>1707</lisID>
          <bioguideId>F000448</bioguideId>
        </identifiers>
      </item>
      <item>
        <bioguideId>C001106</bioguideId>
        <district>6</district>
        <isOriginalCosponsor>False</isOriginalCosponsor>
        <sponsorshipWithdrawnDate />
        <lastName>Costello</lastName>
        <state>PA</state>
        <fullName>Rep. Costello, Ryan A. [R-PA-6]</fullName>
        <sponsorshipDate>2017-06-28</sponsorshipDate>
        <middleName>A.</middleName>
        <firstName>Ryan</firstName>
        <party>R</party>
        <identifiers>
          <gpoId />
          <lisID>2266</lisID>
          <bioguideId>C001106</bioguideId>
        </identifiers>
      </item>
      <item>
        <bioguideId>V000130</bioguideId>
        <district>51</district>
        <isOriginalCosponsor>False</isOriginalCosponsor>
        <sponsorshipWithdrawnDate />
        <lastName>Vargas</lastName>
        <state>CA</state>
        <fullName>Rep. Vargas, Juan [D-CA-51]</fullName>
        <sponsorshipDate>2017-06-28</sponsorshipDate>
        <middleName />
        <firstName>Juan</firstName>
        <party>D</party>
        <identifiers>
          <lisID>2112</lisID>
          <bioguideId>V000130</bioguideId>
          <gpoId />
        </identifiers>
      </item>
      <item>
        <bioguideId>R000604</bioguideId>
        <district>5</district>
        <isOriginalCosponsor>False</isOriginalCosponsor>
        <sponsorshipWithdrawnDate />
        <lastName>Russell</lastName>
        <state>OK</state>
        <fullName>Rep. Russell, Steve [R-OK-5]</fullName>
        <sponsorshipDate>2017-06-28</sponsorshipDate>
        <middleName />
        <firstName>Steve</firstName>
        <party>R</party>
        <identifiers>
          <gpoId />
          <bioguideId>R000604</bioguideId>
          <lisID>2265</lisID>
        </identifiers>
      </item>
      <item>
        <bioguideId>C001059</bioguideId>
        <district>16</district>
        <isOriginalCosponsor>False</isOriginalCosponsor>
        <sponsorshipWithdrawnDate />
        <lastName>Costa</lastName>
        <state>CA</state>
        <fullName>Rep. Costa, Jim [D-CA-16]</fullName>
        <sponsorshipDate>2017-06-28</sponsorshipDate>
        <middleName />
        <firstName>Jim</firstName>
        <party>D</party>
        <identifiers>
          <lisID>1774</lisID>
          <gpoId>7825</gpoId>
          <bioguideId>C001059</bioguideId>
        </identifiers>
      </item>
      <item>
        <bioguideId>S000250</bioguideId>
        <district>32</district>
        <isOriginalCosponsor>False</isOriginalCosponsor>
        <sponsorshipWithdrawnDate />
        <lastName>SESSIONS</lastName>
        <state>TX</state>
        <fullName>Rep. Sessions, Pete [R-TX-32]</fullName>
        <sponsorshipDate>2017-06-28</sponsorshipDate>
        <middleName />
        <firstName>PETE</firstName>
        <party>R</party>
        <identifiers>
          <gpoId>8188</gpoId>
          <lisID>1525</lisID>
          <bioguideId>S000250</bioguideId>
        </identifiers>
      </item>
      <item>
        <bioguideId>S001165</bioguideId>
        <district>8</district>
        <isOriginalCosponsor>False</isOriginalCosponsor>
        <sponsorshipWithdrawnDate />
        <lastName>Sires</lastName>
        <state>NJ</state>
        <fullName>Rep. Sires, Albio [D-NJ-8]</fullName>
        <sponsorshipDate>2017-06-28</sponsorshipDate>
        <middleName />
        <firstName>Albio</firstName>
        <party>D</party>
        <identifiers>
          <lisID>1818</lisID>
          <bioguideId>S001165</bioguideId>
          <gpoId>8055</gpoId>
        </identifiers>
      </item>
      <item>
        <bioguideId>C001110</bioguideId>
        <district>46</district>
        <isOriginalCosponsor>False</isOriginalCosponsor>
        <sponsorshipWithdrawnDate />
        <lastName>Correa</lastName>
        <state>CA</state>
        <fullName>Rep. Correa, J. Luis [D-CA-46]</fullName>
        <sponsorshipDate>2017-06-28</sponsorshipDate>
        <middleName>Luis</middleName>
        <firstName>J.</firstName>
        <party>D</party>
        <identifiers>
          <lisID>2312</lisID>
          <bioguideId>C001110</bioguideId>
          <gpoId />
        </identifiers>
      </item>
      <item>
        <bioguideId>R000487</bioguideId>
        <district>39</district>
        <isOriginalCosponsor>False</isOriginalCosponsor>
        <sponsorshipWithdrawnDate />
        <lastName>ROYCE</lastName>
        <state>CA</state>
        <fullName>Rep. Royce, Edward R. [R-CA-39]</fullName>
        <sponsorshipDate>2017-06-28</sponsorshipDate>
        <middleName />
        <firstName>ED</firstName>
        <party>R</party>
        <identifiers>
          <lisID>998</lisID>
          <bioguideId>R000487</bioguideId>
          <gpoId>7845</gpoId>
        </identifiers>
      </item>
      <item>
        <bioguideId>P000594</bioguideId>
        <district>3</district>
        <isOriginalCosponsor>False</isOriginalCosponsor>
        <sponsorshipWithdrawnDate />
        <lastName>Paulsen</lastName>
        <state>MN</state>
        <fullName>Rep. Paulsen, Erik [R-MN-3]</fullName>
        <sponsorshipDate>2017-06-28</sponsorshipDate>
        <middleName />
        <firstName>Erik</firstName>
        <party>R</party>
        <identifiers>
          <gpoId>8003</gpoId>
          <lisID>1930</lisID>
          <bioguideId>P000594</bioguideId>
        </identifiers>
      </item>
      <item>
        <bioguideId>B001302</bioguideId>
        <district>5</district>
        <isOriginalCosponsor>False</isOriginalCosponsor>
        <sponsorshipWithdrawnDate />
        <lastName>Biggs</lastName>
        <state>AZ</state>
        <fullName>Rep. Biggs, Andy [R-AZ-5]</fullName>
        <sponsorshipDate>2017-06-28</sponsorshipDate>
        <middleName />
        <firstName>Andy</firstName>
        <party>R</party>
        <identifiers>
          <bioguideId>B001302</bioguideId>
          <gpoId />
          <lisID>2307</lisID>
        </identifiers>
      </item>
      <item>
        <bioguideId>R000586</bioguideId>
        <district>16</district>
        <isOriginalCosponsor>False</isOriginalCosponsor>
        <sponsorshipWithdrawnDate />
        <lastName>Renacci</lastName>
        <state>OH</state>
        <fullName>Rep. Renacci, James B. [R-OH-16]</fullName>
        <sponsorshipDate>2017-07-03</sponsorshipDate>
        <middleName>B.</middleName>
        <firstName>James</firstName>
        <party>R</party>
        <identifiers>
          <bioguideId>R000586</bioguideId>
          <lisID>2048</lisID>
          <gpoId>8106</gpoId>
        </identifiers>
      </item>
    </cosponsors>
    <latestAction>
      <text>Forwarded by Subcommittee to Full Committee in the Nature of a Substitute (Amended) by Voice Vote .</text>
      <links />
      <actionDate>2017-06-29</actionDate>
    </latestAction>
    <laws />
    <notes />
    <createDate>2017-03-22T05:45:12Z</createDate>
    <billType>HRES</billType>
    <updateDate>2018-02-06T16:39:40Z</updateDate>
    <relatedBills>
      <item>
        <number>90</number>
        <type>SRES</type>
        <latestAction>
          <text>Referred to the Committee on Foreign Relations. (text of measure as introduced: CR S1895)</text>
          <actionDate>2017-03-21</actionDate>
        </latestAction>
        <congress>115</congress>
        <latestTitle>A resolution recognizing the importance of the United States-Israel economic relationship and encouraging new areas of cooperation.</latestTitle>
        <relationshipDetails>
          <item>
            <identifiedBy>CRS</identifiedBy>
            <type>Identical bill</type>
          </item>
        </relationshipDetails>
      </item>
    </relatedBills>
    <cboCostEstimates />
    <introducedDate>2017-03-21</introducedDate>
    <amendments />
    <policyArea>
      <name>International Affairs</name>
    </policyArea>
    <recordedVotes />
    <congress>115</congress>
    <committees>
      <billCommittees>
        <item>
          <chamber>House</chamber>
          <subcommittees>
            <item>
              <systemCode>hsfa13</systemCode>
              <activities>
                <item>
                  <name>Reported by</name>
                  <date>2017-06-29T14:29:55Z</date>
                </item>
                <item>
                  <name>Markup by</name>
                  <date>2017-06-29T14:19:59Z</date>
                </item>
                <item>
                  <name>Referred to</name>
                  <date>2017-05-18T15:42:29Z</date>
                </item>
              </activities>
              <name>Middle East and North Africa Subcommittee</name>
            </item>
          </subcommittees>
          <systemCode>hsfa00</systemCode>
          <name>Foreign Affairs Committee</name>
          <activities>
            <item>
              <name>Referred to</name>
              <date>2017-03-21T14:02:45Z</date>
            </item>
          </activities>
          <type>Standing</type>
        </item>
      </billCommittees>
    </committees>
  </bill>
  <dublinCore xmlns:dc="http://purl.org/dc/elements/1.1/">
    <dc:format>text/xml</dc:format>
    <dc:language>EN</dc:language>
    <dc:rights>Pursuant to Title 17 Section 105 of the United States Code, this file is not subject to copyright protection and is in the public domain.</dc:rights>
    <dc:contributor>Congressional Research Service, Library of Congress</dc:contributor>
    <dc:description>This file contains bill summaries and statuses for federal legislation. A bill summary describes the most significant provisions of a piece of legislation and details the effects the legislative text may have on current law and federal programs. Bill summaries are authored by the Congressional Research Service (CRS) of the Library of Congress. As stated in Public Law 91-510 (2 USC 166 (d)(6)), one of the duties of CRS is "to prepare summaries and digests of bills and resolutions of a public general nature introduced in the Senate or House of Representatives". For more information, refer to the User Guide that accompanies this file.</dc:description>
  </dublinCore>
</billStatus>

