<?xml version="1.0" encoding="UTF-8"?>
<billStatus>
  <bill>
    <policyArea>
      <name>Health</name>
    </policyArea>
    <introducedDate>2017-03-01</introducedDate>
    <cosponsors>
      <item>
        <isOriginalCosponsor>True</isOriginalCosponsor>
        <middleName>J.</middleName>
        <sponsorshipDate>2017-03-01</sponsorshipDate>
        <firstName>PATRICK</firstName>
        <party>R</party>
        <identifiers>
          <lisID>1664</lisID>
          <bioguideId>T000462</bioguideId>
          <gpoId>8102</gpoId>
        </identifiers>
        <district>12</district>
        <sponsorshipWithdrawnDate />
        <fullName>Rep. Tiberi, Patrick J. [R-OH-12]</fullName>
        <bioguideId>T000462</bioguideId>
        <lastName>TIBERI</lastName>
        <state>OH</state>
      </item>
      <item>
        <isOriginalCosponsor>False</isOriginalCosponsor>
        <middleName />
        <sponsorshipDate>2017-04-27</sponsorshipDate>
        <firstName>TIM</firstName>
        <party>D</party>
        <identifiers>
          <lisID>1756</lisID>
          <gpoId>8107</gpoId>
          <bioguideId>R000577</bioguideId>
        </identifiers>
        <district>13</district>
        <sponsorshipWithdrawnDate />
        <fullName>Rep. Ryan, Tim [D-OH-13]</fullName>
        <bioguideId>R000577</bioguideId>
        <lastName>RYAN</lastName>
        <state>OH</state>
      </item>
      <item>
        <isOriginalCosponsor>False</isOriginalCosponsor>
        <middleName />
        <sponsorshipDate>2017-04-27</sponsorshipDate>
        <firstName>Carol</firstName>
        <party>D</party>
        <identifiers>
          <lisID>1861</lisID>
          <bioguideId>S001170</bioguideId>
          <gpoId>7528</gpoId>
        </identifiers>
        <district>1</district>
        <sponsorshipWithdrawnDate />
        <fullName>Rep. Shea-Porter, Carol [D-NH-1]</fullName>
        <bioguideId>S001170</bioguideId>
        <lastName>Shea-Porter</lastName>
        <state>NH</state>
      </item>
      <item>
        <isOriginalCosponsor>False</isOriginalCosponsor>
        <middleName />
        <sponsorshipDate>2017-04-27</sponsorshipDate>
        <firstName>Jamie</firstName>
        <party>D</party>
        <identifiers>
          <lisID>2332</lisID>
          <gpoId />
          <bioguideId>R000606</bioguideId>
        </identifiers>
        <district>8</district>
        <sponsorshipWithdrawnDate />
        <fullName>Rep. Raskin, Jamie [D-MD-8]</fullName>
        <bioguideId>R000606</bioguideId>
        <lastName>Raskin</lastName>
        <state>MD</state>
      </item>
      <item>
        <isOriginalCosponsor>False</isOriginalCosponsor>
        <middleName />
        <sponsorshipDate>2017-04-27</sponsorshipDate>
        <firstName>ZOE</firstName>
        <party>D</party>
        <identifiers>
          <bioguideId>L000397</bioguideId>
          <lisID>701</lisID>
          <gpoId>7821</gpoId>
        </identifiers>
        <district>19</district>
        <sponsorshipWithdrawnDate />
        <fullName>Rep. Lofgren, Zoe [D-CA-19]</fullName>
        <bioguideId>L000397</bioguideId>
        <lastName>LOFGREN</lastName>
        <state>CA</state>
      </item>
      <item>
        <isOriginalCosponsor>False</isOriginalCosponsor>
        <middleName>P.</middleName>
        <sponsorshipDate>2017-04-27</sponsorshipDate>
        <firstName>JAMES</firstName>
        <party>D</party>
        <identifiers>
          <bioguideId>M000312</bioguideId>
          <lisID>1504</lisID>
          <gpoId>7968</gpoId>
        </identifiers>
        <district>2</district>
        <sponsorshipWithdrawnDate />
        <fullName>Rep. McGovern, James P. [D-MA-2]</fullName>
        <bioguideId>M000312</bioguideId>
        <lastName>MCGOVERN</lastName>
        <state>MA</state>
      </item>
      <item>
        <isOriginalCosponsor>False</isOriginalCosponsor>
        <middleName />
        <sponsorshipDate>2017-04-27</sponsorshipDate>
        <firstName>Joyce</firstName>
        <party>D</party>
        <identifiers>
          <lisID>2153</lisID>
          <gpoId />
          <bioguideId>B001281</bioguideId>
        </identifiers>
        <district>3</district>
        <sponsorshipWithdrawnDate />
        <fullName>Rep. Beatty, Joyce [D-OH-3]</fullName>
        <bioguideId>B001281</bioguideId>
        <lastName>Beatty</lastName>
        <state>OH</state>
      </item>
      <item>
        <isOriginalCosponsor>False</isOriginalCosponsor>
        <middleName>G.</middleName>
        <sponsorshipDate>2017-04-27</sponsorshipDate>
        <firstName>ANNA</firstName>
        <party>D</party>
        <identifiers>
          <bioguideId>E000215</bioguideId>
          <gpoId>7819</gpoId>
          <lisID>355</lisID>
        </identifiers>
        <district>18</district>
        <sponsorshipWithdrawnDate />
        <fullName>Rep. Eshoo, Anna G. [D-CA-18]</fullName>
        <bioguideId>E000215</bioguideId>
        <lastName>ESHOO</lastName>
        <state>CA</state>
      </item>
      <item>
        <isOriginalCosponsor>False</isOriginalCosponsor>
        <middleName />
        <sponsorshipDate>2017-05-17</sponsorshipDate>
        <firstName>Al</firstName>
        <party>D</party>
        <identifiers>
          <lisID>2317</lisID>
          <bioguideId>L000586</bioguideId>
          <gpoId />
        </identifiers>
        <district>5</district>
        <sponsorshipWithdrawnDate />
        <fullName>Rep. Lawson, Al, Jr. [D-FL-5]</fullName>
        <bioguideId>L000586</bioguideId>
        <lastName>Lawson</lastName>
        <state>FL</state>
      </item>
      <item>
        <isOriginalCosponsor>False</isOriginalCosponsor>
        <middleName />
        <sponsorshipDate>2017-05-17</sponsorshipDate>
        <firstName>DIANA</firstName>
        <party>D</party>
        <identifiers>
          <lisID>1479</lisID>
          <gpoId>7859</gpoId>
          <bioguideId>D000197</bioguideId>
        </identifiers>
        <district>1</district>
        <sponsorshipWithdrawnDate />
        <fullName>Rep. DeGette, Diana [D-CO-1]</fullName>
        <bioguideId>D000197</bioguideId>
        <lastName>DEGETTE</lastName>
        <state>CO</state>
      </item>
      <item>
        <isOriginalCosponsor>False</isOriginalCosponsor>
        <middleName>P.</middleName>
        <sponsorshipDate>2017-05-17</sponsorshipDate>
        <firstName>David</firstName>
        <party>R</party>
        <identifiers>
          <gpoId />
          <bioguideId>J000295</bioguideId>
          <lisID>2154</lisID>
        </identifiers>
        <district>14</district>
        <sponsorshipWithdrawnDate />
        <fullName>Rep. Joyce, David P. [R-OH-14]</fullName>
        <bioguideId>J000295</bioguideId>
        <lastName>Joyce</lastName>
        <state>OH</state>
      </item>
      <item>
        <isOriginalCosponsor>False</isOriginalCosponsor>
        <middleName />
        <sponsorshipDate>2017-05-25</sponsorshipDate>
        <firstName>MARCY</firstName>
        <party>D</party>
        <identifiers>
          <gpoId>8099</gpoId>
          <bioguideId>K000009</bioguideId>
          <lisID>616</lisID>
        </identifiers>
        <district>9</district>
        <sponsorshipWithdrawnDate />
        <fullName>Rep. Kaptur, Marcy [D-OH-9]</fullName>
        <bioguideId>K000009</bioguideId>
        <lastName>KAPTUR</lastName>
        <state>OH</state>
      </item>
      <item>
        <isOriginalCosponsor>False</isOriginalCosponsor>
        <middleName />
        <sponsorshipDate>2017-06-06</sponsorshipDate>
        <firstName>Mo</firstName>
        <party>R</party>
        <identifiers>
          <bioguideId>B001274</bioguideId>
          <lisID>1987</lisID>
          <gpoId>7790</gpoId>
        </identifiers>
        <district>5</district>
        <sponsorshipWithdrawnDate />
        <fullName>Rep. Brooks, Mo [R-AL-5]</fullName>
        <bioguideId>B001274</bioguideId>
        <lastName>Brooks</lastName>
        <state>AL</state>
      </item>
      <item>
        <isOriginalCosponsor>False</isOriginalCosponsor>
        <middleName />
        <sponsorshipDate>2017-06-27</sponsorshipDate>
        <firstName>Karen</firstName>
        <party>D</party>
        <identifiers>
          <gpoId>7838</gpoId>
          <bioguideId>B001270</bioguideId>
          <lisID>1996</lisID>
        </identifiers>
        <district>37</district>
        <sponsorshipWithdrawnDate />
        <fullName>Rep. Bass, Karen [D-CA-37]</fullName>
        <bioguideId>B001270</bioguideId>
        <lastName>Bass</lastName>
        <state>CA</state>
      </item>
      <item>
        <isOriginalCosponsor>False</isOriginalCosponsor>
        <middleName>W.</middleName>
        <sponsorshipDate>2017-06-27</sponsorshipDate>
        <firstName>Rick</firstName>
        <party>R</party>
        <identifiers>
          <lisID>2239</lisID>
          <bioguideId>A000372</bioguideId>
          <gpoId />
        </identifiers>
        <district>12</district>
        <sponsorshipWithdrawnDate />
        <fullName>Rep. Allen, Rick W. [R-GA-12]</fullName>
        <bioguideId>A000372</bioguideId>
        <lastName>Allen</lastName>
        <state>GA</state>
      </item>
      <item>
        <isOriginalCosponsor>False</isOriginalCosponsor>
        <middleName />
        <sponsorshipDate>2017-06-27</sponsorshipDate>
        <firstName>David</firstName>
        <party>R</party>
        <identifiers>
          <bioguideId>Y000066</bioguideId>
          <lisID>2242</lisID>
          <gpoId />
        </identifiers>
        <district>3</district>
        <sponsorshipWithdrawnDate />
        <fullName>Rep. Young, David [R-IA-3]</fullName>
        <bioguideId>Y000066</bioguideId>
        <lastName>Young</lastName>
        <state>IA</state>
      </item>
      <item>
        <isOriginalCosponsor>False</isOriginalCosponsor>
        <middleName />
        <sponsorshipDate>2017-06-27</sponsorshipDate>
        <firstName>Ruben</firstName>
        <party>D</party>
        <identifiers>
          <lisID>2226</lisID>
          <bioguideId>G000574</bioguideId>
          <gpoId />
        </identifiers>
        <district>7</district>
        <sponsorshipWithdrawnDate />
        <fullName>Rep. Gallego, Ruben [D-AZ-7]</fullName>
        <bioguideId>G000574</bioguideId>
        <lastName>Gallego</lastName>
        <state>AZ</state>
      </item>
      <item>
        <isOriginalCosponsor>False</isOriginalCosponsor>
        <middleName />
        <sponsorshipDate>2017-06-27</sponsorshipDate>
        <firstName>Tom</firstName>
        <party>R</party>
        <identifiers>
          <bioguideId>C001053</bioguideId>
          <lisID>1742</lisID>
          <gpoId>8112</gpoId>
        </identifiers>
        <district>4</district>
        <sponsorshipWithdrawnDate />
        <fullName>Rep. Cole, Tom [R-OK-4]</fullName>
        <bioguideId>C001053</bioguideId>
        <lastName>Cole</lastName>
        <state>OK</state>
      </item>
      <item>
        <isOriginalCosponsor>False</isOriginalCosponsor>
        <middleName />
        <sponsorshipDate>2017-06-27</sponsorshipDate>
        <firstName>BETTY</firstName>
        <party>D</party>
        <identifiers>
          <bioguideId>M001143</bioguideId>
          <lisID>1653</lisID>
          <gpoId>8004</gpoId>
        </identifiers>
        <district>4</district>
        <sponsorshipWithdrawnDate />
        <fullName>Rep. McCollum, Betty [D-MN-4]</fullName>
        <bioguideId>M001143</bioguideId>
        <lastName>MCCOLLUM</lastName>
        <state>MN</state>
      </item>
      <item>
        <isOriginalCosponsor>False</isOriginalCosponsor>
        <middleName />
        <sponsorshipDate>2017-06-27</sponsorshipDate>
        <firstName>Steve</firstName>
        <party>R</party>
        <identifiers>
          <bioguideId>S001187</bioguideId>
          <lisID>2047</lisID>
          <gpoId>8105</gpoId>
        </identifiers>
        <district>15</district>
        <sponsorshipWithdrawnDate />
        <fullName>Rep. Stivers, Steve [R-OH-15]</fullName>
        <bioguideId>S001187</bioguideId>
        <lastName>Stivers</lastName>
        <state>OH</state>
      </item>
      <item>
        <isOriginalCosponsor>False</isOriginalCosponsor>
        <middleName />
        <sponsorshipDate>2017-06-28</sponsorshipDate>
        <firstName>Ro</firstName>
        <party>D</party>
        <identifiers>
          <lisID>2308</lisID>
          <bioguideId>K000389</bioguideId>
          <gpoId />
        </identifiers>
        <district>17</district>
        <sponsorshipWithdrawnDate />
        <fullName>Rep. Khanna, Ro [D-CA-17]</fullName>
        <bioguideId>K000389</bioguideId>
        <lastName>Khanna</lastName>
        <state>CA</state>
      </item>
      <item>
        <isOriginalCosponsor>False</isOriginalCosponsor>
        <middleName>JAMES</middleName>
        <sponsorshipDate>2017-07-11</sponsorshipDate>
        <firstName>F.</firstName>
        <party>R</party>
        <identifiers>
          <bioguideId>S000244</bioguideId>
          <lisID>1041</lisID>
          <gpoId>8218</gpoId>
        </identifiers>
        <district>5</district>
        <sponsorshipWithdrawnDate />
        <fullName>Rep. Sensenbrenner, F. James, Jr. [R-WI-5]</fullName>
        <bioguideId>S000244</bioguideId>
        <lastName>SENSENBRENNER</lastName>
        <state>WI</state>
      </item>
      <item>
        <isOriginalCosponsor>False</isOriginalCosponsor>
        <middleName />
        <sponsorshipDate>2017-07-11</sponsorshipDate>
        <firstName>RON</firstName>
        <party>D</party>
        <identifiers>
          <bioguideId>K000188</bioguideId>
          <gpoId>8216</gpoId>
          <lisID>1498</lisID>
        </identifiers>
        <district>3</district>
        <sponsorshipWithdrawnDate />
        <fullName>Rep. Kind, Ron [D-WI-3]</fullName>
        <bioguideId>K000188</bioguideId>
        <lastName>KIND</lastName>
        <state>WI</state>
      </item>
      <item>
        <isOriginalCosponsor>False</isOriginalCosponsor>
        <middleName>V.</middleName>
        <sponsorshipDate>2017-07-11</sponsorshipDate>
        <firstName>LUIS</firstName>
        <party>D</party>
        <identifiers>
          <gpoId>7924</gpoId>
          <lisID>478</lisID>
          <bioguideId>G000535</bioguideId>
        </identifiers>
        <district>4</district>
        <sponsorshipWithdrawnDate />
        <fullName>Rep. Gutierrez, Luis V. [D-IL-4]</fullName>
        <bioguideId>G000535</bioguideId>
        <lastName>GUTIERREZ</lastName>
        <state>IL</state>
      </item>
      <item>
        <isOriginalCosponsor>False</isOriginalCosponsor>
        <middleName>A.</middleName>
        <sponsorshipDate>2017-07-11</sponsorshipDate>
        <firstName>John</firstName>
        <party>D</party>
        <identifiers>
          <bioguideId>Y000062</bioguideId>
          <gpoId>7955</gpoId>
          <lisID>1853</lisID>
        </identifiers>
        <district>3</district>
        <sponsorshipWithdrawnDate />
        <fullName>Rep. Yarmuth, John A. [D-KY-3]</fullName>
        <bioguideId>Y000062</bioguideId>
        <lastName>Yarmuth</lastName>
        <state>KY</state>
      </item>
      <item>
        <isOriginalCosponsor>False</isOriginalCosponsor>
        <middleName>Dutch</middleName>
        <sponsorshipDate>2017-07-11</sponsorshipDate>
        <firstName>C. A.</firstName>
        <party>D</party>
        <identifiers>
          <lisID>1728</lisID>
          <bioguideId>R000576</bioguideId>
          <gpoId>7977</gpoId>
        </identifiers>
        <district>2</district>
        <sponsorshipWithdrawnDate />
        <fullName>Rep. Ruppersberger, C. A. Dutch [D-MD-2]</fullName>
        <bioguideId>R000576</bioguideId>
        <lastName>Ruppersberger</lastName>
        <state>MD</state>
      </item>
      <item>
        <isOriginalCosponsor>False</isOriginalCosponsor>
        <middleName>M.</middleName>
        <sponsorshipDate>2017-07-11</sponsorshipDate>
        <firstName>Raul</firstName>
        <party>D</party>
        <identifiers>
          <gpoId>7804</gpoId>
          <bioguideId>G000551</bioguideId>
          <lisID>1708</lisID>
        </identifiers>
        <district>3</district>
        <sponsorshipWithdrawnDate />
        <fullName>Rep. Grijalva, Raul M. [D-AZ-3]</fullName>
        <bioguideId>G000551</bioguideId>
        <lastName>Grijalva</lastName>
        <state>AZ</state>
      </item>
      <item>
        <isOriginalCosponsor>False</isOriginalCosponsor>
        <middleName />
        <sponsorshipDate>2017-07-12</sponsorshipDate>
        <firstName>Bruce</firstName>
        <party>R</party>
        <identifiers>
          <gpoId />
          <lisID>2224</lisID>
          <bioguideId>W000821</bioguideId>
        </identifiers>
        <district>4</district>
        <sponsorshipWithdrawnDate />
        <fullName>Rep. Westerman, Bruce [R-AR-4]</fullName>
        <bioguideId>W000821</bioguideId>
        <lastName>Westerman</lastName>
        <state>AR</state>
      </item>
      <item>
        <isOriginalCosponsor>False</isOriginalCosponsor>
        <middleName>J.</middleName>
        <sponsorshipDate>2017-07-27</sponsorshipDate>
        <firstName>JOHN</firstName>
        <party>R</party>
        <identifiers>
          <lisID>322</lisID>
          <bioguideId>D000533</bioguideId>
          <gpoId>8149</gpoId>
        </identifiers>
        <district>2</district>
        <sponsorshipWithdrawnDate />
        <fullName>Rep. Duncan, John J., Jr. [R-TN-2]</fullName>
        <bioguideId>D000533</bioguideId>
        <lastName>DUNCAN</lastName>
        <state>TN</state>
      </item>
      <item>
        <isOriginalCosponsor>False</isOriginalCosponsor>
        <middleName>A. "Rick"</middleName>
        <sponsorshipDate>2017-07-27</sponsorshipDate>
        <firstName>Eric</firstName>
        <party>R</party>
        <identifiers>
          <bioguideId>C001087</bioguideId>
          <lisID>1989</lisID>
          <gpoId>7793</gpoId>
        </identifiers>
        <district>1</district>
        <sponsorshipWithdrawnDate />
        <fullName>Rep. Crawford, Eric A. "Rick" [R-AR-1]</fullName>
        <bioguideId>C001087</bioguideId>
        <lastName>Crawford</lastName>
        <state>AR</state>
      </item>
      <item>
        <isOriginalCosponsor>False</isOriginalCosponsor>
        <middleName />
        <sponsorshipDate>2017-07-27</sponsorshipDate>
        <firstName>Jenniffer</firstName>
        <party>R</party>
        <identifiers>
          <lisID>2347</lisID>
          <bioguideId>G000582</bioguideId>
          <gpoId />
        </identifiers>
        <district>0</district>
        <sponsorshipWithdrawnDate />
        <fullName>Rep. Gonzalez-Colon, Jenniffer [R-PR-At Large]</fullName>
        <bioguideId>G000582</bioguideId>
        <lastName>Gonzalez-Colon</lastName>
        <state>PR</state>
      </item>
      <item>
        <isOriginalCosponsor>False</isOriginalCosponsor>
        <middleName />
        <sponsorshipDate>2017-07-27</sponsorshipDate>
        <firstName>Grace</firstName>
        <party>D</party>
        <identifiers>
          <lisID>2148</lisID>
          <bioguideId>M001188</bioguideId>
          <gpoId />
        </identifiers>
        <district>6</district>
        <sponsorshipWithdrawnDate />
        <fullName>Rep. Meng, Grace [D-NY-6]</fullName>
        <bioguideId>M001188</bioguideId>
        <lastName>Meng</lastName>
        <state>NY</state>
      </item>
      <item>
        <isOriginalCosponsor>False</isOriginalCosponsor>
        <middleName />
        <sponsorshipDate>2017-09-12</sponsorshipDate>
        <firstName>Julia</firstName>
        <party>D</party>
        <identifiers>
          <lisID>2106</lisID>
          <bioguideId>B001285</bioguideId>
          <gpoId />
        </identifiers>
        <district>26</district>
        <sponsorshipWithdrawnDate />
        <fullName>Rep. Brownley, Julia [D-CA-26]</fullName>
        <bioguideId>B001285</bioguideId>
        <lastName>Brownley</lastName>
        <state>CA</state>
      </item>
      <item>
        <isOriginalCosponsor>False</isOriginalCosponsor>
        <middleName />
        <sponsorshipDate>2017-09-12</sponsorshipDate>
        <firstName>Gwen</firstName>
        <party>D</party>
        <identifiers>
          <bioguideId>M001160</bioguideId>
          <gpoId>8217</gpoId>
          <lisID>1811</lisID>
        </identifiers>
        <district>4</district>
        <sponsorshipWithdrawnDate />
        <fullName>Rep. Moore, Gwen [D-WI-4]</fullName>
        <bioguideId>M001160</bioguideId>
        <lastName>Moore</lastName>
        <state>WI</state>
      </item>
      <item>
        <isOriginalCosponsor>False</isOriginalCosponsor>
        <middleName />
        <sponsorshipDate>2017-09-12</sponsorshipDate>
        <firstName>Seth</firstName>
        <party>D</party>
        <identifiers>
          <bioguideId>M001196</bioguideId>
          <lisID>2246</lisID>
          <gpoId />
        </identifiers>
        <district>6</district>
        <sponsorshipWithdrawnDate />
        <fullName>Rep. Moulton, Seth [D-MA-6]</fullName>
        <bioguideId>M001196</bioguideId>
        <lastName>Moulton</lastName>
        <state>MA</state>
      </item>
      <item>
        <isOriginalCosponsor>False</isOriginalCosponsor>
        <middleName />
        <sponsorshipDate>2017-09-12</sponsorshipDate>
        <firstName>David</firstName>
        <party>D</party>
        <identifiers>
          <gpoId>7915</gpoId>
          <bioguideId>L000565</bioguideId>
          <lisID>1846</lisID>
        </identifiers>
        <district>2</district>
        <sponsorshipWithdrawnDate />
        <fullName>Rep. Loebsack, David [D-IA-2]</fullName>
        <bioguideId>L000565</bioguideId>
        <lastName>Loebsack</lastName>
        <state>IA</state>
      </item>
      <item>
        <isOriginalCosponsor>False</isOriginalCosponsor>
        <middleName />
        <sponsorshipDate>2017-09-27</sponsorshipDate>
        <firstName>Jacky</firstName>
        <party>D</party>
        <identifiers>
          <lisID>2339</lisID>
          <bioguideId>R000608</bioguideId>
          <gpoId />
        </identifiers>
        <district>3</district>
        <sponsorshipWithdrawnDate />
        <fullName>Rep. Rosen, Jacky [D-NV-3]</fullName>
        <bioguideId>R000608</bioguideId>
        <lastName>Rosen</lastName>
        <state>NV</state>
      </item>
      <item>
        <isOriginalCosponsor>False</isOriginalCosponsor>
        <middleName>S.</middleName>
        <sponsorshipDate>2017-09-27</sponsorshipDate>
        <firstName>Alan</firstName>
        <party>D</party>
        <identifiers>
          <gpoId />
          <bioguideId>L000579</bioguideId>
          <lisID>2111</lisID>
        </identifiers>
        <district>47</district>
        <sponsorshipWithdrawnDate />
        <fullName>Rep. Lowenthal, Alan S. [D-CA-47]</fullName>
        <bioguideId>L000579</bioguideId>
        <lastName>Lowenthal</lastName>
        <state>CA</state>
      </item>
      <item>
        <isOriginalCosponsor>False</isOriginalCosponsor>
        <middleName />
        <sponsorshipDate>2017-11-07</sponsorshipDate>
        <firstName>Donald</firstName>
        <party>D</party>
        <identifiers>
          <lisID>2202</lisID>
          <gpoId />
          <bioguideId>N000188</bioguideId>
        </identifiers>
        <district>1</district>
        <sponsorshipWithdrawnDate />
        <fullName>Rep. Norcross, Donald [D-NJ-1]</fullName>
        <bioguideId>N000188</bioguideId>
        <lastName>Norcross</lastName>
        <state>NJ</state>
      </item>
      <item>
        <isOriginalCosponsor>False</isOriginalCosponsor>
        <middleName>HOLMES</middleName>
        <sponsorshipDate>2018-02-08</sponsorshipDate>
        <firstName>ELEANOR</firstName>
        <party>D</party>
        <identifiers>
          <gpoId>7871</gpoId>
          <bioguideId>N000147</bioguideId>
          <lisID>868</lisID>
        </identifiers>
        <district>0</district>
        <sponsorshipWithdrawnDate />
        <fullName>Rep. Norton, Eleanor Holmes [D-DC-At Large]</fullName>
        <bioguideId>N000147</bioguideId>
        <lastName>NORTON</lastName>
        <state>DC</state>
      </item>
    </cosponsors>
    <titles>
      <item>
        <parentTitleType />
        <chamberCode />
        <titleType>Official Title as Introduced</titleType>
        <chamberName />
        <title>Recognizing the 100th anniversary of the Academy of Nutrition and Dietetics, the world's largest organization of food and nutrition professionals.</title>
      </item>
      <item>
        <parentTitleType />
        <chamberCode />
        <titleType>Display Title</titleType>
        <chamberName />
        <title>Recognizing the 100th anniversary of the Academy of Nutrition and Dietetics, the world's largest organization of food and nutrition professionals.</title>
      </item>
    </titles>
    <congress>115</congress>
    <recordedVotes />
    <amendments />
    <laws />
    <cboCostEstimates />
    <actions>
      <actionTypeCounts>
        <introducedInHouse>1</introducedInHouse>
        <introducedInTheHouse>1</introducedInTheHouse>
        <billReferrals>1</billReferrals>
        <placeholderTextForH>1</placeholderTextForH>
      </actionTypeCounts>
      <item>
        <actionDate>2017-03-03</actionDate>
        <committee>
          <systemCode>hsif14</systemCode>
          <name>Health Subcommittee</name>
        </committee>
        <links />
        <sourceSystem>
          <code>1</code>
          <name>House committee actions</name>
        </sourceSystem>
        <text>Referred to the Subcommittee on Health.</text>
        <type>Committee</type>
      </item>
      <item>
        <type>IntroReferral</type>
        <text>Referred to the House Committee on Energy and Commerce.</text>
        <links />
        <committee>
          <systemCode>hsif00</systemCode>
          <name>Energy and Commerce Committee</name>
        </committee>
        <sourceSystem>
          <code>2</code>
          <name>House floor actions</name>
        </sourceSystem>
        <actionDate>2017-03-01</actionDate>
        <actionCode>H11100</actionCode>
      </item>
      <item>
        <type>IntroReferral</type>
        <text>Introduced in House</text>
        <links />
        <committee />
        <sourceSystem>
          <code>9</code>
          <name>Library of Congress</name>
        </sourceSystem>
        <actionDate>2017-03-01</actionDate>
        <actionCode>Intro-H</actionCode>
      </item>
      <item>
        <type>IntroReferral</type>
        <text>Introduced in House</text>
        <links />
        <committee />
        <sourceSystem>
          <code>9</code>
          <name>Library of Congress</name>
        </sourceSystem>
        <actionDate>2017-03-01</actionDate>
        <actionCode>1000</actionCode>
      </item>
      <actionByCounts>
        <houseOfRepresentatives>4</houseOfRepresentatives>
      </actionByCounts>
    </actions>
    <updateDate>2018-02-09T13:00:21Z</updateDate>
    <summaries>
      <billSummaries>
        <item>
          <versionCode>00</versionCode>
          <updateDate>2017-03-01T05:00:00Z</updateDate>
          <actionDesc>Introduced in House</actionDesc>
          <lastSummaryUpdateDate>2017-06-14T15:23:27Z</lastSummaryUpdateDate>
          <actionDate>2017-03-01</actionDate>
          <name>Introduced in House</name>
          <text><![CDATA[<p> Commemorates the 100th anniversary of the Academy of Nutrition and Dietetics.</p> <p>Expresses hope that the academy will continue to improve the nation's health by advancing the profession of dietetics through research, education, and advocacy.</p>]]></text>
        </item>
      </billSummaries>
    </summaries>
    <title>Recognizing the 100th anniversary of the Academy of Nutrition and Dietetics, the world's largest organization of food and nutrition professionals.</title>
    <calendarNumbers />
    <originChamber>House</originChamber>
    <constitutionalAuthorityStatementText />
    <notes />
    <billType>HRES</billType>
    <committees>
      <billCommittees>
        <item>
          <name>Energy and Commerce Committee</name>
          <chamber>House</chamber>
          <type>Standing</type>
          <subcommittees>
            <item>
              <name>Health Subcommittee</name>
              <systemCode>hsif14</systemCode>
              <activities>
                <item>
                  <name>Referred to</name>
                  <date>2017-03-03T18:49:24Z</date>
                </item>
              </activities>
            </item>
          </subcommittees>
          <systemCode>hsif00</systemCode>
          <activities>
            <item>
              <name>Referred to</name>
              <date>2017-03-01T15:01:00Z</date>
            </item>
          </activities>
        </item>
      </billCommittees>
    </committees>
    <latestAction>
      <text>Referred to the Subcommittee on Health.</text>
      <actionDate>2017-03-03</actionDate>
      <links />
    </latestAction>
    <committeeReports />
    <billNumber>161</billNumber>
    <sponsors>
      <item>
        <byRequestType />
        <state>OH</state>
        <bioguideId>F000455</bioguideId>
        <identifiers>
          <lisID>1895</lisID>
          <gpoId>8101</gpoId>
          <bioguideId>F000455</bioguideId>
        </identifiers>
        <fullName>Rep. Fudge, Marcia L. [D-OH-11]</fullName>
        <district>11</district>
        <lastName>Fudge</lastName>
        <firstName>Marcia</firstName>
        <middleName>L.</middleName>
        <party>D</party>
      </item>
    </sponsors>
    <subjects>
      <billSubjects>
        <legislativeSubjects>
          <item>
            <name>Commemorative events and holidays</name>
          </item>
          <item>
            <name>Health personnel</name>
          </item>
          <item>
            <name>Health promotion and preventive care</name>
          </item>
          <item>
            <name>Medical research</name>
          </item>
          <item>
            <name>Nutrition and diet</name>
          </item>
        </legislativeSubjects>
        <policyArea>
          <name>Health</name>
        </policyArea>
      </billSubjects>
    </subjects>
    <createDate>2017-03-02T05:13:43Z</createDate>
    <version>1.0.0</version>
    <relatedBills>
      <item>
        <congress>115</congress>
        <latestTitle>A resolution recognizing the 100th anniversary of the Academy of Nutrition and Dietetics, the largest organization of food and nutrition professionals in the world.</latestTitle>
        <number>75</number>
        <type>SRES</type>
        <latestAction>
          <text>Resolution agreed to in Senate without amendment and with a preamble by Unanimous Consent. (consideration: CR S6878)</text>
          <actionDate>2017-10-30</actionDate>
        </latestAction>
        <relationshipDetails>
          <item>
            <type>Related bill</type>
            <identifiedBy>CRS</identifiedBy>
          </item>
        </relationshipDetails>
      </item>
    </relatedBills>
  </bill>
  <dublinCore xmlns:dc="http://purl.org/dc/elements/1.1/">
    <dc:format>text/xml</dc:format>
    <dc:language>EN</dc:language>
    <dc:rights>Pursuant to Title 17 Section 105 of the United States Code, this file is not subject to copyright protection and is in the public domain.</dc:rights>
    <dc:contributor>Congressional Research Service, Library of Congress</dc:contributor>
    <dc:description>This file contains bill summaries and statuses for federal legislation. A bill summary describes the most significant provisions of a piece of legislation and details the effects the legislative text may have on current law and federal programs. Bill summaries are authored by the Congressional Research Service (CRS) of the Library of Congress. As stated in Public Law 91-510 (2 USC 166 (d)(6)), one of the duties of CRS is "to prepare summaries and digests of bills and resolutions of a public general nature introduced in the Senate or House of Representatives". For more information, refer to the User Guide that accompanies this file.</dc:description>
  </dublinCore>
</billStatus>

