<?xml version="1.0" encoding="UTF-8"?>
<billStatus>
  <bill>
    <calendarNumbers />
    <constitutionalAuthorityStatementText />
    <congress>115</congress>
    <titles>
      <item>
        <title>Congratulating the Webster University chess team for winning a record-breaking fifth consecutive national title at the President's Cup collegiate chess championship in New York City.</title>
        <titleType>Official Title as Introduced</titleType>
        <parentTitleType />
        <chamberCode />
        <chamberName />
      </item>
      <item>
        <title>Congratulating the Webster University chess team for winning a record-breaking fifth consecutive national title at the President's Cup collegiate chess championship in New York City.</title>
        <titleType>Display Title</titleType>
        <parentTitleType />
        <chamberCode />
        <chamberName />
      </item>
    </titles>
    <introducedDate>2017-06-14</introducedDate>
    <latestAction>
      <actionDate>2017-06-14</actionDate>
      <text>Referred to the House Committee on Education and the Workforce.</text>
      <links />
    </latestAction>
    <title>Congratulating the Webster University chess team for winning a record-breaking fifth consecutive national title at the President's Cup collegiate chess championship in New York City.</title>
    <subjects>
      <billSubjects>
        <legislativeSubjects>
          <item>
            <name>Congressional tributes</name>
          </item>
          <item>
            <name>Games and hobbies</name>
          </item>
          <item>
            <name>Higher education</name>
          </item>
          <item>
            <name>Missouri</name>
          </item>
        </legislativeSubjects>
        <policyArea>
          <name>Education</name>
        </policyArea>
      </billSubjects>
    </subjects>
    <relatedBills>
      <item>
        <relationshipDetails>
          <item>
            <identifiedBy>CRS</identifiedBy>
            <type>Identical bill</type>
          </item>
        </relationshipDetails>
        <latestAction>
          <actionDate>2017-05-24</actionDate>
          <text>Submitted in the Senate, considered, and agreed to without amendment and with a preamble by Unanimous Consent. (consideration: CR S3150; text as passed Senate: CR S3150; text of measure as introduced: CR S3148)</text>
        </latestAction>
        <type>SRES</type>
        <number>177</number>
        <latestTitle>A resolution congratulating the Webster University chess team for winning a record-breaking fifth consecutive national title at the President's Cup collegiate chess championship in New York City.</latestTitle>
        <congress>115</congress>
      </item>
    </relatedBills>
    <updateDate>2018-02-06T16:39:49Z</updateDate>
    <committeeReports />
    <notes />
    <recordedVotes />
    <amendments />
    <billType>HRES</billType>
    <committees>
      <billCommittees>
        <item>
          <name>Education and the Workforce Committee</name>
          <chamber>House</chamber>
          <type>Standing</type>
          <subcommittees />
          <systemCode>hsed00</systemCode>
          <activities>
            <item>
              <name>Referred to</name>
              <date>2017-06-14T14:00:14Z</date>
            </item>
          </activities>
        </item>
      </billCommittees>
    </committees>
    <cboCostEstimates />
    <billNumber>384</billNumber>
    <policyArea>
      <name>Education</name>
    </policyArea>
    <version>1.0.0</version>
    <createDate>2017-06-15T03:11:34Z</createDate>
    <originChamber>House</originChamber>
    <actions>
      <item>
        <sourceSystem>
          <name>House floor actions</name>
          <code>2</code>
        </sourceSystem>
        <actionDate>2017-06-14</actionDate>
        <links />
        <text>Referred to the House Committee on Education and the Workforce.</text>
        <committee>
          <systemCode>hsed00</systemCode>
          <name>Education and the Workforce Committee</name>
        </committee>
        <actionCode>H11100</actionCode>
        <type>IntroReferral</type>
      </item>
      <item>
        <sourceSystem>
          <name>Library of Congress</name>
          <code>9</code>
        </sourceSystem>
        <actionDate>2017-06-14</actionDate>
        <links />
        <text>Introduced in House</text>
        <committee />
        <actionCode>Intro-H</actionCode>
        <type>IntroReferral</type>
      </item>
      <item>
        <sourceSystem>
          <name>Library of Congress</name>
          <code>9</code>
        </sourceSystem>
        <actionDate>2017-06-14</actionDate>
        <links />
        <text>Introduced in House</text>
        <committee />
        <actionCode>1000</actionCode>
        <type>IntroReferral</type>
      </item>
      <actionByCounts>
        <houseOfRepresentatives>3</houseOfRepresentatives>
      </actionByCounts>
      <actionTypeCounts>
        <billReferrals>1</billReferrals>
        <introducedInTheHouse>1</introducedInTheHouse>
        <introducedInHouse>1</introducedInHouse>
      </actionTypeCounts>
    </actions>
    <sponsors>
      <item>
        <party>R</party>
        <bioguideId>W000812</bioguideId>
        <district>2</district>
        <firstName>Ann</firstName>
        <middleName />
        <state>MO</state>
        <fullName>Rep. Wagner, Ann [R-MO-2]</fullName>
        <identifiers>
          <lisID>2137</lisID>
          <bioguideId>W000812</bioguideId>
          <gpoId />
        </identifiers>
        <lastName>Wagner</lastName>
        <byRequestType />
      </item>
    </sponsors>
    <summaries>
      <billSummaries>
        <item>
          <text><![CDATA[<p>Congratulates Webster University for winning its fifth consecutive national title at the President's Cup collegiate chess championship in New York City. Encourages the university to continue promoting the educational benefits of chess among its students and the larger community. </p><ul> </ul>]]></text>
          <name>Introduced in House</name>
          <lastSummaryUpdateDate>2017-08-24T21:00:38Z</lastSummaryUpdateDate>
          <versionCode>00</versionCode>
          <actionDesc>Introduced in House</actionDesc>
          <updateDate>2017-06-14T04:00:00Z</updateDate>
          <actionDate>2017-06-14</actionDate>
        </item>
      </billSummaries>
    </summaries>
    <laws />
    <cosponsors>
      <item>
        <isOriginalCosponsor>True</isOriginalCosponsor>
        <fullName>Rep. Clay, Wm. Lacy [D-MO-1]</fullName>
        <middleName>LACY</middleName>
        <sponsorshipDate>2017-06-14</sponsorshipDate>
        <bioguideId>C001049</bioguideId>
        <lastName>CLAY</lastName>
        <party>D</party>
        <district>1</district>
        <firstName>WM.</firstName>
        <state>MO</state>
        <identifiers>
          <lisID>1654</lisID>
          <gpoId>8009</gpoId>
          <bioguideId>C001049</bioguideId>
        </identifiers>
        <sponsorshipWithdrawnDate />
      </item>
    </cosponsors>
  </bill>
  <dublinCore xmlns:dc="http://purl.org/dc/elements/1.1/">
    <dc:format>text/xml</dc:format>
    <dc:language>EN</dc:language>
    <dc:rights>Pursuant to Title 17 Section 105 of the United States Code, this file is not subject to copyright protection and is in the public domain.</dc:rights>
    <dc:contributor>Congressional Research Service, Library of Congress</dc:contributor>
    <dc:description>This file contains bill summaries and statuses for federal legislation. A bill summary describes the most significant provisions of a piece of legislation and details the effects the legislative text may have on current law and federal programs. Bill summaries are authored by the Congressional Research Service (CRS) of the Library of Congress. As stated in Public Law 91-510 (2 USC 166 (d)(6)), one of the duties of CRS is "to prepare summaries and digests of bills and resolutions of a public general nature introduced in the Senate or House of Representatives". For more information, refer to the User Guide that accompanies this file.</dc:description>
  </dublinCore>
</billStatus>

