<?xml version="1.0" encoding="UTF-8"?>
<billStatus>
  <bill>
    <calendarNumbers />
    <constitutionalAuthorityStatementText />
    <congress>115</congress>
    <titles>
      <item>
        <parentTitleType />
        <chamberCode />
        <titleType>Official Title as Introduced</titleType>
        <chamberName />
        <title>Supporting the goals and ideals of the International Day Against Homophobia and Transphobia.</title>
      </item>
      <item>
        <parentTitleType />
        <chamberCode />
        <titleType>Display Title</titleType>
        <chamberName />
        <title>Supporting the goals and ideals of the International Day Against Homophobia and Transphobia.</title>
      </item>
    </titles>
    <introducedDate>2017-05-17</introducedDate>
    <latestAction>
      <actionDate>2017-05-19</actionDate>
      <text>Referred to the Subcommittee on Health.</text>
      <links />
    </latestAction>
    <title>Supporting the goals and ideals of the International Day Against Homophobia and Transphobia.</title>
    <subjects>
      <billSubjects>
        <legislativeSubjects>
          <item>
            <name>Commemorative events and holidays</name>
          </item>
          <item>
            <name>Elementary and secondary education</name>
          </item>
          <item>
            <name>Foreign aid and international relief</name>
          </item>
          <item>
            <name>Health care quality</name>
          </item>
          <item>
            <name>Higher education</name>
          </item>
          <item>
            <name>Human rights</name>
          </item>
          <item>
            <name>School administration</name>
          </item>
          <item>
            <name>Sex, gender, sexual orientation discrimination</name>
          </item>
        </legislativeSubjects>
        <policyArea>
          <name>Civil Rights and Liberties, Minority Issues</name>
        </policyArea>
      </billSubjects>
    </subjects>
    <relatedBills />
    <updateDate>2018-02-06T16:39:47Z</updateDate>
    <committeeReports />
    <notes />
    <recordedVotes />
    <amendments />
    <billType>HRES</billType>
    <committees>
      <billCommittees>
        <item>
          <systemCode>hsif00</systemCode>
          <name>Energy and Commerce Committee</name>
          <type>Standing</type>
          <activities>
            <item>
              <name>Referred to</name>
              <date>2017-05-17T14:00:36Z</date>
            </item>
          </activities>
          <chamber>House</chamber>
          <subcommittees>
            <item>
              <activities>
                <item>
                  <name>Referred to</name>
                  <date>2017-05-19T13:12:48Z</date>
                </item>
              </activities>
              <systemCode>hsif14</systemCode>
              <name>Health Subcommittee</name>
            </item>
          </subcommittees>
        </item>
        <item>
          <systemCode>hsed00</systemCode>
          <name>Education and the Workforce Committee</name>
          <type>Standing</type>
          <activities>
            <item>
              <name>Referred to</name>
              <date>2017-05-17T14:00:41Z</date>
            </item>
          </activities>
          <chamber>House</chamber>
          <subcommittees />
        </item>
        <item>
          <systemCode>hsfa00</systemCode>
          <name>Foreign Affairs Committee</name>
          <type>Standing</type>
          <activities>
            <item>
              <name>Referred to</name>
              <date>2017-05-17T14:00:31Z</date>
            </item>
          </activities>
          <chamber>House</chamber>
          <subcommittees />
        </item>
      </billCommittees>
    </committees>
    <cboCostEstimates />
    <billNumber>332</billNumber>
    <policyArea>
      <name>Civil Rights and Liberties, Minority Issues</name>
    </policyArea>
    <version>1.0.0</version>
    <createDate>2017-05-18T03:11:38Z</createDate>
    <originChamber>House</originChamber>
    <actions>
      <item>
        <actionDate>2017-05-19</actionDate>
        <committee>
          <systemCode>hsif14</systemCode>
          <name>Health Subcommittee</name>
        </committee>
        <links />
        <sourceSystem>
          <code>1</code>
          <name>House committee actions</name>
        </sourceSystem>
        <text>Referred to the Subcommittee on Health.</text>
        <type>Committee</type>
      </item>
      <item>
        <committee>
          <systemCode>hsed00</systemCode>
          <name>Education and the Workforce Committee</name>
        </committee>
        <sourceSystem>
          <code>2</code>
          <name>House floor actions</name>
        </sourceSystem>
        <actionDate>2017-05-17</actionDate>
        <text>Referred to House Education and the Workforce</text>
        <links />
        <type>IntroReferral</type>
        <actionCode>H11100</actionCode>
      </item>
      <item>
        <committee>
          <systemCode>hsif00</systemCode>
          <name>Energy and Commerce Committee</name>
        </committee>
        <sourceSystem>
          <code>2</code>
          <name>House floor actions</name>
        </sourceSystem>
        <actionDate>2017-05-17</actionDate>
        <text>Referred to House Energy and Commerce</text>
        <links />
        <type>IntroReferral</type>
        <actionCode>H11100</actionCode>
      </item>
      <item>
        <committee>
          <systemCode>hsfa00</systemCode>
          <name>Foreign Affairs Committee</name>
        </committee>
        <sourceSystem>
          <code>2</code>
          <name>House floor actions</name>
        </sourceSystem>
        <actionDate>2017-05-17</actionDate>
        <text>Referred to House Foreign Affairs</text>
        <links />
        <type>IntroReferral</type>
        <actionCode>H11100</actionCode>
      </item>
      <item>
        <committee />
        <sourceSystem>
          <code>9</code>
          <name>Library of Congress</name>
        </sourceSystem>
        <actionDate>2017-05-17</actionDate>
        <text>Referred to the Committee on Foreign Affairs, and in addition to the Committees on Energy and Commerce, and Education and the Workforce, for a period to be subsequently determined by the Speaker, in each case for consideration of such provisions as fall within the jurisdiction of the committee concerned.</text>
        <links />
        <type>IntroReferral</type>
        <actionCode>H11100-A</actionCode>
      </item>
      <item>
        <committee />
        <sourceSystem>
          <code>9</code>
          <name>Library of Congress</name>
        </sourceSystem>
        <actionDate>2017-05-17</actionDate>
        <text>Introduced in House</text>
        <links />
        <type>IntroReferral</type>
        <actionCode>Intro-H</actionCode>
      </item>
      <item>
        <committee />
        <sourceSystem>
          <code>9</code>
          <name>Library of Congress</name>
        </sourceSystem>
        <actionDate>2017-05-17</actionDate>
        <text>Introduced in House</text>
        <links />
        <type>IntroReferral</type>
        <actionCode>1000</actionCode>
      </item>
      <actionByCounts>
        <houseOfRepresentatives>7</houseOfRepresentatives>
      </actionByCounts>
      <actionTypeCounts>
        <billReferrals>3</billReferrals>
        <placeholderTextForH>1</placeholderTextForH>
        <introducedInTheHouse>1</introducedInTheHouse>
        <introducedInHouse>1</introducedInHouse>
        <billReferralsAggregate>1</billReferralsAggregate>
      </actionTypeCounts>
    </actions>
    <sponsors>
      <item>
        <party>D</party>
        <bioguideId>L000551</bioguideId>
        <district>13</district>
        <firstName>BARBARA</firstName>
        <middleName />
        <state>CA</state>
        <fullName>Rep. Lee, Barbara [D-CA-13]</fullName>
        <identifiers>
          <gpoId>7814</gpoId>
          <bioguideId>L000551</bioguideId>
          <lisID>1501</lisID>
        </identifiers>
        <lastName>LEE</lastName>
        <byRequestType />
      </item>
    </sponsors>
    <summaries>
      <billSummaries>
        <item>
          <versionCode>00</versionCode>
          <text><![CDATA[<p>Expresses support for the goals and ideals of an International Day Against Homophobia and Transphobia.</p> <p>Encourages: (1) health care providers to offer culturally and clinically competent care to the lesbian, gay, bisexual, or transgender (LGBT) community; (2) schools to support the creation of gay-straight alliances to achieve safer learning environments; (3) individuals to learn about national resources for those who identify as LGBT; and (4) the federal government, states, international funding organizations, and U.S. bilateral and multilateral aid efforts to prioritize the health and human rights of LGBT people.</p>]]></text>
          <actionDesc>Introduced in House</actionDesc>
          <actionDate>2017-05-17</actionDate>
          <lastSummaryUpdateDate>2017-06-28T16:57:12Z</lastSummaryUpdateDate>
          <name>Introduced in House</name>
          <updateDate>2017-05-17T04:00:00Z</updateDate>
        </item>
      </billSummaries>
    </summaries>
    <laws />
    <cosponsors>
      <item>
        <district>3</district>
        <sponsorshipWithdrawnDate />
        <party>D</party>
        <fullName>Rep. Grijalva, Raul M. [D-AZ-3]</fullName>
        <sponsorshipDate>2017-05-17</sponsorshipDate>
        <bioguideId>G000551</bioguideId>
        <middleName>M.</middleName>
        <identifiers>
          <bioguideId>G000551</bioguideId>
          <lisID>1708</lisID>
          <gpoId>7804</gpoId>
        </identifiers>
        <lastName>Grijalva</lastName>
        <isOriginalCosponsor>True</isOriginalCosponsor>
        <firstName>Raul</firstName>
        <state>AZ</state>
      </item>
      <item>
        <district>5</district>
        <sponsorshipWithdrawnDate />
        <party>D</party>
        <fullName>Rep. Kildee, Daniel T. [D-MI-5]</fullName>
        <sponsorshipDate>2017-05-17</sponsorshipDate>
        <bioguideId>K000380</bioguideId>
        <middleName>T.</middleName>
        <identifiers>
          <lisID>2134</lisID>
          <bioguideId>K000380</bioguideId>
          <gpoId />
        </identifiers>
        <lastName>Kildee</lastName>
        <isOriginalCosponsor>True</isOriginalCosponsor>
        <firstName>Daniel</firstName>
        <state>MI</state>
      </item>
      <item>
        <district>40</district>
        <sponsorshipWithdrawnDate />
        <party>D</party>
        <fullName>Rep. Roybal-Allard, Lucille [D-CA-40]</fullName>
        <sponsorshipDate>2017-05-17</sponsorshipDate>
        <bioguideId>R000486</bioguideId>
        <middleName />
        <identifiers>
          <lisID>997</lisID>
          <gpoId>7839</gpoId>
          <bioguideId>R000486</bioguideId>
        </identifiers>
        <lastName>ROYBAL-ALLARD</lastName>
        <isOriginalCosponsor>True</isOriginalCosponsor>
        <firstName>LUCILLE</firstName>
        <state>CA</state>
      </item>
      <item>
        <district>2</district>
        <sponsorshipWithdrawnDate />
        <party>D</party>
        <fullName>Rep. Pocan, Mark [D-WI-2]</fullName>
        <sponsorshipDate>2017-05-17</sponsorshipDate>
        <bioguideId>P000607</bioguideId>
        <middleName />
        <identifiers>
          <gpoId />
          <bioguideId>P000607</bioguideId>
          <lisID>2171</lisID>
        </identifiers>
        <lastName>Pocan</lastName>
        <isOriginalCosponsor>True</isOriginalCosponsor>
        <firstName>Mark</firstName>
        <state>WI</state>
      </item>
      <item>
        <district>6</district>
        <sponsorshipWithdrawnDate />
        <party>D</party>
        <fullName>Rep. Pallone, Frank, Jr. [D-NJ-6]</fullName>
        <sponsorshipDate>2017-05-17</sponsorshipDate>
        <bioguideId>P000034</bioguideId>
        <middleName />
        <identifiers>
          <gpoId>8048</gpoId>
          <bioguideId>P000034</bioguideId>
          <lisID>887</lisID>
        </identifiers>
        <lastName>PALLONE</lastName>
        <isOriginalCosponsor>True</isOriginalCosponsor>
        <firstName>FRANK</firstName>
        <state>NJ</state>
      </item>
      <item>
        <district>4</district>
        <sponsorshipWithdrawnDate />
        <party>D</party>
        <fullName>Rep. McCollum, Betty [D-MN-4]</fullName>
        <sponsorshipDate>2017-05-17</sponsorshipDate>
        <bioguideId>M001143</bioguideId>
        <middleName />
        <identifiers>
          <bioguideId>M001143</bioguideId>
          <lisID>1653</lisID>
          <gpoId>8004</gpoId>
        </identifiers>
        <lastName>MCCOLLUM</lastName>
        <isOriginalCosponsor>True</isOriginalCosponsor>
        <firstName>BETTY</firstName>
        <state>MN</state>
      </item>
      <item>
        <district>20</district>
        <sponsorshipWithdrawnDate />
        <party>D</party>
        <fullName>Rep. Hastings, Alcee L. [D-FL-20]</fullName>
        <sponsorshipDate>2017-05-17</sponsorshipDate>
        <bioguideId>H000324</bioguideId>
        <middleName>L.</middleName>
        <identifiers>
          <bioguideId>H000324</bioguideId>
          <lisID>511</lisID>
          <gpoId>7895</gpoId>
        </identifiers>
        <lastName>HASTINGS</lastName>
        <isOriginalCosponsor>True</isOriginalCosponsor>
        <firstName>ALCEE</firstName>
        <state>FL</state>
      </item>
      <item>
        <district>1</district>
        <sponsorshipWithdrawnDate />
        <party>D</party>
        <fullName>Rep. Cicilline, David N. [D-RI-1]</fullName>
        <sponsorshipDate>2017-05-17</sponsorshipDate>
        <bioguideId>C001084</bioguideId>
        <middleName>N.</middleName>
        <identifiers>
          <lisID>2055</lisID>
          <bioguideId>C001084</bioguideId>
          <gpoId>8139</gpoId>
        </identifiers>
        <lastName>Cicilline</lastName>
        <isOriginalCosponsor>True</isOriginalCosponsor>
        <firstName>David</firstName>
        <state>RI</state>
      </item>
      <item>
        <district>1</district>
        <sponsorshipWithdrawnDate />
        <party>D</party>
        <fullName>Rep. DelBene, Suzan K. [D-WA-1]</fullName>
        <sponsorshipDate>2017-05-17</sponsorshipDate>
        <bioguideId>D000617</bioguideId>
        <middleName>K.</middleName>
        <identifiers>
          <lisID>2096</lisID>
          <bioguideId>D000617</bioguideId>
          <gpoId>8374</gpoId>
        </identifiers>
        <lastName>DelBene</lastName>
        <isOriginalCosponsor>True</isOriginalCosponsor>
        <firstName>Suzan</firstName>
        <state>WA</state>
      </item>
      <item>
        <district>23</district>
        <sponsorshipWithdrawnDate />
        <party>D</party>
        <fullName>Rep. Wasserman Schultz, Debbie [D-FL-23]</fullName>
        <sponsorshipDate>2017-05-17</sponsorshipDate>
        <bioguideId>W000797</bioguideId>
        <middleName />
        <identifiers>
          <lisID>1777</lisID>
          <bioguideId>W000797</bioguideId>
          <gpoId>7892</gpoId>
        </identifiers>
        <lastName>Wasserman Schultz</lastName>
        <isOriginalCosponsor>True</isOriginalCosponsor>
        <firstName>Debbie</firstName>
        <state>FL</state>
      </item>
      <item>
        <district>14</district>
        <sponsorshipWithdrawnDate />
        <party>D</party>
        <fullName>Rep. Speier, Jackie [D-CA-14]</fullName>
        <sponsorshipDate>2017-05-17</sponsorshipDate>
        <bioguideId>S001175</bioguideId>
        <middleName />
        <identifiers>
          <gpoId>7817</gpoId>
          <lisID>1890</lisID>
          <bioguideId>S001175</bioguideId>
        </identifiers>
        <lastName>Speier</lastName>
        <isOriginalCosponsor>True</isOriginalCosponsor>
        <firstName>Jackie</firstName>
        <state>CA</state>
      </item>
      <item>
        <district>0</district>
        <sponsorshipWithdrawnDate />
        <party>D</party>
        <fullName>Rep. Norton, Eleanor Holmes [D-DC-At Large]</fullName>
        <sponsorshipDate>2017-05-17</sponsorshipDate>
        <bioguideId>N000147</bioguideId>
        <middleName>HOLMES</middleName>
        <identifiers>
          <lisID>868</lisID>
          <gpoId>7871</gpoId>
          <bioguideId>N000147</bioguideId>
        </identifiers>
        <lastName>NORTON</lastName>
        <isOriginalCosponsor>True</isOriginalCosponsor>
        <firstName>ELEANOR</firstName>
        <state>DC</state>
      </item>
      <item>
        <district>9</district>
        <sponsorshipWithdrawnDate />
        <party>D</party>
        <fullName>Rep. Smith, Adam [D-WA-9]</fullName>
        <sponsorshipDate>2017-05-17</sponsorshipDate>
        <bioguideId>S000510</bioguideId>
        <middleName />
        <identifiers>
          <bioguideId>S000510</bioguideId>
          <lisID>1528</lisID>
          <gpoId>8213</gpoId>
        </identifiers>
        <lastName>SMITH</lastName>
        <isOriginalCosponsor>True</isOriginalCosponsor>
        <firstName>ADAM</firstName>
        <state>WA</state>
      </item>
      <item>
        <district>7</district>
        <sponsorshipWithdrawnDate />
        <party>D</party>
        <fullName>Rep. Gallego, Ruben [D-AZ-7]</fullName>
        <sponsorshipDate>2017-05-17</sponsorshipDate>
        <bioguideId>G000574</bioguideId>
        <middleName />
        <identifiers>
          <lisID>2226</lisID>
          <bioguideId>G000574</bioguideId>
          <gpoId />
        </identifiers>
        <lastName>Gallego</lastName>
        <isOriginalCosponsor>True</isOriginalCosponsor>
        <firstName>Ruben</firstName>
        <state>AZ</state>
      </item>
      <item>
        <district>5</district>
        <sponsorshipWithdrawnDate />
        <party>D</party>
        <fullName>Rep. Clark, Katherine M. [D-MA-5]</fullName>
        <sponsorshipDate>2017-05-17</sponsorshipDate>
        <bioguideId>C001101</bioguideId>
        <middleName>M.</middleName>
        <identifiers>
          <gpoId />
          <lisID>2196</lisID>
          <bioguideId>C001101</bioguideId>
        </identifiers>
        <lastName>Clark</lastName>
        <isOriginalCosponsor>True</isOriginalCosponsor>
        <firstName>Katherine</firstName>
        <state>MA</state>
      </item>
      <item>
        <district>26</district>
        <sponsorshipWithdrawnDate />
        <party>D</party>
        <fullName>Rep. Brownley, Julia [D-CA-26]</fullName>
        <sponsorshipDate>2017-05-17</sponsorshipDate>
        <bioguideId>B001285</bioguideId>
        <middleName />
        <identifiers>
          <lisID>2106</lisID>
          <bioguideId>B001285</bioguideId>
          <gpoId />
        </identifiers>
        <lastName>Brownley</lastName>
        <isOriginalCosponsor>True</isOriginalCosponsor>
        <firstName>Julia</firstName>
        <state>CA</state>
      </item>
      <item>
        <district>3</district>
        <sponsorshipWithdrawnDate />
        <party>D</party>
        <fullName>Rep. Blumenauer, Earl [D-OR-3]</fullName>
        <sponsorshipDate>2017-05-17</sponsorshipDate>
        <bioguideId>B000574</bioguideId>
        <middleName />
        <identifiers>
          <bioguideId>B000574</bioguideId>
          <lisID>99</lisID>
          <gpoId>8116</gpoId>
        </identifiers>
        <lastName>BLUMENAUER</lastName>
        <isOriginalCosponsor>True</isOriginalCosponsor>
        <firstName>EARL</firstName>
        <state>OR</state>
      </item>
      <item>
        <district>12</district>
        <sponsorshipWithdrawnDate />
        <party>D</party>
        <fullName>Rep. Watson Coleman, Bonnie [D-NJ-12]</fullName>
        <sponsorshipDate>2017-05-17</sponsorshipDate>
        <bioguideId>W000822</bioguideId>
        <middleName />
        <identifiers>
          <lisID>2259</lisID>
          <gpoId />
          <bioguideId>W000822</bioguideId>
        </identifiers>
        <lastName>Watson Coleman</lastName>
        <isOriginalCosponsor>True</isOriginalCosponsor>
        <firstName>Bonnie</firstName>
        <state>NJ</state>
      </item>
      <item>
        <district>25</district>
        <sponsorshipWithdrawnDate />
        <party>D</party>
        <fullName>Rep. Slaughter, Louise McIntosh [D-NY-25]</fullName>
        <sponsorshipDate>2017-05-17</sponsorshipDate>
        <bioguideId>S000480</bioguideId>
        <middleName>M.</middleName>
        <identifiers>
          <bioguideId>S000480</bioguideId>
          <lisID>1069</lisID>
          <gpoId>8089</gpoId>
        </identifiers>
        <lastName>SLAUGHTER</lastName>
        <isOriginalCosponsor>True</isOriginalCosponsor>
        <firstName>LOUISE</firstName>
        <state>NY</state>
      </item>
      <item>
        <district>4</district>
        <sponsorshipWithdrawnDate />
        <party>D</party>
        <fullName>Rep. McEachin, A. Donald [D-VA-4]</fullName>
        <sponsorshipDate>2017-05-17</sponsorshipDate>
        <bioguideId>M001200</bioguideId>
        <middleName>Donald</middleName>
        <identifiers>
          <lisID>2352</lisID>
          <bioguideId>M001200</bioguideId>
          <gpoId />
        </identifiers>
        <lastName>McEachin</lastName>
        <isOriginalCosponsor>True</isOriginalCosponsor>
        <firstName>A.</firstName>
        <state>VA</state>
      </item>
      <item>
        <district>47</district>
        <sponsorshipWithdrawnDate />
        <party>D</party>
        <fullName>Rep. Lowenthal, Alan S. [D-CA-47]</fullName>
        <sponsorshipDate>2017-05-17</sponsorshipDate>
        <bioguideId>L000579</bioguideId>
        <middleName>S.</middleName>
        <identifiers>
          <lisID>2111</lisID>
          <gpoId />
          <bioguideId>L000579</bioguideId>
        </identifiers>
        <lastName>Lowenthal</lastName>
        <isOriginalCosponsor>True</isOriginalCosponsor>
        <firstName>Alan</firstName>
        <state>CA</state>
      </item>
      <item>
        <district>18</district>
        <sponsorshipWithdrawnDate />
        <party>D</party>
        <fullName>Rep. Maloney, Sean Patrick [D-NY-18]</fullName>
        <sponsorshipDate>2017-05-17</sponsorshipDate>
        <bioguideId>M001185</bioguideId>
        <middleName>Patrick</middleName>
        <identifiers>
          <bioguideId>M001185</bioguideId>
          <gpoId />
          <lisID>2150</lisID>
        </identifiers>
        <lastName>Maloney</lastName>
        <isOriginalCosponsor>True</isOriginalCosponsor>
        <firstName>Sean</firstName>
        <state>NY</state>
      </item>
      <item>
        <district>4</district>
        <sponsorshipWithdrawnDate />
        <party>D</party>
        <fullName>Rep. Johnson, Henry C. "Hank," Jr. [D-GA-4]</fullName>
        <sponsorshipDate>2017-05-17</sponsorshipDate>
        <bioguideId>J000288</bioguideId>
        <middleName>C. "Hank"</middleName>
        <identifiers>
          <gpoId>7901</gpoId>
          <bioguideId>J000288</bioguideId>
          <lisID>1843</lisID>
        </identifiers>
        <lastName>Johnson</lastName>
        <isOriginalCosponsor>True</isOriginalCosponsor>
        <firstName>Henry</firstName>
        <state>GA</state>
      </item>
      <item>
        <district>22</district>
        <sponsorshipWithdrawnDate />
        <party>D</party>
        <fullName>Rep. Deutch, Theodore E. [D-FL-22]</fullName>
        <sponsorshipDate>2017-05-17</sponsorshipDate>
        <bioguideId>D000610</bioguideId>
        <middleName>E.</middleName>
        <identifiers>
          <gpoId>7891</gpoId>
          <lisID>1976</lisID>
          <bioguideId>D000610</bioguideId>
        </identifiers>
        <lastName>Deutch</lastName>
        <isOriginalCosponsor>True</isOriginalCosponsor>
        <firstName>Theodore</firstName>
        <state>FL</state>
      </item>
      <item>
        <district>4</district>
        <sponsorshipWithdrawnDate />
        <party>D</party>
        <fullName>Rep. Gutierrez, Luis V. [D-IL-4]</fullName>
        <sponsorshipDate>2017-05-17</sponsorshipDate>
        <bioguideId>G000535</bioguideId>
        <middleName>V.</middleName>
        <identifiers>
          <lisID>478</lisID>
          <bioguideId>G000535</bioguideId>
          <gpoId>7924</gpoId>
        </identifiers>
        <lastName>GUTIERREZ</lastName>
        <isOriginalCosponsor>True</isOriginalCosponsor>
        <firstName>LUIS</firstName>
        <state>IL</state>
      </item>
      <item>
        <district>6</district>
        <sponsorshipWithdrawnDate />
        <party>D</party>
        <fullName>Rep. Kilmer, Derek [D-WA-6]</fullName>
        <sponsorshipDate>2017-05-17</sponsorshipDate>
        <bioguideId>K000381</bioguideId>
        <middleName />
        <identifiers>
          <lisID>2169</lisID>
          <bioguideId>K000381</bioguideId>
          <gpoId />
        </identifiers>
        <lastName>Kilmer</lastName>
        <isOriginalCosponsor>True</isOriginalCosponsor>
        <firstName>Derek</firstName>
        <state>WA</state>
      </item>
      <item>
        <district>9</district>
        <sponsorshipWithdrawnDate />
        <party>D</party>
        <fullName>Rep. Schakowsky, Janice D. [D-IL-9]</fullName>
        <sponsorshipDate>2017-05-17</sponsorshipDate>
        <bioguideId>S001145</bioguideId>
        <middleName>D.</middleName>
        <identifiers>
          <gpoId>7929</gpoId>
          <lisID>1588</lisID>
          <bioguideId>S001145</bioguideId>
        </identifiers>
        <lastName>SCHAKOWSKY</lastName>
        <isOriginalCosponsor>True</isOriginalCosponsor>
        <firstName>JANICE</firstName>
        <state>IL</state>
      </item>
      <item>
        <district>17</district>
        <sponsorshipWithdrawnDate />
        <party>D</party>
        <fullName>Rep. Lowey, Nita M. [D-NY-17]</fullName>
        <sponsorshipDate>2017-05-17</sponsorshipDate>
        <bioguideId>L000480</bioguideId>
        <middleName>M.</middleName>
        <identifiers>
          <gpoId>8079</gpoId>
          <lisID>709</lisID>
          <bioguideId>L000480</bioguideId>
        </identifiers>
        <lastName>LOWEY</lastName>
        <isOriginalCosponsor>True</isOriginalCosponsor>
        <firstName>NITA</firstName>
        <state>NY</state>
      </item>
      <item>
        <district>1</district>
        <sponsorshipWithdrawnDate />
        <party>D</party>
        <fullName>Rep. Pingree, Chellie [D-ME-1]</fullName>
        <sponsorshipDate>2017-05-17</sponsorshipDate>
        <bioguideId>P000597</bioguideId>
        <middleName />
        <identifiers>
          <lisID>1927</lisID>
          <gpoId>7984</gpoId>
          <bioguideId>P000597</bioguideId>
        </identifiers>
        <lastName>Pingree</lastName>
        <isOriginalCosponsor>True</isOriginalCosponsor>
        <firstName>Chellie</firstName>
        <state>ME</state>
      </item>
      <item>
        <district>38</district>
        <sponsorshipWithdrawnDate />
        <party>D</party>
        <fullName>Rep. Sanchez, Linda T. [D-CA-38]</fullName>
        <sponsorshipDate>2017-05-17</sponsorshipDate>
        <bioguideId>S001156</bioguideId>
        <middleName>T.</middleName>
        <identifiers>
          <lisID>1757</lisID>
          <bioguideId>S001156</bioguideId>
          <gpoId>7844</gpoId>
        </identifiers>
        <lastName>SANCHEZ</lastName>
        <isOriginalCosponsor>True</isOriginalCosponsor>
        <firstName>LINDA</firstName>
        <state>CA</state>
      </item>
      <item>
        <district>5</district>
        <sponsorshipWithdrawnDate />
        <party>D</party>
        <fullName>Rep. Ellison, Keith [D-MN-5]</fullName>
        <sponsorshipDate>2017-05-17</sponsorshipDate>
        <bioguideId>E000288</bioguideId>
        <middleName />
        <identifiers>
          <lisID>1857</lisID>
          <gpoId>8005</gpoId>
          <bioguideId>E000288</bioguideId>
        </identifiers>
        <lastName>Ellison</lastName>
        <isOriginalCosponsor>True</isOriginalCosponsor>
        <firstName>Keith</firstName>
        <state>MN</state>
      </item>
      <item>
        <district>9</district>
        <sponsorshipWithdrawnDate />
        <party>D</party>
        <fullName>Rep. Keating, William R. [D-MA-9]</fullName>
        <sponsorshipDate>2017-05-17</sponsorshipDate>
        <bioguideId>K000375</bioguideId>
        <middleName>R.</middleName>
        <identifiers>
          <lisID>2025</lisID>
          <bioguideId>K000375</bioguideId>
          <gpoId>7975</gpoId>
        </identifiers>
        <lastName>Keating</lastName>
        <isOriginalCosponsor>True</isOriginalCosponsor>
        <firstName>William</firstName>
        <state>MA</state>
      </item>
      <item>
        <district>17</district>
        <sponsorshipWithdrawnDate />
        <party>D</party>
        <fullName>Rep. Khanna, Ro [D-CA-17]</fullName>
        <sponsorshipDate>2017-05-17</sponsorshipDate>
        <bioguideId>K000389</bioguideId>
        <middleName />
        <identifiers>
          <lisID>2308</lisID>
          <bioguideId>K000389</bioguideId>
          <gpoId />
        </identifiers>
        <lastName>Khanna</lastName>
        <isOriginalCosponsor>True</isOriginalCosponsor>
        <firstName>Ro</firstName>
        <state>CA</state>
      </item>
      <item>
        <district>21</district>
        <sponsorshipWithdrawnDate />
        <party>D</party>
        <fullName>Rep. Frankel, Lois [D-FL-21]</fullName>
        <sponsorshipDate>2017-05-17</sponsorshipDate>
        <bioguideId>F000462</bioguideId>
        <middleName />
        <identifiers>
          <lisID>2119</lisID>
          <gpoId />
          <bioguideId>F000462</bioguideId>
        </identifiers>
        <lastName>Frankel</lastName>
        <isOriginalCosponsor>True</isOriginalCosponsor>
        <firstName>Lois</firstName>
        <state>FL</state>
      </item>
      <item>
        <district>5</district>
        <sponsorshipWithdrawnDate />
        <party>D</party>
        <fullName>Rep. Quigley, Mike [D-IL-5]</fullName>
        <sponsorshipDate>2017-05-17</sponsorshipDate>
        <bioguideId>Q000023</bioguideId>
        <middleName />
        <identifiers>
          <gpoId>7925</gpoId>
          <bioguideId>Q000023</bioguideId>
          <lisID>1967</lisID>
        </identifiers>
        <lastName>Quigley</lastName>
        <isOriginalCosponsor>True</isOriginalCosponsor>
        <firstName>Mike</firstName>
        <state>IL</state>
      </item>
      <item>
        <district>15</district>
        <sponsorshipWithdrawnDate />
        <party>D</party>
        <fullName>Rep. Swalwell, Eric [D-CA-15]</fullName>
        <sponsorshipDate>2017-05-17</sponsorshipDate>
        <bioguideId>S001193</bioguideId>
        <middleName />
        <identifiers>
          <bioguideId>S001193</bioguideId>
          <lisID>2104</lisID>
          <gpoId />
        </identifiers>
        <lastName>Swalwell</lastName>
        <isOriginalCosponsor>True</isOriginalCosponsor>
        <firstName>Eric</firstName>
        <state>CA</state>
      </item>
      <item>
        <district>1</district>
        <sponsorshipWithdrawnDate />
        <party>D</party>
        <fullName>Rep. Hanabusa, Colleen [D-HI-1]</fullName>
        <sponsorshipDate>2017-05-17</sponsorshipDate>
        <bioguideId>H001050</bioguideId>
        <middleName />
        <identifiers>
          <bioguideId>H001050</bioguideId>
          <lisID>2010</lisID>
          <gpoId>7912</gpoId>
        </identifiers>
        <lastName>Hanabusa</lastName>
        <isOriginalCosponsor>True</isOriginalCosponsor>
        <firstName>Colleen</firstName>
        <state>HI</state>
      </item>
      <item>
        <district>32</district>
        <sponsorshipWithdrawnDate />
        <party>D</party>
        <fullName>Rep. Napolitano, Grace F. [D-CA-32]</fullName>
        <sponsorshipDate>2017-05-17</sponsorshipDate>
        <bioguideId>N000179</bioguideId>
        <middleName>F.</middleName>
        <identifiers>
          <lisID>1602</lisID>
          <gpoId>7843</gpoId>
          <bioguideId>N000179</bioguideId>
        </identifiers>
        <lastName>NAPOLITANO</lastName>
        <isOriginalCosponsor>True</isOriginalCosponsor>
        <firstName>GRACE</firstName>
        <state>CA</state>
      </item>
      <item>
        <district>2</district>
        <sponsorshipWithdrawnDate />
        <party>D</party>
        <fullName>Rep. Larsen, Rick [D-WA-2]</fullName>
        <sponsorshipDate>2017-05-17</sponsorshipDate>
        <bioguideId>L000560</bioguideId>
        <middleName />
        <identifiers>
          <bioguideId>L000560</bioguideId>
          <lisID>1675</lisID>
          <gpoId>8206</gpoId>
        </identifiers>
        <lastName>LARSEN</lastName>
        <isOriginalCosponsor>True</isOriginalCosponsor>
        <firstName>RICK</firstName>
        <state>WA</state>
      </item>
      <item>
        <district>4</district>
        <sponsorshipWithdrawnDate />
        <party>D</party>
        <fullName>Rep. Himes, James A. [D-CT-4]</fullName>
        <sponsorshipDate>2017-05-17</sponsorshipDate>
        <bioguideId>H001047</bioguideId>
        <middleName>A.</middleName>
        <identifiers>
          <gpoId>7869</gpoId>
          <lisID>1913</lisID>
          <bioguideId>H001047</bioguideId>
        </identifiers>
        <lastName>Himes</lastName>
        <isOriginalCosponsor>True</isOriginalCosponsor>
        <firstName>James</firstName>
        <state>CT</state>
      </item>
      <item>
        <district>3</district>
        <sponsorshipWithdrawnDate />
        <party>D</party>
        <fullName>Rep. Yarmuth, John A. [D-KY-3]</fullName>
        <sponsorshipDate>2017-05-17</sponsorshipDate>
        <bioguideId>Y000062</bioguideId>
        <middleName>A.</middleName>
        <identifiers>
          <lisID>1853</lisID>
          <bioguideId>Y000062</bioguideId>
          <gpoId>7955</gpoId>
        </identifiers>
        <lastName>Yarmuth</lastName>
        <isOriginalCosponsor>True</isOriginalCosponsor>
        <firstName>John</firstName>
        <state>KY</state>
      </item>
      <item>
        <district>9</district>
        <sponsorshipWithdrawnDate />
        <party>D</party>
        <fullName>Rep. Levin, Sander M. [D-MI-9]</fullName>
        <sponsorshipDate>2017-05-17</sponsorshipDate>
        <bioguideId>L000263</bioguideId>
        <middleName>M.</middleName>
        <identifiers>
          <gpoId>7997</gpoId>
          <bioguideId>L000263</bioguideId>
          <lisID>683</lisID>
        </identifiers>
        <lastName>LEVIN</lastName>
        <isOriginalCosponsor>True</isOriginalCosponsor>
        <firstName>SANDER</firstName>
        <state>MI</state>
      </item>
      <item>
        <district>5</district>
        <sponsorshipWithdrawnDate />
        <party>D</party>
        <fullName>Rep. Meeks, Gregory W. [D-NY-5]</fullName>
        <sponsorshipDate>2017-05-17</sponsorshipDate>
        <bioguideId>M001137</bioguideId>
        <middleName>W.</middleName>
        <identifiers>
          <lisID>1506</lisID>
          <gpoId>8067</gpoId>
          <bioguideId>M001137</bioguideId>
        </identifiers>
        <lastName>MEEKS</lastName>
        <isOriginalCosponsor>True</isOriginalCosponsor>
        <firstName>GREGORY</firstName>
        <state>NY</state>
      </item>
      <item>
        <district>2</district>
        <sponsorshipWithdrawnDate />
        <party>D</party>
        <fullName>Rep. McGovern, James P. [D-MA-2]</fullName>
        <sponsorshipDate>2017-05-17</sponsorshipDate>
        <bioguideId>M000312</bioguideId>
        <middleName>P.</middleName>
        <identifiers>
          <gpoId>7968</gpoId>
          <lisID>1504</lisID>
          <bioguideId>M000312</bioguideId>
        </identifiers>
        <lastName>MCGOVERN</lastName>
        <isOriginalCosponsor>True</isOriginalCosponsor>
        <firstName>JAMES</firstName>
        <state>MA</state>
      </item>
      <item>
        <district>8</district>
        <sponsorshipWithdrawnDate />
        <party>D</party>
        <fullName>Rep. Sires, Albio [D-NJ-8]</fullName>
        <sponsorshipDate>2017-05-17</sponsorshipDate>
        <bioguideId>S001165</bioguideId>
        <middleName />
        <identifiers>
          <lisID>1818</lisID>
          <bioguideId>S001165</bioguideId>
          <gpoId>8055</gpoId>
        </identifiers>
        <lastName>Sires</lastName>
        <isOriginalCosponsor>True</isOriginalCosponsor>
        <firstName>Albio</firstName>
        <state>NJ</state>
      </item>
      <item>
        <district>16</district>
        <sponsorshipWithdrawnDate />
        <party>D</party>
        <fullName>Rep. Engel, Eliot L. [D-NY-16]</fullName>
        <sponsorshipDate>2017-05-17</sponsorshipDate>
        <bioguideId>E000179</bioguideId>
        <middleName>L.</middleName>
        <identifiers>
          <bioguideId>E000179</bioguideId>
          <gpoId>8078</gpoId>
          <lisID>344</lisID>
        </identifiers>
        <lastName>ENGEL</lastName>
        <isOriginalCosponsor>True</isOriginalCosponsor>
        <firstName>ELIOT</firstName>
        <state>NY</state>
      </item>
      <item>
        <district>10</district>
        <sponsorshipWithdrawnDate />
        <party>D</party>
        <fullName>Rep. Demings, Val Butler [D-FL-10]</fullName>
        <sponsorshipDate>2017-05-17</sponsorshipDate>
        <bioguideId>D000627</bioguideId>
        <middleName>Butler</middleName>
        <identifiers>
          <bioguideId>D000627</bioguideId>
          <lisID>2320</lisID>
          <gpoId />
        </identifiers>
        <lastName>Demings</lastName>
        <isOriginalCosponsor>True</isOriginalCosponsor>
        <firstName>Val</firstName>
        <state>FL</state>
      </item>
      <item>
        <district>2</district>
        <sponsorshipWithdrawnDate />
        <party>D</party>
        <fullName>Rep. Polis, Jared [D-CO-2]</fullName>
        <sponsorshipDate>2017-05-17</sponsorshipDate>
        <bioguideId>P000598</bioguideId>
        <middleName />
        <identifiers>
          <lisID>1910</lisID>
          <gpoId>7860</gpoId>
          <bioguideId>P000598</bioguideId>
        </identifiers>
        <lastName>Polis</lastName>
        <isOriginalCosponsor>True</isOriginalCosponsor>
        <firstName>Jared</firstName>
        <state>CO</state>
      </item>
      <item>
        <district>20</district>
        <sponsorshipWithdrawnDate />
        <party>D</party>
        <fullName>Rep. Panetta, Jimmy [D-CA-20]</fullName>
        <sponsorshipDate>2017-05-17</sponsorshipDate>
        <bioguideId>P000613</bioguideId>
        <middleName />
        <identifiers>
          <lisID>2309</lisID>
          <bioguideId>P000613</bioguideId>
          <gpoId />
        </identifiers>
        <lastName>Panetta</lastName>
        <isOriginalCosponsor>True</isOriginalCosponsor>
        <firstName>Jimmy</firstName>
        <state>CA</state>
      </item>
      <item>
        <district>8</district>
        <sponsorshipWithdrawnDate />
        <party>D</party>
        <fullName>Rep. Raskin, Jamie [D-MD-8]</fullName>
        <sponsorshipDate>2017-05-17</sponsorshipDate>
        <bioguideId>R000606</bioguideId>
        <middleName />
        <identifiers>
          <bioguideId>R000606</bioguideId>
          <gpoId />
          <lisID>2332</lisID>
        </identifiers>
        <lastName>Raskin</lastName>
        <isOriginalCosponsor>True</isOriginalCosponsor>
        <firstName>Jamie</firstName>
        <state>MD</state>
      </item>
      <item>
        <district>7</district>
        <sponsorshipWithdrawnDate />
        <party>D</party>
        <fullName>Rep. Jayapal, Pramila [D-WA-7]</fullName>
        <sponsorshipDate>2017-05-17</sponsorshipDate>
        <bioguideId>J000298</bioguideId>
        <middleName />
        <identifiers>
          <bioguideId>J000298</bioguideId>
          <gpoId />
          <lisID>2354</lisID>
        </identifiers>
        <lastName>Jayapal</lastName>
        <isOriginalCosponsor>True</isOriginalCosponsor>
        <firstName>Pramila</firstName>
        <state>WA</state>
      </item>
      <item>
        <district>13</district>
        <sponsorshipWithdrawnDate />
        <party>D</party>
        <fullName>Rep. Espaillat, Adriano [D-NY-13]</fullName>
        <sponsorshipDate>2017-06-13</sponsorshipDate>
        <bioguideId>E000297</bioguideId>
        <middleName />
        <identifiers>
          <gpoId />
          <lisID>2342</lisID>
          <bioguideId>E000297</bioguideId>
        </identifiers>
        <lastName>Espaillat</lastName>
        <isOriginalCosponsor>False</isOriginalCosponsor>
        <firstName>Adriano</firstName>
        <state>NY</state>
      </item>
      <item>
        <district>53</district>
        <sponsorshipWithdrawnDate />
        <party>D</party>
        <fullName>Rep. Davis, Susan A. [D-CA-53]</fullName>
        <sponsorshipDate>2017-06-13</sponsorshipDate>
        <bioguideId>D000598</bioguideId>
        <middleName>A.</middleName>
        <identifiers>
          <gpoId>7858</gpoId>
          <bioguideId>D000598</bioguideId>
          <lisID>1641</lisID>
        </identifiers>
        <lastName>DAVIS</lastName>
        <isOriginalCosponsor>False</isOriginalCosponsor>
        <firstName>SUSAN</firstName>
        <state>CA</state>
      </item>
      <item>
        <district>7</district>
        <sponsorshipWithdrawnDate />
        <party>D</party>
        <fullName>Rep. Perlmutter, Ed [D-CO-7]</fullName>
        <sponsorshipDate>2017-06-13</sponsorshipDate>
        <bioguideId>P000593</bioguideId>
        <middleName />
        <identifiers>
          <gpoId>7865</gpoId>
          <lisID>1835</lisID>
          <bioguideId>P000593</bioguideId>
        </identifiers>
        <lastName>Perlmutter</lastName>
        <isOriginalCosponsor>False</isOriginalCosponsor>
        <firstName>Ed</firstName>
        <state>CO</state>
      </item>
      <item>
        <district>9</district>
        <sponsorshipWithdrawnDate />
        <party>D</party>
        <fullName>Rep. Clarke, Yvette D. [D-NY-9]</fullName>
        <sponsorshipDate>2017-06-13</sponsorshipDate>
        <bioguideId>C001067</bioguideId>
        <middleName>D.</middleName>
        <identifiers>
          <gpoId>8072</gpoId>
          <lisID>1864</lisID>
          <bioguideId>C001067</bioguideId>
        </identifiers>
        <lastName>Clarke</lastName>
        <isOriginalCosponsor>False</isOriginalCosponsor>
        <firstName>Yvette</firstName>
        <state>NY</state>
      </item>
      <item>
        <district>2</district>
        <sponsorshipWithdrawnDate />
        <party>D</party>
        <fullName>Rep. Huffman, Jared [D-CA-2]</fullName>
        <sponsorshipDate>2017-06-20</sponsorshipDate>
        <bioguideId>H001068</bioguideId>
        <middleName />
        <identifiers>
          <bioguideId>H001068</bioguideId>
          <lisID>2101</lisID>
          <gpoId />
        </identifiers>
        <lastName>Huffman</lastName>
        <isOriginalCosponsor>False</isOriginalCosponsor>
        <firstName>Jared</firstName>
        <state>CA</state>
      </item>
      <item>
        <district>8</district>
        <sponsorshipWithdrawnDate />
        <party>D</party>
        <fullName>Rep. Lynch, Stephen F. [D-MA-8]</fullName>
        <sponsorshipDate>2017-06-21</sponsorshipDate>
        <bioguideId>L000562</bioguideId>
        <middleName>F.</middleName>
        <identifiers>
          <bioguideId>L000562</bioguideId>
          <lisID>1686</lisID>
          <gpoId>7974</gpoId>
        </identifiers>
        <lastName>Lynch</lastName>
        <isOriginalCosponsor>False</isOriginalCosponsor>
        <firstName>Stephen</firstName>
        <state>MA</state>
      </item>
    </cosponsors>
  </bill>
  <dublinCore xmlns:dc="http://purl.org/dc/elements/1.1/">
    <dc:format>text/xml</dc:format>
    <dc:language>EN</dc:language>
    <dc:rights>Pursuant to Title 17 Section 105 of the United States Code, this file is not subject to copyright protection and is in the public domain.</dc:rights>
    <dc:contributor>Congressional Research Service, Library of Congress</dc:contributor>
    <dc:description>This file contains bill summaries and statuses for federal legislation. A bill summary describes the most significant provisions of a piece of legislation and details the effects the legislative text may have on current law and federal programs. Bill summaries are authored by the Congressional Research Service (CRS) of the Library of Congress. As stated in Public Law 91-510 (2 USC 166 (d)(6)), one of the duties of CRS is "to prepare summaries and digests of bills and resolutions of a public general nature introduced in the Senate or House of Representatives". For more information, refer to the User Guide that accompanies this file.</dc:description>
  </dublinCore>
</billStatus>

