<?xml version="1.0" encoding="UTF-8"?>
<billStatus>
  <bill>
    <sponsors>
      <item>
        <fullName>Rep. Chabot, Steve [R-OH-1]</fullName>
        <lastName>CHABOT</lastName>
        <bioguideId>C000266</bioguideId>
        <party>R</party>
        <middleName />
        <state>OH</state>
        <firstName>STEVE</firstName>
        <district>1</district>
        <byRequestType />
        <identifiers>
          <lisID>186</lisID>
          <gpoId>8091</gpoId>
          <bioguideId>C000266</bioguideId>
        </identifiers>
      </item>
    </sponsors>
    <laws />
    <version>1.0.0</version>
    <introducedDate>2017-02-13</introducedDate>
    <cboCostEstimates />
    <titles>
      <item>
        <chamberCode />
        <titleType>Official Title as Introduced</titleType>
        <parentTitleType />
        <chamberName />
        <title>Providing amounts for the expenses of the Committee on Small Business in the One Hundred Fifteenth Congress.</title>
      </item>
      <item>
        <chamberCode />
        <titleType>Display Title</titleType>
        <parentTitleType />
        <chamberName />
        <title>Providing amounts for the expenses of the Committee on Small Business in the One Hundred Fifteenth Congress.</title>
      </item>
    </titles>
    <amendments />
    <recordedVotes />
    <relatedBills />
    <constitutionalAuthorityStatementText />
    <billType>HRES</billType>
    <actions>
      <actionByCounts>
        <houseOfRepresentatives>3</houseOfRepresentatives>
      </actionByCounts>
      <item>
        <text>Referred to the House Committee on House Administration.</text>
        <type>IntroReferral</type>
        <sourceSystem>
          <name>House floor actions</name>
          <code>2</code>
        </sourceSystem>
        <committee>
          <name>House Administration Committee</name>
          <systemCode>hsha00</systemCode>
        </committee>
        <actionCode>H11100</actionCode>
        <actionDate>2017-02-13</actionDate>
        <links />
      </item>
      <item>
        <text>Introduced in House</text>
        <type>IntroReferral</type>
        <sourceSystem>
          <name>Library of Congress</name>
          <code>9</code>
        </sourceSystem>
        <committee />
        <actionCode>Intro-H</actionCode>
        <actionDate>2017-02-13</actionDate>
        <links />
      </item>
      <item>
        <text>Introduced in House</text>
        <type>IntroReferral</type>
        <sourceSystem>
          <name>Library of Congress</name>
          <code>9</code>
        </sourceSystem>
        <committee />
        <actionCode>1000</actionCode>
        <actionDate>2017-02-13</actionDate>
        <links />
      </item>
      <actionTypeCounts>
        <introducedInHouse>1</introducedInHouse>
        <billReferrals>1</billReferrals>
        <introducedInTheHouse>1</introducedInTheHouse>
      </actionTypeCounts>
    </actions>
    <notes />
    <originChamber>House</originChamber>
    <congress>115</congress>
    <subjects>
      <billSubjects>
        <policyArea>
          <name>Congress</name>
        </policyArea>
        <legislativeSubjects>
          <item>
            <name>Congressional committees</name>
          </item>
          <item>
            <name>House Committee on Small Business</name>
          </item>
        </legislativeSubjects>
      </billSubjects>
    </subjects>
    <billNumber>114</billNumber>
    <cosponsors />
    <summaries>
      <billSummaries>
        <item>
          <versionCode>00</versionCode>
          <actionDate>2017-02-13</actionDate>
          <updateDate>2017-02-13T05:00:00Z</updateDate>
          <text><![CDATA[<p> Provides amounts for the expenses of the House Committee on Small Business for the 115th Congress.</p>]]></text>
          <actionDesc>Introduced in House</actionDesc>
          <name>Introduced in House</name>
          <lastSummaryUpdateDate>2017-03-28T14:48:46Z</lastSummaryUpdateDate>
        </item>
      </billSummaries>
    </summaries>
    <policyArea>
      <name>Congress</name>
    </policyArea>
    <latestAction>
      <links />
      <actionDate>2017-02-13</actionDate>
      <text>Referred to the House Committee on House Administration.</text>
    </latestAction>
    <updateDate>2018-02-06T16:39:35Z</updateDate>
    <committees>
      <billCommittees>
        <item>
          <chamber>House</chamber>
          <subcommittees />
          <systemCode>hsha00</systemCode>
          <name>House Administration Committee</name>
          <activities>
            <item>
              <name>Referred to</name>
              <date>2017-02-13T17:00:29Z</date>
            </item>
          </activities>
          <type>Standing</type>
        </item>
      </billCommittees>
    </committees>
    <createDate>2017-02-14T05:20:30Z</createDate>
    <title>Providing amounts for the expenses of the Committee on Small Business in the One Hundred Fifteenth Congress.</title>
    <committeeReports />
    <calendarNumbers />
  </bill>
  <dublinCore xmlns:dc="http://purl.org/dc/elements/1.1/">
    <dc:format>text/xml</dc:format>
    <dc:language>EN</dc:language>
    <dc:rights>Pursuant to Title 17 Section 105 of the United States Code, this file is not subject to copyright protection and is in the public domain.</dc:rights>
    <dc:contributor>Congressional Research Service, Library of Congress</dc:contributor>
    <dc:description>This file contains bill summaries and statuses for federal legislation. A bill summary describes the most significant provisions of a piece of legislation and details the effects the legislative text may have on current law and federal programs. Bill summaries are authored by the Congressional Research Service (CRS) of the Library of Congress. As stated in Public Law 91-510 (2 USC 166 (d)(6)), one of the duties of CRS is "to prepare summaries and digests of bills and resolutions of a public general nature introduced in the Senate or House of Representatives". For more information, refer to the User Guide that accompanies this file.</dc:description>
  </dublinCore>
</billStatus>

