<?xml version="1.0" encoding="UTF-8"?>
<billStatus>
  <bill>
    <actions>
      <actionTypeCounts>
        <considerationByHouse>2</considerationByHouse>
        <houseCalendarAssignment>1</houseCalendarAssignment>
        <generalDebate>2</generalDebate>
        <passageOfAMeasure>1</passageOfAMeasure>
        <motionForPreviousQuestion>1</motionForPreviousQuestion>
        <reportedToHouse>1</reportedToHouse>
        <motionToReconsiderResults>1</motionToReconsiderResults>
        <introducedInHouse>1</introducedInHouse>
        <passedAgreedToInHouse>1</passedAgreedToInHouse>
        <provisionsOfARule>1</provisionsOfARule>
        <committeeReportOfAnOriginalMeasure>1</committeeReportOfAnOriginalMeasure>
      </actionTypeCounts>
      <item>
        <actionTime>14:27:58</actionTime>
        <links />
        <committee />
        <type>Floor</type>
        <actionCode>H38310</actionCode>
        <actionDate>2017-06-07</actionDate>
        <sourceSystem>
          <code>2</code>
          <name>House floor actions</name>
        </sourceSystem>
        <text>Motion to reconsider laid on the table Agreed to without objection.</text>
      </item>
      <item>
        <actionTime>14:27:55</actionTime>
        <links>
          <link>
            <name>H4660</name>
            <url>https://www.congress.gov/congressional-record/volume-163/house-section/page/H4660</url>
          </link>
          <link>
            <name>Roll no. 289</name>
            <url>http://clerk.house.gov/evs/2017/roll289.xml</url>
          </link>
        </links>
        <committee />
        <type>Floor</type>
        <actionCode>H37100</actionCode>
        <actionDate>2017-06-07</actionDate>
        <sourceSystem>
          <code>2</code>
          <name>House floor actions</name>
        </sourceSystem>
        <text>On agreeing to the resolution Agreed to by recorded vote: 231 - 185 (Roll no. 289). (text: CR H4660)</text>
      </item>
      <item>
        <actionTime>14:27:55</actionTime>
        <links>
          <link>
            <name>Roll no. 289</name>
            <url>http://clerk.house.gov/evs/2017/roll289.xml</url>
          </link>
        </links>
        <committee />
        <type>Floor</type>
        <actionCode>8000</actionCode>
        <actionDate>2017-06-07</actionDate>
        <sourceSystem>
          <code>9</code>
          <name>Library of Congress</name>
        </sourceSystem>
        <text>Passed/agreed to in House: On agreeing to the resolution Agreed to by recorded vote: 231 - 185 (Roll no. 289).</text>
      </item>
      <item>
        <actionTime>14:20:31</actionTime>
        <links>
          <link>
            <name>H4671</name>
            <url>https://www.congress.gov/congressional-record/volume-163/house-section/page/H4671</url>
          </link>
          <link>
            <name>Roll no. 288</name>
            <url>http://clerk.house.gov/evs/2017/roll288.xml</url>
          </link>
        </links>
        <committee />
        <type>Floor</type>
        <actionCode>H35000</actionCode>
        <actionDate>2017-06-07</actionDate>
        <sourceSystem>
          <code>2</code>
          <name>House floor actions</name>
        </sourceSystem>
        <text>On ordering the previous question Agreed to by the Yeas and Nays: 228 - 189 (Roll no. 288). (consideration: CR H4671)</text>
      </item>
      <item>
        <actionTime>13:56:49</actionTime>
        <links>
          <link>
            <name>H4671-4672</name>
            <url>https://www.congress.gov/congressional-record/volume-163/house-section/page/H4671-4672</url>
          </link>
        </links>
        <committee />
        <type>Floor</type>
        <actionCode>H30000</actionCode>
        <actionDate>2017-06-07</actionDate>
        <sourceSystem>
          <code>2</code>
          <name>House floor actions</name>
        </sourceSystem>
        <text>Considered as unfinished business. (consideration: CR H4671-4672)</text>
      </item>
      <item>
        <actionTime>12:57:49</actionTime>
        <links>
          <link>
            <name>H. Res. 374</name>
            <url>https://www.congress.gov/bill/115th-congress/house-resolution/374</url>
          </link>
        </links>
        <committee />
        <type>Floor</type>
        <actionCode>H8D000</actionCode>
        <actionDate>2017-06-07</actionDate>
        <sourceSystem>
          <code>2</code>
          <name>House floor actions</name>
        </sourceSystem>
        <text>POSTPONED PROCEEDINGS - At the conclusion of debate on H. Res. 374, the Chair put the question on ordering the previous question, and by voice vote announced that the ayes had prevailed. Mr. Hastings demanded the yeas and nays, and the Chair postponed further proceedings on the question of ordering the previous question until later in the legislative day.</text>
      </item>
      <item>
        <actionTime>12:26:44</actionTime>
        <links>
          <link>
            <name>H. Res. 374</name>
            <url>https://www.congress.gov/bill/115th-congress/house-resolution/374</url>
          </link>
        </links>
        <committee />
        <type>Floor</type>
        <actionCode>H8D000</actionCode>
        <actionDate>2017-06-07</actionDate>
        <sourceSystem>
          <code>2</code>
          <name>House floor actions</name>
        </sourceSystem>
        <text>DEBATE - The House proceeded with one hour of debate on H. Res. 374.</text>
      </item>
      <item>
        <actionTime>12:25:12</actionTime>
        <links>
          <link>
            <name>H4660-4664</name>
            <url>https://www.congress.gov/congressional-record/volume-163/house-section/page/H4660-4664</url>
          </link>
        </links>
        <committee />
        <type>Floor</type>
        <actionCode>H30000</actionCode>
        <actionDate>2017-06-07</actionDate>
        <sourceSystem>
          <code>2</code>
          <name>House floor actions</name>
        </sourceSystem>
        <text>Considered as privileged matter. (consideration: CR H4660-4664)</text>
      </item>
      <item>
        <links />
        <committee />
        <type>Calendars</type>
        <actionCode>H12420</actionCode>
        <actionDate>2017-06-06</actionDate>
        <sourceSystem>
          <code>2</code>
          <name>House floor actions</name>
        </sourceSystem>
        <text>Placed on the House Calendar, Calendar No. 53.</text>
      </item>
      <item>
        <actionTime>19:21:40</actionTime>
        <links>
          <link>
            <name>H.R. 2213</name>
            <url>https://www.congress.gov/bill/115th-congress/house-bill/2213</url>
          </link>
        </links>
        <committee />
        <type>Floor</type>
        <actionCode>H12700</actionCode>
        <actionDate>2017-06-06</actionDate>
        <sourceSystem>
          <code>2</code>
          <name>House floor actions</name>
        </sourceSystem>
        <text>Rule provides for consideration of H.R. 2213 with 1 hour of general debate. Previous question shall be considered as ordered without intervening motions except motion to recommit with or without instructions. Measure will be considered read. A specified amendment is in order.</text>
      </item>
      <item>
        <links>
          <link>
            <name>H. Rept. 115-162</name>
            <url>https://www.congress.gov/congressional-report/115th-congress/house-report/162</url>
          </link>
        </links>
        <committee>
          <name>Rules Committee</name>
          <systemCode>hsru00</systemCode>
        </committee>
        <type>Committee</type>
        <actionCode>H12100</actionCode>
        <actionDate>2017-06-06</actionDate>
        <sourceSystem>
          <code>2</code>
          <name>House floor actions</name>
        </sourceSystem>
        <text>The House Committee on Rules reported an original measure, H. Rept. 115-162, by Ms. Cheney.</text>
      </item>
      <item>
        <links>
          <link>
            <name>H. Rept. 115-162</name>
            <url>https://www.congress.gov/congressional-report/115th-congress/house-report/162</url>
          </link>
        </links>
        <committee>
          <name>Rules Committee</name>
          <systemCode>hsru00</systemCode>
        </committee>
        <type>Committee</type>
        <actionCode>5000</actionCode>
        <actionDate>2017-06-06</actionDate>
        <sourceSystem>
          <code>9</code>
          <name>Library of Congress</name>
        </sourceSystem>
        <text>The House Committee on Rules reported an original measure, H. Rept. 115-162, by Ms. Cheney.</text>
      </item>
      <item>
        <links />
        <committee />
        <type>IntroReferral</type>
        <actionCode>1000</actionCode>
        <actionDate>2017-06-06</actionDate>
        <sourceSystem>
          <code>9</code>
          <name>Library of Congress</name>
        </sourceSystem>
        <text>Introduced in House</text>
      </item>
      <actionByCounts>
        <houseOfRepresentatives>13</houseOfRepresentatives>
      </actionByCounts>
    </actions>
    <constitutionalAuthorityStatementText />
    <latestAction>
      <links />
      <text>Motion to reconsider laid on the table Agreed to without objection.</text>
      <actionTime>14:27:58</actionTime>
      <actionDate>2017-06-07</actionDate>
    </latestAction>
    <laws />
    <cosponsors />
    <title>Providing for consideration of the bill (H.R. 2213) to amend the Anti-Border Corruption Act of 2010 to authorize certain polygraph waiver authority, and for other purposes.</title>
    <committees>
      <billCommittees>
        <item>
          <activities>
            <item>
              <date>2017-06-06T23:21:39Z</date>
              <name>Reported original measure</name>
            </item>
          </activities>
          <type>Standing</type>
          <systemCode>hsru00</systemCode>
          <name>Rules Committee</name>
          <subcommittees />
          <chamber>House</chamber>
        </item>
      </billCommittees>
    </committees>
    <notes />
    <committeeReports>
      <committeeReport>
        <citation>H. Rept. 115-162</citation>
      </committeeReport>
    </committeeReports>
    <calendarNumbers>
      <item>
        <calendar>H00053</calendar>
        <number />
      </item>
    </calendarNumbers>
    <policyArea>
      <name>Congress</name>
    </policyArea>
    <summaries>
      <billSummaries>
        <item>
          <versionCode>00</versionCode>
          <text><![CDATA[Sets forth the rule for consideration of the bill (H.R. 2213) to amend the Anti-Border Corruption Act of 2010 to authorize certain polygraph waiver authority.]]></text>
          <actionDesc>Introduced in House</actionDesc>
          <lastSummaryUpdateDate>2017-06-07T08:05:29Z</lastSummaryUpdateDate>
          <updateDate>2017-06-06T04:00:00Z</updateDate>
          <actionDate>2017-06-06</actionDate>
          <name>Introduced in House</name>
        </item>
      </billSummaries>
    </summaries>
    <subjects>
      <billSubjects>
        <policyArea>
          <name>Congress</name>
        </policyArea>
        <legislativeSubjects>
          <item>
            <name>House of Representatives</name>
          </item>
          <item>
            <name>Legislative rules and procedure</name>
          </item>
        </legislativeSubjects>
      </billSubjects>
    </subjects>
    <billNumber>374</billNumber>
    <cboCostEstimates />
    <introducedDate>2017-06-06</introducedDate>
    <congress>115</congress>
    <billType>HRES</billType>
    <sponsors>
      <item>
        <state>WY</state>
        <middleName />
        <bioguideId>C001109</bioguideId>
        <firstName>Liz</firstName>
        <byRequestType />
        <lastName>Cheney</lastName>
        <identifiers>
          <gpoId />
          <bioguideId>C001109</bioguideId>
          <lisID>2356</lisID>
        </identifiers>
        <fullName>Rep. Cheney, Liz [R-WY-At Large]</fullName>
        <party>R</party>
        <district>0</district>
      </item>
    </sponsors>
    <amendments />
    <version>1.0.0</version>
    <relatedBills>
      <item>
        <relationshipDetails>
          <item>
            <identifiedBy>House</identifiedBy>
            <type>Procedurally-related</type>
          </item>
        </relationshipDetails>
        <type>HR</type>
        <latestAction>
          <actionDate>2017-06-08</actionDate>
          <text>Received in the Senate and Read twice and referred to the Committee on Homeland Security and Governmental Affairs.</text>
        </latestAction>
        <congress>115</congress>
        <latestTitle>Anti-Border Corruption Reauthorization Act of 2017</latestTitle>
        <number>2213</number>
      </item>
    </relatedBills>
    <createDate>2017-06-07T03:11:35Z</createDate>
    <updateDate>2018-02-22T15:26:51Z</updateDate>
    <recordedVotes>
      <recordedVote>
        <congress>115</congress>
        <date>2017-06-07T18:27:55Z</date>
        <fullActionName>Passage of a Measure</fullActionName>
        <rollNumber>289</rollNumber>
        <url>http://clerk.house.gov/evs/2017/roll289.xml</url>
        <chamber>House</chamber>
        <sessionNumber>1</sessionNumber>
      </recordedVote>
      <recordedVote>
        <congress>115</congress>
        <date>2017-06-07T18:20:31Z</date>
        <fullActionName>Motion for Previous Question</fullActionName>
        <rollNumber>288</rollNumber>
        <url>http://clerk.house.gov/evs/2017/roll288.xml</url>
        <chamber>House</chamber>
        <sessionNumber>1</sessionNumber>
      </recordedVote>
    </recordedVotes>
    <titles>
      <item>
        <titleType>Official Title as Introduced</titleType>
        <chamberCode />
        <title>Providing for consideration of the bill (H.R. 2213) to amend the Anti-Border Corruption Act of 2010 to authorize certain polygraph waiver authority, and for other purposes.</title>
        <chamberName />
        <parentTitleType />
      </item>
      <item>
        <titleType>Display Title</titleType>
        <chamberCode />
        <title>Providing for consideration of the bill (H.R. 2213) to amend the Anti-Border Corruption Act of 2010 to authorize certain polygraph waiver authority, and for other purposes.</title>
        <chamberName />
        <parentTitleType />
      </item>
    </titles>
    <originChamber>House</originChamber>
  </bill>
  <dublinCore xmlns:dc="http://purl.org/dc/elements/1.1/">
    <dc:format>text/xml</dc:format>
    <dc:language>EN</dc:language>
    <dc:rights>Pursuant to Title 17 Section 105 of the United States Code, this file is not subject to copyright protection and is in the public domain.</dc:rights>
    <dc:contributor>Congressional Research Service, Library of Congress</dc:contributor>
    <dc:description>This file contains bill summaries and statuses for federal legislation. A bill summary describes the most significant provisions of a piece of legislation and details the effects the legislative text may have on current law and federal programs. Bill summaries are authored by the Congressional Research Service (CRS) of the Library of Congress. As stated in Public Law 91-510 (2 USC 166 (d)(6)), one of the duties of CRS is "to prepare summaries and digests of bills and resolutions of a public general nature introduced in the Senate or House of Representatives". For more information, refer to the User Guide that accompanies this file.</dc:description>
  </dublinCore>
</billStatus>

