<?xml version="1.0" encoding="UTF-8"?>
<billStatus>
  <bill>
    <titles>
      <item>
        <chamberCode />
        <titleType>Official Title as Introduced</titleType>
        <parentTitleType />
        <chamberName />
        <title>Providing amounts for the expenses of the Committee on Energy and Commerce in the One Hundred Fifteenth Congress.</title>
      </item>
      <item>
        <chamberCode />
        <titleType>Display Title</titleType>
        <parentTitleType />
        <chamberName />
        <title>Providing amounts for the expenses of the Committee on Energy and Commerce in the One Hundred Fifteenth Congress.</title>
      </item>
    </titles>
    <committeeReports />
    <sponsors>
      <item>
        <firstName>GREG</firstName>
        <middleName />
        <identifiers>
          <gpoId>8115</gpoId>
          <bioguideId>W000791</bioguideId>
          <lisID>1596</lisID>
        </identifiers>
        <party>R</party>
        <bioguideId>W000791</bioguideId>
        <lastName>WALDEN</lastName>
        <fullName>Rep. Walden, Greg [R-OR-2]</fullName>
        <byRequestType />
        <district>2</district>
        <state>OR</state>
      </item>
    </sponsors>
    <title>Providing amounts for the expenses of the Committee on Energy and Commerce in the One Hundred Fifteenth Congress.</title>
    <actions>
      <actionTypeCounts>
        <introducedInTheHouse>1</introducedInTheHouse>
        <billReferrals>1</billReferrals>
        <introducedInHouse>1</introducedInHouse>
      </actionTypeCounts>
      <item>
        <type>IntroReferral</type>
        <links />
        <text>Referred to the House Committee on House Administration.</text>
        <committee>
          <systemCode>hsha00</systemCode>
          <name>House Administration Committee</name>
        </committee>
        <actionDate>2017-02-01</actionDate>
        <sourceSystem>
          <name>House floor actions</name>
          <code>2</code>
        </sourceSystem>
        <actionCode>H11100</actionCode>
      </item>
      <item>
        <type>IntroReferral</type>
        <links />
        <text>Introduced in House</text>
        <committee />
        <actionDate>2017-02-01</actionDate>
        <sourceSystem>
          <name>Library of Congress</name>
          <code>9</code>
        </sourceSystem>
        <actionCode>Intro-H</actionCode>
      </item>
      <item>
        <type>IntroReferral</type>
        <links />
        <text>Introduced in House</text>
        <committee />
        <actionDate>2017-02-01</actionDate>
        <sourceSystem>
          <name>Library of Congress</name>
          <code>9</code>
        </sourceSystem>
        <actionCode>1000</actionCode>
      </item>
      <actionByCounts>
        <houseOfRepresentatives>3</houseOfRepresentatives>
      </actionByCounts>
    </actions>
    <summaries>
      <billSummaries>
        <item>
          <versionCode>00</versionCode>
          <actionDate>2017-02-01</actionDate>
          <updateDate>2017-02-01T05:00:00Z</updateDate>
          <text><![CDATA[<p>Provides amounts for the expenses of the House Committee on Energy and Commerce for the 115th Congress.</p>]]></text>
          <actionDesc>Introduced in House</actionDesc>
          <name>Introduced in House</name>
          <lastSummaryUpdateDate>2017-03-02T22:34:00Z</lastSummaryUpdateDate>
        </item>
      </billSummaries>
    </summaries>
    <constitutionalAuthorityStatementText />
    <billNumber>81</billNumber>
    <calendarNumbers />
    <originChamber>House</originChamber>
    <version>1.0.0</version>
    <subjects>
      <billSubjects>
        <policyArea>
          <name>Congress</name>
        </policyArea>
        <legislativeSubjects>
          <item>
            <name>Congressional committees</name>
          </item>
          <item>
            <name>House Committee on Energy and Commerce</name>
          </item>
        </legislativeSubjects>
      </billSubjects>
    </subjects>
    <cosponsors />
    <latestAction>
      <text>Referred to the House Committee on House Administration.</text>
      <links />
      <actionDate>2017-02-01</actionDate>
    </latestAction>
    <laws />
    <notes />
    <createDate>2017-02-02T05:28:42Z</createDate>
    <billType>HRES</billType>
    <updateDate>2018-02-06T16:39:33Z</updateDate>
    <relatedBills />
    <cboCostEstimates />
    <introducedDate>2017-02-01</introducedDate>
    <amendments />
    <policyArea>
      <name>Congress</name>
    </policyArea>
    <recordedVotes />
    <congress>115</congress>
    <committees>
      <billCommittees>
        <item>
          <subcommittees />
          <type>Standing</type>
          <systemCode>hsha00</systemCode>
          <activities>
            <item>
              <name>Referred to</name>
              <date>2017-02-01T15:00:38Z</date>
            </item>
          </activities>
          <name>House Administration Committee</name>
          <chamber>House</chamber>
        </item>
      </billCommittees>
    </committees>
  </bill>
  <dublinCore xmlns:dc="http://purl.org/dc/elements/1.1/">
    <dc:format>text/xml</dc:format>
    <dc:language>EN</dc:language>
    <dc:rights>Pursuant to Title 17 Section 105 of the United States Code, this file is not subject to copyright protection and is in the public domain.</dc:rights>
    <dc:contributor>Congressional Research Service, Library of Congress</dc:contributor>
    <dc:description>This file contains bill summaries and statuses for federal legislation. A bill summary describes the most significant provisions of a piece of legislation and details the effects the legislative text may have on current law and federal programs. Bill summaries are authored by the Congressional Research Service (CRS) of the Library of Congress. As stated in Public Law 91-510 (2 USC 166 (d)(6)), one of the duties of CRS is "to prepare summaries and digests of bills and resolutions of a public general nature introduced in the Senate or House of Representatives". For more information, refer to the User Guide that accompanies this file.</dc:description>
  </dublinCore>
</billStatus>

