<?xml version="1.0" encoding="UTF-8"?>
<billStatus>
  <bill>
    <introducedDate>2017-03-02</introducedDate>
    <congress>115</congress>
    <latestAction>
      <actionDate>2017-03-10</actionDate>
      <links />
      <text>Referred to the Subcommittee on Biotechnology, Horticulture, and Research.</text>
    </latestAction>
    <originChamber>House</originChamber>
    <billNumber>170</billNumber>
    <sponsors>
      <item>
        <state>NY</state>
        <identifiers>
          <bioguideId>S001196</bioguideId>
          <lisID>2263</lisID>
          <gpoId />
        </identifiers>
        <bioguideId>S001196</bioguideId>
        <lastName>Stefanik</lastName>
        <fullName>Rep. Stefanik, Elise M. [R-NY-21]</fullName>
        <district>21</district>
        <firstName>Elise</firstName>
        <byRequestType />
        <middleName>M.</middleName>
        <party>R</party>
      </item>
    </sponsors>
    <committeeReports />
    <relatedBills />
    <titles>
      <item>
        <titleType>Official Title as Introduced</titleType>
        <title>Expressing the commitment of the House of Representatives to work to combat the nationwide problem of invasive species threatening native ecosystems.</title>
        <chamberCode />
        <parentTitleType />
        <chamberName />
      </item>
      <item>
        <titleType>Display Title</titleType>
        <title>Expressing the commitment of the House of Representatives to work to combat the nationwide problem of invasive species threatening native ecosystems.</title>
        <chamberCode />
        <parentTitleType />
        <chamberName />
      </item>
    </titles>
    <constitutionalAuthorityStatementText />
    <billType>HRES</billType>
    <summaries>
      <billSummaries>
        <item>
          <versionCode>00</versionCode>
          <updateDate>2017-03-02T05:00:00Z</updateDate>
          <actionDate>2017-03-02</actionDate>
          <text><![CDATA[<p>Expresses the commitment of the House of Representatives to create a comprehensive solution to the threat of invasive, nonnative species throughout the United States by controlling and eradicating established invasive species populations, and preventing the further introduction of nonnative species into native ecosystems. (An invasive species is an organism that is not native to an ecosystem and is ecologically or economically harmful in the new environment where it is not native.)</p>]]></text>
          <actionDesc>Introduced in House</actionDesc>
          <lastSummaryUpdateDate>2017-08-14T18:55:56Z</lastSummaryUpdateDate>
          <name>Introduced in House</name>
        </item>
      </billSummaries>
    </summaries>
    <subjects>
      <billSubjects>
        <policyArea>
          <name>Environmental Protection</name>
        </policyArea>
        <legislativeSubjects>
          <item>
            <name>Aquatic ecology</name>
          </item>
          <item>
            <name>Ecology</name>
          </item>
          <item>
            <name>Wildlife conservation and habitat protection</name>
          </item>
        </legislativeSubjects>
      </billSubjects>
    </subjects>
    <laws />
    <policyArea>
      <name>Environmental Protection</name>
    </policyArea>
    <committees>
      <billCommittees>
        <item>
          <systemCode>hsag00</systemCode>
          <chamber>House</chamber>
          <type>Standing</type>
          <activities>
            <item>
              <date>2017-03-02T14:03:15Z</date>
              <name>Referred to</name>
            </item>
          </activities>
          <name>Agriculture Committee</name>
          <subcommittees>
            <item>
              <activities>
                <item>
                  <date>2017-03-10T20:07:23Z</date>
                  <name>Referred to</name>
                </item>
              </activities>
              <systemCode>hsag14</systemCode>
              <name>Biotechnology, Horticulture, and Research Subcommittee</name>
            </item>
          </subcommittees>
        </item>
        <item>
          <systemCode>hspw00</systemCode>
          <chamber>House</chamber>
          <type>Standing</type>
          <activities>
            <item>
              <date>2017-03-02T14:03:20Z</date>
              <name>Referred to</name>
            </item>
          </activities>
          <name>Transportation and Infrastructure Committee</name>
          <subcommittees>
            <item>
              <activities>
                <item>
                  <date>2017-03-03T22:10:34Z</date>
                  <name>Referred to</name>
                </item>
              </activities>
              <systemCode>hspw02</systemCode>
              <name>Water Resources and Environment Subcommittee</name>
            </item>
            <item>
              <activities>
                <item>
                  <date>2017-03-03T22:10:09Z</date>
                  <name>Referred to</name>
                </item>
              </activities>
              <systemCode>hspw14</systemCode>
              <name>Railroads, Pipelines, and Hazardous Materials Subcommittee</name>
            </item>
            <item>
              <activities>
                <item>
                  <date>2017-03-03T22:09:17Z</date>
                  <name>Referred to</name>
                </item>
              </activities>
              <systemCode>hspw12</systemCode>
              <name>Highways and Transit Subcommittee</name>
            </item>
            <item>
              <activities>
                <item>
                  <date>2017-03-03T22:07:56Z</date>
                  <name>Referred to</name>
                </item>
              </activities>
              <systemCode>hspw07</systemCode>
              <name>Coast Guard and Maritime Transportation Subcommittee</name>
            </item>
            <item>
              <activities>
                <item>
                  <date>2017-03-03T22:07:15Z</date>
                  <name>Referred to</name>
                </item>
              </activities>
              <systemCode>hspw05</systemCode>
              <name>Aviation Subcommittee</name>
            </item>
          </subcommittees>
        </item>
        <item>
          <systemCode>hsii00</systemCode>
          <chamber>House</chamber>
          <type>Standing</type>
          <activities>
            <item>
              <date>2017-03-02T14:03:10Z</date>
              <name>Referred to</name>
            </item>
          </activities>
          <name>Natural Resources Committee</name>
          <subcommittees>
            <item>
              <activities>
                <item>
                  <date>2017-03-03T22:02:46Z</date>
                  <name>Referred to</name>
                </item>
              </activities>
              <systemCode>hsii10</systemCode>
              <name>Federal Lands Subcommittee</name>
            </item>
            <item>
              <activities>
                <item>
                  <date>2017-03-03T22:02:39Z</date>
                  <name>Referred to</name>
                </item>
              </activities>
              <systemCode>hsii13</systemCode>
              <name>Water, Power and Oceans Subcommittee</name>
            </item>
          </subcommittees>
        </item>
      </billCommittees>
    </committees>
    <version>1.0.0</version>
    <recordedVotes />
    <updateDate>2018-02-06T16:39:38Z</updateDate>
    <title>Expressing the commitment of the House of Representatives to work to combat the nationwide problem of invasive species threatening native ecosystems.</title>
    <createDate>2017-03-03T05:11:22Z</createDate>
    <cboCostEstimates />
    <actions>
      <item>
        <actionDate>2017-03-10</actionDate>
        <committee>
          <systemCode>hsag14</systemCode>
          <name>Biotechnology, Horticulture, and Research Subcommittee</name>
        </committee>
        <links />
        <sourceSystem>
          <name>House committee actions</name>
          <code>1</code>
        </sourceSystem>
        <text>Referred to the Subcommittee on Biotechnology, Horticulture, and Research.</text>
        <type>Committee</type>
      </item>
      <item>
        <actionDate>2017-03-03</actionDate>
        <committee>
          <systemCode>hspw02</systemCode>
          <name>Water Resources and Environment Subcommittee</name>
        </committee>
        <links />
        <sourceSystem>
          <name>House committee actions</name>
          <code>1</code>
        </sourceSystem>
        <text>Referred to the Subcommittee on Water Resources and Environment.</text>
        <type>Committee</type>
      </item>
      <item>
        <actionDate>2017-03-03</actionDate>
        <committee>
          <systemCode>hspw14</systemCode>
          <name>Railroads, Pipelines, and Hazardous Materials Subcommittee</name>
        </committee>
        <links />
        <sourceSystem>
          <name>House committee actions</name>
          <code>1</code>
        </sourceSystem>
        <text>Referred to the Subcommittee on Railroads, Pipelines, and Hazardous Materials.</text>
        <type>Committee</type>
      </item>
      <item>
        <actionDate>2017-03-03</actionDate>
        <committee>
          <systemCode>hspw12</systemCode>
          <name>Highways and Transit Subcommittee</name>
        </committee>
        <links />
        <sourceSystem>
          <name>House committee actions</name>
          <code>1</code>
        </sourceSystem>
        <text>Referred to the Subcommittee on Highways and Transit.</text>
        <type>Committee</type>
      </item>
      <item>
        <actionDate>2017-03-03</actionDate>
        <committee>
          <systemCode>hspw07</systemCode>
          <name>Coast Guard and Maritime Transportation Subcommittee</name>
        </committee>
        <links />
        <sourceSystem>
          <name>House committee actions</name>
          <code>1</code>
        </sourceSystem>
        <text>Referred to the Subcommittee on Coast Guard and Maritime Transportation.</text>
        <type>Committee</type>
      </item>
      <item>
        <actionDate>2017-03-03</actionDate>
        <committee>
          <systemCode>hspw05</systemCode>
          <name>Aviation Subcommittee</name>
        </committee>
        <links />
        <sourceSystem>
          <name>House committee actions</name>
          <code>1</code>
        </sourceSystem>
        <text>Referred to the Subcommittee on Aviation.</text>
        <type>Committee</type>
      </item>
      <item>
        <actionDate>2017-03-03</actionDate>
        <committee>
          <systemCode>hsii10</systemCode>
          <name>Federal Lands Subcommittee</name>
        </committee>
        <links />
        <sourceSystem>
          <name>House committee actions</name>
          <code>1</code>
        </sourceSystem>
        <text>Referred to the Subcommittee on Federal Lands.</text>
        <type>Committee</type>
      </item>
      <item>
        <actionDate>2017-03-03</actionDate>
        <committee>
          <systemCode>hsii13</systemCode>
          <name>Water, Power and Oceans Subcommittee</name>
        </committee>
        <links />
        <sourceSystem>
          <name>House committee actions</name>
          <code>1</code>
        </sourceSystem>
        <text>Referred to the Subcommittee on Water, Power and Oceans.</text>
        <type>Committee</type>
      </item>
      <item>
        <links />
        <actionDate>2017-03-02</actionDate>
        <type>IntroReferral</type>
        <text>Referred to House Transportation and Infrastructure</text>
        <actionCode>H11100</actionCode>
        <sourceSystem>
          <name>House floor actions</name>
          <code>2</code>
        </sourceSystem>
        <committee>
          <systemCode>hspw00</systemCode>
          <name>Transportation and Infrastructure Committee</name>
        </committee>
      </item>
      <item>
        <links />
        <actionDate>2017-03-02</actionDate>
        <type>IntroReferral</type>
        <text>Referred to House Agriculture</text>
        <actionCode>H11100</actionCode>
        <sourceSystem>
          <name>House floor actions</name>
          <code>2</code>
        </sourceSystem>
        <committee>
          <systemCode>hsag00</systemCode>
          <name>Agriculture Committee</name>
        </committee>
      </item>
      <item>
        <links />
        <actionDate>2017-03-02</actionDate>
        <type>IntroReferral</type>
        <text>Referred to House Natural Resources</text>
        <actionCode>H11100</actionCode>
        <sourceSystem>
          <name>House floor actions</name>
          <code>2</code>
        </sourceSystem>
        <committee>
          <systemCode>hsii00</systemCode>
          <name>Natural Resources Committee</name>
        </committee>
      </item>
      <item>
        <links />
        <actionDate>2017-03-02</actionDate>
        <type>IntroReferral</type>
        <text>Referred to the Committee on Natural Resources, and in addition to the Committees on Agriculture, and Transportation and Infrastructure, for a period to be subsequently determined by the Speaker, in each case for consideration of such provisions as fall within the jurisdiction of the committee concerned.</text>
        <actionCode>H11100-A</actionCode>
        <sourceSystem>
          <name>Library of Congress</name>
          <code>9</code>
        </sourceSystem>
        <committee />
      </item>
      <item>
        <links />
        <actionDate>2017-03-02</actionDate>
        <type>IntroReferral</type>
        <text>Introduced in House</text>
        <actionCode>Intro-H</actionCode>
        <sourceSystem>
          <name>Library of Congress</name>
          <code>9</code>
        </sourceSystem>
        <committee />
      </item>
      <item>
        <links />
        <actionDate>2017-03-02</actionDate>
        <type>IntroReferral</type>
        <text>Introduced in House</text>
        <actionCode>1000</actionCode>
        <sourceSystem>
          <name>Library of Congress</name>
          <code>9</code>
        </sourceSystem>
        <committee />
      </item>
      <actionByCounts>
        <houseOfRepresentatives>14</houseOfRepresentatives>
      </actionByCounts>
      <actionTypeCounts>
        <billReferrals>3</billReferrals>
        <billReferralsAggregate>1</billReferralsAggregate>
        <placeholderTextForH>8</placeholderTextForH>
        <introducedInTheHouse>1</introducedInTheHouse>
        <introducedInHouse>1</introducedInHouse>
      </actionTypeCounts>
    </actions>
    <amendments />
    <notes />
    <calendarNumbers />
    <cosponsors>
      <item>
        <district>5</district>
        <sponsorshipWithdrawnDate />
        <party>D</party>
        <fullName>Rep. Thompson, Mike [D-CA-5]</fullName>
        <sponsorshipDate>2017-03-02</sponsorshipDate>
        <bioguideId>T000460</bioguideId>
        <middleName />
        <identifiers>
          <lisID>1593</lisID>
          <bioguideId>T000460</bioguideId>
          <gpoId>7806</gpoId>
        </identifiers>
        <lastName>THOMPSON</lastName>
        <isOriginalCosponsor>True</isOriginalCosponsor>
        <firstName>MIKE</firstName>
        <state>CA</state>
      </item>
    </cosponsors>
  </bill>
  <dublinCore xmlns:dc="http://purl.org/dc/elements/1.1/">
    <dc:format>text/xml</dc:format>
    <dc:language>EN</dc:language>
    <dc:rights>Pursuant to Title 17 Section 105 of the United States Code, this file is not subject to copyright protection and is in the public domain.</dc:rights>
    <dc:contributor>Congressional Research Service, Library of Congress</dc:contributor>
    <dc:description>This file contains bill summaries and statuses for federal legislation. A bill summary describes the most significant provisions of a piece of legislation and details the effects the legislative text may have on current law and federal programs. Bill summaries are authored by the Congressional Research Service (CRS) of the Library of Congress. As stated in Public Law 91-510 (2 USC 166 (d)(6)), one of the duties of CRS is "to prepare summaries and digests of bills and resolutions of a public general nature introduced in the Senate or House of Representatives". For more information, refer to the User Guide that accompanies this file.</dc:description>
  </dublinCore>
</billStatus>

