<?xml version="1.0" encoding="UTF-8"?>
<billStatus>
  <bill>
    <billNumber>145</billNumber>
    <relatedBills />
    <originChamber>House</originChamber>
    <recordedVotes />
    <latestAction>
      <text>Motion to reconsider laid on the table Agreed to without objection.</text>
      <links />
      <actionDate>2017-05-17</actionDate>
      <actionTime>17:02:04</actionTime>
    </latestAction>
    <createDate>2017-02-17T04:46:07Z</createDate>
    <title>Expressing the sense of the House of Representatives regarding the fight against corruption in Central America.</title>
    <summaries>
      <billSummaries>
        <item>
          <text><![CDATA[<p>Declares that combating corruption in the Northern Triangle must remain a top policy priority for the United States in Central America.</p> <p>The International Commission against Impunity in Guatemala (CICIG) and the Mission to Support the Fight against Corruption and Impunity in Honduras (MACCIH) are important contributions to such effort.</p> <p>Urges the government of Guatemala to continue to cooperate with CICIG and the government of Honduras to continue to cooperate with MACCIH.</p> <p>Urges the governments of Honduras, Guatemala, and El Salvador to:</p> <ul> <li> publicly support efforts to fight corruption,</li> <li> respect the independence of the judicial branch and the Office of the Attorney General, and</li> <li> ensure that such office in each Northern Triangle country receives sufficient domestic budget allocations in a timely manner to carry out core responsibilities. </li> </ul> <ul> <ul> </ul> </ul>]]></text>
          <actionDate>2017-02-16</actionDate>
          <updateDate>2017-02-16T05:00:00Z</updateDate>
          <lastSummaryUpdateDate>2017-04-24T19:58:38Z</lastSummaryUpdateDate>
          <name>Introduced in House</name>
          <actionDesc>Introduced in House</actionDesc>
          <versionCode>00</versionCode>
        </item>
        <item>
          <text><![CDATA[<p>Reaffirms that combating corruption in the Northern Triangle is an important policy interest for the United States.</p> <p>Acknowledges that the International Commission against Impunity in Guatemala (CICIG) and the Mission to Support the Fight against Corruption and Impunity in Honduras (MACCIH) are currently making important contributions to such effort.</p> <p>Urges the government of Guatemala to continue to cooperate with CICIG and the government of Honduras to continue to cooperate with MACCIH.</p> <p>Encourages the governments of Honduras, Guatemala, and El Salvador to:</p> <ul> <li> publicly support efforts to fight corruption,</li> <li> respect the independence of the judicial branch and the Office of the Attorney General, and</li> <li> ensure that such office in each Northern Triangle country receives sufficient domestic budget allocations in a timely manner to carry out core responsibilities. </li> </ul> <ul> <ul> </ul> </ul>]]></text>
          <actionDate>2017-05-17</actionDate>
          <updateDate>2017-05-17T13:42:02Z</updateDate>
          <lastSummaryUpdateDate>2017-07-07T18:11:19Z</lastSummaryUpdateDate>
          <name>Passed House amended</name>
          <actionDesc>Passed House amended</actionDesc>
          <versionCode>36</versionCode>
        </item>
      </billSummaries>
    </summaries>
    <actions>
      <actionTypeCounts>
        <motionMadeToSuspendTheRules>1</motionMadeToSuspendTheRules>
        <finalPassageUnderSuspensionOfTheRulesResults>1</finalPassageUnderSuspensionOfTheRulesResults>
        <motionToReconsiderResults>1</motionToReconsiderResults>
        <introducedInHouse>1</introducedInHouse>
        <considerationByHouse>1</considerationByHouse>
        <generalDebate>1</generalDebate>
        <actionStageOverride>1</actionStageOverride>
        <passedAgreedToInHouse>1</passedAgreedToInHouse>
        <introducedInTheHouse>1</introducedInTheHouse>
        <placeholderTextForH>1</placeholderTextForH>
        <billReferrals>1</billReferrals>
      </actionTypeCounts>
      <item>
        <text>Motion to reconsider laid on the table Agreed to without objection.</text>
        <links />
        <actionDate>2017-05-17</actionDate>
        <committee />
        <sourceSystem>
          <name>House floor actions</name>
          <code>2</code>
        </sourceSystem>
        <actionTime>17:02:04</actionTime>
        <type>Floor</type>
        <actionCode>H38310</actionCode>
      </item>
      <item>
        <text>On motion to suspend the rules and agree to the resolution, as amended Agreed to by voice vote. (text: CR H4278-4279)</text>
        <links>
          <link>
            <url>https://www.congress.gov/congressional-record/volume-163/house-section/page/H4278-4279</url>
            <name>H4278-4279</name>
          </link>
        </links>
        <actionDate>2017-05-17</actionDate>
        <committee />
        <sourceSystem>
          <name>House floor actions</name>
          <code>2</code>
        </sourceSystem>
        <actionTime>17:02:01</actionTime>
        <type>Floor</type>
        <actionCode>H37300</actionCode>
      </item>
      <item>
        <text>Passed/agreed to in House: On motion to suspend the rules and agree to the resolution, as amended Agreed to by voice vote.</text>
        <links />
        <actionDate>2017-05-17</actionDate>
        <committee />
        <sourceSystem>
          <name>Library of Congress</name>
          <code>9</code>
        </sourceSystem>
        <actionTime>17:02:01</actionTime>
        <type>Floor</type>
        <actionCode>8000</actionCode>
      </item>
      <item>
        <text>DEBATE - The House proceeded with forty minutes of debate on H. Res. 145.</text>
        <links>
          <link>
            <url>https://www.congress.gov/bill/115th-congress/house-resolution/145</url>
            <name>H. Res. 145</name>
          </link>
        </links>
        <actionDate>2017-05-17</actionDate>
        <committee />
        <sourceSystem>
          <name>House floor actions</name>
          <code>2</code>
        </sourceSystem>
        <actionTime>16:41:57</actionTime>
        <type>Floor</type>
        <actionCode>H8D000</actionCode>
      </item>
      <item>
        <text>Considered under suspension of the rules. (consideration: CR H4278-4281)</text>
        <links>
          <link>
            <url>https://www.congress.gov/congressional-record/volume-163/house-section/page/H4278-4281</url>
            <name>H4278-4281</name>
          </link>
        </links>
        <actionDate>2017-05-17</actionDate>
        <committee />
        <sourceSystem>
          <name>House floor actions</name>
          <code>2</code>
        </sourceSystem>
        <actionTime>16:41:55</actionTime>
        <type>Floor</type>
        <actionCode>H30000</actionCode>
      </item>
      <item>
        <text>Mr. Royce (CA) moved to suspend the rules and agree to the resolution, as amended.</text>
        <links />
        <actionDate>2017-05-17</actionDate>
        <committee />
        <sourceSystem>
          <name>House floor actions</name>
          <code>2</code>
        </sourceSystem>
        <actionTime>16:41:43</actionTime>
        <type>Floor</type>
        <actionCode>H30300</actionCode>
      </item>
      <item>
        <actionDate>2017-03-29</actionDate>
        <committee>
          <systemCode>hsfa00</systemCode>
          <name>Foreign Affairs Committee</name>
        </committee>
        <links />
        <sourceSystem>
          <name>House committee actions</name>
          <code>1</code>
        </sourceSystem>
        <text>Ordered to be Reported in the Nature of a Substitute (Amended) by Voice Vote.</text>
        <type>Committee</type>
      </item>
      <item>
        <actionDate>2017-03-29</actionDate>
        <committee>
          <systemCode>hsfa00</systemCode>
          <name>Foreign Affairs Committee</name>
        </committee>
        <links />
        <sourceSystem>
          <name>House committee actions</name>
          <code>1</code>
        </sourceSystem>
        <text>Committee Consideration and Mark-up Session Held.</text>
        <type>Committee</type>
      </item>
      <item>
        <text>Referred to the House Committee on Foreign Affairs.</text>
        <links />
        <actionDate>2017-02-16</actionDate>
        <committee>
          <systemCode>hsfa00</systemCode>
          <name>Foreign Affairs Committee</name>
        </committee>
        <sourceSystem>
          <name>House floor actions</name>
          <code>2</code>
        </sourceSystem>
        <type>IntroReferral</type>
        <actionCode>H11100</actionCode>
      </item>
      <item>
        <text>Introduced in House</text>
        <links />
        <actionDate>2017-02-16</actionDate>
        <committee />
        <sourceSystem>
          <name>Library of Congress</name>
          <code>9</code>
        </sourceSystem>
        <type>IntroReferral</type>
        <actionCode>Intro-H</actionCode>
      </item>
      <item>
        <text>Introduced in House</text>
        <links />
        <actionDate>2017-02-16</actionDate>
        <committee />
        <sourceSystem>
          <name>Library of Congress</name>
          <code>9</code>
        </sourceSystem>
        <type>IntroReferral</type>
        <actionCode>1000</actionCode>
      </item>
      <actionByCounts>
        <houseOfRepresentatives>11</houseOfRepresentatives>
      </actionByCounts>
    </actions>
    <updateDate>2018-02-06T16:39:36Z</updateDate>
    <amendments />
    <notes />
    <sponsors>
      <item>
        <bioguideId>T000474</bioguideId>
        <district>35</district>
        <middleName>J.</middleName>
        <byRequestType />
        <firstName>Norma</firstName>
        <lastName>Torres</lastName>
        <state>CA</state>
        <party>D</party>
        <identifiers>
          <gpoId />
          <bioguideId>T000474</bioguideId>
          <lisID>2231</lisID>
        </identifiers>
        <fullName>Rep. Torres, Norma J. [D-CA-35]</fullName>
      </item>
    </sponsors>
    <committees>
      <billCommittees>
        <item>
          <type>Standing</type>
          <systemCode>hsfa00</systemCode>
          <subcommittees />
          <activities>
            <item>
              <date>2017-03-29T13:34:39Z</date>
              <name>Markup by</name>
            </item>
            <item>
              <date>2017-02-16T15:10:40Z</date>
              <name>Referred to</name>
            </item>
          </activities>
          <chamber>House</chamber>
          <name>Foreign Affairs Committee</name>
        </item>
      </billCommittees>
    </committees>
    <cosponsors>
      <item>
        <isOriginalCosponsor>True</isOriginalCosponsor>
        <middleName>R.</middleName>
        <sponsorshipDate>2017-02-16</sponsorshipDate>
        <firstName>John</firstName>
        <party>R</party>
        <identifiers>
          <gpoId />
          <bioguideId>M001194</bioguideId>
          <lisID>2248</lisID>
        </identifiers>
        <district>4</district>
        <sponsorshipWithdrawnDate />
        <fullName>Rep. Moolenaar, John R. [R-MI-4]</fullName>
        <bioguideId>M001194</bioguideId>
        <lastName>Moolenaar</lastName>
        <state>MI</state>
      </item>
      <item>
        <isOriginalCosponsor>True</isOriginalCosponsor>
        <middleName>L.</middleName>
        <sponsorshipDate>2017-02-16</sponsorshipDate>
        <firstName>ELIOT</firstName>
        <party>D</party>
        <identifiers>
          <gpoId>8078</gpoId>
          <lisID>344</lisID>
          <bioguideId>E000179</bioguideId>
        </identifiers>
        <district>16</district>
        <sponsorshipWithdrawnDate />
        <fullName>Rep. Engel, Eliot L. [D-NY-16]</fullName>
        <bioguideId>E000179</bioguideId>
        <lastName>ENGEL</lastName>
        <state>NY</state>
      </item>
      <item>
        <isOriginalCosponsor>True</isOriginalCosponsor>
        <middleName>T.</middleName>
        <sponsorshipDate>2017-02-16</sponsorshipDate>
        <firstName>Michael</firstName>
        <party>R</party>
        <identifiers>
          <lisID>1804</lisID>
          <gpoId>8166</gpoId>
          <bioguideId>M001157</bioguideId>
        </identifiers>
        <district>10</district>
        <sponsorshipWithdrawnDate />
        <fullName>Rep. McCaul, Michael T. [R-TX-10]</fullName>
        <bioguideId>M001157</bioguideId>
        <lastName>McCaul</lastName>
        <state>TX</state>
      </item>
      <item>
        <isOriginalCosponsor>True</isOriginalCosponsor>
        <middleName />
        <sponsorshipDate>2017-02-16</sponsorshipDate>
        <firstName>Albio</firstName>
        <party>D</party>
        <identifiers>
          <lisID>1818</lisID>
          <gpoId>8055</gpoId>
          <bioguideId>S001165</bioguideId>
        </identifiers>
        <district>8</district>
        <sponsorshipWithdrawnDate />
        <fullName>Rep. Sires, Albio [D-NJ-8]</fullName>
        <bioguideId>S001165</bioguideId>
        <lastName>Sires</lastName>
        <state>NJ</state>
      </item>
      <item>
        <isOriginalCosponsor>True</isOriginalCosponsor>
        <middleName>G.</middleName>
        <sponsorshipDate>2017-02-16</sponsorshipDate>
        <firstName>David</firstName>
        <party>R</party>
        <identifiers>
          <lisID>2105</lisID>
          <gpoId />
          <bioguideId>V000129</bioguideId>
        </identifiers>
        <district>21</district>
        <sponsorshipWithdrawnDate />
        <fullName>Rep. Valadao, David G. [R-CA-21]</fullName>
        <bioguideId>V000129</bioguideId>
        <lastName>Valadao</lastName>
        <state>CA</state>
      </item>
      <item>
        <isOriginalCosponsor>True</isOriginalCosponsor>
        <middleName />
        <sponsorshipDate>2017-02-16</sponsorshipDate>
        <firstName>Ted</firstName>
        <party>R</party>
        <identifiers>
          <lisID>1802</lisID>
          <bioguideId>P000592</bioguideId>
          <gpoId>8158</gpoId>
        </identifiers>
        <district>2</district>
        <sponsorshipWithdrawnDate />
        <fullName>Rep. Poe, Ted [R-TX-2]</fullName>
        <bioguideId>P000592</bioguideId>
        <lastName>Poe</lastName>
        <state>TX</state>
      </item>
      <item>
        <isOriginalCosponsor>True</isOriginalCosponsor>
        <middleName>E.</middleName>
        <sponsorshipDate>2017-02-16</sponsorshipDate>
        <firstName>DON</firstName>
        <party>R</party>
        <identifiers>
          <gpoId>7785</gpoId>
          <lisID>1256</lisID>
          <bioguideId>Y000033</bioguideId>
        </identifiers>
        <district>0</district>
        <sponsorshipWithdrawnDate />
        <fullName>Rep. Young, Don [R-AK-At Large]</fullName>
        <bioguideId>Y000033</bioguideId>
        <lastName>YOUNG</lastName>
        <state>AK</state>
      </item>
      <item>
        <isOriginalCosponsor>False</isOriginalCosponsor>
        <middleName />
        <sponsorshipDate>2017-03-01</sponsorshipDate>
        <firstName>KAY</firstName>
        <party>R</party>
        <identifiers>
          <gpoId>8168</gpoId>
          <lisID>1487</lisID>
          <bioguideId>G000377</bioguideId>
        </identifiers>
        <district>12</district>
        <sponsorshipWithdrawnDate />
        <fullName>Rep. Granger, Kay [R-TX-12]</fullName>
        <bioguideId>G000377</bioguideId>
        <lastName>GRANGER</lastName>
        <state>TX</state>
      </item>
      <item>
        <isOriginalCosponsor>False</isOriginalCosponsor>
        <middleName>L.</middleName>
        <sponsorshipDate>2017-03-06</sponsorshipDate>
        <firstName>Robin</firstName>
        <party>D</party>
        <identifiers>
          <bioguideId>K000385</bioguideId>
          <lisID>2190</lisID>
          <gpoId />
        </identifiers>
        <district>2</district>
        <sponsorshipWithdrawnDate />
        <fullName>Rep. Kelly, Robin L. [D-IL-2]</fullName>
        <bioguideId>K000385</bioguideId>
        <lastName>Kelly</lastName>
        <state>IL</state>
      </item>
      <item>
        <isOriginalCosponsor>False</isOriginalCosponsor>
        <middleName>N.</middleName>
        <sponsorshipDate>2017-03-28</sponsorshipDate>
        <firstName>David</firstName>
        <party>D</party>
        <identifiers>
          <bioguideId>C001084</bioguideId>
          <gpoId>8139</gpoId>
          <lisID>2055</lisID>
        </identifiers>
        <district>1</district>
        <sponsorshipWithdrawnDate />
        <fullName>Rep. Cicilline, David N. [D-RI-1]</fullName>
        <bioguideId>C001084</bioguideId>
        <lastName>Cicilline</lastName>
        <state>RI</state>
      </item>
      <item>
        <isOriginalCosponsor>False</isOriginalCosponsor>
        <middleName />
        <sponsorshipDate>2017-03-28</sponsorshipDate>
        <firstName>BRAD</firstName>
        <party>D</party>
        <identifiers>
          <bioguideId>S000344</bioguideId>
          <gpoId>7832</gpoId>
          <lisID>1526</lisID>
        </identifiers>
        <district>30</district>
        <sponsorshipWithdrawnDate />
        <fullName>Rep. Sherman, Brad [D-CA-30]</fullName>
        <bioguideId>S000344</bioguideId>
        <lastName>SHERMAN</lastName>
        <state>CA</state>
      </item>
      <item>
        <isOriginalCosponsor>False</isOriginalCosponsor>
        <middleName>R.</middleName>
        <sponsorshipDate>2017-04-03</sponsorshipDate>
        <firstName>Thomas</firstName>
        <party>D</party>
        <identifiers>
          <gpoId />
          <bioguideId>S001201</bioguideId>
          <lisID>2341</lisID>
        </identifiers>
        <district>3</district>
        <sponsorshipWithdrawnDate />
        <fullName>Rep. Suozzi, Thomas R. [D-NY-3]</fullName>
        <bioguideId>S001201</bioguideId>
        <lastName>Suozzi</lastName>
        <state>NY</state>
      </item>
    </cosponsors>
    <constitutionalAuthorityStatementText />
    <policyArea>
      <name>International Affairs</name>
    </policyArea>
    <cboCostEstimates />
    <laws />
    <congress>115</congress>
    <version>1.0.0</version>
    <introducedDate>2017-02-16</introducedDate>
    <committeeReports />
    <titles>
      <item>
        <titleType>Official Title as Introduced</titleType>
        <title>Expressing the sense of the House of Representatives regarding the fight against corruption in Central America.</title>
        <chamberCode />
        <parentTitleType />
        <chamberName />
      </item>
      <item>
        <titleType>Display Title</titleType>
        <title>Expressing the sense of the House of Representatives regarding the fight against corruption in Central America.</title>
        <chamberCode />
        <parentTitleType />
        <chamberName />
      </item>
    </titles>
    <calendarNumbers />
    <subjects>
      <billSubjects>
        <policyArea>
          <name>International Affairs</name>
        </policyArea>
        <legislativeSubjects>
          <item>
            <name>Criminal investigation, prosecution, interrogation</name>
          </item>
          <item>
            <name>El Salvador</name>
          </item>
          <item>
            <name>Government ethics and transparency, public corruption</name>
          </item>
          <item>
            <name>Guatemala</name>
          </item>
          <item>
            <name>Honduras</name>
          </item>
          <item>
            <name>International organizations and cooperation</name>
          </item>
          <item>
            <name>Judicial procedure and administration</name>
          </item>
          <item>
            <name>Latin America</name>
          </item>
        </legislativeSubjects>
      </billSubjects>
    </subjects>
    <billType>HRES</billType>
  </bill>
  <dublinCore xmlns:dc="http://purl.org/dc/elements/1.1/">
    <dc:format>text/xml</dc:format>
    <dc:language>EN</dc:language>
    <dc:rights>Pursuant to Title 17 Section 105 of the United States Code, this file is not subject to copyright protection and is in the public domain.</dc:rights>
    <dc:contributor>Congressional Research Service, Library of Congress</dc:contributor>
    <dc:description>This file contains bill summaries and statuses for federal legislation. A bill summary describes the most significant provisions of a piece of legislation and details the effects the legislative text may have on current law and federal programs. Bill summaries are authored by the Congressional Research Service (CRS) of the Library of Congress. As stated in Public Law 91-510 (2 USC 166 (d)(6)), one of the duties of CRS is "to prepare summaries and digests of bills and resolutions of a public general nature introduced in the Senate or House of Representatives". For more information, refer to the User Guide that accompanies this file.</dc:description>
  </dublinCore>
</billStatus>

