<?xml version="1.0" encoding="UTF-8"?>
<billStatus>
  <bill>
    <policyArea>
      <name>Health</name>
    </policyArea>
    <introducedDate>2017-06-28</introducedDate>
    <cosponsors />
    <titles>
      <item>
        <parentTitleType />
        <chamberCode />
        <chamberName />
        <titleType>Official Title as Introduced</titleType>
        <title>Expressing support for the designation of the week of July 9 through July 15, 2017, as "Sarcoma Awareness Week" and July 15, 2017, as "Leiomyosarcoma Awareness Day".</title>
      </item>
      <item>
        <parentTitleType />
        <chamberCode />
        <chamberName />
        <titleType>Display Title</titleType>
        <title>Expressing support for the designation of the week of July 9 through July 15, 2017, as "Sarcoma Awareness Week" and July 15, 2017, as "Leiomyosarcoma Awareness Day".</title>
      </item>
    </titles>
    <congress>115</congress>
    <recordedVotes />
    <amendments />
    <laws />
    <cboCostEstimates />
    <actions>
      <actionTypeCounts>
        <introducedInHouse>1</introducedInHouse>
        <introducedInTheHouse>1</introducedInTheHouse>
        <billReferrals>1</billReferrals>
        <placeholderTextForH>1</placeholderTextForH>
      </actionTypeCounts>
      <item>
        <actionDate>2017-06-30</actionDate>
        <committee>
          <systemCode>hsif14</systemCode>
          <name>Health Subcommittee</name>
        </committee>
        <links />
        <sourceSystem>
          <code>1</code>
          <name>House committee actions</name>
        </sourceSystem>
        <text>Referred to the Subcommittee on Health.</text>
        <type>Committee</type>
      </item>
      <item>
        <type>IntroReferral</type>
        <text>Referred to the House Committee on Energy and Commerce.</text>
        <links />
        <committee>
          <systemCode>hsif00</systemCode>
          <name>Energy and Commerce Committee</name>
        </committee>
        <sourceSystem>
          <code>2</code>
          <name>House floor actions</name>
        </sourceSystem>
        <actionDate>2017-06-28</actionDate>
        <actionCode>H11100</actionCode>
      </item>
      <item>
        <type>IntroReferral</type>
        <text>Introduced in House</text>
        <links />
        <committee />
        <sourceSystem>
          <code>9</code>
          <name>Library of Congress</name>
        </sourceSystem>
        <actionDate>2017-06-28</actionDate>
        <actionCode>Intro-H</actionCode>
      </item>
      <item>
        <type>IntroReferral</type>
        <text>Introduced in House</text>
        <links />
        <committee />
        <sourceSystem>
          <code>9</code>
          <name>Library of Congress</name>
        </sourceSystem>
        <actionDate>2017-06-28</actionDate>
        <actionCode>1000</actionCode>
      </item>
      <actionByCounts>
        <houseOfRepresentatives>4</houseOfRepresentatives>
      </actionByCounts>
    </actions>
    <updateDate>2018-02-06T16:39:51Z</updateDate>
    <summaries>
      <billSummaries>
        <item>
          <updateDate>2017-06-28T04:00:00Z</updateDate>
          <actionDesc>Introduced in House</actionDesc>
          <versionCode>00</versionCode>
          <name>Introduced in House</name>
          <text><![CDATA[<p> Expresses support for the designation of Sarcoma Awareness Week and Leiomyosarcoma Awareness Day. (Sarcoma is a malignant cancer that arises from certain tissues, such as bone or muscle. Leiomyosarcoma is a type of sarcoma that arises from smooth muscle tissue, most commonly originating in the uterus, stomach, intestine, or blood vessels.)</p> <p>Recognizes the challenges faced by sarcoma and leiomyosarcoma patients and commends the dedication of organizations, volunteers, researchers, and caregivers working to improve the quality of life of sarcoma and leiomyosarcoma patients and their families.</p>]]></text>
          <lastSummaryUpdateDate>2017-07-03T13:43:55Z</lastSummaryUpdateDate>
          <actionDate>2017-06-28</actionDate>
        </item>
      </billSummaries>
    </summaries>
    <title>Expressing support for the designation of the week of July 9 through July 15, 2017, as "Sarcoma Awareness Week" and July 15, 2017, as "Leiomyosarcoma Awareness Day".</title>
    <calendarNumbers />
    <originChamber>House</originChamber>
    <constitutionalAuthorityStatementText />
    <notes />
    <billType>HRES</billType>
    <committees>
      <billCommittees>
        <item>
          <chamber>House</chamber>
          <subcommittees>
            <item>
              <systemCode>hsif14</systemCode>
              <activities>
                <item>
                  <name>Referred to</name>
                  <date>2017-06-30T13:58:49Z</date>
                </item>
              </activities>
              <name>Health Subcommittee</name>
            </item>
          </subcommittees>
          <systemCode>hsif00</systemCode>
          <name>Energy and Commerce Committee</name>
          <activities>
            <item>
              <name>Referred to</name>
              <date>2017-06-28T14:00:37Z</date>
            </item>
          </activities>
          <type>Standing</type>
        </item>
      </billCommittees>
    </committees>
    <latestAction>
      <text>Referred to the Subcommittee on Health.</text>
      <actionDate>2017-06-30</actionDate>
      <links />
    </latestAction>
    <committeeReports />
    <billNumber>420</billNumber>
    <sponsors>
      <item>
        <byRequestType />
        <state>MI</state>
        <bioguideId>L000263</bioguideId>
        <identifiers>
          <bioguideId>L000263</bioguideId>
          <lisID>683</lisID>
          <gpoId>7997</gpoId>
        </identifiers>
        <fullName>Rep. Levin, Sander M. [D-MI-9]</fullName>
        <district>9</district>
        <lastName>LEVIN</lastName>
        <firstName>SANDER</firstName>
        <middleName>M.</middleName>
        <party>D</party>
      </item>
    </sponsors>
    <subjects>
      <billSubjects>
        <legislativeSubjects>
          <item>
            <name>Cancer</name>
          </item>
          <item>
            <name>Commemorative events and holidays</name>
          </item>
          <item>
            <name>Congressional tributes</name>
          </item>
          <item>
            <name>Health personnel</name>
          </item>
          <item>
            <name>Health promotion and preventive care</name>
          </item>
          <item>
            <name>Medical research</name>
          </item>
          <item>
            <name>Musculoskeletal and skin diseases</name>
          </item>
        </legislativeSubjects>
        <policyArea>
          <name>Health</name>
        </policyArea>
      </billSubjects>
    </subjects>
    <createDate>2017-06-29T03:11:33Z</createDate>
    <version>1.0.0</version>
    <relatedBills>
      <item>
        <number>207</number>
        <type>SRES</type>
        <latestAction>
          <text>Referred to the Committee on the Judiciary. (text of measure as introduced: CR S3834)</text>
          <actionDate>2017-06-28</actionDate>
        </latestAction>
        <congress>115</congress>
        <latestTitle>A resolution designating the week of July 9 through July 15, 2017 as "Sarcoma Awareness Week" and designating July 15, 2017 as "Leiomyosarcoma Awareness Day".</latestTitle>
        <relationshipDetails>
          <item>
            <identifiedBy>CRS</identifiedBy>
            <type>Related bill</type>
          </item>
        </relationshipDetails>
      </item>
    </relatedBills>
  </bill>
  <dublinCore xmlns:dc="http://purl.org/dc/elements/1.1/">
    <dc:format>text/xml</dc:format>
    <dc:language>EN</dc:language>
    <dc:rights>Pursuant to Title 17 Section 105 of the United States Code, this file is not subject to copyright protection and is in the public domain.</dc:rights>
    <dc:contributor>Congressional Research Service, Library of Congress</dc:contributor>
    <dc:description>This file contains bill summaries and statuses for federal legislation. A bill summary describes the most significant provisions of a piece of legislation and details the effects the legislative text may have on current law and federal programs. Bill summaries are authored by the Congressional Research Service (CRS) of the Library of Congress. As stated in Public Law 91-510 (2 USC 166 (d)(6)), one of the duties of CRS is "to prepare summaries and digests of bills and resolutions of a public general nature introduced in the Senate or House of Representatives". For more information, refer to the User Guide that accompanies this file.</dc:description>
  </dublinCore>
</billStatus>

