<?xml version="1.0" encoding="UTF-8"?>
<billStatus>
  <bill>
    <policyArea>
      <name>Sports and Recreation</name>
    </policyArea>
    <introducedDate>2017-06-15</introducedDate>
    <cosponsors>
      <item>
        <isOriginalCosponsor>True</isOriginalCosponsor>
        <firstName>NANCY</firstName>
        <party>D</party>
        <sponsorshipDate>2017-06-15</sponsorshipDate>
        <lastName>PELOSI</lastName>
        <bioguideId>P000197</bioguideId>
        <middleName />
        <identifiers>
          <lisID>905</lisID>
          <bioguideId>P000197</bioguideId>
          <gpoId>7813</gpoId>
        </identifiers>
        <fullName>Rep. Pelosi, Nancy [D-CA-12]</fullName>
        <state>CA</state>
        <district>12</district>
        <sponsorshipWithdrawnDate />
      </item>
      <item>
        <isOriginalCosponsor>True</isOriginalCosponsor>
        <firstName>Eric</firstName>
        <party>D</party>
        <sponsorshipDate>2017-06-15</sponsorshipDate>
        <lastName>Swalwell</lastName>
        <bioguideId>S001193</bioguideId>
        <middleName />
        <identifiers>
          <bioguideId>S001193</bioguideId>
          <lisID>2104</lisID>
          <gpoId />
        </identifiers>
        <fullName>Rep. Swalwell, Eric [D-CA-15]</fullName>
        <state>CA</state>
        <district>15</district>
        <sponsorshipWithdrawnDate />
      </item>
    </cosponsors>
    <titles>
      <item>
        <chamberCode />
        <title>Congratulating the Golden State Warriors for their historic championship victory in the 2017 National Basketball Association Finals.</title>
        <titleType>Official Title as Introduced</titleType>
        <parentTitleType />
        <chamberName />
      </item>
      <item>
        <chamberCode />
        <title>Congratulating the Golden State Warriors for their historic championship victory in the 2017 National Basketball Association Finals.</title>
        <titleType>Display Title</titleType>
        <parentTitleType />
        <chamberName />
      </item>
    </titles>
    <congress>115</congress>
    <recordedVotes />
    <amendments />
    <laws />
    <cboCostEstimates />
    <actions>
      <item>
        <links />
        <actionDate>2017-06-15</actionDate>
        <type>IntroReferral</type>
        <text>Referred to the House Committee on Oversight and Government Reform.</text>
        <actionCode>H11100</actionCode>
        <sourceSystem>
          <name>House floor actions</name>
          <code>2</code>
        </sourceSystem>
        <committee>
          <systemCode>hsgo00</systemCode>
          <name>Oversight and Government Reform Committee</name>
        </committee>
      </item>
      <item>
        <links />
        <actionDate>2017-06-15</actionDate>
        <type>IntroReferral</type>
        <text>Introduced in House</text>
        <actionCode>Intro-H</actionCode>
        <sourceSystem>
          <name>Library of Congress</name>
          <code>9</code>
        </sourceSystem>
        <committee />
      </item>
      <item>
        <links />
        <actionDate>2017-06-15</actionDate>
        <type>IntroReferral</type>
        <text>Introduced in House</text>
        <actionCode>1000</actionCode>
        <sourceSystem>
          <name>Library of Congress</name>
          <code>9</code>
        </sourceSystem>
        <committee />
      </item>
      <actionByCounts>
        <houseOfRepresentatives>3</houseOfRepresentatives>
      </actionByCounts>
      <actionTypeCounts>
        <billReferrals>1</billReferrals>
        <introducedInTheHouse>1</introducedInTheHouse>
        <introducedInHouse>1</introducedInHouse>
      </actionTypeCounts>
    </actions>
    <updateDate>2018-02-06T16:39:50Z</updateDate>
    <summaries>
      <billSummaries>
        <item>
          <updateDate>2017-06-15T04:00:00Z</updateDate>
          <actionDesc>Introduced in House</actionDesc>
          <versionCode>00</versionCode>
          <name>Introduced in House</name>
          <text><![CDATA[<p>Congratulates the Golden State Warriors for winning the 2017 National Basketball Association Finals.</p>]]></text>
          <lastSummaryUpdateDate>2017-08-08T18:43:31Z</lastSummaryUpdateDate>
          <actionDate>2017-06-15</actionDate>
        </item>
      </billSummaries>
    </summaries>
    <title>Congratulating the Golden State Warriors for their historic championship victory in the 2017 National Basketball Association Finals.</title>
    <calendarNumbers />
    <originChamber>House</originChamber>
    <constitutionalAuthorityStatementText />
    <notes />
    <billType>HRES</billType>
    <committees>
      <billCommittees>
        <item>
          <chamber>House</chamber>
          <subcommittees />
          <type>Standing</type>
          <activities>
            <item>
              <date>2017-06-15T14:01:00Z</date>
              <name>Referred to</name>
            </item>
          </activities>
          <systemCode>hsgo00</systemCode>
          <name>Oversight and Government Reform Committee</name>
        </item>
      </billCommittees>
    </committees>
    <latestAction>
      <text>Referred to the House Committee on Oversight and Government Reform.</text>
      <actionDate>2017-06-15</actionDate>
      <links />
    </latestAction>
    <committeeReports />
    <billNumber>387</billNumber>
    <sponsors>
      <item>
        <byRequestType />
        <state>CA</state>
        <bioguideId>L000551</bioguideId>
        <identifiers>
          <gpoId>7814</gpoId>
          <bioguideId>L000551</bioguideId>
          <lisID>1501</lisID>
        </identifiers>
        <fullName>Rep. Lee, Barbara [D-CA-13]</fullName>
        <district>13</district>
        <lastName>LEE</lastName>
        <firstName>BARBARA</firstName>
        <middleName />
        <party>D</party>
      </item>
    </sponsors>
    <subjects>
      <billSubjects>
        <legislativeSubjects>
          <item>
            <name>Athletes</name>
          </item>
          <item>
            <name>California</name>
          </item>
          <item>
            <name>Congressional tributes</name>
          </item>
          <item>
            <name>Professional sports</name>
          </item>
        </legislativeSubjects>
        <policyArea>
          <name>Sports and Recreation</name>
        </policyArea>
      </billSubjects>
    </subjects>
    <createDate>2017-06-16T03:11:35Z</createDate>
    <version>1.0.0</version>
    <relatedBills>
      <item>
        <congress>115</congress>
        <latestAction>
          <actionDate>2017-06-15</actionDate>
          <text>Submitted in the Senate, considered, and agreed to without amendment and with a preamble by Unanimous Consent. (consideration: CR S3560; text: CR S3559)</text>
        </latestAction>
        <type>SRES</type>
        <latestTitle>A resolution congratulating the Golden State Warriors for their historic championship victory in the 2017 National Basketball Association Finals.</latestTitle>
        <number>192</number>
        <relationshipDetails>
          <item>
            <type>Identical bill</type>
            <identifiedBy>CRS</identifiedBy>
          </item>
        </relationshipDetails>
      </item>
    </relatedBills>
  </bill>
  <dublinCore xmlns:dc="http://purl.org/dc/elements/1.1/">
    <dc:format>text/xml</dc:format>
    <dc:language>EN</dc:language>
    <dc:rights>Pursuant to Title 17 Section 105 of the United States Code, this file is not subject to copyright protection and is in the public domain.</dc:rights>
    <dc:contributor>Congressional Research Service, Library of Congress</dc:contributor>
    <dc:description>This file contains bill summaries and statuses for federal legislation. A bill summary describes the most significant provisions of a piece of legislation and details the effects the legislative text may have on current law and federal programs. Bill summaries are authored by the Congressional Research Service (CRS) of the Library of Congress. As stated in Public Law 91-510 (2 USC 166 (d)(6)), one of the duties of CRS is "to prepare summaries and digests of bills and resolutions of a public general nature introduced in the Senate or House of Representatives". For more information, refer to the User Guide that accompanies this file.</dc:description>
  </dublinCore>
</billStatus>

