<?xml version="1.0" encoding="UTF-8"?>
<billStatus>
  <bill>
    <cboCostEstimates />
    <title>Providing for consideration of the bill (H.R. 1430) to prohibit the Environmental Protection Agency from proposing, finalizing, or disseminating regulations or assessments based upon science that is not transparent or reproducible.</title>
    <originChamber>House</originChamber>
    <summaries>
      <billSummaries>
        <item>
          <actionDate>2017-03-27</actionDate>
          <name>Introduced in House</name>
          <versionCode>00</versionCode>
          <actionDesc>Introduced in House</actionDesc>
          <lastSummaryUpdateDate>2017-03-28T08:04:08Z</lastSummaryUpdateDate>
          <text><![CDATA[Sets forth the rule for consideration of the bill (H.R. 1430) to prohibit the Environmental Protection Agency from proposing, finalizing, or disseminating regulations or assessments based upon science that is not transparent or reproducible.]]></text>
          <updateDate>2017-03-27T04:00:00Z</updateDate>
        </item>
      </billSummaries>
    </summaries>
    <constitutionalAuthorityStatementText />
    <latestAction>
      <actionDate>2017-03-28</actionDate>
      <actionTime>15:33:28</actionTime>
      <links />
      <text>Motion to reconsider laid on the table Agreed to without objection.</text>
    </latestAction>
    <actions>
      <actionByCounts>
        <houseOfRepresentatives>13</houseOfRepresentatives>
      </actionByCounts>
      <item>
        <actionDate>2017-03-28</actionDate>
        <text>Motion to reconsider laid on the table Agreed to without objection.</text>
        <actionTime>15:33:28</actionTime>
        <sourceSystem>
          <code>2</code>
          <name>House floor actions</name>
        </sourceSystem>
        <committee />
        <links />
        <actionCode>H38310</actionCode>
        <type>Floor</type>
      </item>
      <item>
        <actionDate>2017-03-28</actionDate>
        <text>On agreeing to the resolution Agreed to by recorded vote: 231 - 185 (Roll no. 198). (text: CR H2471)</text>
        <actionTime>15:33:26</actionTime>
        <sourceSystem>
          <code>2</code>
          <name>House floor actions</name>
        </sourceSystem>
        <committee />
        <links>
          <link>
            <url>https://www.congress.gov/congressional-record/volume-163/house-section/page/H2471</url>
            <name>H2471</name>
          </link>
          <link>
            <url>http://clerk.house.gov/evs/2017/roll198.xml</url>
            <name>Roll no. 198</name>
          </link>
        </links>
        <actionCode>H37100</actionCode>
        <type>Floor</type>
      </item>
      <item>
        <actionDate>2017-03-28</actionDate>
        <text>Passed/agreed to in House: On agreeing to the resolution Agreed to by recorded vote: 231 - 185 (Roll no. 198).(text: CR H2471)</text>
        <actionTime>15:33:26</actionTime>
        <sourceSystem>
          <code>9</code>
          <name>Library of Congress</name>
        </sourceSystem>
        <committee />
        <links>
          <link>
            <url>https://www.congress.gov/congressional-record/volume-163/house-section/page/H2471</url>
            <name>H2471</name>
          </link>
          <link>
            <url>http://clerk.house.gov/evs/2017/roll198.xml</url>
            <name>Roll no. 198</name>
          </link>
        </links>
        <actionCode>8000</actionCode>
        <type>Floor</type>
      </item>
      <item>
        <actionDate>2017-03-28</actionDate>
        <text>On ordering the previous question Agreed to by the Yeas and Nays: 231 - 189 (Roll no. 197). (consideration: CR H2486-2487)</text>
        <actionTime>15:26:43</actionTime>
        <sourceSystem>
          <code>2</code>
          <name>House floor actions</name>
        </sourceSystem>
        <committee />
        <links>
          <link>
            <url>https://www.congress.gov/congressional-record/volume-163/house-section/page/H2486-2487</url>
            <name>H2486-2487</name>
          </link>
          <link>
            <url>http://clerk.house.gov/evs/2017/roll197.xml</url>
            <name>Roll no. 197</name>
          </link>
        </links>
        <actionCode>H35000</actionCode>
        <type>Floor</type>
      </item>
      <item>
        <actionDate>2017-03-28</actionDate>
        <text>Considered as unfinished business. (consideration: CR H2486-2487)</text>
        <actionTime>15:01:15</actionTime>
        <sourceSystem>
          <code>2</code>
          <name>House floor actions</name>
        </sourceSystem>
        <committee />
        <links>
          <link>
            <url>https://www.congress.gov/congressional-record/volume-163/house-section/page/H2486-2487</url>
            <name>H2486-2487</name>
          </link>
        </links>
        <actionCode>H30000</actionCode>
        <type>Floor</type>
      </item>
      <item>
        <actionDate>2017-03-28</actionDate>
        <text>POSTPONED PROCEEDINGS - At conclusion of debate on H.Res. 229, the Chair put the question on ordering the previous question on H.Res. 229 and by voice vote, announced that the ayes had prevailed. Mr. Polis demanded the yeas and nays and the Chair postponed further proceedings on ordering the previous question until a time to be announced.</text>
        <actionTime>13:11:50</actionTime>
        <sourceSystem>
          <code>2</code>
          <name>House floor actions</name>
        </sourceSystem>
        <committee />
        <links>
          <link>
            <url>https://www.congress.gov/bill/115th-congress/house-resolution/229</url>
            <name>H.Res. 229</name>
          </link>
        </links>
        <actionCode>H8D000</actionCode>
        <type>Floor</type>
      </item>
      <item>
        <actionDate>2017-03-28</actionDate>
        <text>DEBATE - The House proceeded with one hour of debate on H. Res. 229.</text>
        <actionTime>12:26:31</actionTime>
        <sourceSystem>
          <code>2</code>
          <name>House floor actions</name>
        </sourceSystem>
        <committee />
        <links>
          <link>
            <url>https://www.congress.gov/bill/115th-congress/house-resolution/229</url>
            <name>H. Res. 229</name>
          </link>
        </links>
        <actionCode>H8D000</actionCode>
        <type>Floor</type>
      </item>
      <item>
        <actionDate>2017-03-28</actionDate>
        <text>Considered as privileged matter. (consideration: CR H2471-2478)</text>
        <actionTime>12:23:24</actionTime>
        <sourceSystem>
          <code>2</code>
          <name>House floor actions</name>
        </sourceSystem>
        <committee />
        <links>
          <link>
            <url>https://www.congress.gov/congressional-record/volume-163/house-section/page/H2471-2478</url>
            <name>H2471-2478</name>
          </link>
        </links>
        <actionCode>H30000</actionCode>
        <type>Floor</type>
      </item>
      <item>
        <actionDate>2017-03-27</actionDate>
        <text>Placed on the House Calendar, Calendar No. 27.</text>
        <sourceSystem>
          <code>2</code>
          <name>House floor actions</name>
        </sourceSystem>
        <committee />
        <type>Calendars</type>
        <actionCode>H12420</actionCode>
        <links />
      </item>
      <item>
        <actionDate>2017-03-27</actionDate>
        <text>Rule provides for consideration of H.R. 1430 with 1 hour of general debate. Previous question shall be considered as ordered without intervening motions except motion to recommit with or without instructions. Measure will be considered read. Bill is closed to amendments.</text>
        <actionTime>18:38:04</actionTime>
        <sourceSystem>
          <code>2</code>
          <name>House floor actions</name>
        </sourceSystem>
        <committee />
        <links>
          <link>
            <url>https://www.congress.gov/bill/115th-congress/house-bill/1430</url>
            <name>H.R. 1430</name>
          </link>
        </links>
        <actionCode>H12700</actionCode>
        <type>Floor</type>
      </item>
      <item>
        <actionDate>2017-03-27</actionDate>
        <text>The House Committee on Rules reported an original measure, H. Rept. 115-60, by Mr. Woodall.</text>
        <sourceSystem>
          <code>2</code>
          <name>House floor actions</name>
        </sourceSystem>
        <committee>
          <systemCode>hsru00</systemCode>
          <name>Rules Committee</name>
        </committee>
        <type>Committee</type>
        <actionCode>H12100</actionCode>
        <links>
          <link>
            <url>https://www.congress.gov/congressional-report/115th-congress/house-report/60</url>
            <name>H. Rept. 115-60</name>
          </link>
        </links>
      </item>
      <item>
        <actionDate>2017-03-27</actionDate>
        <text>The House Committee on Rules reported an original measure, H. Rept. 115-60, by Mr. Woodall.</text>
        <sourceSystem>
          <code>9</code>
          <name>Library of Congress</name>
        </sourceSystem>
        <committee>
          <systemCode>hsru00</systemCode>
          <name>Rules Committee</name>
        </committee>
        <type>Committee</type>
        <actionCode>5000</actionCode>
        <links>
          <link>
            <url>https://www.congress.gov/congressional-report/115th-congress/house-report/60</url>
            <name>H. Rept. 115-60</name>
          </link>
        </links>
      </item>
      <item>
        <actionDate>2017-03-27</actionDate>
        <text>Introduced in House</text>
        <sourceSystem>
          <code>9</code>
          <name>Library of Congress</name>
        </sourceSystem>
        <committee />
        <type>IntroReferral</type>
        <actionCode>1000</actionCode>
        <links />
      </item>
      <actionTypeCounts>
        <motionForPreviousQuestion>1</motionForPreviousQuestion>
        <passageOfAMeasure>1</passageOfAMeasure>
        <houseCalendarAssignment>1</houseCalendarAssignment>
        <introducedInHouse>1</introducedInHouse>
        <considerationByHouse>2</considerationByHouse>
        <reportedToHouse>1</reportedToHouse>
        <provisionsOfARule>1</provisionsOfARule>
        <committeeReportOfAnOriginalMeasure>1</committeeReportOfAnOriginalMeasure>
        <motionToReconsiderResults>1</motionToReconsiderResults>
        <passedAgreedToInHouse>1</passedAgreedToInHouse>
        <generalDebate>2</generalDebate>
      </actionTypeCounts>
    </actions>
    <amendments />
    <introducedDate>2017-03-27</introducedDate>
    <policyArea>
      <name>Congress</name>
    </policyArea>
    <billNumber>229</billNumber>
    <congress>115</congress>
    <committeeReports>
      <committeeReport>
        <citation>H. Rept. 115-60</citation>
      </committeeReport>
    </committeeReports>
    <cosponsors />
    <version>1.0.0</version>
    <createDate>2017-03-28T05:32:29Z</createDate>
    <billType>HRES</billType>
    <titles>
      <item>
        <chamberName />
        <title>Providing for consideration of the bill (H.R. 1430) to prohibit the Environmental Protection Agency from proposing, finalizing, or disseminating regulations or assessments based upon science that is not transparent or reproducible.</title>
        <titleType>Official Title as Introduced</titleType>
        <chamberCode />
        <parentTitleType />
      </item>
      <item>
        <chamberName />
        <title>Providing for consideration of the bill (H.R. 1430) to prohibit the Environmental Protection Agency from proposing, finalizing, or disseminating regulations or assessments based upon science that is not transparent or reproducible.</title>
        <titleType>Display Title</titleType>
        <chamberCode />
        <parentTitleType />
      </item>
    </titles>
    <notes />
    <sponsors>
      <item>
        <byRequestType />
        <party>R</party>
        <fullName>Rep. Woodall, Rob [R-GA-7]</fullName>
        <identifiers>
          <gpoId>7904</gpoId>
          <bioguideId>W000810</bioguideId>
          <lisID>2008</lisID>
        </identifiers>
        <lastName>Woodall</lastName>
        <bioguideId>W000810</bioguideId>
        <state>GA</state>
        <firstName>Rob</firstName>
        <middleName />
        <district>7</district>
      </item>
    </sponsors>
    <recordedVotes>
      <recordedVote>
        <date>2017-03-28T19:33:26Z</date>
        <chamber>House</chamber>
        <rollNumber>198</rollNumber>
        <url>http://clerk.house.gov/evs/2017/roll198.xml</url>
        <congress>115</congress>
        <fullActionName>Passage of a Measure</fullActionName>
        <sessionNumber>1</sessionNumber>
      </recordedVote>
      <recordedVote>
        <date>2017-03-28T19:26:43Z</date>
        <chamber>House</chamber>
        <rollNumber>197</rollNumber>
        <url>http://clerk.house.gov/evs/2017/roll197.xml</url>
        <congress>115</congress>
        <fullActionName>Motion for Previous Question</fullActionName>
        <sessionNumber>1</sessionNumber>
      </recordedVote>
    </recordedVotes>
    <relatedBills>
      <item>
        <number>1430</number>
        <latestTitle>HONEST Act</latestTitle>
        <type>HR</type>
        <congress>115</congress>
        <relationshipDetails>
          <item>
            <identifiedBy>House</identifiedBy>
            <type>Procedurally-related</type>
          </item>
        </relationshipDetails>
        <latestAction>
          <actionDate>2017-03-30</actionDate>
          <text>Received in the Senate and Read twice and referred to the Committee on Environment and Public Works.</text>
        </latestAction>
      </item>
    </relatedBills>
    <subjects>
      <billSubjects>
        <legislativeSubjects>
          <item>
            <name>House of Representatives</name>
          </item>
          <item>
            <name>Legislative rules and procedure</name>
          </item>
        </legislativeSubjects>
        <policyArea>
          <name>Congress</name>
        </policyArea>
      </billSubjects>
    </subjects>
    <updateDate>2018-02-22T15:26:49Z</updateDate>
    <laws />
    <calendarNumbers>
      <item>
        <number />
        <calendar>H00027</calendar>
      </item>
    </calendarNumbers>
    <committees>
      <billCommittees>
        <item>
          <subcommittees />
          <type>Standing</type>
          <name>Rules Committee</name>
          <activities>
            <item>
              <name>Reported original measure</name>
              <date>2017-03-27T22:38:03Z</date>
            </item>
          </activities>
          <chamber>House</chamber>
          <systemCode>hsru00</systemCode>
        </item>
      </billCommittees>
    </committees>
  </bill>
  <dublinCore xmlns:dc="http://purl.org/dc/elements/1.1/">
    <dc:format>text/xml</dc:format>
    <dc:language>EN</dc:language>
    <dc:rights>Pursuant to Title 17 Section 105 of the United States Code, this file is not subject to copyright protection and is in the public domain.</dc:rights>
    <dc:contributor>Congressional Research Service, Library of Congress</dc:contributor>
    <dc:description>This file contains bill summaries and statuses for federal legislation. A bill summary describes the most significant provisions of a piece of legislation and details the effects the legislative text may have on current law and federal programs. Bill summaries are authored by the Congressional Research Service (CRS) of the Library of Congress. As stated in Public Law 91-510 (2 USC 166 (d)(6)), one of the duties of CRS is "to prepare summaries and digests of bills and resolutions of a public general nature introduced in the Senate or House of Representatives". For more information, refer to the User Guide that accompanies this file.</dc:description>
  </dublinCore>
</billStatus>

