<?xml version="1.0" encoding="UTF-8"?>
<billStatus>
  <bill>
    <cosponsors />
    <congress>115</congress>
    <committees>
      <billCommittees />
    </committees>
    <constitutionalAuthorityStatementText />
    <laws />
    <titles>
      <item>
        <title>Electing Members to certain standing committees of the House of Representatives.</title>
        <titleType>Official Title as Introduced</titleType>
        <parentTitleType />
        <chamberCode />
        <chamberName />
      </item>
      <item>
        <title>Electing Members to certain standing committees of the House of Representatives.</title>
        <titleType>Display Title</titleType>
        <parentTitleType />
        <chamberCode />
        <chamberName />
      </item>
    </titles>
    <billType>HRES</billType>
    <amendments />
    <recordedVotes />
    <actions>
      <actionByCounts>
        <houseOfRepresentatives>6</houseOfRepresentatives>
      </actionByCounts>
      <actionTypeCounts>
        <introducedInTheHouse>1</introducedInTheHouse>
        <passedAgreedToInHouse>1</passedAgreedToInHouse>
        <introducedInHouse>1</introducedInHouse>
        <considerationByHouse>1</considerationByHouse>
        <passageOfAMeasure>1</passageOfAMeasure>
        <motionToReconsiderResults>1</motionToReconsiderResults>
      </actionTypeCounts>
      <item>
        <actionDate>2017-06-27</actionDate>
        <text>Motion to reconsider laid on the table Agreed to without objection.</text>
        <sourceSystem>
          <name>House floor actions</name>
          <code>2</code>
        </sourceSystem>
        <committee />
        <links />
        <actionCode>H38310</actionCode>
        <type>Floor</type>
        <actionTime>12:29:44</actionTime>
      </item>
      <item>
        <actionDate>2017-06-27</actionDate>
        <text>On agreeing to the resolution Agreed to without objection. (text: CR H5192-5193)</text>
        <sourceSystem>
          <name>House floor actions</name>
          <code>2</code>
        </sourceSystem>
        <committee />
        <links>
          <link>
            <name>H5192-5193</name>
            <url>https://www.congress.gov/congressional-record/volume-163/house-section/page/H5192-5193</url>
          </link>
        </links>
        <actionCode>H37100</actionCode>
        <type>Floor</type>
        <actionTime>12:29:37</actionTime>
      </item>
      <item>
        <actionDate>2017-06-27</actionDate>
        <text>Passed/agreed to in House: On agreeing to the resolution Agreed to without objection.</text>
        <sourceSystem>
          <name>Library of Congress</name>
          <code>9</code>
        </sourceSystem>
        <committee />
        <links />
        <actionCode>8000</actionCode>
        <type>Floor</type>
        <actionTime>12:29:37</actionTime>
      </item>
      <item>
        <actionDate>2017-06-27</actionDate>
        <text>Considered as privileged matter. (consideration: CR H5192-5193)</text>
        <sourceSystem>
          <name>House floor actions</name>
          <code>2</code>
        </sourceSystem>
        <committee />
        <links>
          <link>
            <name>H5192-5193</name>
            <url>https://www.congress.gov/congressional-record/volume-163/house-section/page/H5192-5193</url>
          </link>
        </links>
        <actionCode>H30000</actionCode>
        <type>Floor</type>
        <actionTime>12:28:56</actionTime>
      </item>
      <item>
        <actionDate>2017-06-27</actionDate>
        <text>Introduced in House</text>
        <sourceSystem>
          <name>Library of Congress</name>
          <code>9</code>
        </sourceSystem>
        <committee />
        <links />
        <actionCode>Intro-H</actionCode>
        <type>IntroReferral</type>
      </item>
      <item>
        <actionDate>2017-06-27</actionDate>
        <text>Introduced in House</text>
        <sourceSystem>
          <name>Library of Congress</name>
          <code>9</code>
        </sourceSystem>
        <committee />
        <links />
        <actionCode>1000</actionCode>
        <type>IntroReferral</type>
      </item>
    </actions>
    <introducedDate>2017-06-27</introducedDate>
    <relatedBills />
    <committeeReports />
    <calendarNumbers />
    <billNumber>410</billNumber>
    <summaries>
      <billSummaries>
        <item>
          <versionCode>00</versionCode>
          <actionDate>2017-06-27</actionDate>
          <updateDate>2017-06-27T04:00:00Z</updateDate>
          <text><![CDATA[<p>Elects specified Members to the following House Committees: (1) Education and the Workforce; (2) Homeland Security; (3) the Judiciary; (4) Natural Resources; (5) Oversight and Government Reform; (6) Science, Space, and Technology; and (7) Small Business.</p>]]></text>
          <actionDesc>Introduced in House</actionDesc>
          <name>Introduced in House</name>
          <lastSummaryUpdateDate>2017-09-14T19:13:59Z</lastSummaryUpdateDate>
        </item>
        <item>
          <versionCode>81</versionCode>
          <actionDate>2017-06-27</actionDate>
          <updateDate>2017-06-27T12:59:35Z</updateDate>
          <text><![CDATA[<p>(This measure has not been amended since it was introduced. The summary of that version is repeated here.)</p> <p>Elects specified Members to the following House Committees: (1) Education and the Workforce; (2) Homeland Security; (3) the Judiciary; (4) Natural Resources; (5) Oversight and Government Reform; (6) Science, Space, and Technology; and (7) Small Business.</p>]]></text>
          <actionDesc>Passed House without amendment</actionDesc>
          <name>Passed House without amendment</name>
          <lastSummaryUpdateDate>2017-09-14T19:14:08Z</lastSummaryUpdateDate>
        </item>
      </billSummaries>
    </summaries>
    <cboCostEstimates />
    <updateDate>2018-02-06T16:39:51Z</updateDate>
    <policyArea>
      <name>Congress</name>
    </policyArea>
    <latestAction>
      <text>Motion to reconsider laid on the table Agreed to without objection.</text>
      <actionTime>12:29:44</actionTime>
      <actionDate>2017-06-27</actionDate>
      <links />
    </latestAction>
    <version>1.0.0</version>
    <subjects>
      <billSubjects>
        <legislativeSubjects>
          <item>
            <name>Congressional committees</name>
          </item>
          <item>
            <name>House Committee on Education and the Workforce</name>
          </item>
          <item>
            <name>House Committee on Homeland Security</name>
          </item>
          <item>
            <name>House Committee on Natural Resources</name>
          </item>
          <item>
            <name>House Committee on Oversight and Government Reform</name>
          </item>
          <item>
            <name>House Committee on Science, Space, and Technology</name>
          </item>
          <item>
            <name>House Committee on Small Business</name>
          </item>
          <item>
            <name>House Committee on the Judiciary</name>
          </item>
          <item>
            <name>House of Representatives</name>
          </item>
          <item>
            <name>Members of Congress</name>
          </item>
        </legislativeSubjects>
        <policyArea>
          <name>Congress</name>
        </policyArea>
      </billSubjects>
    </subjects>
    <title>Electing Members to certain standing committees of the House of Representatives.</title>
    <originChamber>House</originChamber>
    <sponsors>
      <item>
        <byRequestType />
        <district>4</district>
        <party>R</party>
        <fullName>Rep. Buck, Ken [R-CO-4]</fullName>
        <lastName>Buck</lastName>
        <state>CO</state>
        <bioguideId>B001297</bioguideId>
        <middleName />
        <firstName>Ken</firstName>
        <identifiers>
          <lisID>2233</lisID>
          <bioguideId>B001297</bioguideId>
          <gpoId />
        </identifiers>
      </item>
    </sponsors>
    <notes />
    <createDate>2017-06-28T03:11:33Z</createDate>
  </bill>
  <dublinCore xmlns:dc="http://purl.org/dc/elements/1.1/">
    <dc:format>text/xml</dc:format>
    <dc:language>EN</dc:language>
    <dc:rights>Pursuant to Title 17 Section 105 of the United States Code, this file is not subject to copyright protection and is in the public domain.</dc:rights>
    <dc:contributor>Congressional Research Service, Library of Congress</dc:contributor>
    <dc:description>This file contains bill summaries and statuses for federal legislation. A bill summary describes the most significant provisions of a piece of legislation and details the effects the legislative text may have on current law and federal programs. Bill summaries are authored by the Congressional Research Service (CRS) of the Library of Congress. As stated in Public Law 91-510 (2 USC 166 (d)(6)), one of the duties of CRS is "to prepare summaries and digests of bills and resolutions of a public general nature introduced in the Senate or House of Representatives". For more information, refer to the User Guide that accompanies this file.</dc:description>
  </dublinCore>
</billStatus>

