<?xml version="1.0" encoding="UTF-8"?>
<billStatus>
  <bill>
    <billNumber>418</billNumber>
    <relatedBills>
      <item>
        <latestTitle>A resolution urging the Secretary of the Interior to recognize the cultural significance of Rib Mountain by adding it to the National Register of Historic Places.</latestTitle>
        <number>206</number>
        <congress>115</congress>
        <latestAction>
          <actionDate>2017-06-28</actionDate>
          <text>Referred to the Committee on Energy and Natural Resources. (text of measure as introduced: CR S3834)</text>
        </latestAction>
        <type>SRES</type>
        <relationshipDetails>
          <item>
            <type>Identical bill</type>
            <identifiedBy>CRS</identifiedBy>
          </item>
        </relationshipDetails>
      </item>
    </relatedBills>
    <originChamber>House</originChamber>
    <recordedVotes />
    <latestAction>
      <text>Referred to the Subcommittee on Federal Lands.</text>
      <links />
      <actionDate>2017-06-30</actionDate>
    </latestAction>
    <createDate>2017-06-29T03:11:33Z</createDate>
    <title>Urging the Secretary of the Interior to recognize the cultural significance of Rib Mountain by adding it to the National Register of Historic Places.</title>
    <summaries>
      <billSummaries>
        <item>
          <text><![CDATA[<p>Affirms the importance of Rib Mountain to Wisconsin's culture and economy.</p> <p>Recognizes the legend of Pual Bunyan as the embodiment of the frontier spirit.</p> <p>Requests the Department of the Interior to recognize the legendary burial site of Paul Bunyan by adding Rib Mountain to the National Register of Historic Places. </p>]]></text>
          <name>Introduced in House</name>
          <lastSummaryUpdateDate>2017-07-31T20:10:17Z</lastSummaryUpdateDate>
          <versionCode>00</versionCode>
          <actionDesc>Introduced in House</actionDesc>
          <updateDate>2017-06-28T04:00:00Z</updateDate>
          <actionDate>2017-06-28</actionDate>
        </item>
      </billSummaries>
    </summaries>
    <actions>
      <item>
        <actionDate>2017-06-30</actionDate>
        <committee>
          <systemCode>hsii10</systemCode>
          <name>Federal Lands Subcommittee</name>
        </committee>
        <links />
        <sourceSystem>
          <name>House committee actions</name>
          <code>1</code>
        </sourceSystem>
        <text>Referred to the Subcommittee on Federal Lands.</text>
        <type>Committee</type>
      </item>
      <item>
        <links />
        <actionDate>2017-06-28</actionDate>
        <type>IntroReferral</type>
        <text>Referred to the House Committee on Natural Resources.</text>
        <actionCode>H11100</actionCode>
        <sourceSystem>
          <name>House floor actions</name>
          <code>2</code>
        </sourceSystem>
        <committee>
          <systemCode>hsii00</systemCode>
          <name>Natural Resources Committee</name>
        </committee>
      </item>
      <item>
        <links />
        <actionDate>2017-06-28</actionDate>
        <type>IntroReferral</type>
        <text>Introduced in House</text>
        <actionCode>Intro-H</actionCode>
        <sourceSystem>
          <name>Library of Congress</name>
          <code>9</code>
        </sourceSystem>
        <committee />
      </item>
      <item>
        <links />
        <actionDate>2017-06-28</actionDate>
        <type>IntroReferral</type>
        <text>Introduced in House</text>
        <actionCode>1000</actionCode>
        <sourceSystem>
          <name>Library of Congress</name>
          <code>9</code>
        </sourceSystem>
        <committee />
      </item>
      <actionByCounts>
        <houseOfRepresentatives>4</houseOfRepresentatives>
      </actionByCounts>
      <actionTypeCounts>
        <billReferrals>1</billReferrals>
        <placeholderTextForH>1</placeholderTextForH>
        <introducedInTheHouse>1</introducedInTheHouse>
        <introducedInHouse>1</introducedInHouse>
      </actionTypeCounts>
    </actions>
    <updateDate>2018-02-06T16:39:51Z</updateDate>
    <amendments />
    <notes />
    <sponsors>
      <item>
        <bioguideId>D000614</bioguideId>
        <district>7</district>
        <middleName>P.</middleName>
        <byRequestType />
        <firstName>Sean</firstName>
        <lastName>Duffy</lastName>
        <state>WI</state>
        <party>R</party>
        <identifiers>
          <lisID>2072</lisID>
          <bioguideId>D000614</bioguideId>
          <gpoId>8220</gpoId>
        </identifiers>
        <fullName>Rep. Duffy, Sean P. [R-WI-7]</fullName>
      </item>
    </sponsors>
    <committees>
      <billCommittees>
        <item>
          <systemCode>hsii00</systemCode>
          <chamber>House</chamber>
          <type>Standing</type>
          <activities>
            <item>
              <date>2017-06-28T14:00:07Z</date>
              <name>Referred to</name>
            </item>
          </activities>
          <name>Natural Resources Committee</name>
          <subcommittees>
            <item>
              <activities>
                <item>
                  <date>2017-06-30T13:43:12Z</date>
                  <name>Referred to</name>
                </item>
              </activities>
              <systemCode>hsii10</systemCode>
              <name>Federal Lands Subcommittee</name>
            </item>
          </subcommittees>
        </item>
      </billCommittees>
    </committees>
    <cosponsors>
      <item>
        <isOriginalCosponsor>True</isOriginalCosponsor>
        <middleName>JAMES</middleName>
        <sponsorshipDate>2017-06-28</sponsorshipDate>
        <firstName>F.</firstName>
        <party>R</party>
        <identifiers>
          <bioguideId>S000244</bioguideId>
          <lisID>1041</lisID>
          <gpoId>8218</gpoId>
        </identifiers>
        <district>5</district>
        <sponsorshipWithdrawnDate />
        <fullName>Rep. Sensenbrenner, F. James, Jr. [R-WI-5]</fullName>
        <bioguideId>S000244</bioguideId>
        <lastName>SENSENBRENNER</lastName>
        <state>WI</state>
      </item>
      <item>
        <isOriginalCosponsor>True</isOriginalCosponsor>
        <middleName />
        <sponsorshipDate>2017-06-28</sponsorshipDate>
        <firstName>Mike</firstName>
        <party>R</party>
        <identifiers>
          <bioguideId>G000579</bioguideId>
          <lisID>2355</lisID>
          <gpoId />
        </identifiers>
        <district>8</district>
        <sponsorshipWithdrawnDate />
        <fullName>Rep. Gallagher, Mike [R-WI-8]</fullName>
        <bioguideId>G000579</bioguideId>
        <lastName>Gallagher</lastName>
        <state>WI</state>
      </item>
      <item>
        <isOriginalCosponsor>True</isOriginalCosponsor>
        <middleName />
        <sponsorshipDate>2017-06-28</sponsorshipDate>
        <firstName>Glenn</firstName>
        <party>R</party>
        <identifiers>
          <gpoId />
          <bioguideId>G000576</bioguideId>
          <lisID>2276</lisID>
        </identifiers>
        <district>6</district>
        <sponsorshipWithdrawnDate />
        <fullName>Rep. Grothman, Glenn [R-WI-6]</fullName>
        <bioguideId>G000576</bioguideId>
        <lastName>Grothman</lastName>
        <state>WI</state>
      </item>
      <item>
        <isOriginalCosponsor>True</isOriginalCosponsor>
        <middleName />
        <sponsorshipDate>2017-06-28</sponsorshipDate>
        <firstName>RON</firstName>
        <party>D</party>
        <identifiers>
          <gpoId>8216</gpoId>
          <lisID>1498</lisID>
          <bioguideId>K000188</bioguideId>
        </identifiers>
        <district>3</district>
        <sponsorshipWithdrawnDate />
        <fullName>Rep. Kind, Ron [D-WI-3]</fullName>
        <bioguideId>K000188</bioguideId>
        <lastName>KIND</lastName>
        <state>WI</state>
      </item>
    </cosponsors>
    <constitutionalAuthorityStatementText />
    <policyArea>
      <name>Public Lands and Natural Resources</name>
    </policyArea>
    <cboCostEstimates />
    <laws />
    <congress>115</congress>
    <version>1.0.0</version>
    <introducedDate>2017-06-28</introducedDate>
    <committeeReports />
    <titles>
      <item>
        <parentTitleType />
        <chamberCode />
        <titleType>Official Title as Introduced</titleType>
        <chamberName />
        <title>Urging the Secretary of the Interior to recognize the cultural significance of Rib Mountain by adding it to the National Register of Historic Places.</title>
      </item>
      <item>
        <parentTitleType />
        <chamberCode />
        <titleType>Display Title</titleType>
        <chamberName />
        <title>Urging the Secretary of the Interior to recognize the cultural significance of Rib Mountain by adding it to the National Register of Historic Places.</title>
      </item>
    </titles>
    <calendarNumbers />
    <subjects>
      <billSubjects>
        <legislativeSubjects>
          <item>
            <name>Historic sites and heritage areas</name>
          </item>
          <item>
            <name>Historical and cultural resources</name>
          </item>
          <item>
            <name>Wisconsin</name>
          </item>
        </legislativeSubjects>
        <policyArea>
          <name>Public Lands and Natural Resources</name>
        </policyArea>
      </billSubjects>
    </subjects>
    <billType>HRES</billType>
  </bill>
  <dublinCore xmlns:dc="http://purl.org/dc/elements/1.1/">
    <dc:format>text/xml</dc:format>
    <dc:language>EN</dc:language>
    <dc:rights>Pursuant to Title 17 Section 105 of the United States Code, this file is not subject to copyright protection and is in the public domain.</dc:rights>
    <dc:contributor>Congressional Research Service, Library of Congress</dc:contributor>
    <dc:description>This file contains bill summaries and statuses for federal legislation. A bill summary describes the most significant provisions of a piece of legislation and details the effects the legislative text may have on current law and federal programs. Bill summaries are authored by the Congressional Research Service (CRS) of the Library of Congress. As stated in Public Law 91-510 (2 USC 166 (d)(6)), one of the duties of CRS is "to prepare summaries and digests of bills and resolutions of a public general nature introduced in the Senate or House of Representatives". For more information, refer to the User Guide that accompanies this file.</dc:description>
  </dublinCore>
</billStatus>

