<?xml version="1.0" encoding="UTF-8"?>
<billStatus>
  <bill>
    <billNumber>90</billNumber>
    <relatedBills />
    <originChamber>House</originChamber>
    <recordedVotes>
      <recordedVote>
        <chamber>House</chamber>
        <date>2017-12-06T21:51:06Z</date>
        <fullActionName>Final Passage Under Suspension of the Rules Results</fullActionName>
        <url>http://clerk.house.gov/evs/2017/roll664.xml</url>
        <congress>115</congress>
        <rollNumber>664</rollNumber>
        <sessionNumber>1</sessionNumber>
      </recordedVote>
    </recordedVotes>
    <latestAction>
      <text>Received in the Senate and referred to the Committee on Foreign Relations.</text>
      <links />
      <actionDate>2017-12-07</actionDate>
    </latestAction>
    <createDate>2017-11-08T03:11:14Z</createDate>
    <title>Condemning ethnic cleansing of the Rohingya and calling for an end to the violence in and an immediate restoration of humanitarian access to the state of Rakhine in Burma.</title>
    <summaries>
      <billSummaries>
        <item>
          <text><![CDATA[<p>Condemns the attacks against civilians by Burma's security services and calls on Burma's Commander-in-Chief, Min Aung Hlaing, to end such attacks in the state of Rakhine.</p> <p> Expresses appreciation to the government of Bangladesh for providing refuge to those fleeing violence. </p> <p>Condemns the Arakan Rohingya Salvation Army attacks but warns that these attacks do not justify the response that has resulted in severe human rights violations and atrocities against civilians. </p> <p>Calls on Burma's government and military and security forces to: (1) implement the recommendations of the Advisory Commission on Rakhine State, and (2) allow humanitarian access to refugees and internally displaced persons. </p> <p>Urges support and access for the United Nations Fact Finding Mission to Burma. </p> <p>Calls on Burma's military and government to allow refugees to return to Burma and to change laws and policies that have contributed to insecurity in Rakhine. </p> <p>Calls on the President to impose sanctions on those responsible for human rights abuses, including members of Burma's military and security services. </p>]]></text>
          <name>Introduced in House</name>
          <lastSummaryUpdateDate>2017-12-04T19:43:27Z</lastSummaryUpdateDate>
          <versionCode>00</versionCode>
          <actionDesc>Introduced in House</actionDesc>
          <updateDate>2017-11-07T05:00:00Z</updateDate>
          <actionDate>2017-11-07</actionDate>
        </item>
        <item>
          <text><![CDATA[<p>Condemns the attacks against civilians by Burma's military and security forces and calls on Burma's Commander-in-Chief, Min Aung Hlaing, to end such attacks in the state of Rakhine.</p> <p> Expresses appreciation to the government of Bangladesh for providing refuge to those fleeing violence. </p> <p>Condemns the Arakan Rohingya Salvation Army attacks and the violence in Rakhine and Rohingya communities, but warns that these attacks do not justify the response by Burmese military and security forces that has resulted in severe human rights violations and atrocities against civilians.</p> <p>Calls on Burma's government and military and security forces to: (1) implement the recommendations of the Advisory Commission on Rakhine State, and (2) allow humanitarian access to refugees and internally displaced persons. </p> <p>Urges support and access for the United Nations Fact Finding Mission to Burma. </p> <p>Calls on Burma's military and government to allow refugees to return to Burma in a manner consistent with internationally recognized principles of human rights and refugee protection and to change laws and policies that have contributed to insecurity in Rakhine. </p> <p>Calls on the President of the United States to impose sanctions on members of the Burmese military and security forces who are responsible for human rights abuses. </p>]]></text>
          <name>Passed House amended</name>
          <lastSummaryUpdateDate>2018-01-30T23:11:52Z</lastSummaryUpdateDate>
          <versionCode>36</versionCode>
          <actionDesc>Passed House amended</actionDesc>
          <updateDate>2017-12-06T14:21:23Z</updateDate>
          <actionDate>2017-12-06</actionDate>
        </item>
      </billSummaries>
    </summaries>
    <actions>
      <actionByCounts>
        <senate>1</senate>
        <houseOfRepresentatives>14</houseOfRepresentatives>
      </actionByCounts>
      <actionTypeCounts>
        <introducedInTheHouse>1</introducedInTheHouse>
        <introducedInHouse>1</introducedInHouse>
        <finalPassageUnderSuspensionOfTheRulesResults>1</finalPassageUnderSuspensionOfTheRulesResults>
        <considerationByHouse>2</considerationByHouse>
        <placeholderTextForH>2</placeholderTextForH>
        <motionMadeToSuspendTheRules>1</motionMadeToSuspendTheRules>
        <amendingTheTitleOfAnActWithoutObjection>1</amendingTheTitleOfAnActWithoutObjection>
        <passedAgreedToInHouse>1</passedAgreedToInHouse>
        <billReferrals>1</billReferrals>
        <referredToCommittee>1</referredToCommittee>
        <actionStageOverride>1</actionStageOverride>
        <generalDebate>1</generalDebate>
        <motionToReconsiderResults>1</motionToReconsiderResults>
      </actionTypeCounts>
      <item>
        <actionDate>2017-12-07</actionDate>
        <committee>
          <systemCode>ssfr00</systemCode>
          <name>Foreign Relations Committee</name>
        </committee>
        <links />
        <sourceSystem>
          <name>Senate</name>
          <code>0</code>
        </sourceSystem>
        <text>Received in the Senate and referred to the Committee on Foreign Relations.</text>
        <type>IntroReferral</type>
      </item>
      <item>
        <actionDate>2017-12-06</actionDate>
        <text>The title of the measure was amended. Agreed to without objection.</text>
        <sourceSystem>
          <name>House floor actions</name>
          <code>2</code>
        </sourceSystem>
        <committee />
        <links />
        <actionCode>H38800</actionCode>
        <type>Floor</type>
        <actionTime>16:51:13</actionTime>
      </item>
      <item>
        <actionDate>2017-12-06</actionDate>
        <text>Motion to reconsider laid on the table Agreed to without objection.</text>
        <sourceSystem>
          <name>House floor actions</name>
          <code>2</code>
        </sourceSystem>
        <committee />
        <links />
        <actionCode>H38310</actionCode>
        <type>Floor</type>
        <actionTime>16:51:10</actionTime>
      </item>
      <item>
        <actionDate>2017-12-06</actionDate>
        <text>On motion to suspend the rules and agree to the resolution, as amended Agreed to by the Yeas and Nays: (2/3 required): 423 - 3 (Roll no. 664). (text: CR 12/5/2017 H9643)</text>
        <sourceSystem>
          <name>House floor actions</name>
          <code>2</code>
        </sourceSystem>
        <committee />
        <links>
          <link>
            <name>CR 12/5/2017 H9643</name>
            <url>https://www.congress.gov/congressional-record/volume-163/house-section/page/H9643</url>
          </link>
          <link>
            <name>Roll no. 664</name>
            <url>http://clerk.house.gov/evs/2017/roll664.xml</url>
          </link>
        </links>
        <actionCode>H37300</actionCode>
        <type>Floor</type>
        <actionTime>16:51:06</actionTime>
      </item>
      <item>
        <actionDate>2017-12-06</actionDate>
        <text>Passed/agreed to in House: On motion to suspend the rules and agree to the resolution, as amended Agreed to by the Yeas and Nays: (2/3 required): 423 - 3 (Roll no. 664).</text>
        <sourceSystem>
          <name>Library of Congress</name>
          <code>9</code>
        </sourceSystem>
        <committee />
        <links>
          <link>
            <name>Roll no. 664</name>
            <url>http://clerk.house.gov/evs/2017/roll664.xml</url>
          </link>
        </links>
        <actionCode>8000</actionCode>
        <type>Floor</type>
        <actionTime>16:51:06</actionTime>
      </item>
      <item>
        <actionDate>2017-12-06</actionDate>
        <text>Considered as unfinished business. (CR H9703-9704)</text>
        <sourceSystem>
          <name>House floor actions</name>
          <code>2</code>
        </sourceSystem>
        <committee />
        <links>
          <link>
            <name>H9703-9704</name>
            <url>https://www.congress.gov/congressional-record/volume-163/house-section/page/H9703-9704</url>
          </link>
        </links>
        <actionCode>H30000</actionCode>
        <type>Floor</type>
        <actionTime>16:43:38</actionTime>
      </item>
      <item>
        <actionDate>2017-12-05</actionDate>
        <text>At the conclusion of debate, the Yeas and Nays were demanded and ordered. Pursuant to the provisions of clause 8, rule XX, the Chair announced that further proceedings on the motion would be postponed.</text>
        <sourceSystem>
          <name>House floor actions</name>
          <code>2</code>
        </sourceSystem>
        <committee />
        <links />
        <actionCode>H37220</actionCode>
        <type>Floor</type>
        <actionTime>14:50:36</actionTime>
      </item>
      <item>
        <actionDate>2017-12-05</actionDate>
        <text>DEBATE - The House proceeded with forty minutes of debate on H. Con. Res. 90.</text>
        <sourceSystem>
          <name>House floor actions</name>
          <code>2</code>
        </sourceSystem>
        <committee />
        <links>
          <link>
            <name>H. Con. Res. 90</name>
            <url>https://www.congress.gov/bill/115th-congress/house-concurrent-resolution/90</url>
          </link>
        </links>
        <actionCode>H8D000</actionCode>
        <type>Floor</type>
        <actionTime>14:08:59</actionTime>
      </item>
      <item>
        <actionDate>2017-12-05</actionDate>
        <text>Considered under suspension of the rules. (consideration: CR H9643-9648)</text>
        <sourceSystem>
          <name>House floor actions</name>
          <code>2</code>
        </sourceSystem>
        <committee />
        <links>
          <link>
            <name>H9643-9648</name>
            <url>https://www.congress.gov/congressional-record/volume-163/house-section/page/H9643-9648</url>
          </link>
        </links>
        <actionCode>H30000</actionCode>
        <type>Floor</type>
        <actionTime>14:08:58</actionTime>
      </item>
      <item>
        <actionDate>2017-12-05</actionDate>
        <text>Mr. Royce (CA) moved to suspend the rules and agree to the resolution, as amended.</text>
        <sourceSystem>
          <name>House floor actions</name>
          <code>2</code>
        </sourceSystem>
        <committee />
        <links />
        <actionCode>H30300</actionCode>
        <type>Floor</type>
        <actionTime>14:08:36</actionTime>
      </item>
      <item>
        <actionDate>2017-11-15</actionDate>
        <committee>
          <systemCode>hsfa00</systemCode>
          <name>Foreign Affairs Committee</name>
        </committee>
        <links />
        <sourceSystem>
          <name>House committee actions</name>
          <code>1</code>
        </sourceSystem>
        <text>Ordered to be Reported in the Nature of a Substitute (Amended) by Voice Vote.</text>
        <type>Committee</type>
      </item>
      <item>
        <actionDate>2017-11-15</actionDate>
        <committee>
          <systemCode>hsfa00</systemCode>
          <name>Foreign Affairs Committee</name>
        </committee>
        <links />
        <sourceSystem>
          <name>House committee actions</name>
          <code>1</code>
        </sourceSystem>
        <text>Committee Consideration and Mark-up Session Held.</text>
        <type>Committee</type>
      </item>
      <item>
        <actionDate>2017-11-07</actionDate>
        <text>Referred to the House Committee on Foreign Affairs.</text>
        <sourceSystem>
          <name>House floor actions</name>
          <code>2</code>
        </sourceSystem>
        <committee>
          <systemCode>hsfa00</systemCode>
          <name>Foreign Affairs Committee</name>
        </committee>
        <links />
        <actionCode>H11100</actionCode>
        <type>IntroReferral</type>
      </item>
      <item>
        <actionDate>2017-11-07</actionDate>
        <text>Introduced in House</text>
        <sourceSystem>
          <name>Library of Congress</name>
          <code>9</code>
        </sourceSystem>
        <committee />
        <links />
        <actionCode>Intro-H</actionCode>
        <type>IntroReferral</type>
      </item>
      <item>
        <actionDate>2017-11-07</actionDate>
        <text>Introduced in House</text>
        <sourceSystem>
          <name>Library of Congress</name>
          <code>9</code>
        </sourceSystem>
        <committee />
        <links />
        <actionCode>1000</actionCode>
        <type>IntroReferral</type>
      </item>
    </actions>
    <updateDate>2018-02-06T16:39:28Z</updateDate>
    <amendments />
    <notes />
    <sponsors>
      <item>
        <bioguideId>C001038</bioguideId>
        <district>14</district>
        <middleName />
        <byRequestType />
        <firstName>JOSEPH</firstName>
        <lastName>CROWLEY</lastName>
        <state>NY</state>
        <party>D</party>
        <identifiers>
          <bioguideId>C001038</bioguideId>
          <gpoId>8068</gpoId>
          <lisID>1604</lisID>
        </identifiers>
        <fullName>Rep. Crowley, Joseph [D-NY-14]</fullName>
      </item>
    </sponsors>
    <committees>
      <billCommittees>
        <item>
          <chamber>Senate</chamber>
          <subcommittees />
          <systemCode>ssfr00</systemCode>
          <name>Foreign Relations Committee</name>
          <activities>
            <item>
              <name>Referred to</name>
              <date>2017-12-07T18:55:47Z</date>
            </item>
          </activities>
          <type>Standing</type>
        </item>
        <item>
          <chamber>House</chamber>
          <subcommittees />
          <systemCode>hsfa00</systemCode>
          <name>Foreign Affairs Committee</name>
          <activities>
            <item>
              <name>Markup by</name>
              <date>2017-11-15T17:58:29Z</date>
            </item>
            <item>
              <name>Referred to</name>
              <date>2017-11-07T15:03:05Z</date>
            </item>
          </activities>
          <type>Standing</type>
        </item>
      </billCommittees>
    </committees>
    <cosponsors>
      <item>
        <isOriginalCosponsor>True</isOriginalCosponsor>
        <middleName />
        <sponsorshipDate>2017-11-07</sponsorshipDate>
        <firstName>STEVE</firstName>
        <party>R</party>
        <identifiers>
          <bioguideId>C000266</bioguideId>
          <gpoId>8091</gpoId>
          <lisID>186</lisID>
        </identifiers>
        <district>1</district>
        <sponsorshipWithdrawnDate />
        <fullName>Rep. Chabot, Steve [R-OH-1]</fullName>
        <bioguideId>C000266</bioguideId>
        <lastName>CHABOT</lastName>
        <state>OH</state>
      </item>
      <item>
        <isOriginalCosponsor>False</isOriginalCosponsor>
        <middleName />
        <sponsorshipDate>2017-11-14</sponsorshipDate>
        <firstName>ED</firstName>
        <party>R</party>
        <identifiers>
          <lisID>998</lisID>
          <bioguideId>R000487</bioguideId>
          <gpoId>7845</gpoId>
        </identifiers>
        <district>39</district>
        <sponsorshipWithdrawnDate />
        <fullName>Rep. Royce, Edward R. [R-CA-39]</fullName>
        <bioguideId>R000487</bioguideId>
        <lastName>ROYCE</lastName>
        <state>CA</state>
      </item>
      <item>
        <isOriginalCosponsor>False</isOriginalCosponsor>
        <middleName>L.</middleName>
        <sponsorshipDate>2017-11-14</sponsorshipDate>
        <firstName>ELIOT</firstName>
        <party>D</party>
        <identifiers>
          <gpoId>8078</gpoId>
          <lisID>344</lisID>
          <bioguideId>E000179</bioguideId>
        </identifiers>
        <district>16</district>
        <sponsorshipWithdrawnDate />
        <fullName>Rep. Engel, Eliot L. [D-NY-16]</fullName>
        <bioguideId>E000179</bioguideId>
        <lastName>ENGEL</lastName>
        <state>NY</state>
      </item>
      <item>
        <isOriginalCosponsor>False</isOriginalCosponsor>
        <middleName>P.</middleName>
        <sponsorshipDate>2017-11-14</sponsorshipDate>
        <firstName>JAMES</firstName>
        <party>D</party>
        <identifiers>
          <lisID>1504</lisID>
          <gpoId>7968</gpoId>
          <bioguideId>M000312</bioguideId>
        </identifiers>
        <district>2</district>
        <sponsorshipWithdrawnDate />
        <fullName>Rep. McGovern, James P. [D-MA-2]</fullName>
        <bioguideId>M000312</bioguideId>
        <lastName>MCGOVERN</lastName>
        <state>MA</state>
      </item>
      <item>
        <isOriginalCosponsor>False</isOriginalCosponsor>
        <middleName>K.</middleName>
        <sponsorshipDate>2017-11-14</sponsorshipDate>
        <firstName>Brian</firstName>
        <party>R</party>
        <identifiers>
          <lisID>2345</lisID>
          <bioguideId>F000466</bioguideId>
          <gpoId />
        </identifiers>
        <district>8</district>
        <sponsorshipWithdrawnDate />
        <fullName>Rep. Fitzpatrick, Brian K. [R-PA-8]</fullName>
        <bioguideId>F000466</bioguideId>
        <lastName>Fitzpatrick</lastName>
        <state>PA</state>
      </item>
      <item>
        <isOriginalCosponsor>False</isOriginalCosponsor>
        <middleName />
        <sponsorshipDate>2017-11-14</sponsorshipDate>
        <firstName>Ann</firstName>
        <party>R</party>
        <identifiers>
          <lisID>2137</lisID>
          <gpoId />
          <bioguideId>W000812</bioguideId>
        </identifiers>
        <district>2</district>
        <sponsorshipWithdrawnDate />
        <fullName>Rep. Wagner, Ann [R-MO-2]</fullName>
        <bioguideId>W000812</bioguideId>
        <lastName>Wagner</lastName>
        <state>MO</state>
      </item>
      <item>
        <isOriginalCosponsor>False</isOriginalCosponsor>
        <middleName />
        <sponsorshipDate>2017-11-14</sponsorshipDate>
        <firstName>Jackie</firstName>
        <party>D</party>
        <identifiers>
          <bioguideId>S001175</bioguideId>
          <lisID>1890</lisID>
          <gpoId>7817</gpoId>
        </identifiers>
        <district>14</district>
        <sponsorshipWithdrawnDate />
        <fullName>Rep. Speier, Jackie [D-CA-14]</fullName>
        <bioguideId>S001175</bioguideId>
        <lastName>Speier</lastName>
        <state>CA</state>
      </item>
      <item>
        <isOriginalCosponsor>False</isOriginalCosponsor>
        <middleName>M.</middleName>
        <sponsorshipDate>2017-11-14</sponsorshipDate>
        <firstName>LOUISE</firstName>
        <party>D</party>
        <identifiers>
          <bioguideId>S000480</bioguideId>
          <gpoId>8089</gpoId>
          <lisID>1069</lisID>
        </identifiers>
        <district>25</district>
        <sponsorshipWithdrawnDate />
        <fullName>Rep. Slaughter, Louise McIntosh [D-NY-25]</fullName>
        <bioguideId>S000480</bioguideId>
        <lastName>SLAUGHTER</lastName>
        <state>NY</state>
      </item>
      <item>
        <isOriginalCosponsor>False</isOriginalCosponsor>
        <middleName>E.</middleName>
        <sponsorshipDate>2017-11-14</sponsorshipDate>
        <firstName>Gerald</firstName>
        <party>D</party>
        <identifiers>
          <lisID>1959</lisID>
          <bioguideId>C001078</bioguideId>
          <gpoId>8202</gpoId>
        </identifiers>
        <district>11</district>
        <sponsorshipWithdrawnDate />
        <fullName>Rep. Connolly, Gerald E. [D-VA-11]</fullName>
        <bioguideId>C001078</bioguideId>
        <lastName>Connolly</lastName>
        <state>VA</state>
      </item>
      <item>
        <isOriginalCosponsor>False</isOriginalCosponsor>
        <middleName>N.</middleName>
        <sponsorshipDate>2017-11-14</sponsorshipDate>
        <firstName>David</firstName>
        <party>D</party>
        <identifiers>
          <lisID>2055</lisID>
          <bioguideId>C001084</bioguideId>
          <gpoId>8139</gpoId>
        </identifiers>
        <district>1</district>
        <sponsorshipWithdrawnDate />
        <fullName>Rep. Cicilline, David N. [D-RI-1]</fullName>
        <bioguideId>C001084</bioguideId>
        <lastName>Cicilline</lastName>
        <state>RI</state>
      </item>
      <item>
        <isOriginalCosponsor>False</isOriginalCosponsor>
        <middleName />
        <sponsorshipDate>2017-11-14</sponsorshipDate>
        <firstName>Adriano</firstName>
        <party>D</party>
        <identifiers>
          <bioguideId>E000297</bioguideId>
          <gpoId />
          <lisID>2342</lisID>
        </identifiers>
        <district>13</district>
        <sponsorshipWithdrawnDate />
        <fullName>Rep. Espaillat, Adriano [D-NY-13]</fullName>
        <bioguideId>E000297</bioguideId>
        <lastName>Espaillat</lastName>
        <state>NY</state>
      </item>
      <item>
        <isOriginalCosponsor>False</isOriginalCosponsor>
        <middleName />
        <sponsorshipDate>2017-11-14</sponsorshipDate>
        <firstName>BRAD</firstName>
        <party>D</party>
        <identifiers>
          <lisID>1526</lisID>
          <bioguideId>S000344</bioguideId>
          <gpoId>7832</gpoId>
        </identifiers>
        <district>30</district>
        <sponsorshipWithdrawnDate />
        <fullName>Rep. Sherman, Brad [D-CA-30]</fullName>
        <bioguideId>S000344</bioguideId>
        <lastName>SHERMAN</lastName>
        <state>CA</state>
      </item>
      <item>
        <isOriginalCosponsor>False</isOriginalCosponsor>
        <middleName />
        <sponsorshipDate>2017-11-14</sponsorshipDate>
        <firstName>Joaquin</firstName>
        <party>D</party>
        <identifiers>
          <lisID>2163</lisID>
          <bioguideId>C001091</bioguideId>
          <gpoId />
        </identifiers>
        <district>20</district>
        <sponsorshipWithdrawnDate />
        <fullName>Rep. Castro, Joaquin [D-TX-20]</fullName>
        <bioguideId>C001091</bioguideId>
        <lastName>Castro</lastName>
        <state>TX</state>
      </item>
      <item>
        <isOriginalCosponsor>False</isOriginalCosponsor>
        <middleName>R.</middleName>
        <sponsorshipDate>2017-11-14</sponsorshipDate>
        <firstName>William</firstName>
        <party>D</party>
        <identifiers>
          <bioguideId>K000375</bioguideId>
          <gpoId>7975</gpoId>
          <lisID>2025</lisID>
        </identifiers>
        <district>9</district>
        <sponsorshipWithdrawnDate />
        <fullName>Rep. Keating, William R. [D-MA-9]</fullName>
        <bioguideId>K000375</bioguideId>
        <lastName>Keating</lastName>
        <state>MA</state>
      </item>
      <item>
        <isOriginalCosponsor>False</isOriginalCosponsor>
        <middleName />
        <sponsorshipDate>2017-11-14</sponsorshipDate>
        <firstName>Albio</firstName>
        <party>D</party>
        <identifiers>
          <lisID>1818</lisID>
          <bioguideId>S001165</bioguideId>
          <gpoId>8055</gpoId>
        </identifiers>
        <district>8</district>
        <sponsorshipWithdrawnDate />
        <fullName>Rep. Sires, Albio [D-NJ-8]</fullName>
        <bioguideId>S001165</bioguideId>
        <lastName>Sires</lastName>
        <state>NJ</state>
      </item>
      <item>
        <isOriginalCosponsor>False</isOriginalCosponsor>
        <middleName />
        <sponsorshipDate>2017-11-14</sponsorshipDate>
        <firstName>Ted</firstName>
        <party>D</party>
        <identifiers>
          <gpoId />
          <lisID>2230</lisID>
          <bioguideId>L000582</bioguideId>
        </identifiers>
        <district>33</district>
        <sponsorshipWithdrawnDate />
        <fullName>Rep. Lieu, Ted [D-CA-33]</fullName>
        <bioguideId>L000582</bioguideId>
        <lastName>Lieu</lastName>
        <state>CA</state>
      </item>
      <item>
        <isOriginalCosponsor>False</isOriginalCosponsor>
        <middleName>D.</middleName>
        <sponsorshipDate>2017-11-14</sponsorshipDate>
        <firstName>JANICE</firstName>
        <party>D</party>
        <identifiers>
          <gpoId>7929</gpoId>
          <lisID>1588</lisID>
          <bioguideId>S001145</bioguideId>
        </identifiers>
        <district>9</district>
        <sponsorshipWithdrawnDate />
        <fullName>Rep. Schakowsky, Janice D. [D-IL-9]</fullName>
        <bioguideId>S001145</bioguideId>
        <lastName>SCHAKOWSKY</lastName>
        <state>IL</state>
      </item>
      <item>
        <isOriginalCosponsor>False</isOriginalCosponsor>
        <middleName />
        <sponsorshipDate>2017-11-14</sponsorshipDate>
        <firstName>Jamie</firstName>
        <party>D</party>
        <identifiers>
          <gpoId />
          <lisID>2332</lisID>
          <bioguideId>R000606</bioguideId>
        </identifiers>
        <district>8</district>
        <sponsorshipWithdrawnDate />
        <fullName>Rep. Raskin, Jamie [D-MD-8]</fullName>
        <bioguideId>R000606</bioguideId>
        <lastName>Raskin</lastName>
        <state>MD</state>
      </item>
      <item>
        <isOriginalCosponsor>False</isOriginalCosponsor>
        <middleName>T.</middleName>
        <sponsorshipDate>2017-11-14</sponsorshipDate>
        <firstName>Michael</firstName>
        <party>R</party>
        <identifiers>
          <lisID>1804</lisID>
          <gpoId>8166</gpoId>
          <bioguideId>M001157</bioguideId>
        </identifiers>
        <district>10</district>
        <sponsorshipWithdrawnDate />
        <fullName>Rep. McCaul, Michael T. [R-TX-10]</fullName>
        <bioguideId>M001157</bioguideId>
        <lastName>McCaul</lastName>
        <state>TX</state>
      </item>
      <item>
        <isOriginalCosponsor>False</isOriginalCosponsor>
        <middleName>A.</middleName>
        <sponsorshipDate>2017-11-14</sponsorshipDate>
        <firstName>Thomas</firstName>
        <party>R</party>
        <identifiers>
          <gpoId />
          <lisID>2353</lisID>
          <bioguideId>G000580</bioguideId>
        </identifiers>
        <district>5</district>
        <sponsorshipWithdrawnDate />
        <fullName>Rep. Garrett, Thomas A., Jr. [R-VA-5]</fullName>
        <bioguideId>G000580</bioguideId>
        <lastName>Garrett</lastName>
        <state>VA</state>
      </item>
      <item>
        <isOriginalCosponsor>False</isOriginalCosponsor>
        <middleName>M.</middleName>
        <sponsorshipDate>2017-11-14</sponsorshipDate>
        <firstName>Daniel</firstName>
        <party>R</party>
        <identifiers>
          <gpoId />
          <bioguideId>D000625</bioguideId>
          <lisID>2293</lisID>
        </identifiers>
        <district>11</district>
        <sponsorshipWithdrawnDate />
        <fullName>Rep. Donovan, Daniel M., Jr. [R-NY-11]</fullName>
        <bioguideId>D000625</bioguideId>
        <lastName>Donovan</lastName>
        <state>NY</state>
      </item>
      <item>
        <isOriginalCosponsor>False</isOriginalCosponsor>
        <middleName />
        <sponsorshipDate>2017-11-15</sponsorshipDate>
        <firstName>Patrick</firstName>
        <party>R</party>
        <identifiers>
          <lisID>2052</lisID>
          <bioguideId>M001181</bioguideId>
          <gpoId>8125</gpoId>
        </identifiers>
        <district>7</district>
        <sponsorshipWithdrawnDate />
        <fullName>Rep. Meehan, Patrick [R-PA-7]</fullName>
        <bioguideId>M001181</bioguideId>
        <lastName>Meehan</lastName>
        <state>PA</state>
      </item>
      <item>
        <isOriginalCosponsor>False</isOriginalCosponsor>
        <middleName>S.</middleName>
        <sponsorshipDate>2017-11-15</sponsorshipDate>
        <firstName>Donald</firstName>
        <party>D</party>
        <identifiers>
          <gpoId />
          <bioguideId>B001292</bioguideId>
          <lisID>2272</lisID>
        </identifiers>
        <district>8</district>
        <sponsorshipWithdrawnDate />
        <fullName>Rep. Beyer, Donald S., Jr. [D-VA-8]</fullName>
        <bioguideId>B001292</bioguideId>
        <lastName>Beyer</lastName>
        <state>VA</state>
      </item>
      <item>
        <isOriginalCosponsor>False</isOriginalCosponsor>
        <middleName />
        <sponsorshipDate>2017-11-30</sponsorshipDate>
        <firstName>ILEANA</firstName>
        <party>R</party>
        <identifiers>
          <lisID>985</lisID>
          <gpoId>7890</gpoId>
          <bioguideId>R000435</bioguideId>
        </identifiers>
        <district>27</district>
        <sponsorshipWithdrawnDate />
        <fullName>Rep. Ros-Lehtinen, Ileana [R-FL-27]</fullName>
        <bioguideId>R000435</bioguideId>
        <lastName>ROS-LEHTINEN</lastName>
        <state>FL</state>
      </item>
      <item>
        <isOriginalCosponsor>False</isOriginalCosponsor>
        <middleName />
        <sponsorshipDate>2017-11-30</sponsorshipDate>
        <firstName>Barbara</firstName>
        <party>R</party>
        <identifiers>
          <lisID>2273</lisID>
          <gpoId />
          <bioguideId>C001105</bioguideId>
        </identifiers>
        <district>10</district>
        <sponsorshipWithdrawnDate />
        <fullName>Rep. Comstock, Barbara [R-VA-10]</fullName>
        <bioguideId>C001105</bioguideId>
        <lastName>Comstock</lastName>
        <state>VA</state>
      </item>
      <item>
        <isOriginalCosponsor>False</isOriginalCosponsor>
        <middleName>S.</middleName>
        <sponsorshipDate>2017-12-04</sponsorshipDate>
        <firstName>Alan</firstName>
        <party>D</party>
        <identifiers>
          <gpoId />
          <lisID>2111</lisID>
          <bioguideId>L000579</bioguideId>
        </identifiers>
        <district>47</district>
        <sponsorshipWithdrawnDate />
        <fullName>Rep. Lowenthal, Alan S. [D-CA-47]</fullName>
        <bioguideId>L000579</bioguideId>
        <lastName>Lowenthal</lastName>
        <state>CA</state>
      </item>
      <item>
        <isOriginalCosponsor>False</isOriginalCosponsor>
        <middleName />
        <sponsorshipDate>2017-12-04</sponsorshipDate>
        <firstName>Claudia</firstName>
        <party>R</party>
        <identifiers>
          <lisID>2344</lisID>
          <gpoId />
          <bioguideId>T000478</bioguideId>
        </identifiers>
        <district>22</district>
        <sponsorshipWithdrawnDate />
        <fullName>Rep. Tenney, Claudia [R-NY-22]</fullName>
        <bioguideId>T000478</bioguideId>
        <lastName>Tenney</lastName>
        <state>NY</state>
      </item>
      <item>
        <isOriginalCosponsor>False</isOriginalCosponsor>
        <middleName />
        <sponsorshipDate>2017-12-04</sponsorshipDate>
        <firstName>Lois</firstName>
        <party>D</party>
        <identifiers>
          <lisID>2119</lisID>
          <gpoId />
          <bioguideId>F000462</bioguideId>
        </identifiers>
        <district>21</district>
        <sponsorshipWithdrawnDate />
        <fullName>Rep. Frankel, Lois [D-FL-21]</fullName>
        <bioguideId>F000462</bioguideId>
        <lastName>Frankel</lastName>
        <state>FL</state>
      </item>
      <item>
        <isOriginalCosponsor>False</isOriginalCosponsor>
        <middleName />
        <sponsorshipDate>2017-12-04</sponsorshipDate>
        <firstName>Jim</firstName>
        <party>D</party>
        <identifiers>
          <gpoId>7825</gpoId>
          <lisID>1774</lisID>
          <bioguideId>C001059</bioguideId>
        </identifiers>
        <district>16</district>
        <sponsorshipWithdrawnDate />
        <fullName>Rep. Costa, Jim [D-CA-16]</fullName>
        <bioguideId>C001059</bioguideId>
        <lastName>Costa</lastName>
        <state>CA</state>
      </item>
      <item>
        <isOriginalCosponsor>False</isOriginalCosponsor>
        <middleName>M.</middleName>
        <sponsorshipDate>2017-12-04</sponsorshipDate>
        <firstName>NITA</firstName>
        <party>D</party>
        <identifiers>
          <bioguideId>L000480</bioguideId>
          <lisID>709</lisID>
          <gpoId>8079</gpoId>
        </identifiers>
        <district>17</district>
        <sponsorshipWithdrawnDate />
        <fullName>Rep. Lowey, Nita M. [D-NY-17]</fullName>
        <bioguideId>L000480</bioguideId>
        <lastName>LOWEY</lastName>
        <state>NY</state>
      </item>
      <item>
        <isOriginalCosponsor>False</isOriginalCosponsor>
        <middleName />
        <sponsorshipDate>2017-12-05</sponsorshipDate>
        <firstName>Suzanne</firstName>
        <party>D</party>
        <identifiers>
          <lisID>2092</lisID>
          <bioguideId>B001278</bioguideId>
          <gpoId>8367</gpoId>
        </identifiers>
        <district>1</district>
        <sponsorshipWithdrawnDate />
        <fullName>Rep. Bonamici, Suzanne [D-OR-1]</fullName>
        <bioguideId>B001278</bioguideId>
        <lastName>Bonamici</lastName>
        <state>OR</state>
      </item>
    </cosponsors>
    <constitutionalAuthorityStatementText />
    <policyArea>
      <name>International Affairs</name>
    </policyArea>
    <cboCostEstimates />
    <laws />
    <congress>115</congress>
    <version>1.0.0</version>
    <introducedDate>2017-11-07</introducedDate>
    <committeeReports />
    <titles>
      <item>
        <titleType>Official Titles as Amended by House</titleType>
        <title>Condemning ethnic cleansing of the Rohingya and calling for an end to the violence in and an immediate restoration of humanitarian access to the state of Rakhine in Burma.</title>
        <chamberCode>H</chamberCode>
        <parentTitleType>Official Titles House of Representatives</parentTitleType>
        <chamberName>House</chamberName>
      </item>
      <item>
        <titleType>Official Title as Introduced</titleType>
        <title>Condemning ethnic cleansing of the Rohingya and calling for an end to the attacks in and an immediate restoration of humanitarian access to the state of Rakhine in Burma.</title>
        <chamberCode />
        <parentTitleType />
        <chamberName />
      </item>
      <item>
        <titleType>Display Title</titleType>
        <title>Condemning ethnic cleansing of the Rohingya and calling for an end to the violence in and an immediate restoration of humanitarian access to the state of Rakhine in Burma.</title>
        <chamberCode />
        <parentTitleType />
        <chamberName />
      </item>
    </titles>
    <calendarNumbers />
    <subjects>
      <billSubjects>
        <policyArea>
          <name>International Affairs</name>
        </policyArea>
        <legislativeSubjects>
          <item>
            <name>Asia</name>
          </item>
          <item>
            <name>Bangladesh</name>
          </item>
          <item>
            <name>Burma</name>
          </item>
          <item>
            <name>Congressional tributes</name>
          </item>
          <item>
            <name>Foreign aid and international relief</name>
          </item>
          <item>
            <name>Human rights</name>
          </item>
          <item>
            <name>Racial and ethnic relations</name>
          </item>
          <item>
            <name>Refugees, asylum, displaced persons</name>
          </item>
          <item>
            <name>Sanctions</name>
          </item>
          <item>
            <name>United Nations</name>
          </item>
        </legislativeSubjects>
      </billSubjects>
    </subjects>
    <billType>HCONRES</billType>
  </bill>
  <dublinCore xmlns:dc="http://purl.org/dc/elements/1.1/">
    <dc:format>text/xml</dc:format>
    <dc:language>EN</dc:language>
    <dc:rights>Pursuant to Title 17 Section 105 of the United States Code, this file is not subject to copyright protection and is in the public domain.</dc:rights>
    <dc:contributor>Congressional Research Service, Library of Congress</dc:contributor>
    <dc:description>This file contains bill summaries and statuses for federal legislation. A bill summary describes the most significant provisions of a piece of legislation and details the effects the legislative text may have on current law and federal programs. Bill summaries are authored by the Congressional Research Service (CRS) of the Library of Congress. As stated in Public Law 91-510 (2 USC 166 (d)(6)), one of the duties of CRS is "to prepare summaries and digests of bills and resolutions of a public general nature introduced in the Senate or House of Representatives". For more information, refer to the User Guide that accompanies this file.</dc:description>
  </dublinCore>
</billStatus>

