<?xml version="1.0" encoding="UTF-8"?>
<billStatus>
  <bill>
    <policyArea>
      <name>Armed Forces and National Security</name>
    </policyArea>
    <committeeReports />
    <congress>115</congress>
    <sponsors>
      <item>
        <identifiers>
          <lisID>2025</lisID>
          <bioguideId>K000375</bioguideId>
          <gpoId>7975</gpoId>
        </identifiers>
        <district>9</district>
        <middleName>R.</middleName>
        <byRequestType />
        <fullName>Rep. Keating, William R. [D-MA-9]</fullName>
        <bioguideId>K000375</bioguideId>
        <state>MA</state>
        <party>D</party>
        <firstName>William</firstName>
        <lastName>Keating</lastName>
      </item>
    </sponsors>
    <calendarNumbers />
    <amendments />
    <relatedBills />
    <notes />
    <originChamber>House</originChamber>
    <version>1.0.0</version>
    <billNumber>52</billNumber>
    <title>Expressing the sense of Congress that an appropriate site in the Memorial Amphitheater in Arlington National Cemetery should be provided for a memorial marker to honor the memory of those who have been awarded or are eligible for the Korean Defense Service Medal who are missing in action, are unaccounted for, or died in-theater.</title>
    <cosponsors>
      <item>
        <lastName>Bass</lastName>
        <firstName>Karen</firstName>
        <sponsorshipWithdrawnDate />
        <isOriginalCosponsor>True</isOriginalCosponsor>
        <district>37</district>
        <party>D</party>
        <fullName>Rep. Bass, Karen [D-CA-37]</fullName>
        <middleName />
        <state>CA</state>
        <bioguideId>B001270</bioguideId>
        <sponsorshipDate>2017-05-02</sponsorshipDate>
        <identifiers>
          <bioguideId>B001270</bioguideId>
          <gpoId>7838</gpoId>
          <lisID>1996</lisID>
        </identifiers>
      </item>
      <item>
        <lastName>Bera</lastName>
        <firstName>Ami</firstName>
        <sponsorshipWithdrawnDate />
        <isOriginalCosponsor>True</isOriginalCosponsor>
        <district>7</district>
        <party>D</party>
        <fullName>Rep. Bera, Ami [D-CA-7]</fullName>
        <middleName />
        <state>CA</state>
        <bioguideId>B001287</bioguideId>
        <sponsorshipDate>2017-05-02</sponsorshipDate>
        <identifiers>
          <lisID>2102</lisID>
          <gpoId />
          <bioguideId>B001287</bioguideId>
        </identifiers>
      </item>
      <item>
        <lastName>Brat</lastName>
        <firstName>Dave</firstName>
        <sponsorshipWithdrawnDate />
        <isOriginalCosponsor>True</isOriginalCosponsor>
        <district>7</district>
        <party>R</party>
        <fullName>Rep. Brat, Dave [R-VA-7]</fullName>
        <middleName />
        <state>VA</state>
        <bioguideId>B001290</bioguideId>
        <sponsorshipDate>2017-05-02</sponsorshipDate>
        <identifiers>
          <bioguideId>B001290</bioguideId>
          <lisID>2203</lisID>
          <gpoId />
        </identifiers>
      </item>
      <item>
        <lastName>CAPUANO</lastName>
        <firstName>MICHAEL</firstName>
        <sponsorshipWithdrawnDate />
        <isOriginalCosponsor>True</isOriginalCosponsor>
        <district>7</district>
        <party>D</party>
        <fullName>Rep. Capuano, Michael E. [D-MA-7]</fullName>
        <middleName>E.</middleName>
        <state>MA</state>
        <bioguideId>C001037</bioguideId>
        <sponsorshipDate>2017-05-02</sponsorshipDate>
        <identifiers>
          <lisID>1564</lisID>
          <bioguideId>C001037</bioguideId>
          <gpoId>7973</gpoId>
        </identifiers>
      </item>
      <item>
        <lastName>Cicilline</lastName>
        <firstName>David</firstName>
        <sponsorshipWithdrawnDate />
        <isOriginalCosponsor>True</isOriginalCosponsor>
        <district>1</district>
        <party>D</party>
        <fullName>Rep. Cicilline, David N. [D-RI-1]</fullName>
        <middleName>N.</middleName>
        <state>RI</state>
        <bioguideId>C001084</bioguideId>
        <sponsorshipDate>2017-05-02</sponsorshipDate>
        <identifiers>
          <bioguideId>C001084</bioguideId>
          <lisID>2055</lisID>
          <gpoId>8139</gpoId>
        </identifiers>
      </item>
      <item>
        <lastName>Clark</lastName>
        <firstName>Katherine</firstName>
        <sponsorshipWithdrawnDate />
        <isOriginalCosponsor>True</isOriginalCosponsor>
        <district>5</district>
        <party>D</party>
        <fullName>Rep. Clark, Katherine M. [D-MA-5]</fullName>
        <middleName>M.</middleName>
        <state>MA</state>
        <bioguideId>C001101</bioguideId>
        <sponsorshipDate>2017-05-02</sponsorshipDate>
        <identifiers>
          <lisID>2196</lisID>
          <bioguideId>C001101</bioguideId>
          <gpoId />
        </identifiers>
      </item>
      <item>
        <lastName>CONYERS</lastName>
        <firstName>JOHN</firstName>
        <sponsorshipWithdrawnDate />
        <isOriginalCosponsor>True</isOriginalCosponsor>
        <district>13</district>
        <party>D</party>
        <fullName>Rep. Conyers, John, Jr. [D-MI-13]</fullName>
        <middleName />
        <state>MI</state>
        <bioguideId>C000714</bioguideId>
        <sponsorshipDate>2017-05-02</sponsorshipDate>
        <identifiers>
          <bioguideId>C000714</bioguideId>
          <lisID>229</lisID>
          <gpoId>7999</gpoId>
        </identifiers>
      </item>
      <item>
        <lastName>Correa</lastName>
        <firstName>J.</firstName>
        <sponsorshipWithdrawnDate />
        <isOriginalCosponsor>True</isOriginalCosponsor>
        <district>46</district>
        <party>D</party>
        <fullName>Rep. Correa, J. Luis [D-CA-46]</fullName>
        <middleName>Luis</middleName>
        <state>CA</state>
        <bioguideId>C001110</bioguideId>
        <sponsorshipDate>2017-05-02</sponsorshipDate>
        <identifiers>
          <lisID>2312</lisID>
          <bioguideId>C001110</bioguideId>
          <gpoId />
        </identifiers>
      </item>
      <item>
        <lastName>Costa</lastName>
        <firstName>Jim</firstName>
        <sponsorshipWithdrawnDate />
        <isOriginalCosponsor>True</isOriginalCosponsor>
        <district>16</district>
        <party>D</party>
        <fullName>Rep. Costa, Jim [D-CA-16]</fullName>
        <middleName />
        <state>CA</state>
        <bioguideId>C001059</bioguideId>
        <sponsorshipDate>2017-05-02</sponsorshipDate>
        <identifiers>
          <lisID>1774</lisID>
          <bioguideId>C001059</bioguideId>
          <gpoId>7825</gpoId>
        </identifiers>
      </item>
      <item>
        <lastName>Cramer</lastName>
        <firstName>Kevin</firstName>
        <sponsorshipWithdrawnDate />
        <isOriginalCosponsor>True</isOriginalCosponsor>
        <district>0</district>
        <party>R</party>
        <fullName>Rep. Cramer, Kevin [R-ND-At Large]</fullName>
        <middleName />
        <state>ND</state>
        <bioguideId>C001096</bioguideId>
        <sponsorshipDate>2017-05-02</sponsorshipDate>
        <identifiers>
          <lisID>2144</lisID>
          <gpoId />
          <bioguideId>C001096</bioguideId>
        </identifiers>
      </item>
      <item>
        <lastName>CROWLEY</lastName>
        <firstName>JOSEPH</firstName>
        <sponsorshipWithdrawnDate />
        <isOriginalCosponsor>True</isOriginalCosponsor>
        <district>14</district>
        <party>D</party>
        <fullName>Rep. Crowley, Joseph [D-NY-14]</fullName>
        <middleName />
        <state>NY</state>
        <bioguideId>C001038</bioguideId>
        <sponsorshipDate>2017-05-02</sponsorshipDate>
        <identifiers>
          <bioguideId>C001038</bioguideId>
          <lisID>1604</lisID>
          <gpoId>8068</gpoId>
        </identifiers>
      </item>
      <item>
        <lastName>DEFAZIO</lastName>
        <firstName>PETER</firstName>
        <sponsorshipWithdrawnDate />
        <isOriginalCosponsor>True</isOriginalCosponsor>
        <district>4</district>
        <party>D</party>
        <fullName>Rep. DeFazio, Peter A. [D-OR-4]</fullName>
        <middleName>A.</middleName>
        <state>OR</state>
        <bioguideId>D000191</bioguideId>
        <sponsorshipDate>2017-05-02</sponsorshipDate>
        <identifiers>
          <lisID>279</lisID>
          <bioguideId>D000191</bioguideId>
          <gpoId>8117</gpoId>
        </identifiers>
      </item>
      <item>
        <lastName>Deutch</lastName>
        <firstName>Theodore</firstName>
        <sponsorshipWithdrawnDate />
        <isOriginalCosponsor>True</isOriginalCosponsor>
        <district>22</district>
        <party>D</party>
        <fullName>Rep. Deutch, Theodore E. [D-FL-22]</fullName>
        <middleName>E.</middleName>
        <state>FL</state>
        <bioguideId>D000610</bioguideId>
        <sponsorshipDate>2017-05-02</sponsorshipDate>
        <identifiers>
          <bioguideId>D000610</bioguideId>
          <lisID>1976</lisID>
          <gpoId>7891</gpoId>
        </identifiers>
      </item>
      <item>
        <lastName>DeSaulnier</lastName>
        <firstName>Mark</firstName>
        <sponsorshipWithdrawnDate />
        <isOriginalCosponsor>True</isOriginalCosponsor>
        <district>11</district>
        <party>D</party>
        <fullName>Rep. DeSaulnier, Mark [D-CA-11]</fullName>
        <middleName />
        <state>CA</state>
        <bioguideId>D000623</bioguideId>
        <sponsorshipDate>2017-05-02</sponsorshipDate>
        <identifiers>
          <lisID>2227</lisID>
          <bioguideId>D000623</bioguideId>
          <gpoId />
        </identifiers>
      </item>
      <item>
        <lastName>Donovan</lastName>
        <firstName>Daniel</firstName>
        <sponsorshipWithdrawnDate />
        <isOriginalCosponsor>True</isOriginalCosponsor>
        <district>11</district>
        <party>R</party>
        <fullName>Rep. Donovan, Daniel M., Jr. [R-NY-11]</fullName>
        <middleName>M.</middleName>
        <state>NY</state>
        <bioguideId>D000625</bioguideId>
        <sponsorshipDate>2017-05-02</sponsorshipDate>
        <identifiers>
          <lisID>2293</lisID>
          <bioguideId>D000625</bioguideId>
          <gpoId />
        </identifiers>
      </item>
      <item>
        <lastName>ENGEL</lastName>
        <firstName>ELIOT</firstName>
        <sponsorshipWithdrawnDate />
        <isOriginalCosponsor>True</isOriginalCosponsor>
        <district>16</district>
        <party>D</party>
        <fullName>Rep. Engel, Eliot L. [D-NY-16]</fullName>
        <middleName>L.</middleName>
        <state>NY</state>
        <bioguideId>E000179</bioguideId>
        <sponsorshipDate>2017-05-02</sponsorshipDate>
        <identifiers>
          <bioguideId>E000179</bioguideId>
          <lisID>344</lisID>
          <gpoId>8078</gpoId>
        </identifiers>
      </item>
      <item>
        <lastName>Gabbard</lastName>
        <firstName>Tulsi</firstName>
        <sponsorshipWithdrawnDate />
        <isOriginalCosponsor>True</isOriginalCosponsor>
        <district>2</district>
        <party>D</party>
        <fullName>Rep. Gabbard, Tulsi [D-HI-2]</fullName>
        <middleName />
        <state>HI</state>
        <bioguideId>G000571</bioguideId>
        <sponsorshipDate>2017-05-02</sponsorshipDate>
        <identifiers>
          <gpoId />
          <lisID>2122</lisID>
          <bioguideId>G000571</bioguideId>
        </identifiers>
      </item>
      <item>
        <lastName>Gallego</lastName>
        <firstName>Ruben</firstName>
        <sponsorshipWithdrawnDate />
        <isOriginalCosponsor>True</isOriginalCosponsor>
        <district>7</district>
        <party>D</party>
        <fullName>Rep. Gallego, Ruben [D-AZ-7]</fullName>
        <middleName />
        <state>AZ</state>
        <bioguideId>G000574</bioguideId>
        <sponsorshipDate>2017-05-02</sponsorshipDate>
        <identifiers>
          <gpoId />
          <lisID>2226</lisID>
          <bioguideId>G000574</bioguideId>
        </identifiers>
      </item>
      <item>
        <lastName>Grothman</lastName>
        <firstName>Glenn</firstName>
        <sponsorshipWithdrawnDate />
        <isOriginalCosponsor>True</isOriginalCosponsor>
        <district>6</district>
        <party>R</party>
        <fullName>Rep. Grothman, Glenn [R-WI-6]</fullName>
        <middleName />
        <state>WI</state>
        <bioguideId>G000576</bioguideId>
        <sponsorshipDate>2017-05-02</sponsorshipDate>
        <identifiers>
          <lisID>2276</lisID>
          <bioguideId>G000576</bioguideId>
          <gpoId />
        </identifiers>
      </item>
      <item>
        <lastName>Guthrie</lastName>
        <firstName>Brett</firstName>
        <sponsorshipWithdrawnDate />
        <isOriginalCosponsor>True</isOriginalCosponsor>
        <district>2</district>
        <party>R</party>
        <fullName>Rep. Guthrie, Brett [R-KY-2]</fullName>
        <middleName />
        <state>KY</state>
        <bioguideId>G000558</bioguideId>
        <sponsorshipDate>2017-05-02</sponsorshipDate>
        <identifiers>
          <lisID>1922</lisID>
          <bioguideId>G000558</bioguideId>
          <gpoId>7954</gpoId>
        </identifiers>
      </item>
      <item>
        <lastName>Higgins</lastName>
        <firstName>Brian</firstName>
        <sponsorshipWithdrawnDate />
        <isOriginalCosponsor>True</isOriginalCosponsor>
        <district>26</district>
        <party>D</party>
        <fullName>Rep. Higgins, Brian [D-NY-26]</fullName>
        <middleName />
        <state>NY</state>
        <bioguideId>H001038</bioguideId>
        <sponsorshipDate>2017-05-02</sponsorshipDate>
        <identifiers>
          <gpoId>8088</gpoId>
          <lisID>1794</lisID>
          <bioguideId>H001038</bioguideId>
        </identifiers>
      </item>
      <item>
        <lastName>JOHNSON</lastName>
        <firstName>SAM</firstName>
        <sponsorshipWithdrawnDate />
        <isOriginalCosponsor>True</isOriginalCosponsor>
        <district>3</district>
        <party>R</party>
        <fullName>Rep. Johnson, Sam [R-TX-3]</fullName>
        <middleName />
        <state>TX</state>
        <bioguideId>J000174</bioguideId>
        <sponsorshipDate>2017-05-02</sponsorshipDate>
        <identifiers>
          <gpoId>8159</gpoId>
          <bioguideId>J000174</bioguideId>
          <lisID>603</lisID>
        </identifiers>
      </item>
      <item>
        <lastName>JONES</lastName>
        <firstName>WALTER</firstName>
        <sponsorshipWithdrawnDate />
        <isOriginalCosponsor>True</isOriginalCosponsor>
        <district>3</district>
        <party>R</party>
        <fullName>Rep. Jones, Walter B., Jr. [R-NC-3]</fullName>
        <middleName>B.</middleName>
        <state>NC</state>
        <bioguideId>J000255</bioguideId>
        <sponsorshipDate>2017-05-02</sponsorshipDate>
        <identifiers>
          <lisID>612</lisID>
          <bioguideId>J000255</bioguideId>
          <gpoId>8026</gpoId>
        </identifiers>
      </item>
      <item>
        <lastName>Kennedy</lastName>
        <firstName>Joseph</firstName>
        <sponsorshipWithdrawnDate />
        <isOriginalCosponsor>True</isOriginalCosponsor>
        <district>4</district>
        <party>D</party>
        <fullName>Rep. Kennedy, Joseph P., III [D-MA-4]</fullName>
        <middleName>P.</middleName>
        <state>MA</state>
        <bioguideId>K000379</bioguideId>
        <sponsorshipDate>2017-05-02</sponsorshipDate>
        <identifiers>
          <lisID>2172</lisID>
          <bioguideId>K000379</bioguideId>
          <gpoId />
        </identifiers>
      </item>
      <item>
        <lastName>Kildee</lastName>
        <firstName>Daniel</firstName>
        <sponsorshipWithdrawnDate />
        <isOriginalCosponsor>True</isOriginalCosponsor>
        <district>5</district>
        <party>D</party>
        <fullName>Rep. Kildee, Daniel T. [D-MI-5]</fullName>
        <middleName>T.</middleName>
        <state>MI</state>
        <bioguideId>K000380</bioguideId>
        <sponsorshipDate>2017-05-02</sponsorshipDate>
        <identifiers>
          <bioguideId>K000380</bioguideId>
          <lisID>2134</lisID>
          <gpoId />
        </identifiers>
      </item>
      <item>
        <lastName>Kihuen</lastName>
        <firstName>Ruben</firstName>
        <sponsorshipWithdrawnDate />
        <isOriginalCosponsor>True</isOriginalCosponsor>
        <district>4</district>
        <party>D</party>
        <fullName>Rep. Kihuen, Ruben J. [D-NV-4]</fullName>
        <middleName>J.</middleName>
        <state>NV</state>
        <bioguideId>K000390</bioguideId>
        <sponsorshipDate>2017-05-02</sponsorshipDate>
        <identifiers>
          <lisID>2340</lisID>
          <bioguideId>K000390</bioguideId>
          <gpoId />
        </identifiers>
      </item>
      <item>
        <lastName>LANGEVIN</lastName>
        <firstName>JAMES</firstName>
        <sponsorshipWithdrawnDate />
        <isOriginalCosponsor>True</isOriginalCosponsor>
        <district>2</district>
        <party>D</party>
        <fullName>Rep. Langevin, James R. [D-RI-2]</fullName>
        <middleName>R.</middleName>
        <state>RI</state>
        <bioguideId>L000559</bioguideId>
        <sponsorshipDate>2017-05-02</sponsorshipDate>
        <identifiers>
          <lisID>1668</lisID>
          <bioguideId>L000559</bioguideId>
          <gpoId>8140</gpoId>
        </identifiers>
      </item>
      <item>
        <lastName>LARSON</lastName>
        <firstName>JOHN</firstName>
        <sponsorshipWithdrawnDate />
        <isOriginalCosponsor>True</isOriginalCosponsor>
        <district>1</district>
        <party>D</party>
        <fullName>Rep. Larson, John B. [D-CT-1]</fullName>
        <middleName>B.</middleName>
        <state>CT</state>
        <bioguideId>L000557</bioguideId>
        <sponsorshipDate>2017-05-02</sponsorshipDate>
        <identifiers>
          <lisID>1583</lisID>
          <bioguideId>L000557</bioguideId>
          <gpoId>7866</gpoId>
        </identifiers>
      </item>
      <item>
        <lastName>Loebsack</lastName>
        <firstName>David</firstName>
        <sponsorshipWithdrawnDate />
        <isOriginalCosponsor>True</isOriginalCosponsor>
        <district>2</district>
        <party>D</party>
        <fullName>Rep. Loebsack, David [D-IA-2]</fullName>
        <middleName />
        <state>IA</state>
        <bioguideId>L000565</bioguideId>
        <sponsorshipDate>2017-05-02</sponsorshipDate>
        <identifiers>
          <bioguideId>L000565</bioguideId>
          <lisID>1846</lisID>
          <gpoId>7915</gpoId>
        </identifiers>
      </item>
      <item>
        <lastName>Lowenthal</lastName>
        <firstName>Alan</firstName>
        <sponsorshipWithdrawnDate />
        <isOriginalCosponsor>True</isOriginalCosponsor>
        <district>47</district>
        <party>D</party>
        <fullName>Rep. Lowenthal, Alan S. [D-CA-47]</fullName>
        <middleName>S.</middleName>
        <state>CA</state>
        <bioguideId>L000579</bioguideId>
        <sponsorshipDate>2017-05-02</sponsorshipDate>
        <identifiers>
          <bioguideId>L000579</bioguideId>
          <gpoId />
          <lisID>2111</lisID>
        </identifiers>
      </item>
      <item>
        <lastName>Maloney</lastName>
        <firstName>Sean</firstName>
        <sponsorshipWithdrawnDate />
        <isOriginalCosponsor>True</isOriginalCosponsor>
        <district>18</district>
        <party>D</party>
        <fullName>Rep. Maloney, Sean Patrick [D-NY-18]</fullName>
        <middleName>Patrick</middleName>
        <state>NY</state>
        <bioguideId>M001185</bioguideId>
        <sponsorshipDate>2017-05-02</sponsorshipDate>
        <identifiers>
          <bioguideId>M001185</bioguideId>
          <gpoId />
          <lisID>2150</lisID>
        </identifiers>
      </item>
      <item>
        <lastName>MCGOVERN</lastName>
        <firstName>JAMES</firstName>
        <sponsorshipWithdrawnDate />
        <isOriginalCosponsor>True</isOriginalCosponsor>
        <district>2</district>
        <party>D</party>
        <fullName>Rep. McGovern, James P. [D-MA-2]</fullName>
        <middleName>P.</middleName>
        <state>MA</state>
        <bioguideId>M000312</bioguideId>
        <sponsorshipDate>2017-05-02</sponsorshipDate>
        <identifiers>
          <bioguideId>M000312</bioguideId>
          <lisID>1504</lisID>
          <gpoId>7968</gpoId>
        </identifiers>
      </item>
      <item>
        <lastName>McNerney</lastName>
        <firstName>Jerry</firstName>
        <sponsorshipWithdrawnDate />
        <isOriginalCosponsor>True</isOriginalCosponsor>
        <district>9</district>
        <party>D</party>
        <fullName>Rep. McNerney, Jerry [D-CA-9]</fullName>
        <middleName />
        <state>CA</state>
        <bioguideId>M001166</bioguideId>
        <sponsorshipDate>2017-05-02</sponsorshipDate>
        <identifiers>
          <lisID>1832</lisID>
          <gpoId>7816</gpoId>
          <bioguideId>M001166</bioguideId>
        </identifiers>
      </item>
      <item>
        <lastName>Mooney</lastName>
        <firstName>Alexander</firstName>
        <sponsorshipWithdrawnDate />
        <isOriginalCosponsor>True</isOriginalCosponsor>
        <district>2</district>
        <party>R</party>
        <fullName>Rep. Mooney, Alexander X. [R-WV-2]</fullName>
        <middleName>X.</middleName>
        <state>WV</state>
        <bioguideId>M001195</bioguideId>
        <sponsorshipDate>2017-05-02</sponsorshipDate>
        <identifiers>
          <lisID>2277</lisID>
          <gpoId />
          <bioguideId>M001195</bioguideId>
        </identifiers>
      </item>
      <item>
        <lastName>NEAL</lastName>
        <firstName>RICHARD</firstName>
        <sponsorshipWithdrawnDate />
        <isOriginalCosponsor>True</isOriginalCosponsor>
        <district>1</district>
        <party>D</party>
        <fullName>Rep. Neal, Richard E. [D-MA-1]</fullName>
        <middleName>E.</middleName>
        <state>MA</state>
        <bioguideId>N000015</bioguideId>
        <sponsorshipDate>2017-05-02</sponsorshipDate>
        <identifiers>
          <gpoId>7967</gpoId>
          <bioguideId>N000015</bioguideId>
          <lisID>854</lisID>
        </identifiers>
      </item>
      <item>
        <lastName>Newhouse</lastName>
        <firstName>Dan</firstName>
        <sponsorshipWithdrawnDate />
        <isOriginalCosponsor>True</isOriginalCosponsor>
        <district>4</district>
        <party>R</party>
        <fullName>Rep. Newhouse, Dan [R-WA-4]</fullName>
        <middleName />
        <state>WA</state>
        <bioguideId>N000189</bioguideId>
        <sponsorshipDate>2017-05-02</sponsorshipDate>
        <identifiers>
          <gpoId />
          <bioguideId>N000189</bioguideId>
          <lisID>2275</lisID>
        </identifiers>
      </item>
      <item>
        <lastName>NOLAN</lastName>
        <firstName>RICHARD</firstName>
        <sponsorshipWithdrawnDate />
        <isOriginalCosponsor>True</isOriginalCosponsor>
        <district>8</district>
        <party>D</party>
        <fullName>Rep. Nolan, Richard M. [D-MN-8]</fullName>
        <middleName />
        <state>MN</state>
        <bioguideId>N000127</bioguideId>
        <sponsorshipDate>2017-05-02</sponsorshipDate>
        <identifiers>
          <gpoId />
          <lisID>867</lisID>
          <bioguideId>N000127</bioguideId>
        </identifiers>
      </item>
      <item>
        <lastName>PASCRELL</lastName>
        <firstName>WILLIAM</firstName>
        <sponsorshipWithdrawnDate />
        <isOriginalCosponsor>True</isOriginalCosponsor>
        <district>9</district>
        <party>D</party>
        <fullName>Rep. Pascrell, Bill, Jr. [D-NJ-9]</fullName>
        <middleName>J.</middleName>
        <state>NJ</state>
        <bioguideId>P000096</bioguideId>
        <sponsorshipDate>2017-05-02</sponsorshipDate>
        <identifiers>
          <lisID>1510</lisID>
          <bioguideId>P000096</bioguideId>
          <gpoId>8050</gpoId>
        </identifiers>
      </item>
      <item>
        <lastName>Pingree</lastName>
        <firstName>Chellie</firstName>
        <sponsorshipWithdrawnDate />
        <isOriginalCosponsor>True</isOriginalCosponsor>
        <district>1</district>
        <party>D</party>
        <fullName>Rep. Pingree, Chellie [D-ME-1]</fullName>
        <middleName />
        <state>ME</state>
        <bioguideId>P000597</bioguideId>
        <sponsorshipDate>2017-05-02</sponsorshipDate>
        <identifiers>
          <lisID>1927</lisID>
          <bioguideId>P000597</bioguideId>
          <gpoId>7984</gpoId>
        </identifiers>
      </item>
      <item>
        <lastName>Quigley</lastName>
        <firstName>Mike</firstName>
        <sponsorshipWithdrawnDate />
        <isOriginalCosponsor>True</isOriginalCosponsor>
        <district>5</district>
        <party>D</party>
        <fullName>Rep. Quigley, Mike [D-IL-5]</fullName>
        <middleName />
        <state>IL</state>
        <bioguideId>Q000023</bioguideId>
        <sponsorshipDate>2017-05-02</sponsorshipDate>
        <identifiers>
          <gpoId>7925</gpoId>
          <lisID>1967</lisID>
          <bioguideId>Q000023</bioguideId>
        </identifiers>
      </item>
      <item>
        <lastName>Radewagen</lastName>
        <firstName>Aumua Amata</firstName>
        <sponsorshipWithdrawnDate />
        <isOriginalCosponsor>True</isOriginalCosponsor>
        <district>0</district>
        <party>R</party>
        <fullName>Rep. Radewagen, Aumua Amata Coleman [R-AS-At Large]</fullName>
        <middleName>Coleman</middleName>
        <state>AS</state>
        <bioguideId>R000600</bioguideId>
        <sponsorshipDate>2017-05-02</sponsorshipDate>
        <identifiers>
          <bioguideId>R000600</bioguideId>
          <gpoId />
          <lisID>2222</lisID>
        </identifiers>
      </item>
      <item>
        <lastName>Rice</lastName>
        <firstName>Kathleen</firstName>
        <sponsorshipWithdrawnDate />
        <isOriginalCosponsor>True</isOriginalCosponsor>
        <district>4</district>
        <party>D</party>
        <fullName>Rep. Rice, Kathleen M. [D-NY-4]</fullName>
        <middleName>M.</middleName>
        <state>NY</state>
        <bioguideId>R000602</bioguideId>
        <sponsorshipDate>2017-05-02</sponsorshipDate>
        <identifiers>
          <gpoId />
          <bioguideId>R000602</bioguideId>
          <lisID>2262</lisID>
        </identifiers>
      </item>
      <item>
        <lastName>RUSH</lastName>
        <firstName>BOBBY</firstName>
        <sponsorshipWithdrawnDate />
        <isOriginalCosponsor>True</isOriginalCosponsor>
        <district>1</district>
        <party>D</party>
        <fullName>Rep. Rush, Bobby L. [D-IL-1]</fullName>
        <middleName>L.</middleName>
        <state>IL</state>
        <bioguideId>R000515</bioguideId>
        <sponsorshipDate>2017-05-02</sponsorshipDate>
        <identifiers>
          <lisID>1003</lisID>
          <bioguideId>R000515</bioguideId>
          <gpoId>7921</gpoId>
        </identifiers>
      </item>
      <item>
        <lastName>RYAN</lastName>
        <firstName>TIM</firstName>
        <sponsorshipWithdrawnDate />
        <isOriginalCosponsor>True</isOriginalCosponsor>
        <district>13</district>
        <party>D</party>
        <fullName>Rep. Ryan, Tim [D-OH-13]</fullName>
        <middleName />
        <state>OH</state>
        <bioguideId>R000577</bioguideId>
        <sponsorshipDate>2017-05-02</sponsorshipDate>
        <identifiers>
          <lisID>1756</lisID>
          <gpoId>8107</gpoId>
          <bioguideId>R000577</bioguideId>
        </identifiers>
      </item>
      <item>
        <lastName>Schneider</lastName>
        <firstName>Bradley</firstName>
        <sponsorshipWithdrawnDate />
        <isOriginalCosponsor>True</isOriginalCosponsor>
        <district>10</district>
        <party>D</party>
        <fullName>Rep. Schneider, Bradley Scott [D-IL-10]</fullName>
        <middleName>Scott</middleName>
        <state>IL</state>
        <bioguideId>S001190</bioguideId>
        <sponsorshipDate>2017-05-02</sponsorshipDate>
        <identifiers>
          <bioguideId>S001190</bioguideId>
          <lisID>2124</lisID>
          <gpoId />
        </identifiers>
      </item>
      <item>
        <lastName>SERRANO</lastName>
        <firstName>JOSE</firstName>
        <sponsorshipWithdrawnDate />
        <isOriginalCosponsor>True</isOriginalCosponsor>
        <district>15</district>
        <party>D</party>
        <fullName>Rep. Serrano, Jose E. [D-NY-15]</fullName>
        <middleName>E.</middleName>
        <state>NY</state>
        <bioguideId>S000248</bioguideId>
        <sponsorshipDate>2017-05-02</sponsorshipDate>
        <identifiers>
          <lisID>1042</lisID>
          <bioguideId>S000248</bioguideId>
          <gpoId>8077</gpoId>
        </identifiers>
      </item>
      <item>
        <lastName>Shea-Porter</lastName>
        <firstName>Carol</firstName>
        <sponsorshipWithdrawnDate />
        <isOriginalCosponsor>True</isOriginalCosponsor>
        <district>1</district>
        <party>D</party>
        <fullName>Rep. Shea-Porter, Carol [D-NH-1]</fullName>
        <middleName />
        <state>NH</state>
        <bioguideId>S001170</bioguideId>
        <sponsorshipDate>2017-05-02</sponsorshipDate>
        <identifiers>
          <lisID>1861</lisID>
          <bioguideId>S001170</bioguideId>
          <gpoId>7528</gpoId>
        </identifiers>
      </item>
      <item>
        <lastName>Sires</lastName>
        <firstName>Albio</firstName>
        <sponsorshipWithdrawnDate />
        <isOriginalCosponsor>True</isOriginalCosponsor>
        <district>8</district>
        <party>D</party>
        <fullName>Rep. Sires, Albio [D-NJ-8]</fullName>
        <middleName />
        <state>NJ</state>
        <bioguideId>S001165</bioguideId>
        <sponsorshipDate>2017-05-02</sponsorshipDate>
        <identifiers>
          <bioguideId>S001165</bioguideId>
          <lisID>1818</lisID>
          <gpoId>8055</gpoId>
        </identifiers>
      </item>
      <item>
        <lastName>SESSIONS</lastName>
        <firstName>PETE</firstName>
        <sponsorshipWithdrawnDate />
        <isOriginalCosponsor>True</isOriginalCosponsor>
        <district>32</district>
        <party>R</party>
        <fullName>Rep. Sessions, Pete [R-TX-32]</fullName>
        <middleName />
        <state>TX</state>
        <bioguideId>S000250</bioguideId>
        <sponsorshipDate>2017-05-02</sponsorshipDate>
        <identifiers>
          <lisID>1525</lisID>
          <gpoId>8188</gpoId>
          <bioguideId>S000250</bioguideId>
        </identifiers>
      </item>
      <item>
        <lastName>Swalwell</lastName>
        <firstName>Eric</firstName>
        <sponsorshipWithdrawnDate />
        <isOriginalCosponsor>True</isOriginalCosponsor>
        <district>15</district>
        <party>D</party>
        <fullName>Rep. Swalwell, Eric [D-CA-15]</fullName>
        <middleName />
        <state>CA</state>
        <bioguideId>S001193</bioguideId>
        <sponsorshipDate>2017-05-02</sponsorshipDate>
        <identifiers>
          <bioguideId>S001193</bioguideId>
          <lisID>2104</lisID>
          <gpoId />
        </identifiers>
      </item>
      <item>
        <lastName>THOMPSON</lastName>
        <firstName>MIKE</firstName>
        <sponsorshipWithdrawnDate />
        <isOriginalCosponsor>True</isOriginalCosponsor>
        <district>5</district>
        <party>D</party>
        <fullName>Rep. Thompson, Mike [D-CA-5]</fullName>
        <middleName />
        <state>CA</state>
        <bioguideId>T000460</bioguideId>
        <sponsorshipDate>2017-05-02</sponsorshipDate>
        <identifiers>
          <bioguideId>T000460</bioguideId>
          <lisID>1593</lisID>
          <gpoId>7806</gpoId>
        </identifiers>
      </item>
      <item>
        <lastName>Vargas</lastName>
        <firstName>Juan</firstName>
        <sponsorshipWithdrawnDate />
        <isOriginalCosponsor>True</isOriginalCosponsor>
        <district>51</district>
        <party>D</party>
        <fullName>Rep. Vargas, Juan [D-CA-51]</fullName>
        <middleName />
        <state>CA</state>
        <bioguideId>V000130</bioguideId>
        <sponsorshipDate>2017-05-02</sponsorshipDate>
        <identifiers>
          <bioguideId>V000130</bioguideId>
          <lisID>2112</lisID>
          <gpoId />
        </identifiers>
      </item>
      <item>
        <lastName>Vela</lastName>
        <firstName>Filemon</firstName>
        <sponsorshipWithdrawnDate />
        <isOriginalCosponsor>True</isOriginalCosponsor>
        <district>34</district>
        <party>D</party>
        <fullName>Rep. Vela, Filemon [D-TX-34]</fullName>
        <middleName />
        <state>TX</state>
        <bioguideId>V000132</bioguideId>
        <sponsorshipDate>2017-05-02</sponsorshipDate>
        <identifiers>
          <lisID>2167</lisID>
          <gpoId />
          <bioguideId>V000132</bioguideId>
        </identifiers>
      </item>
      <item>
        <lastName>Wenstrup</lastName>
        <firstName>Brad</firstName>
        <sponsorshipWithdrawnDate />
        <isOriginalCosponsor>True</isOriginalCosponsor>
        <district>2</district>
        <party>R</party>
        <fullName>Rep. Wenstrup, Brad R. [R-OH-2]</fullName>
        <middleName>R.</middleName>
        <state>OH</state>
        <bioguideId>W000815</bioguideId>
        <sponsorshipDate>2017-05-02</sponsorshipDate>
        <identifiers>
          <lisID>2152</lisID>
          <gpoId />
          <bioguideId>W000815</bioguideId>
        </identifiers>
      </item>
      <item>
        <lastName>Krishnamoorthi</lastName>
        <firstName>Raja</firstName>
        <sponsorshipWithdrawnDate />
        <isOriginalCosponsor>False</isOriginalCosponsor>
        <district>8</district>
        <party>D</party>
        <fullName>Rep. Krishnamoorthi, Raja [D-IL-8]</fullName>
        <middleName />
        <state>IL</state>
        <bioguideId>K000391</bioguideId>
        <sponsorshipDate>2017-09-28</sponsorshipDate>
        <identifiers>
          <lisID>2325</lisID>
          <gpoId />
          <bioguideId>K000391</bioguideId>
        </identifiers>
      </item>
      <item>
        <lastName>Gottheimer</lastName>
        <firstName>Josh</firstName>
        <sponsorshipWithdrawnDate />
        <isOriginalCosponsor>False</isOriginalCosponsor>
        <district>5</district>
        <party>D</party>
        <fullName>Rep. Gottheimer, Josh [D-NJ-5]</fullName>
        <middleName />
        <state>NJ</state>
        <bioguideId>G000583</bioguideId>
        <sponsorshipDate>2017-10-10</sponsorshipDate>
        <identifiers>
          <bioguideId>G000583</bioguideId>
          <gpoId />
          <lisID>2338</lisID>
        </identifiers>
      </item>
      <item>
        <lastName>Hanabusa</lastName>
        <firstName>Colleen</firstName>
        <sponsorshipWithdrawnDate />
        <isOriginalCosponsor>False</isOriginalCosponsor>
        <district>1</district>
        <party>D</party>
        <fullName>Rep. Hanabusa, Colleen [D-HI-1]</fullName>
        <middleName />
        <state>HI</state>
        <bioguideId>H001050</bioguideId>
        <sponsorshipDate>2017-11-30</sponsorshipDate>
        <identifiers>
          <bioguideId>H001050</bioguideId>
          <lisID>2010</lisID>
          <gpoId>7912</gpoId>
        </identifiers>
      </item>
    </cosponsors>
    <subjects>
      <billSubjects>
        <policyArea>
          <name>Armed Forces and National Security</name>
        </policyArea>
        <legislativeSubjects>
          <item>
            <name>Asia</name>
          </item>
          <item>
            <name>Cemeteries and funerals</name>
          </item>
          <item>
            <name>Conflicts and wars</name>
          </item>
          <item>
            <name>Military history</name>
          </item>
          <item>
            <name>Military personnel and dependents</name>
          </item>
          <item>
            <name>North Korea</name>
          </item>
          <item>
            <name>South Korea</name>
          </item>
          <item>
            <name>Veterans' organizations and recognition</name>
          </item>
          <item>
            <name>Virginia</name>
          </item>
        </legislativeSubjects>
      </billSubjects>
    </subjects>
    <constitutionalAuthorityStatementText />
    <laws />
    <actions>
      <item>
        <actionDate>2017-05-23</actionDate>
        <committee>
          <systemCode>hsas02</systemCode>
          <name>Military Personnel Subcommittee</name>
        </committee>
        <links />
        <sourceSystem>
          <name>House committee actions</name>
          <code>1</code>
        </sourceSystem>
        <text>Referred to the Subcommittee on Military Personnel.</text>
        <type>Committee</type>
      </item>
      <item>
        <actionDate>2017-05-02</actionDate>
        <committee>
          <systemCode>hsvr09</systemCode>
          <name>Disability Assistance and Memorial Affairs Subcommittee</name>
        </committee>
        <links />
        <sourceSystem>
          <name>House committee actions</name>
          <code>1</code>
        </sourceSystem>
        <text>Referred to the Subcommittee on Disability Assistance and Memorial Affairs.</text>
        <type>Committee</type>
      </item>
      <item>
        <sourceSystem>
          <name>House floor actions</name>
          <code>2</code>
        </sourceSystem>
        <actionDate>2017-05-02</actionDate>
        <links />
        <text>Referred to the Committee on Veterans' Affairs, and in addition to the Committee on Armed Services, for a period to be subsequently determined by the Speaker, in each case for consideration of such provisions as fall within the jurisdiction of the committee concerned.</text>
        <committee>
          <systemCode>hsas00</systemCode>
          <name>Armed Services Committee</name>
        </committee>
        <actionCode>H11100</actionCode>
        <type>IntroReferral</type>
      </item>
      <item>
        <sourceSystem>
          <name>House floor actions</name>
          <code>2</code>
        </sourceSystem>
        <actionDate>2017-05-02</actionDate>
        <links />
        <text>Referred to the Committee on Veterans' Affairs, and in addition to the Committee on Armed Services, for a period to be subsequently determined by the Speaker, in each case for consideration of such provisions as fall within the jurisdiction of the committee concerned.</text>
        <committee>
          <systemCode>hsvr00</systemCode>
          <name>Veterans' Affairs Committee</name>
        </committee>
        <actionCode>H11100</actionCode>
        <type>IntroReferral</type>
      </item>
      <item>
        <sourceSystem>
          <name>Library of Congress</name>
          <code>9</code>
        </sourceSystem>
        <actionDate>2017-05-02</actionDate>
        <links />
        <text>Referred to the Committee on Veterans' Affairs, and in addition to the Committee on Armed Services, for a period to be subsequently determined by the Speaker, in each case for consideration of such provisions as fall within the jurisdiction of the committee concerned.</text>
        <committee />
        <actionCode>H11100-A</actionCode>
        <type>IntroReferral</type>
      </item>
      <item>
        <sourceSystem>
          <name>Library of Congress</name>
          <code>9</code>
        </sourceSystem>
        <actionDate>2017-05-02</actionDate>
        <links />
        <text>Introduced in House</text>
        <committee />
        <actionCode>Intro-H</actionCode>
        <type>IntroReferral</type>
      </item>
      <item>
        <sourceSystem>
          <name>Library of Congress</name>
          <code>9</code>
        </sourceSystem>
        <actionDate>2017-05-02</actionDate>
        <links />
        <text>Introduced in House</text>
        <committee />
        <actionCode>1000</actionCode>
        <type>IntroReferral</type>
      </item>
      <actionByCounts>
        <houseOfRepresentatives>7</houseOfRepresentatives>
      </actionByCounts>
      <actionTypeCounts>
        <billReferrals>2</billReferrals>
        <billReferralsAggregate>1</billReferralsAggregate>
        <introducedInHouse>1</introducedInHouse>
        <introducedInTheHouse>1</introducedInTheHouse>
        <placeholderTextForH>2</placeholderTextForH>
      </actionTypeCounts>
    </actions>
    <titles>
      <item>
        <chamberCode />
        <chamberName />
        <parentTitleType />
        <titleType>Official Title as Introduced</titleType>
        <title>Expressing the sense of Congress that an appropriate site in the Memorial Amphitheater in Arlington National Cemetery should be provided for a memorial marker to honor the memory of those who have been awarded or are eligible for the Korean Defense Service Medal who are missing in action, are unaccounted for, or died in-theater.</title>
      </item>
      <item>
        <chamberCode />
        <chamberName />
        <parentTitleType />
        <titleType>Display Title</titleType>
        <title>Expressing the sense of Congress that an appropriate site in the Memorial Amphitheater in Arlington National Cemetery should be provided for a memorial marker to honor the memory of those who have been awarded or are eligible for the Korean Defense Service Medal who are missing in action, are unaccounted for, or died in-theater.</title>
      </item>
    </titles>
    <summaries>
      <billSummaries>
        <item>
          <text><![CDATA[<p>Expresses the sense of Congress that an appropriate site in the Memorial Amphitheater in Arlington National Cemetery should be provided for a memorial marker (to be paid for with private funds) to honor the memory of those who have been awarded or are eligible for the Korean Defense Service Medal who are missing in action or unaccounted for, or who died in-theater, if the Secretary of the Army has exclusive authority to approve the site and design of the marker.</p>]]></text>
          <actionDate>2017-05-02</actionDate>
          <updateDate>2017-05-02T04:00:00Z</updateDate>
          <lastSummaryUpdateDate>2017-05-20T13:31:02Z</lastSummaryUpdateDate>
          <name>Introduced in House</name>
          <actionDesc>Introduced in House</actionDesc>
          <versionCode>00</versionCode>
        </item>
      </billSummaries>
    </summaries>
    <committees>
      <billCommittees>
        <item>
          <type>Standing</type>
          <systemCode>hsas00</systemCode>
          <subcommittees>
            <item>
              <activities>
                <item>
                  <date>2017-05-23T16:23:08Z</date>
                  <name>Referred to</name>
                </item>
              </activities>
              <systemCode>hsas02</systemCode>
              <name>Military Personnel Subcommittee</name>
            </item>
          </subcommittees>
          <activities>
            <item>
              <date>2017-05-02T14:01:50Z</date>
              <name>Referred to</name>
            </item>
          </activities>
          <chamber>House</chamber>
          <name>Armed Services Committee</name>
        </item>
        <item>
          <type>Standing</type>
          <systemCode>hsvr00</systemCode>
          <subcommittees>
            <item>
              <activities>
                <item>
                  <date>2017-05-02T17:00:04Z</date>
                  <name>Referred to</name>
                </item>
              </activities>
              <systemCode>hsvr09</systemCode>
              <name>Disability Assistance and Memorial Affairs Subcommittee</name>
            </item>
          </subcommittees>
          <activities>
            <item>
              <date>2017-05-02T14:01:45Z</date>
              <name>Referred to</name>
            </item>
          </activities>
          <chamber>House</chamber>
          <name>Veterans' Affairs Committee</name>
        </item>
      </billCommittees>
    </committees>
    <introducedDate>2017-05-02</introducedDate>
    <updateDate>2018-02-06T16:39:22Z</updateDate>
    <cboCostEstimates />
    <recordedVotes />
    <billType>HCONRES</billType>
    <createDate>2017-05-03T03:11:39Z</createDate>
    <latestAction>
      <text>Referred to the Subcommittee on Military Personnel.</text>
      <links />
      <actionDate>2017-05-23</actionDate>
    </latestAction>
  </bill>
  <dublinCore xmlns:dc="http://purl.org/dc/elements/1.1/">
    <dc:format>text/xml</dc:format>
    <dc:language>EN</dc:language>
    <dc:rights>Pursuant to Title 17 Section 105 of the United States Code, this file is not subject to copyright protection and is in the public domain.</dc:rights>
    <dc:contributor>Congressional Research Service, Library of Congress</dc:contributor>
    <dc:description>This file contains bill summaries and statuses for federal legislation. A bill summary describes the most significant provisions of a piece of legislation and details the effects the legislative text may have on current law and federal programs. Bill summaries are authored by the Congressional Research Service (CRS) of the Library of Congress. As stated in Public Law 91-510 (2 USC 166 (d)(6)), one of the duties of CRS is "to prepare summaries and digests of bills and resolutions of a public general nature introduced in the Senate or House of Representatives". For more information, refer to the User Guide that accompanies this file.</dc:description>
  </dublinCore>
</billStatus>

