<?xml version="1.0" encoding="UTF-8"?>
<billStatus>
  <bill>
    <laws />
    <calendarNumbers />
    <committees>
      <billCommittees>
        <item>
          <activities>
            <item>
              <name>Referred to</name>
              <date>2017-02-01T15:00:53Z</date>
            </item>
          </activities>
          <type>Standing</type>
          <subcommittees />
          <systemCode>hsgo00</systemCode>
          <name>Oversight and Government Reform Committee</name>
          <chamber>House</chamber>
        </item>
      </billCommittees>
    </committees>
    <cosponsors>
      <item>
        <identifiers>
          <bioguideId>B001251</bioguideId>
          <lisID>1761</lisID>
          <gpoId>8024</gpoId>
        </identifiers>
        <firstName>G. K.</firstName>
        <middleName />
        <isOriginalCosponsor>True</isOriginalCosponsor>
        <fullName>Rep. Butterfield, G. K. [D-NC-1]</fullName>
        <bioguideId>B001251</bioguideId>
        <sponsorshipWithdrawnDate />
        <sponsorshipDate>2017-02-01</sponsorshipDate>
        <lastName>Butterfield</lastName>
        <district>1</district>
        <state>NC</state>
        <party>D</party>
      </item>
      <item>
        <identifiers>
          <gpoId>7871</gpoId>
          <lisID>868</lisID>
          <bioguideId>N000147</bioguideId>
        </identifiers>
        <firstName>ELEANOR</firstName>
        <middleName>HOLMES</middleName>
        <isOriginalCosponsor>True</isOriginalCosponsor>
        <fullName>Rep. Norton, Eleanor Holmes [D-DC-At Large]</fullName>
        <bioguideId>N000147</bioguideId>
        <sponsorshipWithdrawnDate />
        <sponsorshipDate>2017-02-01</sponsorshipDate>
        <lastName>NORTON</lastName>
        <district>0</district>
        <state>DC</state>
        <party>D</party>
      </item>
      <item>
        <identifiers>
          <gpoId>7804</gpoId>
          <bioguideId>G000551</bioguideId>
          <lisID>1708</lisID>
        </identifiers>
        <firstName>Raul</firstName>
        <middleName>M.</middleName>
        <isOriginalCosponsor>True</isOriginalCosponsor>
        <fullName>Rep. Grijalva, Raul M. [D-AZ-3]</fullName>
        <bioguideId>G000551</bioguideId>
        <sponsorshipWithdrawnDate />
        <sponsorshipDate>2017-02-01</sponsorshipDate>
        <lastName>Grijalva</lastName>
        <district>3</district>
        <state>AZ</state>
        <party>D</party>
      </item>
      <item>
        <identifiers>
          <lisID>229</lisID>
          <gpoId>7999</gpoId>
          <bioguideId>C000714</bioguideId>
        </identifiers>
        <firstName>JOHN</firstName>
        <middleName />
        <isOriginalCosponsor>True</isOriginalCosponsor>
        <fullName>Rep. Conyers, John, Jr. [D-MI-13]</fullName>
        <bioguideId>C000714</bioguideId>
        <sponsorshipWithdrawnDate />
        <sponsorshipDate>2017-02-01</sponsorshipDate>
        <lastName>CONYERS</lastName>
        <district>13</district>
        <state>MI</state>
        <party>D</party>
      </item>
      <item>
        <identifiers>
          <gpoId>8067</gpoId>
          <bioguideId>M001137</bioguideId>
          <lisID>1506</lisID>
        </identifiers>
        <firstName>GREGORY</firstName>
        <middleName>W.</middleName>
        <isOriginalCosponsor>True</isOriginalCosponsor>
        <fullName>Rep. Meeks, Gregory W. [D-NY-5]</fullName>
        <bioguideId>M001137</bioguideId>
        <sponsorshipWithdrawnDate />
        <sponsorshipDate>2017-02-01</sponsorshipDate>
        <lastName>MEEKS</lastName>
        <district>5</district>
        <state>NY</state>
        <party>D</party>
      </item>
      <item>
        <identifiers>
          <lisID>1811</lisID>
          <gpoId>8217</gpoId>
          <bioguideId>M001160</bioguideId>
        </identifiers>
        <firstName>Gwen</firstName>
        <middleName />
        <isOriginalCosponsor>True</isOriginalCosponsor>
        <fullName>Rep. Moore, Gwen [D-WI-4]</fullName>
        <bioguideId>M001160</bioguideId>
        <sponsorshipWithdrawnDate />
        <sponsorshipDate>2017-02-01</sponsorshipDate>
        <lastName>Moore</lastName>
        <district>4</district>
        <state>WI</state>
        <party>D</party>
      </item>
      <item>
        <identifiers>
          <lisID>1790</lisID>
          <gpoId>8013</gpoId>
          <bioguideId>C001061</bioguideId>
        </identifiers>
        <firstName>Emanuel</firstName>
        <middleName />
        <isOriginalCosponsor>True</isOriginalCosponsor>
        <fullName>Rep. Cleaver, Emanuel [D-MO-5]</fullName>
        <bioguideId>C001061</bioguideId>
        <sponsorshipWithdrawnDate />
        <sponsorshipDate>2017-02-01</sponsorshipDate>
        <lastName>Cleaver</lastName>
        <district>5</district>
        <state>MO</state>
        <party>D</party>
      </item>
      <item>
        <identifiers>
          <lisID>688</lisID>
          <gpoId>7902</gpoId>
          <bioguideId>L000287</bioguideId>
        </identifiers>
        <firstName>JOHN</firstName>
        <middleName />
        <isOriginalCosponsor>True</isOriginalCosponsor>
        <fullName>Rep. Lewis, John [D-GA-5]</fullName>
        <bioguideId>L000287</bioguideId>
        <sponsorshipWithdrawnDate />
        <sponsorshipDate>2017-02-01</sponsorshipDate>
        <lastName>LEWIS</lastName>
        <district>5</district>
        <state>GA</state>
        <party>D</party>
      </item>
      <item>
        <identifiers>
          <lisID>1803</lisID>
          <gpoId>8165</gpoId>
          <bioguideId>G000553</bioguideId>
        </identifiers>
        <firstName>Al</firstName>
        <middleName />
        <isOriginalCosponsor>True</isOriginalCosponsor>
        <fullName>Rep. Green, Al [D-TX-9]</fullName>
        <bioguideId>G000553</bioguideId>
        <sponsorshipWithdrawnDate />
        <sponsorshipDate>2017-02-01</sponsorshipDate>
        <lastName>Green</lastName>
        <district>9</district>
        <state>TX</state>
        <party>D</party>
      </item>
      <item>
        <identifiers>
          <lisID>1654</lisID>
          <gpoId>8009</gpoId>
          <bioguideId>C001049</bioguideId>
        </identifiers>
        <firstName>WM.</firstName>
        <middleName>LACY</middleName>
        <isOriginalCosponsor>True</isOriginalCosponsor>
        <fullName>Rep. Clay, Wm. Lacy [D-MO-1]</fullName>
        <bioguideId>C001049</bioguideId>
        <sponsorshipWithdrawnDate />
        <sponsorshipDate>2017-02-01</sponsorshipDate>
        <lastName>CLAY</lastName>
        <district>1</district>
        <state>MO</state>
        <party>D</party>
      </item>
      <item>
        <identifiers>
          <lisID>1756</lisID>
          <gpoId>8107</gpoId>
          <bioguideId>R000577</bioguideId>
        </identifiers>
        <firstName>TIM</firstName>
        <middleName />
        <isOriginalCosponsor>True</isOriginalCosponsor>
        <fullName>Rep. Ryan, Tim [D-OH-13]</fullName>
        <bioguideId>R000577</bioguideId>
        <sponsorshipWithdrawnDate />
        <sponsorshipDate>2017-02-01</sponsorshipDate>
        <lastName>RYAN</lastName>
        <district>13</district>
        <state>OH</state>
        <party>D</party>
      </item>
      <item>
        <identifiers>
          <lisID>1895</lisID>
          <gpoId>8101</gpoId>
          <bioguideId>F000455</bioguideId>
        </identifiers>
        <firstName>Marcia</firstName>
        <middleName>L.</middleName>
        <isOriginalCosponsor>False</isOriginalCosponsor>
        <fullName>Rep. Fudge, Marcia L. [D-OH-11]</fullName>
        <bioguideId>F000455</bioguideId>
        <sponsorshipWithdrawnDate />
        <sponsorshipDate>2017-02-02</sponsorshipDate>
        <lastName>Fudge</lastName>
        <district>11</district>
        <state>OH</state>
        <party>D</party>
      </item>
      <item>
        <identifiers>
          <gpoId />
          <bioguideId>L000581</bioguideId>
          <lisID>2252</lisID>
        </identifiers>
        <firstName>Brenda</firstName>
        <middleName>L.</middleName>
        <isOriginalCosponsor>False</isOriginalCosponsor>
        <fullName>Rep. Lawrence, Brenda L. [D-MI-14]</fullName>
        <bioguideId>L000581</bioguideId>
        <sponsorshipWithdrawnDate />
        <sponsorshipDate>2017-02-16</sponsorshipDate>
        <lastName>Lawrence</lastName>
        <district>14</district>
        <state>MI</state>
        <party>D</party>
      </item>
      <item>
        <identifiers>
          <lisID>588</lisID>
          <gpoId>8174</gpoId>
          <bioguideId>J000032</bioguideId>
        </identifiers>
        <firstName>SHEILA</firstName>
        <middleName />
        <isOriginalCosponsor>False</isOriginalCosponsor>
        <fullName>Rep. Jackson Lee, Sheila [D-TX-18]</fullName>
        <bioguideId>J000032</bioguideId>
        <sponsorshipWithdrawnDate />
        <sponsorshipDate>2017-03-06</sponsorshipDate>
        <lastName>JACKSON LEE</lastName>
        <district>18</district>
        <state>TX</state>
        <party>D</party>
      </item>
      <item>
        <identifiers>
          <bioguideId>L000551</bioguideId>
          <lisID>1501</lisID>
          <gpoId>7814</gpoId>
        </identifiers>
        <firstName>BARBARA</firstName>
        <middleName />
        <isOriginalCosponsor>False</isOriginalCosponsor>
        <fullName>Rep. Lee, Barbara [D-CA-13]</fullName>
        <bioguideId>L000551</bioguideId>
        <sponsorshipWithdrawnDate />
        <sponsorshipDate>2018-02-13</sponsorshipDate>
        <lastName>LEE</lastName>
        <district>13</district>
        <state>CA</state>
        <party>D</party>
      </item>
      <item>
        <identifiers>
          <lisID>1528</lisID>
          <gpoId>8213</gpoId>
          <bioguideId>S000510</bioguideId>
        </identifiers>
        <firstName>ADAM</firstName>
        <middleName />
        <isOriginalCosponsor>False</isOriginalCosponsor>
        <fullName>Rep. Smith, Adam [D-WA-9]</fullName>
        <bioguideId>S000510</bioguideId>
        <sponsorshipWithdrawnDate />
        <sponsorshipDate>2018-02-13</sponsorshipDate>
        <lastName>SMITH</lastName>
        <district>9</district>
        <state>WA</state>
        <party>D</party>
      </item>
    </cosponsors>
    <version>1.0.0</version>
    <actions>
      <item>
        <sourceSystem>
          <code>2</code>
          <name>House floor actions</name>
        </sourceSystem>
        <actionCode>H11100</actionCode>
        <links />
        <actionDate>2017-02-01</actionDate>
        <type>IntroReferral</type>
        <text>Referred to the House Committee on Oversight and Government Reform.</text>
        <committee>
          <name>Oversight and Government Reform Committee</name>
          <systemCode>hsgo00</systemCode>
        </committee>
      </item>
      <item>
        <sourceSystem>
          <code>9</code>
          <name>Library of Congress</name>
        </sourceSystem>
        <actionCode>Intro-H</actionCode>
        <links />
        <actionDate>2017-02-01</actionDate>
        <type>IntroReferral</type>
        <text>Introduced in House</text>
        <committee />
      </item>
      <item>
        <sourceSystem>
          <code>9</code>
          <name>Library of Congress</name>
        </sourceSystem>
        <actionCode>1000</actionCode>
        <links />
        <actionDate>2017-02-01</actionDate>
        <type>IntroReferral</type>
        <text>Introduced in House</text>
        <committee />
      </item>
      <actionTypeCounts>
        <introducedInTheHouse>1</introducedInTheHouse>
        <billReferrals>1</billReferrals>
        <introducedInHouse>1</introducedInHouse>
      </actionTypeCounts>
      <actionByCounts>
        <houseOfRepresentatives>3</houseOfRepresentatives>
      </actionByCounts>
    </actions>
    <amendments />
    <createDate>2017-02-02T05:28:42Z</createDate>
    <billType>HCONRES</billType>
    <summaries>
      <billSummaries>
        <item>
          <lastSummaryUpdateDate>2017-02-10T16:05:53Z</lastSummaryUpdateDate>
          <actionDate>2017-02-01</actionDate>
          <versionCode>00</versionCode>
          <name>Introduced in House</name>
          <actionDesc>Introduced in House</actionDesc>
          <updateDate>2017-02-01T05:00:00Z</updateDate>
          <text><![CDATA[<p>Calls for the Citizens' Stamp Advisory Committee to recommend that the Postmaster General issue a commemorative postage stamp honoring the Buffalo Soldiers. </p> <UL> </UL>]]></text>
        </item>
      </billSummaries>
    </summaries>
    <titles>
      <item>
        <titleType>Official Title as Introduced</titleType>
        <title>Expressing the sense of Congress that a commemorative postage stamp should be issued in honor of the Buffalo Soldiers.</title>
        <chamberCode />
        <parentTitleType />
        <chamberName />
      </item>
      <item>
        <titleType>Display Title</titleType>
        <title>Expressing the sense of Congress that a commemorative postage stamp should be issued in honor of the Buffalo Soldiers.</title>
        <chamberCode />
        <parentTitleType />
        <chamberName />
      </item>
    </titles>
    <introducedDate>2017-02-01</introducedDate>
    <title>Expressing the sense of Congress that a commemorative postage stamp should be issued in honor of the Buffalo Soldiers.</title>
    <congress>115</congress>
    <subjects>
      <billSubjects>
        <legislativeSubjects>
          <item>
            <name>Military history</name>
          </item>
          <item>
            <name>Military personnel and dependents</name>
          </item>
          <item>
            <name>Postal service</name>
          </item>
          <item>
            <name>Racial and ethnic relations</name>
          </item>
          <item>
            <name>Veterans' organizations and recognition</name>
          </item>
        </legislativeSubjects>
        <policyArea>
          <name>Armed Forces and National Security</name>
        </policyArea>
      </billSubjects>
    </subjects>
    <cboCostEstimates />
    <notes />
    <policyArea>
      <name>Armed Forces and National Security</name>
    </policyArea>
    <constitutionalAuthorityStatementText />
    <latestAction>
      <text>Referred to the House Committee on Oversight and Government Reform.</text>
      <links />
      <actionDate>2017-02-01</actionDate>
    </latestAction>
    <billNumber>16</billNumber>
    <relatedBills />
    <originChamber>House</originChamber>
    <updateDate>2018-02-16T18:00:25Z</updateDate>
    <committeeReports />
    <recordedVotes />
    <sponsors>
      <item>
        <state>OH</state>
        <byRequestType />
        <fullName>Rep. Beatty, Joyce [D-OH-3]</fullName>
        <bioguideId>B001281</bioguideId>
        <party>D</party>
        <middleName />
        <firstName>Joyce</firstName>
        <identifiers>
          <gpoId />
          <bioguideId>B001281</bioguideId>
          <lisID>2153</lisID>
        </identifiers>
        <district>3</district>
        <lastName>Beatty</lastName>
      </item>
    </sponsors>
  </bill>
  <dublinCore xmlns:dc="http://purl.org/dc/elements/1.1/">
    <dc:format>text/xml</dc:format>
    <dc:language>EN</dc:language>
    <dc:rights>Pursuant to Title 17 Section 105 of the United States Code, this file is not subject to copyright protection and is in the public domain.</dc:rights>
    <dc:contributor>Congressional Research Service, Library of Congress</dc:contributor>
    <dc:description>This file contains bill summaries and statuses for federal legislation. A bill summary describes the most significant provisions of a piece of legislation and details the effects the legislative text may have on current law and federal programs. Bill summaries are authored by the Congressional Research Service (CRS) of the Library of Congress. As stated in Public Law 91-510 (2 USC 166 (d)(6)), one of the duties of CRS is "to prepare summaries and digests of bills and resolutions of a public general nature introduced in the Senate or House of Representatives". For more information, refer to the User Guide that accompanies this file.</dc:description>
  </dublinCore>
</billStatus>

