<?xml version="1.0" encoding="UTF-8"?>
<billStatus>
  <bill>
    <amendments />
    <title>Authorizing Reverend Billy Graham to lie in honor in the rotunda of the Capitol.</title>
    <sponsors>
      <item>
        <fullName>Rep. McHenry, Patrick T. [R-NC-10]</fullName>
        <middleName />
        <firstName>Patrick</firstName>
        <bioguideId>M001156</bioguideId>
        <party>R</party>
        <district>10</district>
        <state>NC</state>
        <lastName>McHenry</lastName>
        <identifiers>
          <lisID>1792</lisID>
          <gpoId>8033</gpoId>
          <bioguideId>M001156</bioguideId>
        </identifiers>
        <byRequestType />
      </item>
    </sponsors>
    <cboCostEstimates />
    <laws />
    <version>1.0.0</version>
    <createDate>2018-02-24T08:10:56Z</createDate>
    <subjects>
      <billSubjects>
        <policyArea>
          <name>Congress</name>
        </policyArea>
        <legislativeSubjects>
          <item>
            <name>Cemeteries and funerals</name>
          </item>
          <item>
            <name>Commemorative events and holidays</name>
          </item>
          <item>
            <name>Congressional tributes</name>
          </item>
          <item>
            <name>Religion</name>
          </item>
          <item>
            <name>U.S. Capitol</name>
          </item>
        </legislativeSubjects>
      </billSubjects>
    </subjects>
    <cosponsors>
      <item>
        <district>9</district>
        <sponsorshipDate>2018-02-23</sponsorshipDate>
        <middleName />
        <state>NC</state>
        <bioguideId>P000606</bioguideId>
        <identifiers>
          <bioguideId>P000606</bioguideId>
          <lisID>2141</lisID>
          <gpoId />
        </identifiers>
        <lastName>Pittenger</lastName>
        <fullName>Rep. Pittenger, Robert [R-NC-9]</fullName>
        <isOriginalCosponsor>True</isOriginalCosponsor>
        <firstName>Robert</firstName>
        <party>R</party>
        <sponsorshipWithdrawnDate />
      </item>
      <item>
        <district>8</district>
        <sponsorshipDate>2018-02-23</sponsorshipDate>
        <middleName />
        <state>NC</state>
        <bioguideId>H001067</bioguideId>
        <identifiers>
          <gpoId />
          <lisID>2140</lisID>
          <bioguideId>H001067</bioguideId>
        </identifiers>
        <lastName>Hudson</lastName>
        <fullName>Rep. Hudson, Richard [R-NC-8]</fullName>
        <isOriginalCosponsor>True</isOriginalCosponsor>
        <firstName>Richard</firstName>
        <party>R</party>
        <sponsorshipWithdrawnDate />
      </item>
      <item>
        <district>13</district>
        <sponsorshipDate>2018-02-23</sponsorshipDate>
        <middleName />
        <state>NC</state>
        <bioguideId>B001305</bioguideId>
        <identifiers>
          <lisID>2336</lisID>
          <bioguideId>B001305</bioguideId>
          <gpoId />
        </identifiers>
        <lastName>Budd</lastName>
        <fullName>Rep. Budd, Ted [R-NC-13]</fullName>
        <isOriginalCosponsor>True</isOriginalCosponsor>
        <firstName>Ted</firstName>
        <party>R</party>
        <sponsorshipWithdrawnDate />
      </item>
      <item>
        <district>7</district>
        <sponsorshipDate>2018-02-23</sponsorshipDate>
        <middleName />
        <state>NC</state>
        <bioguideId>R000603</bioguideId>
        <identifiers>
          <bioguideId>R000603</bioguideId>
          <lisID>2256</lisID>
          <gpoId />
        </identifiers>
        <lastName>Rouzer</lastName>
        <fullName>Rep. Rouzer, David [R-NC-7]</fullName>
        <isOriginalCosponsor>True</isOriginalCosponsor>
        <firstName>David</firstName>
        <party>R</party>
        <sponsorshipWithdrawnDate />
      </item>
      <item>
        <district>12</district>
        <sponsorshipDate>2018-02-23</sponsorshipDate>
        <middleName>S.</middleName>
        <state>NC</state>
        <bioguideId>A000370</bioguideId>
        <identifiers>
          <gpoId />
          <bioguideId>A000370</bioguideId>
          <lisID>2201</lisID>
        </identifiers>
        <lastName>Adams</lastName>
        <fullName>Rep. Adams, Alma S. [D-NC-12]</fullName>
        <isOriginalCosponsor>True</isOriginalCosponsor>
        <firstName>Alma</firstName>
        <party>D</party>
        <sponsorshipWithdrawnDate />
      </item>
      <item>
        <district>1</district>
        <sponsorshipDate>2018-02-23</sponsorshipDate>
        <middleName />
        <state>NC</state>
        <bioguideId>B001251</bioguideId>
        <identifiers>
          <lisID>1761</lisID>
          <gpoId>8024</gpoId>
          <bioguideId>B001251</bioguideId>
        </identifiers>
        <lastName>Butterfield</lastName>
        <fullName>Rep. Butterfield, G. K. [D-NC-1]</fullName>
        <isOriginalCosponsor>True</isOriginalCosponsor>
        <firstName>G. K.</firstName>
        <party>D</party>
        <sponsorshipWithdrawnDate />
      </item>
      <item>
        <district>4</district>
        <sponsorshipDate>2018-02-23</sponsorshipDate>
        <middleName>E.</middleName>
        <state>NC</state>
        <bioguideId>P000523</bioguideId>
        <identifiers>
          <gpoId>8027</gpoId>
          <lisID>930</lisID>
          <bioguideId>P000523</bioguideId>
        </identifiers>
        <lastName>PRICE</lastName>
        <fullName>Rep. Price, David E. [D-NC-4]</fullName>
        <isOriginalCosponsor>True</isOriginalCosponsor>
        <firstName>DAVID</firstName>
        <party>D</party>
        <sponsorshipWithdrawnDate />
      </item>
      <item>
        <district>6</district>
        <sponsorshipDate>2018-02-23</sponsorshipDate>
        <middleName />
        <state>NC</state>
        <bioguideId>W000819</bioguideId>
        <identifiers>
          <lisID>2255</lisID>
          <gpoId />
          <bioguideId>W000819</bioguideId>
        </identifiers>
        <lastName>Walker</lastName>
        <fullName>Rep. Walker, Mark [R-NC-6]</fullName>
        <isOriginalCosponsor>True</isOriginalCosponsor>
        <firstName>Mark</firstName>
        <party>R</party>
        <sponsorshipWithdrawnDate />
      </item>
      <item>
        <district>5</district>
        <sponsorshipDate>2018-02-23</sponsorshipDate>
        <middleName />
        <state>NC</state>
        <bioguideId>F000450</bioguideId>
        <identifiers>
          <bioguideId>F000450</bioguideId>
          <gpoId>8028</gpoId>
          <lisID>1791</lisID>
        </identifiers>
        <lastName>Foxx</lastName>
        <fullName>Rep. Foxx, Virginia [R-NC-5]</fullName>
        <isOriginalCosponsor>True</isOriginalCosponsor>
        <firstName>Virginia</firstName>
        <party>R</party>
        <sponsorshipWithdrawnDate />
      </item>
      <item>
        <district>2</district>
        <sponsorshipDate>2018-02-23</sponsorshipDate>
        <middleName />
        <state>NC</state>
        <bioguideId>H001065</bioguideId>
        <identifiers>
          <gpoId />
          <lisID>2143</lisID>
          <bioguideId>H001065</bioguideId>
        </identifiers>
        <lastName>Holding</lastName>
        <fullName>Rep. Holding, George [R-NC-2]</fullName>
        <isOriginalCosponsor>True</isOriginalCosponsor>
        <firstName>George</firstName>
        <party>R</party>
        <sponsorshipWithdrawnDate />
      </item>
      <item>
        <district>3</district>
        <sponsorshipDate>2018-02-23</sponsorshipDate>
        <middleName>B.</middleName>
        <state>NC</state>
        <bioguideId>J000255</bioguideId>
        <identifiers>
          <lisID>612</lisID>
          <gpoId>8026</gpoId>
          <bioguideId>J000255</bioguideId>
        </identifiers>
        <lastName>JONES</lastName>
        <fullName>Rep. Jones, Walter B., Jr. [R-NC-3]</fullName>
        <isOriginalCosponsor>True</isOriginalCosponsor>
        <firstName>WALTER</firstName>
        <party>R</party>
        <sponsorshipWithdrawnDate />
      </item>
      <item>
        <district>11</district>
        <sponsorshipDate>2018-02-23</sponsorshipDate>
        <middleName />
        <state>NC</state>
        <bioguideId>M001187</bioguideId>
        <identifiers>
          <gpoId />
          <lisID>2142</lisID>
          <bioguideId>M001187</bioguideId>
        </identifiers>
        <lastName>Meadows</lastName>
        <fullName>Rep. Meadows, Mark [R-NC-11]</fullName>
        <isOriginalCosponsor>True</isOriginalCosponsor>
        <firstName>Mark</firstName>
        <party>R</party>
        <sponsorshipWithdrawnDate />
      </item>
    </cosponsors>
    <updateDate>2018-03-02T05:44:02Z</updateDate>
    <originChamber>House</originChamber>
    <committees>
      <billCommittees>
        <item>
          <chamber>House</chamber>
          <name>House Administration Committee</name>
          <systemCode>hsha00</systemCode>
          <activities>
            <item>
              <date>2018-02-23T15:08:30Z</date>
              <name>Discharged from</name>
            </item>
            <item>
              <date>2018-02-23T15:00:34Z</date>
              <name>Referred to</name>
            </item>
          </activities>
          <type>Standing</type>
          <subcommittees />
        </item>
      </billCommittees>
    </committees>
    <actions>
      <actionByCounts>
        <senate>3</senate>
        <houseOfRepresentatives>10</houseOfRepresentatives>
      </actionByCounts>
      <actionTypeCounts>
        <passedOrAgreedToInSenateDayOf>1</passedOrAgreedToInSenateDayOf>
        <introducedInHouse>1</introducedInHouse>
        <committeeDischarged>1</committeeDischarged>
        <considerationByHouse>1</considerationByHouse>
        <introducedInTheHouse>1</introducedInTheHouse>
        <passedAgreedToInSenate>1</passedAgreedToInSenate>
        <motionToReconsiderResults>1</motionToReconsiderResults>
        <unanimousConsentRequestToConsider>1</unanimousConsentRequestToConsider>
        <passedAgreedToInHouse>1</passedAgreedToInHouse>
        <passageOfAMeasure>1</passageOfAMeasure>
        <billReferrals>1</billReferrals>
        <houseCommitteeDischarged>1</houseCommitteeDischarged>
        <sentToHouse>1</sentToHouse>
      </actionTypeCounts>
      <item>
        <actionDate>2018-02-27</actionDate>
        <committee />
        <links />
        <sourceSystem>
          <name>Senate</name>
          <code>0</code>
        </sourceSystem>
        <text>Message on Senate action sent to the House.</text>
        <type>Floor</type>
      </item>
      <item>
        <actionDate>2018-02-26</actionDate>
        <committee />
        <links>
          <link>
            <name>S1222</name>
            <url>https://www.congress.gov/congressional-record/volume-164/senate-section/page/S1222</url>
          </link>
        </links>
        <sourceSystem>
          <name>Senate</name>
          <code>0</code>
        </sourceSystem>
        <text>Received in the Senate, considered, and agreed to without amendment by Unanimous Consent. (consideration: CR S1222)</text>
        <type>Floor</type>
      </item>
      <item>
        <type>Floor</type>
        <links />
        <committee />
        <text>Passed/agreed to in Senate: Received in the Senate, considered, and agreed to without amendment by Unanimous Consent.</text>
        <actionCode>17000</actionCode>
        <actionDate>2018-02-26</actionDate>
        <sourceSystem>
          <name>Library of Congress</name>
          <code>9</code>
        </sourceSystem>
      </item>
      <item>
        <type>Floor</type>
        <links />
        <actionTime>10:09:09</actionTime>
        <committee />
        <text>Motion to reconsider laid on the table Agreed to without objection.</text>
        <actionCode>H38310</actionCode>
        <actionDate>2018-02-23</actionDate>
        <sourceSystem>
          <name>House floor actions</name>
          <code>2</code>
        </sourceSystem>
      </item>
      <item>
        <type>Floor</type>
        <links>
          <link>
            <name>H1224</name>
            <url>https://www.congress.gov/congressional-record/volume-164/house-section/page/H1224</url>
          </link>
        </links>
        <actionTime>10:09:03</actionTime>
        <committee />
        <text>On agreeing to the resolution Agreed to without objection. (text: CR H1224)</text>
        <actionCode>H37100</actionCode>
        <actionDate>2018-02-23</actionDate>
        <sourceSystem>
          <name>House floor actions</name>
          <code>2</code>
        </sourceSystem>
      </item>
      <item>
        <type>Floor</type>
        <links />
        <actionTime>10:09:03</actionTime>
        <committee />
        <text>Passed/agreed to in House: On agreeing to the resolution Agreed to without objection.</text>
        <actionCode>8000</actionCode>
        <actionDate>2018-02-23</actionDate>
        <sourceSystem>
          <name>Library of Congress</name>
          <code>9</code>
        </sourceSystem>
      </item>
      <item>
        <type>Floor</type>
        <links>
          <link>
            <name>H1224</name>
            <url>https://www.congress.gov/congressional-record/volume-164/house-section/page/H1224</url>
          </link>
        </links>
        <actionTime>10:09:00</actionTime>
        <committee />
        <text>Considered by unanimous consent. (consideration: CR H1224)</text>
        <actionCode>H30000</actionCode>
        <actionDate>2018-02-23</actionDate>
        <sourceSystem>
          <name>House floor actions</name>
          <code>2</code>
        </sourceSystem>
      </item>
      <item>
        <type>Discharge</type>
        <links />
        <committee>
          <systemCode>hsha00</systemCode>
          <name>House Administration Committee</name>
        </committee>
        <text>Committee on House Administration discharged.</text>
        <actionCode>H12300</actionCode>
        <actionDate>2018-02-23</actionDate>
        <sourceSystem>
          <name>House floor actions</name>
          <code>2</code>
        </sourceSystem>
      </item>
      <item>
        <type>Committee</type>
        <links />
        <committee>
          <systemCode>hsha00</systemCode>
          <name>House Administration Committee</name>
        </committee>
        <text>Committee on House Administration discharged.</text>
        <actionCode>5500</actionCode>
        <actionDate>2018-02-23</actionDate>
        <sourceSystem>
          <name>Library of Congress</name>
          <code>9</code>
        </sourceSystem>
      </item>
      <item>
        <type>Floor</type>
        <links />
        <actionTime>10:08:29</actionTime>
        <committee />
        <text>Mr. Walker asked unanimous consent to discharge from committee and consider.</text>
        <actionCode>H30200</actionCode>
        <actionDate>2018-02-23</actionDate>
        <sourceSystem>
          <name>House floor actions</name>
          <code>2</code>
        </sourceSystem>
      </item>
      <item>
        <type>IntroReferral</type>
        <links />
        <committee>
          <systemCode>hsha00</systemCode>
          <name>House Administration Committee</name>
        </committee>
        <text>Referred to the House Committee on House Administration.</text>
        <actionCode>H11100</actionCode>
        <actionDate>2018-02-23</actionDate>
        <sourceSystem>
          <name>House floor actions</name>
          <code>2</code>
        </sourceSystem>
      </item>
      <item>
        <type>IntroReferral</type>
        <links />
        <committee />
        <text>Introduced in House</text>
        <actionCode>Intro-H</actionCode>
        <actionDate>2018-02-23</actionDate>
        <sourceSystem>
          <name>Library of Congress</name>
          <code>9</code>
        </sourceSystem>
      </item>
      <item>
        <type>IntroReferral</type>
        <links />
        <committee />
        <text>Introduced in House</text>
        <actionCode>1000</actionCode>
        <actionDate>2018-02-23</actionDate>
        <sourceSystem>
          <name>Library of Congress</name>
          <code>9</code>
        </sourceSystem>
      </item>
    </actions>
    <relatedBills />
    <notes />
    <introducedDate>2018-02-23</introducedDate>
    <latestAction>
      <actionDate>2018-02-27</actionDate>
      <text>Message on Senate action sent to the House.</text>
      <links />
    </latestAction>
    <calendarNumbers />
    <constitutionalAuthorityStatementText />
    <billNumber>107</billNumber>
    <policyArea>
      <name>Congress</name>
    </policyArea>
    <titles>
      <item>
        <parentTitleType />
        <title>Authorizing Reverend Billy Graham to lie in honor in the rotunda of the Capitol.</title>
        <titleType>Official Title as Introduced</titleType>
        <chamberName />
        <chamberCode />
      </item>
      <item>
        <parentTitleType />
        <title>Authorizing Reverend Billy Graham to lie in honor in the rotunda of the Capitol.</title>
        <titleType>Display Title</titleType>
        <chamberName />
        <chamberCode />
      </item>
    </titles>
    <congress>115</congress>
    <recordedVotes />
    <summaries>
      <billSummaries>
        <item>
          <actionDesc>Introduced in House</actionDesc>
          <actionDate>2018-02-23</actionDate>
          <text><![CDATA[<p>Authorizes Reverend Billy Graham to lie in honor in the rotunda of the Capitol from February 28, 2018, to March 1, 2018.</p>]]></text>
          <versionCode>00</versionCode>
          <updateDate>2018-02-23T05:00:00Z</updateDate>
          <lastSummaryUpdateDate>2018-02-28T23:14:26Z</lastSummaryUpdateDate>
          <name>Introduced in House</name>
        </item>
        <item>
          <actionDesc>Passed House without amendment</actionDesc>
          <actionDate>2018-02-23</actionDate>
          <text><![CDATA[<p>(This measure has not been amended since it was introduced. The summary has been expanded because action occurred on the measure.)</p> <p>(Sec. 1) Authorizes Reverend Billy Graham to lie in honor in the rotunda of the Capitol from February 28, 2018, to March 1, 2018.</p>]]></text>
          <versionCode>81</versionCode>
          <updateDate>2018-02-23T14:04:44Z</updateDate>
          <lastSummaryUpdateDate>2018-02-28T23:18:57Z</lastSummaryUpdateDate>
          <name>Passed House without amendment</name>
        </item>
        <item>
          <actionDesc>Passed Senate without amendment</actionDesc>
          <actionDate>2018-02-26</actionDate>
          <text><![CDATA[<p>(This measure has not been amended since it was introduced. The expanded summary of the House passed version is repeated here.)</p> <p>(Sec. 1) Authorizes Reverend Billy Graham to lie in honor in the rotunda of the Capitol from February 28, 2018, to March 1, 2018.</p>]]></text>
          <versionCode>82</versionCode>
          <updateDate>2018-02-26T14:32:57Z</updateDate>
          <lastSummaryUpdateDate>2018-02-28T23:23:24Z</lastSummaryUpdateDate>
          <name>Passed Senate without amendment</name>
        </item>
      </billSummaries>
    </summaries>
    <billType>HCONRES</billType>
    <committeeReports />
  </bill>
  <dublinCore xmlns:dc="http://purl.org/dc/elements/1.1/">
    <dc:format>text/xml</dc:format>
    <dc:language>EN</dc:language>
    <dc:rights>Pursuant to Title 17 Section 105 of the United States Code, this file is not subject to copyright protection and is in the public domain.</dc:rights>
    <dc:contributor>Congressional Research Service, Library of Congress</dc:contributor>
    <dc:description>This file contains bill summaries and statuses for federal legislation. A bill summary describes the most significant provisions of a piece of legislation and details the effects the legislative text may have on current law and federal programs. Bill summaries are authored by the Congressional Research Service (CRS) of the Library of Congress. As stated in Public Law 91-510 (2 USC 166 (d)(6)), one of the duties of CRS is "to prepare summaries and digests of bills and resolutions of a public general nature introduced in the Senate or House of Representatives". For more information, refer to the User Guide that accompanies this file.</dc:description>
  </dublinCore>
</billStatus>

