<?xml version="1.0" encoding="UTF-8"?>
<billStatus>
  <bill>
    <amendments>
      <amendment>
        <number>484</number>
        <type>HAMDT</type>
        <cosponsors>
          <totalCount>0</totalCount>
          <currentCount>0</currentCount>
        </cosponsors>
        <amendedAmendment />
        <chamber>House of Representatives</chamber>
        <amendedBill>
          <type>HCONRES</type>
          <originChamberCode>H</originChamberCode>
          <originChamber>House</originChamber>
          <title>Recognizing the deep and abiding friendship between the United States and Israel.</title>
          <congress>115</congress>
          <number>92</number>
        </amendedBill>
        <actions>
          <count>7</count>
          <actionByCounts>
            <houseOfRepresentatives>6</houseOfRepresentatives>
          </actionByCounts>
          <actionTypeCounts>
            <houseAmendmentOfferedReportedBy>1</houseAmendmentOfferedReportedBy>
            <amendmentOffered>1</amendmentOffered>
            <agreeingToTheAmendmentResults>1</agreeingToTheAmendmentResults>
            <amendmentAgreedToByHouse>1</amendmentAgreedToByHouse>
            <houseAmendmentOffered>1</houseAmendmentOffered>
            <houseAmendmentAgreedTo>1</houseAmendmentAgreedTo>
          </actionTypeCounts>
          <actions>
            <item>
              <sourceSystem>
                <name>House floor actions</name>
                <code>2</code>
              </sourceSystem>
              <links>
                <link>
                  <url>https://www.congress.gov/amendment/115th-congress/house-amendment/484</url>
                  <name>H.Amdt.484</name>
                </link>
              </links>
              <committee />
              <text>On agreeing to the Royce (CA) amendment (A001) Agreed to without objection.</text>
              <type>Floor</type>
              <actionTime>16:51:13</actionTime>
              <actionCode>H34111</actionCode>
              <actionDate>2017-11-15</actionDate>
            </item>
            <item>
              <sourceSystem>
                <name>House floor actions</name>
                <code>2</code>
              </sourceSystem>
              <links>
                <link>
                  <url>https://www.congress.gov/amendment/115th-congress/house-amendment/484</url>
                  <name>H.Amdt.484</name>
                </link>
                <link>
                  <url>https://www.congress.gov/congressional-record/volume-163/house-section/page/H9302</url>
                  <name>H9302</name>
                </link>
              </links>
              <committee />
              <text>Amendment (A001) offered by Mr. Royce (CA). (consideration: CR H9302; text: CR H9302)</text>
              <type>Floor</type>
              <actionTime>16:50:17</actionTime>
              <actionCode>H3A100</actionCode>
              <actionDate>2017-11-15</actionDate>
            </item>
            <item>
              <actionDate>2017-11-15</actionDate>
              <committee />
              <links />
              <text />
            </item>
            <item>
              <sourceSystem>
                <name>Library of Congress</name>
                <code>9</code>
              </sourceSystem>
              <links>
                <link>
                  <url>https://www.congress.gov/amendment/115th-congress/house-amendment/484</url>
                  <name>H.Amdt.484</name>
                </link>
              </links>
              <committee />
              <text>House amendment agreed to: On agreeing to the Royce (CA) amendment (A001) Agreed to without objection.</text>
              <type>Floor</type>
              <actionTime>16:51:13</actionTime>
              <actionCode>72000</actionCode>
              <actionDate>2017-11-15</actionDate>
            </item>
            <item>
              <sourceSystem>
                <name>Library of Congress</name>
                <code>9</code>
              </sourceSystem>
              <links>
                <link>
                  <url>https://www.congress.gov/amendment/115th-congress/house-amendment/484</url>
                  <name>H.Amdt.484</name>
                </link>
                <link>
                  <url>https://www.congress.gov/congressional-record/volume-163/house-section/page/H9302</url>
                  <name>H9302</name>
                </link>
              </links>
              <committee />
              <text>House amendment offered/reported by : Amendment (A001) offered by Mr. Royce (CA).</text>
              <type>NotUsed</type>
              <actionTime>16:50:17</actionTime>
              <actionCode>71500</actionCode>
              <actionDate>2017-11-15</actionDate>
            </item>
            <item>
              <sourceSystem>
                <name>Library of Congress</name>
                <code>9</code>
              </sourceSystem>
              <links>
                <link>
                  <url>https://www.congress.gov/amendment/115th-congress/house-amendment/484</url>
                  <name>H.Amdt.484</name>
                </link>
              </links>
              <committee />
              <text>Amendment agreed to by House: On agreeing to the Royce (CA) amendment (A001) Agreed to without objection.</text>
              <type>NotUsed</type>
              <actionTime>16:51:13</actionTime>
              <actionCode>79000</actionCode>
              <actionDate>2017-11-15</actionDate>
            </item>
            <item>
              <sourceSystem>
                <name>Library of Congress</name>
                <code>9</code>
              </sourceSystem>
              <links />
              <committee />
              <text>House amendment offered</text>
              <type>Floor</type>
              <actionCode>71000</actionCode>
              <actionDate>2017-11-15</actionDate>
            </item>
          </actions>
        </actions>
        <amendments>
          <count>0</count>
        </amendments>
        <updateDate>2018-02-28T18:56:07Z</updateDate>
        <titles />
        <description />
        <links />
        <version>1.0.0</version>
        <submittedDate>2017-11-15T05:00:00Z</submittedDate>
        <createDate>2017-11-16T08:16:17Z</createDate>
        <purpose />
        <sponsors>
          <item>
            <middleName />
            <bioguideId>R000487</bioguideId>
            <party>R</party>
            <firstName>ED</firstName>
            <identifiers>
              <bioguideId>R000487</bioguideId>
              <lisID>998</lisID>
              <gpoId>7845</gpoId>
            </identifiers>
            <lastName>ROYCE</lastName>
            <district>39</district>
            <state>CA</state>
            <fullName>Rep. Royce, Edward R. [R-CA-39]</fullName>
          </item>
        </sponsors>
        <proposedDate />
        <congress>115</congress>
        <notes />
        <number>484</number>
        <purpose />
        <description />
        <congress>115</congress>
        <latestAction>
          <text>On agreeing to the Royce (CA) amendment (A001) Agreed to without objection.</text>
          <actionDate>2017-11-15</actionDate>
          <actionTime>16:51:13</actionTime>
        </latestAction>
        <type>HAMDT</type>
      </amendment>
    </amendments>
    <title>Recognizing the deep and abiding friendship between the United States and Israel.</title>
    <sponsors>
      <item>
        <fullName>Rep. Graves, Tom [R-GA-14]</fullName>
        <middleName />
        <firstName>Tom</firstName>
        <bioguideId>G000560</bioguideId>
        <party>R</party>
        <district>14</district>
        <state>GA</state>
        <lastName>Graves</lastName>
        <identifiers>
          <gpoId>7906</gpoId>
          <lisID>1979</lisID>
          <bioguideId>G000560</bioguideId>
        </identifiers>
        <byRequestType />
      </item>
    </sponsors>
    <cboCostEstimates />
    <laws />
    <version>1.0.0</version>
    <createDate>2017-11-14T03:11:13Z</createDate>
    <subjects>
      <billSubjects>
        <legislativeSubjects>
          <item>
            <name>Israel</name>
          </item>
          <item>
            <name>Middle East</name>
          </item>
          <item>
            <name>Sovereignty, recognition, national governance and status</name>
          </item>
        </legislativeSubjects>
        <policyArea>
          <name>International Affairs</name>
        </policyArea>
      </billSubjects>
    </subjects>
    <cosponsors>
      <item>
        <lastName>McMorris Rodgers</lastName>
        <bioguideId>M001159</bioguideId>
        <sponsorshipDate>2017-11-13</sponsorshipDate>
        <sponsorshipWithdrawnDate />
        <isOriginalCosponsor>True</isOriginalCosponsor>
        <middleName />
        <state>WA</state>
        <firstName>Cathy</firstName>
        <party>R</party>
        <identifiers>
          <bioguideId>M001159</bioguideId>
          <gpoId>8209</gpoId>
          <lisID>1809</lisID>
        </identifiers>
        <district>5</district>
        <fullName>Rep. McMorris Rodgers, Cathy [R-WA-5]</fullName>
      </item>
      <item>
        <lastName>Russell</lastName>
        <bioguideId>R000604</bioguideId>
        <sponsorshipDate>2017-11-13</sponsorshipDate>
        <sponsorshipWithdrawnDate />
        <isOriginalCosponsor>True</isOriginalCosponsor>
        <middleName />
        <state>OK</state>
        <firstName>Steve</firstName>
        <party>R</party>
        <identifiers>
          <bioguideId>R000604</bioguideId>
          <lisID>2265</lisID>
          <gpoId />
        </identifiers>
        <district>5</district>
        <fullName>Rep. Russell, Steve [R-OK-5]</fullName>
      </item>
      <item>
        <lastName>Cuellar</lastName>
        <bioguideId>C001063</bioguideId>
        <sponsorshipDate>2017-11-13</sponsorshipDate>
        <sponsorshipWithdrawnDate />
        <isOriginalCosponsor>True</isOriginalCosponsor>
        <middleName />
        <state>TX</state>
        <firstName>Henry</firstName>
        <party>D</party>
        <identifiers>
          <lisID>1807</lisID>
          <bioguideId>C001063</bioguideId>
          <gpoId>8184</gpoId>
        </identifiers>
        <district>28</district>
        <fullName>Rep. Cuellar, Henry [D-TX-28]</fullName>
      </item>
    </cosponsors>
    <updateDate>2018-02-28T18:57:16Z</updateDate>
    <originChamber>House</originChamber>
    <committees>
      <billCommittees>
        <item>
          <chamber>Senate</chamber>
          <name>Foreign Relations Committee</name>
          <systemCode>ssfr00</systemCode>
          <activities>
            <item>
              <date>2017-11-16T16:40:54Z</date>
              <name>Referred to</name>
            </item>
          </activities>
          <type>Standing</type>
          <subcommittees />
        </item>
        <item>
          <chamber>House</chamber>
          <name>Foreign Affairs Committee</name>
          <systemCode>hsfa00</systemCode>
          <activities>
            <item>
              <date>2017-11-15T21:50:16Z</date>
              <name>Discharged from</name>
            </item>
            <item>
              <date>2017-11-13T17:01:15Z</date>
              <name>Referred to</name>
            </item>
          </activities>
          <type>Standing</type>
          <subcommittees />
        </item>
      </billCommittees>
    </committees>
    <actions>
      <actionByCounts>
        <houseOfRepresentatives>9</houseOfRepresentatives>
        <senate>1</senate>
      </actionByCounts>
      <actionTypeCounts>
        <motionToReconsiderResults>1</motionToReconsiderResults>
        <referredToCommittee>1</referredToCommittee>
        <passageOfAMeasure>1</passageOfAMeasure>
        <introducedInTheHouse>1</introducedInTheHouse>
        <houseCommitteeDischarged>1</houseCommitteeDischarged>
        <unanimousConsentRequestToConsider>1</unanimousConsentRequestToConsider>
        <committeeDischarged>1</committeeDischarged>
        <billReferrals>1</billReferrals>
        <passedAgreedToInHouse>1</passedAgreedToInHouse>
        <introducedInHouse>1</introducedInHouse>
      </actionTypeCounts>
      <item>
        <actionDate>2017-11-16</actionDate>
        <committee>
          <systemCode>ssfr00</systemCode>
          <name>Foreign Relations Committee</name>
        </committee>
        <links />
        <sourceSystem>
          <name>Senate</name>
          <code>0</code>
        </sourceSystem>
        <text>Received in the Senate and referred to the Committee on Foreign Relations.</text>
        <type>IntroReferral</type>
      </item>
      <item>
        <sourceSystem>
          <name>House floor actions</name>
          <code>2</code>
        </sourceSystem>
        <links />
        <committee />
        <text>Motion to reconsider laid on the table Agreed to without objection.</text>
        <type>Floor</type>
        <actionTime>16:51:24</actionTime>
        <actionCode>H38310</actionCode>
        <actionDate>2017-11-15</actionDate>
      </item>
      <item>
        <sourceSystem>
          <name>House floor actions</name>
          <code>2</code>
        </sourceSystem>
        <links>
          <link>
            <url>https://www.congress.gov/congressional-record/volume-163/house-section/page/H9302</url>
            <name>H9302</name>
          </link>
        </links>
        <committee />
        <text>On agreeing to the resolution Agreed to without objection. (text: CR H9302)</text>
        <type>Floor</type>
        <actionTime>16:51:14</actionTime>
        <actionCode>H37100</actionCode>
        <actionDate>2017-11-15</actionDate>
      </item>
      <item>
        <sourceSystem>
          <name>Library of Congress</name>
          <code>9</code>
        </sourceSystem>
        <links />
        <committee />
        <text>Passed/agreed to in House: On agreeing to the resolution Agreed to without objection.</text>
        <type>Floor</type>
        <actionTime>16:51:14</actionTime>
        <actionCode>8000</actionCode>
        <actionDate>2017-11-15</actionDate>
      </item>
      <item>
        <sourceSystem>
          <name>House floor actions</name>
          <code>2</code>
        </sourceSystem>
        <links>
          <link>
            <url>https://www.congress.gov/congressional-record/volume-163/house-section/page/H9302</url>
            <name>H9302</name>
          </link>
        </links>
        <committee>
          <systemCode>hsfa00</systemCode>
          <name>Foreign Affairs Committee</name>
        </committee>
        <text>Committee on Foreign Affairs discharged. (consideration: CR H9302)</text>
        <type>Discharge</type>
        <actionCode>H12300</actionCode>
        <actionDate>2017-11-15</actionDate>
      </item>
      <item>
        <sourceSystem>
          <name>Library of Congress</name>
          <code>9</code>
        </sourceSystem>
        <links />
        <committee>
          <systemCode>hsfa00</systemCode>
          <name>Foreign Affairs Committee</name>
        </committee>
        <text>Committee on Foreign Affairs discharged.</text>
        <type>Committee</type>
        <actionCode>5500</actionCode>
        <actionDate>2017-11-15</actionDate>
      </item>
      <item>
        <sourceSystem>
          <name>House floor actions</name>
          <code>2</code>
        </sourceSystem>
        <links />
        <committee />
        <text>Mr. Royce (CA) asked unanimous consent to discharge from committee and consider.</text>
        <type>Floor</type>
        <actionTime>16:50:12</actionTime>
        <actionCode>H30200</actionCode>
        <actionDate>2017-11-15</actionDate>
      </item>
      <item>
        <sourceSystem>
          <name>House floor actions</name>
          <code>2</code>
        </sourceSystem>
        <links />
        <committee>
          <systemCode>hsfa00</systemCode>
          <name>Foreign Affairs Committee</name>
        </committee>
        <text>Referred to the House Committee on Foreign Affairs.</text>
        <type>IntroReferral</type>
        <actionCode>H11100</actionCode>
        <actionDate>2017-11-13</actionDate>
      </item>
      <item>
        <sourceSystem>
          <name>Library of Congress</name>
          <code>9</code>
        </sourceSystem>
        <links />
        <committee />
        <text>Introduced in House</text>
        <type>IntroReferral</type>
        <actionCode>Intro-H</actionCode>
        <actionDate>2017-11-13</actionDate>
      </item>
      <item>
        <sourceSystem>
          <name>Library of Congress</name>
          <code>9</code>
        </sourceSystem>
        <links />
        <committee />
        <text>Introduced in House</text>
        <type>IntroReferral</type>
        <actionCode>1000</actionCode>
        <actionDate>2017-11-13</actionDate>
      </item>
    </actions>
    <relatedBills>
      <item>
        <relationshipDetails>
          <item>
            <identifiedBy>CRS</identifiedBy>
            <type>Related bill</type>
          </item>
        </relationshipDetails>
        <congress>115</congress>
        <latestAction>
          <actionDate>2017-11-02</actionDate>
          <text>Referred to the Committee on Foreign Relations. (text of measure as introduced: CR S7003)</text>
        </latestAction>
        <number>29</number>
        <type>SCONRES</type>
        <latestTitle>A concurrent resolution recognizing the 100th anniversary of the Balfour Declaration.</latestTitle>
      </item>
    </relatedBills>
    <notes />
    <introducedDate>2017-11-13</introducedDate>
    <latestAction>
      <actionDate>2017-11-16</actionDate>
      <text>Received in the Senate and referred to the Committee on Foreign Relations.</text>
      <links />
    </latestAction>
    <calendarNumbers />
    <constitutionalAuthorityStatementText />
    <billNumber>92</billNumber>
    <policyArea>
      <name>International Affairs</name>
    </policyArea>
    <titles>
      <item>
        <title>Recognizing the deep and abiding friendship between the United States and Israel.</title>
        <titleType>Official Title as Introduced</titleType>
        <parentTitleType />
        <chamberName />
        <chamberCode />
      </item>
      <item>
        <title>Recognizing the deep and abiding friendship between the United States and Israel.</title>
        <titleType>Display Title</titleType>
        <parentTitleType />
        <chamberName />
        <chamberCode />
      </item>
    </titles>
    <congress>115</congress>
    <recordedVotes />
    <summaries>
      <billSummaries>
        <item>
          <versionCode>00</versionCode>
          <name>Introduced in House</name>
          <actionDate>2017-11-13</actionDate>
          <lastSummaryUpdateDate>2018-01-08T21:06:27Z</lastSummaryUpdateDate>
          <text><![CDATA[<p>Affirms the commitment to maintaining the strongest of bilateral ties with Israel.</p> <p>Recognizes the importance of the establishment of the modern state of Israel as a secure and democratic homeland for the Jewish people, without prejudice to the rights of all people to live within or alongside Israel in peace.</p> <p>Supports efforts to continue to increase economic, security, and cultural ties between the United States and Israel.</p>]]></text>
          <updateDate>2017-11-13T05:00:00Z</updateDate>
          <actionDesc>Introduced in House</actionDesc>
        </item>
        <item>
          <versionCode>36</versionCode>
          <name>Passed House amended</name>
          <actionDate>2017-11-15</actionDate>
          <lastSummaryUpdateDate>2018-01-08T21:05:20Z</lastSummaryUpdateDate>
          <text><![CDATA[<p>Affirms the commitment to maintaining the strongest of bilateral ties with Israel.</p> <p>Recognizes the importance of the establishment of the modern state of Israel as a secure and democratic homeland for the Jewish people that upholds full and equal rights for all of its citizens.</p> <p>Supports efforts to continue to increase economic, security, and cultural ties between the United States and Israel.</p>]]></text>
          <updateDate>2017-11-15T17:10:46Z</updateDate>
          <actionDesc>Passed House amended</actionDesc>
        </item>
      </billSummaries>
    </summaries>
    <billType>HCONRES</billType>
    <committeeReports />
  </bill>
  <dublinCore xmlns:dc="http://purl.org/dc/elements/1.1/">
    <dc:format>text/xml</dc:format>
    <dc:language>EN</dc:language>
    <dc:rights>Pursuant to Title 17 Section 105 of the United States Code, this file is not subject to copyright protection and is in the public domain.</dc:rights>
    <dc:contributor>Congressional Research Service, Library of Congress</dc:contributor>
    <dc:description>This file contains bill summaries and statuses for federal legislation. A bill summary describes the most significant provisions of a piece of legislation and details the effects the legislative text may have on current law and federal programs. Bill summaries are authored by the Congressional Research Service (CRS) of the Library of Congress. As stated in Public Law 91-510 (2 USC 166 (d)(6)), one of the duties of CRS is "to prepare summaries and digests of bills and resolutions of a public general nature introduced in the Senate or House of Representatives". For more information, refer to the User Guide that accompanies this file.</dc:description>
  </dublinCore>
</billStatus>

