<?xml version="1.0" encoding="UTF-8"?>
<billStatus>
  <bill>
    <sponsors>
      <item>
        <fullName>Rep. Meeks, Gregory W. [D-NY-5]</fullName>
        <lastName>MEEKS</lastName>
        <bioguideId>M001137</bioguideId>
        <party>D</party>
        <middleName>W.</middleName>
        <state>NY</state>
        <firstName>GREGORY</firstName>
        <district>5</district>
        <byRequestType />
        <identifiers>
          <bioguideId>M001137</bioguideId>
          <gpoId>8067</gpoId>
          <lisID>1506</lisID>
        </identifiers>
      </item>
    </sponsors>
    <laws />
    <version>1.0.0</version>
    <introducedDate>2017-09-12</introducedDate>
    <cboCostEstimates />
    <titles>
      <item>
        <chamberCode />
        <title>Denouncing and opposing the violence, xenophobia, and bigotry that are promoted by White nationalists and neo-Nazis.</title>
        <titleType>Official Title as Introduced</titleType>
        <parentTitleType />
        <chamberName />
      </item>
      <item>
        <chamberCode />
        <title>Denouncing and opposing the violence, xenophobia, and bigotry that are promoted by White nationalists and neo-Nazis.</title>
        <titleType>Display Title</titleType>
        <parentTitleType />
        <chamberName />
      </item>
    </titles>
    <amendments />
    <recordedVotes />
    <relatedBills />
    <constitutionalAuthorityStatementText />
    <billType>HCONRES</billType>
    <actions>
      <actionByCounts>
        <houseOfRepresentatives>3</houseOfRepresentatives>
      </actionByCounts>
      <actionTypeCounts>
        <introducedInTheHouse>1</introducedInTheHouse>
        <billReferrals>1</billReferrals>
        <introducedInHouse>1</introducedInHouse>
      </actionTypeCounts>
      <item>
        <sourceSystem>
          <name>House floor actions</name>
          <code>2</code>
        </sourceSystem>
        <actionDate>2017-09-12</actionDate>
        <text>Referred to the House Committee on the Judiciary.</text>
        <type>IntroReferral</type>
        <links />
        <committee>
          <systemCode>hsju00</systemCode>
          <name>Judiciary Committee</name>
        </committee>
        <actionCode>H11100</actionCode>
      </item>
      <item>
        <sourceSystem>
          <name>Library of Congress</name>
          <code>9</code>
        </sourceSystem>
        <actionDate>2017-09-12</actionDate>
        <text>Introduced in House</text>
        <type>IntroReferral</type>
        <links />
        <committee />
        <actionCode>Intro-H</actionCode>
      </item>
      <item>
        <sourceSystem>
          <name>Library of Congress</name>
          <code>9</code>
        </sourceSystem>
        <actionDate>2017-09-12</actionDate>
        <text>Introduced in House</text>
        <type>IntroReferral</type>
        <links />
        <committee />
        <actionCode>1000</actionCode>
      </item>
    </actions>
    <notes />
    <originChamber>House</originChamber>
    <congress>115</congress>
    <subjects>
      <billSubjects>
        <policyArea>
          <name>Civil Rights and Liberties, Minority Issues</name>
        </policyArea>
        <legislativeSubjects>
          <item>
            <name>Criminal investigation, prosecution, interrogation</name>
          </item>
          <item>
            <name>Hate crimes</name>
          </item>
          <item>
            <name>Political movements and philosophies</name>
          </item>
          <item>
            <name>Racial and ethnic relations</name>
          </item>
          <item>
            <name>Terrorism</name>
          </item>
          <item>
            <name>Violent crime</name>
          </item>
        </legislativeSubjects>
      </billSubjects>
    </subjects>
    <billNumber>78</billNumber>
    <cosponsors>
      <item>
        <state>CA</state>
        <identifiers>
          <lisID>2311</lisID>
          <gpoId />
          <bioguideId>B001300</bioguideId>
        </identifiers>
        <district>44</district>
        <sponsorshipDate>2017-09-12</sponsorshipDate>
        <lastName>Barragan</lastName>
        <fullName>Rep. Barragan, Nanette Diaz [D-CA-44]</fullName>
        <middleName>Diaz</middleName>
        <party>D</party>
        <sponsorshipWithdrawnDate />
        <bioguideId>B001300</bioguideId>
        <firstName>Nanette</firstName>
        <isOriginalCosponsor>True</isOriginalCosponsor>
      </item>
      <item>
        <state>NV</state>
        <identifiers>
          <bioguideId>R000608</bioguideId>
          <gpoId />
          <lisID>2339</lisID>
        </identifiers>
        <district>3</district>
        <sponsorshipDate>2017-09-12</sponsorshipDate>
        <lastName>Rosen</lastName>
        <fullName>Rep. Rosen, Jacky [D-NV-3]</fullName>
        <middleName />
        <party>D</party>
        <sponsorshipWithdrawnDate />
        <bioguideId>R000608</bioguideId>
        <firstName>Jacky</firstName>
        <isOriginalCosponsor>True</isOriginalCosponsor>
      </item>
      <item>
        <state>AL</state>
        <identifiers>
          <lisID>1988</lisID>
          <gpoId>7792</gpoId>
          <bioguideId>S001185</bioguideId>
        </identifiers>
        <district>7</district>
        <sponsorshipDate>2017-09-12</sponsorshipDate>
        <lastName>Sewell</lastName>
        <fullName>Rep. Sewell, Terri A. [D-AL-7]</fullName>
        <middleName>A.</middleName>
        <party>D</party>
        <sponsorshipWithdrawnDate />
        <bioguideId>S001185</bioguideId>
        <firstName>Terri</firstName>
        <isOriginalCosponsor>True</isOriginalCosponsor>
      </item>
      <item>
        <state>FL</state>
        <identifiers>
          <bioguideId>H000324</bioguideId>
          <gpoId>7895</gpoId>
          <lisID>511</lisID>
        </identifiers>
        <district>20</district>
        <sponsorshipDate>2017-09-12</sponsorshipDate>
        <lastName>HASTINGS</lastName>
        <fullName>Rep. Hastings, Alcee L. [D-FL-20]</fullName>
        <middleName>L.</middleName>
        <party>D</party>
        <sponsorshipWithdrawnDate />
        <bioguideId>H000324</bioguideId>
        <firstName>ALCEE</firstName>
        <isOriginalCosponsor>True</isOriginalCosponsor>
      </item>
      <item>
        <state>CA</state>
        <identifiers>
          <bioguideId>L000551</bioguideId>
          <gpoId>7814</gpoId>
          <lisID>1501</lisID>
        </identifiers>
        <district>13</district>
        <sponsorshipDate>2017-09-12</sponsorshipDate>
        <lastName>LEE</lastName>
        <fullName>Rep. Lee, Barbara [D-CA-13]</fullName>
        <middleName />
        <party>D</party>
        <sponsorshipWithdrawnDate />
        <bioguideId>L000551</bioguideId>
        <firstName>BARBARA</firstName>
        <isOriginalCosponsor>True</isOriginalCosponsor>
      </item>
      <item>
        <state>IL</state>
        <identifiers>
          <lisID>478</lisID>
          <bioguideId>G000535</bioguideId>
          <gpoId>7924</gpoId>
        </identifiers>
        <district>4</district>
        <sponsorshipDate>2017-09-12</sponsorshipDate>
        <lastName>GUTIERREZ</lastName>
        <fullName>Rep. Gutierrez, Luis V. [D-IL-4]</fullName>
        <middleName>V.</middleName>
        <party>D</party>
        <sponsorshipWithdrawnDate />
        <bioguideId>G000535</bioguideId>
        <firstName>LUIS</firstName>
        <isOriginalCosponsor>True</isOriginalCosponsor>
      </item>
      <item>
        <state>LA</state>
        <identifiers>
          <bioguideId>R000588</bioguideId>
          <lisID>2023</lisID>
          <gpoId>7960</gpoId>
        </identifiers>
        <district>2</district>
        <sponsorshipDate>2017-09-12</sponsorshipDate>
        <lastName>Richmond</lastName>
        <fullName>Rep. Richmond, Cedric L. [D-LA-2]</fullName>
        <middleName>L.</middleName>
        <party>D</party>
        <sponsorshipWithdrawnDate />
        <bioguideId>R000588</bioguideId>
        <firstName>Cedric</firstName>
        <isOriginalCosponsor>True</isOriginalCosponsor>
      </item>
      <item>
        <state>OH</state>
        <identifiers>
          <gpoId>8099</gpoId>
          <lisID>616</lisID>
          <bioguideId>K000009</bioguideId>
        </identifiers>
        <district>9</district>
        <sponsorshipDate>2017-09-12</sponsorshipDate>
        <lastName>KAPTUR</lastName>
        <fullName>Rep. Kaptur, Marcy [D-OH-9]</fullName>
        <middleName />
        <party>D</party>
        <sponsorshipWithdrawnDate />
        <bioguideId>K000009</bioguideId>
        <firstName>MARCY</firstName>
        <isOriginalCosponsor>True</isOriginalCosponsor>
      </item>
      <item>
        <state>NY</state>
        <identifiers>
          <gpoId>8072</gpoId>
          <bioguideId>C001067</bioguideId>
          <lisID>1864</lisID>
        </identifiers>
        <district>9</district>
        <sponsorshipDate>2017-09-12</sponsorshipDate>
        <lastName>Clarke</lastName>
        <fullName>Rep. Clarke, Yvette D. [D-NY-9]</fullName>
        <middleName>D.</middleName>
        <party>D</party>
        <sponsorshipWithdrawnDate />
        <bioguideId>C001067</bioguideId>
        <firstName>Yvette</firstName>
        <isOriginalCosponsor>True</isOriginalCosponsor>
      </item>
      <item>
        <state>MN</state>
        <identifiers>
          <bioguideId>E000288</bioguideId>
          <gpoId>8005</gpoId>
          <lisID>1857</lisID>
        </identifiers>
        <district>5</district>
        <sponsorshipDate>2017-09-12</sponsorshipDate>
        <lastName>Ellison</lastName>
        <fullName>Rep. Ellison, Keith [D-MN-5]</fullName>
        <middleName />
        <party>D</party>
        <sponsorshipWithdrawnDate />
        <bioguideId>E000288</bioguideId>
        <firstName>Keith</firstName>
        <isOriginalCosponsor>True</isOriginalCosponsor>
      </item>
      <item>
        <state>PA</state>
        <identifiers>
          <lisID>2298</lisID>
          <bioguideId>E000296</bioguideId>
          <gpoId />
        </identifiers>
        <district>2</district>
        <sponsorshipDate>2017-09-12</sponsorshipDate>
        <lastName>Evans</lastName>
        <fullName>Rep. Evans, Dwight [D-PA-2]</fullName>
        <middleName />
        <party>D</party>
        <sponsorshipWithdrawnDate />
        <bioguideId>E000296</bioguideId>
        <firstName>Dwight</firstName>
        <isOriginalCosponsor>True</isOriginalCosponsor>
      </item>
      <item>
        <state>DE</state>
        <identifiers>
          <lisID>2313</lisID>
          <bioguideId>B001303</bioguideId>
          <gpoId />
        </identifiers>
        <district>0</district>
        <sponsorshipDate>2017-09-12</sponsorshipDate>
        <lastName>Blunt Rochester</lastName>
        <fullName>Rep. Blunt Rochester, Lisa [D-DE-At Large]</fullName>
        <middleName />
        <party>D</party>
        <sponsorshipWithdrawnDate />
        <bioguideId>B001303</bioguideId>
        <firstName>Lisa</firstName>
        <isOriginalCosponsor>True</isOriginalCosponsor>
      </item>
      <item>
        <state>NY</state>
        <identifiers>
          <bioguideId>S000248</bioguideId>
          <gpoId>8077</gpoId>
          <lisID>1042</lisID>
        </identifiers>
        <district>15</district>
        <sponsorshipDate>2017-09-12</sponsorshipDate>
        <lastName>SERRANO</lastName>
        <fullName>Rep. Serrano, Jose E. [D-NY-15]</fullName>
        <middleName>E.</middleName>
        <party>D</party>
        <sponsorshipWithdrawnDate />
        <bioguideId>S000248</bioguideId>
        <firstName>JOSE</firstName>
        <isOriginalCosponsor>True</isOriginalCosponsor>
      </item>
      <item>
        <state>PA</state>
        <identifiers>
          <bioguideId>K000376</bioguideId>
          <lisID>2051</lisID>
          <gpoId>8708</gpoId>
        </identifiers>
        <district>3</district>
        <sponsorshipDate>2017-09-12</sponsorshipDate>
        <lastName>Kelly</lastName>
        <fullName>Rep. Kelly, Mike [R-PA-3]</fullName>
        <middleName />
        <party>R</party>
        <sponsorshipWithdrawnDate />
        <bioguideId>K000376</bioguideId>
        <firstName>Mike</firstName>
        <isOriginalCosponsor>True</isOriginalCosponsor>
      </item>
      <item>
        <state>GA</state>
        <identifiers>
          <gpoId>7910</gpoId>
          <lisID>1722</lisID>
          <bioguideId>S001157</bioguideId>
        </identifiers>
        <district>13</district>
        <sponsorshipDate>2017-09-12</sponsorshipDate>
        <lastName>Scott</lastName>
        <fullName>Rep. Scott, David [D-GA-13]</fullName>
        <middleName />
        <party>D</party>
        <sponsorshipWithdrawnDate />
        <bioguideId>S001157</bioguideId>
        <firstName>David</firstName>
        <isOriginalCosponsor>True</isOriginalCosponsor>
      </item>
      <item>
        <state>DC</state>
        <identifiers>
          <lisID>868</lisID>
          <gpoId>7871</gpoId>
          <bioguideId>N000147</bioguideId>
        </identifiers>
        <district>0</district>
        <sponsorshipDate>2017-09-12</sponsorshipDate>
        <lastName>NORTON</lastName>
        <fullName>Rep. Norton, Eleanor Holmes [D-DC-At Large]</fullName>
        <middleName>HOLMES</middleName>
        <party>D</party>
        <sponsorshipWithdrawnDate />
        <bioguideId>N000147</bioguideId>
        <firstName>ELEANOR</firstName>
        <isOriginalCosponsor>True</isOriginalCosponsor>
      </item>
      <item>
        <state>TX</state>
        <identifiers>
          <gpoId />
          <bioguideId>V000132</bioguideId>
          <lisID>2167</lisID>
        </identifiers>
        <district>34</district>
        <sponsorshipDate>2017-09-12</sponsorshipDate>
        <lastName>Vela</lastName>
        <fullName>Rep. Vela, Filemon [D-TX-34]</fullName>
        <middleName />
        <party>D</party>
        <sponsorshipWithdrawnDate />
        <bioguideId>V000132</bioguideId>
        <firstName>Filemon</firstName>
        <isOriginalCosponsor>True</isOriginalCosponsor>
      </item>
      <item>
        <state>IL</state>
        <identifiers>
          <gpoId>7929</gpoId>
          <lisID>1588</lisID>
          <bioguideId>S001145</bioguideId>
        </identifiers>
        <district>9</district>
        <sponsorshipDate>2017-09-12</sponsorshipDate>
        <lastName>SCHAKOWSKY</lastName>
        <fullName>Rep. Schakowsky, Janice D. [D-IL-9]</fullName>
        <middleName>D.</middleName>
        <party>D</party>
        <sponsorshipWithdrawnDate />
        <bioguideId>S001145</bioguideId>
        <firstName>JANICE</firstName>
        <isOriginalCosponsor>True</isOriginalCosponsor>
      </item>
      <item>
        <state>NJ</state>
        <identifiers>
          <lisID>1818</lisID>
          <bioguideId>S001165</bioguideId>
          <gpoId>8055</gpoId>
        </identifiers>
        <district>8</district>
        <sponsorshipDate>2017-09-12</sponsorshipDate>
        <lastName>Sires</lastName>
        <fullName>Rep. Sires, Albio [D-NJ-8]</fullName>
        <middleName />
        <party>D</party>
        <sponsorshipWithdrawnDate />
        <bioguideId>S001165</bioguideId>
        <firstName>Albio</firstName>
        <isOriginalCosponsor>True</isOriginalCosponsor>
      </item>
      <item>
        <state>CT</state>
        <identifiers>
          <gpoId>7867</gpoId>
          <lisID>1836</lisID>
          <bioguideId>C001069</bioguideId>
        </identifiers>
        <district>2</district>
        <sponsorshipDate>2017-09-12</sponsorshipDate>
        <lastName>Courtney</lastName>
        <fullName>Rep. Courtney, Joe [D-CT-2]</fullName>
        <middleName />
        <party>D</party>
        <sponsorshipWithdrawnDate />
        <bioguideId>C001069</bioguideId>
        <firstName>Joe</firstName>
        <isOriginalCosponsor>True</isOriginalCosponsor>
      </item>
      <item>
        <state>CA</state>
        <identifiers>
          <gpoId>7840</gpoId>
          <bioguideId>W000187</bioguideId>
          <lisID>1205</lisID>
        </identifiers>
        <district>43</district>
        <sponsorshipDate>2017-09-12</sponsorshipDate>
        <lastName>WATERS</lastName>
        <fullName>Rep. Waters, Maxine [D-CA-43]</fullName>
        <middleName />
        <party>D</party>
        <sponsorshipWithdrawnDate />
        <bioguideId>W000187</bioguideId>
        <firstName>MAXINE</firstName>
        <isOriginalCosponsor>True</isOriginalCosponsor>
      </item>
      <item>
        <state>TX</state>
        <identifiers>
          <lisID>588</lisID>
          <bioguideId>J000032</bioguideId>
          <gpoId>8174</gpoId>
        </identifiers>
        <district>18</district>
        <sponsorshipDate>2017-09-12</sponsorshipDate>
        <lastName>JACKSON LEE</lastName>
        <fullName>Rep. Jackson Lee, Sheila [D-TX-18]</fullName>
        <middleName />
        <party>D</party>
        <sponsorshipWithdrawnDate />
        <bioguideId>J000032</bioguideId>
        <firstName>SHEILA</firstName>
        <isOriginalCosponsor>True</isOriginalCosponsor>
      </item>
      <item>
        <state>IL</state>
        <identifiers>
          <lisID>1003</lisID>
          <bioguideId>R000515</bioguideId>
          <gpoId>7921</gpoId>
        </identifiers>
        <district>1</district>
        <sponsorshipDate>2017-09-12</sponsorshipDate>
        <lastName>RUSH</lastName>
        <fullName>Rep. Rush, Bobby L. [D-IL-1]</fullName>
        <middleName>L.</middleName>
        <party>D</party>
        <sponsorshipWithdrawnDate />
        <bioguideId>R000515</bioguideId>
        <firstName>BOBBY</firstName>
        <isOriginalCosponsor>True</isOriginalCosponsor>
      </item>
      <item>
        <state>MN</state>
        <identifiers>
          <gpoId>8004</gpoId>
          <bioguideId>M001143</bioguideId>
          <lisID>1653</lisID>
        </identifiers>
        <district>4</district>
        <sponsorshipDate>2017-09-12</sponsorshipDate>
        <lastName>MCCOLLUM</lastName>
        <fullName>Rep. McCollum, Betty [D-MN-4]</fullName>
        <middleName />
        <party>D</party>
        <sponsorshipWithdrawnDate />
        <bioguideId>M001143</bioguideId>
        <firstName>BETTY</firstName>
        <isOriginalCosponsor>True</isOriginalCosponsor>
      </item>
      <item>
        <state>IL</state>
        <identifiers>
          <lisID>1967</lisID>
          <bioguideId>Q000023</bioguideId>
          <gpoId>7925</gpoId>
        </identifiers>
        <district>5</district>
        <sponsorshipDate>2017-09-12</sponsorshipDate>
        <lastName>Quigley</lastName>
        <fullName>Rep. Quigley, Mike [D-IL-5]</fullName>
        <middleName />
        <party>D</party>
        <sponsorshipWithdrawnDate />
        <bioguideId>Q000023</bioguideId>
        <firstName>Mike</firstName>
        <isOriginalCosponsor>True</isOriginalCosponsor>
      </item>
      <item>
        <state>MA</state>
        <identifiers>
          <bioguideId>M001196</bioguideId>
          <gpoId />
          <lisID>2246</lisID>
        </identifiers>
        <district>6</district>
        <sponsorshipDate>2017-09-12</sponsorshipDate>
        <lastName>Moulton</lastName>
        <fullName>Rep. Moulton, Seth [D-MA-6]</fullName>
        <middleName />
        <party>D</party>
        <sponsorshipWithdrawnDate />
        <bioguideId>M001196</bioguideId>
        <firstName>Seth</firstName>
        <isOriginalCosponsor>True</isOriginalCosponsor>
      </item>
    </cosponsors>
    <summaries>
      <billSummaries>
        <item>
          <updateDate>2017-09-12T04:00:00Z</updateDate>
          <lastSummaryUpdateDate>2017-11-08T20:05:04Z</lastSummaryUpdateDate>
          <actionDate>2017-09-12</actionDate>
          <name>Introduced in House</name>
          <actionDesc>Introduced in House</actionDesc>
          <versionCode>00</versionCode>
          <text><![CDATA[<p>Denounces and opposes the violence, xenophobia, and bigotry promoted by white nationalists and neo-Nazis.</p> <p>Urges federal, state, and local law enforcement agencies to recognize white nationalist and neo-Nazi groups as terrorist organizations.</p>]]></text>
        </item>
      </billSummaries>
    </summaries>
    <policyArea>
      <name>Civil Rights and Liberties, Minority Issues</name>
    </policyArea>
    <latestAction>
      <links />
      <actionDate>2017-09-12</actionDate>
      <text>Referred to the House Committee on the Judiciary.</text>
    </latestAction>
    <updateDate>2018-02-06T16:39:28Z</updateDate>
    <committees>
      <billCommittees>
        <item>
          <subcommittees />
          <type>Standing</type>
          <systemCode>hsju00</systemCode>
          <activities>
            <item>
              <name>Referred to</name>
              <date>2017-09-12T14:00:41Z</date>
            </item>
          </activities>
          <name>Judiciary Committee</name>
          <chamber>House</chamber>
        </item>
      </billCommittees>
    </committees>
    <createDate>2017-09-13T03:11:18Z</createDate>
    <title>Denouncing and opposing the violence, xenophobia, and bigotry that are promoted by White nationalists and neo-Nazis.</title>
    <committeeReports />
    <calendarNumbers />
  </bill>
  <dublinCore xmlns:dc="http://purl.org/dc/elements/1.1/">
    <dc:format>text/xml</dc:format>
    <dc:language>EN</dc:language>
    <dc:rights>Pursuant to Title 17 Section 105 of the United States Code, this file is not subject to copyright protection and is in the public domain.</dc:rights>
    <dc:contributor>Congressional Research Service, Library of Congress</dc:contributor>
    <dc:description>This file contains bill summaries and statuses for federal legislation. A bill summary describes the most significant provisions of a piece of legislation and details the effects the legislative text may have on current law and federal programs. Bill summaries are authored by the Congressional Research Service (CRS) of the Library of Congress. As stated in Public Law 91-510 (2 USC 166 (d)(6)), one of the duties of CRS is "to prepare summaries and digests of bills and resolutions of a public general nature introduced in the Senate or House of Representatives". For more information, refer to the User Guide that accompanies this file.</dc:description>
  </dublinCore>
</billStatus>

