<?xml version="1.0" encoding="UTF-8"?>
<billStatus>
  <bill>
    <sponsors>
      <item>
        <fullName>Rep. Maloney, Carolyn B. [D-NY-12]</fullName>
        <lastName>MALONEY</lastName>
        <bioguideId>M000087</bioguideId>
        <party>D</party>
        <middleName>B.</middleName>
        <state>NY</state>
        <firstName>CAROLYN</firstName>
        <district>12</district>
        <byRequestType />
        <identifiers>
          <bioguideId>M000087</bioguideId>
          <lisID>729</lisID>
          <gpoId>8075</gpoId>
        </identifiers>
      </item>
    </sponsors>
    <laws />
    <version>1.0.0</version>
    <introducedDate>2017-05-02</introducedDate>
    <cboCostEstimates />
    <titles>
      <item>
        <titleType>Official Title as Introduced</titleType>
        <parentTitleType />
        <chamberName />
        <title>Expressing the sense of the Congress that the Parthenon Marbles should be returned to Greece.</title>
        <chamberCode />
      </item>
      <item>
        <titleType>Display Title</titleType>
        <parentTitleType />
        <chamberName />
        <title>Expressing the sense of the Congress that the Parthenon Marbles should be returned to Greece.</title>
        <chamberCode />
      </item>
    </titles>
    <amendments />
    <recordedVotes />
    <relatedBills />
    <constitutionalAuthorityStatementText />
    <billType>HCONRES</billType>
    <actions>
      <actionTypeCounts>
        <placeholderTextForH>1</placeholderTextForH>
        <introducedInTheHouse>1</introducedInTheHouse>
        <placeholderTextForB>1</placeholderTextForB>
        <billReferrals>1</billReferrals>
        <introducedInHouse>1</introducedInHouse>
      </actionTypeCounts>
      <item>
        <actionDate>2017-06-27</actionDate>
        <committee>
          <systemCode>hsfa14</systemCode>
          <name>Europe, Eurasia, and Emerging Threats Subcommittee</name>
        </committee>
        <links />
        <sourceSystem>
          <name>House committee actions</name>
          <code>1</code>
        </sourceSystem>
        <text>Referred to the Subcommittee on Europe, Eurasia, and Emerging Threats.</text>
        <type>Committee</type>
      </item>
      <item>
        <text>Referred to the House Committee on Foreign Affairs.</text>
        <links />
        <actionDate>2017-05-02</actionDate>
        <committee>
          <systemCode>hsfa00</systemCode>
          <name>Foreign Affairs Committee</name>
        </committee>
        <sourceSystem>
          <name>House floor actions</name>
          <code>2</code>
        </sourceSystem>
        <type>IntroReferral</type>
        <actionCode>H11100</actionCode>
      </item>
      <item>
        <text>Sponsor introductory remarks on measure. (CR E584)</text>
        <links>
          <link>
            <url>https://www.congress.gov/congressional-record/volume-163/extensions-of-remarks-section/page/E584</url>
            <name>E584</name>
          </link>
        </links>
        <actionDate>2017-05-02</actionDate>
        <committee />
        <sourceSystem>
          <name>Library of Congress</name>
          <code>9</code>
        </sourceSystem>
        <type>IntroReferral</type>
        <actionCode>B00100</actionCode>
      </item>
      <item>
        <text>Introduced in House</text>
        <links />
        <actionDate>2017-05-02</actionDate>
        <committee />
        <sourceSystem>
          <name>Library of Congress</name>
          <code>9</code>
        </sourceSystem>
        <type>IntroReferral</type>
        <actionCode>Intro-H</actionCode>
      </item>
      <item>
        <text>Introduced in House</text>
        <links />
        <actionDate>2017-05-02</actionDate>
        <committee />
        <sourceSystem>
          <name>Library of Congress</name>
          <code>9</code>
        </sourceSystem>
        <type>IntroReferral</type>
        <actionCode>1000</actionCode>
      </item>
      <actionByCounts>
        <houseOfRepresentatives>4</houseOfRepresentatives>
      </actionByCounts>
    </actions>
    <notes />
    <originChamber>House</originChamber>
    <congress>115</congress>
    <subjects>
      <billSubjects>
        <legislativeSubjects>
          <item>
            <name>Art, artists, authorship</name>
          </item>
          <item>
            <name>Diplomacy, foreign officials, Americans abroad</name>
          </item>
          <item>
            <name>Europe</name>
          </item>
          <item>
            <name>Greece</name>
          </item>
          <item>
            <name>Historical and cultural resources</name>
          </item>
          <item>
            <name>United Kingdom</name>
          </item>
        </legislativeSubjects>
        <policyArea>
          <name>International Affairs</name>
        </policyArea>
      </billSubjects>
    </subjects>
    <billNumber>51</billNumber>
    <cosponsors>
      <item>
        <isOriginalCosponsor>True</isOriginalCosponsor>
        <firstName>Gus</firstName>
        <party>R</party>
        <sponsorshipDate>2017-05-02</sponsorshipDate>
        <lastName>Bilirakis</lastName>
        <bioguideId>B001257</bioguideId>
        <middleName>M.</middleName>
        <identifiers>
          <lisID>1838</lisID>
          <bioguideId>B001257</bioguideId>
          <gpoId>7881</gpoId>
        </identifiers>
        <fullName>Rep. Bilirakis, Gus M. [R-FL-12]</fullName>
        <state>FL</state>
        <district>12</district>
        <sponsorshipWithdrawnDate />
      </item>
      <item>
        <isOriginalCosponsor>True</isOriginalCosponsor>
        <firstName>Donald</firstName>
        <party>D</party>
        <sponsorshipDate>2017-05-02</sponsorshipDate>
        <lastName>Payne</lastName>
        <bioguideId>P000604</bioguideId>
        <middleName>M.</middleName>
        <identifiers>
          <gpoId>8373</gpoId>
          <bioguideId>P000604</bioguideId>
          <lisID>2097</lisID>
        </identifiers>
        <fullName>Rep. Payne, Donald M., Jr. [D-NJ-10]</fullName>
        <state>NJ</state>
        <district>10</district>
        <sponsorshipWithdrawnDate />
      </item>
      <item>
        <isOriginalCosponsor>False</isOriginalCosponsor>
        <firstName>JAMES</firstName>
        <party>D</party>
        <sponsorshipDate>2017-05-19</sponsorshipDate>
        <lastName>MCGOVERN</lastName>
        <bioguideId>M000312</bioguideId>
        <middleName>P.</middleName>
        <identifiers>
          <bioguideId>M000312</bioguideId>
          <lisID>1504</lisID>
          <gpoId>7968</gpoId>
        </identifiers>
        <fullName>Rep. McGovern, James P. [D-MA-2]</fullName>
        <state>MA</state>
        <district>2</district>
        <sponsorshipWithdrawnDate />
      </item>
      <item>
        <isOriginalCosponsor>False</isOriginalCosponsor>
        <firstName>Dina</firstName>
        <party>D</party>
        <sponsorshipDate>2017-06-06</sponsorshipDate>
        <lastName>Titus</lastName>
        <bioguideId>T000468</bioguideId>
        <middleName />
        <identifiers>
          <lisID>1940</lisID>
          <gpoId>7493</gpoId>
          <bioguideId>T000468</bioguideId>
        </identifiers>
        <fullName>Rep. Titus, Dina [D-NV-1]</fullName>
        <state>NV</state>
        <district>1</district>
        <sponsorshipWithdrawnDate />
      </item>
      <item>
        <isOriginalCosponsor>False</isOriginalCosponsor>
        <firstName>Daniel</firstName>
        <party>R</party>
        <sponsorshipDate>2017-06-28</sponsorshipDate>
        <lastName>Donovan</lastName>
        <bioguideId>D000625</bioguideId>
        <middleName>M.</middleName>
        <identifiers>
          <lisID>2293</lisID>
          <bioguideId>D000625</bioguideId>
          <gpoId />
        </identifiers>
        <fullName>Rep. Donovan, Daniel M., Jr. [R-NY-11]</fullName>
        <state>NY</state>
        <district>11</district>
        <sponsorshipWithdrawnDate />
      </item>
      <item>
        <isOriginalCosponsor>False</isOriginalCosponsor>
        <firstName>Josh</firstName>
        <party>D</party>
        <sponsorshipDate>2017-07-11</sponsorshipDate>
        <lastName>Gottheimer</lastName>
        <bioguideId>G000583</bioguideId>
        <middleName />
        <identifiers>
          <bioguideId>G000583</bioguideId>
          <gpoId />
          <lisID>2338</lisID>
        </identifiers>
        <fullName>Rep. Gottheimer, Josh [D-NJ-5]</fullName>
        <state>NJ</state>
        <district>5</district>
        <sponsorshipWithdrawnDate />
      </item>
      <item>
        <isOriginalCosponsor>False</isOriginalCosponsor>
        <firstName>Raja</firstName>
        <party>D</party>
        <sponsorshipDate>2017-09-12</sponsorshipDate>
        <lastName>Krishnamoorthi</lastName>
        <bioguideId>K000391</bioguideId>
        <middleName />
        <identifiers>
          <lisID>2325</lisID>
          <gpoId />
          <bioguideId>K000391</bioguideId>
        </identifiers>
        <fullName>Rep. Krishnamoorthi, Raja [D-IL-8]</fullName>
        <state>IL</state>
        <district>8</district>
        <sponsorshipWithdrawnDate />
      </item>
    </cosponsors>
    <summaries>
      <billSummaries>
        <item>
          <text><![CDATA[<p>Expresses the sense of Congress that the United Kingdom should enter into negotiations with Greece to facilitate the return of the Parthenon Marbles to Greece. </p>]]></text>
          <actionDate>2017-05-02</actionDate>
          <updateDate>2017-05-02T04:00:00Z</updateDate>
          <lastSummaryUpdateDate>2017-05-20T13:29:35Z</lastSummaryUpdateDate>
          <name>Introduced in House</name>
          <actionDesc>Introduced in House</actionDesc>
          <versionCode>00</versionCode>
        </item>
      </billSummaries>
    </summaries>
    <policyArea>
      <name>International Affairs</name>
    </policyArea>
    <latestAction>
      <links />
      <actionDate>2017-06-27</actionDate>
      <text>Referred to the Subcommittee on Europe, Eurasia, and Emerging Threats.</text>
    </latestAction>
    <updateDate>2018-02-06T16:39:22Z</updateDate>
    <committees>
      <billCommittees>
        <item>
          <systemCode>hsfa00</systemCode>
          <name>Foreign Affairs Committee</name>
          <type>Standing</type>
          <activities>
            <item>
              <name>Referred to</name>
              <date>2017-05-02T14:02:00Z</date>
            </item>
          </activities>
          <chamber>House</chamber>
          <subcommittees>
            <item>
              <activities>
                <item>
                  <name>Referred to</name>
                  <date>2017-06-27T16:45:35Z</date>
                </item>
              </activities>
              <systemCode>hsfa14</systemCode>
              <name>Europe, Eurasia, and Emerging Threats Subcommittee</name>
            </item>
          </subcommittees>
        </item>
      </billCommittees>
    </committees>
    <createDate>2017-05-03T03:11:39Z</createDate>
    <title>Expressing the sense of the Congress that the Parthenon Marbles should be returned to Greece.</title>
    <committeeReports />
    <calendarNumbers />
  </bill>
  <dublinCore xmlns:dc="http://purl.org/dc/elements/1.1/">
    <dc:format>text/xml</dc:format>
    <dc:language>EN</dc:language>
    <dc:rights>Pursuant to Title 17 Section 105 of the United States Code, this file is not subject to copyright protection and is in the public domain.</dc:rights>
    <dc:contributor>Congressional Research Service, Library of Congress</dc:contributor>
    <dc:description>This file contains bill summaries and statuses for federal legislation. A bill summary describes the most significant provisions of a piece of legislation and details the effects the legislative text may have on current law and federal programs. Bill summaries are authored by the Congressional Research Service (CRS) of the Library of Congress. As stated in Public Law 91-510 (2 USC 166 (d)(6)), one of the duties of CRS is "to prepare summaries and digests of bills and resolutions of a public general nature introduced in the Senate or House of Representatives". For more information, refer to the User Guide that accompanies this file.</dc:description>
  </dublinCore>
</billStatus>

