<?xml version="1.0" encoding="UTF-8"?>
<billStatus>
  <bill>
    <policyArea>
      <name>International Affairs</name>
    </policyArea>
    <introducedDate>2017-05-24</introducedDate>
    <cosponsors>
      <item>
        <bioguideId>S001190</bioguideId>
        <district>10</district>
        <isOriginalCosponsor>True</isOriginalCosponsor>
        <sponsorshipWithdrawnDate />
        <lastName>Schneider</lastName>
        <state>IL</state>
        <fullName>Rep. Schneider, Bradley Scott [D-IL-10]</fullName>
        <sponsorshipDate>2017-05-24</sponsorshipDate>
        <middleName>Scott</middleName>
        <firstName>Bradley</firstName>
        <party>D</party>
        <identifiers>
          <bioguideId>S001190</bioguideId>
          <lisID>2124</lisID>
          <gpoId />
        </identifiers>
      </item>
      <item>
        <bioguideId>H001053</bioguideId>
        <district>4</district>
        <isOriginalCosponsor>True</isOriginalCosponsor>
        <sponsorshipWithdrawnDate />
        <lastName>Hartzler</lastName>
        <state>MO</state>
        <fullName>Rep. Hartzler, Vicky [R-MO-4]</fullName>
        <sponsorshipDate>2017-05-24</sponsorshipDate>
        <middleName />
        <firstName>Vicky</firstName>
        <party>R</party>
        <identifiers>
          <gpoId>8012</gpoId>
          <bioguideId>H001053</bioguideId>
          <lisID>2032</lisID>
        </identifiers>
      </item>
      <item>
        <bioguideId>W000812</bioguideId>
        <district>2</district>
        <isOriginalCosponsor>True</isOriginalCosponsor>
        <sponsorshipWithdrawnDate />
        <lastName>Wagner</lastName>
        <state>MO</state>
        <fullName>Rep. Wagner, Ann [R-MO-2]</fullName>
        <sponsorshipDate>2017-05-24</sponsorshipDate>
        <middleName />
        <firstName>Ann</firstName>
        <party>R</party>
        <identifiers>
          <lisID>2137</lisID>
          <gpoId />
          <bioguideId>W000812</bioguideId>
        </identifiers>
      </item>
      <item>
        <bioguideId>E000296</bioguideId>
        <district>2</district>
        <isOriginalCosponsor>False</isOriginalCosponsor>
        <sponsorshipWithdrawnDate />
        <lastName>Evans</lastName>
        <state>PA</state>
        <fullName>Rep. Evans, Dwight [D-PA-2]</fullName>
        <sponsorshipDate>2017-06-06</sponsorshipDate>
        <middleName />
        <firstName>Dwight</firstName>
        <party>D</party>
        <identifiers>
          <lisID>2298</lisID>
          <bioguideId>E000296</bioguideId>
          <gpoId />
        </identifiers>
      </item>
      <item>
        <bioguideId>N000184</bioguideId>
        <district>0</district>
        <isOriginalCosponsor>False</isOriginalCosponsor>
        <sponsorshipWithdrawnDate />
        <lastName>Noem</lastName>
        <state>SD</state>
        <fullName>Rep. Noem, Kristi L. [R-SD-At Large]</fullName>
        <sponsorshipDate>2017-06-08</sponsorshipDate>
        <middleName>L.</middleName>
        <firstName>Kristi</firstName>
        <party>R</party>
        <identifiers>
          <bioguideId>N000184</bioguideId>
          <lisID>2060</lisID>
          <gpoId>8147</gpoId>
        </identifiers>
      </item>
      <item>
        <bioguideId>P000592</bioguideId>
        <district>2</district>
        <isOriginalCosponsor>False</isOriginalCosponsor>
        <sponsorshipWithdrawnDate />
        <lastName>Poe</lastName>
        <state>TX</state>
        <fullName>Rep. Poe, Ted [R-TX-2]</fullName>
        <sponsorshipDate>2017-06-12</sponsorshipDate>
        <middleName />
        <firstName>Ted</firstName>
        <party>R</party>
        <identifiers>
          <bioguideId>P000592</bioguideId>
          <lisID>1802</lisID>
          <gpoId>8158</gpoId>
        </identifiers>
      </item>
      <item>
        <bioguideId>M001194</bioguideId>
        <district>4</district>
        <isOriginalCosponsor>False</isOriginalCosponsor>
        <sponsorshipWithdrawnDate />
        <lastName>Moolenaar</lastName>
        <state>MI</state>
        <fullName>Rep. Moolenaar, John R. [R-MI-4]</fullName>
        <sponsorshipDate>2017-06-22</sponsorshipDate>
        <middleName>R.</middleName>
        <firstName>John</firstName>
        <party>R</party>
        <identifiers>
          <bioguideId>M001194</bioguideId>
          <lisID>2248</lisID>
          <gpoId />
        </identifiers>
      </item>
      <item>
        <bioguideId>W000814</bioguideId>
        <district>14</district>
        <isOriginalCosponsor>False</isOriginalCosponsor>
        <sponsorshipWithdrawnDate />
        <lastName>Weber</lastName>
        <state>TX</state>
        <fullName>Rep. Weber, Randy K., Sr. [R-TX-14]</fullName>
        <sponsorshipDate>2017-06-22</sponsorshipDate>
        <middleName>K.</middleName>
        <firstName>Randy</firstName>
        <party>R</party>
        <identifiers>
          <bioguideId>W000814</bioguideId>
          <gpoId />
          <lisID>2161</lisID>
        </identifiers>
      </item>
      <item>
        <bioguideId>M001199</bioguideId>
        <district>18</district>
        <isOriginalCosponsor>False</isOriginalCosponsor>
        <sponsorshipWithdrawnDate />
        <lastName>Mast</lastName>
        <state>FL</state>
        <fullName>Rep. Mast, Brian J. [R-FL-18]</fullName>
        <sponsorshipDate>2017-06-22</sponsorshipDate>
        <middleName>J.</middleName>
        <firstName>Brian</firstName>
        <party>R</party>
        <identifiers>
          <lisID>2322</lisID>
          <bioguideId>M001199</bioguideId>
          <gpoId />
        </identifiers>
      </item>
      <item>
        <bioguideId>K000381</bioguideId>
        <district>6</district>
        <isOriginalCosponsor>False</isOriginalCosponsor>
        <sponsorshipWithdrawnDate />
        <lastName>Kilmer</lastName>
        <state>WA</state>
        <fullName>Rep. Kilmer, Derek [D-WA-6]</fullName>
        <sponsorshipDate>2017-06-22</sponsorshipDate>
        <middleName />
        <firstName>Derek</firstName>
        <party>D</party>
        <identifiers>
          <lisID>2169</lisID>
          <gpoId />
          <bioguideId>K000381</bioguideId>
        </identifiers>
      </item>
    </cosponsors>
    <titles>
      <item>
        <chamberCode />
        <title>To urge the President to direct the United States representative to the United Nations to use the voice and vote of the United States to hold the United Nations and its member states accountable for allegations of sexual abuse and exploitation by United Nations peacekeepers.</title>
        <titleType>Official Title as Introduced</titleType>
        <parentTitleType />
        <chamberName />
      </item>
      <item>
        <chamberCode />
        <title>To urge the President to direct the United States representative to the United Nations to use the voice and vote of the United States to hold the United Nations and its member states accountable for allegations of sexual abuse and exploitation by United Nations peacekeepers.</title>
        <titleType>Display Title</titleType>
        <parentTitleType />
        <chamberName />
      </item>
    </titles>
    <congress>115</congress>
    <recordedVotes />
    <amendments />
    <laws />
    <cboCostEstimates />
    <actions>
      <actionByCounts>
        <houseOfRepresentatives>3</houseOfRepresentatives>
      </actionByCounts>
      <actionTypeCounts>
        <introducedInTheHouse>1</introducedInTheHouse>
        <billReferrals>1</billReferrals>
        <introducedInHouse>1</introducedInHouse>
      </actionTypeCounts>
      <item>
        <text>Referred to the House Committee on Foreign Affairs.</text>
        <links />
        <sourceSystem>
          <code>2</code>
          <name>House floor actions</name>
        </sourceSystem>
        <actionCode>H11100</actionCode>
        <type>IntroReferral</type>
        <committee>
          <name>Foreign Affairs Committee</name>
          <systemCode>hsfa00</systemCode>
        </committee>
        <actionDate>2017-05-24</actionDate>
      </item>
      <item>
        <text>Introduced in House</text>
        <links />
        <sourceSystem>
          <code>9</code>
          <name>Library of Congress</name>
        </sourceSystem>
        <actionCode>Intro-H</actionCode>
        <type>IntroReferral</type>
        <committee />
        <actionDate>2017-05-24</actionDate>
      </item>
      <item>
        <text>Introduced in House</text>
        <links />
        <sourceSystem>
          <code>9</code>
          <name>Library of Congress</name>
        </sourceSystem>
        <actionCode>1000</actionCode>
        <type>IntroReferral</type>
        <committee />
        <actionDate>2017-05-24</actionDate>
      </item>
    </actions>
    <updateDate>2018-02-06T16:39:23Z</updateDate>
    <summaries>
      <billSummaries>
        <item>
          <lastSummaryUpdateDate>2017-09-06T19:29:09Z</lastSummaryUpdateDate>
          <updateDate>2017-05-24T04:00:00Z</updateDate>
          <versionCode>00</versionCode>
          <text><![CDATA[<p>Condemns all forms of sexual abuse and exploitation perpetrated by United Nations (U.N.) peacekeepers.</p> <p>Urges the President to direct the U.S. representative to the U.N. to use the voice and vote of the United States to: (1) confront the issue of sexual abuse and exploitation within the U.N., (2) establish a clear policy to hold troop-contributing countries accountable, and (3) assist the U.N. in providing victims justice.</p> <p>Calls for other member states and troop-contributing countries to fully investigate allegations of sexual abuse and exploitation by peacekeepers and to take appropriate actions to bring perpetrators to justice.</p> <ul> </ul>]]></text>
          <name>Introduced in House</name>
          <actionDesc>Introduced in House</actionDesc>
          <actionDate>2017-05-24</actionDate>
        </item>
      </billSummaries>
    </summaries>
    <title>To urge the President to direct the United States representative to the United Nations to use the voice and vote of the United States to hold the United Nations and its member states accountable for allegations of sexual abuse and exploitation by United Nations peacekeepers.</title>
    <calendarNumbers />
    <originChamber>House</originChamber>
    <constitutionalAuthorityStatementText />
    <notes />
    <billType>HCONRES</billType>
    <committees>
      <billCommittees>
        <item>
          <name>Foreign Affairs Committee</name>
          <chamber>House</chamber>
          <type>Standing</type>
          <subcommittees />
          <systemCode>hsfa00</systemCode>
          <activities>
            <item>
              <name>Referred to</name>
              <date>2017-05-24T14:01:40Z</date>
            </item>
          </activities>
        </item>
      </billCommittees>
    </committees>
    <latestAction>
      <text>Referred to the House Committee on Foreign Affairs.</text>
      <actionDate>2017-05-24</actionDate>
      <links />
    </latestAction>
    <committeeReports />
    <billNumber>62</billNumber>
    <sponsors>
      <item>
        <byRequestType />
        <state>NY</state>
        <bioguideId>T000478</bioguideId>
        <identifiers>
          <bioguideId>T000478</bioguideId>
          <lisID>2344</lisID>
          <gpoId />
        </identifiers>
        <fullName>Rep. Tenney, Claudia [R-NY-22]</fullName>
        <district>22</district>
        <lastName>Tenney</lastName>
        <firstName>Claudia</firstName>
        <middleName />
        <party>R</party>
      </item>
    </sponsors>
    <subjects>
      <billSubjects>
        <legislativeSubjects>
          <item>
            <name>Conflicts and wars</name>
          </item>
          <item>
            <name>Crime victims</name>
          </item>
          <item>
            <name>Crimes against children</name>
          </item>
          <item>
            <name>Crimes against women</name>
          </item>
          <item>
            <name>Criminal investigation, prosecution, interrogation</name>
          </item>
          <item>
            <name>Military personnel and dependents</name>
          </item>
          <item>
            <name>Sex offenses</name>
          </item>
          <item>
            <name>United Nations</name>
          </item>
        </legislativeSubjects>
        <policyArea>
          <name>International Affairs</name>
        </policyArea>
      </billSubjects>
    </subjects>
    <createDate>2017-05-25T03:11:37Z</createDate>
    <version>1.0.0</version>
    <relatedBills />
  </bill>
  <dublinCore xmlns:dc="http://purl.org/dc/elements/1.1/">
    <dc:format>text/xml</dc:format>
    <dc:language>EN</dc:language>
    <dc:rights>Pursuant to Title 17 Section 105 of the United States Code, this file is not subject to copyright protection and is in the public domain.</dc:rights>
    <dc:contributor>Congressional Research Service, Library of Congress</dc:contributor>
    <dc:description>This file contains bill summaries and statuses for federal legislation. A bill summary describes the most significant provisions of a piece of legislation and details the effects the legislative text may have on current law and federal programs. Bill summaries are authored by the Congressional Research Service (CRS) of the Library of Congress. As stated in Public Law 91-510 (2 USC 166 (d)(6)), one of the duties of CRS is "to prepare summaries and digests of bills and resolutions of a public general nature introduced in the Senate or House of Representatives". For more information, refer to the User Guide that accompanies this file.</dc:description>
  </dublinCore>
</billStatus>

