<?xml version="1.0" encoding="UTF-8"?>
<billStatus>
  <bill>
    <updateDate>2018-02-28T23:30:11Z</updateDate>
    <cboCostEstimates />
    <latestAction>
      <text>Referred to the House Committee on Science, Space, and Technology.</text>
      <links />
      <actionDate>2018-02-27</actionDate>
    </latestAction>
    <billNumber>109</billNumber>
    <committeeReports />
    <title>WeissSat-1 Resolution</title>
    <summaries>
      <billSummaries />
    </summaries>
    <billType>HCONRES</billType>
    <relatedBills />
    <calendarNumbers />
    <subjects>
      <billSubjects>
        <legislativeSubjects />
        <policyArea>
          <name>Science, Technology, Communications</name>
        </policyArea>
      </billSubjects>
    </subjects>
    <policyArea>
      <name>Science, Technology, Communications</name>
    </policyArea>
    <committees>
      <billCommittees>
        <item>
          <type>Standing</type>
          <chamber>House</chamber>
          <name>Science, Space, and Technology Committee</name>
          <activities>
            <item>
              <name>Referred to</name>
              <date>2018-02-27T15:02:05Z</date>
            </item>
          </activities>
          <subcommittees />
          <systemCode>hssy00</systemCode>
        </item>
      </billCommittees>
    </committees>
    <createDate>2018-02-28T08:10:56Z</createDate>
    <laws />
    <recordedVotes />
    <cosponsors>
      <item>
        <isOriginalCosponsor>True</isOriginalCosponsor>
        <bioguideId>H000324</bioguideId>
        <district>20</district>
        <state>FL</state>
        <identifiers>
          <bioguideId>H000324</bioguideId>
          <lisID>511</lisID>
          <gpoId>7895</gpoId>
        </identifiers>
        <fullName>Rep. Hastings, Alcee L. [D-FL-20]</fullName>
        <middleName>L.</middleName>
        <sponsorshipWithdrawnDate />
        <firstName>ALCEE</firstName>
        <sponsorshipDate>2018-02-27</sponsorshipDate>
        <party>D</party>
        <lastName>HASTINGS</lastName>
      </item>
      <item>
        <isOriginalCosponsor>True</isOriginalCosponsor>
        <bioguideId>D000628</bioguideId>
        <district>2</district>
        <state>FL</state>
        <identifiers>
          <lisID>2315</lisID>
          <gpoId />
          <bioguideId>D000628</bioguideId>
        </identifiers>
        <fullName>Rep. Dunn, Neal P. [R-FL-2]</fullName>
        <middleName>P.</middleName>
        <sponsorshipWithdrawnDate />
        <firstName>Neal</firstName>
        <sponsorshipDate>2018-02-27</sponsorshipDate>
        <party>R</party>
        <lastName>Dunn</lastName>
      </item>
      <item>
        <isOriginalCosponsor>True</isOriginalCosponsor>
        <bioguideId>W000797</bioguideId>
        <district>23</district>
        <state>FL</state>
        <identifiers>
          <gpoId>7892</gpoId>
          <lisID>1777</lisID>
          <bioguideId>W000797</bioguideId>
        </identifiers>
        <fullName>Rep. Wasserman Schultz, Debbie [D-FL-23]</fullName>
        <middleName />
        <sponsorshipWithdrawnDate />
        <firstName>Debbie</firstName>
        <sponsorshipDate>2018-02-27</sponsorshipDate>
        <party>D</party>
        <lastName>Wasserman Schultz</lastName>
      </item>
      <item>
        <isOriginalCosponsor>True</isOriginalCosponsor>
        <bioguideId>D000621</bioguideId>
        <district>6</district>
        <state>FL</state>
        <identifiers>
          <bioguideId>D000621</bioguideId>
          <gpoId />
          <lisID>2116</lisID>
        </identifiers>
        <fullName>Rep. DeSantis, Ron [R-FL-6]</fullName>
        <middleName />
        <sponsorshipWithdrawnDate />
        <firstName>Ron</firstName>
        <sponsorshipDate>2018-02-27</sponsorshipDate>
        <party>R</party>
        <lastName>DeSantis</lastName>
      </item>
      <item>
        <isOriginalCosponsor>True</isOriginalCosponsor>
        <bioguideId>C001111</bioguideId>
        <district>13</district>
        <state>FL</state>
        <identifiers>
          <lisID>2321</lisID>
          <gpoId />
          <bioguideId>C001111</bioguideId>
        </identifiers>
        <fullName>Rep. Crist, Charlie [D-FL-13]</fullName>
        <middleName />
        <sponsorshipWithdrawnDate />
        <firstName>Charlie</firstName>
        <sponsorshipDate>2018-02-27</sponsorshipDate>
        <party>D</party>
        <lastName>Crist</lastName>
      </item>
      <item>
        <isOriginalCosponsor>True</isOriginalCosponsor>
        <bioguideId>P000599</bioguideId>
        <district>8</district>
        <state>FL</state>
        <identifiers>
          <bioguideId>P000599</bioguideId>
          <lisID>1915</lisID>
          <gpoId>7887</gpoId>
        </identifiers>
        <fullName>Rep. Posey, Bill [R-FL-8]</fullName>
        <middleName />
        <sponsorshipWithdrawnDate />
        <firstName>Bill</firstName>
        <sponsorshipDate>2018-02-27</sponsorshipDate>
        <party>R</party>
        <lastName>Posey</lastName>
      </item>
      <item>
        <isOriginalCosponsor>True</isOriginalCosponsor>
        <bioguideId>W000806</bioguideId>
        <district>11</district>
        <state>FL</state>
        <identifiers>
          <gpoId>7880</gpoId>
          <lisID>2002</lisID>
          <bioguideId>W000806</bioguideId>
        </identifiers>
        <fullName>Rep. Webster, Daniel [R-FL-11]</fullName>
        <middleName />
        <sponsorshipWithdrawnDate />
        <firstName>Daniel</firstName>
        <sponsorshipDate>2018-02-27</sponsorshipDate>
        <party>R</party>
        <lastName>Webster</lastName>
      </item>
      <item>
        <isOriginalCosponsor>True</isOriginalCosponsor>
        <bioguideId>R000593</bioguideId>
        <district>15</district>
        <state>FL</state>
        <identifiers>
          <bioguideId>R000593</bioguideId>
          <lisID>2003</lisID>
          <gpoId>7884</gpoId>
        </identifiers>
        <fullName>Rep. Ross, Dennis A. [R-FL-15]</fullName>
        <middleName>A.</middleName>
        <sponsorshipWithdrawnDate />
        <firstName>Dennis</firstName>
        <sponsorshipDate>2018-02-27</sponsorshipDate>
        <party>R</party>
        <lastName>Ross</lastName>
      </item>
      <item>
        <isOriginalCosponsor>True</isOriginalCosponsor>
        <bioguideId>S001200</bioguideId>
        <district>9</district>
        <state>FL</state>
        <identifiers>
          <bioguideId>S001200</bioguideId>
          <gpoId />
          <lisID>2319</lisID>
        </identifiers>
        <fullName>Rep. Soto, Darren [D-FL-9]</fullName>
        <middleName />
        <sponsorshipWithdrawnDate />
        <firstName>Darren</firstName>
        <sponsorshipDate>2018-02-27</sponsorshipDate>
        <party>D</party>
        <lastName>Soto</lastName>
      </item>
      <item>
        <isOriginalCosponsor>True</isOriginalCosponsor>
        <bioguideId>B001257</bioguideId>
        <district>12</district>
        <state>FL</state>
        <identifiers>
          <bioguideId>B001257</bioguideId>
          <lisID>1838</lisID>
          <gpoId>7881</gpoId>
        </identifiers>
        <fullName>Rep. Bilirakis, Gus M. [R-FL-12]</fullName>
        <middleName>M.</middleName>
        <sponsorshipWithdrawnDate />
        <firstName>Gus</firstName>
        <sponsorshipDate>2018-02-27</sponsorshipDate>
        <party>R</party>
        <lastName>Bilirakis</lastName>
      </item>
    </cosponsors>
    <originChamber>House</originChamber>
    <sponsors>
      <item>
        <bioguideId>M001199</bioguideId>
        <firstName>Brian</firstName>
        <lastName>Mast</lastName>
        <fullName>Rep. Mast, Brian J. [R-FL-18]</fullName>
        <state>FL</state>
        <district>18</district>
        <middleName>J.</middleName>
        <byRequestType />
        <identifiers>
          <lisID>2322</lisID>
          <gpoId />
          <bioguideId>M001199</bioguideId>
        </identifiers>
        <party>R</party>
      </item>
    </sponsors>
    <introducedDate>2018-02-27</introducedDate>
    <amendments />
    <notes />
    <version>1.0.0</version>
    <congress>115</congress>
    <titles>
      <item>
        <parentTitleType />
        <titleType>Short Titles as Introduced</titleType>
        <title>WeissSat-1 Resolution</title>
        <chamberCode />
        <chamberName />
      </item>
      <item>
        <parentTitleType />
        <titleType>Official Title as Introduced</titleType>
        <title>Expressing support for the CubeSat Launch Initiative and recognizing the development of WeissSat-1.</title>
        <chamberCode />
        <chamberName />
      </item>
      <item>
        <parentTitleType />
        <titleType>Display Title</titleType>
        <title>WeissSat-1 Resolution</title>
        <chamberCode />
        <chamberName />
      </item>
      <item>
        <parentTitleType />
        <titleType>(Extracted from GPO) Short Titles as Introduced</titleType>
        <title>WeissSat–1 Resolution</title>
        <chamberCode />
        <chamberName />
      </item>
    </titles>
    <actions>
      <actionByCounts>
        <houseOfRepresentatives>3</houseOfRepresentatives>
      </actionByCounts>
      <actionTypeCounts>
        <introducedInHouse>1</introducedInHouse>
        <billReferrals>1</billReferrals>
        <placeholderTextForB>1</placeholderTextForB>
        <introducedInTheHouse>1</introducedInTheHouse>
      </actionTypeCounts>
      <item>
        <links />
        <committee>
          <name>Science, Space, and Technology Committee</name>
          <systemCode>hssy00</systemCode>
        </committee>
        <actionDate>2018-02-27</actionDate>
        <text>Referred to the House Committee on Science, Space, and Technology.</text>
        <sourceSystem>
          <name>House floor actions</name>
          <code>2</code>
        </sourceSystem>
        <type>IntroReferral</type>
        <actionCode>H11100</actionCode>
      </item>
      <item>
        <links>
          <link>
            <name>H1274</name>
            <url>https://www.congress.gov/congressional-record/volume-164/house-section/page/H1274</url>
          </link>
        </links>
        <committee />
        <actionDate>2018-02-27</actionDate>
        <text>Sponsor introductory remarks on measure. (CR H1274)</text>
        <sourceSystem>
          <name>Library of Congress</name>
          <code>9</code>
        </sourceSystem>
        <type>IntroReferral</type>
        <actionCode>B00100</actionCode>
      </item>
      <item>
        <links />
        <committee />
        <actionDate>2018-02-27</actionDate>
        <text>Introduced in House</text>
        <sourceSystem>
          <name>Library of Congress</name>
          <code>9</code>
        </sourceSystem>
        <type>IntroReferral</type>
        <actionCode>Intro-H</actionCode>
      </item>
      <item>
        <links />
        <committee />
        <actionDate>2018-02-27</actionDate>
        <text>Introduced in House</text>
        <sourceSystem>
          <name>Library of Congress</name>
          <code>9</code>
        </sourceSystem>
        <type>IntroReferral</type>
        <actionCode>1000</actionCode>
      </item>
    </actions>
    <constitutionalAuthorityStatementText />
  </bill>
  <dublinCore xmlns:dc="http://purl.org/dc/elements/1.1/">
    <dc:format>text/xml</dc:format>
    <dc:language>EN</dc:language>
    <dc:rights>Pursuant to Title 17 Section 105 of the United States Code, this file is not subject to copyright protection and is in the public domain.</dc:rights>
    <dc:contributor>Congressional Research Service, Library of Congress</dc:contributor>
    <dc:description>This file contains bill summaries and statuses for federal legislation. A bill summary describes the most significant provisions of a piece of legislation and details the effects the legislative text may have on current law and federal programs. Bill summaries are authored by the Congressional Research Service (CRS) of the Library of Congress. As stated in Public Law 91-510 (2 USC 166 (d)(6)), one of the duties of CRS is "to prepare summaries and digests of bills and resolutions of a public general nature introduced in the Senate or House of Representatives". For more information, refer to the User Guide that accompanies this file.</dc:description>
  </dublinCore>
</billStatus>

