<?xml version="1.0" encoding="UTF-8"?>
<billStatus>
  <bill>
    <introducedDate>2017-01-04</introducedDate>
    <congress>115</congress>
    <latestAction>
      <actionDate>2017-01-04</actionDate>
      <links />
      <text>Referred to the House Committee on Oversight and Government Reform.</text>
    </latestAction>
    <originChamber>House</originChamber>
    <billNumber>5</billNumber>
    <sponsors>
      <item>
        <state>VT</state>
        <identifiers>
          <bioguideId>W000800</bioguideId>
          <gpoId>8204</gpoId>
          <lisID>1879</lisID>
        </identifiers>
        <bioguideId>W000800</bioguideId>
        <lastName>Welch</lastName>
        <fullName>Rep. Welch, Peter [D-VT-At Large]</fullName>
        <district>0</district>
        <firstName>Peter</firstName>
        <byRequestType />
        <middleName />
        <party>D</party>
      </item>
    </sponsors>
    <committeeReports />
    <relatedBills>
      <item>
        <number>4</number>
        <type>SCONRES</type>
        <latestAction>
          <text>Referred to the Committee on Homeland Security and Governmental Affairs. (Sponsor introductory remarks on measure: CR S62-65)</text>
          <actionDate>2017-01-04</actionDate>
        </latestAction>
        <congress>115</congress>
        <latestTitle>A concurrent resolution clarifying any potential misunderstanding as to whether actions taken by President-elect Donald Trump constitute a violation of the Emoluments Clause, and calling on President-elect Trump to divest his interest in, and sever his relationship to, the Trump Organization.</latestTitle>
        <relationshipDetails>
          <item>
            <identifiedBy>CRS</identifiedBy>
            <type>Identical bill</type>
          </item>
        </relationshipDetails>
      </item>
      <item>
        <number>8</number>
        <type>SCONRES</type>
        <latestAction>
          <text>Referred to the Committee on Homeland Security and Governmental Affairs. (text of measure as introduced: CR S1584)</text>
          <actionDate>2017-03-02</actionDate>
        </latestAction>
        <congress>115</congress>
        <latestTitle>A concurrent resolution clarifying any potential misunderstanding as to whether actions taken by President Donald J. Trump constitute a violation of the Emoluments Clause, and calling on President Trump to divest his interest in, and sever his relationship to, the Trump Organization.</latestTitle>
        <relationshipDetails>
          <item>
            <identifiedBy>CRS</identifiedBy>
            <type>Related bill</type>
          </item>
        </relationshipDetails>
      </item>
    </relatedBills>
    <titles>
      <item>
        <chamberCode />
        <titleType>Official Title as Introduced</titleType>
        <parentTitleType />
        <chamberName />
        <title>Clarifying any potential misunderstanding as to whether actions taken by President-elect Donald Trump constitute a violation of the Emoluments Clause, and calling on President-elect Trump to divest his interest in, and sever his relationship to, the Trump Organization.</title>
      </item>
      <item>
        <chamberCode />
        <titleType>Display Title</titleType>
        <parentTitleType />
        <chamberName />
        <title>Clarifying any potential misunderstanding as to whether actions taken by President-elect Donald Trump constitute a violation of the Emoluments Clause, and calling on President-elect Trump to divest his interest in, and sever his relationship to, the Trump Organization.</title>
      </item>
    </titles>
    <constitutionalAuthorityStatementText />
    <billType>HCONRES</billType>
    <summaries>
      <billSummaries>
        <item>
          <versionCode>00</versionCode>
          <updateDate>2017-01-04T05:00:00Z</updateDate>
          <actionDate>2017-01-04</actionDate>
          <text><![CDATA[<p>Calls upon President-elect Donald J. Trump to: (1) follow the precedent established by prior Presidents and convert his assets to conflict-free holdings, adopt blind trusts, or take other equivalent measures to ensure compliance with the Emoluments Clause of the U.S. Constitution; and (2) not use the powers or opportunities of his position as President-elect or President of the United States for any purpose related to the Trump Organization.</p> <p>Declares that in the absence of such actions or specific authorization by Congress, Congress regards dealings that Donald Trump, as President, may have through his companies with foreign governments or entities owned or controlled by foreign governments to be potential violations of such clause.</p>]]></text>
          <actionDesc>Introduced in House</actionDesc>
          <lastSummaryUpdateDate>2017-02-03T15:09:28Z</lastSummaryUpdateDate>
          <name>Introduced in House</name>
        </item>
      </billSummaries>
    </summaries>
    <subjects>
      <billSubjects>
        <policyArea>
          <name>Government Operations and Politics</name>
        </policyArea>
        <legislativeSubjects>
          <item>
            <name>Business ethics</name>
          </item>
          <item>
            <name>Constitution and constitutional amendments</name>
          </item>
          <item>
            <name>Corporate finance and management</name>
          </item>
          <item>
            <name>Government ethics and transparency, public corruption</name>
          </item>
          <item>
            <name>Presidents and presidential powers, Vice Presidents</name>
          </item>
          <item>
            <name>Trade restrictions</name>
          </item>
          <item>
            <name>U.S. and foreign investments</name>
          </item>
        </legislativeSubjects>
      </billSubjects>
    </subjects>
    <laws />
    <policyArea>
      <name>Government Operations and Politics</name>
    </policyArea>
    <committees>
      <billCommittees>
        <item>
          <name>Oversight and Government Reform Committee</name>
          <chamber>House</chamber>
          <type>Standing</type>
          <subcommittees />
          <systemCode>hsgo00</systemCode>
          <activities>
            <item>
              <name>Referred to</name>
              <date>2017-01-04T15:01:05Z</date>
            </item>
          </activities>
        </item>
      </billCommittees>
    </committees>
    <version>1.0.0</version>
    <recordedVotes />
    <updateDate>2018-02-06T16:39:20Z</updateDate>
    <title>Clarifying any potential misunderstanding as to whether actions taken by President-elect Donald Trump constitute a violation of the Emoluments Clause, and calling on President-elect Trump to divest his interest in, and sever his relationship to, the Trump Organization.</title>
    <createDate>2017-01-05T04:47:31Z</createDate>
    <cboCostEstimates />
    <actions>
      <actionTypeCounts>
        <introducedInTheHouse>1</introducedInTheHouse>
        <introducedInHouse>1</introducedInHouse>
        <billReferrals>1</billReferrals>
      </actionTypeCounts>
      <item>
        <text>Referred to the House Committee on Oversight and Government Reform.</text>
        <links />
        <actionDate>2017-01-04</actionDate>
        <committee>
          <systemCode>hsgo00</systemCode>
          <name>Oversight and Government Reform Committee</name>
        </committee>
        <sourceSystem>
          <name>House floor actions</name>
          <code>2</code>
        </sourceSystem>
        <type>IntroReferral</type>
        <actionCode>H11100</actionCode>
      </item>
      <item>
        <text>Introduced in House</text>
        <links />
        <actionDate>2017-01-04</actionDate>
        <committee />
        <sourceSystem>
          <name>Library of Congress</name>
          <code>9</code>
        </sourceSystem>
        <type>IntroReferral</type>
        <actionCode>Intro-H</actionCode>
      </item>
      <item>
        <text>Introduced in House</text>
        <links />
        <actionDate>2017-01-04</actionDate>
        <committee />
        <sourceSystem>
          <name>Library of Congress</name>
          <code>9</code>
        </sourceSystem>
        <type>IntroReferral</type>
        <actionCode>1000</actionCode>
      </item>
      <actionByCounts>
        <houseOfRepresentatives>3</houseOfRepresentatives>
      </actionByCounts>
    </actions>
    <amendments />
    <notes />
    <calendarNumbers />
    <cosponsors>
      <item>
        <isOriginalCosponsor>True</isOriginalCosponsor>
        <fullName>Rep. Ryan, Tim [D-OH-13]</fullName>
        <middleName />
        <sponsorshipDate>2017-01-04</sponsorshipDate>
        <bioguideId>R000577</bioguideId>
        <lastName>RYAN</lastName>
        <party>D</party>
        <district>13</district>
        <firstName>TIM</firstName>
        <state>OH</state>
        <identifiers>
          <lisID>1756</lisID>
          <gpoId>8107</gpoId>
          <bioguideId>R000577</bioguideId>
        </identifiers>
        <sponsorshipWithdrawnDate />
      </item>
      <item>
        <isOriginalCosponsor>True</isOriginalCosponsor>
        <fullName>Rep. Velazquez, Nydia M. [D-NY-7]</fullName>
        <middleName>M.</middleName>
        <sponsorshipDate>2017-01-04</sponsorshipDate>
        <bioguideId>V000081</bioguideId>
        <lastName>VELAZQUEZ</lastName>
        <party>D</party>
        <district>7</district>
        <firstName>NYDIA</firstName>
        <state>NY</state>
        <identifiers>
          <lisID>1184</lisID>
          <bioguideId>V000081</bioguideId>
          <gpoId>8073</gpoId>
        </identifiers>
        <sponsorshipWithdrawnDate />
      </item>
      <item>
        <isOriginalCosponsor>True</isOriginalCosponsor>
        <fullName>Rep. Schakowsky, Janice D. [D-IL-9]</fullName>
        <middleName>D.</middleName>
        <sponsorshipDate>2017-01-04</sponsorshipDate>
        <bioguideId>S001145</bioguideId>
        <lastName>SCHAKOWSKY</lastName>
        <party>D</party>
        <district>9</district>
        <firstName>JANICE</firstName>
        <state>IL</state>
        <identifiers>
          <bioguideId>S001145</bioguideId>
          <gpoId>7929</gpoId>
          <lisID>1588</lisID>
        </identifiers>
        <sponsorshipWithdrawnDate />
      </item>
      <item>
        <isOriginalCosponsor>True</isOriginalCosponsor>
        <fullName>Rep. Blumenauer, Earl [D-OR-3]</fullName>
        <middleName />
        <sponsorshipDate>2017-01-04</sponsorshipDate>
        <bioguideId>B000574</bioguideId>
        <lastName>BLUMENAUER</lastName>
        <party>D</party>
        <district>3</district>
        <firstName>EARL</firstName>
        <state>OR</state>
        <identifiers>
          <gpoId>8116</gpoId>
          <lisID>99</lisID>
          <bioguideId>B000574</bioguideId>
        </identifiers>
        <sponsorshipWithdrawnDate />
      </item>
      <item>
        <isOriginalCosponsor>True</isOriginalCosponsor>
        <fullName>Rep. DeFazio, Peter A. [D-OR-4]</fullName>
        <middleName>A.</middleName>
        <sponsorshipDate>2017-01-04</sponsorshipDate>
        <bioguideId>D000191</bioguideId>
        <lastName>DEFAZIO</lastName>
        <party>D</party>
        <district>4</district>
        <firstName>PETER</firstName>
        <state>OR</state>
        <identifiers>
          <lisID>279</lisID>
          <bioguideId>D000191</bioguideId>
          <gpoId>8117</gpoId>
        </identifiers>
        <sponsorshipWithdrawnDate />
      </item>
      <item>
        <isOriginalCosponsor>True</isOriginalCosponsor>
        <fullName>Rep. Clark, Katherine M. [D-MA-5]</fullName>
        <middleName>M.</middleName>
        <sponsorshipDate>2017-01-04</sponsorshipDate>
        <bioguideId>C001101</bioguideId>
        <lastName>Clark</lastName>
        <party>D</party>
        <district>5</district>
        <firstName>Katherine</firstName>
        <state>MA</state>
        <identifiers>
          <lisID>2196</lisID>
          <bioguideId>C001101</bioguideId>
          <gpoId />
        </identifiers>
        <sponsorshipWithdrawnDate />
      </item>
      <item>
        <isOriginalCosponsor>True</isOriginalCosponsor>
        <fullName>Rep. Langevin, James R. [D-RI-2]</fullName>
        <middleName>R.</middleName>
        <sponsorshipDate>2017-01-04</sponsorshipDate>
        <bioguideId>L000559</bioguideId>
        <lastName>LANGEVIN</lastName>
        <party>D</party>
        <district>2</district>
        <firstName>JAMES</firstName>
        <state>RI</state>
        <identifiers>
          <lisID>1668</lisID>
          <bioguideId>L000559</bioguideId>
          <gpoId>8140</gpoId>
        </identifiers>
        <sponsorshipWithdrawnDate />
      </item>
      <item>
        <isOriginalCosponsor>True</isOriginalCosponsor>
        <fullName>Rep. Speier, Jackie [D-CA-14]</fullName>
        <middleName />
        <sponsorshipDate>2017-01-04</sponsorshipDate>
        <bioguideId>S001175</bioguideId>
        <lastName>Speier</lastName>
        <party>D</party>
        <district>14</district>
        <firstName>Jackie</firstName>
        <state>CA</state>
        <identifiers>
          <bioguideId>S001175</bioguideId>
          <lisID>1890</lisID>
          <gpoId>7817</gpoId>
        </identifiers>
        <sponsorshipWithdrawnDate />
      </item>
      <item>
        <isOriginalCosponsor>True</isOriginalCosponsor>
        <fullName>Rep. Jackson Lee, Sheila [D-TX-18]</fullName>
        <middleName />
        <sponsorshipDate>2017-01-04</sponsorshipDate>
        <bioguideId>J000032</bioguideId>
        <lastName>JACKSON LEE</lastName>
        <party>D</party>
        <district>18</district>
        <firstName>SHEILA</firstName>
        <state>TX</state>
        <identifiers>
          <bioguideId>J000032</bioguideId>
          <gpoId>8174</gpoId>
          <lisID>588</lisID>
        </identifiers>
        <sponsorshipWithdrawnDate />
      </item>
      <item>
        <isOriginalCosponsor>True</isOriginalCosponsor>
        <fullName>Rep. Johnson, Henry C. "Hank," Jr. [D-GA-4]</fullName>
        <middleName>C. "Hank"</middleName>
        <sponsorshipDate>2017-01-04</sponsorshipDate>
        <bioguideId>J000288</bioguideId>
        <lastName>Johnson</lastName>
        <party>D</party>
        <district>4</district>
        <firstName>Henry</firstName>
        <state>GA</state>
        <identifiers>
          <lisID>1843</lisID>
          <bioguideId>J000288</bioguideId>
          <gpoId>7901</gpoId>
        </identifiers>
        <sponsorshipWithdrawnDate />
      </item>
      <item>
        <isOriginalCosponsor>True</isOriginalCosponsor>
        <fullName>Rep. DeSaulnier, Mark [D-CA-11]</fullName>
        <middleName />
        <sponsorshipDate>2017-01-04</sponsorshipDate>
        <bioguideId>D000623</bioguideId>
        <lastName>DeSaulnier</lastName>
        <party>D</party>
        <district>11</district>
        <firstName>Mark</firstName>
        <state>CA</state>
        <identifiers>
          <lisID>2227</lisID>
          <bioguideId>D000623</bioguideId>
          <gpoId />
        </identifiers>
        <sponsorshipWithdrawnDate />
      </item>
      <item>
        <isOriginalCosponsor>True</isOriginalCosponsor>
        <fullName>Rep. Deutch, Theodore E. [D-FL-22]</fullName>
        <middleName>E.</middleName>
        <sponsorshipDate>2017-01-04</sponsorshipDate>
        <bioguideId>D000610</bioguideId>
        <lastName>Deutch</lastName>
        <party>D</party>
        <district>22</district>
        <firstName>Theodore</firstName>
        <state>FL</state>
        <identifiers>
          <bioguideId>D000610</bioguideId>
          <lisID>1976</lisID>
          <gpoId>7891</gpoId>
        </identifiers>
        <sponsorshipWithdrawnDate />
      </item>
      <item>
        <isOriginalCosponsor>True</isOriginalCosponsor>
        <fullName>Rep. Connolly, Gerald E. [D-VA-11]</fullName>
        <middleName>E.</middleName>
        <sponsorshipDate>2017-01-04</sponsorshipDate>
        <bioguideId>C001078</bioguideId>
        <lastName>Connolly</lastName>
        <party>D</party>
        <district>11</district>
        <firstName>Gerald</firstName>
        <state>VA</state>
        <identifiers>
          <lisID>1959</lisID>
          <gpoId>8202</gpoId>
          <bioguideId>C001078</bioguideId>
        </identifiers>
        <sponsorshipWithdrawnDate />
      </item>
      <item>
        <isOriginalCosponsor>True</isOriginalCosponsor>
        <fullName>Rep. Keating, William R. [D-MA-9]</fullName>
        <middleName>R.</middleName>
        <sponsorshipDate>2017-01-04</sponsorshipDate>
        <bioguideId>K000375</bioguideId>
        <lastName>Keating</lastName>
        <party>D</party>
        <district>9</district>
        <firstName>William</firstName>
        <state>MA</state>
        <identifiers>
          <lisID>2025</lisID>
          <bioguideId>K000375</bioguideId>
          <gpoId>7975</gpoId>
        </identifiers>
        <sponsorshipWithdrawnDate />
      </item>
      <item>
        <isOriginalCosponsor>True</isOriginalCosponsor>
        <fullName>Rep. Grijalva, Raul M. [D-AZ-3]</fullName>
        <middleName>M.</middleName>
        <sponsorshipDate>2017-01-04</sponsorshipDate>
        <bioguideId>G000551</bioguideId>
        <lastName>Grijalva</lastName>
        <party>D</party>
        <district>3</district>
        <firstName>Raul</firstName>
        <state>AZ</state>
        <identifiers>
          <lisID>1708</lisID>
          <gpoId>7804</gpoId>
          <bioguideId>G000551</bioguideId>
        </identifiers>
        <sponsorshipWithdrawnDate />
      </item>
      <item>
        <isOriginalCosponsor>True</isOriginalCosponsor>
        <fullName>Rep. Kind, Ron [D-WI-3]</fullName>
        <middleName />
        <sponsorshipDate>2017-01-04</sponsorshipDate>
        <bioguideId>K000188</bioguideId>
        <lastName>KIND</lastName>
        <party>D</party>
        <district>3</district>
        <firstName>RON</firstName>
        <state>WI</state>
        <identifiers>
          <lisID>1498</lisID>
          <bioguideId>K000188</bioguideId>
          <gpoId>8216</gpoId>
        </identifiers>
        <sponsorshipWithdrawnDate />
      </item>
      <item>
        <isOriginalCosponsor>True</isOriginalCosponsor>
        <fullName>Rep. Lieu, Ted [D-CA-33]</fullName>
        <middleName />
        <sponsorshipDate>2017-01-04</sponsorshipDate>
        <bioguideId>L000582</bioguideId>
        <lastName>Lieu</lastName>
        <party>D</party>
        <district>33</district>
        <firstName>Ted</firstName>
        <state>CA</state>
        <identifiers>
          <lisID>2230</lisID>
          <bioguideId>L000582</bioguideId>
          <gpoId />
        </identifiers>
        <sponsorshipWithdrawnDate />
      </item>
      <item>
        <isOriginalCosponsor>True</isOriginalCosponsor>
        <fullName>Rep. Thompson, Bennie G. [D-MS-2]</fullName>
        <middleName />
        <sponsorshipDate>2017-01-04</sponsorshipDate>
        <bioguideId>T000193</bioguideId>
        <lastName>THOMPSON</lastName>
        <party>D</party>
        <district>2</district>
        <firstName>BENNIE</firstName>
        <state>MS</state>
        <identifiers>
          <bioguideId>T000193</bioguideId>
          <lisID>1151</lisID>
          <gpoId>8020</gpoId>
        </identifiers>
        <sponsorshipWithdrawnDate />
      </item>
      <item>
        <isOriginalCosponsor>True</isOriginalCosponsor>
        <fullName>Rep. Green, Gene [D-TX-29]</fullName>
        <middleName />
        <sponsorshipDate>2017-01-04</sponsorshipDate>
        <bioguideId>G000410</bioguideId>
        <lastName>GREEN</lastName>
        <party>D</party>
        <district>29</district>
        <firstName>GENE</firstName>
        <state>TX</state>
        <identifiers>
          <lisID>462</lisID>
          <gpoId>8185</gpoId>
          <bioguideId>G000410</bioguideId>
        </identifiers>
        <sponsorshipWithdrawnDate />
      </item>
      <item>
        <isOriginalCosponsor>True</isOriginalCosponsor>
        <fullName>Rep. Bonamici, Suzanne [D-OR-1]</fullName>
        <middleName />
        <sponsorshipDate>2017-01-04</sponsorshipDate>
        <bioguideId>B001278</bioguideId>
        <lastName>Bonamici</lastName>
        <party>D</party>
        <district>1</district>
        <firstName>Suzanne</firstName>
        <state>OR</state>
        <identifiers>
          <bioguideId>B001278</bioguideId>
          <gpoId>8367</gpoId>
          <lisID>2092</lisID>
        </identifiers>
        <sponsorshipWithdrawnDate />
      </item>
      <item>
        <isOriginalCosponsor>True</isOriginalCosponsor>
        <fullName>Rep. Kaptur, Marcy [D-OH-9]</fullName>
        <middleName />
        <sponsorshipDate>2017-01-04</sponsorshipDate>
        <bioguideId>K000009</bioguideId>
        <lastName>KAPTUR</lastName>
        <party>D</party>
        <district>9</district>
        <firstName>MARCY</firstName>
        <state>OH</state>
        <identifiers>
          <lisID>616</lisID>
          <bioguideId>K000009</bioguideId>
          <gpoId>8099</gpoId>
        </identifiers>
        <sponsorshipWithdrawnDate />
      </item>
      <item>
        <isOriginalCosponsor>True</isOriginalCosponsor>
        <fullName>Rep. Schiff, Adam B. [D-CA-28]</fullName>
        <middleName>B.</middleName>
        <sponsorshipDate>2017-01-04</sponsorshipDate>
        <bioguideId>S001150</bioguideId>
        <lastName>SCHIFF</lastName>
        <party>D</party>
        <district>28</district>
        <firstName>ADAM</firstName>
        <state>CA</state>
        <identifiers>
          <bioguideId>S001150</bioguideId>
          <lisID>1635</lisID>
          <gpoId>7834</gpoId>
        </identifiers>
        <sponsorshipWithdrawnDate />
      </item>
      <item>
        <isOriginalCosponsor>True</isOriginalCosponsor>
        <fullName>Rep. Nadler, Jerrold [D-NY-10]</fullName>
        <middleName />
        <sponsorshipDate>2017-01-04</sponsorshipDate>
        <bioguideId>N000002</bioguideId>
        <lastName>NADLER</lastName>
        <party>D</party>
        <district>10</district>
        <firstName>JERROLD</firstName>
        <state>NY</state>
        <identifiers>
          <lisID>850</lisID>
          <bioguideId>N000002</bioguideId>
          <gpoId>8069</gpoId>
        </identifiers>
        <sponsorshipWithdrawnDate />
      </item>
      <item>
        <isOriginalCosponsor>True</isOriginalCosponsor>
        <fullName>Rep. Cohen, Steve [D-TN-9]</fullName>
        <middleName />
        <sponsorshipDate>2017-01-04</sponsorshipDate>
        <bioguideId>C001068</bioguideId>
        <lastName>Cohen</lastName>
        <party>D</party>
        <district>9</district>
        <firstName>Steve</firstName>
        <state>TN</state>
        <identifiers>
          <gpoId>8156</gpoId>
          <lisID>1878</lisID>
          <bioguideId>C001068</bioguideId>
        </identifiers>
        <sponsorshipWithdrawnDate />
      </item>
      <item>
        <isOriginalCosponsor>True</isOriginalCosponsor>
        <fullName>Rep. Doyle, Michael F. [D-PA-14]</fullName>
        <middleName />
        <sponsorshipDate>2017-01-04</sponsorshipDate>
        <bioguideId>D000482</bioguideId>
        <lastName>DOYLE</lastName>
        <party>D</party>
        <district>14</district>
        <firstName>MIKE</firstName>
        <state>PA</state>
        <identifiers>
          <lisID>316</lisID>
          <bioguideId>D000482</bioguideId>
          <gpoId>8132</gpoId>
        </identifiers>
        <sponsorshipWithdrawnDate />
      </item>
      <item>
        <isOriginalCosponsor>True</isOriginalCosponsor>
        <fullName>Rep. Kuster, Ann M. [D-NH-2]</fullName>
        <middleName>M.</middleName>
        <sponsorshipDate>2017-01-04</sponsorshipDate>
        <bioguideId>K000382</bioguideId>
        <lastName>Kuster</lastName>
        <party>D</party>
        <district>2</district>
        <firstName>Ann</firstName>
        <state>NH</state>
        <identifiers>
          <bioguideId>K000382</bioguideId>
          <lisID>2145</lisID>
          <gpoId />
        </identifiers>
        <sponsorshipWithdrawnDate />
      </item>
      <item>
        <isOriginalCosponsor>True</isOriginalCosponsor>
        <fullName>Rep. Carson, Andre [D-IN-7]</fullName>
        <middleName />
        <sponsorshipDate>2017-01-04</sponsorshipDate>
        <bioguideId>C001072</bioguideId>
        <lastName>Carson</lastName>
        <party>D</party>
        <district>7</district>
        <firstName>Andre</firstName>
        <state>IN</state>
        <identifiers>
          <lisID>1889</lisID>
          <bioguideId>C001072</bioguideId>
          <gpoId>7946</gpoId>
        </identifiers>
        <sponsorshipWithdrawnDate />
      </item>
      <item>
        <isOriginalCosponsor>True</isOriginalCosponsor>
        <fullName>Rep. Huffman, Jared [D-CA-2]</fullName>
        <middleName />
        <sponsorshipDate>2017-01-04</sponsorshipDate>
        <bioguideId>H001068</bioguideId>
        <lastName>Huffman</lastName>
        <party>D</party>
        <district>2</district>
        <firstName>Jared</firstName>
        <state>CA</state>
        <identifiers>
          <lisID>2101</lisID>
          <gpoId />
          <bioguideId>H001068</bioguideId>
        </identifiers>
        <sponsorshipWithdrawnDate />
      </item>
      <item>
        <isOriginalCosponsor>True</isOriginalCosponsor>
        <fullName>Rep. Loebsack, David [D-IA-2]</fullName>
        <middleName />
        <sponsorshipDate>2017-01-04</sponsorshipDate>
        <bioguideId>L000565</bioguideId>
        <lastName>Loebsack</lastName>
        <party>D</party>
        <district>2</district>
        <firstName>David</firstName>
        <state>IA</state>
        <identifiers>
          <bioguideId>L000565</bioguideId>
          <lisID>1846</lisID>
          <gpoId>7915</gpoId>
        </identifiers>
        <sponsorshipWithdrawnDate />
      </item>
      <item>
        <isOriginalCosponsor>True</isOriginalCosponsor>
        <fullName>Rep. Watson Coleman, Bonnie [D-NJ-12]</fullName>
        <middleName />
        <sponsorshipDate>2017-01-04</sponsorshipDate>
        <bioguideId>W000822</bioguideId>
        <lastName>Watson Coleman</lastName>
        <party>D</party>
        <district>12</district>
        <firstName>Bonnie</firstName>
        <state>NJ</state>
        <identifiers>
          <gpoId />
          <bioguideId>W000822</bioguideId>
          <lisID>2259</lisID>
        </identifiers>
        <sponsorshipWithdrawnDate />
      </item>
      <item>
        <isOriginalCosponsor>True</isOriginalCosponsor>
        <fullName>Rep. Lynch, Stephen F. [D-MA-8]</fullName>
        <middleName>F.</middleName>
        <sponsorshipDate>2017-01-04</sponsorshipDate>
        <bioguideId>L000562</bioguideId>
        <lastName>Lynch</lastName>
        <party>D</party>
        <district>8</district>
        <firstName>Stephen</firstName>
        <state>MA</state>
        <identifiers>
          <lisID>1686</lisID>
          <bioguideId>L000562</bioguideId>
          <gpoId>7974</gpoId>
        </identifiers>
        <sponsorshipWithdrawnDate />
      </item>
      <item>
        <isOriginalCosponsor>True</isOriginalCosponsor>
        <fullName>Rep. McGovern, James P. [D-MA-2]</fullName>
        <middleName>P.</middleName>
        <sponsorshipDate>2017-01-04</sponsorshipDate>
        <bioguideId>M000312</bioguideId>
        <lastName>MCGOVERN</lastName>
        <party>D</party>
        <district>2</district>
        <firstName>JAMES</firstName>
        <state>MA</state>
        <identifiers>
          <bioguideId>M000312</bioguideId>
          <lisID>1504</lisID>
          <gpoId>7968</gpoId>
        </identifiers>
        <sponsorshipWithdrawnDate />
      </item>
      <item>
        <isOriginalCosponsor>True</isOriginalCosponsor>
        <fullName>Rep. Cooper, Jim [D-TN-5]</fullName>
        <middleName>H.</middleName>
        <sponsorshipDate>2017-01-04</sponsorshipDate>
        <bioguideId>C000754</bioguideId>
        <lastName>COOPER</lastName>
        <party>D</party>
        <district>5</district>
        <firstName>JAMES</firstName>
        <state>TN</state>
        <identifiers>
          <lisID>231</lisID>
          <gpoId>8152</gpoId>
          <bioguideId>C000754</bioguideId>
        </identifiers>
        <sponsorshipWithdrawnDate />
      </item>
      <item>
        <isOriginalCosponsor>True</isOriginalCosponsor>
        <fullName>Rep. Pingree, Chellie [D-ME-1]</fullName>
        <middleName />
        <sponsorshipDate>2017-01-04</sponsorshipDate>
        <bioguideId>P000597</bioguideId>
        <lastName>Pingree</lastName>
        <party>D</party>
        <district>1</district>
        <firstName>Chellie</firstName>
        <state>ME</state>
        <identifiers>
          <lisID>1927</lisID>
          <bioguideId>P000597</bioguideId>
          <gpoId>7984</gpoId>
        </identifiers>
        <sponsorshipWithdrawnDate />
      </item>
      <item>
        <isOriginalCosponsor>True</isOriginalCosponsor>
        <fullName>Rep. Lujan Grisham, Michelle [D-NM-1]</fullName>
        <middleName />
        <sponsorshipDate>2017-01-04</sponsorshipDate>
        <bioguideId>L000580</bioguideId>
        <lastName>Lujan Grisham</lastName>
        <party>D</party>
        <district>1</district>
        <firstName>Michelle</firstName>
        <state>NM</state>
        <identifiers>
          <lisID>2146</lisID>
          <bioguideId>L000580</bioguideId>
          <gpoId />
        </identifiers>
        <sponsorshipWithdrawnDate />
      </item>
      <item>
        <isOriginalCosponsor>True</isOriginalCosponsor>
        <fullName>Rep. Hastings, Alcee L. [D-FL-20]</fullName>
        <middleName>L.</middleName>
        <sponsorshipDate>2017-01-04</sponsorshipDate>
        <bioguideId>H000324</bioguideId>
        <lastName>HASTINGS</lastName>
        <party>D</party>
        <district>20</district>
        <firstName>ALCEE</firstName>
        <state>FL</state>
        <identifiers>
          <bioguideId>H000324</bioguideId>
          <lisID>511</lisID>
          <gpoId>7895</gpoId>
        </identifiers>
        <sponsorshipWithdrawnDate />
      </item>
      <item>
        <isOriginalCosponsor>True</isOriginalCosponsor>
        <fullName>Rep. Lofgren, Zoe [D-CA-19]</fullName>
        <middleName />
        <sponsorshipDate>2017-01-04</sponsorshipDate>
        <bioguideId>L000397</bioguideId>
        <lastName>LOFGREN</lastName>
        <party>D</party>
        <district>19</district>
        <firstName>ZOE</firstName>
        <state>CA</state>
        <identifiers>
          <lisID>701</lisID>
          <bioguideId>L000397</bioguideId>
          <gpoId>7821</gpoId>
        </identifiers>
        <sponsorshipWithdrawnDate />
      </item>
      <item>
        <isOriginalCosponsor>True</isOriginalCosponsor>
        <fullName>Rep. Boyle, Brendan F. [D-PA-13]</fullName>
        <middleName>F.</middleName>
        <sponsorshipDate>2017-01-04</sponsorshipDate>
        <bioguideId>B001296</bioguideId>
        <lastName>Boyle</lastName>
        <party>D</party>
        <district>13</district>
        <firstName>Brendan</firstName>
        <state>PA</state>
        <identifiers>
          <bioguideId>B001296</bioguideId>
          <lisID>2267</lisID>
          <gpoId />
        </identifiers>
        <sponsorshipWithdrawnDate />
      </item>
      <item>
        <isOriginalCosponsor>True</isOriginalCosponsor>
        <fullName>Rep. Cummings, Elijah E. [D-MD-7]</fullName>
        <middleName>E.</middleName>
        <sponsorshipDate>2017-01-04</sponsorshipDate>
        <bioguideId>C000984</bioguideId>
        <lastName>CUMMINGS</lastName>
        <party>D</party>
        <district>7</district>
        <firstName>ELIJAH</firstName>
        <state>MD</state>
        <identifiers>
          <bioguideId>C000984</bioguideId>
          <gpoId>7982</gpoId>
          <lisID>256</lisID>
        </identifiers>
        <sponsorshipWithdrawnDate />
      </item>
      <item>
        <isOriginalCosponsor>False</isOriginalCosponsor>
        <fullName>Rep. Plaskett, Stacey E. [D-VI-At Large]</fullName>
        <middleName>E.</middleName>
        <sponsorshipDate>2017-01-06</sponsorshipDate>
        <bioguideId>P000610</bioguideId>
        <lastName>Plaskett</lastName>
        <party>D</party>
        <district>0</district>
        <firstName>Stacey</firstName>
        <state>VI</state>
        <identifiers>
          <lisID>2274</lisID>
          <bioguideId>P000610</bioguideId>
          <gpoId />
        </identifiers>
        <sponsorshipWithdrawnDate />
      </item>
      <item>
        <isOriginalCosponsor>False</isOriginalCosponsor>
        <fullName>Rep. Raskin, Jamie [D-MD-8]</fullName>
        <middleName />
        <sponsorshipDate>2017-01-06</sponsorshipDate>
        <bioguideId>R000606</bioguideId>
        <lastName>Raskin</lastName>
        <party>D</party>
        <district>8</district>
        <firstName>Jamie</firstName>
        <state>MD</state>
        <identifiers>
          <gpoId />
          <bioguideId>R000606</bioguideId>
          <lisID>2332</lisID>
        </identifiers>
        <sponsorshipWithdrawnDate />
      </item>
      <item>
        <isOriginalCosponsor>False</isOriginalCosponsor>
        <fullName>Rep. Serrano, Jose E. [D-NY-15]</fullName>
        <middleName>E.</middleName>
        <sponsorshipDate>2017-01-06</sponsorshipDate>
        <bioguideId>S000248</bioguideId>
        <lastName>SERRANO</lastName>
        <party>D</party>
        <district>15</district>
        <firstName>JOSE</firstName>
        <state>NY</state>
        <identifiers>
          <lisID>1042</lisID>
          <bioguideId>S000248</bioguideId>
          <gpoId>8077</gpoId>
        </identifiers>
        <sponsorshipWithdrawnDate />
      </item>
      <item>
        <isOriginalCosponsor>False</isOriginalCosponsor>
        <fullName>Rep. Matsui, Doris O. [D-CA-6]</fullName>
        <middleName>O.</middleName>
        <sponsorshipDate>2017-01-06</sponsorshipDate>
        <bioguideId>M001163</bioguideId>
        <lastName>Matsui</lastName>
        <party>D</party>
        <district>6</district>
        <firstName>Doris</firstName>
        <state>CA</state>
        <identifiers>
          <lisID>1814</lisID>
          <bioguideId>M001163</bioguideId>
          <gpoId>7810</gpoId>
        </identifiers>
        <sponsorshipWithdrawnDate />
      </item>
      <item>
        <isOriginalCosponsor>False</isOriginalCosponsor>
        <fullName>Rep. Slaughter, Louise McIntosh [D-NY-25]</fullName>
        <middleName>M.</middleName>
        <sponsorshipDate>2017-01-10</sponsorshipDate>
        <bioguideId>S000480</bioguideId>
        <lastName>SLAUGHTER</lastName>
        <party>D</party>
        <district>25</district>
        <firstName>LOUISE</firstName>
        <state>NY</state>
        <identifiers>
          <lisID>1069</lisID>
          <bioguideId>S000480</bioguideId>
          <gpoId>8089</gpoId>
        </identifiers>
        <sponsorshipWithdrawnDate />
      </item>
      <item>
        <isOriginalCosponsor>False</isOriginalCosponsor>
        <fullName>Rep. Lowenthal, Alan S. [D-CA-47]</fullName>
        <middleName>S.</middleName>
        <sponsorshipDate>2017-01-10</sponsorshipDate>
        <bioguideId>L000579</bioguideId>
        <lastName>Lowenthal</lastName>
        <party>D</party>
        <district>47</district>
        <firstName>Alan</firstName>
        <state>CA</state>
        <identifiers>
          <bioguideId>L000579</bioguideId>
          <gpoId />
          <lisID>2111</lisID>
        </identifiers>
        <sponsorshipWithdrawnDate />
      </item>
      <item>
        <isOriginalCosponsor>False</isOriginalCosponsor>
        <fullName>Rep. Cicilline, David N. [D-RI-1]</fullName>
        <middleName>N.</middleName>
        <sponsorshipDate>2017-01-13</sponsorshipDate>
        <bioguideId>C001084</bioguideId>
        <lastName>Cicilline</lastName>
        <party>D</party>
        <district>1</district>
        <firstName>David</firstName>
        <state>RI</state>
        <identifiers>
          <bioguideId>C001084</bioguideId>
          <lisID>2055</lisID>
          <gpoId>8139</gpoId>
        </identifiers>
        <sponsorshipWithdrawnDate />
      </item>
      <item>
        <isOriginalCosponsor>False</isOriginalCosponsor>
        <fullName>Rep. Lee, Barbara [D-CA-13]</fullName>
        <middleName />
        <sponsorshipDate>2017-02-01</sponsorshipDate>
        <bioguideId>L000551</bioguideId>
        <lastName>LEE</lastName>
        <party>D</party>
        <district>13</district>
        <firstName>BARBARA</firstName>
        <state>CA</state>
        <identifiers>
          <lisID>1501</lisID>
          <gpoId>7814</gpoId>
          <bioguideId>L000551</bioguideId>
        </identifiers>
        <sponsorshipWithdrawnDate />
      </item>
    </cosponsors>
  </bill>
  <dublinCore xmlns:dc="http://purl.org/dc/elements/1.1/">
    <dc:format>text/xml</dc:format>
    <dc:language>EN</dc:language>
    <dc:rights>Pursuant to Title 17 Section 105 of the United States Code, this file is not subject to copyright protection and is in the public domain.</dc:rights>
    <dc:contributor>Congressional Research Service, Library of Congress</dc:contributor>
    <dc:description>This file contains bill summaries and statuses for federal legislation. A bill summary describes the most significant provisions of a piece of legislation and details the effects the legislative text may have on current law and federal programs. Bill summaries are authored by the Congressional Research Service (CRS) of the Library of Congress. As stated in Public Law 91-510 (2 USC 166 (d)(6)), one of the duties of CRS is "to prepare summaries and digests of bills and resolutions of a public general nature introduced in the Senate or House of Representatives". For more information, refer to the User Guide that accompanies this file.</dc:description>
  </dublinCore>
</billStatus>

