<?xml version="1.0" encoding="UTF-8"?>
<billStatus>
  <bill>
    <summaries>
      <billSummaries>
        <item>
          <actionDate>2017-10-25</actionDate>
          <versionCode>00</versionCode>
          <actionDesc>Introduced in House</actionDesc>
          <text><![CDATA[<p>Condemns the harassment and violence targeted at students because of their racial, ethnic, religious, or sexual background, and affirms Congress's commitment to creating safe learning environments on college campuses.</p>]]></text>
          <lastSummaryUpdateDate>2018-02-21T23:01:04Z</lastSummaryUpdateDate>
          <updateDate>2017-10-25T04:00:00Z</updateDate>
          <name>Introduced in House</name>
        </item>
      </billSummaries>
    </summaries>
    <latestAction>
      <text>Referred to the House Committee on Education and the Workforce.</text>
      <actionDate>2017-10-25</actionDate>
      <links />
    </latestAction>
    <committeeReports />
    <cosponsors>
      <item>
        <sponsorshipWithdrawnDate />
        <state>AL</state>
        <isOriginalCosponsor>True</isOriginalCosponsor>
        <identifiers>
          <bioguideId>S001185</bioguideId>
          <lisID>1988</lisID>
          <gpoId>7792</gpoId>
        </identifiers>
        <middleName>A.</middleName>
        <fullName>Rep. Sewell, Terri A. [D-AL-7]</fullName>
        <sponsorshipDate>2017-10-25</sponsorshipDate>
        <district>7</district>
        <party>D</party>
        <lastName>Sewell</lastName>
        <firstName>Terri</firstName>
        <bioguideId>S001185</bioguideId>
      </item>
      <item>
        <sponsorshipWithdrawnDate />
        <state>MN</state>
        <isOriginalCosponsor>True</isOriginalCosponsor>
        <identifiers>
          <gpoId>8005</gpoId>
          <lisID>1857</lisID>
          <bioguideId>E000288</bioguideId>
        </identifiers>
        <middleName />
        <fullName>Rep. Ellison, Keith [D-MN-5]</fullName>
        <sponsorshipDate>2017-10-25</sponsorshipDate>
        <district>5</district>
        <party>D</party>
        <lastName>Ellison</lastName>
        <firstName>Keith</firstName>
        <bioguideId>E000288</bioguideId>
      </item>
      <item>
        <sponsorshipWithdrawnDate />
        <state>IL</state>
        <isOriginalCosponsor>True</isOriginalCosponsor>
        <identifiers>
          <lisID>1477</lisID>
          <bioguideId>D000096</bioguideId>
          <gpoId>7927</gpoId>
        </identifiers>
        <middleName>K.</middleName>
        <fullName>Rep. Davis, Danny K. [D-IL-7]</fullName>
        <sponsorshipDate>2017-10-25</sponsorshipDate>
        <district>7</district>
        <party>D</party>
        <lastName>DAVIS</lastName>
        <firstName>DANNY</firstName>
        <bioguideId>D000096</bioguideId>
      </item>
      <item>
        <sponsorshipWithdrawnDate />
        <state>IL</state>
        <isOriginalCosponsor>True</isOriginalCosponsor>
        <identifiers>
          <gpoId>7921</gpoId>
          <bioguideId>R000515</bioguideId>
          <lisID>1003</lisID>
        </identifiers>
        <middleName>L.</middleName>
        <fullName>Rep. Rush, Bobby L. [D-IL-1]</fullName>
        <sponsorshipDate>2017-10-25</sponsorshipDate>
        <district>1</district>
        <party>D</party>
        <lastName>RUSH</lastName>
        <firstName>BOBBY</firstName>
        <bioguideId>R000515</bioguideId>
      </item>
      <item>
        <sponsorshipWithdrawnDate />
        <state>CA</state>
        <isOriginalCosponsor>True</isOriginalCosponsor>
        <identifiers>
          <gpoId>7814</gpoId>
          <lisID>1501</lisID>
          <bioguideId>L000551</bioguideId>
        </identifiers>
        <middleName />
        <fullName>Rep. Lee, Barbara [D-CA-13]</fullName>
        <sponsorshipDate>2017-10-25</sponsorshipDate>
        <district>13</district>
        <party>D</party>
        <lastName>LEE</lastName>
        <firstName>BARBARA</firstName>
        <bioguideId>L000551</bioguideId>
      </item>
      <item>
        <sponsorshipWithdrawnDate />
        <state>MI</state>
        <isOriginalCosponsor>True</isOriginalCosponsor>
        <identifiers>
          <gpoId>7999</gpoId>
          <bioguideId>C000714</bioguideId>
          <lisID>229</lisID>
        </identifiers>
        <middleName />
        <fullName>Rep. Conyers, John, Jr. [D-MI-13]</fullName>
        <sponsorshipDate>2017-10-25</sponsorshipDate>
        <district>13</district>
        <party>D</party>
        <lastName>CONYERS</lastName>
        <firstName>JOHN</firstName>
        <bioguideId>C000714</bioguideId>
      </item>
      <item>
        <sponsorshipWithdrawnDate />
        <state>GA</state>
        <isOriginalCosponsor>True</isOriginalCosponsor>
        <identifiers>
          <gpoId>7902</gpoId>
          <lisID>688</lisID>
          <bioguideId>L000287</bioguideId>
        </identifiers>
        <middleName />
        <fullName>Rep. Lewis, John [D-GA-5]</fullName>
        <sponsorshipDate>2017-10-25</sponsorshipDate>
        <district>5</district>
        <party>D</party>
        <lastName>LEWIS</lastName>
        <firstName>JOHN</firstName>
        <bioguideId>L000287</bioguideId>
      </item>
      <item>
        <sponsorshipWithdrawnDate />
        <state>VA</state>
        <isOriginalCosponsor>True</isOriginalCosponsor>
        <identifiers>
          <gpoId>8194</gpoId>
          <lisID>1037</lisID>
          <bioguideId>S000185</bioguideId>
        </identifiers>
        <middleName>C. "Bobby"</middleName>
        <fullName>Rep. Scott, Robert C. "Bobby" [D-VA-3]</fullName>
        <sponsorshipDate>2017-10-25</sponsorshipDate>
        <district>3</district>
        <party>D</party>
        <lastName>Scott</lastName>
        <firstName>Robert</firstName>
        <bioguideId>S000185</bioguideId>
      </item>
      <item>
        <sponsorshipWithdrawnDate />
        <state>GA</state>
        <isOriginalCosponsor>True</isOriginalCosponsor>
        <identifiers>
          <bioguideId>J000288</bioguideId>
          <gpoId>7901</gpoId>
          <lisID>1843</lisID>
        </identifiers>
        <middleName>C. "Hank"</middleName>
        <fullName>Rep. Johnson, Henry C. "Hank," Jr. [D-GA-4]</fullName>
        <sponsorshipDate>2017-10-25</sponsorshipDate>
        <district>4</district>
        <party>D</party>
        <lastName>Johnson</lastName>
        <firstName>Henry</firstName>
        <bioguideId>J000288</bioguideId>
      </item>
      <item>
        <sponsorshipWithdrawnDate />
        <state>FL</state>
        <isOriginalCosponsor>True</isOriginalCosponsor>
        <identifiers>
          <gpoId>7895</gpoId>
          <bioguideId>H000324</bioguideId>
          <lisID>511</lisID>
        </identifiers>
        <middleName>L.</middleName>
        <fullName>Rep. Hastings, Alcee L. [D-FL-20]</fullName>
        <sponsorshipDate>2017-10-25</sponsorshipDate>
        <district>20</district>
        <party>D</party>
        <lastName>HASTINGS</lastName>
        <firstName>ALCEE</firstName>
        <bioguideId>H000324</bioguideId>
      </item>
      <item>
        <sponsorshipWithdrawnDate />
        <state>MO</state>
        <isOriginalCosponsor>True</isOriginalCosponsor>
        <identifiers>
          <gpoId>8013</gpoId>
          <bioguideId>C001061</bioguideId>
          <lisID>1790</lisID>
        </identifiers>
        <middleName />
        <fullName>Rep. Cleaver, Emanuel [D-MO-5]</fullName>
        <sponsorshipDate>2017-10-25</sponsorshipDate>
        <district>5</district>
        <party>D</party>
        <lastName>Cleaver</lastName>
        <firstName>Emanuel</firstName>
        <bioguideId>C001061</bioguideId>
      </item>
      <item>
        <sponsorshipWithdrawnDate />
        <state>MO</state>
        <isOriginalCosponsor>True</isOriginalCosponsor>
        <identifiers>
          <lisID>1654</lisID>
          <bioguideId>C001049</bioguideId>
          <gpoId>8009</gpoId>
        </identifiers>
        <middleName>LACY</middleName>
        <fullName>Rep. Clay, Wm. Lacy [D-MO-1]</fullName>
        <sponsorshipDate>2017-10-25</sponsorshipDate>
        <district>1</district>
        <party>D</party>
        <lastName>CLAY</lastName>
        <firstName>WM.</firstName>
        <bioguideId>C001049</bioguideId>
      </item>
      <item>
        <sponsorshipWithdrawnDate />
        <state>NC</state>
        <isOriginalCosponsor>True</isOriginalCosponsor>
        <identifiers>
          <bioguideId>B001251</bioguideId>
          <gpoId>8024</gpoId>
          <lisID>1761</lisID>
        </identifiers>
        <middleName />
        <fullName>Rep. Butterfield, G. K. [D-NC-1]</fullName>
        <sponsorshipDate>2017-10-25</sponsorshipDate>
        <district>1</district>
        <party>D</party>
        <lastName>Butterfield</lastName>
        <firstName>G. K.</firstName>
        <bioguideId>B001251</bioguideId>
      </item>
      <item>
        <sponsorshipWithdrawnDate />
        <state>TX</state>
        <isOriginalCosponsor>True</isOriginalCosponsor>
        <identifiers>
          <gpoId />
          <lisID>2166</lisID>
          <bioguideId>V000131</bioguideId>
        </identifiers>
        <middleName>A.</middleName>
        <fullName>Rep. Veasey, Marc A. [D-TX-33]</fullName>
        <sponsorshipDate>2017-10-25</sponsorshipDate>
        <district>33</district>
        <party>D</party>
        <lastName>Veasey</lastName>
        <firstName>Marc</firstName>
        <bioguideId>V000131</bioguideId>
      </item>
      <item>
        <sponsorshipWithdrawnDate />
        <state>TX</state>
        <isOriginalCosponsor>True</isOriginalCosponsor>
        <identifiers>
          <lisID>588</lisID>
          <gpoId>8174</gpoId>
          <bioguideId>J000032</bioguideId>
        </identifiers>
        <middleName />
        <fullName>Rep. Jackson Lee, Sheila [D-TX-18]</fullName>
        <sponsorshipDate>2017-10-25</sponsorshipDate>
        <district>18</district>
        <party>D</party>
        <lastName>JACKSON LEE</lastName>
        <firstName>SHEILA</firstName>
        <bioguideId>J000032</bioguideId>
      </item>
      <item>
        <sponsorshipWithdrawnDate />
        <state>NJ</state>
        <isOriginalCosponsor>True</isOriginalCosponsor>
        <identifiers>
          <gpoId>8373</gpoId>
          <lisID>2097</lisID>
          <bioguideId>P000604</bioguideId>
        </identifiers>
        <middleName>M.</middleName>
        <fullName>Rep. Payne, Donald M., Jr. [D-NJ-10]</fullName>
        <sponsorshipDate>2017-10-25</sponsorshipDate>
        <district>10</district>
        <party>D</party>
        <lastName>Payne</lastName>
        <firstName>Donald</firstName>
        <bioguideId>P000604</bioguideId>
      </item>
      <item>
        <sponsorshipWithdrawnDate />
        <state>FL</state>
        <isOriginalCosponsor>True</isOriginalCosponsor>
        <identifiers>
          <gpoId />
          <lisID>2317</lisID>
          <bioguideId>L000586</bioguideId>
        </identifiers>
        <middleName />
        <fullName>Rep. Lawson, Al, Jr. [D-FL-5]</fullName>
        <sponsorshipDate>2017-10-25</sponsorshipDate>
        <district>5</district>
        <party>D</party>
        <lastName>Lawson</lastName>
        <firstName>Al</firstName>
        <bioguideId>L000586</bioguideId>
      </item>
      <item>
        <sponsorshipWithdrawnDate />
        <state>MS</state>
        <isOriginalCosponsor>True</isOriginalCosponsor>
        <identifiers>
          <lisID>1151</lisID>
          <gpoId>8020</gpoId>
          <bioguideId>T000193</bioguideId>
        </identifiers>
        <middleName />
        <fullName>Rep. Thompson, Bennie G. [D-MS-2]</fullName>
        <sponsorshipDate>2017-10-25</sponsorshipDate>
        <district>2</district>
        <party>D</party>
        <lastName>THOMPSON</lastName>
        <firstName>BENNIE</firstName>
        <bioguideId>T000193</bioguideId>
      </item>
      <item>
        <sponsorshipWithdrawnDate />
        <state>SC</state>
        <isOriginalCosponsor>True</isOriginalCosponsor>
        <identifiers>
          <gpoId>8146</gpoId>
          <bioguideId>C000537</bioguideId>
          <lisID>208</lisID>
        </identifiers>
        <middleName>E.</middleName>
        <fullName>Rep. Clyburn, James E. [D-SC-6]</fullName>
        <sponsorshipDate>2017-10-25</sponsorshipDate>
        <district>6</district>
        <party>D</party>
        <lastName>CLYBURN</lastName>
        <firstName>JAMES</firstName>
        <bioguideId>C000537</bioguideId>
      </item>
      <item>
        <sponsorshipWithdrawnDate />
        <state>TX</state>
        <isOriginalCosponsor>True</isOriginalCosponsor>
        <identifiers>
          <gpoId>8165</gpoId>
          <lisID>1803</lisID>
          <bioguideId>G000553</bioguideId>
        </identifiers>
        <middleName />
        <fullName>Rep. Green, Al [D-TX-9]</fullName>
        <sponsorshipDate>2017-10-25</sponsorshipDate>
        <district>9</district>
        <party>D</party>
        <lastName>Green</lastName>
        <firstName>Al</firstName>
        <bioguideId>G000553</bioguideId>
      </item>
      <item>
        <sponsorshipWithdrawnDate />
        <state>VA</state>
        <isOriginalCosponsor>True</isOriginalCosponsor>
        <identifiers>
          <gpoId />
          <lisID>2352</lisID>
          <bioguideId>M001200</bioguideId>
        </identifiers>
        <middleName>Donald</middleName>
        <fullName>Rep. McEachin, A. Donald [D-VA-4]</fullName>
        <sponsorshipDate>2017-10-25</sponsorshipDate>
        <district>4</district>
        <party>D</party>
        <lastName>McEachin</lastName>
        <firstName>A.</firstName>
        <bioguideId>M001200</bioguideId>
      </item>
      <item>
        <sponsorshipWithdrawnDate />
        <state>OH</state>
        <isOriginalCosponsor>True</isOriginalCosponsor>
        <identifiers>
          <bioguideId>F000455</bioguideId>
          <gpoId>8101</gpoId>
          <lisID>1895</lisID>
        </identifiers>
        <middleName>L.</middleName>
        <fullName>Rep. Fudge, Marcia L. [D-OH-11]</fullName>
        <sponsorshipDate>2017-10-25</sponsorshipDate>
        <district>11</district>
        <party>D</party>
        <lastName>Fudge</lastName>
        <firstName>Marcia</firstName>
        <bioguideId>F000455</bioguideId>
      </item>
      <item>
        <sponsorshipWithdrawnDate />
        <state>NY</state>
        <isOriginalCosponsor>True</isOriginalCosponsor>
        <identifiers>
          <gpoId>8072</gpoId>
          <lisID>1864</lisID>
          <bioguideId>C001067</bioguideId>
        </identifiers>
        <middleName>D.</middleName>
        <fullName>Rep. Clarke, Yvette D. [D-NY-9]</fullName>
        <sponsorshipDate>2017-10-25</sponsorshipDate>
        <district>9</district>
        <party>D</party>
        <lastName>Clarke</lastName>
        <firstName>Yvette</firstName>
        <bioguideId>C001067</bioguideId>
      </item>
      <item>
        <sponsorshipWithdrawnDate />
        <state>LA</state>
        <isOriginalCosponsor>True</isOriginalCosponsor>
        <identifiers>
          <gpoId>7960</gpoId>
          <lisID>2023</lisID>
          <bioguideId>R000588</bioguideId>
        </identifiers>
        <middleName>L.</middleName>
        <fullName>Rep. Richmond, Cedric L. [D-LA-2]</fullName>
        <sponsorshipDate>2017-10-25</sponsorshipDate>
        <district>2</district>
        <party>D</party>
        <lastName>Richmond</lastName>
        <firstName>Cedric</firstName>
        <bioguideId>R000588</bioguideId>
      </item>
      <item>
        <sponsorshipWithdrawnDate />
        <state>CA</state>
        <isOriginalCosponsor>True</isOriginalCosponsor>
        <identifiers>
          <gpoId>7838</gpoId>
          <lisID>1996</lisID>
          <bioguideId>B001270</bioguideId>
        </identifiers>
        <middleName />
        <fullName>Rep. Bass, Karen [D-CA-37]</fullName>
        <sponsorshipDate>2017-10-25</sponsorshipDate>
        <district>37</district>
        <party>D</party>
        <lastName>Bass</lastName>
        <firstName>Karen</firstName>
        <bioguideId>B001270</bioguideId>
      </item>
      <item>
        <sponsorshipWithdrawnDate />
        <state>IL</state>
        <isOriginalCosponsor>True</isOriginalCosponsor>
        <identifiers>
          <gpoId />
          <lisID>2190</lisID>
          <bioguideId>K000385</bioguideId>
        </identifiers>
        <middleName>L.</middleName>
        <fullName>Rep. Kelly, Robin L. [D-IL-2]</fullName>
        <sponsorshipDate>2017-10-25</sponsorshipDate>
        <district>2</district>
        <party>D</party>
        <lastName>Kelly</lastName>
        <firstName>Robin</firstName>
        <bioguideId>K000385</bioguideId>
      </item>
    </cosponsors>
    <billNumber>86</billNumber>
    <cboCostEstimates />
    <relatedBills />
    <updateDate>2018-02-22T00:15:09Z</updateDate>
    <createDate>2017-10-26T03:11:16Z</createDate>
    <amendments />
    <billType>HCONRES</billType>
    <originChamber>House</originChamber>
    <recordedVotes />
    <committees>
      <billCommittees>
        <item>
          <chamber>House</chamber>
          <systemCode>hsed00</systemCode>
          <type>Standing</type>
          <subcommittees />
          <activities>
            <item>
              <date>2017-10-25T14:02:45Z</date>
              <name>Referred to</name>
            </item>
          </activities>
          <name>Education and the Workforce Committee</name>
        </item>
      </billCommittees>
    </committees>
    <version>1.0.0</version>
    <constitutionalAuthorityStatementText />
    <subjects>
      <billSubjects>
        <policyArea>
          <name>Education</name>
        </policyArea>
        <legislativeSubjects />
      </billSubjects>
    </subjects>
    <sponsors>
      <item>
        <lastName>Wilson</lastName>
        <party>D</party>
        <district>24</district>
        <middleName>S.</middleName>
        <fullName>Rep. Wilson, Frederica S. [D-FL-24]</fullName>
        <firstName>Frederica</firstName>
        <state>FL</state>
        <byRequestType />
        <bioguideId>W000808</bioguideId>
        <identifiers>
          <lisID>2004</lisID>
          <gpoId>7889</gpoId>
          <bioguideId>W000808</bioguideId>
        </identifiers>
      </item>
    </sponsors>
    <introducedDate>2017-10-25</introducedDate>
    <calendarNumbers />
    <laws />
    <notes />
    <policyArea>
      <name>Education</name>
    </policyArea>
    <congress>115</congress>
    <actions>
      <actionTypeCounts>
        <introducedInTheHouse>1</introducedInTheHouse>
        <billReferrals>1</billReferrals>
        <introducedInHouse>1</introducedInHouse>
      </actionTypeCounts>
      <actionByCounts>
        <houseOfRepresentatives>3</houseOfRepresentatives>
      </actionByCounts>
      <item>
        <actionDate>2017-10-25</actionDate>
        <sourceSystem>
          <name>House floor actions</name>
          <code>2</code>
        </sourceSystem>
        <type>IntroReferral</type>
        <text>Referred to the House Committee on Education and the Workforce.</text>
        <links />
        <committee>
          <name>Education and the Workforce Committee</name>
          <systemCode>hsed00</systemCode>
        </committee>
        <actionCode>H11100</actionCode>
      </item>
      <item>
        <actionDate>2017-10-25</actionDate>
        <sourceSystem>
          <name>Library of Congress</name>
          <code>9</code>
        </sourceSystem>
        <type>IntroReferral</type>
        <text>Introduced in House</text>
        <links />
        <committee />
        <actionCode>Intro-H</actionCode>
      </item>
      <item>
        <actionDate>2017-10-25</actionDate>
        <sourceSystem>
          <name>Library of Congress</name>
          <code>9</code>
        </sourceSystem>
        <type>IntroReferral</type>
        <text>Introduced in House</text>
        <links />
        <committee />
        <actionCode>1000</actionCode>
      </item>
    </actions>
    <titles>
      <item>
        <title>Condemning the racist and hate-based attacks on our college campuses and reaffirming our support for inclusion and safety in our institutions of higher learning.</title>
        <chamberCode />
        <parentTitleType />
        <titleType>Official Title as Introduced</titleType>
        <chamberName />
      </item>
      <item>
        <title>Condemning the racist and hate-based attacks on our college campuses and reaffirming our support for inclusion and safety in our institutions of higher learning.</title>
        <chamberCode />
        <parentTitleType />
        <titleType>Display Title</titleType>
        <chamberName />
      </item>
    </titles>
    <title>Condemning the racist and hate-based attacks on our college campuses and reaffirming our support for inclusion and safety in our institutions of higher learning.</title>
  </bill>
  <dublinCore xmlns:dc="http://purl.org/dc/elements/1.1/">
    <dc:format>text/xml</dc:format>
    <dc:language>EN</dc:language>
    <dc:rights>Pursuant to Title 17 Section 105 of the United States Code, this file is not subject to copyright protection and is in the public domain.</dc:rights>
    <dc:contributor>Congressional Research Service, Library of Congress</dc:contributor>
    <dc:description>This file contains bill summaries and statuses for federal legislation. A bill summary describes the most significant provisions of a piece of legislation and details the effects the legislative text may have on current law and federal programs. Bill summaries are authored by the Congressional Research Service (CRS) of the Library of Congress. As stated in Public Law 91-510 (2 USC 166 (d)(6)), one of the duties of CRS is "to prepare summaries and digests of bills and resolutions of a public general nature introduced in the Senate or House of Representatives". For more information, refer to the User Guide that accompanies this file.</dc:description>
  </dublinCore>
</billStatus>

