<?xml version="1.0" encoding="UTF-8"?>
<billStatus>
  <bill>
    <notes />
    <cosponsors>
      <item>
        <isOriginalCosponsor>True</isOriginalCosponsor>
        <bioguideId>S001185</bioguideId>
        <district>7</district>
        <state>AL</state>
        <identifiers>
          <lisID>1988</lisID>
          <bioguideId>S001185</bioguideId>
          <gpoId>7792</gpoId>
        </identifiers>
        <fullName>Rep. Sewell, Terri A. [D-AL-7]</fullName>
        <middleName>A.</middleName>
        <sponsorshipWithdrawnDate />
        <firstName>Terri</firstName>
        <sponsorshipDate>2017-10-27</sponsorshipDate>
        <party>D</party>
        <lastName>Sewell</lastName>
      </item>
      <item>
        <isOriginalCosponsor>True</isOriginalCosponsor>
        <bioguideId>E000288</bioguideId>
        <district>5</district>
        <state>MN</state>
        <identifiers>
          <lisID>1857</lisID>
          <gpoId>8005</gpoId>
          <bioguideId>E000288</bioguideId>
        </identifiers>
        <fullName>Rep. Ellison, Keith [D-MN-5]</fullName>
        <middleName />
        <sponsorshipWithdrawnDate />
        <firstName>Keith</firstName>
        <sponsorshipDate>2017-10-27</sponsorshipDate>
        <party>D</party>
        <lastName>Ellison</lastName>
      </item>
      <item>
        <isOriginalCosponsor>True</isOriginalCosponsor>
        <bioguideId>D000096</bioguideId>
        <district>7</district>
        <state>IL</state>
        <identifiers>
          <bioguideId>D000096</bioguideId>
          <gpoId>7927</gpoId>
          <lisID>1477</lisID>
        </identifiers>
        <fullName>Rep. Davis, Danny K. [D-IL-7]</fullName>
        <middleName>K.</middleName>
        <sponsorshipWithdrawnDate />
        <firstName>DANNY</firstName>
        <sponsorshipDate>2017-10-27</sponsorshipDate>
        <party>D</party>
        <lastName>DAVIS</lastName>
      </item>
      <item>
        <isOriginalCosponsor>True</isOriginalCosponsor>
        <bioguideId>R000515</bioguideId>
        <district>1</district>
        <state>IL</state>
        <identifiers>
          <gpoId>7921</gpoId>
          <lisID>1003</lisID>
          <bioguideId>R000515</bioguideId>
        </identifiers>
        <fullName>Rep. Rush, Bobby L. [D-IL-1]</fullName>
        <middleName>L.</middleName>
        <sponsorshipWithdrawnDate />
        <firstName>BOBBY</firstName>
        <sponsorshipDate>2017-10-27</sponsorshipDate>
        <party>D</party>
        <lastName>RUSH</lastName>
      </item>
      <item>
        <isOriginalCosponsor>True</isOriginalCosponsor>
        <bioguideId>L000551</bioguideId>
        <district>13</district>
        <state>CA</state>
        <identifiers>
          <lisID>1501</lisID>
          <bioguideId>L000551</bioguideId>
          <gpoId>7814</gpoId>
        </identifiers>
        <fullName>Rep. Lee, Barbara [D-CA-13]</fullName>
        <middleName />
        <sponsorshipWithdrawnDate />
        <firstName>BARBARA</firstName>
        <sponsorshipDate>2017-10-27</sponsorshipDate>
        <party>D</party>
        <lastName>LEE</lastName>
      </item>
      <item>
        <isOriginalCosponsor>True</isOriginalCosponsor>
        <bioguideId>C000714</bioguideId>
        <district>13</district>
        <state>MI</state>
        <identifiers>
          <gpoId>7999</gpoId>
          <bioguideId>C000714</bioguideId>
          <lisID>229</lisID>
        </identifiers>
        <fullName>Rep. Conyers, John, Jr. [D-MI-13]</fullName>
        <middleName />
        <sponsorshipWithdrawnDate />
        <firstName>JOHN</firstName>
        <sponsorshipDate>2017-10-27</sponsorshipDate>
        <party>D</party>
        <lastName>CONYERS</lastName>
      </item>
      <item>
        <isOriginalCosponsor>True</isOriginalCosponsor>
        <bioguideId>L000287</bioguideId>
        <district>5</district>
        <state>GA</state>
        <identifiers>
          <gpoId>7902</gpoId>
          <bioguideId>L000287</bioguideId>
          <lisID>688</lisID>
        </identifiers>
        <fullName>Rep. Lewis, John [D-GA-5]</fullName>
        <middleName />
        <sponsorshipWithdrawnDate />
        <firstName>JOHN</firstName>
        <sponsorshipDate>2017-10-27</sponsorshipDate>
        <party>D</party>
        <lastName>LEWIS</lastName>
      </item>
      <item>
        <isOriginalCosponsor>True</isOriginalCosponsor>
        <bioguideId>S000185</bioguideId>
        <district>3</district>
        <state>VA</state>
        <identifiers>
          <lisID>1037</lisID>
          <gpoId>8194</gpoId>
          <bioguideId>S000185</bioguideId>
        </identifiers>
        <fullName>Rep. Scott, Robert C. "Bobby" [D-VA-3]</fullName>
        <middleName>C. "Bobby"</middleName>
        <sponsorshipWithdrawnDate />
        <firstName>Robert</firstName>
        <sponsorshipDate>2017-10-27</sponsorshipDate>
        <party>D</party>
        <lastName>Scott</lastName>
      </item>
      <item>
        <isOriginalCosponsor>True</isOriginalCosponsor>
        <bioguideId>J000288</bioguideId>
        <district>4</district>
        <state>GA</state>
        <identifiers>
          <bioguideId>J000288</bioguideId>
          <lisID>1843</lisID>
          <gpoId>7901</gpoId>
        </identifiers>
        <fullName>Rep. Johnson, Henry C. "Hank," Jr. [D-GA-4]</fullName>
        <middleName>C. "Hank"</middleName>
        <sponsorshipWithdrawnDate />
        <firstName>Henry</firstName>
        <sponsorshipDate>2017-10-27</sponsorshipDate>
        <party>D</party>
        <lastName>Johnson</lastName>
      </item>
      <item>
        <isOriginalCosponsor>True</isOriginalCosponsor>
        <bioguideId>H000324</bioguideId>
        <district>20</district>
        <state>FL</state>
        <identifiers>
          <lisID>511</lisID>
          <bioguideId>H000324</bioguideId>
          <gpoId>7895</gpoId>
        </identifiers>
        <fullName>Rep. Hastings, Alcee L. [D-FL-20]</fullName>
        <middleName>L.</middleName>
        <sponsorshipWithdrawnDate />
        <firstName>ALCEE</firstName>
        <sponsorshipDate>2017-10-27</sponsorshipDate>
        <party>D</party>
        <lastName>HASTINGS</lastName>
      </item>
      <item>
        <isOriginalCosponsor>True</isOriginalCosponsor>
        <bioguideId>C001061</bioguideId>
        <district>5</district>
        <state>MO</state>
        <identifiers>
          <gpoId>8013</gpoId>
          <lisID>1790</lisID>
          <bioguideId>C001061</bioguideId>
        </identifiers>
        <fullName>Rep. Cleaver, Emanuel [D-MO-5]</fullName>
        <middleName />
        <sponsorshipWithdrawnDate />
        <firstName>Emanuel</firstName>
        <sponsorshipDate>2017-10-27</sponsorshipDate>
        <party>D</party>
        <lastName>Cleaver</lastName>
      </item>
      <item>
        <isOriginalCosponsor>True</isOriginalCosponsor>
        <bioguideId>C001049</bioguideId>
        <district>1</district>
        <state>MO</state>
        <identifiers>
          <bioguideId>C001049</bioguideId>
          <lisID>1654</lisID>
          <gpoId>8009</gpoId>
        </identifiers>
        <fullName>Rep. Clay, Wm. Lacy [D-MO-1]</fullName>
        <middleName>LACY</middleName>
        <sponsorshipWithdrawnDate />
        <firstName>WM.</firstName>
        <sponsorshipDate>2017-10-27</sponsorshipDate>
        <party>D</party>
        <lastName>CLAY</lastName>
      </item>
      <item>
        <isOriginalCosponsor>True</isOriginalCosponsor>
        <bioguideId>B001251</bioguideId>
        <district>1</district>
        <state>NC</state>
        <identifiers>
          <bioguideId>B001251</bioguideId>
          <gpoId>8024</gpoId>
          <lisID>1761</lisID>
        </identifiers>
        <fullName>Rep. Butterfield, G. K. [D-NC-1]</fullName>
        <middleName />
        <sponsorshipWithdrawnDate />
        <firstName>G. K.</firstName>
        <sponsorshipDate>2017-10-27</sponsorshipDate>
        <party>D</party>
        <lastName>Butterfield</lastName>
      </item>
      <item>
        <isOriginalCosponsor>True</isOriginalCosponsor>
        <bioguideId>V000131</bioguideId>
        <district>33</district>
        <state>TX</state>
        <identifiers>
          <lisID>2166</lisID>
          <gpoId />
          <bioguideId>V000131</bioguideId>
        </identifiers>
        <fullName>Rep. Veasey, Marc A. [D-TX-33]</fullName>
        <middleName>A.</middleName>
        <sponsorshipWithdrawnDate />
        <firstName>Marc</firstName>
        <sponsorshipDate>2017-10-27</sponsorshipDate>
        <party>D</party>
        <lastName>Veasey</lastName>
      </item>
      <item>
        <isOriginalCosponsor>True</isOriginalCosponsor>
        <bioguideId>J000032</bioguideId>
        <district>18</district>
        <state>TX</state>
        <identifiers>
          <bioguideId>J000032</bioguideId>
          <gpoId>8174</gpoId>
          <lisID>588</lisID>
        </identifiers>
        <fullName>Rep. Jackson Lee, Sheila [D-TX-18]</fullName>
        <middleName />
        <sponsorshipWithdrawnDate />
        <firstName>SHEILA</firstName>
        <sponsorshipDate>2017-10-27</sponsorshipDate>
        <party>D</party>
        <lastName>JACKSON LEE</lastName>
      </item>
      <item>
        <isOriginalCosponsor>True</isOriginalCosponsor>
        <bioguideId>P000604</bioguideId>
        <district>10</district>
        <state>NJ</state>
        <identifiers>
          <gpoId>8373</gpoId>
          <bioguideId>P000604</bioguideId>
          <lisID>2097</lisID>
        </identifiers>
        <fullName>Rep. Payne, Donald M., Jr. [D-NJ-10]</fullName>
        <middleName>M.</middleName>
        <sponsorshipWithdrawnDate />
        <firstName>Donald</firstName>
        <sponsorshipDate>2017-10-27</sponsorshipDate>
        <party>D</party>
        <lastName>Payne</lastName>
      </item>
      <item>
        <isOriginalCosponsor>True</isOriginalCosponsor>
        <bioguideId>L000586</bioguideId>
        <district>5</district>
        <state>FL</state>
        <identifiers>
          <gpoId />
          <bioguideId>L000586</bioguideId>
          <lisID>2317</lisID>
        </identifiers>
        <fullName>Rep. Lawson, Al, Jr. [D-FL-5]</fullName>
        <middleName />
        <sponsorshipWithdrawnDate />
        <firstName>Al</firstName>
        <sponsorshipDate>2017-10-27</sponsorshipDate>
        <party>D</party>
        <lastName>Lawson</lastName>
      </item>
      <item>
        <isOriginalCosponsor>True</isOriginalCosponsor>
        <bioguideId>E000296</bioguideId>
        <district>2</district>
        <state>PA</state>
        <identifiers>
          <bioguideId>E000296</bioguideId>
          <lisID>2298</lisID>
          <gpoId />
        </identifiers>
        <fullName>Rep. Evans, Dwight [D-PA-2]</fullName>
        <middleName />
        <sponsorshipWithdrawnDate />
        <firstName>Dwight</firstName>
        <sponsorshipDate>2017-10-27</sponsorshipDate>
        <party>D</party>
        <lastName>Evans</lastName>
      </item>
      <item>
        <isOriginalCosponsor>True</isOriginalCosponsor>
        <bioguideId>T000193</bioguideId>
        <district>2</district>
        <state>MS</state>
        <identifiers>
          <lisID>1151</lisID>
          <bioguideId>T000193</bioguideId>
          <gpoId>8020</gpoId>
        </identifiers>
        <fullName>Rep. Thompson, Bennie G. [D-MS-2]</fullName>
        <middleName />
        <sponsorshipWithdrawnDate />
        <firstName>BENNIE</firstName>
        <sponsorshipDate>2017-10-27</sponsorshipDate>
        <party>D</party>
        <lastName>THOMPSON</lastName>
      </item>
      <item>
        <isOriginalCosponsor>True</isOriginalCosponsor>
        <bioguideId>C000537</bioguideId>
        <district>6</district>
        <state>SC</state>
        <identifiers>
          <bioguideId>C000537</bioguideId>
          <gpoId>8146</gpoId>
          <lisID>208</lisID>
        </identifiers>
        <fullName>Rep. Clyburn, James E. [D-SC-6]</fullName>
        <middleName>E.</middleName>
        <sponsorshipWithdrawnDate />
        <firstName>JAMES</firstName>
        <sponsorshipDate>2017-10-27</sponsorshipDate>
        <party>D</party>
        <lastName>CLYBURN</lastName>
      </item>
      <item>
        <isOriginalCosponsor>True</isOriginalCosponsor>
        <bioguideId>G000553</bioguideId>
        <district>9</district>
        <state>TX</state>
        <identifiers>
          <bioguideId>G000553</bioguideId>
          <lisID>1803</lisID>
          <gpoId>8165</gpoId>
        </identifiers>
        <fullName>Rep. Green, Al [D-TX-9]</fullName>
        <middleName />
        <sponsorshipWithdrawnDate />
        <firstName>Al</firstName>
        <sponsorshipDate>2017-10-27</sponsorshipDate>
        <party>D</party>
        <lastName>Green</lastName>
      </item>
      <item>
        <isOriginalCosponsor>True</isOriginalCosponsor>
        <bioguideId>F000455</bioguideId>
        <district>11</district>
        <state>OH</state>
        <identifiers>
          <lisID>1895</lisID>
          <gpoId>8101</gpoId>
          <bioguideId>F000455</bioguideId>
        </identifiers>
        <fullName>Rep. Fudge, Marcia L. [D-OH-11]</fullName>
        <middleName>L.</middleName>
        <sponsorshipWithdrawnDate />
        <firstName>Marcia</firstName>
        <sponsorshipDate>2017-10-27</sponsorshipDate>
        <party>D</party>
        <lastName>Fudge</lastName>
      </item>
      <item>
        <isOriginalCosponsor>True</isOriginalCosponsor>
        <bioguideId>C001067</bioguideId>
        <district>9</district>
        <state>NY</state>
        <identifiers>
          <bioguideId>C001067</bioguideId>
          <lisID>1864</lisID>
          <gpoId>8072</gpoId>
        </identifiers>
        <fullName>Rep. Clarke, Yvette D. [D-NY-9]</fullName>
        <middleName>D.</middleName>
        <sponsorshipWithdrawnDate />
        <firstName>Yvette</firstName>
        <sponsorshipDate>2017-10-27</sponsorshipDate>
        <party>D</party>
        <lastName>Clarke</lastName>
      </item>
      <item>
        <isOriginalCosponsor>True</isOriginalCosponsor>
        <bioguideId>M001160</bioguideId>
        <district>4</district>
        <state>WI</state>
        <identifiers>
          <lisID>1811</lisID>
          <bioguideId>M001160</bioguideId>
          <gpoId>8217</gpoId>
        </identifiers>
        <fullName>Rep. Moore, Gwen [D-WI-4]</fullName>
        <middleName />
        <sponsorshipWithdrawnDate />
        <firstName>Gwen</firstName>
        <sponsorshipDate>2017-10-27</sponsorshipDate>
        <party>D</party>
        <lastName>Moore</lastName>
      </item>
      <item>
        <isOriginalCosponsor>True</isOriginalCosponsor>
        <bioguideId>C001072</bioguideId>
        <district>7</district>
        <state>IN</state>
        <identifiers>
          <lisID>1889</lisID>
          <gpoId>7946</gpoId>
          <bioguideId>C001072</bioguideId>
        </identifiers>
        <fullName>Rep. Carson, Andre [D-IN-7]</fullName>
        <middleName />
        <sponsorshipWithdrawnDate />
        <firstName>Andre</firstName>
        <sponsorshipDate>2017-10-27</sponsorshipDate>
        <party>D</party>
        <lastName>Carson</lastName>
      </item>
      <item>
        <isOriginalCosponsor>True</isOriginalCosponsor>
        <bioguideId>R000588</bioguideId>
        <district>2</district>
        <state>LA</state>
        <identifiers>
          <bioguideId>R000588</bioguideId>
          <lisID>2023</lisID>
          <gpoId>7960</gpoId>
        </identifiers>
        <fullName>Rep. Richmond, Cedric L. [D-LA-2]</fullName>
        <middleName>L.</middleName>
        <sponsorshipWithdrawnDate />
        <firstName>Cedric</firstName>
        <sponsorshipDate>2017-10-27</sponsorshipDate>
        <party>D</party>
        <lastName>Richmond</lastName>
      </item>
      <item>
        <isOriginalCosponsor>True</isOriginalCosponsor>
        <bioguideId>B001270</bioguideId>
        <district>37</district>
        <state>CA</state>
        <identifiers>
          <gpoId>7838</gpoId>
          <bioguideId>B001270</bioguideId>
          <lisID>1996</lisID>
        </identifiers>
        <fullName>Rep. Bass, Karen [D-CA-37]</fullName>
        <middleName />
        <sponsorshipWithdrawnDate />
        <firstName>Karen</firstName>
        <sponsorshipDate>2017-10-27</sponsorshipDate>
        <party>D</party>
        <lastName>Bass</lastName>
      </item>
      <item>
        <isOriginalCosponsor>True</isOriginalCosponsor>
        <bioguideId>B001281</bioguideId>
        <district>3</district>
        <state>OH</state>
        <identifiers>
          <bioguideId>B001281</bioguideId>
          <lisID>2153</lisID>
          <gpoId />
        </identifiers>
        <fullName>Rep. Beatty, Joyce [D-OH-3]</fullName>
        <middleName />
        <sponsorshipWithdrawnDate />
        <firstName>Joyce</firstName>
        <sponsorshipDate>2017-10-27</sponsorshipDate>
        <party>D</party>
        <lastName>Beatty</lastName>
      </item>
      <item>
        <isOriginalCosponsor>True</isOriginalCosponsor>
        <bioguideId>C001101</bioguideId>
        <district>5</district>
        <state>MA</state>
        <identifiers>
          <gpoId />
          <lisID>2196</lisID>
          <bioguideId>C001101</bioguideId>
        </identifiers>
        <fullName>Rep. Clark, Katherine M. [D-MA-5]</fullName>
        <middleName>M.</middleName>
        <sponsorshipWithdrawnDate />
        <firstName>Katherine</firstName>
        <sponsorshipDate>2017-10-27</sponsorshipDate>
        <party>D</party>
        <lastName>Clark</lastName>
      </item>
      <item>
        <isOriginalCosponsor>False</isOriginalCosponsor>
        <bioguideId>W000797</bioguideId>
        <district>23</district>
        <state>FL</state>
        <identifiers>
          <bioguideId>W000797</bioguideId>
          <lisID>1777</lisID>
          <gpoId>7892</gpoId>
        </identifiers>
        <fullName>Rep. Wasserman Schultz, Debbie [D-FL-23]</fullName>
        <middleName />
        <sponsorshipWithdrawnDate />
        <firstName>Debbie</firstName>
        <sponsorshipDate>2017-10-31</sponsorshipDate>
        <party>D</party>
        <lastName>Wasserman Schultz</lastName>
      </item>
      <item>
        <isOriginalCosponsor>False</isOriginalCosponsor>
        <bioguideId>N000147</bioguideId>
        <district>0</district>
        <state>DC</state>
        <identifiers>
          <gpoId>7871</gpoId>
          <lisID>868</lisID>
          <bioguideId>N000147</bioguideId>
        </identifiers>
        <fullName>Rep. Norton, Eleanor Holmes [D-DC-At Large]</fullName>
        <middleName>HOLMES</middleName>
        <sponsorshipWithdrawnDate />
        <firstName>ELEANOR</firstName>
        <sponsorshipDate>2017-10-31</sponsorshipDate>
        <party>D</party>
        <lastName>NORTON</lastName>
      </item>
      <item>
        <isOriginalCosponsor>False</isOriginalCosponsor>
        <bioguideId>M001196</bioguideId>
        <district>6</district>
        <state>MA</state>
        <identifiers>
          <bioguideId>M001196</bioguideId>
          <lisID>2246</lisID>
          <gpoId />
        </identifiers>
        <fullName>Rep. Moulton, Seth [D-MA-6]</fullName>
        <middleName />
        <sponsorshipWithdrawnDate />
        <firstName>Seth</firstName>
        <sponsorshipDate>2017-10-31</sponsorshipDate>
        <party>D</party>
        <lastName>Moulton</lastName>
      </item>
      <item>
        <isOriginalCosponsor>False</isOriginalCosponsor>
        <bioguideId>L000584</bioguideId>
        <district>4</district>
        <state>UT</state>
        <identifiers>
          <bioguideId>L000584</bioguideId>
          <lisID>2271</lisID>
          <gpoId />
        </identifiers>
        <fullName>Rep. Love, Mia B. [R-UT-4]</fullName>
        <middleName>B.</middleName>
        <sponsorshipWithdrawnDate />
        <firstName>Mia</firstName>
        <sponsorshipDate>2017-10-31</sponsorshipDate>
        <party>R</party>
        <lastName>Love</lastName>
      </item>
      <item>
        <isOriginalCosponsor>False</isOriginalCosponsor>
        <bioguideId>C001107</bioguideId>
        <district>26</district>
        <state>FL</state>
        <identifiers>
          <lisID>2235</lisID>
          <gpoId />
          <bioguideId>C001107</bioguideId>
        </identifiers>
        <fullName>Rep. Curbelo, Carlos [R-FL-26]</fullName>
        <middleName />
        <sponsorshipWithdrawnDate />
        <firstName>Carlos</firstName>
        <sponsorshipDate>2017-10-31</sponsorshipDate>
        <party>R</party>
        <lastName>Curbelo</lastName>
      </item>
      <item>
        <isOriginalCosponsor>False</isOriginalCosponsor>
        <bioguideId>M000312</bioguideId>
        <district>2</district>
        <state>MA</state>
        <identifiers>
          <bioguideId>M000312</bioguideId>
          <gpoId>7968</gpoId>
          <lisID>1504</lisID>
        </identifiers>
        <fullName>Rep. McGovern, James P. [D-MA-2]</fullName>
        <middleName>P.</middleName>
        <sponsorshipWithdrawnDate />
        <firstName>JAMES</firstName>
        <sponsorshipDate>2017-10-31</sponsorshipDate>
        <party>D</party>
        <lastName>MCGOVERN</lastName>
      </item>
      <item>
        <isOriginalCosponsor>False</isOriginalCosponsor>
        <bioguideId>C001066</bioguideId>
        <district>14</district>
        <state>FL</state>
        <identifiers>
          <gpoId>7883</gpoId>
          <lisID>1839</lisID>
          <bioguideId>C001066</bioguideId>
        </identifiers>
        <fullName>Rep. Castor, Kathy [D-FL-14]</fullName>
        <middleName />
        <sponsorshipWithdrawnDate />
        <firstName>Kathy</firstName>
        <sponsorshipDate>2017-10-31</sponsorshipDate>
        <party>D</party>
        <lastName>Castor</lastName>
      </item>
    </cosponsors>
    <introducedDate>2017-10-27</introducedDate>
    <committees>
      <billCommittees>
        <item>
          <systemCode>hsfa00</systemCode>
          <name>Foreign Affairs Committee</name>
          <activities>
            <item>
              <name>Referred to</name>
              <date>2017-10-27T14:00:51Z</date>
            </item>
          </activities>
          <chamber>House</chamber>
          <type>Standing</type>
          <subcommittees>
            <item>
              <activities>
                <item>
                  <name>Referred to</name>
                  <date>2017-11-29T14:57:20Z</date>
                </item>
              </activities>
              <systemCode>hsfa07</systemCode>
              <name>Western Hemisphere Subcommittee</name>
            </item>
          </subcommittees>
        </item>
        <item>
          <systemCode>hsju00</systemCode>
          <name>Judiciary Committee</name>
          <activities>
            <item>
              <name>Referred to</name>
              <date>2017-10-27T14:01:00Z</date>
            </item>
          </activities>
          <chamber>House</chamber>
          <type>Standing</type>
          <subcommittees>
            <item>
              <activities>
                <item>
                  <name>Referred to</name>
                  <date>2017-11-14T15:59:19Z</date>
                </item>
              </activities>
              <systemCode>hsju01</systemCode>
              <name>Immigration and Border Security Subcommittee</name>
            </item>
          </subcommittees>
        </item>
      </billCommittees>
    </committees>
    <laws />
    <cboCostEstimates />
    <sponsors>
      <item>
        <firstName>Frederica</firstName>
        <party>D</party>
        <byRequestType />
        <bioguideId>W000808</bioguideId>
        <identifiers>
          <lisID>2004</lisID>
          <bioguideId>W000808</bioguideId>
          <gpoId>7889</gpoId>
        </identifiers>
        <lastName>Wilson</lastName>
        <state>FL</state>
        <district>24</district>
        <fullName>Rep. Wilson, Frederica S. [D-FL-24]</fullName>
        <middleName>S.</middleName>
      </item>
    </sponsors>
    <createDate>2017-10-28T03:11:16Z</createDate>
    <billNumber>88</billNumber>
    <congress>115</congress>
    <subjects>
      <billSubjects>
        <legislativeSubjects>
          <item>
            <name>Caribbean area</name>
          </item>
          <item>
            <name>Foreign labor</name>
          </item>
          <item>
            <name>Haiti</name>
          </item>
          <item>
            <name>Health care coverage and access</name>
          </item>
          <item>
            <name>Health promotion and preventive care</name>
          </item>
          <item>
            <name>Immigration status and procedures</name>
          </item>
          <item>
            <name>Infectious and parasitic diseases</name>
          </item>
          <item>
            <name>Latin America</name>
          </item>
          <item>
            <name>Natural disasters</name>
          </item>
          <item>
            <name>Reconstruction and stabilization</name>
          </item>
          <item>
            <name>Solid waste and recycling</name>
          </item>
          <item>
            <name>Sovereignty, recognition, national governance and status</name>
          </item>
          <item>
            <name>United Nations</name>
          </item>
          <item>
            <name>Water use and supply</name>
          </item>
        </legislativeSubjects>
        <policyArea>
          <name>International Affairs</name>
        </policyArea>
      </billSubjects>
    </subjects>
    <billType>HCONRES</billType>
    <committeeReports />
    <policyArea>
      <name>International Affairs</name>
    </policyArea>
    <relatedBills>
      <item>
        <type>HCONRES</type>
        <latestAction>
          <text>Referred to the Subcommittee on the Western Hemisphere.</text>
          <actionDate>2017-11-29</actionDate>
        </latestAction>
        <relationshipDetails>
          <item>
            <type>Identical bill</type>
            <identifiedBy>CRS</identifiedBy>
          </item>
        </relationshipDetails>
        <latestTitle>Expressing the sense of the Congress that temporary protected status for Haitian nationals should be extended until that country has demonstrably recovered from the 2010 earthquake, the cholera epidemic, Hurricane Matthew, and other disasters.</latestTitle>
        <congress>115</congress>
        <number>87</number>
      </item>
    </relatedBills>
    <title>Expressing the sense of the Congress that temporary protected status for Haitian nationals should be extended until that country has demonstrably recovered from the 2010 earthquake, the cholera epidemic, Hurricane Matthew, and other disasters.</title>
    <titles>
      <item>
        <title>Expressing the sense of the Congress that temporary protected status for Haitian nationals should be extended until that country has demonstrably recovered from the 2010 earthquake, the cholera epidemic, Hurricane Matthew, and other disasters.</title>
        <titleType>Official Title as Introduced</titleType>
        <parentTitleType />
        <chamberName />
        <chamberCode />
      </item>
      <item>
        <title>Expressing the sense of the Congress that temporary protected status for Haitian nationals should be extended until that country has demonstrably recovered from the 2010 earthquake, the cholera epidemic, Hurricane Matthew, and other disasters.</title>
        <titleType>Display Title</titleType>
        <parentTitleType />
        <chamberName />
        <chamberCode />
      </item>
    </titles>
    <summaries>
      <billSummaries>
        <item>
          <actionDesc>Introduced in House</actionDesc>
          <actionDate>2017-10-27</actionDate>
          <text><![CDATA[<p>Expresses the sense of Congress that: (1) the people of the United States stand in solidarity with the people of Haiti and support efforts to help Haiti recover and develop into a prosperous democracy; (2) Haiti has not recovered from the natural and man-made disasters that prompted the Department of Homeland Security (DHS) to designate Haiti as a temporary protected status (TPS) country; (3) DHS should extend Haiti's TPS designation; (4) the Department of State should urge the United Nations to fulfill its pledge to treat and eliminate cholera, improve long-term access to clean water and sanitation, and assist victims; and (5) a prosperous and democratic Haiti will be better positioned to provide opportunities for its citizens, address crises, meet its obligations, and advance shared U.S.-Haiti interests and values. </p>]]></text>
          <versionCode>00</versionCode>
          <updateDate>2017-10-27T04:00:00Z</updateDate>
          <lastSummaryUpdateDate>2017-10-31T15:40:25Z</lastSummaryUpdateDate>
          <name>Introduced in House</name>
        </item>
      </billSummaries>
    </summaries>
    <latestAction>
      <actionDate>2017-11-29</actionDate>
      <links />
      <text>Referred to the Subcommittee on the Western Hemisphere.</text>
    </latestAction>
    <calendarNumbers />
    <recordedVotes />
    <updateDate>2018-02-28T18:57:14Z</updateDate>
    <amendments />
    <constitutionalAuthorityStatementText />
    <version>1.0.0</version>
    <actions>
      <actionByCounts>
        <houseOfRepresentatives>6</houseOfRepresentatives>
      </actionByCounts>
      <item>
        <actionDate>2017-11-29</actionDate>
        <committee>
          <name>Western Hemisphere Subcommittee</name>
          <systemCode>hsfa07</systemCode>
        </committee>
        <links />
        <sourceSystem>
          <name>House committee actions</name>
          <code>1</code>
        </sourceSystem>
        <text>Referred to the Subcommittee on the Western Hemisphere.</text>
        <type>Committee</type>
      </item>
      <item>
        <actionDate>2017-11-14</actionDate>
        <committee>
          <name>Immigration and Border Security Subcommittee</name>
          <systemCode>hsju01</systemCode>
        </committee>
        <links />
        <sourceSystem>
          <name>House committee actions</name>
          <code>1</code>
        </sourceSystem>
        <text>Referred to the Subcommittee on Immigration and Border Security.</text>
        <type>Committee</type>
      </item>
      <item>
        <links />
        <text>Referred to the Committee on Foreign Affairs, and in addition to the Committee on the Judiciary, for a period to be subsequently determined by the Speaker, in each case for consideration of such provisions as fall within the jurisdiction of the committee concerned.</text>
        <committee>
          <name>Judiciary Committee</name>
          <systemCode>hsju00</systemCode>
        </committee>
        <actionDate>2017-10-27</actionDate>
        <type>IntroReferral</type>
        <actionCode>H11100</actionCode>
        <sourceSystem>
          <name>House floor actions</name>
          <code>2</code>
        </sourceSystem>
      </item>
      <item>
        <links />
        <text>Referred to the Committee on Foreign Affairs, and in addition to the Committee on the Judiciary, for a period to be subsequently determined by the Speaker, in each case for consideration of such provisions as fall within the jurisdiction of the committee concerned.</text>
        <committee>
          <name>Foreign Affairs Committee</name>
          <systemCode>hsfa00</systemCode>
        </committee>
        <actionDate>2017-10-27</actionDate>
        <type>IntroReferral</type>
        <actionCode>H11100</actionCode>
        <sourceSystem>
          <name>House floor actions</name>
          <code>2</code>
        </sourceSystem>
      </item>
      <item>
        <links />
        <text>Introduced in House</text>
        <committee />
        <actionDate>2017-10-27</actionDate>
        <type>IntroReferral</type>
        <actionCode>Intro-H</actionCode>
        <sourceSystem>
          <name>Library of Congress</name>
          <code>9</code>
        </sourceSystem>
      </item>
      <item>
        <links />
        <text>Introduced in House</text>
        <committee />
        <actionDate>2017-10-27</actionDate>
        <type>IntroReferral</type>
        <actionCode>1000</actionCode>
        <sourceSystem>
          <name>Library of Congress</name>
          <code>9</code>
        </sourceSystem>
      </item>
      <actionTypeCounts>
        <billReferrals>2</billReferrals>
        <introducedInHouse>1</introducedInHouse>
        <introducedInTheHouse>1</introducedInTheHouse>
        <placeholderTextForH>2</placeholderTextForH>
      </actionTypeCounts>
    </actions>
    <originChamber>House</originChamber>
  </bill>
  <dublinCore xmlns:dc="http://purl.org/dc/elements/1.1/">
    <dc:format>text/xml</dc:format>
    <dc:language>EN</dc:language>
    <dc:rights>Pursuant to Title 17 Section 105 of the United States Code, this file is not subject to copyright protection and is in the public domain.</dc:rights>
    <dc:contributor>Congressional Research Service, Library of Congress</dc:contributor>
    <dc:description>This file contains bill summaries and statuses for federal legislation. A bill summary describes the most significant provisions of a piece of legislation and details the effects the legislative text may have on current law and federal programs. Bill summaries are authored by the Congressional Research Service (CRS) of the Library of Congress. As stated in Public Law 91-510 (2 USC 166 (d)(6)), one of the duties of CRS is "to prepare summaries and digests of bills and resolutions of a public general nature introduced in the Senate or House of Representatives". For more information, refer to the User Guide that accompanies this file.</dc:description>
  </dublinCore>
</billStatus>

