<?xml version="1.0" encoding="UTF-8"?>
<billStatus>
  <bill>
    <committeeReports />
    <originChamber>House</originChamber>
    <billNumber>76</billNumber>
    <actions>
      <actionByCounts>
        <houseOfRepresentatives>3</houseOfRepresentatives>
      </actionByCounts>
      <item>
        <text>Referred to the House Committee on Ways and Means.</text>
        <type>IntroReferral</type>
        <sourceSystem>
          <name>House floor actions</name>
          <code>2</code>
        </sourceSystem>
        <committee>
          <name>Ways and Means Committee</name>
          <systemCode>hswm00</systemCode>
        </committee>
        <actionCode>H11100</actionCode>
        <actionDate>2017-07-28</actionDate>
        <links />
      </item>
      <item>
        <text>Introduced in House</text>
        <type>IntroReferral</type>
        <sourceSystem>
          <name>Library of Congress</name>
          <code>9</code>
        </sourceSystem>
        <committee />
        <actionCode>Intro-H</actionCode>
        <actionDate>2017-07-28</actionDate>
        <links />
      </item>
      <item>
        <text>Introduced in House</text>
        <type>IntroReferral</type>
        <sourceSystem>
          <name>Library of Congress</name>
          <code>9</code>
        </sourceSystem>
        <committee />
        <actionCode>1000</actionCode>
        <actionDate>2017-07-28</actionDate>
        <links />
      </item>
      <actionTypeCounts>
        <introducedInHouse>1</introducedInHouse>
        <billReferrals>1</billReferrals>
        <introducedInTheHouse>1</introducedInTheHouse>
      </actionTypeCounts>
    </actions>
    <calendarNumbers />
    <updateDate>2018-02-06T16:39:27Z</updateDate>
    <cosponsors>
      <item>
        <isOriginalCosponsor>True</isOriginalCosponsor>
        <fullName>Rep. Meeks, Gregory W. [D-NY-5]</fullName>
        <middleName>W.</middleName>
        <sponsorshipDate>2017-07-28</sponsorshipDate>
        <bioguideId>M001137</bioguideId>
        <lastName>MEEKS</lastName>
        <party>D</party>
        <district>5</district>
        <firstName>GREGORY</firstName>
        <state>NY</state>
        <identifiers>
          <bioguideId>M001137</bioguideId>
          <gpoId>8067</gpoId>
          <lisID>1506</lisID>
        </identifiers>
        <sponsorshipWithdrawnDate />
      </item>
      <item>
        <isOriginalCosponsor>True</isOriginalCosponsor>
        <fullName>Rep. Barragan, Nanette Diaz [D-CA-44]</fullName>
        <middleName>Diaz</middleName>
        <sponsorshipDate>2017-07-28</sponsorshipDate>
        <bioguideId>B001300</bioguideId>
        <lastName>Barragan</lastName>
        <party>D</party>
        <district>44</district>
        <firstName>Nanette</firstName>
        <state>CA</state>
        <identifiers>
          <lisID>2311</lisID>
          <gpoId />
          <bioguideId>B001300</bioguideId>
        </identifiers>
        <sponsorshipWithdrawnDate />
      </item>
      <item>
        <isOriginalCosponsor>True</isOriginalCosponsor>
        <fullName>Rep. Titus, Dina [D-NV-1]</fullName>
        <middleName />
        <sponsorshipDate>2017-07-28</sponsorshipDate>
        <bioguideId>T000468</bioguideId>
        <lastName>Titus</lastName>
        <party>D</party>
        <district>1</district>
        <firstName>Dina</firstName>
        <state>NV</state>
        <identifiers>
          <bioguideId>T000468</bioguideId>
          <lisID>1940</lisID>
          <gpoId>7493</gpoId>
        </identifiers>
        <sponsorshipWithdrawnDate />
      </item>
      <item>
        <isOriginalCosponsor>True</isOriginalCosponsor>
        <fullName>Rep. Swalwell, Eric [D-CA-15]</fullName>
        <middleName />
        <sponsorshipDate>2017-07-28</sponsorshipDate>
        <bioguideId>S001193</bioguideId>
        <lastName>Swalwell</lastName>
        <party>D</party>
        <district>15</district>
        <firstName>Eric</firstName>
        <state>CA</state>
        <identifiers>
          <lisID>2104</lisID>
          <bioguideId>S001193</bioguideId>
          <gpoId />
        </identifiers>
        <sponsorshipWithdrawnDate />
      </item>
      <item>
        <isOriginalCosponsor>True</isOriginalCosponsor>
        <fullName>Rep. Shea-Porter, Carol [D-NH-1]</fullName>
        <middleName />
        <sponsorshipDate>2017-07-28</sponsorshipDate>
        <bioguideId>S001170</bioguideId>
        <lastName>Shea-Porter</lastName>
        <party>D</party>
        <district>1</district>
        <firstName>Carol</firstName>
        <state>NH</state>
        <identifiers>
          <lisID>1861</lisID>
          <gpoId>7528</gpoId>
          <bioguideId>S001170</bioguideId>
        </identifiers>
        <sponsorshipWithdrawnDate />
      </item>
      <item>
        <isOriginalCosponsor>True</isOriginalCosponsor>
        <fullName>Rep. King, Peter T. [R-NY-2]</fullName>
        <middleName>T.</middleName>
        <sponsorshipDate>2017-07-28</sponsorshipDate>
        <bioguideId>K000210</bioguideId>
        <lastName>KING</lastName>
        <party>R</party>
        <district>2</district>
        <firstName>PETER</firstName>
        <state>NY</state>
        <identifiers>
          <bioguideId>K000210</bioguideId>
          <gpoId>8064</gpoId>
          <lisID>635</lisID>
        </identifiers>
        <sponsorshipWithdrawnDate />
      </item>
      <item>
        <isOriginalCosponsor>True</isOriginalCosponsor>
        <fullName>Rep. Cook, Paul [R-CA-8]</fullName>
        <middleName />
        <sponsorshipDate>2017-07-28</sponsorshipDate>
        <bioguideId>C001094</bioguideId>
        <lastName>Cook</lastName>
        <party>R</party>
        <district>8</district>
        <firstName>Paul</firstName>
        <state>CA</state>
        <identifiers>
          <gpoId />
          <bioguideId>C001094</bioguideId>
          <lisID>2103</lisID>
        </identifiers>
        <sponsorshipWithdrawnDate />
      </item>
      <item>
        <isOriginalCosponsor>True</isOriginalCosponsor>
        <fullName>Rep. Jackson Lee, Sheila [D-TX-18]</fullName>
        <middleName />
        <sponsorshipDate>2017-07-28</sponsorshipDate>
        <bioguideId>J000032</bioguideId>
        <lastName>JACKSON LEE</lastName>
        <party>D</party>
        <district>18</district>
        <firstName>SHEILA</firstName>
        <state>TX</state>
        <identifiers>
          <lisID>588</lisID>
          <bioguideId>J000032</bioguideId>
          <gpoId>8174</gpoId>
        </identifiers>
        <sponsorshipWithdrawnDate />
      </item>
      <item>
        <isOriginalCosponsor>True</isOriginalCosponsor>
        <fullName>Rep. Donovan, Daniel M., Jr. [R-NY-11]</fullName>
        <middleName>M.</middleName>
        <sponsorshipDate>2017-07-28</sponsorshipDate>
        <bioguideId>D000625</bioguideId>
        <lastName>Donovan</lastName>
        <party>R</party>
        <district>11</district>
        <firstName>Daniel</firstName>
        <state>NY</state>
        <identifiers>
          <gpoId />
          <bioguideId>D000625</bioguideId>
          <lisID>2293</lisID>
        </identifiers>
        <sponsorshipWithdrawnDate />
      </item>
    </cosponsors>
    <notes />
    <subjects>
      <billSubjects>
        <policyArea>
          <name>Taxation</name>
        </policyArea>
        <legislativeSubjects>
          <item>
            <name>Housing finance and home ownership</name>
          </item>
          <item>
            <name>Income tax deductions</name>
          </item>
          <item>
            <name>Interest, dividends, interest rates</name>
          </item>
          <item>
            <name>Property tax</name>
          </item>
          <item>
            <name>State and local taxation</name>
          </item>
        </legislativeSubjects>
      </billSubjects>
    </subjects>
    <committees>
      <billCommittees>
        <item>
          <systemCode>hswm00</systemCode>
          <name>Ways and Means Committee</name>
          <type>Standing</type>
          <activities>
            <item>
              <name>Referred to</name>
              <date>2017-07-28T13:15:30Z</date>
            </item>
          </activities>
          <chamber>House</chamber>
          <subcommittees />
        </item>
      </billCommittees>
    </committees>
    <version>1.0.0</version>
    <recordedVotes />
    <policyArea>
      <name>Taxation</name>
    </policyArea>
    <cboCostEstimates />
    <introducedDate>2017-07-28</introducedDate>
    <title>Expressing the sense of the Congress that the current Federal income tax deduction for interest paid on debt secured by a first or second home and for property taxes should not be further restricted.</title>
    <amendments />
    <latestAction>
      <text>Referred to the House Committee on Ways and Means.</text>
      <links />
      <actionDate>2017-07-28</actionDate>
    </latestAction>
    <congress>115</congress>
    <billType>HCONRES</billType>
    <createDate>2017-07-29T03:11:32Z</createDate>
    <sponsors>
      <item>
        <lastName>SHERMAN</lastName>
        <party>D</party>
        <state>CA</state>
        <bioguideId>S000344</bioguideId>
        <middleName />
        <byRequestType />
        <fullName>Rep. Sherman, Brad [D-CA-30]</fullName>
        <firstName>BRAD</firstName>
        <district>30</district>
        <identifiers>
          <lisID>1526</lisID>
          <bioguideId>S000344</bioguideId>
          <gpoId>7832</gpoId>
        </identifiers>
      </item>
    </sponsors>
    <constitutionalAuthorityStatementText />
    <relatedBills />
    <laws />
    <titles>
      <item>
        <parentTitleType />
        <chamberCode />
        <chamberName />
        <titleType>Official Title as Introduced</titleType>
        <title>Expressing the sense of the Congress that the current Federal income tax deduction for interest paid on debt secured by a first or second home and for property taxes should not be further restricted.</title>
      </item>
      <item>
        <parentTitleType />
        <chamberCode />
        <chamberName />
        <titleType>Display Title</titleType>
        <title>Expressing the sense of the Congress that the current Federal income tax deduction for interest paid on debt secured by a first or second home and for property taxes should not be further restricted.</title>
      </item>
    </titles>
    <summaries>
      <billSummaries>
        <item>
          <lastSummaryUpdateDate>2017-08-07T15:07:05Z</lastSummaryUpdateDate>
          <updateDate>2017-07-28T04:00:00Z</updateDate>
          <versionCode>00</versionCode>
          <text><![CDATA[<p>Expresses the sense of Congress that the federal income tax deductions for interest paid on debt secured by a first or second home and for property taxes should not be further restricted.</p>]]></text>
          <name>Introduced in House</name>
          <actionDesc>Introduced in House</actionDesc>
          <actionDate>2017-07-28</actionDate>
        </item>
      </billSummaries>
    </summaries>
  </bill>
  <dublinCore xmlns:dc="http://purl.org/dc/elements/1.1/">
    <dc:format>text/xml</dc:format>
    <dc:language>EN</dc:language>
    <dc:rights>Pursuant to Title 17 Section 105 of the United States Code, this file is not subject to copyright protection and is in the public domain.</dc:rights>
    <dc:contributor>Congressional Research Service, Library of Congress</dc:contributor>
    <dc:description>This file contains bill summaries and statuses for federal legislation. A bill summary describes the most significant provisions of a piece of legislation and details the effects the legislative text may have on current law and federal programs. Bill summaries are authored by the Congressional Research Service (CRS) of the Library of Congress. As stated in Public Law 91-510 (2 USC 166 (d)(6)), one of the duties of CRS is "to prepare summaries and digests of bills and resolutions of a public general nature introduced in the Senate or House of Representatives". For more information, refer to the User Guide that accompanies this file.</dc:description>
  </dublinCore>
</billStatus>

