<?xml version="1.0" encoding="UTF-8"?>
<billStatus>
  <bill>
    <createDate>2017-11-18T03:11:14Z</createDate>
    <congress>115</congress>
    <calendarNumbers />
    <amendments />
    <recordedVotes />
    <cboCostEstimates />
    <updateDate>2018-02-22T16:30:08Z</updateDate>
    <laws />
    <billNumber>94</billNumber>
    <summaries>
      <billSummaries>
        <item>
          <actionDate>2017-11-17</actionDate>
          <name>Introduced in House</name>
          <versionCode>00</versionCode>
          <actionDesc>Introduced in House</actionDesc>
          <lastSummaryUpdateDate>2018-02-22T16:23:49Z</lastSummaryUpdateDate>
          <text><![CDATA[<p> Recognizes the opening of the Museum of the Bible in Washington, DC. </p>]]></text>
          <updateDate>2017-11-17T05:00:00Z</updateDate>
        </item>
      </billSummaries>
    </summaries>
    <constitutionalAuthorityStatementText />
    <notes />
    <sponsors>
      <item>
        <firstName>Robert</firstName>
        <state>NC</state>
        <lastName>Pittenger</lastName>
        <party>R</party>
        <district>9</district>
        <fullName>Rep. Pittenger, Robert [R-NC-9]</fullName>
        <middleName />
        <bioguideId>P000606</bioguideId>
        <byRequestType />
        <identifiers>
          <bioguideId>P000606</bioguideId>
          <gpoId />
          <lisID>2141</lisID>
        </identifiers>
      </item>
    </sponsors>
    <titles>
      <item>
        <chamberName />
        <title>Recognizing the opening of the nonsectarian Museum of the Bible in Washington, D.C., the only museum of its size and scope in the world devoted exclusively to the Bible.</title>
        <titleType>Official Title as Introduced</titleType>
        <chamberCode />
        <parentTitleType />
      </item>
      <item>
        <chamberName />
        <title>Recognizing the opening of the nonsectarian Museum of the Bible in Washington, D.C., the only museum of its size and scope in the world devoted exclusively to the Bible.</title>
        <titleType>Display Title</titleType>
        <chamberCode />
        <parentTitleType />
      </item>
    </titles>
    <committees>
      <billCommittees>
        <item>
          <subcommittees>
            <item>
              <name>Federal Lands Subcommittee</name>
              <activities>
                <item>
                  <name>Referred to</name>
                  <date>2017-11-28T17:31:00Z</date>
                </item>
              </activities>
              <systemCode>hsii10</systemCode>
            </item>
          </subcommittees>
          <type>Standing</type>
          <name>Natural Resources Committee</name>
          <activities>
            <item>
              <name>Referred to</name>
              <date>2017-11-17T15:00:15Z</date>
            </item>
          </activities>
          <chamber>House</chamber>
          <systemCode>hsii00</systemCode>
        </item>
      </billCommittees>
    </committees>
    <billType>HCONRES</billType>
    <actions>
      <actionByCounts>
        <houseOfRepresentatives>4</houseOfRepresentatives>
      </actionByCounts>
      <actionTypeCounts>
        <billReferrals>1</billReferrals>
        <introducedInHouse>1</introducedInHouse>
        <placeholderTextForH>1</placeholderTextForH>
        <introducedInTheHouse>1</introducedInTheHouse>
      </actionTypeCounts>
      <item>
        <actionDate>2017-11-28</actionDate>
        <committee>
          <name>Federal Lands Subcommittee</name>
          <systemCode>hsii10</systemCode>
        </committee>
        <links />
        <sourceSystem>
          <name>House committee actions</name>
          <code>1</code>
        </sourceSystem>
        <text>Referred to the Subcommittee on Federal Lands.</text>
        <type>Committee</type>
      </item>
      <item>
        <text>Referred to the House Committee on Natural Resources.</text>
        <type>IntroReferral</type>
        <links />
        <sourceSystem>
          <name>House floor actions</name>
          <code>2</code>
        </sourceSystem>
        <actionDate>2017-11-17</actionDate>
        <committee>
          <name>Natural Resources Committee</name>
          <systemCode>hsii00</systemCode>
        </committee>
        <actionCode>H11100</actionCode>
      </item>
      <item>
        <text>Introduced in House</text>
        <type>IntroReferral</type>
        <links />
        <sourceSystem>
          <name>Library of Congress</name>
          <code>9</code>
        </sourceSystem>
        <actionDate>2017-11-17</actionDate>
        <committee />
        <actionCode>Intro-H</actionCode>
      </item>
      <item>
        <text>Introduced in House</text>
        <type>IntroReferral</type>
        <links />
        <sourceSystem>
          <name>Library of Congress</name>
          <code>9</code>
        </sourceSystem>
        <actionDate>2017-11-17</actionDate>
        <committee />
        <actionCode>1000</actionCode>
      </item>
    </actions>
    <committeeReports />
    <version>1.0.0</version>
    <originChamber>House</originChamber>
    <subjects>
      <billSubjects>
        <legislativeSubjects />
        <policyArea>
          <name>Arts, Culture, Religion</name>
        </policyArea>
      </billSubjects>
    </subjects>
    <title>Recognizing the opening of the nonsectarian Museum of the Bible in Washington, D.C., the only museum of its size and scope in the world devoted exclusively to the Bible.</title>
    <introducedDate>2017-11-17</introducedDate>
    <cosponsors>
      <item>
        <sponsorshipWithdrawnDate />
        <party>R</party>
        <middleName />
        <sponsorshipDate>2017-11-17</sponsorshipDate>
        <lastName>Pearce</lastName>
        <district>2</district>
        <fullName>Rep. Pearce, Stevan [R-NM-2]</fullName>
        <firstName>Stevan</firstName>
        <identifiers>
          <bioguideId>P000588</bioguideId>
          <gpoId>8057</gpoId>
          <lisID>1738</lisID>
        </identifiers>
        <isOriginalCosponsor>True</isOriginalCosponsor>
        <bioguideId>P000588</bioguideId>
        <state>NM</state>
      </item>
      <item>
        <sponsorshipWithdrawnDate />
        <party>R</party>
        <middleName />
        <sponsorshipDate>2017-11-17</sponsorshipDate>
        <lastName>Hartzler</lastName>
        <district>4</district>
        <fullName>Rep. Hartzler, Vicky [R-MO-4]</fullName>
        <firstName>Vicky</firstName>
        <identifiers>
          <bioguideId>H001053</bioguideId>
          <gpoId>8012</gpoId>
          <lisID>2032</lisID>
        </identifiers>
        <isOriginalCosponsor>True</isOriginalCosponsor>
        <bioguideId>H001053</bioguideId>
        <state>MO</state>
      </item>
      <item>
        <sponsorshipWithdrawnDate />
        <party>R</party>
        <middleName>K.</middleName>
        <sponsorshipDate>2017-11-17</sponsorshipDate>
        <lastName>Weber</lastName>
        <district>14</district>
        <fullName>Rep. Weber, Randy K., Sr. [R-TX-14]</fullName>
        <firstName>Randy</firstName>
        <identifiers>
          <gpoId />
          <bioguideId>W000814</bioguideId>
          <lisID>2161</lisID>
        </identifiers>
        <isOriginalCosponsor>True</isOriginalCosponsor>
        <bioguideId>W000814</bioguideId>
        <state>TX</state>
      </item>
      <item>
        <sponsorshipWithdrawnDate />
        <party>R</party>
        <middleName />
        <sponsorshipDate>2017-11-17</sponsorshipDate>
        <lastName>Franks</lastName>
        <district>8</district>
        <fullName>Rep. Franks, Trent [R-AZ-8]</fullName>
        <firstName>Trent</firstName>
        <identifiers>
          <gpoId>7799</gpoId>
          <bioguideId>F000448</bioguideId>
          <lisID>1707</lisID>
        </identifiers>
        <isOriginalCosponsor>True</isOriginalCosponsor>
        <bioguideId>F000448</bioguideId>
        <state>AZ</state>
      </item>
      <item>
        <sponsorshipWithdrawnDate />
        <party>R</party>
        <middleName />
        <sponsorshipDate>2017-11-17</sponsorshipDate>
        <lastName>Grothman</lastName>
        <district>6</district>
        <fullName>Rep. Grothman, Glenn [R-WI-6]</fullName>
        <firstName>Glenn</firstName>
        <identifiers>
          <bioguideId>G000576</bioguideId>
          <lisID>2276</lisID>
          <gpoId />
        </identifiers>
        <isOriginalCosponsor>True</isOriginalCosponsor>
        <bioguideId>G000576</bioguideId>
        <state>WI</state>
      </item>
      <item>
        <sponsorshipWithdrawnDate />
        <party>R</party>
        <middleName />
        <sponsorshipDate>2017-11-17</sponsorshipDate>
        <lastName>Hultgren</lastName>
        <district>14</district>
        <fullName>Rep. Hultgren, Randy [R-IL-14]</fullName>
        <firstName>Randy</firstName>
        <identifiers>
          <bioguideId>H001059</bioguideId>
          <gpoId>7934</gpoId>
          <lisID>2015</lisID>
        </identifiers>
        <isOriginalCosponsor>True</isOriginalCosponsor>
        <bioguideId>H001059</bioguideId>
        <state>IL</state>
      </item>
      <item>
        <sponsorshipWithdrawnDate />
        <party>R</party>
        <middleName />
        <sponsorshipDate>2017-11-17</sponsorshipDate>
        <lastName>Babin</lastName>
        <district>36</district>
        <fullName>Rep. Babin, Brian [R-TX-36]</fullName>
        <firstName>Brian</firstName>
        <identifiers>
          <bioguideId>B001291</bioguideId>
          <lisID>2270</lisID>
          <gpoId />
        </identifiers>
        <isOriginalCosponsor>True</isOriginalCosponsor>
        <bioguideId>B001291</bioguideId>
        <state>TX</state>
      </item>
      <item>
        <sponsorshipWithdrawnDate />
        <party>R</party>
        <middleName>M.</middleName>
        <sponsorshipDate>2017-11-17</sponsorshipDate>
        <lastName>SHIMKUS</lastName>
        <district>15</district>
        <fullName>Rep. Shimkus, John [R-IL-15]</fullName>
        <firstName>JOHN</firstName>
        <identifiers>
          <bioguideId>S000364</bioguideId>
          <gpoId>7939</gpoId>
          <lisID>1527</lisID>
        </identifiers>
        <isOriginalCosponsor>True</isOriginalCosponsor>
        <bioguideId>S000364</bioguideId>
        <state>IL</state>
      </item>
      <item>
        <sponsorshipWithdrawnDate />
        <party>R</party>
        <middleName />
        <sponsorshipDate>2017-11-17</sponsorshipDate>
        <lastName>Harris</lastName>
        <district>1</district>
        <fullName>Rep. Harris, Andy [R-MD-1]</fullName>
        <firstName>Andy</firstName>
        <identifiers>
          <bioguideId>H001052</bioguideId>
          <lisID>2026</lisID>
          <gpoId>7976</gpoId>
        </identifiers>
        <isOriginalCosponsor>True</isOriginalCosponsor>
        <bioguideId>H001052</bioguideId>
        <state>MD</state>
      </item>
      <item>
        <sponsorshipWithdrawnDate />
        <party>R</party>
        <middleName>W.</middleName>
        <sponsorshipDate>2017-11-17</sponsorshipDate>
        <lastName>Allen</lastName>
        <district>12</district>
        <fullName>Rep. Allen, Rick W. [R-GA-12]</fullName>
        <firstName>Rick</firstName>
        <identifiers>
          <bioguideId>A000372</bioguideId>
          <gpoId />
          <lisID>2239</lisID>
        </identifiers>
        <isOriginalCosponsor>True</isOriginalCosponsor>
        <bioguideId>A000372</bioguideId>
        <state>GA</state>
      </item>
      <item>
        <sponsorshipWithdrawnDate />
        <party>R</party>
        <middleName />
        <sponsorshipDate>2017-11-17</sponsorshipDate>
        <lastName>Westerman</lastName>
        <district>4</district>
        <fullName>Rep. Westerman, Bruce [R-AR-4]</fullName>
        <firstName>Bruce</firstName>
        <identifiers>
          <lisID>2224</lisID>
          <gpoId />
          <bioguideId>W000821</bioguideId>
        </identifiers>
        <isOriginalCosponsor>True</isOriginalCosponsor>
        <bioguideId>W000821</bioguideId>
        <state>AR</state>
      </item>
      <item>
        <sponsorshipWithdrawnDate />
        <party>R</party>
        <middleName />
        <sponsorshipDate>2017-11-17</sponsorshipDate>
        <lastName>Kelly</lastName>
        <district>1</district>
        <fullName>Rep. Kelly, Trent [R-MS-1]</fullName>
        <firstName>Trent</firstName>
        <identifiers>
          <bioguideId>K000388</bioguideId>
          <lisID>2294</lisID>
          <gpoId />
        </identifiers>
        <isOriginalCosponsor>True</isOriginalCosponsor>
        <bioguideId>K000388</bioguideId>
        <state>MS</state>
      </item>
      <item>
        <sponsorshipWithdrawnDate />
        <party>R</party>
        <middleName />
        <sponsorshipDate>2017-11-17</sponsorshipDate>
        <lastName>Cole</lastName>
        <district>4</district>
        <fullName>Rep. Cole, Tom [R-OK-4]</fullName>
        <firstName>Tom</firstName>
        <identifiers>
          <bioguideId>C001053</bioguideId>
          <gpoId>8112</gpoId>
          <lisID>1742</lisID>
        </identifiers>
        <isOriginalCosponsor>True</isOriginalCosponsor>
        <bioguideId>C001053</bioguideId>
        <state>OK</state>
      </item>
      <item>
        <sponsorshipWithdrawnDate />
        <party>R</party>
        <middleName>A.</middleName>
        <sponsorshipDate>2017-11-17</sponsorshipDate>
        <lastName>Ross</lastName>
        <district>15</district>
        <fullName>Rep. Ross, Dennis A. [R-FL-15]</fullName>
        <firstName>Dennis</firstName>
        <identifiers>
          <bioguideId>R000593</bioguideId>
          <lisID>2003</lisID>
          <gpoId>7884</gpoId>
        </identifiers>
        <isOriginalCosponsor>True</isOriginalCosponsor>
        <bioguideId>R000593</bioguideId>
        <state>FL</state>
      </item>
      <item>
        <sponsorshipWithdrawnDate />
        <party>R</party>
        <middleName />
        <sponsorshipDate>2017-11-17</sponsorshipDate>
        <lastName>Estes</lastName>
        <district>4</district>
        <fullName>Rep. Estes, Ron [R-KS-4]</fullName>
        <firstName>Ron</firstName>
        <identifiers>
          <bioguideId>E000298</bioguideId>
          <gpoId />
          <lisID>2358</lisID>
        </identifiers>
        <isOriginalCosponsor>True</isOriginalCosponsor>
        <bioguideId>E000298</bioguideId>
        <state>KS</state>
      </item>
      <item>
        <sponsorshipWithdrawnDate />
        <party>R</party>
        <middleName />
        <sponsorshipDate>2017-11-17</sponsorshipDate>
        <lastName>Loudermilk</lastName>
        <district>11</district>
        <fullName>Rep. Loudermilk, Barry [R-GA-11]</fullName>
        <firstName>Barry</firstName>
        <identifiers>
          <bioguideId>L000583</bioguideId>
          <gpoId />
          <lisID>2238</lisID>
        </identifiers>
        <isOriginalCosponsor>True</isOriginalCosponsor>
        <bioguideId>L000583</bioguideId>
        <state>GA</state>
      </item>
      <item>
        <sponsorshipWithdrawnDate />
        <party>R</party>
        <middleName />
        <sponsorshipDate>2017-11-17</sponsorshipDate>
        <lastName>Posey</lastName>
        <district>8</district>
        <fullName>Rep. Posey, Bill [R-FL-8]</fullName>
        <firstName>Bill</firstName>
        <identifiers>
          <bioguideId>P000599</bioguideId>
          <gpoId>7887</gpoId>
          <lisID>1915</lisID>
        </identifiers>
        <isOriginalCosponsor>True</isOriginalCosponsor>
        <bioguideId>P000599</bioguideId>
        <state>FL</state>
      </item>
      <item>
        <sponsorshipWithdrawnDate />
        <party>R</party>
        <middleName />
        <sponsorshipDate>2017-11-17</sponsorshipDate>
        <lastName>CHABOT</lastName>
        <district>1</district>
        <fullName>Rep. Chabot, Steve [R-OH-1]</fullName>
        <firstName>STEVE</firstName>
        <identifiers>
          <bioguideId>C000266</bioguideId>
          <lisID>186</lisID>
          <gpoId>8091</gpoId>
        </identifiers>
        <isOriginalCosponsor>True</isOriginalCosponsor>
        <bioguideId>C000266</bioguideId>
        <state>OH</state>
      </item>
      <item>
        <sponsorshipWithdrawnDate />
        <party>R</party>
        <middleName />
        <sponsorshipDate>2017-11-17</sponsorshipDate>
        <lastName>Olson</lastName>
        <district>22</district>
        <fullName>Rep. Olson, Pete [R-TX-22]</fullName>
        <firstName>Pete</firstName>
        <identifiers>
          <lisID>1955</lisID>
          <gpoId>8178</gpoId>
          <bioguideId>O000168</bioguideId>
        </identifiers>
        <isOriginalCosponsor>True</isOriginalCosponsor>
        <bioguideId>O000168</bioguideId>
        <state>TX</state>
      </item>
      <item>
        <sponsorshipWithdrawnDate />
        <party>R</party>
        <middleName />
        <sponsorshipDate>2017-11-17</sponsorshipDate>
        <lastName>Banks</lastName>
        <district>3</district>
        <fullName>Rep. Banks, Jim [R-IN-3]</fullName>
        <firstName>Jim</firstName>
        <identifiers>
          <bioguideId>B001299</bioguideId>
          <lisID>2326</lisID>
          <gpoId />
        </identifiers>
        <isOriginalCosponsor>True</isOriginalCosponsor>
        <bioguideId>B001299</bioguideId>
        <state>IN</state>
      </item>
      <item>
        <sponsorshipWithdrawnDate />
        <party>R</party>
        <middleName />
        <sponsorshipDate>2017-11-17</sponsorshipDate>
        <lastName>Wilson</lastName>
        <district>2</district>
        <fullName>Rep. Wilson, Joe [R-SC-2]</fullName>
        <firstName>Joe</firstName>
        <identifiers>
          <bioguideId>W000795</bioguideId>
          <gpoId>8142</gpoId>
          <lisID>1688</lisID>
        </identifiers>
        <isOriginalCosponsor>True</isOriginalCosponsor>
        <bioguideId>W000795</bioguideId>
        <state>SC</state>
      </item>
      <item>
        <sponsorshipWithdrawnDate />
        <party>R</party>
        <middleName>B.</middleName>
        <sponsorshipDate>2017-11-17</sponsorshipDate>
        <lastName>Hice</lastName>
        <district>10</district>
        <fullName>Rep. Hice, Jody B. [R-GA-10]</fullName>
        <firstName>Jody</firstName>
        <identifiers>
          <bioguideId>H001071</bioguideId>
          <gpoId />
          <lisID>2237</lisID>
        </identifiers>
        <isOriginalCosponsor>True</isOriginalCosponsor>
        <bioguideId>H001071</bioguideId>
        <state>GA</state>
      </item>
      <item>
        <sponsorshipWithdrawnDate />
        <party>R</party>
        <middleName />
        <sponsorshipDate>2017-11-17</sponsorshipDate>
        <lastName>Norman</lastName>
        <district>5</district>
        <fullName>Rep. Norman, Ralph [R-SC-5]</fullName>
        <firstName>Ralph</firstName>
        <identifiers>
          <bioguideId>N000190</bioguideId>
          <lisID>2361</lisID>
          <gpoId />
        </identifiers>
        <isOriginalCosponsor>True</isOriginalCosponsor>
        <bioguideId>N000190</bioguideId>
        <state>SC</state>
      </item>
      <item>
        <sponsorshipWithdrawnDate />
        <party>R</party>
        <middleName />
        <sponsorshipDate>2017-11-17</sponsorshipDate>
        <lastName>LaMalfa</lastName>
        <district>1</district>
        <fullName>Rep. LaMalfa, Doug [R-CA-1]</fullName>
        <firstName>Doug</firstName>
        <identifiers>
          <bioguideId>L000578</bioguideId>
          <lisID>2100</lisID>
          <gpoId />
        </identifiers>
        <isOriginalCosponsor>True</isOriginalCosponsor>
        <bioguideId>L000578</bioguideId>
        <state>CA</state>
      </item>
      <item>
        <sponsorshipWithdrawnDate />
        <party>R</party>
        <middleName>B.</middleName>
        <sponsorshipDate>2017-11-17</sponsorshipDate>
        <lastName>ADERHOLT</lastName>
        <district>4</district>
        <fullName>Rep. Aderholt, Robert B. [R-AL-4]</fullName>
        <firstName>ROBERT</firstName>
        <identifiers>
          <bioguideId>A000055</bioguideId>
          <lisID>1460</lisID>
          <gpoId>7789</gpoId>
        </identifiers>
        <isOriginalCosponsor>True</isOriginalCosponsor>
        <bioguideId>A000055</bioguideId>
        <state>AL</state>
      </item>
      <item>
        <sponsorshipWithdrawnDate />
        <party>R</party>
        <middleName />
        <sponsorshipDate>2017-11-17</sponsorshipDate>
        <lastName>Walberg</lastName>
        <district>7</district>
        <fullName>Rep. Walberg, Tim [R-MI-7]</fullName>
        <firstName>Tim</firstName>
        <identifiers>
          <bioguideId>W000798</bioguideId>
          <gpoId>7992</gpoId>
          <lisID>1855</lisID>
        </identifiers>
        <isOriginalCosponsor>True</isOriginalCosponsor>
        <bioguideId>W000798</bioguideId>
        <state>MI</state>
      </item>
      <item>
        <sponsorshipWithdrawnDate />
        <party>R</party>
        <middleName>B.</middleName>
        <sponsorshipDate>2017-11-17</sponsorshipDate>
        <lastName>JONES</lastName>
        <district>3</district>
        <fullName>Rep. Jones, Walter B., Jr. [R-NC-3]</fullName>
        <firstName>WALTER</firstName>
        <identifiers>
          <bioguideId>J000255</bioguideId>
          <gpoId>8026</gpoId>
          <lisID>612</lisID>
        </identifiers>
        <isOriginalCosponsor>True</isOriginalCosponsor>
        <bioguideId>J000255</bioguideId>
        <state>NC</state>
      </item>
      <item>
        <sponsorshipWithdrawnDate />
        <party>R</party>
        <middleName />
        <sponsorshipDate>2017-11-17</sponsorshipDate>
        <lastName>Flores</lastName>
        <district>17</district>
        <fullName>Rep. Flores, Bill [R-TX-17]</fullName>
        <firstName>Bill</firstName>
        <identifiers>
          <bioguideId>F000461</bioguideId>
          <lisID>2065</lisID>
          <gpoId>8173</gpoId>
        </identifiers>
        <isOriginalCosponsor>True</isOriginalCosponsor>
        <bioguideId>F000461</bioguideId>
        <state>TX</state>
      </item>
      <item>
        <sponsorshipWithdrawnDate />
        <party>R</party>
        <middleName />
        <sponsorshipDate>2017-11-17</sponsorshipDate>
        <lastName>Hudson</lastName>
        <district>8</district>
        <fullName>Rep. Hudson, Richard [R-NC-8]</fullName>
        <firstName>Richard</firstName>
        <identifiers>
          <bioguideId>H001067</bioguideId>
          <gpoId />
          <lisID>2140</lisID>
        </identifiers>
        <isOriginalCosponsor>True</isOriginalCosponsor>
        <bioguideId>H001067</bioguideId>
        <state>NC</state>
      </item>
      <item>
        <sponsorshipWithdrawnDate />
        <party>R</party>
        <middleName />
        <sponsorshipDate>2017-11-17</sponsorshipDate>
        <lastName>Harper</lastName>
        <district>3</district>
        <fullName>Rep. Harper, Gregg [R-MS-3]</fullName>
        <firstName>Gregg</firstName>
        <identifiers>
          <bioguideId>H001045</bioguideId>
          <lisID>1933</lisID>
          <gpoId>8021</gpoId>
        </identifiers>
        <isOriginalCosponsor>True</isOriginalCosponsor>
        <bioguideId>H001045</bioguideId>
        <state>MS</state>
      </item>
      <item>
        <sponsorshipWithdrawnDate />
        <party>R</party>
        <middleName />
        <sponsorshipDate>2017-11-17</sponsorshipDate>
        <lastName>Poliquin</lastName>
        <district>2</district>
        <fullName>Rep. Poliquin, Bruce [R-ME-2]</fullName>
        <firstName>Bruce</firstName>
        <identifiers>
          <bioguideId>P000611</bioguideId>
          <gpoId />
          <lisID>2247</lisID>
        </identifiers>
        <isOriginalCosponsor>True</isOriginalCosponsor>
        <bioguideId>P000611</bioguideId>
        <state>ME</state>
      </item>
      <item>
        <sponsorshipWithdrawnDate />
        <party>D</party>
        <middleName />
        <sponsorshipDate>2017-11-17</sponsorshipDate>
        <lastName>Cleaver</lastName>
        <district>5</district>
        <fullName>Rep. Cleaver, Emanuel [D-MO-5]</fullName>
        <firstName>Emanuel</firstName>
        <identifiers>
          <bioguideId>C001061</bioguideId>
          <lisID>1790</lisID>
          <gpoId>8013</gpoId>
        </identifiers>
        <isOriginalCosponsor>True</isOriginalCosponsor>
        <bioguideId>C001061</bioguideId>
        <state>MO</state>
      </item>
      <item>
        <sponsorshipWithdrawnDate />
        <party>R</party>
        <middleName />
        <sponsorshipDate>2017-11-17</sponsorshipDate>
        <lastName>Johnson</lastName>
        <district>4</district>
        <fullName>Rep. Johnson, Mike [R-LA-4]</fullName>
        <firstName>Mike</firstName>
        <identifiers>
          <bioguideId>J000299</bioguideId>
          <gpoId />
          <lisID>2330</lisID>
        </identifiers>
        <isOriginalCosponsor>True</isOriginalCosponsor>
        <bioguideId>J000299</bioguideId>
        <state>LA</state>
      </item>
      <item>
        <sponsorshipWithdrawnDate />
        <party>R</party>
        <middleName />
        <sponsorshipDate>2017-11-17</sponsorshipDate>
        <lastName>Lamborn</lastName>
        <district>5</district>
        <fullName>Rep. Lamborn, Doug [R-CO-5]</fullName>
        <firstName>Doug</firstName>
        <identifiers>
          <bioguideId>L000564</bioguideId>
          <lisID>1834</lisID>
          <gpoId>7863</gpoId>
        </identifiers>
        <isOriginalCosponsor>True</isOriginalCosponsor>
        <bioguideId>L000564</bioguideId>
        <state>CO</state>
      </item>
      <item>
        <sponsorshipWithdrawnDate />
        <party>R</party>
        <middleName />
        <sponsorshipDate>2017-11-21</sponsorshipDate>
        <lastName>Farenthold</lastName>
        <district>27</district>
        <fullName>Rep. Farenthold, Blake [R-TX-27]</fullName>
        <firstName>Blake</firstName>
        <identifiers>
          <bioguideId>F000460</bioguideId>
          <lisID>2067</lisID>
          <gpoId>8183</gpoId>
        </identifiers>
        <isOriginalCosponsor>False</isOriginalCosponsor>
        <bioguideId>F000460</bioguideId>
        <state>TX</state>
      </item>
      <item>
        <sponsorshipWithdrawnDate />
        <party>R</party>
        <middleName>W.</middleName>
        <sponsorshipDate>2017-11-30</sponsorshipDate>
        <lastName>GOODLATTE</lastName>
        <district>6</district>
        <fullName>Rep. Goodlatte, Bob [R-VA-6]</fullName>
        <firstName>ROBERT</firstName>
        <identifiers>
          <bioguideId>G000289</bioguideId>
          <gpoId>8197</gpoId>
          <lisID>446</lisID>
        </identifiers>
        <isOriginalCosponsor>False</isOriginalCosponsor>
        <bioguideId>G000289</bioguideId>
        <state>VA</state>
      </item>
    </cosponsors>
    <latestAction>
      <links />
      <text>Referred to the Subcommittee on Federal Lands.</text>
      <actionDate>2017-11-28</actionDate>
    </latestAction>
    <policyArea>
      <name>Arts, Culture, Religion</name>
    </policyArea>
    <relatedBills>
      <item>
        <number>93</number>
        <latestTitle>Recognizing the opening of the Museum of the Bible in Washington, D.C., the only museum of its size and scope in the world devoted exclusively to the Bible.</latestTitle>
        <type>HCONRES</type>
        <congress>115</congress>
        <relationshipDetails>
          <item>
            <identifiedBy>CRS</identifiedBy>
            <type>Related bill</type>
          </item>
        </relationshipDetails>
        <latestAction>
          <actionDate>2017-11-14</actionDate>
          <text>Referred to the Subcommittee on Federal Lands.</text>
        </latestAction>
      </item>
    </relatedBills>
  </bill>
  <dublinCore xmlns:dc="http://purl.org/dc/elements/1.1/">
    <dc:format>text/xml</dc:format>
    <dc:language>EN</dc:language>
    <dc:rights>Pursuant to Title 17 Section 105 of the United States Code, this file is not subject to copyright protection and is in the public domain.</dc:rights>
    <dc:contributor>Congressional Research Service, Library of Congress</dc:contributor>
    <dc:description>This file contains bill summaries and statuses for federal legislation. A bill summary describes the most significant provisions of a piece of legislation and details the effects the legislative text may have on current law and federal programs. Bill summaries are authored by the Congressional Research Service (CRS) of the Library of Congress. As stated in Public Law 91-510 (2 USC 166 (d)(6)), one of the duties of CRS is "to prepare summaries and digests of bills and resolutions of a public general nature introduced in the Senate or House of Representatives". For more information, refer to the User Guide that accompanies this file.</dc:description>
  </dublinCore>
</billStatus>

