<?xml version="1.0" encoding="UTF-8"?>
<billStatus>
  <bill>
    <constitutionalAuthorityStatementText />
    <originChamber>House</originChamber>
    <subjects>
      <billSubjects>
        <legislativeSubjects>
          <item>
            <name>Constitution and constitutional amendments</name>
          </item>
          <item>
            <name>Elections, voting, political campaign regulation</name>
          </item>
          <item>
            <name>Intergovernmental relations</name>
          </item>
          <item>
            <name>Presidents and presidential powers, Vice Presidents</name>
          </item>
          <item>
            <name>State and local government operations</name>
          </item>
        </legislativeSubjects>
        <policyArea>
          <name>Government Operations and Politics</name>
        </policyArea>
      </billSubjects>
    </subjects>
    <cosponsors>
      <item>
        <lastName>NADLER</lastName>
        <firstName>JERROLD</firstName>
        <sponsorshipWithdrawnDate />
        <isOriginalCosponsor>True</isOriginalCosponsor>
        <district>10</district>
        <party>D</party>
        <fullName>Rep. Nadler, Jerrold [D-NY-10]</fullName>
        <middleName />
        <state>NY</state>
        <bioguideId>N000002</bioguideId>
        <sponsorshipDate>2017-09-14</sponsorshipDate>
        <identifiers>
          <lisID>850</lisID>
          <bioguideId>N000002</bioguideId>
          <gpoId>8069</gpoId>
        </identifiers>
      </item>
      <item>
        <lastName>LOFGREN</lastName>
        <firstName>ZOE</firstName>
        <sponsorshipWithdrawnDate />
        <isOriginalCosponsor>True</isOriginalCosponsor>
        <district>19</district>
        <party>D</party>
        <fullName>Rep. Lofgren, Zoe [D-CA-19]</fullName>
        <middleName />
        <state>CA</state>
        <bioguideId>L000397</bioguideId>
        <sponsorshipDate>2017-09-14</sponsorshipDate>
        <identifiers>
          <bioguideId>L000397</bioguideId>
          <lisID>701</lisID>
          <gpoId>7821</gpoId>
        </identifiers>
      </item>
      <item>
        <lastName>Cohen</lastName>
        <firstName>Steve</firstName>
        <sponsorshipWithdrawnDate />
        <isOriginalCosponsor>True</isOriginalCosponsor>
        <district>9</district>
        <party>D</party>
        <fullName>Rep. Cohen, Steve [D-TN-9]</fullName>
        <middleName />
        <state>TN</state>
        <bioguideId>C001068</bioguideId>
        <sponsorshipDate>2017-09-14</sponsorshipDate>
        <identifiers>
          <bioguideId>C001068</bioguideId>
          <lisID>1878</lisID>
          <gpoId>8156</gpoId>
        </identifiers>
      </item>
      <item>
        <lastName>Raskin</lastName>
        <firstName>Jamie</firstName>
        <sponsorshipWithdrawnDate />
        <isOriginalCosponsor>True</isOriginalCosponsor>
        <district>8</district>
        <party>D</party>
        <fullName>Rep. Raskin, Jamie [D-MD-8]</fullName>
        <middleName />
        <state>MD</state>
        <bioguideId>R000606</bioguideId>
        <sponsorshipDate>2017-09-14</sponsorshipDate>
        <identifiers>
          <gpoId />
          <lisID>2332</lisID>
          <bioguideId>R000606</bioguideId>
        </identifiers>
      </item>
      <item>
        <lastName>Green</lastName>
        <firstName>Al</firstName>
        <sponsorshipWithdrawnDate />
        <isOriginalCosponsor>True</isOriginalCosponsor>
        <district>9</district>
        <party>D</party>
        <fullName>Rep. Green, Al [D-TX-9]</fullName>
        <middleName />
        <state>TX</state>
        <bioguideId>G000553</bioguideId>
        <sponsorshipDate>2017-09-14</sponsorshipDate>
        <identifiers>
          <lisID>1803</lisID>
          <gpoId>8165</gpoId>
          <bioguideId>G000553</bioguideId>
        </identifiers>
      </item>
      <item>
        <lastName>JACKSON LEE</lastName>
        <firstName>SHEILA</firstName>
        <sponsorshipWithdrawnDate />
        <isOriginalCosponsor>True</isOriginalCosponsor>
        <district>18</district>
        <party>D</party>
        <fullName>Rep. Jackson Lee, Sheila [D-TX-18]</fullName>
        <middleName />
        <state>TX</state>
        <bioguideId>J000032</bioguideId>
        <sponsorshipDate>2017-09-14</sponsorshipDate>
        <identifiers>
          <lisID>588</lisID>
          <bioguideId>J000032</bioguideId>
          <gpoId>8174</gpoId>
        </identifiers>
      </item>
      <item>
        <lastName>Johnson</lastName>
        <firstName>Henry</firstName>
        <sponsorshipWithdrawnDate />
        <isOriginalCosponsor>True</isOriginalCosponsor>
        <district>4</district>
        <party>D</party>
        <fullName>Rep. Johnson, Henry C. "Hank," Jr. [D-GA-4]</fullName>
        <middleName>C. "Hank"</middleName>
        <state>GA</state>
        <bioguideId>J000288</bioguideId>
        <sponsorshipDate>2017-09-14</sponsorshipDate>
        <identifiers>
          <gpoId>7901</gpoId>
          <bioguideId>J000288</bioguideId>
          <lisID>1843</lisID>
        </identifiers>
      </item>
      <item>
        <lastName>Jeffries</lastName>
        <firstName>Hakeem</firstName>
        <sponsorshipWithdrawnDate />
        <isOriginalCosponsor>True</isOriginalCosponsor>
        <district>8</district>
        <party>D</party>
        <fullName>Rep. Jeffries, Hakeem S. [D-NY-8]</fullName>
        <middleName>S.</middleName>
        <state>NY</state>
        <bioguideId>J000294</bioguideId>
        <sponsorshipDate>2017-09-14</sponsorshipDate>
        <identifiers>
          <bioguideId>J000294</bioguideId>
          <lisID>2149</lisID>
          <gpoId />
        </identifiers>
      </item>
      <item>
        <lastName>BLUMENAUER</lastName>
        <firstName>EARL</firstName>
        <sponsorshipWithdrawnDate />
        <isOriginalCosponsor>True</isOriginalCosponsor>
        <district>3</district>
        <party>D</party>
        <fullName>Rep. Blumenauer, Earl [D-OR-3]</fullName>
        <middleName />
        <state>OR</state>
        <bioguideId>B000574</bioguideId>
        <sponsorshipDate>2017-09-14</sponsorshipDate>
        <identifiers>
          <bioguideId>B000574</bioguideId>
          <gpoId>8116</gpoId>
          <lisID>99</lisID>
        </identifiers>
      </item>
      <item>
        <lastName>GUTIERREZ</lastName>
        <firstName>LUIS</firstName>
        <sponsorshipWithdrawnDate />
        <isOriginalCosponsor>True</isOriginalCosponsor>
        <district>4</district>
        <party>D</party>
        <fullName>Rep. Gutierrez, Luis V. [D-IL-4]</fullName>
        <middleName>V.</middleName>
        <state>IL</state>
        <bioguideId>G000535</bioguideId>
        <sponsorshipDate>2017-09-14</sponsorshipDate>
        <identifiers>
          <lisID>478</lisID>
          <bioguideId>G000535</bioguideId>
          <gpoId>7924</gpoId>
        </identifiers>
      </item>
    </cosponsors>
    <billType>HCONRES</billType>
    <recordedVotes />
    <laws />
    <committeeReports />
    <actions>
      <actionByCounts>
        <houseOfRepresentatives>4</houseOfRepresentatives>
      </actionByCounts>
      <actionTypeCounts>
        <placeholderTextForB>1</placeholderTextForB>
        <billReferrals>1</billReferrals>
        <placeholderTextForH>1</placeholderTextForH>
        <introducedInHouse>1</introducedInHouse>
        <introducedInTheHouse>1</introducedInTheHouse>
      </actionTypeCounts>
      <item>
        <actionDate>2017-09-14</actionDate>
        <committee>
          <systemCode>hsju10</systemCode>
          <name>Constitution and Civil Justice Subcommittee</name>
        </committee>
        <links />
        <sourceSystem>
          <name>House committee actions</name>
          <code>1</code>
        </sourceSystem>
        <text>Referred to the Subcommittee on the Constitution and Civil Justice.</text>
        <type>Committee</type>
      </item>
      <item>
        <actionDate>2017-09-14</actionDate>
        <text>Referred to the House Committee on the Judiciary.</text>
        <sourceSystem>
          <name>House floor actions</name>
          <code>2</code>
        </sourceSystem>
        <committee>
          <systemCode>hsju00</systemCode>
          <name>Judiciary Committee</name>
        </committee>
        <links />
        <actionCode>H11100</actionCode>
        <type>IntroReferral</type>
      </item>
      <item>
        <actionDate>2017-09-14</actionDate>
        <text>Sponsor introductory remarks on measure. (CR E1228-1229)</text>
        <sourceSystem>
          <name>Library of Congress</name>
          <code>9</code>
        </sourceSystem>
        <committee />
        <links>
          <link>
            <name>E1228-1229</name>
            <url>https://www.congress.gov/congressional-record/volume-163/extensions-of-remarks-section/page/E1228-1229</url>
          </link>
        </links>
        <actionCode>B00100</actionCode>
        <type>IntroReferral</type>
      </item>
      <item>
        <actionDate>2017-09-14</actionDate>
        <text>Introduced in House</text>
        <sourceSystem>
          <name>Library of Congress</name>
          <code>9</code>
        </sourceSystem>
        <committee />
        <links />
        <actionCode>Intro-H</actionCode>
        <type>IntroReferral</type>
      </item>
      <item>
        <actionDate>2017-09-14</actionDate>
        <text>Introduced in House</text>
        <sourceSystem>
          <name>Library of Congress</name>
          <code>9</code>
        </sourceSystem>
        <committee />
        <links />
        <actionCode>1000</actionCode>
        <type>IntroReferral</type>
      </item>
    </actions>
    <createDate>2017-09-15T03:11:18Z</createDate>
    <version>1.0.0</version>
    <notes />
    <latestAction>
      <actionDate>2017-09-14</actionDate>
      <text>Referred to the Subcommittee on the Constitution and Civil Justice.</text>
      <links />
    </latestAction>
    <title>Expressing the sense of Congress that Congress and the States should consider a constitutional amendment to reform the Electoral College and establish a process for electing the President and Vice President by a national popular vote and should encourage individual States to continue to reform the Electoral College process through such steps as the formation of an interstate compact to award the majority of Electoral College votes to the national popular vote winner.</title>
    <summaries>
      <billSummaries>
        <item>
          <versionCode>00</versionCode>
          <updateDate>2017-09-14T04:00:00Z</updateDate>
          <actionDate>2017-09-14</actionDate>
          <text><![CDATA[<p>Expresses the sense of Congress that: (1) Congress and the states should consider a constitutional amendment to reform the Electoral College and establish a process for electing the President and Vice President by a national popular vote, and (2) Congress should encourage the states to continue to reform the Electoral College process through such steps as the formation of an interstate compact to award the majority of Electoral College votes to the national popular vote winner.</p>]]></text>
          <actionDesc>Introduced in House</actionDesc>
          <lastSummaryUpdateDate>2017-10-03T21:24:14Z</lastSummaryUpdateDate>
          <name>Introduced in House</name>
        </item>
      </billSummaries>
    </summaries>
    <congress>115</congress>
    <policyArea>
      <name>Government Operations and Politics</name>
    </policyArea>
    <billNumber>79</billNumber>
    <calendarNumbers />
    <cboCostEstimates />
    <introducedDate>2017-09-14</introducedDate>
    <relatedBills />
    <committees>
      <billCommittees>
        <item>
          <name>Judiciary Committee</name>
          <chamber>House</chamber>
          <type>Standing</type>
          <subcommittees>
            <item>
              <name>Constitution and Civil Justice Subcommittee</name>
              <systemCode>hsju10</systemCode>
              <activities>
                <item>
                  <name>Referred to</name>
                  <date>2017-09-14T17:08:14Z</date>
                </item>
              </activities>
            </item>
          </subcommittees>
          <systemCode>hsju00</systemCode>
          <activities>
            <item>
              <name>Referred to</name>
              <date>2017-09-14T13:02:20Z</date>
            </item>
          </activities>
        </item>
      </billCommittees>
    </committees>
    <titles>
      <item>
        <chamberCode />
        <title>Expressing the sense of Congress that Congress and the States should consider a constitutional amendment to reform the Electoral College and establish a process for electing the President and Vice President by a national popular vote and should encourage individual States to continue to reform the Electoral College process through such steps as the formation of an interstate compact to award the majority of Electoral College votes to the national popular vote winner.</title>
        <titleType>Official Title as Introduced</titleType>
        <parentTitleType />
        <chamberName />
      </item>
      <item>
        <chamberCode />
        <title>Expressing the sense of Congress that Congress and the States should consider a constitutional amendment to reform the Electoral College and establish a process for electing the President and Vice President by a national popular vote and should encourage individual States to continue to reform the Electoral College process through such steps as the formation of an interstate compact to award the majority of Electoral College votes to the national popular vote winner.</title>
        <titleType>Display Title</titleType>
        <parentTitleType />
        <chamberName />
      </item>
    </titles>
    <sponsors>
      <item>
        <fullName>Rep. Conyers, John, Jr. [D-MI-13]</fullName>
        <middleName />
        <district>13</district>
        <byRequestType />
        <firstName>JOHN</firstName>
        <bioguideId>C000714</bioguideId>
        <state>MI</state>
        <party>D</party>
        <lastName>CONYERS</lastName>
        <identifiers>
          <lisID>229</lisID>
          <bioguideId>C000714</bioguideId>
          <gpoId>7999</gpoId>
        </identifiers>
      </item>
    </sponsors>
    <updateDate>2018-02-06T16:39:28Z</updateDate>
    <amendments />
  </bill>
  <dublinCore xmlns:dc="http://purl.org/dc/elements/1.1/">
    <dc:format>text/xml</dc:format>
    <dc:language>EN</dc:language>
    <dc:rights>Pursuant to Title 17 Section 105 of the United States Code, this file is not subject to copyright protection and is in the public domain.</dc:rights>
    <dc:contributor>Congressional Research Service, Library of Congress</dc:contributor>
    <dc:description>This file contains bill summaries and statuses for federal legislation. A bill summary describes the most significant provisions of a piece of legislation and details the effects the legislative text may have on current law and federal programs. Bill summaries are authored by the Congressional Research Service (CRS) of the Library of Congress. As stated in Public Law 91-510 (2 USC 166 (d)(6)), one of the duties of CRS is "to prepare summaries and digests of bills and resolutions of a public general nature introduced in the Senate or House of Representatives". For more information, refer to the User Guide that accompanies this file.</dc:description>
  </dublinCore>
</billStatus>

