<?xml version="1.0" encoding="UTF-8"?>
<billStatus>
  <bill>
    <calendarNumbers />
    <constitutionalAuthorityStatementText />
    <congress>115</congress>
    <titles>
      <item>
        <titleType>Official Title as Introduced</titleType>
        <title>Recognizing the September 11th National Memorial Trail as an important trail and greenway to be enjoyed by all in honor of the heroes of September 11th.</title>
        <chamberCode />
        <parentTitleType />
        <chamberName />
      </item>
      <item>
        <titleType>Display Title</titleType>
        <title>Recognizing the September 11th National Memorial Trail as an important trail and greenway to be enjoyed by all in honor of the heroes of September 11th.</title>
        <chamberCode />
        <parentTitleType />
        <chamberName />
      </item>
    </titles>
    <introducedDate>2017-05-23</introducedDate>
    <latestAction>
      <actionDate>2017-05-24</actionDate>
      <text>Referred to the Subcommittee on Federal Lands.</text>
      <links />
    </latestAction>
    <title>Recognizing the September 11th National Memorial Trail as an important trail and greenway to be enjoyed by all in honor of the heroes of September 11th.</title>
    <subjects>
      <billSubjects>
        <legislativeSubjects>
          <item>
            <name>Crime victims</name>
          </item>
          <item>
            <name>Delaware</name>
          </item>
          <item>
            <name>District of Columbia</name>
          </item>
          <item>
            <name>Maryland</name>
          </item>
          <item>
            <name>Monuments and memorials</name>
          </item>
          <item>
            <name>New Jersey</name>
          </item>
          <item>
            <name>New York City</name>
          </item>
          <item>
            <name>Parks, recreation areas, trails</name>
          </item>
          <item>
            <name>Pennsylvania</name>
          </item>
          <item>
            <name>Terrorism</name>
          </item>
          <item>
            <name>Virginia</name>
          </item>
          <item>
            <name>West Virginia</name>
          </item>
        </legislativeSubjects>
        <policyArea>
          <name>Public Lands and Natural Resources</name>
        </policyArea>
      </billSubjects>
    </subjects>
    <relatedBills />
    <updateDate>2018-02-06T16:39:22Z</updateDate>
    <committeeReports />
    <notes />
    <recordedVotes />
    <amendments />
    <billType>HCONRES</billType>
    <committees>
      <billCommittees>
        <item>
          <chamber>House</chamber>
          <name>Natural Resources Committee</name>
          <systemCode>hsii00</systemCode>
          <type>Standing</type>
          <subcommittees>
            <item>
              <systemCode>hsii10</systemCode>
              <name>Federal Lands Subcommittee</name>
              <activities>
                <item>
                  <name>Referred to</name>
                  <date>2017-05-24T20:47:25Z</date>
                </item>
              </activities>
            </item>
          </subcommittees>
          <activities>
            <item>
              <name>Referred to</name>
              <date>2017-05-23T14:02:20Z</date>
            </item>
          </activities>
        </item>
      </billCommittees>
    </committees>
    <cboCostEstimates />
    <billNumber>60</billNumber>
    <policyArea>
      <name>Public Lands and Natural Resources</name>
    </policyArea>
    <version>1.0.0</version>
    <createDate>2017-05-24T03:11:37Z</createDate>
    <originChamber>House</originChamber>
    <actions>
      <actionByCounts>
        <houseOfRepresentatives>4</houseOfRepresentatives>
      </actionByCounts>
      <actionTypeCounts>
        <placeholderTextForH>1</placeholderTextForH>
        <billReferrals>1</billReferrals>
        <introducedInHouse>1</introducedInHouse>
        <introducedInTheHouse>1</introducedInTheHouse>
      </actionTypeCounts>
      <item>
        <actionDate>2017-05-24</actionDate>
        <committee>
          <systemCode>hsii10</systemCode>
          <name>Federal Lands Subcommittee</name>
        </committee>
        <links />
        <sourceSystem>
          <name>House committee actions</name>
          <code>1</code>
        </sourceSystem>
        <text>Referred to the Subcommittee on Federal Lands.</text>
        <type>Committee</type>
      </item>
      <item>
        <sourceSystem>
          <name>House floor actions</name>
          <code>2</code>
        </sourceSystem>
        <actionDate>2017-05-23</actionDate>
        <text>Referred to the House Committee on Natural Resources.</text>
        <type>IntroReferral</type>
        <links />
        <committee>
          <systemCode>hsii00</systemCode>
          <name>Natural Resources Committee</name>
        </committee>
        <actionCode>H11100</actionCode>
      </item>
      <item>
        <sourceSystem>
          <name>Library of Congress</name>
          <code>9</code>
        </sourceSystem>
        <actionDate>2017-05-23</actionDate>
        <text>Introduced in House</text>
        <type>IntroReferral</type>
        <links />
        <committee />
        <actionCode>Intro-H</actionCode>
      </item>
      <item>
        <sourceSystem>
          <name>Library of Congress</name>
          <code>9</code>
        </sourceSystem>
        <actionDate>2017-05-23</actionDate>
        <text>Introduced in House</text>
        <type>IntroReferral</type>
        <links />
        <committee />
        <actionCode>1000</actionCode>
      </item>
    </actions>
    <sponsors>
      <item>
        <party>D</party>
        <bioguideId>C001078</bioguideId>
        <district>11</district>
        <firstName>Gerald</firstName>
        <middleName>E.</middleName>
        <state>VA</state>
        <fullName>Rep. Connolly, Gerald E. [D-VA-11]</fullName>
        <identifiers>
          <lisID>1959</lisID>
          <gpoId>8202</gpoId>
          <bioguideId>C001078</bioguideId>
        </identifiers>
        <lastName>Connolly</lastName>
        <byRequestType />
      </item>
    </sponsors>
    <summaries>
      <billSummaries>
        <item>
          <text><![CDATA[<p>Recognizes the September 11th National Memorial Trail that will pass through the states of Virginia, Maryland, West Virginia, Pennsylvania, New Jersey, New York, Delaware, and the District of Columbia, as an important trail and greenway honoring the heroes of the September 11, 2001, terrorist attack in the United States. </p>]]></text>
          <name>Introduced in House</name>
          <lastSummaryUpdateDate>2017-06-15T19:19:05Z</lastSummaryUpdateDate>
          <versionCode>00</versionCode>
          <actionDesc>Introduced in House</actionDesc>
          <updateDate>2017-05-23T04:00:00Z</updateDate>
          <actionDate>2017-05-23</actionDate>
        </item>
      </billSummaries>
    </summaries>
    <laws />
    <cosponsors>
      <item>
        <lastName>KING</lastName>
        <firstName>PETER</firstName>
        <sponsorshipWithdrawnDate />
        <isOriginalCosponsor>True</isOriginalCosponsor>
        <district>2</district>
        <party>R</party>
        <fullName>Rep. King, Peter T. [R-NY-2]</fullName>
        <middleName>T.</middleName>
        <state>NY</state>
        <bioguideId>K000210</bioguideId>
        <sponsorshipDate>2017-05-23</sponsorshipDate>
        <identifiers>
          <bioguideId>K000210</bioguideId>
          <lisID>635</lisID>
          <gpoId>8064</gpoId>
        </identifiers>
      </item>
      <item>
        <lastName>Beyer</lastName>
        <firstName>Donald</firstName>
        <sponsorshipWithdrawnDate />
        <isOriginalCosponsor>True</isOriginalCosponsor>
        <district>8</district>
        <party>D</party>
        <fullName>Rep. Beyer, Donald S., Jr. [D-VA-8]</fullName>
        <middleName>S.</middleName>
        <state>VA</state>
        <bioguideId>B001292</bioguideId>
        <sponsorshipDate>2017-05-23</sponsorshipDate>
        <identifiers>
          <gpoId />
          <lisID>2272</lisID>
          <bioguideId>B001292</bioguideId>
        </identifiers>
      </item>
      <item>
        <lastName>Fitzpatrick</lastName>
        <firstName>Brian</firstName>
        <sponsorshipWithdrawnDate />
        <isOriginalCosponsor>True</isOriginalCosponsor>
        <district>8</district>
        <party>R</party>
        <fullName>Rep. Fitzpatrick, Brian K. [R-PA-8]</fullName>
        <middleName>K.</middleName>
        <state>PA</state>
        <bioguideId>F000466</bioguideId>
        <sponsorshipDate>2017-05-23</sponsorshipDate>
        <identifiers>
          <lisID>2345</lisID>
          <bioguideId>F000466</bioguideId>
          <gpoId />
        </identifiers>
      </item>
      <item>
        <lastName>FRELINGHUYSEN</lastName>
        <firstName>RODNEY</firstName>
        <sponsorshipWithdrawnDate />
        <isOriginalCosponsor>False</isOriginalCosponsor>
        <district>11</district>
        <party>R</party>
        <fullName>Rep. Frelinghuysen, Rodney P. [R-NJ-11]</fullName>
        <middleName />
        <state>NJ</state>
        <bioguideId>F000372</bioguideId>
        <sponsorshipDate>2017-07-14</sponsorshipDate>
        <identifiers>
          <lisID>414</lisID>
          <gpoId>8053</gpoId>
          <bioguideId>F000372</bioguideId>
        </identifiers>
      </item>
      <item>
        <lastName>Shuster</lastName>
        <firstName>Bill</firstName>
        <sponsorshipWithdrawnDate />
        <isOriginalCosponsor>False</isOriginalCosponsor>
        <district>9</district>
        <party>R</party>
        <fullName>Rep. Shuster, Bill [R-PA-9]</fullName>
        <middleName />
        <state>PA</state>
        <bioguideId>S001154</bioguideId>
        <sponsorshipDate>2017-07-17</sponsorshipDate>
        <identifiers>
          <lisID>1681</lisID>
          <bioguideId>S001154</bioguideId>
          <gpoId>8127</gpoId>
        </identifiers>
      </item>
      <item>
        <lastName>Swalwell</lastName>
        <firstName>Eric</firstName>
        <sponsorshipWithdrawnDate />
        <isOriginalCosponsor>False</isOriginalCosponsor>
        <district>15</district>
        <party>D</party>
        <fullName>Rep. Swalwell, Eric [D-CA-15]</fullName>
        <middleName />
        <state>CA</state>
        <bioguideId>S001193</bioguideId>
        <sponsorshipDate>2017-07-17</sponsorshipDate>
        <identifiers>
          <bioguideId>S001193</bioguideId>
          <lisID>2104</lisID>
          <gpoId />
        </identifiers>
      </item>
      <item>
        <lastName>Khanna</lastName>
        <firstName>Ro</firstName>
        <sponsorshipWithdrawnDate />
        <isOriginalCosponsor>False</isOriginalCosponsor>
        <district>17</district>
        <party>D</party>
        <fullName>Rep. Khanna, Ro [D-CA-17]</fullName>
        <middleName />
        <state>CA</state>
        <bioguideId>K000389</bioguideId>
        <sponsorshipDate>2017-07-18</sponsorshipDate>
        <identifiers>
          <bioguideId>K000389</bioguideId>
          <gpoId />
          <lisID>2308</lisID>
        </identifiers>
      </item>
      <item>
        <lastName>Garrett</lastName>
        <firstName>Thomas</firstName>
        <sponsorshipWithdrawnDate />
        <isOriginalCosponsor>False</isOriginalCosponsor>
        <district>5</district>
        <party>R</party>
        <fullName>Rep. Garrett, Thomas A., Jr. [R-VA-5]</fullName>
        <middleName>A.</middleName>
        <state>VA</state>
        <bioguideId>G000580</bioguideId>
        <sponsorshipDate>2017-07-24</sponsorshipDate>
        <identifiers>
          <lisID>2353</lisID>
          <bioguideId>G000580</bioguideId>
          <gpoId />
        </identifiers>
      </item>
      <item>
        <lastName>Meehan</lastName>
        <firstName>Patrick</firstName>
        <sponsorshipWithdrawnDate />
        <isOriginalCosponsor>False</isOriginalCosponsor>
        <district>7</district>
        <party>R</party>
        <fullName>Rep. Meehan, Patrick [R-PA-7]</fullName>
        <middleName />
        <state>PA</state>
        <bioguideId>M001181</bioguideId>
        <sponsorshipDate>2017-08-08</sponsorshipDate>
        <identifiers>
          <bioguideId>M001181</bioguideId>
          <gpoId>8125</gpoId>
          <lisID>2052</lisID>
        </identifiers>
      </item>
      <item>
        <lastName>SLAUGHTER</lastName>
        <firstName>LOUISE</firstName>
        <sponsorshipWithdrawnDate />
        <isOriginalCosponsor>False</isOriginalCosponsor>
        <district>25</district>
        <party>D</party>
        <fullName>Rep. Slaughter, Louise McIntosh [D-NY-25]</fullName>
        <middleName>M.</middleName>
        <state>NY</state>
        <bioguideId>S000480</bioguideId>
        <sponsorshipDate>2017-08-08</sponsorshipDate>
        <identifiers>
          <lisID>1069</lisID>
          <bioguideId>S000480</bioguideId>
          <gpoId>8089</gpoId>
        </identifiers>
      </item>
      <item>
        <lastName>Rothfus</lastName>
        <firstName>Keith</firstName>
        <sponsorshipWithdrawnDate />
        <isOriginalCosponsor>False</isOriginalCosponsor>
        <district>12</district>
        <party>R</party>
        <fullName>Rep. Rothfus, Keith J. [R-PA-12]</fullName>
        <middleName>J.</middleName>
        <state>PA</state>
        <bioguideId>R000598</bioguideId>
        <sponsorshipDate>2017-09-08</sponsorshipDate>
        <identifiers>
          <lisID>2158</lisID>
          <gpoId />
          <bioguideId>R000598</bioguideId>
        </identifiers>
      </item>
      <item>
        <lastName>Brown</lastName>
        <firstName>Anthony</firstName>
        <sponsorshipWithdrawnDate />
        <isOriginalCosponsor>False</isOriginalCosponsor>
        <district>4</district>
        <party>D</party>
        <fullName>Rep. Brown, Anthony G. [D-MD-4]</fullName>
        <middleName>G.</middleName>
        <state>MD</state>
        <bioguideId>B001304</bioguideId>
        <sponsorshipDate>2017-10-26</sponsorshipDate>
        <identifiers>
          <lisID>2331</lisID>
          <gpoId />
          <bioguideId>B001304</bioguideId>
        </identifiers>
      </item>
      <item>
        <lastName>Delaney</lastName>
        <firstName>John</firstName>
        <sponsorshipWithdrawnDate />
        <isOriginalCosponsor>False</isOriginalCosponsor>
        <district>6</district>
        <party>D</party>
        <fullName>Rep. Delaney, John K. [D-MD-6]</fullName>
        <middleName>K.</middleName>
        <state>MD</state>
        <bioguideId>D000620</bioguideId>
        <sponsorshipDate>2017-11-17</sponsorshipDate>
        <identifiers>
          <lisID>2133</lisID>
          <bioguideId>D000620</bioguideId>
          <gpoId />
        </identifiers>
      </item>
      <item>
        <lastName>Sarbanes</lastName>
        <firstName>John</firstName>
        <sponsorshipWithdrawnDate />
        <isOriginalCosponsor>False</isOriginalCosponsor>
        <district>3</district>
        <party>D</party>
        <fullName>Rep. Sarbanes, John P. [D-MD-3]</fullName>
        <middleName>P.</middleName>
        <state>MD</state>
        <bioguideId>S001168</bioguideId>
        <sponsorshipDate>2017-11-24</sponsorshipDate>
        <identifiers>
          <lisID>1854</lisID>
          <bioguideId>S001168</bioguideId>
          <gpoId>7978</gpoId>
        </identifiers>
      </item>
      <item>
        <lastName>Cartwright</lastName>
        <firstName>Matt</firstName>
        <sponsorshipWithdrawnDate />
        <isOriginalCosponsor>False</isOriginalCosponsor>
        <district>17</district>
        <party>D</party>
        <fullName>Rep. Cartwright, Matt [D-PA-17]</fullName>
        <middleName />
        <state>PA</state>
        <bioguideId>C001090</bioguideId>
        <sponsorshipDate>2017-12-20</sponsorshipDate>
        <identifiers>
          <gpoId />
          <bioguideId>C001090</bioguideId>
          <lisID>2159</lisID>
        </identifiers>
      </item>
    </cosponsors>
  </bill>
  <dublinCore xmlns:dc="http://purl.org/dc/elements/1.1/">
    <dc:format>text/xml</dc:format>
    <dc:language>EN</dc:language>
    <dc:rights>Pursuant to Title 17 Section 105 of the United States Code, this file is not subject to copyright protection and is in the public domain.</dc:rights>
    <dc:contributor>Congressional Research Service, Library of Congress</dc:contributor>
    <dc:description>This file contains bill summaries and statuses for federal legislation. A bill summary describes the most significant provisions of a piece of legislation and details the effects the legislative text may have on current law and federal programs. Bill summaries are authored by the Congressional Research Service (CRS) of the Library of Congress. As stated in Public Law 91-510 (2 USC 166 (d)(6)), one of the duties of CRS is "to prepare summaries and digests of bills and resolutions of a public general nature introduced in the Senate or House of Representatives". For more information, refer to the User Guide that accompanies this file.</dc:description>
  </dublinCore>
</billStatus>

