<?xml version="1.0" encoding="UTF-8"?>
<billStatus>
  <bill>
    <billNumber>38</billNumber>
    <relatedBills>
      <item>
        <number>11</number>
        <type>SCONRES</type>
        <latestAction>
          <text>Referred to the Committee on the Judiciary. (text of measure as introduced: CR S1934)</text>
          <actionDate>2017-03-22</actionDate>
        </latestAction>
        <congress>115</congress>
        <latestTitle>A concurrent resolution recognizing the life and legacy of Henrietta Lacks during Women's History Month.</latestTitle>
        <relationshipDetails>
          <item>
            <identifiedBy>CRS</identifiedBy>
            <type>Identical bill</type>
          </item>
        </relationshipDetails>
      </item>
    </relatedBills>
    <originChamber>House</originChamber>
    <recordedVotes />
    <latestAction>
      <text>Referred to the Subcommittee on Health.</text>
      <links />
      <actionDate>2017-03-24</actionDate>
    </latestAction>
    <createDate>2017-03-23T05:20:01Z</createDate>
    <title>Recognizing the life and legacy of Henrietta Lacks during Women's History Month.</title>
    <summaries>
      <billSummaries>
        <item>
          <text><![CDATA[<p>Celebrates, during Women's History Month, the life and legacy of Henrietta Lacks. </p> <p>Honors Lacks as a hero of modern medicine for contributions to the medical discoveries resulting from her HeLa cells, which helped make possible some of the most important medical advances of the last century.</p> <p>Recognizes her legacy, which has contributed to developments in bioethics and patient rights.</p>]]></text>
          <versionCode>00</versionCode>
          <actionDate>2017-03-22</actionDate>
          <name>Introduced in House</name>
          <actionDesc>Introduced in House</actionDesc>
          <lastSummaryUpdateDate>2017-05-02T15:18:07Z</lastSummaryUpdateDate>
          <updateDate>2017-03-22T04:00:00Z</updateDate>
        </item>
      </billSummaries>
    </summaries>
    <actions>
      <item>
        <actionDate>2017-03-24</actionDate>
        <committee>
          <systemCode>hsif14</systemCode>
          <name>Health Subcommittee</name>
        </committee>
        <links />
        <sourceSystem>
          <name>House committee actions</name>
          <code>1</code>
        </sourceSystem>
        <text>Referred to the Subcommittee on Health.</text>
        <type>Committee</type>
      </item>
      <item>
        <sourceSystem>
          <name>House floor actions</name>
          <code>2</code>
        </sourceSystem>
        <actionDate>2017-03-22</actionDate>
        <links />
        <text>Referred to the House Committee on Energy and Commerce.</text>
        <committee>
          <systemCode>hsif00</systemCode>
          <name>Energy and Commerce Committee</name>
        </committee>
        <actionCode>H11100</actionCode>
        <type>IntroReferral</type>
      </item>
      <item>
        <sourceSystem>
          <name>Library of Congress</name>
          <code>9</code>
        </sourceSystem>
        <actionDate>2017-03-22</actionDate>
        <links />
        <text>Introduced in House</text>
        <committee />
        <actionCode>Intro-H</actionCode>
        <type>IntroReferral</type>
      </item>
      <item>
        <sourceSystem>
          <name>Library of Congress</name>
          <code>9</code>
        </sourceSystem>
        <actionDate>2017-03-22</actionDate>
        <links />
        <text>Introduced in House</text>
        <committee />
        <actionCode>1000</actionCode>
        <type>IntroReferral</type>
      </item>
      <actionByCounts>
        <houseOfRepresentatives>4</houseOfRepresentatives>
      </actionByCounts>
      <actionTypeCounts>
        <billReferrals>1</billReferrals>
        <introducedInTheHouse>1</introducedInTheHouse>
        <introducedInHouse>1</introducedInHouse>
        <placeholderTextForH>1</placeholderTextForH>
      </actionTypeCounts>
    </actions>
    <updateDate>2018-02-06T16:39:21Z</updateDate>
    <amendments />
    <notes />
    <sponsors>
      <item>
        <bioguideId>C000984</bioguideId>
        <district>7</district>
        <middleName>E.</middleName>
        <byRequestType />
        <firstName>ELIJAH</firstName>
        <lastName>CUMMINGS</lastName>
        <state>MD</state>
        <party>D</party>
        <identifiers>
          <bioguideId>C000984</bioguideId>
          <gpoId>7982</gpoId>
          <lisID>256</lisID>
        </identifiers>
        <fullName>Rep. Cummings, Elijah E. [D-MD-7]</fullName>
      </item>
    </sponsors>
    <committees>
      <billCommittees>
        <item>
          <systemCode>hsif00</systemCode>
          <chamber>House</chamber>
          <type>Standing</type>
          <activities>
            <item>
              <date>2017-03-22T14:00:51Z</date>
              <name>Referred to</name>
            </item>
          </activities>
          <name>Energy and Commerce Committee</name>
          <subcommittees>
            <item>
              <activities>
                <item>
                  <date>2017-03-24T17:39:58Z</date>
                  <name>Referred to</name>
                </item>
              </activities>
              <systemCode>hsif14</systemCode>
              <name>Health Subcommittee</name>
            </item>
          </subcommittees>
        </item>
      </billCommittees>
    </committees>
    <cosponsors>
      <item>
        <isOriginalCosponsor>True</isOriginalCosponsor>
        <firstName>Dwight</firstName>
        <party>D</party>
        <sponsorshipDate>2017-03-22</sponsorshipDate>
        <lastName>Evans</lastName>
        <bioguideId>E000296</bioguideId>
        <middleName />
        <identifiers>
          <lisID>2298</lisID>
          <bioguideId>E000296</bioguideId>
          <gpoId />
        </identifiers>
        <fullName>Rep. Evans, Dwight [D-PA-2]</fullName>
        <state>PA</state>
        <district>2</district>
        <sponsorshipWithdrawnDate />
      </item>
      <item>
        <isOriginalCosponsor>True</isOriginalCosponsor>
        <firstName>ELEANOR</firstName>
        <party>D</party>
        <sponsorshipDate>2017-03-22</sponsorshipDate>
        <lastName>NORTON</lastName>
        <bioguideId>N000147</bioguideId>
        <middleName>HOLMES</middleName>
        <identifiers>
          <bioguideId>N000147</bioguideId>
          <gpoId>7871</gpoId>
          <lisID>868</lisID>
        </identifiers>
        <fullName>Rep. Norton, Eleanor Holmes [D-DC-At Large]</fullName>
        <state>DC</state>
        <district>0</district>
        <sponsorshipWithdrawnDate />
      </item>
      <item>
        <isOriginalCosponsor>True</isOriginalCosponsor>
        <firstName>Bonnie</firstName>
        <party>D</party>
        <sponsorshipDate>2017-03-22</sponsorshipDate>
        <lastName>Watson Coleman</lastName>
        <bioguideId>W000822</bioguideId>
        <middleName />
        <identifiers>
          <gpoId />
          <bioguideId>W000822</bioguideId>
          <lisID>2259</lisID>
        </identifiers>
        <fullName>Rep. Watson Coleman, Bonnie [D-NJ-12]</fullName>
        <state>NJ</state>
        <district>12</district>
        <sponsorshipWithdrawnDate />
      </item>
      <item>
        <isOriginalCosponsor>True</isOriginalCosponsor>
        <firstName>EARL</firstName>
        <party>D</party>
        <sponsorshipDate>2017-03-22</sponsorshipDate>
        <lastName>BLUMENAUER</lastName>
        <bioguideId>B000574</bioguideId>
        <middleName />
        <identifiers>
          <gpoId>8116</gpoId>
          <lisID>99</lisID>
          <bioguideId>B000574</bioguideId>
        </identifiers>
        <fullName>Rep. Blumenauer, Earl [D-OR-3]</fullName>
        <state>OR</state>
        <district>3</district>
        <sponsorshipWithdrawnDate />
      </item>
      <item>
        <isOriginalCosponsor>True</isOriginalCosponsor>
        <firstName>Debbie</firstName>
        <party>D</party>
        <sponsorshipDate>2017-03-22</sponsorshipDate>
        <lastName>Wasserman Schultz</lastName>
        <bioguideId>W000797</bioguideId>
        <middleName />
        <identifiers>
          <lisID>1777</lisID>
          <bioguideId>W000797</bioguideId>
          <gpoId>7892</gpoId>
        </identifiers>
        <fullName>Rep. Wasserman Schultz, Debbie [D-FL-23]</fullName>
        <state>FL</state>
        <district>23</district>
        <sponsorshipWithdrawnDate />
      </item>
      <item>
        <isOriginalCosponsor>True</isOriginalCosponsor>
        <firstName>Debbie</firstName>
        <party>D</party>
        <sponsorshipDate>2017-03-22</sponsorshipDate>
        <lastName>Dingell</lastName>
        <bioguideId>D000624</bioguideId>
        <middleName />
        <identifiers>
          <bioguideId>D000624</bioguideId>
          <lisID>2251</lisID>
          <gpoId />
        </identifiers>
        <fullName>Rep. Dingell, Debbie [D-MI-12]</fullName>
        <state>MI</state>
        <district>12</district>
        <sponsorshipWithdrawnDate />
      </item>
      <item>
        <isOriginalCosponsor>True</isOriginalCosponsor>
        <firstName>WM.</firstName>
        <party>D</party>
        <sponsorshipDate>2017-03-22</sponsorshipDate>
        <lastName>CLAY</lastName>
        <bioguideId>C001049</bioguideId>
        <middleName>LACY</middleName>
        <identifiers>
          <gpoId>8009</gpoId>
          <lisID>1654</lisID>
          <bioguideId>C001049</bioguideId>
        </identifiers>
        <fullName>Rep. Clay, Wm. Lacy [D-MO-1]</fullName>
        <state>MO</state>
        <district>1</district>
        <sponsorshipWithdrawnDate />
      </item>
      <item>
        <isOriginalCosponsor>True</isOriginalCosponsor>
        <firstName>C. A.</firstName>
        <party>D</party>
        <sponsorshipDate>2017-03-22</sponsorshipDate>
        <lastName>Ruppersberger</lastName>
        <bioguideId>R000576</bioguideId>
        <middleName>Dutch</middleName>
        <identifiers>
          <bioguideId>R000576</bioguideId>
          <gpoId>7977</gpoId>
          <lisID>1728</lisID>
        </identifiers>
        <fullName>Rep. Ruppersberger, C. A. Dutch [D-MD-2]</fullName>
        <state>MD</state>
        <district>2</district>
        <sponsorshipWithdrawnDate />
      </item>
      <item>
        <isOriginalCosponsor>True</isOriginalCosponsor>
        <firstName>JERROLD</firstName>
        <party>D</party>
        <sponsorshipDate>2017-03-22</sponsorshipDate>
        <lastName>NADLER</lastName>
        <bioguideId>N000002</bioguideId>
        <middleName />
        <identifiers>
          <lisID>850</lisID>
          <bioguideId>N000002</bioguideId>
          <gpoId>8069</gpoId>
        </identifiers>
        <fullName>Rep. Nadler, Jerrold [D-NY-10]</fullName>
        <state>NY</state>
        <district>10</district>
        <sponsorshipWithdrawnDate />
      </item>
      <item>
        <isOriginalCosponsor>True</isOriginalCosponsor>
        <firstName>ALCEE</firstName>
        <party>D</party>
        <sponsorshipDate>2017-03-22</sponsorshipDate>
        <lastName>HASTINGS</lastName>
        <bioguideId>H000324</bioguideId>
        <middleName>L.</middleName>
        <identifiers>
          <bioguideId>H000324</bioguideId>
          <lisID>511</lisID>
          <gpoId>7895</gpoId>
        </identifiers>
        <fullName>Rep. Hastings, Alcee L. [D-FL-20]</fullName>
        <state>FL</state>
        <district>20</district>
        <sponsorshipWithdrawnDate />
      </item>
      <item>
        <isOriginalCosponsor>True</isOriginalCosponsor>
        <firstName>TIM</firstName>
        <party>D</party>
        <sponsorshipDate>2017-03-22</sponsorshipDate>
        <lastName>RYAN</lastName>
        <bioguideId>R000577</bioguideId>
        <middleName />
        <identifiers>
          <lisID>1756</lisID>
          <gpoId>8107</gpoId>
          <bioguideId>R000577</bioguideId>
        </identifiers>
        <fullName>Rep. Ryan, Tim [D-OH-13]</fullName>
        <state>OH</state>
        <district>13</district>
        <sponsorshipWithdrawnDate />
      </item>
      <item>
        <isOriginalCosponsor>True</isOriginalCosponsor>
        <firstName>LOUISE</firstName>
        <party>D</party>
        <sponsorshipDate>2017-03-22</sponsorshipDate>
        <lastName>SLAUGHTER</lastName>
        <bioguideId>S000480</bioguideId>
        <middleName>M.</middleName>
        <identifiers>
          <lisID>1069</lisID>
          <bioguideId>S000480</bioguideId>
          <gpoId>8089</gpoId>
        </identifiers>
        <fullName>Rep. Slaughter, Louise McIntosh [D-NY-25]</fullName>
        <state>NY</state>
        <district>25</district>
        <sponsorshipWithdrawnDate />
      </item>
      <item>
        <isOriginalCosponsor>True</isOriginalCosponsor>
        <firstName>Henry</firstName>
        <party>D</party>
        <sponsorshipDate>2017-03-22</sponsorshipDate>
        <lastName>Johnson</lastName>
        <bioguideId>J000288</bioguideId>
        <middleName>C. "Hank"</middleName>
        <identifiers>
          <lisID>1843</lisID>
          <bioguideId>J000288</bioguideId>
          <gpoId>7901</gpoId>
        </identifiers>
        <fullName>Rep. Johnson, Henry C. "Hank," Jr. [D-GA-4]</fullName>
        <state>GA</state>
        <district>4</district>
        <sponsorshipWithdrawnDate />
      </item>
      <item>
        <isOriginalCosponsor>True</isOriginalCosponsor>
        <firstName>Joyce</firstName>
        <party>D</party>
        <sponsorshipDate>2017-03-22</sponsorshipDate>
        <lastName>Beatty</lastName>
        <bioguideId>B001281</bioguideId>
        <middleName />
        <identifiers>
          <lisID>2153</lisID>
          <gpoId />
          <bioguideId>B001281</bioguideId>
        </identifiers>
        <fullName>Rep. Beatty, Joyce [D-OH-3]</fullName>
        <state>OH</state>
        <district>3</district>
        <sponsorshipWithdrawnDate />
      </item>
      <item>
        <isOriginalCosponsor>True</isOriginalCosponsor>
        <firstName>Keith</firstName>
        <party>D</party>
        <sponsorshipDate>2017-03-22</sponsorshipDate>
        <lastName>Ellison</lastName>
        <bioguideId>E000288</bioguideId>
        <middleName />
        <identifiers>
          <bioguideId>E000288</bioguideId>
          <gpoId>8005</gpoId>
          <lisID>1857</lisID>
        </identifiers>
        <fullName>Rep. Ellison, Keith [D-MN-5]</fullName>
        <state>MN</state>
        <district>5</district>
        <sponsorshipWithdrawnDate />
      </item>
      <item>
        <isOriginalCosponsor>True</isOriginalCosponsor>
        <firstName>SANFORD</firstName>
        <party>D</party>
        <sponsorshipDate>2017-03-22</sponsorshipDate>
        <lastName>BISHOP</lastName>
        <bioguideId>B000490</bioguideId>
        <middleName>D.</middleName>
        <identifiers>
          <lisID>91</lisID>
          <gpoId>7899</gpoId>
          <bioguideId>B000490</bioguideId>
        </identifiers>
        <fullName>Rep. Bishop, Sanford D., Jr. [D-GA-2]</fullName>
        <state>GA</state>
        <district>2</district>
        <sponsorshipWithdrawnDate />
      </item>
      <item>
        <isOriginalCosponsor>True</isOriginalCosponsor>
        <firstName>Steve</firstName>
        <party>D</party>
        <sponsorshipDate>2017-03-22</sponsorshipDate>
        <lastName>Cohen</lastName>
        <bioguideId>C001068</bioguideId>
        <middleName />
        <identifiers>
          <gpoId>8156</gpoId>
          <lisID>1878</lisID>
          <bioguideId>C001068</bioguideId>
        </identifiers>
        <fullName>Rep. Cohen, Steve [D-TN-9]</fullName>
        <state>TN</state>
        <district>9</district>
        <sponsorshipWithdrawnDate />
      </item>
      <item>
        <isOriginalCosponsor>True</isOriginalCosponsor>
        <firstName>Alma</firstName>
        <party>D</party>
        <sponsorshipDate>2017-03-22</sponsorshipDate>
        <lastName>Adams</lastName>
        <bioguideId>A000370</bioguideId>
        <middleName>S.</middleName>
        <identifiers>
          <lisID>2201</lisID>
          <bioguideId>A000370</bioguideId>
          <gpoId />
        </identifiers>
        <fullName>Rep. Adams, Alma S. [D-NC-12]</fullName>
        <state>NC</state>
        <district>12</district>
        <sponsorshipWithdrawnDate />
      </item>
      <item>
        <isOriginalCosponsor>True</isOriginalCosponsor>
        <firstName>JOHN</firstName>
        <party>D</party>
        <sponsorshipDate>2017-03-22</sponsorshipDate>
        <lastName>LEWIS</lastName>
        <bioguideId>L000287</bioguideId>
        <middleName />
        <identifiers>
          <gpoId>7902</gpoId>
          <lisID>688</lisID>
          <bioguideId>L000287</bioguideId>
        </identifiers>
        <fullName>Rep. Lewis, John [D-GA-5]</fullName>
        <state>GA</state>
        <district>5</district>
        <sponsorshipWithdrawnDate />
      </item>
      <item>
        <isOriginalCosponsor>True</isOriginalCosponsor>
        <firstName>ADAM</firstName>
        <party>D</party>
        <sponsorshipDate>2017-03-22</sponsorshipDate>
        <lastName>SMITH</lastName>
        <bioguideId>S000510</bioguideId>
        <middleName />
        <identifiers>
          <lisID>1528</lisID>
          <bioguideId>S000510</bioguideId>
          <gpoId>8213</gpoId>
        </identifiers>
        <fullName>Rep. Smith, Adam [D-WA-9]</fullName>
        <state>WA</state>
        <district>9</district>
        <sponsorshipWithdrawnDate />
      </item>
      <item>
        <isOriginalCosponsor>True</isOriginalCosponsor>
        <firstName>Kathy</firstName>
        <party>D</party>
        <sponsorshipDate>2017-03-22</sponsorshipDate>
        <lastName>Castor</lastName>
        <bioguideId>C001066</bioguideId>
        <middleName />
        <identifiers>
          <lisID>1839</lisID>
          <gpoId>7883</gpoId>
          <bioguideId>C001066</bioguideId>
        </identifiers>
        <fullName>Rep. Castor, Kathy [D-FL-14]</fullName>
        <state>FL</state>
        <district>14</district>
        <sponsorshipWithdrawnDate />
      </item>
      <item>
        <isOriginalCosponsor>True</isOriginalCosponsor>
        <firstName>Stephen</firstName>
        <party>D</party>
        <sponsorshipDate>2017-03-22</sponsorshipDate>
        <lastName>Lynch</lastName>
        <bioguideId>L000562</bioguideId>
        <middleName>F.</middleName>
        <identifiers>
          <lisID>1686</lisID>
          <bioguideId>L000562</bioguideId>
          <gpoId>7974</gpoId>
        </identifiers>
        <fullName>Rep. Lynch, Stephen F. [D-MA-8]</fullName>
        <state>MA</state>
        <district>8</district>
        <sponsorshipWithdrawnDate />
      </item>
      <item>
        <isOriginalCosponsor>True</isOriginalCosponsor>
        <firstName>Cedric</firstName>
        <party>D</party>
        <sponsorshipDate>2017-03-22</sponsorshipDate>
        <lastName>Richmond</lastName>
        <bioguideId>R000588</bioguideId>
        <middleName>L.</middleName>
        <identifiers>
          <bioguideId>R000588</bioguideId>
          <lisID>2023</lisID>
          <gpoId>7960</gpoId>
        </identifiers>
        <fullName>Rep. Richmond, Cedric L. [D-LA-2]</fullName>
        <state>LA</state>
        <district>2</district>
        <sponsorshipWithdrawnDate />
      </item>
      <item>
        <isOriginalCosponsor>True</isOriginalCosponsor>
        <firstName>DANNY</firstName>
        <party>D</party>
        <sponsorshipDate>2017-03-22</sponsorshipDate>
        <lastName>DAVIS</lastName>
        <bioguideId>D000096</bioguideId>
        <middleName>K.</middleName>
        <identifiers>
          <lisID>1477</lisID>
          <bioguideId>D000096</bioguideId>
          <gpoId>7927</gpoId>
        </identifiers>
        <fullName>Rep. Davis, Danny K. [D-IL-7]</fullName>
        <state>IL</state>
        <district>7</district>
        <sponsorshipWithdrawnDate />
      </item>
      <item>
        <isOriginalCosponsor>True</isOriginalCosponsor>
        <firstName>RICK</firstName>
        <party>D</party>
        <sponsorshipDate>2017-03-22</sponsorshipDate>
        <lastName>LARSEN</lastName>
        <bioguideId>L000560</bioguideId>
        <middleName />
        <identifiers>
          <lisID>1675</lisID>
          <bioguideId>L000560</bioguideId>
          <gpoId>8206</gpoId>
        </identifiers>
        <fullName>Rep. Larsen, Rick [D-WA-2]</fullName>
        <state>WA</state>
        <district>2</district>
        <sponsorshipWithdrawnDate />
      </item>
      <item>
        <isOriginalCosponsor>True</isOriginalCosponsor>
        <firstName>EDDIE</firstName>
        <party>D</party>
        <sponsorshipDate>2017-03-22</sponsorshipDate>
        <lastName>JOHNSON</lastName>
        <bioguideId>J000126</bioguideId>
        <middleName>BERNICE</middleName>
        <identifiers>
          <gpoId>8186</gpoId>
          <lisID>599</lisID>
          <bioguideId>J000126</bioguideId>
        </identifiers>
        <fullName>Rep. Johnson, Eddie Bernice [D-TX-30]</fullName>
        <state>TX</state>
        <district>30</district>
        <sponsorshipWithdrawnDate />
      </item>
      <item>
        <isOriginalCosponsor>True</isOriginalCosponsor>
        <firstName>John</firstName>
        <party>D</party>
        <sponsorshipDate>2017-03-22</sponsorshipDate>
        <lastName>Delaney</lastName>
        <bioguideId>D000620</bioguideId>
        <middleName>K.</middleName>
        <identifiers>
          <lisID>2133</lisID>
          <bioguideId>D000620</bioguideId>
          <gpoId />
        </identifiers>
        <fullName>Rep. Delaney, John K. [D-MD-6]</fullName>
        <state>MD</state>
        <district>6</district>
        <sponsorshipWithdrawnDate />
      </item>
      <item>
        <isOriginalCosponsor>True</isOriginalCosponsor>
        <firstName>Robin</firstName>
        <party>D</party>
        <sponsorshipDate>2017-03-22</sponsorshipDate>
        <lastName>Kelly</lastName>
        <bioguideId>K000385</bioguideId>
        <middleName>L.</middleName>
        <identifiers>
          <gpoId />
          <bioguideId>K000385</bioguideId>
          <lisID>2190</lisID>
        </identifiers>
        <fullName>Rep. Kelly, Robin L. [D-IL-2]</fullName>
        <state>IL</state>
        <district>2</district>
        <sponsorshipWithdrawnDate />
      </item>
      <item>
        <isOriginalCosponsor>True</isOriginalCosponsor>
        <firstName>G. K.</firstName>
        <party>D</party>
        <sponsorshipDate>2017-03-22</sponsorshipDate>
        <lastName>Butterfield</lastName>
        <bioguideId>B001251</bioguideId>
        <middleName />
        <identifiers>
          <lisID>1761</lisID>
          <bioguideId>B001251</bioguideId>
          <gpoId>8024</gpoId>
        </identifiers>
        <fullName>Rep. Butterfield, G. K. [D-NC-1]</fullName>
        <state>NC</state>
        <district>1</district>
        <sponsorshipWithdrawnDate />
      </item>
      <item>
        <isOriginalCosponsor>True</isOriginalCosponsor>
        <firstName>Emanuel</firstName>
        <party>D</party>
        <sponsorshipDate>2017-03-22</sponsorshipDate>
        <lastName>Cleaver</lastName>
        <bioguideId>C001061</bioguideId>
        <middleName />
        <identifiers>
          <bioguideId>C001061</bioguideId>
          <lisID>1790</lisID>
          <gpoId>8013</gpoId>
        </identifiers>
        <fullName>Rep. Cleaver, Emanuel [D-MO-5]</fullName>
        <state>MO</state>
        <district>5</district>
        <sponsorshipWithdrawnDate />
      </item>
      <item>
        <isOriginalCosponsor>True</isOriginalCosponsor>
        <firstName>John</firstName>
        <party>D</party>
        <sponsorshipDate>2017-03-22</sponsorshipDate>
        <lastName>Sarbanes</lastName>
        <bioguideId>S001168</bioguideId>
        <middleName>P.</middleName>
        <identifiers>
          <lisID>1854</lisID>
          <bioguideId>S001168</bioguideId>
          <gpoId>7978</gpoId>
        </identifiers>
        <fullName>Rep. Sarbanes, John P. [D-MD-3]</fullName>
        <state>MD</state>
        <district>3</district>
        <sponsorshipWithdrawnDate />
      </item>
      <item>
        <isOriginalCosponsor>True</isOriginalCosponsor>
        <firstName>Julia</firstName>
        <party>D</party>
        <sponsorshipDate>2017-03-22</sponsorshipDate>
        <lastName>Brownley</lastName>
        <bioguideId>B001285</bioguideId>
        <middleName />
        <identifiers>
          <bioguideId>B001285</bioguideId>
          <lisID>2106</lisID>
          <gpoId />
        </identifiers>
        <fullName>Rep. Brownley, Julia [D-CA-26]</fullName>
        <state>CA</state>
        <district>26</district>
        <sponsorshipWithdrawnDate />
      </item>
      <item>
        <isOriginalCosponsor>True</isOriginalCosponsor>
        <firstName>GREGORY</firstName>
        <party>D</party>
        <sponsorshipDate>2017-03-22</sponsorshipDate>
        <lastName>MEEKS</lastName>
        <bioguideId>M001137</bioguideId>
        <middleName>W.</middleName>
        <identifiers>
          <bioguideId>M001137</bioguideId>
          <lisID>1506</lisID>
          <gpoId>8067</gpoId>
        </identifiers>
        <fullName>Rep. Meeks, Gregory W. [D-NY-5]</fullName>
        <state>NY</state>
        <district>5</district>
        <sponsorshipWithdrawnDate />
      </item>
      <item>
        <isOriginalCosponsor>True</isOriginalCosponsor>
        <firstName>Judy</firstName>
        <party>D</party>
        <sponsorshipDate>2017-03-22</sponsorshipDate>
        <lastName>Chu</lastName>
        <bioguideId>C001080</bioguideId>
        <middleName />
        <identifiers>
          <bioguideId>C001080</bioguideId>
          <lisID>1970</lisID>
          <gpoId>7837</gpoId>
        </identifiers>
        <fullName>Rep. Chu, Judy [D-CA-27]</fullName>
        <state>CA</state>
        <district>27</district>
        <sponsorshipWithdrawnDate />
      </item>
      <item>
        <isOriginalCosponsor>True</isOriginalCosponsor>
        <firstName>Stacey</firstName>
        <party>D</party>
        <sponsorshipDate>2017-03-22</sponsorshipDate>
        <lastName>Plaskett</lastName>
        <bioguideId>P000610</bioguideId>
        <middleName>E.</middleName>
        <identifiers>
          <lisID>2274</lisID>
          <bioguideId>P000610</bioguideId>
          <gpoId />
        </identifiers>
        <fullName>Rep. Plaskett, Stacey E. [D-VI-At Large]</fullName>
        <state>VI</state>
        <district>0</district>
        <sponsorshipWithdrawnDate />
      </item>
      <item>
        <isOriginalCosponsor>True</isOriginalCosponsor>
        <firstName>LUCILLE</firstName>
        <party>D</party>
        <sponsorshipDate>2017-03-22</sponsorshipDate>
        <lastName>ROYBAL-ALLARD</lastName>
        <bioguideId>R000486</bioguideId>
        <middleName />
        <identifiers>
          <lisID>997</lisID>
          <bioguideId>R000486</bioguideId>
          <gpoId>7839</gpoId>
        </identifiers>
        <fullName>Rep. Roybal-Allard, Lucille [D-CA-40]</fullName>
        <state>CA</state>
        <district>40</district>
        <sponsorshipWithdrawnDate />
      </item>
      <item>
        <isOriginalCosponsor>True</isOriginalCosponsor>
        <firstName>David</firstName>
        <party>D</party>
        <sponsorshipDate>2017-03-22</sponsorshipDate>
        <lastName>Scott</lastName>
        <bioguideId>S001157</bioguideId>
        <middleName />
        <identifiers>
          <lisID>1722</lisID>
          <bioguideId>S001157</bioguideId>
          <gpoId>7910</gpoId>
        </identifiers>
        <fullName>Rep. Scott, David [D-GA-13]</fullName>
        <state>GA</state>
        <district>13</district>
        <sponsorshipWithdrawnDate />
      </item>
      <item>
        <isOriginalCosponsor>True</isOriginalCosponsor>
        <firstName>DIANA</firstName>
        <party>D</party>
        <sponsorshipDate>2017-03-22</sponsorshipDate>
        <lastName>DEGETTE</lastName>
        <bioguideId>D000197</bioguideId>
        <middleName />
        <identifiers>
          <bioguideId>D000197</bioguideId>
          <lisID>1479</lisID>
          <gpoId>7859</gpoId>
        </identifiers>
        <fullName>Rep. DeGette, Diana [D-CO-1]</fullName>
        <state>CO</state>
        <district>1</district>
        <sponsorshipWithdrawnDate />
      </item>
      <item>
        <isOriginalCosponsor>True</isOriginalCosponsor>
        <firstName>BETTY</firstName>
        <party>D</party>
        <sponsorshipDate>2017-03-22</sponsorshipDate>
        <lastName>MCCOLLUM</lastName>
        <bioguideId>M001143</bioguideId>
        <middleName />
        <identifiers>
          <bioguideId>M001143</bioguideId>
          <lisID>1653</lisID>
          <gpoId>8004</gpoId>
        </identifiers>
        <fullName>Rep. McCollum, Betty [D-MN-4]</fullName>
        <state>MN</state>
        <district>4</district>
        <sponsorshipWithdrawnDate />
      </item>
      <item>
        <isOriginalCosponsor>True</isOriginalCosponsor>
        <firstName>BOBBY</firstName>
        <party>D</party>
        <sponsorshipDate>2017-03-22</sponsorshipDate>
        <lastName>RUSH</lastName>
        <bioguideId>R000515</bioguideId>
        <middleName>L.</middleName>
        <identifiers>
          <lisID>1003</lisID>
          <bioguideId>R000515</bioguideId>
          <gpoId>7921</gpoId>
        </identifiers>
        <fullName>Rep. Rush, Bobby L. [D-IL-1]</fullName>
        <state>IL</state>
        <district>1</district>
        <sponsorshipWithdrawnDate />
      </item>
      <item>
        <isOriginalCosponsor>True</isOriginalCosponsor>
        <firstName>Jamie</firstName>
        <party>D</party>
        <sponsorshipDate>2017-03-22</sponsorshipDate>
        <lastName>Raskin</lastName>
        <bioguideId>R000606</bioguideId>
        <middleName />
        <identifiers>
          <gpoId />
          <bioguideId>R000606</bioguideId>
          <lisID>2332</lisID>
        </identifiers>
        <fullName>Rep. Raskin, Jamie [D-MD-8]</fullName>
        <state>MD</state>
        <district>8</district>
        <sponsorshipWithdrawnDate />
      </item>
      <item>
        <isOriginalCosponsor>False</isOriginalCosponsor>
        <firstName>Jared</firstName>
        <party>D</party>
        <sponsorshipDate>2017-03-28</sponsorshipDate>
        <lastName>Huffman</lastName>
        <bioguideId>H001068</bioguideId>
        <middleName />
        <identifiers>
          <lisID>2101</lisID>
          <gpoId />
          <bioguideId>H001068</bioguideId>
        </identifiers>
        <fullName>Rep. Huffman, Jared [D-CA-2]</fullName>
        <state>CA</state>
        <district>2</district>
        <sponsorshipWithdrawnDate />
      </item>
    </cosponsors>
    <constitutionalAuthorityStatementText />
    <policyArea>
      <name>Health</name>
    </policyArea>
    <cboCostEstimates />
    <laws />
    <congress>115</congress>
    <version>1.0.0</version>
    <introducedDate>2017-03-22</introducedDate>
    <committeeReports />
    <titles>
      <item>
        <titleType>Official Title as Introduced</titleType>
        <parentTitleType />
        <chamberName />
        <title>Recognizing the life and legacy of Henrietta Lacks during Women's History Month.</title>
        <chamberCode />
      </item>
      <item>
        <titleType>Display Title</titleType>
        <parentTitleType />
        <chamberName />
        <title>Recognizing the life and legacy of Henrietta Lacks during Women's History Month.</title>
        <chamberCode />
      </item>
    </titles>
    <calendarNumbers />
    <subjects>
      <billSubjects>
        <policyArea>
          <name>Health</name>
        </policyArea>
        <legislativeSubjects>
          <item>
            <name>Cancer</name>
          </item>
          <item>
            <name>Cell biology and embryology</name>
          </item>
          <item>
            <name>Commemorative events and holidays</name>
          </item>
          <item>
            <name>Congressional tributes</name>
          </item>
          <item>
            <name>Genetics</name>
          </item>
          <item>
            <name>Medical ethics</name>
          </item>
          <item>
            <name>Medical research</name>
          </item>
          <item>
            <name>Women's health</name>
          </item>
          <item>
            <name>Women's rights</name>
          </item>
        </legislativeSubjects>
      </billSubjects>
    </subjects>
    <billType>HCONRES</billType>
  </bill>
  <dublinCore xmlns:dc="http://purl.org/dc/elements/1.1/">
    <dc:format>text/xml</dc:format>
    <dc:language>EN</dc:language>
    <dc:rights>Pursuant to Title 17 Section 105 of the United States Code, this file is not subject to copyright protection and is in the public domain.</dc:rights>
    <dc:contributor>Congressional Research Service, Library of Congress</dc:contributor>
    <dc:description>This file contains bill summaries and statuses for federal legislation. A bill summary describes the most significant provisions of a piece of legislation and details the effects the legislative text may have on current law and federal programs. Bill summaries are authored by the Congressional Research Service (CRS) of the Library of Congress. As stated in Public Law 91-510 (2 USC 166 (d)(6)), one of the duties of CRS is "to prepare summaries and digests of bills and resolutions of a public general nature introduced in the Senate or House of Representatives". For more information, refer to the User Guide that accompanies this file.</dc:description>
  </dublinCore>
</billStatus>

