<?xml version="1.0" encoding="UTF-8"?>
<billStatus>
  <bill>
    <updateDate>2018-01-25T21:29:47Z</updateDate>
    <billType>HCONRES</billType>
    <originChamber>House</originChamber>
    <amendments />
    <introducedDate>2017-12-18</introducedDate>
    <createDate>2017-12-19T03:11:04Z</createDate>
    <relatedBills>
      <item>
        <latestTitle>KOMBUCHA</latestTitle>
        <latestAction>
          <actionDate>2017-02-15</actionDate>
          <text>Referred to the House Committee on Ways and Means.</text>
        </latestAction>
        <number>1089</number>
        <congress>115</congress>
        <type>HR</type>
        <relationshipDetails>
          <item>
            <type>Related bill</type>
            <identifiedBy>CRS</identifiedBy>
          </item>
        </relationshipDetails>
      </item>
      <item>
        <latestTitle>Small Business Tax Equity Act of 2017</latestTitle>
        <latestAction>
          <actionDate>2017-03-30</actionDate>
          <text>Referred to the House Committee on Ways and Means.</text>
        </latestAction>
        <number>1810</number>
        <congress>115</congress>
        <type>HR</type>
        <relationshipDetails>
          <item>
            <type>Related bill</type>
            <identifiedBy>CRS</identifiedBy>
          </item>
        </relationshipDetails>
      </item>
      <item>
        <latestTitle>To amend the Internal Revenue Code of 1986 to exclude from gross income de minimis gains from certain sales or exchanges of virtual currency, and for other purposes.</latestTitle>
        <latestAction>
          <actionDate>2017-09-07</actionDate>
          <text>Referred to the House Committee on Ways and Means.</text>
        </latestAction>
        <number>3708</number>
        <congress>115</congress>
        <type>HR</type>
        <relationshipDetails>
          <item>
            <type>Related bill</type>
            <identifiedBy>CRS</identifiedBy>
          </item>
        </relationshipDetails>
      </item>
      <item>
        <latestTitle>KOMBUCHA</latestTitle>
        <latestAction>
          <actionDate>2017-02-15</actionDate>
          <text>Read twice and referred to the Committee on Finance.</text>
        </latestAction>
        <number>389</number>
        <congress>115</congress>
        <type>S</type>
        <relationshipDetails>
          <item>
            <type>Related bill</type>
            <identifiedBy>CRS</identifiedBy>
          </item>
        </relationshipDetails>
      </item>
      <item>
        <latestTitle>Small Business Tax Equity Act of 2017</latestTitle>
        <latestAction>
          <actionDate>2017-03-30</actionDate>
          <text>Read twice and referred to the Committee on Finance.</text>
        </latestAction>
        <number>777</number>
        <congress>115</congress>
        <type>S</type>
        <relationshipDetails>
          <item>
            <type>Related bill</type>
            <identifiedBy>CRS</identifiedBy>
          </item>
        </relationshipDetails>
      </item>
    </relatedBills>
    <title>Directing the Clerk of the House of Representatives to make corrections in the enrollment of H.R. 1.</title>
    <notes />
    <policyArea>
      <name>Taxation</name>
    </policyArea>
    <committees>
      <billCommittees>
        <item>
          <subcommittees />
          <chamber>House</chamber>
          <systemCode>hsha00</systemCode>
          <type>Standing</type>
          <name>House Administration Committee</name>
          <activities>
            <item>
              <name>Referred to</name>
              <date>2017-12-18T17:01:40Z</date>
            </item>
          </activities>
        </item>
        <item>
          <subcommittees />
          <chamber>House</chamber>
          <systemCode>hswm00</systemCode>
          <type>Standing</type>
          <name>Ways and Means Committee</name>
          <activities>
            <item>
              <name>Referred to</name>
              <date>2017-12-18T17:01:35Z</date>
            </item>
          </activities>
        </item>
      </billCommittees>
    </committees>
    <congress>115</congress>
    <latestAction>
      <actionDate>2017-12-18</actionDate>
      <text>Referred to the Committee on Ways and Means, and in addition to the Committee on House Administration, for a period to be subsequently determined by the Speaker, in each case for consideration of such provisions as fall within the jurisdiction of the committee concerned.</text>
      <links />
    </latestAction>
    <billNumber>97</billNumber>
    <constitutionalAuthorityStatementText />
    <actions>
      <item>
        <committee>
          <systemCode>hsha00</systemCode>
          <name>House Administration Committee</name>
        </committee>
        <actionDate>2017-12-18</actionDate>
        <actionCode>H11100</actionCode>
        <sourceSystem>
          <name>House floor actions</name>
          <code>2</code>
        </sourceSystem>
        <type>IntroReferral</type>
        <links />
        <text>Referred to the Committee on Ways and Means, and in addition to the Committee on House Administration, for a period to be subsequently determined by the Speaker, in each case for consideration of such provisions as fall within the jurisdiction of the committee concerned.</text>
      </item>
      <item>
        <committee>
          <systemCode>hswm00</systemCode>
          <name>Ways and Means Committee</name>
        </committee>
        <actionDate>2017-12-18</actionDate>
        <actionCode>H11100</actionCode>
        <sourceSystem>
          <name>House floor actions</name>
          <code>2</code>
        </sourceSystem>
        <type>IntroReferral</type>
        <links />
        <text>Referred to the Committee on Ways and Means, and in addition to the Committee on House Administration, for a period to be subsequently determined by the Speaker, in each case for consideration of such provisions as fall within the jurisdiction of the committee concerned.</text>
      </item>
      <item>
        <committee />
        <actionDate>2017-12-18</actionDate>
        <actionCode>Intro-H</actionCode>
        <sourceSystem>
          <name>Library of Congress</name>
          <code>9</code>
        </sourceSystem>
        <type>IntroReferral</type>
        <links />
        <text>Introduced in House</text>
      </item>
      <item>
        <committee />
        <actionDate>2017-12-18</actionDate>
        <actionCode>1000</actionCode>
        <sourceSystem>
          <name>Library of Congress</name>
          <code>9</code>
        </sourceSystem>
        <type>IntroReferral</type>
        <links />
        <text>Introduced in House</text>
      </item>
      <actionTypeCounts>
        <introducedInTheHouse>1</introducedInTheHouse>
        <introducedInHouse>1</introducedInHouse>
        <billReferrals>2</billReferrals>
      </actionTypeCounts>
      <actionByCounts>
        <houseOfRepresentatives>4</houseOfRepresentatives>
      </actionByCounts>
    </actions>
    <subjects>
      <billSubjects>
        <legislativeSubjects />
        <policyArea>
          <name>Taxation</name>
        </policyArea>
      </billSubjects>
    </subjects>
    <cosponsors />
    <committeeReports />
    <summaries>
      <billSummaries />
    </summaries>
    <titles>
      <item>
        <titleType>Official Title as Introduced</titleType>
        <parentTitleType />
        <title>Directing the Clerk of the House of Representatives to make corrections in the enrollment of H.R. 1.</title>
        <chamberCode />
        <chamberName />
      </item>
      <item>
        <titleType>Display Title</titleType>
        <parentTitleType />
        <title>Directing the Clerk of the House of Representatives to make corrections in the enrollment of H.R. 1.</title>
        <chamberCode />
        <chamberName />
      </item>
    </titles>
    <calendarNumbers />
    <version>1.0.0</version>
    <sponsors>
      <item>
        <byRequestType />
        <bioguideId>P000598</bioguideId>
        <fullName>Rep. Polis, Jared [D-CO-2]</fullName>
        <state>CO</state>
        <firstName>Jared</firstName>
        <middleName />
        <identifiers>
          <bioguideId>P000598</bioguideId>
          <lisID>1910</lisID>
          <gpoId>7860</gpoId>
        </identifiers>
        <party>D</party>
        <lastName>Polis</lastName>
        <district>2</district>
      </item>
    </sponsors>
    <cboCostEstimates />
    <laws />
    <recordedVotes />
  </bill>
  <dublinCore xmlns:dc="http://purl.org/dc/elements/1.1/">
    <dc:format>text/xml</dc:format>
    <dc:language>EN</dc:language>
    <dc:rights>Pursuant to Title 17 Section 105 of the United States Code, this file is not subject to copyright protection and is in the public domain.</dc:rights>
    <dc:contributor>Congressional Research Service, Library of Congress</dc:contributor>
    <dc:description>This file contains bill summaries and statuses for federal legislation. A bill summary describes the most significant provisions of a piece of legislation and details the effects the legislative text may have on current law and federal programs. Bill summaries are authored by the Congressional Research Service (CRS) of the Library of Congress. As stated in Public Law 91-510 (2 USC 166 (d)(6)), one of the duties of CRS is "to prepare summaries and digests of bills and resolutions of a public general nature introduced in the Senate or House of Representatives". For more information, refer to the User Guide that accompanies this file.</dc:description>
  </dublinCore>
</billStatus>

