<?xml version="1.0" encoding="UTF-8"?>
<billStatus>
  <bill>
    <introducedDate>2017-01-05</introducedDate>
    <congress>115</congress>
    <latestAction>
      <actionDate>2017-01-05</actionDate>
      <links />
      <text>Referred to the House Committee on Foreign Affairs.</text>
    </latestAction>
    <originChamber>House</originChamber>
    <billNumber>6</billNumber>
    <sponsors>
      <item>
        <state>CA</state>
        <identifiers>
          <lisID>1501</lisID>
          <gpoId>7814</gpoId>
          <bioguideId>L000551</bioguideId>
        </identifiers>
        <bioguideId>L000551</bioguideId>
        <lastName>LEE</lastName>
        <fullName>Rep. Lee, Barbara [D-CA-13]</fullName>
        <district>13</district>
        <firstName>BARBARA</firstName>
        <byRequestType />
        <middleName />
        <party>D</party>
      </item>
    </sponsors>
    <committeeReports />
    <relatedBills />
    <titles>
      <item>
        <chamberName />
        <titleType>Official Title as Introduced</titleType>
        <title>Expressing the sense of Congress that the United States should provide, on an annual basis, an amount equal to at least one percent of United States gross domestic product for nonmilitary foreign assistance programs.</title>
        <parentTitleType />
        <chamberCode />
      </item>
      <item>
        <chamberName />
        <titleType>Display Title</titleType>
        <title>Expressing the sense of Congress that the United States should provide, on an annual basis, an amount equal to at least one percent of United States gross domestic product for nonmilitary foreign assistance programs.</title>
        <parentTitleType />
        <chamberCode />
      </item>
    </titles>
    <constitutionalAuthorityStatementText />
    <billType>HCONRES</billType>
    <summaries>
      <billSummaries>
        <item>
          <text><![CDATA[<p>Recognizes the importance of foreign assistance programs in promoting national security, demonstrating the American people's humanitarian spirit, and improving U.S. credibility in world affairs.</p> <p>Expresses support for providing at least 1% of U.S. gross domestic product (GDP) each year for nonmilitary foreign assistance.</p>]]></text>
          <versionCode>00</versionCode>
          <actionDate>2017-01-05</actionDate>
          <name>Introduced in House</name>
          <actionDesc>Introduced in House</actionDesc>
          <lastSummaryUpdateDate>2017-01-30T20:35:36Z</lastSummaryUpdateDate>
          <updateDate>2017-01-05T05:00:00Z</updateDate>
        </item>
      </billSummaries>
    </summaries>
    <subjects>
      <billSubjects>
        <legislativeSubjects>
          <item>
            <name>Foreign aid and international relief</name>
          </item>
        </legislativeSubjects>
        <policyArea>
          <name>International Affairs</name>
        </policyArea>
      </billSubjects>
    </subjects>
    <laws />
    <policyArea>
      <name>International Affairs</name>
    </policyArea>
    <committees>
      <billCommittees>
        <item>
          <systemCode>hsfa00</systemCode>
          <chamber>House</chamber>
          <type>Standing</type>
          <activities>
            <item>
              <name>Referred to</name>
              <date>2017-01-05T15:04:05Z</date>
            </item>
          </activities>
          <name>Foreign Affairs Committee</name>
          <subcommittees />
        </item>
      </billCommittees>
    </committees>
    <version>1.0.0</version>
    <recordedVotes />
    <updateDate>2018-02-06T16:39:20Z</updateDate>
    <title>Expressing the sense of Congress that the United States should provide, on an annual basis, an amount equal to at least one percent of United States gross domestic product for nonmilitary foreign assistance programs.</title>
    <createDate>2017-01-06T04:57:25Z</createDate>
    <cboCostEstimates />
    <actions>
      <actionTypeCounts>
        <introducedInTheHouse>1</introducedInTheHouse>
        <introducedInHouse>1</introducedInHouse>
        <billReferrals>1</billReferrals>
      </actionTypeCounts>
      <item>
        <text>Referred to the House Committee on Foreign Affairs.</text>
        <links />
        <actionDate>2017-01-05</actionDate>
        <committee>
          <systemCode>hsfa00</systemCode>
          <name>Foreign Affairs Committee</name>
        </committee>
        <sourceSystem>
          <name>House floor actions</name>
          <code>2</code>
        </sourceSystem>
        <type>IntroReferral</type>
        <actionCode>H11100</actionCode>
      </item>
      <item>
        <text>Introduced in House</text>
        <links />
        <actionDate>2017-01-05</actionDate>
        <committee />
        <sourceSystem>
          <name>Library of Congress</name>
          <code>9</code>
        </sourceSystem>
        <type>IntroReferral</type>
        <actionCode>Intro-H</actionCode>
      </item>
      <item>
        <text>Introduced in House</text>
        <links />
        <actionDate>2017-01-05</actionDate>
        <committee />
        <sourceSystem>
          <name>Library of Congress</name>
          <code>9</code>
        </sourceSystem>
        <type>IntroReferral</type>
        <actionCode>1000</actionCode>
      </item>
      <actionByCounts>
        <houseOfRepresentatives>3</houseOfRepresentatives>
      </actionByCounts>
    </actions>
    <amendments />
    <notes />
    <calendarNumbers />
    <cosponsors />
  </bill>
  <dublinCore xmlns:dc="http://purl.org/dc/elements/1.1/">
    <dc:format>text/xml</dc:format>
    <dc:language>EN</dc:language>
    <dc:rights>Pursuant to Title 17 Section 105 of the United States Code, this file is not subject to copyright protection and is in the public domain.</dc:rights>
    <dc:contributor>Congressional Research Service, Library of Congress</dc:contributor>
    <dc:description>This file contains bill summaries and statuses for federal legislation. A bill summary describes the most significant provisions of a piece of legislation and details the effects the legislative text may have on current law and federal programs. Bill summaries are authored by the Congressional Research Service (CRS) of the Library of Congress. As stated in Public Law 91-510 (2 USC 166 (d)(6)), one of the duties of CRS is "to prepare summaries and digests of bills and resolutions of a public general nature introduced in the Senate or House of Representatives". For more information, refer to the User Guide that accompanies this file.</dc:description>
  </dublinCore>
</billStatus>

