<?xml version="1.0" encoding="UTF-8"?>
<billStatus>
  <bill>
    <constitutionalAuthorityStatementText />
    <originChamber>House</originChamber>
    <subjects>
      <billSubjects>
        <policyArea>
          <name>Health</name>
        </policyArea>
        <legislativeSubjects>
          <item>
            <name>Cardiovascular and respiratory health</name>
          </item>
          <item>
            <name>Commemorative events and holidays</name>
          </item>
          <item>
            <name>Congressional tributes</name>
          </item>
          <item>
            <name>Health programs administration and funding</name>
          </item>
          <item>
            <name>Hereditary and development disorders</name>
          </item>
          <item>
            <name>Medical research</name>
          </item>
        </legislativeSubjects>
      </billSubjects>
    </subjects>
    <cosponsors>
      <item>
        <bioguideId>M000312</bioguideId>
        <district>2</district>
        <isOriginalCosponsor>True</isOriginalCosponsor>
        <sponsorshipWithdrawnDate />
        <lastName>MCGOVERN</lastName>
        <state>MA</state>
        <fullName>Rep. McGovern, James P. [D-MA-2]</fullName>
        <sponsorshipDate>2017-05-19</sponsorshipDate>
        <middleName>P.</middleName>
        <firstName>JAMES</firstName>
        <party>D</party>
        <identifiers>
          <bioguideId>M000312</bioguideId>
          <lisID>1504</lisID>
          <gpoId>7968</gpoId>
        </identifiers>
      </item>
      <item>
        <bioguideId>M001151</bioguideId>
        <district>18</district>
        <isOriginalCosponsor>False</isOriginalCosponsor>
        <sponsorshipWithdrawnDate />
        <lastName>Murphy</lastName>
        <state>PA</state>
        <fullName>Rep. Murphy, Tim [R-PA-18]</fullName>
        <sponsorshipDate>2017-06-22</sponsorshipDate>
        <middleName />
        <firstName>Tim</firstName>
        <party>R</party>
        <identifiers>
          <bioguideId>M001151</bioguideId>
          <gpoId>8723</gpoId>
          <lisID>1744</lisID>
        </identifiers>
      </item>
    </cosponsors>
    <billType>HCONRES</billType>
    <recordedVotes />
    <laws />
    <committeeReports />
    <actions>
      <actionTypeCounts>
        <introducedInTheHouse>1</introducedInTheHouse>
        <billReferrals>1</billReferrals>
        <introducedInHouse>1</introducedInHouse>
        <placeholderTextForH>1</placeholderTextForH>
      </actionTypeCounts>
      <item>
        <actionDate>2017-05-26</actionDate>
        <committee>
          <systemCode>hsif14</systemCode>
          <name>Health Subcommittee</name>
        </committee>
        <links />
        <sourceSystem>
          <name>House committee actions</name>
          <code>1</code>
        </sourceSystem>
        <text>Referred to the Subcommittee on Health.</text>
        <type>Committee</type>
      </item>
      <item>
        <type>IntroReferral</type>
        <links />
        <text>Referred to the House Committee on Energy and Commerce.</text>
        <committee>
          <systemCode>hsif00</systemCode>
          <name>Energy and Commerce Committee</name>
        </committee>
        <actionDate>2017-05-19</actionDate>
        <sourceSystem>
          <name>House floor actions</name>
          <code>2</code>
        </sourceSystem>
        <actionCode>H11100</actionCode>
      </item>
      <item>
        <type>IntroReferral</type>
        <links />
        <text>Introduced in House</text>
        <committee />
        <actionDate>2017-05-19</actionDate>
        <sourceSystem>
          <name>Library of Congress</name>
          <code>9</code>
        </sourceSystem>
        <actionCode>Intro-H</actionCode>
      </item>
      <item>
        <type>IntroReferral</type>
        <links />
        <text>Introduced in House</text>
        <committee />
        <actionDate>2017-05-19</actionDate>
        <sourceSystem>
          <name>Library of Congress</name>
          <code>9</code>
        </sourceSystem>
        <actionCode>1000</actionCode>
      </item>
      <actionByCounts>
        <houseOfRepresentatives>4</houseOfRepresentatives>
      </actionByCounts>
    </actions>
    <createDate>2017-05-20T03:11:37Z</createDate>
    <version>1.0.0</version>
    <notes />
    <latestAction>
      <actionDate>2017-05-26</actionDate>
      <text>Referred to the Subcommittee on Health.</text>
      <links />
    </latestAction>
    <title>Expressing support for a month to be known as Cystic Fibrosis Awareness Month, and for other purposes.</title>
    <summaries>
      <billSummaries>
        <item>
          <lastSummaryUpdateDate>2017-06-14T15:24:36Z</lastSummaryUpdateDate>
          <updateDate>2017-05-19T04:00:00Z</updateDate>
          <versionCode>00</versionCode>
          <text><![CDATA[<p>Supports the designation of Cystic Fibrosis Awareness Month. (Cystic fibrosis is an inherited disease that causes persistent lung infections and limits the ability to breathe over time.)</p> <p>Congratulates the cystic fibrosis community for their dedication to patients.</p> <p>Recognizes that the care delivery system for cystic fibrosis can be a model for care coordination.</p> <p>Acknowledges the investments and scientific achievements that have improved the lives of cystic fibrosis patients.</p> <p>Urges researchers, developers, patients, and providers to do everything possible to find a cure for this deadly disease.</p>]]></text>
          <name>Introduced in House</name>
          <actionDesc>Introduced in House</actionDesc>
          <actionDate>2017-05-19</actionDate>
        </item>
      </billSummaries>
    </summaries>
    <congress>115</congress>
    <policyArea>
      <name>Health</name>
    </policyArea>
    <billNumber>58</billNumber>
    <calendarNumbers />
    <cboCostEstimates />
    <introducedDate>2017-05-19</introducedDate>
    <relatedBills />
    <committees>
      <billCommittees>
        <item>
          <chamber>House</chamber>
          <subcommittees>
            <item>
              <activities>
                <item>
                  <date>2017-05-26T15:29:51Z</date>
                  <name>Referred to</name>
                </item>
              </activities>
              <systemCode>hsif14</systemCode>
              <name>Health Subcommittee</name>
            </item>
          </subcommittees>
          <type>Standing</type>
          <activities>
            <item>
              <date>2017-05-19T13:02:15Z</date>
              <name>Referred to</name>
            </item>
          </activities>
          <systemCode>hsif00</systemCode>
          <name>Energy and Commerce Committee</name>
        </item>
      </billCommittees>
    </committees>
    <titles>
      <item>
        <parentTitleType />
        <chamberCode />
        <titleType>Official Title as Introduced</titleType>
        <chamberName />
        <title>Expressing support for a month to be known as Cystic Fibrosis Awareness Month, and for other purposes.</title>
      </item>
      <item>
        <parentTitleType />
        <chamberCode />
        <titleType>Display Title</titleType>
        <chamberName />
        <title>Expressing support for a month to be known as Cystic Fibrosis Awareness Month, and for other purposes.</title>
      </item>
    </titles>
    <sponsors>
      <item>
        <fullName>Rep. Marino, Tom [R-PA-10]</fullName>
        <middleName />
        <district>10</district>
        <byRequestType />
        <firstName>Tom</firstName>
        <bioguideId>M001179</bioguideId>
        <state>PA</state>
        <party>R</party>
        <lastName>Marino</lastName>
        <identifiers>
          <bioguideId>M001179</bioguideId>
          <gpoId>8128</gpoId>
          <lisID>2053</lisID>
        </identifiers>
      </item>
    </sponsors>
    <updateDate>2018-02-06T16:39:22Z</updateDate>
    <amendments />
  </bill>
  <dublinCore xmlns:dc="http://purl.org/dc/elements/1.1/">
    <dc:format>text/xml</dc:format>
    <dc:language>EN</dc:language>
    <dc:rights>Pursuant to Title 17 Section 105 of the United States Code, this file is not subject to copyright protection and is in the public domain.</dc:rights>
    <dc:contributor>Congressional Research Service, Library of Congress</dc:contributor>
    <dc:description>This file contains bill summaries and statuses for federal legislation. A bill summary describes the most significant provisions of a piece of legislation and details the effects the legislative text may have on current law and federal programs. Bill summaries are authored by the Congressional Research Service (CRS) of the Library of Congress. As stated in Public Law 91-510 (2 USC 166 (d)(6)), one of the duties of CRS is "to prepare summaries and digests of bills and resolutions of a public general nature introduced in the Senate or House of Representatives". For more information, refer to the User Guide that accompanies this file.</dc:description>
  </dublinCore>
</billStatus>

