<?xml version="1.0" encoding="UTF-8"?>
<billStatus>
  <bill>
    <calendarNumbers />
    <title>Authorizing the use of Emancipation Hall for a ceremony to present the Congressional Gold Medal collectively to the members of the Office of Strategic Services.</title>
    <subjects>
      <billSubjects>
        <policyArea>
          <name>Congress</name>
        </policyArea>
        <legislativeSubjects />
      </billSubjects>
    </subjects>
    <summaries>
      <billSummaries>
        <item>
          <updateDate>2018-02-16T05:00:00Z</updateDate>
          <lastSummaryUpdateDate>2018-02-28T20:50:26Z</lastSummaryUpdateDate>
          <versionCode>00</versionCode>
          <name>Introduced in House</name>
          <text><![CDATA[<p>Authorizes Emancipation Hall in the Capitol Visitor Center to be used on March 21, 2018, for a ceremony to present the Congressional Gold Medal to the members of the Office of Strategic Services, in recognition of their superior service and major contributions during World War II.</p>]]></text>
          <actionDate>2018-02-16</actionDate>
          <actionDesc>Introduced in House</actionDesc>
        </item>
      </billSummaries>
    </summaries>
    <actions>
      <actionByCounts>
        <senate>3</senate>
        <houseOfRepresentatives>10</houseOfRepresentatives>
      </actionByCounts>
      <actionTypeCounts>
        <passedOrAgreedToInSenateDayOf>1</passedOrAgreedToInSenateDayOf>
        <passedAgreedToInHouse>1</passedAgreedToInHouse>
        <unanimousConsentRequestToConsider>1</unanimousConsentRequestToConsider>
        <passedAgreedToInSenate>1</passedAgreedToInSenate>
        <passageOfAMeasure>1</passageOfAMeasure>
        <sentToHouse>1</sentToHouse>
        <houseCommitteeDischarged>1</houseCommitteeDischarged>
        <committeeDischarged>1</committeeDischarged>
        <billReferrals>1</billReferrals>
        <introducedInTheHouse>1</introducedInTheHouse>
        <introducedInHouse>1</introducedInHouse>
        <motionToReconsiderResults>1</motionToReconsiderResults>
        <considerationByHouse>1</considerationByHouse>
      </actionTypeCounts>
      <item>
        <actionDate>2018-03-01</actionDate>
        <committee />
        <links />
        <sourceSystem>
          <code>0</code>
          <name>Senate</name>
        </sourceSystem>
        <text>Message on Senate action sent to the House.</text>
        <type>Floor</type>
      </item>
      <item>
        <actionDate>2018-02-28</actionDate>
        <committee />
        <links>
          <link>
            <name>S1291</name>
            <url>https://www.congress.gov/congressional-record/volume-164/senate-section/page/S1291</url>
          </link>
        </links>
        <sourceSystem>
          <code>0</code>
          <name>Senate</name>
        </sourceSystem>
        <text>Received in the Senate, considered, and agreed to without amendment by Unanimous Consent. (consideration: CR S1291)</text>
        <type>Floor</type>
      </item>
      <item>
        <actionDate>2018-02-28</actionDate>
        <committee />
        <links />
        <text>Passed/agreed to in Senate: Received in the Senate, considered, and agreed to without amendment by Unanimous Consent.</text>
        <type>Floor</type>
        <sourceSystem>
          <code>9</code>
          <name>Library of Congress</name>
        </sourceSystem>
        <actionCode>17000</actionCode>
      </item>
      <item>
        <actionDate>2018-02-27</actionDate>
        <committee />
        <links />
        <text>Motion to reconsider laid on the table Agreed to without objection.</text>
        <actionTime>14:08:16</actionTime>
        <type>Floor</type>
        <sourceSystem>
          <code>2</code>
          <name>House floor actions</name>
        </sourceSystem>
        <actionCode>H38310</actionCode>
      </item>
      <item>
        <actionDate>2018-02-27</actionDate>
        <committee />
        <links>
          <link>
            <name>H1290</name>
            <url>https://www.congress.gov/congressional-record/volume-164/house-section/page/H1290</url>
          </link>
        </links>
        <text>On agreeing to the resolution Agreed to without objection. (text: CR H1290)</text>
        <actionTime>14:08:14</actionTime>
        <type>Floor</type>
        <sourceSystem>
          <code>2</code>
          <name>House floor actions</name>
        </sourceSystem>
        <actionCode>H37100</actionCode>
      </item>
      <item>
        <actionDate>2018-02-27</actionDate>
        <committee />
        <links />
        <text>Passed/agreed to in House: On agreeing to the resolution Agreed to without objection.</text>
        <actionTime>14:08:14</actionTime>
        <type>Floor</type>
        <sourceSystem>
          <code>9</code>
          <name>Library of Congress</name>
        </sourceSystem>
        <actionCode>8000</actionCode>
      </item>
      <item>
        <actionDate>2018-02-27</actionDate>
        <committee />
        <links>
          <link>
            <name>H1290</name>
            <url>https://www.congress.gov/congressional-record/volume-164/house-section/page/H1290</url>
          </link>
        </links>
        <text>Considered by unanimous consent. (consideration: CR H1290)</text>
        <actionTime>14:06:58</actionTime>
        <type>Floor</type>
        <sourceSystem>
          <code>2</code>
          <name>House floor actions</name>
        </sourceSystem>
        <actionCode>H30000</actionCode>
      </item>
      <item>
        <actionDate>2018-02-27</actionDate>
        <committee>
          <systemCode>hsha00</systemCode>
          <name>House Administration Committee</name>
        </committee>
        <links />
        <text>Committee on House Administration discharged.</text>
        <type>Discharge</type>
        <sourceSystem>
          <code>2</code>
          <name>House floor actions</name>
        </sourceSystem>
        <actionCode>H12300</actionCode>
      </item>
      <item>
        <actionDate>2018-02-27</actionDate>
        <committee>
          <systemCode>hsha00</systemCode>
          <name>House Administration Committee</name>
        </committee>
        <links />
        <text>Committee on House Administration discharged.</text>
        <type>Committee</type>
        <sourceSystem>
          <code>9</code>
          <name>Library of Congress</name>
        </sourceSystem>
        <actionCode>5500</actionCode>
      </item>
      <item>
        <actionDate>2018-02-27</actionDate>
        <committee />
        <links />
        <text>Mr. Harper asked unanimous consent to discharge from committee and consider.</text>
        <actionTime>14:06:55</actionTime>
        <type>Floor</type>
        <sourceSystem>
          <code>2</code>
          <name>House floor actions</name>
        </sourceSystem>
        <actionCode>H30200</actionCode>
      </item>
      <item>
        <actionDate>2018-02-16</actionDate>
        <committee>
          <systemCode>hsha00</systemCode>
          <name>House Administration Committee</name>
        </committee>
        <links />
        <text>Referred to the House Committee on House Administration.</text>
        <type>IntroReferral</type>
        <sourceSystem>
          <code>2</code>
          <name>House floor actions</name>
        </sourceSystem>
        <actionCode>H11100</actionCode>
      </item>
      <item>
        <actionDate>2018-02-16</actionDate>
        <committee />
        <links />
        <text>Introduced in House</text>
        <type>IntroReferral</type>
        <sourceSystem>
          <code>9</code>
          <name>Library of Congress</name>
        </sourceSystem>
        <actionCode>Intro-H</actionCode>
      </item>
      <item>
        <actionDate>2018-02-16</actionDate>
        <committee />
        <links />
        <text>Introduced in House</text>
        <type>IntroReferral</type>
        <sourceSystem>
          <code>9</code>
          <name>Library of Congress</name>
        </sourceSystem>
        <actionCode>1000</actionCode>
      </item>
    </actions>
    <updateDate>2018-03-02T05:44:01Z</updateDate>
    <committeeReports />
    <version>1.0.0</version>
    <billNumber>106</billNumber>
    <constitutionalAuthorityStatementText />
    <policyArea>
      <name>Congress</name>
    </policyArea>
    <laws />
    <congress>115</congress>
    <relatedBills>
      <item>
        <type>SCONRES</type>
        <latestAction>
          <text>Held at the desk.</text>
          <actionTime>15:56:29</actionTime>
          <actionDate>2018-03-01</actionDate>
        </latestAction>
        <relationshipDetails>
          <item>
            <type>Identical bill</type>
            <identifiedBy>CRS</identifiedBy>
          </item>
        </relationshipDetails>
        <latestTitle>A concurrent resolution authorizing the use of Emancipation Hall in the Capitol Visitor Center for a ceremony to present the Congressional Gold Medal collectively to the members of the Office of Strategic Services.</latestTitle>
        <congress>115</congress>
        <number>35</number>
      </item>
    </relatedBills>
    <recordedVotes />
    <sponsors>
      <item>
        <fullName>Rep. Latta, Robert E. [R-OH-5]</fullName>
        <lastName>Latta</lastName>
        <byRequestType />
        <bioguideId>L000566</bioguideId>
        <party>R</party>
        <middleName>E.</middleName>
        <state>OH</state>
        <firstName>Robert</firstName>
        <identifiers>
          <gpoId>8095</gpoId>
          <bioguideId>L000566</bioguideId>
          <lisID>1885</lisID>
        </identifiers>
        <district>5</district>
      </item>
    </sponsors>
    <titles>
      <item>
        <parentTitleType />
        <titleType>Official Title as Introduced</titleType>
        <chamberCode />
        <chamberName />
        <title>Authorizing the use of Emancipation Hall for a ceremony to present the Congressional Gold Medal collectively to the members of the Office of Strategic Services.</title>
      </item>
      <item>
        <parentTitleType />
        <titleType>Display Title</titleType>
        <chamberCode />
        <chamberName />
        <title>Authorizing the use of Emancipation Hall for a ceremony to present the Congressional Gold Medal collectively to the members of the Office of Strategic Services.</title>
      </item>
    </titles>
    <originChamber>House</originChamber>
    <latestAction>
      <text>Message on Senate action sent to the House.</text>
      <actionDate>2018-03-01</actionDate>
      <links />
    </latestAction>
    <createDate>2018-02-18T21:46:21Z</createDate>
    <cosponsors>
      <item>
        <firstName>MARCY</firstName>
        <lastName>KAPTUR</lastName>
        <sponsorshipDate>2018-02-16</sponsorshipDate>
        <state>OH</state>
        <party>D</party>
        <identifiers>
          <gpoId>8099</gpoId>
          <lisID>616</lisID>
          <bioguideId>K000009</bioguideId>
        </identifiers>
        <bioguideId>K000009</bioguideId>
        <district>9</district>
        <middleName />
        <fullName>Rep. Kaptur, Marcy [D-OH-9]</fullName>
        <isOriginalCosponsor>True</isOriginalCosponsor>
        <sponsorshipWithdrawnDate />
      </item>
    </cosponsors>
    <notes />
    <committees>
      <billCommittees>
        <item>
          <systemCode>hsha00</systemCode>
          <name>House Administration Committee</name>
          <activities>
            <item>
              <name>Discharged from</name>
              <date>2018-02-27T19:06:57Z</date>
            </item>
          </activities>
          <chamber>House</chamber>
          <type>Standing</type>
          <subcommittees />
        </item>
      </billCommittees>
    </committees>
    <introducedDate>2018-02-16</introducedDate>
    <billType>HCONRES</billType>
    <amendments />
    <cboCostEstimates />
  </bill>
  <dublinCore xmlns:dc="http://purl.org/dc/elements/1.1/">
    <dc:format>text/xml</dc:format>
    <dc:language>EN</dc:language>
    <dc:rights>Pursuant to Title 17 Section 105 of the United States Code, this file is not subject to copyright protection and is in the public domain.</dc:rights>
    <dc:contributor>Congressional Research Service, Library of Congress</dc:contributor>
    <dc:description>This file contains bill summaries and statuses for federal legislation. A bill summary describes the most significant provisions of a piece of legislation and details the effects the legislative text may have on current law and federal programs. Bill summaries are authored by the Congressional Research Service (CRS) of the Library of Congress. As stated in Public Law 91-510 (2 USC 166 (d)(6)), one of the duties of CRS is "to prepare summaries and digests of bills and resolutions of a public general nature introduced in the Senate or House of Representatives". For more information, refer to the User Guide that accompanies this file.</dc:description>
  </dublinCore>
</billStatus>

