<?xml version="1.0" encoding="UTF-8"?>
<billStatus>
  <bill>
    <calendarNumbers />
    <constitutionalAuthorityStatementText />
    <congress>115</congress>
    <titles>
      <item>
        <chamberCode />
        <chamberName />
        <parentTitleType />
        <titleType>Official Title as Introduced</titleType>
        <title>Expressing support for designation of the first Friday of October as "Manufacturing Day".</title>
      </item>
      <item>
        <chamberCode />
        <chamberName />
        <parentTitleType />
        <titleType>Display Title</titleType>
        <title>Expressing support for designation of the first Friday of October as "Manufacturing Day".</title>
      </item>
    </titles>
    <introducedDate>2017-10-04</introducedDate>
    <latestAction>
      <actionDate>2017-10-04</actionDate>
      <text>Referred to the House Committee on Oversight and Government Reform.</text>
      <links />
    </latestAction>
    <title>Expressing support for designation of the first Friday of October as "Manufacturing Day".</title>
    <subjects>
      <billSubjects>
        <legislativeSubjects />
        <policyArea>
          <name>Commerce</name>
        </policyArea>
      </billSubjects>
    </subjects>
    <relatedBills />
    <updateDate>2018-02-06T16:39:28Z</updateDate>
    <committeeReports />
    <notes />
    <recordedVotes />
    <amendments />
    <billType>HCONRES</billType>
    <committees>
      <billCommittees>
        <item>
          <name>Oversight and Government Reform Committee</name>
          <chamber>House</chamber>
          <type>Standing</type>
          <subcommittees />
          <systemCode>hsgo00</systemCode>
          <activities>
            <item>
              <name>Referred to</name>
              <date>2017-10-04T14:02:00Z</date>
            </item>
          </activities>
        </item>
      </billCommittees>
    </committees>
    <cboCostEstimates />
    <billNumber>84</billNumber>
    <policyArea>
      <name>Commerce</name>
    </policyArea>
    <version>1.0.0</version>
    <createDate>2017-10-05T03:11:17Z</createDate>
    <originChamber>House</originChamber>
    <actions>
      <actionByCounts>
        <houseOfRepresentatives>3</houseOfRepresentatives>
      </actionByCounts>
      <actionTypeCounts>
        <introducedInTheHouse>1</introducedInTheHouse>
        <billReferrals>1</billReferrals>
        <introducedInHouse>1</introducedInHouse>
      </actionTypeCounts>
      <item>
        <actionDate>2017-10-04</actionDate>
        <text>Referred to the House Committee on Oversight and Government Reform.</text>
        <sourceSystem>
          <name>House floor actions</name>
          <code>2</code>
        </sourceSystem>
        <committee>
          <systemCode>hsgo00</systemCode>
          <name>Oversight and Government Reform Committee</name>
        </committee>
        <links />
        <actionCode>H11100</actionCode>
        <type>IntroReferral</type>
      </item>
      <item>
        <actionDate>2017-10-04</actionDate>
        <text>Introduced in House</text>
        <sourceSystem>
          <name>Library of Congress</name>
          <code>9</code>
        </sourceSystem>
        <committee />
        <links />
        <actionCode>Intro-H</actionCode>
        <type>IntroReferral</type>
      </item>
      <item>
        <actionDate>2017-10-04</actionDate>
        <text>Introduced in House</text>
        <sourceSystem>
          <name>Library of Congress</name>
          <code>9</code>
        </sourceSystem>
        <committee />
        <links />
        <actionCode>1000</actionCode>
        <type>IntroReferral</type>
      </item>
    </actions>
    <sponsors>
      <item>
        <party>R</party>
        <bioguideId>R000585</bioguideId>
        <district>23</district>
        <firstName>Tom</firstName>
        <middleName />
        <state>NY</state>
        <fullName>Rep. Reed, Tom [R-NY-23]</fullName>
        <identifiers>
          <bioguideId>R000585</bioguideId>
          <lisID>1982</lisID>
          <gpoId>8090</gpoId>
        </identifiers>
        <lastName>Reed</lastName>
        <byRequestType />
      </item>
    </sponsors>
    <summaries>
      <billSummaries>
        <item>
          <text><![CDATA[<p>Supports the designation of Manufacturing Day.</p>]]></text>
          <name>Introduced in House</name>
          <lastSummaryUpdateDate>2017-11-09T21:48:56Z</lastSummaryUpdateDate>
          <versionCode>00</versionCode>
          <actionDesc>Introduced in House</actionDesc>
          <updateDate>2017-10-04T04:00:00Z</updateDate>
          <actionDate>2017-10-04</actionDate>
        </item>
      </billSummaries>
    </summaries>
    <laws />
    <cosponsors>
      <item>
        <state>OH</state>
        <identifiers>
          <lisID>1756</lisID>
          <gpoId>8107</gpoId>
          <bioguideId>R000577</bioguideId>
        </identifiers>
        <district>13</district>
        <sponsorshipDate>2017-10-04</sponsorshipDate>
        <lastName>RYAN</lastName>
        <fullName>Rep. Ryan, Tim [D-OH-13]</fullName>
        <middleName />
        <party>D</party>
        <sponsorshipWithdrawnDate />
        <bioguideId>R000577</bioguideId>
        <firstName>TIM</firstName>
        <isOriginalCosponsor>True</isOriginalCosponsor>
      </item>
      <item>
        <state>PA</state>
        <identifiers>
          <lisID>2052</lisID>
          <bioguideId>M001181</bioguideId>
          <gpoId>8125</gpoId>
        </identifiers>
        <district>7</district>
        <sponsorshipDate>2017-10-04</sponsorshipDate>
        <lastName>Meehan</lastName>
        <fullName>Rep. Meehan, Patrick [R-PA-7]</fullName>
        <middleName />
        <party>R</party>
        <sponsorshipWithdrawnDate />
        <bioguideId>M001181</bioguideId>
        <firstName>Patrick</firstName>
        <isOriginalCosponsor>True</isOriginalCosponsor>
      </item>
      <item>
        <state>CT</state>
        <identifiers>
          <bioguideId>E000293</bioguideId>
          <lisID>2114</lisID>
          <gpoId />
        </identifiers>
        <district>5</district>
        <sponsorshipDate>2017-10-04</sponsorshipDate>
        <lastName>Esty</lastName>
        <fullName>Rep. Esty, Elizabeth H. [D-CT-5]</fullName>
        <middleName>H.</middleName>
        <party>D</party>
        <sponsorshipWithdrawnDate />
        <bioguideId>E000293</bioguideId>
        <firstName>Elizabeth</firstName>
        <isOriginalCosponsor>True</isOriginalCosponsor>
      </item>
      <item>
        <state>NJ</state>
        <identifiers>
          <gpoId>8044</gpoId>
          <bioguideId>L000554</bioguideId>
          <lisID>699</lisID>
        </identifiers>
        <district>2</district>
        <sponsorshipDate>2017-10-04</sponsorshipDate>
        <lastName>LOBIONDO</lastName>
        <fullName>Rep. LoBiondo, Frank A. [R-NJ-2]</fullName>
        <middleName>A.</middleName>
        <party>R</party>
        <sponsorshipWithdrawnDate />
        <bioguideId>L000554</bioguideId>
        <firstName>FRANK</firstName>
        <isOriginalCosponsor>True</isOriginalCosponsor>
      </item>
      <item>
        <state>OH</state>
        <identifiers>
          <lisID>2154</lisID>
          <gpoId />
          <bioguideId>J000295</bioguideId>
        </identifiers>
        <district>14</district>
        <sponsorshipDate>2017-10-04</sponsorshipDate>
        <lastName>Joyce</lastName>
        <fullName>Rep. Joyce, David P. [R-OH-14]</fullName>
        <middleName>P.</middleName>
        <party>R</party>
        <sponsorshipWithdrawnDate />
        <bioguideId>J000295</bioguideId>
        <firstName>David</firstName>
        <isOriginalCosponsor>True</isOriginalCosponsor>
      </item>
      <item>
        <state>MI</state>
        <identifiers>
          <lisID>2251</lisID>
          <bioguideId>D000624</bioguideId>
          <gpoId />
        </identifiers>
        <district>12</district>
        <sponsorshipDate>2017-10-04</sponsorshipDate>
        <lastName>Dingell</lastName>
        <fullName>Rep. Dingell, Debbie [D-MI-12]</fullName>
        <middleName />
        <party>D</party>
        <sponsorshipWithdrawnDate />
        <bioguideId>D000624</bioguideId>
        <firstName>Debbie</firstName>
        <isOriginalCosponsor>True</isOriginalCosponsor>
      </item>
      <item>
        <state>NY</state>
        <identifiers>
          <gpoId />
          <lisID>2263</lisID>
          <bioguideId>S001196</bioguideId>
        </identifiers>
        <district>21</district>
        <sponsorshipDate>2017-10-04</sponsorshipDate>
        <lastName>Stefanik</lastName>
        <fullName>Rep. Stefanik, Elise M. [R-NY-21]</fullName>
        <middleName>M.</middleName>
        <party>R</party>
        <sponsorshipWithdrawnDate />
        <bioguideId>S001196</bioguideId>
        <firstName>Elise</firstName>
        <isOriginalCosponsor>True</isOriginalCosponsor>
      </item>
      <item>
        <state>IL</state>
        <identifiers>
          <lisID>2015</lisID>
          <gpoId>7934</gpoId>
          <bioguideId>H001059</bioguideId>
        </identifiers>
        <district>14</district>
        <sponsorshipDate>2017-10-04</sponsorshipDate>
        <lastName>Hultgren</lastName>
        <fullName>Rep. Hultgren, Randy [R-IL-14]</fullName>
        <middleName />
        <party>R</party>
        <sponsorshipWithdrawnDate />
        <bioguideId>H001059</bioguideId>
        <firstName>Randy</firstName>
        <isOriginalCosponsor>True</isOriginalCosponsor>
      </item>
      <item>
        <state>CT</state>
        <identifiers>
          <lisID>1583</lisID>
          <bioguideId>L000557</bioguideId>
          <gpoId>7866</gpoId>
        </identifiers>
        <district>1</district>
        <sponsorshipDate>2017-10-04</sponsorshipDate>
        <lastName>LARSON</lastName>
        <fullName>Rep. Larson, John B. [D-CT-1]</fullName>
        <middleName>B.</middleName>
        <party>D</party>
        <sponsorshipWithdrawnDate />
        <bioguideId>L000557</bioguideId>
        <firstName>JOHN</firstName>
        <isOriginalCosponsor>True</isOriginalCosponsor>
      </item>
      <item>
        <state>RI</state>
        <identifiers>
          <lisID>2055</lisID>
          <bioguideId>C001084</bioguideId>
          <gpoId>8139</gpoId>
        </identifiers>
        <district>1</district>
        <sponsorshipDate>2017-10-04</sponsorshipDate>
        <lastName>Cicilline</lastName>
        <fullName>Rep. Cicilline, David N. [D-RI-1]</fullName>
        <middleName>N.</middleName>
        <party>D</party>
        <sponsorshipWithdrawnDate />
        <bioguideId>C001084</bioguideId>
        <firstName>David</firstName>
        <isOriginalCosponsor>True</isOriginalCosponsor>
      </item>
      <item>
        <state>OH</state>
        <identifiers>
          <gpoId>8099</gpoId>
          <lisID>616</lisID>
          <bioguideId>K000009</bioguideId>
        </identifiers>
        <district>9</district>
        <sponsorshipDate>2017-10-04</sponsorshipDate>
        <lastName>KAPTUR</lastName>
        <fullName>Rep. Kaptur, Marcy [D-OH-9]</fullName>
        <middleName />
        <party>D</party>
        <sponsorshipWithdrawnDate />
        <bioguideId>K000009</bioguideId>
        <firstName>MARCY</firstName>
        <isOriginalCosponsor>True</isOriginalCosponsor>
      </item>
      <item>
        <state>MI</state>
        <identifiers>
          <gpoId />
          <bioguideId>L000581</bioguideId>
          <lisID>2252</lisID>
        </identifiers>
        <district>14</district>
        <sponsorshipDate>2017-10-04</sponsorshipDate>
        <lastName>Lawrence</lastName>
        <fullName>Rep. Lawrence, Brenda L. [D-MI-14]</fullName>
        <middleName>L.</middleName>
        <party>D</party>
        <sponsorshipWithdrawnDate />
        <bioguideId>L000581</bioguideId>
        <firstName>Brenda</firstName>
        <isOriginalCosponsor>True</isOriginalCosponsor>
      </item>
      <item>
        <state>NJ</state>
        <identifiers>
          <bioguideId>P000034</bioguideId>
          <gpoId>8048</gpoId>
          <lisID>887</lisID>
        </identifiers>
        <district>6</district>
        <sponsorshipDate>2017-10-04</sponsorshipDate>
        <lastName>PALLONE</lastName>
        <fullName>Rep. Pallone, Frank, Jr. [D-NJ-6]</fullName>
        <middleName />
        <party>D</party>
        <sponsorshipWithdrawnDate />
        <bioguideId>P000034</bioguideId>
        <firstName>FRANK</firstName>
        <isOriginalCosponsor>True</isOriginalCosponsor>
      </item>
      <item>
        <state>NY</state>
        <identifiers>
          <lisID>1942</lisID>
          <gpoId>8082</gpoId>
          <bioguideId>T000469</bioguideId>
        </identifiers>
        <district>20</district>
        <sponsorshipDate>2017-10-04</sponsorshipDate>
        <lastName>Tonko</lastName>
        <fullName>Rep. Tonko, Paul [D-NY-20]</fullName>
        <middleName />
        <party>D</party>
        <sponsorshipWithdrawnDate />
        <bioguideId>T000469</bioguideId>
        <firstName>Paul</firstName>
        <isOriginalCosponsor>True</isOriginalCosponsor>
      </item>
      <item>
        <state>AZ</state>
        <identifiers>
          <lisID>2099</lisID>
          <bioguideId>S001191</bioguideId>
          <gpoId />
        </identifiers>
        <district>9</district>
        <sponsorshipDate>2017-10-04</sponsorshipDate>
        <lastName>Sinema</lastName>
        <fullName>Rep. Sinema, Kyrsten [D-AZ-9]</fullName>
        <middleName />
        <party>D</party>
        <sponsorshipWithdrawnDate />
        <bioguideId>S001191</bioguideId>
        <firstName>Kyrsten</firstName>
        <isOriginalCosponsor>True</isOriginalCosponsor>
      </item>
      <item>
        <state>IL</state>
        <identifiers>
          <gpoId />
          <bioguideId>B001295</bioguideId>
          <lisID>2243</lisID>
        </identifiers>
        <district>12</district>
        <sponsorshipDate>2017-10-04</sponsorshipDate>
        <lastName>Bost</lastName>
        <fullName>Rep. Bost, Mike [R-IL-12]</fullName>
        <middleName />
        <party>R</party>
        <sponsorshipWithdrawnDate />
        <bioguideId>B001295</bioguideId>
        <firstName>Mike</firstName>
        <isOriginalCosponsor>True</isOriginalCosponsor>
      </item>
      <item>
        <state>NY</state>
        <identifiers>
          <lisID>850</lisID>
          <bioguideId>N000002</bioguideId>
          <gpoId>8069</gpoId>
        </identifiers>
        <district>10</district>
        <sponsorshipDate>2017-10-04</sponsorshipDate>
        <lastName>NADLER</lastName>
        <fullName>Rep. Nadler, Jerrold [D-NY-10]</fullName>
        <middleName />
        <party>D</party>
        <sponsorshipWithdrawnDate />
        <bioguideId>N000002</bioguideId>
        <firstName>JERROLD</firstName>
        <isOriginalCosponsor>True</isOriginalCosponsor>
      </item>
      <item>
        <state>IA</state>
        <identifiers>
          <lisID>1846</lisID>
          <gpoId>7915</gpoId>
          <bioguideId>L000565</bioguideId>
        </identifiers>
        <district>2</district>
        <sponsorshipDate>2017-10-04</sponsorshipDate>
        <lastName>Loebsack</lastName>
        <fullName>Rep. Loebsack, David [D-IA-2]</fullName>
        <middleName />
        <party>D</party>
        <sponsorshipWithdrawnDate />
        <bioguideId>L000565</bioguideId>
        <firstName>David</firstName>
        <isOriginalCosponsor>True</isOriginalCosponsor>
      </item>
      <item>
        <state>AS</state>
        <identifiers>
          <lisID>2222</lisID>
          <bioguideId>R000600</bioguideId>
          <gpoId />
        </identifiers>
        <district>0</district>
        <sponsorshipDate>2017-10-04</sponsorshipDate>
        <lastName>Radewagen</lastName>
        <fullName>Rep. Radewagen, Aumua Amata Coleman [R-AS-At Large]</fullName>
        <middleName>Coleman</middleName>
        <party>R</party>
        <sponsorshipWithdrawnDate />
        <bioguideId>R000600</bioguideId>
        <firstName>Aumua Amata</firstName>
        <isOriginalCosponsor>True</isOriginalCosponsor>
      </item>
      <item>
        <state>MA</state>
        <identifiers>
          <bioguideId>M001196</bioguideId>
          <gpoId />
          <lisID>2246</lisID>
        </identifiers>
        <district>6</district>
        <sponsorshipDate>2017-10-04</sponsorshipDate>
        <lastName>Moulton</lastName>
        <fullName>Rep. Moulton, Seth [D-MA-6]</fullName>
        <middleName />
        <party>D</party>
        <sponsorshipWithdrawnDate />
        <bioguideId>M001196</bioguideId>
        <firstName>Seth</firstName>
        <isOriginalCosponsor>True</isOriginalCosponsor>
      </item>
      <item>
        <state>CT</state>
        <identifiers>
          <gpoId>7867</gpoId>
          <lisID>1836</lisID>
          <bioguideId>C001069</bioguideId>
        </identifiers>
        <district>2</district>
        <sponsorshipDate>2017-10-04</sponsorshipDate>
        <lastName>Courtney</lastName>
        <fullName>Rep. Courtney, Joe [D-CT-2]</fullName>
        <middleName />
        <party>D</party>
        <sponsorshipWithdrawnDate />
        <bioguideId>C001069</bioguideId>
        <firstName>Joe</firstName>
        <isOriginalCosponsor>True</isOriginalCosponsor>
      </item>
      <item>
        <state>OR</state>
        <identifiers>
          <lisID>2092</lisID>
          <bioguideId>B001278</bioguideId>
          <gpoId>8367</gpoId>
        </identifiers>
        <district>1</district>
        <sponsorshipDate>2017-10-04</sponsorshipDate>
        <lastName>Bonamici</lastName>
        <fullName>Rep. Bonamici, Suzanne [D-OR-1]</fullName>
        <middleName />
        <party>D</party>
        <sponsorshipWithdrawnDate />
        <bioguideId>B001278</bioguideId>
        <firstName>Suzanne</firstName>
        <isOriginalCosponsor>True</isOriginalCosponsor>
      </item>
      <item>
        <state>OH</state>
        <identifiers>
          <bioguideId>R000586</bioguideId>
          <lisID>2048</lisID>
          <gpoId>8106</gpoId>
        </identifiers>
        <district>16</district>
        <sponsorshipDate>2017-10-04</sponsorshipDate>
        <lastName>Renacci</lastName>
        <fullName>Rep. Renacci, James B. [R-OH-16]</fullName>
        <middleName>B.</middleName>
        <party>R</party>
        <sponsorshipWithdrawnDate />
        <bioguideId>R000586</bioguideId>
        <firstName>James</firstName>
        <isOriginalCosponsor>True</isOriginalCosponsor>
      </item>
      <item>
        <state>WA</state>
        <identifiers>
          <gpoId>8374</gpoId>
          <bioguideId>D000617</bioguideId>
          <lisID>2096</lisID>
        </identifiers>
        <district>1</district>
        <sponsorshipDate>2017-10-04</sponsorshipDate>
        <lastName>DelBene</lastName>
        <fullName>Rep. DelBene, Suzan K. [D-WA-1]</fullName>
        <middleName>K.</middleName>
        <party>D</party>
        <sponsorshipWithdrawnDate />
        <bioguideId>D000617</bioguideId>
        <firstName>Suzan</firstName>
        <isOriginalCosponsor>True</isOriginalCosponsor>
      </item>
      <item>
        <state>PA</state>
        <identifiers>
          <gpoId />
          <lisID>2266</lisID>
          <bioguideId>C001106</bioguideId>
        </identifiers>
        <district>6</district>
        <sponsorshipDate>2017-10-04</sponsorshipDate>
        <lastName>Costello</lastName>
        <fullName>Rep. Costello, Ryan A. [R-PA-6]</fullName>
        <middleName>A.</middleName>
        <party>R</party>
        <sponsorshipWithdrawnDate />
        <bioguideId>C001106</bioguideId>
        <firstName>Ryan</firstName>
        <isOriginalCosponsor>True</isOriginalCosponsor>
      </item>
      <item>
        <state>NY</state>
        <identifiers>
          <bioguideId>S000480</bioguideId>
          <gpoId>8089</gpoId>
          <lisID>1069</lisID>
        </identifiers>
        <district>25</district>
        <sponsorshipDate>2017-10-04</sponsorshipDate>
        <lastName>SLAUGHTER</lastName>
        <fullName>Rep. Slaughter, Louise McIntosh [D-NY-25]</fullName>
        <middleName>M.</middleName>
        <party>D</party>
        <sponsorshipWithdrawnDate />
        <bioguideId>S000480</bioguideId>
        <firstName>LOUISE</firstName>
        <isOriginalCosponsor>True</isOriginalCosponsor>
      </item>
      <item>
        <state>WI</state>
        <identifiers>
          <bioguideId>G000576</bioguideId>
          <lisID>2276</lisID>
          <gpoId />
        </identifiers>
        <district>6</district>
        <sponsorshipDate>2017-10-04</sponsorshipDate>
        <lastName>Grothman</lastName>
        <fullName>Rep. Grothman, Glenn [R-WI-6]</fullName>
        <middleName />
        <party>R</party>
        <sponsorshipWithdrawnDate />
        <bioguideId>G000576</bioguideId>
        <firstName>Glenn</firstName>
        <isOriginalCosponsor>True</isOriginalCosponsor>
      </item>
      <item>
        <state>IL</state>
        <identifiers>
          <lisID>1781</lisID>
          <gpoId>7923</gpoId>
          <bioguideId>L000563</bioguideId>
        </identifiers>
        <district>3</district>
        <sponsorshipDate>2017-10-04</sponsorshipDate>
        <lastName>Lipinski</lastName>
        <fullName>Rep. Lipinski, Daniel [D-IL-3]</fullName>
        <middleName>William</middleName>
        <party>D</party>
        <sponsorshipWithdrawnDate />
        <bioguideId>L000563</bioguideId>
        <firstName>Daniel</firstName>
        <isOriginalCosponsor>True</isOriginalCosponsor>
      </item>
      <item>
        <state>PA</state>
        <identifiers>
          <gpoId>8129</gpoId>
          <lisID>2054</lisID>
          <bioguideId>B001269</bioguideId>
        </identifiers>
        <district>11</district>
        <sponsorshipDate>2017-10-04</sponsorshipDate>
        <lastName>Barletta</lastName>
        <fullName>Rep. Barletta, Lou [R-PA-11]</fullName>
        <middleName />
        <party>R</party>
        <sponsorshipWithdrawnDate />
        <bioguideId>B001269</bioguideId>
        <firstName>Lou</firstName>
        <isOriginalCosponsor>True</isOriginalCosponsor>
      </item>
      <item>
        <state>CA</state>
        <identifiers>
          <gpoId>7825</gpoId>
          <lisID>1774</lisID>
          <bioguideId>C001059</bioguideId>
        </identifiers>
        <district>16</district>
        <sponsorshipDate>2017-10-04</sponsorshipDate>
        <lastName>Costa</lastName>
        <fullName>Rep. Costa, Jim [D-CA-16]</fullName>
        <middleName />
        <party>D</party>
        <sponsorshipWithdrawnDate />
        <bioguideId>C001059</bioguideId>
        <firstName>Jim</firstName>
        <isOriginalCosponsor>True</isOriginalCosponsor>
      </item>
      <item>
        <state>IN</state>
        <identifiers>
          <lisID>2128</lisID>
          <gpoId />
          <bioguideId>W000813</bioguideId>
        </identifiers>
        <district>2</district>
        <sponsorshipDate>2017-10-04</sponsorshipDate>
        <lastName>Walorski</lastName>
        <fullName>Rep. Walorski, Jackie [R-IN-2]</fullName>
        <middleName />
        <party>R</party>
        <sponsorshipWithdrawnDate />
        <bioguideId>W000813</bioguideId>
        <firstName>Jackie</firstName>
        <isOriginalCosponsor>True</isOriginalCosponsor>
      </item>
      <item>
        <state>PA</state>
        <identifiers>
          <bioguideId>T000467</bioguideId>
          <gpoId>8123</gpoId>
          <lisID>1952</lisID>
        </identifiers>
        <district>5</district>
        <sponsorshipDate>2017-10-04</sponsorshipDate>
        <lastName>Thompson</lastName>
        <fullName>Rep. Thompson, Glenn [R-PA-5]</fullName>
        <middleName />
        <party>R</party>
        <sponsorshipWithdrawnDate />
        <bioguideId>T000467</bioguideId>
        <firstName>Glenn</firstName>
        <isOriginalCosponsor>True</isOriginalCosponsor>
      </item>
      <item>
        <state>MS</state>
        <identifiers>
          <lisID>2294</lisID>
          <gpoId />
          <bioguideId>K000388</bioguideId>
        </identifiers>
        <district>1</district>
        <sponsorshipDate>2017-10-04</sponsorshipDate>
        <lastName>Kelly</lastName>
        <fullName>Rep. Kelly, Trent [R-MS-1]</fullName>
        <middleName />
        <party>R</party>
        <sponsorshipWithdrawnDate />
        <bioguideId>K000388</bioguideId>
        <firstName>Trent</firstName>
        <isOriginalCosponsor>True</isOriginalCosponsor>
      </item>
      <item>
        <state>IL</state>
        <identifiers>
          <lisID>2295</lisID>
          <gpoId />
          <bioguideId>L000585</bioguideId>
        </identifiers>
        <district>18</district>
        <sponsorshipDate>2017-10-04</sponsorshipDate>
        <lastName>LaHood</lastName>
        <fullName>Rep. LaHood, Darin [R-IL-18]</fullName>
        <middleName />
        <party>R</party>
        <sponsorshipWithdrawnDate />
        <bioguideId>L000585</bioguideId>
        <firstName>Darin</firstName>
        <isOriginalCosponsor>True</isOriginalCosponsor>
      </item>
      <item>
        <state>CA</state>
        <identifiers>
          <bioguideId>T000474</bioguideId>
          <lisID>2231</lisID>
          <gpoId />
        </identifiers>
        <district>35</district>
        <sponsorshipDate>2017-10-04</sponsorshipDate>
        <lastName>Torres</lastName>
        <fullName>Rep. Torres, Norma J. [D-CA-35]</fullName>
        <middleName>J.</middleName>
        <party>D</party>
        <sponsorshipWithdrawnDate />
        <bioguideId>T000474</bioguideId>
        <firstName>Norma</firstName>
        <isOriginalCosponsor>True</isOriginalCosponsor>
      </item>
      <item>
        <state>IL</state>
        <identifiers>
          <bioguideId>B001286</bioguideId>
          <lisID>2127</lisID>
          <gpoId />
        </identifiers>
        <district>17</district>
        <sponsorshipDate>2017-10-04</sponsorshipDate>
        <lastName>Bustos</lastName>
        <fullName>Rep. Bustos, Cheri [D-IL-17]</fullName>
        <middleName />
        <party>D</party>
        <sponsorshipWithdrawnDate />
        <bioguideId>B001286</bioguideId>
        <firstName>Cheri</firstName>
        <isOriginalCosponsor>True</isOriginalCosponsor>
      </item>
      <item>
        <state>DC</state>
        <identifiers>
          <lisID>868</lisID>
          <gpoId>7871</gpoId>
          <bioguideId>N000147</bioguideId>
        </identifiers>
        <district>0</district>
        <sponsorshipDate>2017-10-04</sponsorshipDate>
        <lastName>NORTON</lastName>
        <fullName>Rep. Norton, Eleanor Holmes [D-DC-At Large]</fullName>
        <middleName>HOLMES</middleName>
        <party>D</party>
        <sponsorshipWithdrawnDate />
        <bioguideId>N000147</bioguideId>
        <firstName>ELEANOR</firstName>
        <isOriginalCosponsor>True</isOriginalCosponsor>
      </item>
      <item>
        <state>TX</state>
        <identifiers>
          <lisID>2166</lisID>
          <bioguideId>V000131</bioguideId>
          <gpoId />
        </identifiers>
        <district>33</district>
        <sponsorshipDate>2017-10-04</sponsorshipDate>
        <lastName>Veasey</lastName>
        <fullName>Rep. Veasey, Marc A. [D-TX-33]</fullName>
        <middleName>A.</middleName>
        <party>D</party>
        <sponsorshipWithdrawnDate />
        <bioguideId>V000131</bioguideId>
        <firstName>Marc</firstName>
        <isOriginalCosponsor>True</isOriginalCosponsor>
      </item>
      <item>
        <state>OH</state>
        <identifiers>
          <bioguideId>C000266</bioguideId>
          <gpoId>8091</gpoId>
          <lisID>186</lisID>
        </identifiers>
        <district>1</district>
        <sponsorshipDate>2017-10-04</sponsorshipDate>
        <lastName>CHABOT</lastName>
        <fullName>Rep. Chabot, Steve [R-OH-1]</fullName>
        <middleName />
        <party>R</party>
        <sponsorshipWithdrawnDate />
        <bioguideId>C000266</bioguideId>
        <firstName>STEVE</firstName>
        <isOriginalCosponsor>True</isOriginalCosponsor>
      </item>
      <item>
        <state>PA</state>
        <identifiers>
          <bioguideId>K000376</bioguideId>
          <lisID>2051</lisID>
          <gpoId>8708</gpoId>
        </identifiers>
        <district>3</district>
        <sponsorshipDate>2017-10-04</sponsorshipDate>
        <lastName>Kelly</lastName>
        <fullName>Rep. Kelly, Mike [R-PA-3]</fullName>
        <middleName />
        <party>R</party>
        <sponsorshipWithdrawnDate />
        <bioguideId>K000376</bioguideId>
        <firstName>Mike</firstName>
        <isOriginalCosponsor>True</isOriginalCosponsor>
      </item>
      <item>
        <state>CA</state>
        <identifiers>
          <lisID>2106</lisID>
          <bioguideId>B001285</bioguideId>
          <gpoId />
        </identifiers>
        <district>26</district>
        <sponsorshipDate>2017-10-04</sponsorshipDate>
        <lastName>Brownley</lastName>
        <fullName>Rep. Brownley, Julia [D-CA-26]</fullName>
        <middleName />
        <party>D</party>
        <sponsorshipWithdrawnDate />
        <bioguideId>B001285</bioguideId>
        <firstName>Julia</firstName>
        <isOriginalCosponsor>True</isOriginalCosponsor>
      </item>
      <item>
        <state>IA</state>
        <identifiers>
          <lisID>2241</lisID>
          <bioguideId>B001294</bioguideId>
          <gpoId />
        </identifiers>
        <district>1</district>
        <sponsorshipDate>2017-10-04</sponsorshipDate>
        <lastName>Blum</lastName>
        <fullName>Rep. Blum, Rod [R-IA-1]</fullName>
        <middleName />
        <party>R</party>
        <sponsorshipWithdrawnDate />
        <bioguideId>B001294</bioguideId>
        <firstName>Rod</firstName>
        <isOriginalCosponsor>True</isOriginalCosponsor>
      </item>
      <item>
        <state>CA</state>
        <identifiers>
          <lisID>2104</lisID>
          <bioguideId>S001193</bioguideId>
          <gpoId />
        </identifiers>
        <district>15</district>
        <sponsorshipDate>2017-10-04</sponsorshipDate>
        <lastName>Swalwell</lastName>
        <fullName>Rep. Swalwell, Eric [D-CA-15]</fullName>
        <middleName />
        <party>D</party>
        <sponsorshipWithdrawnDate />
        <bioguideId>S001193</bioguideId>
        <firstName>Eric</firstName>
        <isOriginalCosponsor>True</isOriginalCosponsor>
      </item>
      <item>
        <state>MN</state>
        <identifiers>
          <gpoId />
          <lisID>2253</lisID>
          <bioguideId>E000294</bioguideId>
        </identifiers>
        <district>6</district>
        <sponsorshipDate>2017-10-04</sponsorshipDate>
        <lastName>Emmer</lastName>
        <fullName>Rep. Emmer, Tom [R-MN-6]</fullName>
        <middleName />
        <party>R</party>
        <sponsorshipWithdrawnDate />
        <bioguideId>E000294</bioguideId>
        <firstName>Tom</firstName>
        <isOriginalCosponsor>True</isOriginalCosponsor>
      </item>
      <item>
        <state>MN</state>
        <identifiers>
          <gpoId>8004</gpoId>
          <bioguideId>M001143</bioguideId>
          <lisID>1653</lisID>
        </identifiers>
        <district>4</district>
        <sponsorshipDate>2017-10-04</sponsorshipDate>
        <lastName>MCCOLLUM</lastName>
        <fullName>Rep. McCollum, Betty [D-MN-4]</fullName>
        <middleName />
        <party>D</party>
        <sponsorshipWithdrawnDate />
        <bioguideId>M001143</bioguideId>
        <firstName>BETTY</firstName>
        <isOriginalCosponsor>True</isOriginalCosponsor>
      </item>
      <item>
        <state>TX</state>
        <identifiers>
          <lisID>462</lisID>
          <bioguideId>G000410</bioguideId>
          <gpoId>8185</gpoId>
        </identifiers>
        <district>29</district>
        <sponsorshipDate>2017-10-04</sponsorshipDate>
        <lastName>GREEN</lastName>
        <fullName>Rep. Green, Gene [D-TX-29]</fullName>
        <middleName />
        <party>D</party>
        <sponsorshipWithdrawnDate />
        <bioguideId>G000410</bioguideId>
        <firstName>GENE</firstName>
        <isOriginalCosponsor>True</isOriginalCosponsor>
      </item>
      <item>
        <state>WV</state>
        <identifiers>
          <bioguideId>J000297</bioguideId>
          <gpoId />
          <lisID>2278</lisID>
        </identifiers>
        <district>3</district>
        <sponsorshipDate>2017-10-04</sponsorshipDate>
        <lastName>Jenkins</lastName>
        <fullName>Rep. Jenkins, Evan H. [R-WV-3]</fullName>
        <middleName>H.</middleName>
        <party>R</party>
        <sponsorshipWithdrawnDate />
        <bioguideId>J000297</bioguideId>
        <firstName>Evan</firstName>
        <isOriginalCosponsor>True</isOriginalCosponsor>
      </item>
      <item>
        <state>MA</state>
        <identifiers>
          <lisID>1504</lisID>
          <gpoId>7968</gpoId>
          <bioguideId>M000312</bioguideId>
        </identifiers>
        <district>2</district>
        <sponsorshipDate>2017-10-04</sponsorshipDate>
        <lastName>MCGOVERN</lastName>
        <fullName>Rep. McGovern, James P. [D-MA-2]</fullName>
        <middleName>P.</middleName>
        <party>D</party>
        <sponsorshipWithdrawnDate />
        <bioguideId>M000312</bioguideId>
        <firstName>JAMES</firstName>
        <isOriginalCosponsor>True</isOriginalCosponsor>
      </item>
      <item>
        <state>OH</state>
        <identifiers>
          <lisID>1885</lisID>
          <bioguideId>L000566</bioguideId>
          <gpoId>8095</gpoId>
        </identifiers>
        <district>5</district>
        <sponsorshipDate>2017-10-04</sponsorshipDate>
        <lastName>Latta</lastName>
        <fullName>Rep. Latta, Robert E. [R-OH-5]</fullName>
        <middleName>E.</middleName>
        <party>R</party>
        <sponsorshipWithdrawnDate />
        <bioguideId>L000566</bioguideId>
        <firstName>Robert</firstName>
        <isOriginalCosponsor>True</isOriginalCosponsor>
      </item>
      <item>
        <state>GA</state>
        <identifiers>
          <bioguideId>F000465</bioguideId>
          <gpoId />
          <lisID>2324</lisID>
        </identifiers>
        <district>3</district>
        <sponsorshipDate>2017-10-04</sponsorshipDate>
        <lastName>Ferguson</lastName>
        <fullName>Rep. Ferguson, A. Drew, IV [R-GA-3]</fullName>
        <middleName>Drew</middleName>
        <party>R</party>
        <sponsorshipWithdrawnDate />
        <bioguideId>F000465</bioguideId>
        <firstName>A.</firstName>
        <isOriginalCosponsor>True</isOriginalCosponsor>
      </item>
      <item>
        <state>MA</state>
        <identifiers>
          <bioguideId>K000379</bioguideId>
          <lisID>2172</lisID>
          <gpoId />
        </identifiers>
        <district>4</district>
        <sponsorshipDate>2017-10-04</sponsorshipDate>
        <lastName>Kennedy</lastName>
        <fullName>Rep. Kennedy, Joseph P., III [D-MA-4]</fullName>
        <middleName>P.</middleName>
        <party>D</party>
        <sponsorshipWithdrawnDate />
        <bioguideId>K000379</bioguideId>
        <firstName>Joseph</firstName>
        <isOriginalCosponsor>True</isOriginalCosponsor>
      </item>
      <item>
        <state>KS</state>
        <identifiers>
          <bioguideId>M001198</bioguideId>
          <gpoId />
          <lisID>2328</lisID>
        </identifiers>
        <district>1</district>
        <sponsorshipDate>2017-10-04</sponsorshipDate>
        <lastName>Marshall</lastName>
        <fullName>Rep. Marshall, Roger W. [R-KS-1]</fullName>
        <middleName>W.</middleName>
        <party>R</party>
        <sponsorshipWithdrawnDate />
        <bioguideId>M001198</bioguideId>
        <firstName>Roger</firstName>
        <isOriginalCosponsor>True</isOriginalCosponsor>
      </item>
      <item>
        <state>CA</state>
        <identifiers>
          <lisID>2308</lisID>
          <gpoId />
          <bioguideId>K000389</bioguideId>
        </identifiers>
        <district>17</district>
        <sponsorshipDate>2017-10-04</sponsorshipDate>
        <lastName>Khanna</lastName>
        <fullName>Rep. Khanna, Ro [D-CA-17]</fullName>
        <middleName />
        <party>D</party>
        <sponsorshipWithdrawnDate />
        <bioguideId>K000389</bioguideId>
        <firstName>Ro</firstName>
        <isOriginalCosponsor>True</isOriginalCosponsor>
      </item>
      <item>
        <state>IL</state>
        <identifiers>
          <gpoId />
          <lisID>2124</lisID>
          <bioguideId>S001190</bioguideId>
        </identifiers>
        <district>10</district>
        <sponsorshipDate>2017-10-04</sponsorshipDate>
        <lastName>Schneider</lastName>
        <fullName>Rep. Schneider, Bradley Scott [D-IL-10]</fullName>
        <middleName>Scott</middleName>
        <party>D</party>
        <sponsorshipWithdrawnDate />
        <bioguideId>S001190</bioguideId>
        <firstName>Bradley</firstName>
        <isOriginalCosponsor>True</isOriginalCosponsor>
      </item>
      <item>
        <state>NC</state>
        <identifiers>
          <lisID>2201</lisID>
          <gpoId />
          <bioguideId>A000370</bioguideId>
        </identifiers>
        <district>12</district>
        <sponsorshipDate>2017-10-04</sponsorshipDate>
        <lastName>Adams</lastName>
        <fullName>Rep. Adams, Alma S. [D-NC-12]</fullName>
        <middleName>S.</middleName>
        <party>D</party>
        <sponsorshipWithdrawnDate />
        <bioguideId>A000370</bioguideId>
        <firstName>Alma</firstName>
        <isOriginalCosponsor>True</isOriginalCosponsor>
      </item>
      <item>
        <state>MD</state>
        <identifiers>
          <gpoId />
          <lisID>2133</lisID>
          <bioguideId>D000620</bioguideId>
        </identifiers>
        <district>6</district>
        <sponsorshipDate>2017-10-04</sponsorshipDate>
        <lastName>Delaney</lastName>
        <fullName>Rep. Delaney, John K. [D-MD-6]</fullName>
        <middleName>K.</middleName>
        <party>D</party>
        <sponsorshipWithdrawnDate />
        <bioguideId>D000620</bioguideId>
        <firstName>John</firstName>
        <isOriginalCosponsor>True</isOriginalCosponsor>
      </item>
      <item>
        <state>NY</state>
        <identifiers>
          <gpoId />
          <bioguideId>C001092</bioguideId>
          <lisID>2151</lisID>
        </identifiers>
        <district>27</district>
        <sponsorshipDate>2017-10-04</sponsorshipDate>
        <lastName>Collins</lastName>
        <fullName>Rep. Collins, Chris [R-NY-27]</fullName>
        <middleName />
        <party>R</party>
        <sponsorshipWithdrawnDate />
        <bioguideId>C001092</bioguideId>
        <firstName>Chris</firstName>
        <isOriginalCosponsor>True</isOriginalCosponsor>
      </item>
      <item>
        <state>PA</state>
        <identifiers>
          <lisID>2298</lisID>
          <bioguideId>E000296</bioguideId>
          <gpoId />
        </identifiers>
        <district>2</district>
        <sponsorshipDate>2017-10-04</sponsorshipDate>
        <lastName>Evans</lastName>
        <fullName>Rep. Evans, Dwight [D-PA-2]</fullName>
        <middleName />
        <party>D</party>
        <sponsorshipWithdrawnDate />
        <bioguideId>E000296</bioguideId>
        <firstName>Dwight</firstName>
        <isOriginalCosponsor>True</isOriginalCosponsor>
      </item>
      <item>
        <state>SC</state>
        <identifiers>
          <gpoId />
          <lisID>2361</lisID>
          <bioguideId>N000190</bioguideId>
        </identifiers>
        <district>5</district>
        <sponsorshipDate>2017-10-24</sponsorshipDate>
        <lastName>Norman</lastName>
        <fullName>Rep. Norman, Ralph [R-SC-5]</fullName>
        <middleName />
        <party>R</party>
        <sponsorshipWithdrawnDate />
        <bioguideId>N000190</bioguideId>
        <firstName>Ralph</firstName>
        <isOriginalCosponsor>False</isOriginalCosponsor>
      </item>
      <item>
        <state>PA</state>
        <identifiers>
          <lisID>2267</lisID>
          <bioguideId>B001296</bioguideId>
          <gpoId />
        </identifiers>
        <district>13</district>
        <sponsorshipDate>2017-10-24</sponsorshipDate>
        <lastName>Boyle</lastName>
        <fullName>Rep. Boyle, Brendan F. [D-PA-13]</fullName>
        <middleName>F.</middleName>
        <party>D</party>
        <sponsorshipWithdrawnDate />
        <bioguideId>B001296</bioguideId>
        <firstName>Brendan</firstName>
        <isOriginalCosponsor>False</isOriginalCosponsor>
      </item>
      <item>
        <state>IN</state>
        <identifiers>
          <lisID>1889</lisID>
          <bioguideId>C001072</bioguideId>
          <gpoId>7946</gpoId>
        </identifiers>
        <district>7</district>
        <sponsorshipDate>2017-10-24</sponsorshipDate>
        <lastName>Carson</lastName>
        <fullName>Rep. Carson, Andre [D-IN-7]</fullName>
        <middleName />
        <party>D</party>
        <sponsorshipWithdrawnDate />
        <bioguideId>C001072</bioguideId>
        <firstName>Andre</firstName>
        <isOriginalCosponsor>False</isOriginalCosponsor>
      </item>
      <item>
        <state>NJ</state>
        <identifiers>
          <lisID>1510</lisID>
          <bioguideId>P000096</bioguideId>
          <gpoId>8050</gpoId>
        </identifiers>
        <district>9</district>
        <sponsorshipDate>2017-10-24</sponsorshipDate>
        <lastName>PASCRELL</lastName>
        <fullName>Rep. Pascrell, Bill, Jr. [D-NJ-9]</fullName>
        <middleName>J.</middleName>
        <party>D</party>
        <sponsorshipWithdrawnDate />
        <bioguideId>P000096</bioguideId>
        <firstName>WILLIAM</firstName>
        <isOriginalCosponsor>False</isOriginalCosponsor>
      </item>
      <item>
        <state>IL</state>
        <identifiers>
          <bioguideId>F000454</bioguideId>
          <lisID>1888</lisID>
          <gpoId>7355</gpoId>
        </identifiers>
        <district>11</district>
        <sponsorshipDate>2017-10-24</sponsorshipDate>
        <lastName>Foster</lastName>
        <fullName>Rep. Foster, Bill [D-IL-11]</fullName>
        <middleName />
        <party>D</party>
        <sponsorshipWithdrawnDate />
        <bioguideId>F000454</bioguideId>
        <firstName>Bill</firstName>
        <isOriginalCosponsor>False</isOriginalCosponsor>
      </item>
    </cosponsors>
  </bill>
  <dublinCore xmlns:dc="http://purl.org/dc/elements/1.1/">
    <dc:format>text/xml</dc:format>
    <dc:language>EN</dc:language>
    <dc:rights>Pursuant to Title 17 Section 105 of the United States Code, this file is not subject to copyright protection and is in the public domain.</dc:rights>
    <dc:contributor>Congressional Research Service, Library of Congress</dc:contributor>
    <dc:description>This file contains bill summaries and statuses for federal legislation. A bill summary describes the most significant provisions of a piece of legislation and details the effects the legislative text may have on current law and federal programs. Bill summaries are authored by the Congressional Research Service (CRS) of the Library of Congress. As stated in Public Law 91-510 (2 USC 166 (d)(6)), one of the duties of CRS is "to prepare summaries and digests of bills and resolutions of a public general nature introduced in the Senate or House of Representatives". For more information, refer to the User Guide that accompanies this file.</dc:description>
  </dublinCore>
</billStatus>

