<?xml version="1.0" encoding="UTF-8"?>
<billStatus>
  <bill>
    <sponsors>
      <item>
        <fullName>Rep. Swalwell, Eric [D-CA-15]</fullName>
        <lastName>Swalwell</lastName>
        <bioguideId>S001193</bioguideId>
        <party>D</party>
        <middleName />
        <state>CA</state>
        <firstName>Eric</firstName>
        <district>15</district>
        <byRequestType />
        <identifiers>
          <bioguideId>S001193</bioguideId>
          <lisID>2104</lisID>
          <gpoId />
        </identifiers>
      </item>
    </sponsors>
    <laws />
    <version>1.0.0</version>
    <introducedDate>2017-04-05</introducedDate>
    <cboCostEstimates />
    <titles>
      <item>
        <title>Expressing the sense of Congress that until the conclusion of the FBI's criminal and counterintelligence investigations into the nature of the Russian connection to the Trump campaign, the Trump Administration is acting under a "gray cloud" of the appearance of a conflict of interest, and, as such, should refrain from taking any actions or making any changes to United States policy that could be seen as benefitting President Putin or his inner circle.</title>
        <titleType>Official Title as Introduced</titleType>
        <parentTitleType />
        <chamberCode />
        <chamberName />
      </item>
      <item>
        <title>Expressing the sense of Congress that until the conclusion of the FBI's criminal and counterintelligence investigations into the nature of the Russian connection to the Trump campaign, the Trump Administration is acting under a "gray cloud" of the appearance of a conflict of interest, and, as such, should refrain from taking any actions or making any changes to United States policy that could be seen as benefitting President Putin or his inner circle.</title>
        <titleType>Display Title</titleType>
        <parentTitleType />
        <chamberCode />
        <chamberName />
      </item>
    </titles>
    <amendments />
    <recordedVotes />
    <relatedBills />
    <constitutionalAuthorityStatementText />
    <billType>HCONRES</billType>
    <actions>
      <actionTypeCounts>
        <introducedInHouse>1</introducedInHouse>
        <introducedInTheHouse>1</introducedInTheHouse>
        <billReferrals>3</billReferrals>
        <billReferralsAggregate>1</billReferralsAggregate>
      </actionTypeCounts>
      <item>
        <type>IntroReferral</type>
        <text>Referred to the Committee on Foreign Affairs, and in addition to the Committees on the Judiciary, and Intelligence (Permanent Select), for a period to be subsequently determined by the Speaker, in each case for consideration of such provisions as fall within the jurisdiction of the committee concerned.</text>
        <links />
        <committee>
          <systemCode>hlig00</systemCode>
          <name>Intelligence (Permanent Select) Committee</name>
        </committee>
        <sourceSystem>
          <code>2</code>
          <name>House floor actions</name>
        </sourceSystem>
        <actionDate>2017-04-05</actionDate>
        <actionCode>H11100</actionCode>
      </item>
      <item>
        <type>IntroReferral</type>
        <text>Referred to the Committee on Foreign Affairs, and in addition to the Committees on the Judiciary, and Intelligence (Permanent Select), for a period to be subsequently determined by the Speaker, in each case for consideration of such provisions as fall within the jurisdiction of the committee concerned.</text>
        <links />
        <committee>
          <systemCode>hsju00</systemCode>
          <name>Judiciary Committee</name>
        </committee>
        <sourceSystem>
          <code>2</code>
          <name>House floor actions</name>
        </sourceSystem>
        <actionDate>2017-04-05</actionDate>
        <actionCode>H11100</actionCode>
      </item>
      <item>
        <type>IntroReferral</type>
        <text>Referred to the Committee on Foreign Affairs, and in addition to the Committees on the Judiciary, and Intelligence (Permanent Select), for a period to be subsequently determined by the Speaker, in each case for consideration of such provisions as fall within the jurisdiction of the committee concerned.</text>
        <links />
        <committee>
          <systemCode>hsfa00</systemCode>
          <name>Foreign Affairs Committee</name>
        </committee>
        <sourceSystem>
          <code>2</code>
          <name>House floor actions</name>
        </sourceSystem>
        <actionDate>2017-04-05</actionDate>
        <actionCode>H11100</actionCode>
      </item>
      <item>
        <type>IntroReferral</type>
        <text>Referred to the Committee on Foreign Affairs, and in addition to the Committees on the Judiciary, and Intelligence (Permanent Select), for a period to be subsequently determined by the Speaker, in each case for consideration of such provisions as fall within the jurisdiction of the committee concerned.</text>
        <links />
        <committee />
        <sourceSystem>
          <code>9</code>
          <name>Library of Congress</name>
        </sourceSystem>
        <actionDate>2017-04-05</actionDate>
        <actionCode>H11100-A</actionCode>
      </item>
      <item>
        <type>IntroReferral</type>
        <text>Introduced in House</text>
        <links />
        <committee />
        <sourceSystem>
          <code>9</code>
          <name>Library of Congress</name>
        </sourceSystem>
        <actionDate>2017-04-05</actionDate>
        <actionCode>Intro-H</actionCode>
      </item>
      <item>
        <type>IntroReferral</type>
        <text>Introduced in House</text>
        <links />
        <committee />
        <sourceSystem>
          <code>9</code>
          <name>Library of Congress</name>
        </sourceSystem>
        <actionDate>2017-04-05</actionDate>
        <actionCode>1000</actionCode>
      </item>
      <actionByCounts>
        <houseOfRepresentatives>6</houseOfRepresentatives>
      </actionByCounts>
    </actions>
    <notes />
    <originChamber>House</originChamber>
    <congress>115</congress>
    <subjects>
      <billSubjects>
        <policyArea>
          <name>International Affairs</name>
        </policyArea>
        <legislativeSubjects>
          <item>
            <name>Alliances</name>
          </item>
          <item>
            <name>Criminal investigation, prosecution, interrogation</name>
          </item>
          <item>
            <name>Diplomacy, foreign officials, Americans abroad</name>
          </item>
          <item>
            <name>Elections, voting, political campaign regulation</name>
          </item>
          <item>
            <name>Federal officials</name>
          </item>
          <item>
            <name>Government ethics and transparency, public corruption</name>
          </item>
          <item>
            <name>Intelligence activities, surveillance, classified information</name>
          </item>
          <item>
            <name>Presidential administrations</name>
          </item>
          <item>
            <name>Presidents and presidential powers, Vice Presidents</name>
          </item>
          <item>
            <name>Russia</name>
          </item>
        </legislativeSubjects>
      </billSubjects>
    </subjects>
    <billNumber>47</billNumber>
    <cosponsors>
      <item>
        <identifiers>
          <bioguideId>E000179</bioguideId>
          <lisID>344</lisID>
          <gpoId>8078</gpoId>
        </identifiers>
        <sponsorshipDate>2017-04-05</sponsorshipDate>
        <district>16</district>
        <middleName>L.</middleName>
        <sponsorshipWithdrawnDate />
        <fullName>Rep. Engel, Eliot L. [D-NY-16]</fullName>
        <party>D</party>
        <firstName>ELIOT</firstName>
        <isOriginalCosponsor>True</isOriginalCosponsor>
        <lastName>ENGEL</lastName>
        <state>NY</state>
        <bioguideId>E000179</bioguideId>
      </item>
      <item>
        <identifiers>
          <gpoId>8009</gpoId>
          <lisID>1654</lisID>
          <bioguideId>C001049</bioguideId>
        </identifiers>
        <sponsorshipDate>2017-04-28</sponsorshipDate>
        <district>1</district>
        <middleName>LACY</middleName>
        <sponsorshipWithdrawnDate />
        <fullName>Rep. Clay, Wm. Lacy [D-MO-1]</fullName>
        <party>D</party>
        <firstName>WM.</firstName>
        <isOriginalCosponsor>False</isOriginalCosponsor>
        <lastName>CLAY</lastName>
        <state>MO</state>
        <bioguideId>C001049</bioguideId>
      </item>
      <item>
        <identifiers>
          <gpoId />
          <bioguideId>R000606</bioguideId>
          <lisID>2332</lisID>
        </identifiers>
        <sponsorshipDate>2017-04-28</sponsorshipDate>
        <district>8</district>
        <middleName />
        <sponsorshipWithdrawnDate />
        <fullName>Rep. Raskin, Jamie [D-MD-8]</fullName>
        <party>D</party>
        <firstName>Jamie</firstName>
        <isOriginalCosponsor>False</isOriginalCosponsor>
        <lastName>Raskin</lastName>
        <state>MD</state>
        <bioguideId>R000606</bioguideId>
      </item>
      <item>
        <identifiers>
          <bioguideId>C001084</bioguideId>
          <lisID>2055</lisID>
          <gpoId>8139</gpoId>
        </identifiers>
        <sponsorshipDate>2017-04-28</sponsorshipDate>
        <district>1</district>
        <middleName>N.</middleName>
        <sponsorshipWithdrawnDate />
        <fullName>Rep. Cicilline, David N. [D-RI-1]</fullName>
        <party>D</party>
        <firstName>David</firstName>
        <isOriginalCosponsor>False</isOriginalCosponsor>
        <lastName>Cicilline</lastName>
        <state>RI</state>
        <bioguideId>C001084</bioguideId>
      </item>
      <item>
        <identifiers>
          <gpoId>8156</gpoId>
          <lisID>1878</lisID>
          <bioguideId>C001068</bioguideId>
        </identifiers>
        <sponsorshipDate>2017-04-28</sponsorshipDate>
        <district>9</district>
        <middleName />
        <sponsorshipWithdrawnDate />
        <fullName>Rep. Cohen, Steve [D-TN-9]</fullName>
        <party>D</party>
        <firstName>Steve</firstName>
        <isOriginalCosponsor>False</isOriginalCosponsor>
        <lastName>Cohen</lastName>
        <state>TN</state>
        <bioguideId>C001068</bioguideId>
      </item>
      <item>
        <identifiers>
          <lisID>1861</lisID>
          <bioguideId>S001170</bioguideId>
          <gpoId>7528</gpoId>
        </identifiers>
        <sponsorshipDate>2017-04-28</sponsorshipDate>
        <district>1</district>
        <middleName />
        <sponsorshipWithdrawnDate />
        <fullName>Rep. Shea-Porter, Carol [D-NH-1]</fullName>
        <party>D</party>
        <firstName>Carol</firstName>
        <isOriginalCosponsor>False</isOriginalCosponsor>
        <lastName>Shea-Porter</lastName>
        <state>NH</state>
        <bioguideId>S001170</bioguideId>
      </item>
      <item>
        <identifiers>
          <bioguideId>P000593</bioguideId>
          <lisID>1835</lisID>
          <gpoId>7865</gpoId>
        </identifiers>
        <sponsorshipDate>2017-04-28</sponsorshipDate>
        <district>7</district>
        <middleName />
        <sponsorshipWithdrawnDate />
        <fullName>Rep. Perlmutter, Ed [D-CO-7]</fullName>
        <party>D</party>
        <firstName>Ed</firstName>
        <isOriginalCosponsor>False</isOriginalCosponsor>
        <lastName>Perlmutter</lastName>
        <state>CO</state>
        <bioguideId>P000593</bioguideId>
      </item>
      <item>
        <identifiers>
          <lisID>2230</lisID>
          <bioguideId>L000582</bioguideId>
          <gpoId />
        </identifiers>
        <sponsorshipDate>2017-04-28</sponsorshipDate>
        <district>33</district>
        <middleName />
        <sponsorshipWithdrawnDate />
        <fullName>Rep. Lieu, Ted [D-CA-33]</fullName>
        <party>D</party>
        <firstName>Ted</firstName>
        <isOriginalCosponsor>False</isOriginalCosponsor>
        <lastName>Lieu</lastName>
        <state>CA</state>
        <bioguideId>L000582</bioguideId>
      </item>
      <item>
        <identifiers>
          <bioguideId>N000147</bioguideId>
          <gpoId>7871</gpoId>
          <lisID>868</lisID>
        </identifiers>
        <sponsorshipDate>2017-04-28</sponsorshipDate>
        <district>0</district>
        <middleName>HOLMES</middleName>
        <sponsorshipWithdrawnDate />
        <fullName>Rep. Norton, Eleanor Holmes [D-DC-At Large]</fullName>
        <party>D</party>
        <firstName>ELEANOR</firstName>
        <isOriginalCosponsor>False</isOriginalCosponsor>
        <lastName>NORTON</lastName>
        <state>DC</state>
        <bioguideId>N000147</bioguideId>
      </item>
      <item>
        <identifiers>
          <lisID>2325</lisID>
          <gpoId />
          <bioguideId>K000391</bioguideId>
        </identifiers>
        <sponsorshipDate>2017-04-28</sponsorshipDate>
        <district>8</district>
        <middleName />
        <sponsorshipWithdrawnDate />
        <fullName>Rep. Krishnamoorthi, Raja [D-IL-8]</fullName>
        <party>D</party>
        <firstName>Raja</firstName>
        <isOriginalCosponsor>False</isOriginalCosponsor>
        <lastName>Krishnamoorthi</lastName>
        <state>IL</state>
        <bioguideId>K000391</bioguideId>
      </item>
      <item>
        <identifiers>
          <lisID>1856</lisID>
          <bioguideId>W000799</bioguideId>
          <gpoId>8001</gpoId>
        </identifiers>
        <sponsorshipDate>2017-04-28</sponsorshipDate>
        <district>1</district>
        <middleName>J.</middleName>
        <sponsorshipWithdrawnDate />
        <fullName>Rep. Walz, Timothy J. [D-MN-1]</fullName>
        <party>D</party>
        <firstName>Timothy</firstName>
        <isOriginalCosponsor>False</isOriginalCosponsor>
        <lastName>Walz</lastName>
        <state>MN</state>
        <bioguideId>W000799</bioguideId>
      </item>
      <item>
        <identifiers>
          <lisID>2227</lisID>
          <bioguideId>D000623</bioguideId>
          <gpoId />
        </identifiers>
        <sponsorshipDate>2017-04-28</sponsorshipDate>
        <district>11</district>
        <middleName />
        <sponsorshipWithdrawnDate />
        <fullName>Rep. DeSaulnier, Mark [D-CA-11]</fullName>
        <party>D</party>
        <firstName>Mark</firstName>
        <isOriginalCosponsor>False</isOriginalCosponsor>
        <lastName>DeSaulnier</lastName>
        <state>CA</state>
        <bioguideId>D000623</bioguideId>
      </item>
      <item>
        <identifiers>
          <bioguideId>M000312</bioguideId>
          <lisID>1504</lisID>
          <gpoId>7968</gpoId>
        </identifiers>
        <sponsorshipDate>2017-05-03</sponsorshipDate>
        <district>2</district>
        <middleName>P.</middleName>
        <sponsorshipWithdrawnDate />
        <fullName>Rep. McGovern, James P. [D-MA-2]</fullName>
        <party>D</party>
        <firstName>JAMES</firstName>
        <isOriginalCosponsor>False</isOriginalCosponsor>
        <lastName>MCGOVERN</lastName>
        <state>MA</state>
        <bioguideId>M000312</bioguideId>
      </item>
      <item>
        <identifiers>
          <lisID>2319</lisID>
          <bioguideId>S001200</bioguideId>
          <gpoId />
        </identifiers>
        <sponsorshipDate>2017-05-03</sponsorshipDate>
        <district>9</district>
        <middleName />
        <sponsorshipWithdrawnDate />
        <fullName>Rep. Soto, Darren [D-FL-9]</fullName>
        <party>D</party>
        <firstName>Darren</firstName>
        <isOriginalCosponsor>False</isOriginalCosponsor>
        <lastName>Soto</lastName>
        <state>FL</state>
        <bioguideId>S001200</bioguideId>
      </item>
      <item>
        <identifiers>
          <gpoId />
          <lisID>2226</lisID>
          <bioguideId>G000574</bioguideId>
        </identifiers>
        <sponsorshipDate>2017-05-03</sponsorshipDate>
        <district>7</district>
        <middleName />
        <sponsorshipWithdrawnDate />
        <fullName>Rep. Gallego, Ruben [D-AZ-7]</fullName>
        <party>D</party>
        <firstName>Ruben</firstName>
        <isOriginalCosponsor>False</isOriginalCosponsor>
        <lastName>Gallego</lastName>
        <state>AZ</state>
        <bioguideId>G000574</bioguideId>
      </item>
      <item>
        <identifiers>
          <lisID>850</lisID>
          <bioguideId>N000002</bioguideId>
          <gpoId>8069</gpoId>
        </identifiers>
        <sponsorshipDate>2017-05-03</sponsorshipDate>
        <district>10</district>
        <middleName />
        <sponsorshipWithdrawnDate />
        <fullName>Rep. Nadler, Jerrold [D-NY-10]</fullName>
        <party>D</party>
        <firstName>JERROLD</firstName>
        <isOriginalCosponsor>False</isOriginalCosponsor>
        <lastName>NADLER</lastName>
        <state>NY</state>
        <bioguideId>N000002</bioguideId>
      </item>
      <item>
        <identifiers>
          <lisID>2340</lisID>
          <bioguideId>K000390</bioguideId>
          <gpoId />
        </identifiers>
        <sponsorshipDate>2017-05-03</sponsorshipDate>
        <district>4</district>
        <middleName>J.</middleName>
        <sponsorshipWithdrawnDate />
        <fullName>Rep. Kihuen, Ruben J. [D-NV-4]</fullName>
        <party>D</party>
        <firstName>Ruben</firstName>
        <isOriginalCosponsor>False</isOriginalCosponsor>
        <lastName>Kihuen</lastName>
        <state>NV</state>
        <bioguideId>K000390</bioguideId>
      </item>
      <item>
        <identifiers>
          <bioguideId>N000179</bioguideId>
          <lisID>1602</lisID>
          <gpoId>7843</gpoId>
        </identifiers>
        <sponsorshipDate>2017-05-04</sponsorshipDate>
        <district>32</district>
        <middleName>F.</middleName>
        <sponsorshipWithdrawnDate />
        <fullName>Rep. Napolitano, Grace F. [D-CA-32]</fullName>
        <party>D</party>
        <firstName>GRACE</firstName>
        <isOriginalCosponsor>False</isOriginalCosponsor>
        <lastName>NAPOLITANO</lastName>
        <state>CA</state>
        <bioguideId>N000179</bioguideId>
      </item>
      <item>
        <identifiers>
          <gpoId>8116</gpoId>
          <lisID>99</lisID>
          <bioguideId>B000574</bioguideId>
        </identifiers>
        <sponsorshipDate>2017-05-04</sponsorshipDate>
        <district>3</district>
        <middleName />
        <sponsorshipWithdrawnDate />
        <fullName>Rep. Blumenauer, Earl [D-OR-3]</fullName>
        <party>D</party>
        <firstName>EARL</firstName>
        <isOriginalCosponsor>False</isOriginalCosponsor>
        <lastName>BLUMENAUER</lastName>
        <state>OR</state>
        <bioguideId>B000574</bioguideId>
      </item>
      <item>
        <identifiers>
          <lisID>616</lisID>
          <bioguideId>K000009</bioguideId>
          <gpoId>8099</gpoId>
        </identifiers>
        <sponsorshipDate>2017-05-16</sponsorshipDate>
        <district>9</district>
        <middleName />
        <sponsorshipWithdrawnDate />
        <fullName>Rep. Kaptur, Marcy [D-OH-9]</fullName>
        <party>D</party>
        <firstName>MARCY</firstName>
        <isOriginalCosponsor>False</isOriginalCosponsor>
        <lastName>KAPTUR</lastName>
        <state>OH</state>
        <bioguideId>K000009</bioguideId>
      </item>
      <item>
        <identifiers>
          <lisID>1864</lisID>
          <bioguideId>C001067</bioguideId>
          <gpoId>8072</gpoId>
        </identifiers>
        <sponsorshipDate>2017-05-16</sponsorshipDate>
        <district>9</district>
        <middleName>D.</middleName>
        <sponsorshipWithdrawnDate />
        <fullName>Rep. Clarke, Yvette D. [D-NY-9]</fullName>
        <party>D</party>
        <firstName>Yvette</firstName>
        <isOriginalCosponsor>False</isOriginalCosponsor>
        <lastName>Clarke</lastName>
        <state>NY</state>
        <bioguideId>C001067</bioguideId>
      </item>
      <item>
        <identifiers>
          <gpoId />
          <bioguideId>B001300</bioguideId>
          <lisID>2311</lisID>
        </identifiers>
        <sponsorshipDate>2017-05-16</sponsorshipDate>
        <district>44</district>
        <middleName>Diaz</middleName>
        <sponsorshipWithdrawnDate />
        <fullName>Rep. Barragan, Nanette Diaz [D-CA-44]</fullName>
        <party>D</party>
        <firstName>Nanette</firstName>
        <isOriginalCosponsor>False</isOriginalCosponsor>
        <lastName>Barragan</lastName>
        <state>CA</state>
        <bioguideId>B001300</bioguideId>
      </item>
      <item>
        <identifiers>
          <lisID>701</lisID>
          <bioguideId>L000397</bioguideId>
          <gpoId>7821</gpoId>
        </identifiers>
        <sponsorshipDate>2017-05-22</sponsorshipDate>
        <district>19</district>
        <middleName />
        <sponsorshipWithdrawnDate />
        <fullName>Rep. Lofgren, Zoe [D-CA-19]</fullName>
        <party>D</party>
        <firstName>ZOE</firstName>
        <isOriginalCosponsor>False</isOriginalCosponsor>
        <lastName>LOFGREN</lastName>
        <state>CA</state>
        <bioguideId>L000397</bioguideId>
      </item>
      <item>
        <identifiers>
          <lisID>2172</lisID>
          <bioguideId>K000379</bioguideId>
          <gpoId />
        </identifiers>
        <sponsorshipDate>2017-05-22</sponsorshipDate>
        <district>4</district>
        <middleName>P.</middleName>
        <sponsorshipWithdrawnDate />
        <fullName>Rep. Kennedy, Joseph P., III [D-MA-4]</fullName>
        <party>D</party>
        <firstName>Joseph</firstName>
        <isOriginalCosponsor>False</isOriginalCosponsor>
        <lastName>Kennedy</lastName>
        <state>MA</state>
        <bioguideId>K000379</bioguideId>
      </item>
      <item>
        <identifiers>
          <bioguideId>L000579</bioguideId>
          <gpoId />
          <lisID>2111</lisID>
        </identifiers>
        <sponsorshipDate>2017-05-22</sponsorshipDate>
        <district>47</district>
        <middleName>S.</middleName>
        <sponsorshipWithdrawnDate />
        <fullName>Rep. Lowenthal, Alan S. [D-CA-47]</fullName>
        <party>D</party>
        <firstName>Alan</firstName>
        <isOriginalCosponsor>False</isOriginalCosponsor>
        <lastName>Lowenthal</lastName>
        <state>CA</state>
        <bioguideId>L000579</bioguideId>
      </item>
      <item>
        <identifiers>
          <lisID>2298</lisID>
          <bioguideId>E000296</bioguideId>
          <gpoId />
        </identifiers>
        <sponsorshipDate>2017-06-07</sponsorshipDate>
        <district>2</district>
        <middleName />
        <sponsorshipWithdrawnDate />
        <fullName>Rep. Evans, Dwight [D-PA-2]</fullName>
        <party>D</party>
        <firstName>Dwight</firstName>
        <isOriginalCosponsor>False</isOriginalCosponsor>
        <lastName>Evans</lastName>
        <state>PA</state>
        <bioguideId>E000296</bioguideId>
      </item>
      <item>
        <identifiers>
          <bioguideId>J000298</bioguideId>
          <lisID>2354</lisID>
          <gpoId />
        </identifiers>
        <sponsorshipDate>2017-06-07</sponsorshipDate>
        <district>7</district>
        <middleName />
        <sponsorshipWithdrawnDate />
        <fullName>Rep. Jayapal, Pramila [D-WA-7]</fullName>
        <party>D</party>
        <firstName>Pramila</firstName>
        <isOriginalCosponsor>False</isOriginalCosponsor>
        <lastName>Jayapal</lastName>
        <state>WA</state>
        <bioguideId>J000298</bioguideId>
      </item>
      <item>
        <identifiers>
          <bioguideId>J000294</bioguideId>
          <lisID>2149</lisID>
          <gpoId />
        </identifiers>
        <sponsorshipDate>2017-06-26</sponsorshipDate>
        <district>8</district>
        <middleName>S.</middleName>
        <sponsorshipWithdrawnDate />
        <fullName>Rep. Jeffries, Hakeem S. [D-NY-8]</fullName>
        <party>D</party>
        <firstName>Hakeem</firstName>
        <isOriginalCosponsor>False</isOriginalCosponsor>
        <lastName>Jeffries</lastName>
        <state>NY</state>
        <bioguideId>J000294</bioguideId>
      </item>
      <item>
        <identifiers>
          <lisID>478</lisID>
          <bioguideId>G000535</bioguideId>
          <gpoId>7924</gpoId>
        </identifiers>
        <sponsorshipDate>2017-07-13</sponsorshipDate>
        <district>4</district>
        <middleName>V.</middleName>
        <sponsorshipWithdrawnDate />
        <fullName>Rep. Gutierrez, Luis V. [D-IL-4]</fullName>
        <party>D</party>
        <firstName>LUIS</firstName>
        <isOriginalCosponsor>False</isOriginalCosponsor>
        <lastName>GUTIERREZ</lastName>
        <state>IL</state>
        <bioguideId>G000535</bioguideId>
      </item>
      <item>
        <identifiers>
          <bioguideId>B001296</bioguideId>
          <lisID>2267</lisID>
          <gpoId />
        </identifiers>
        <sponsorshipDate>2017-10-23</sponsorshipDate>
        <district>13</district>
        <middleName>F.</middleName>
        <sponsorshipWithdrawnDate />
        <fullName>Rep. Boyle, Brendan F. [D-PA-13]</fullName>
        <party>D</party>
        <firstName>Brendan</firstName>
        <isOriginalCosponsor>False</isOriginalCosponsor>
        <lastName>Boyle</lastName>
        <state>PA</state>
        <bioguideId>B001296</bioguideId>
      </item>
    </cosponsors>
    <summaries>
      <billSummaries>
        <item>
          <text><![CDATA[<p>Expresses the sense of Congress that:</p> <ul> <li> President Trump, his family, his business associates, his campaign associates, and members of his Administration should cooperate fully with all investigations examining the Russian Federation's attack during the 2016 U.S. elections, ties between President Trump's campaign officials and the Russian Federation, and possible coordination between these officials and the Russian Federation as part of its attack; </li> <li> until the conclusion of the Federal Bureau of Investigation's criminal and counterintelligence investigation, the Trump Administration is acting under the appearance of a conflict of interest and should refrain from taking any actions or making any changes to U.S. policy that could be seen as benefitting President Putin or his inner circle; and </li> <li> the appearance of any conflict of interest concerning a foreign adversary and U.S. government institutions primarily responsible for national defense and the conduct of foreign policy weakens U.S. national security and erodes confidence between the United States and its allies.</li> </ul>]]></text>
          <name>Introduced in House</name>
          <lastSummaryUpdateDate>2017-06-15T19:02:34Z</lastSummaryUpdateDate>
          <versionCode>00</versionCode>
          <actionDesc>Introduced in House</actionDesc>
          <updateDate>2017-04-05T04:00:00Z</updateDate>
          <actionDate>2017-04-05</actionDate>
        </item>
      </billSummaries>
    </summaries>
    <policyArea>
      <name>International Affairs</name>
    </policyArea>
    <latestAction>
      <links />
      <actionDate>2017-04-05</actionDate>
      <text>Referred to the Committee on Foreign Affairs, and in addition to the Committees on the Judiciary, and Intelligence (Permanent Select), for a period to be subsequently determined by the Speaker, in each case for consideration of such provisions as fall within the jurisdiction of the committee concerned.</text>
    </latestAction>
    <updateDate>2018-02-06T16:39:22Z</updateDate>
    <committees>
      <billCommittees>
        <item>
          <chamber>House</chamber>
          <subcommittees />
          <type>Select</type>
          <activities>
            <item>
              <date>2017-04-05T14:05:35Z</date>
              <name>Referred to</name>
            </item>
          </activities>
          <systemCode>hlig00</systemCode>
          <name>Intelligence (Permanent Select) Committee</name>
        </item>
        <item>
          <chamber>House</chamber>
          <subcommittees />
          <type>Standing</type>
          <activities>
            <item>
              <date>2017-04-05T14:05:30Z</date>
              <name>Referred to</name>
            </item>
          </activities>
          <systemCode>hsju00</systemCode>
          <name>Judiciary Committee</name>
        </item>
        <item>
          <chamber>House</chamber>
          <subcommittees />
          <type>Standing</type>
          <activities>
            <item>
              <date>2017-04-05T14:05:25Z</date>
              <name>Referred to</name>
            </item>
          </activities>
          <systemCode>hsfa00</systemCode>
          <name>Foreign Affairs Committee</name>
        </item>
      </billCommittees>
    </committees>
    <createDate>2017-04-06T03:11:45Z</createDate>
    <title>Expressing the sense of Congress that until the conclusion of the FBI's criminal and counterintelligence investigations into the nature of the Russian connection to the Trump campaign, the Trump Administration is acting under a "gray cloud" of the appearance of a conflict of interest, and, as such, should refrain from taking any actions or making any changes to United States policy that could be seen as benefitting President Putin or his inner circle.</title>
    <committeeReports />
    <calendarNumbers />
  </bill>
  <dublinCore xmlns:dc="http://purl.org/dc/elements/1.1/">
    <dc:format>text/xml</dc:format>
    <dc:language>EN</dc:language>
    <dc:rights>Pursuant to Title 17 Section 105 of the United States Code, this file is not subject to copyright protection and is in the public domain.</dc:rights>
    <dc:contributor>Congressional Research Service, Library of Congress</dc:contributor>
    <dc:description>This file contains bill summaries and statuses for federal legislation. A bill summary describes the most significant provisions of a piece of legislation and details the effects the legislative text may have on current law and federal programs. Bill summaries are authored by the Congressional Research Service (CRS) of the Library of Congress. As stated in Public Law 91-510 (2 USC 166 (d)(6)), one of the duties of CRS is "to prepare summaries and digests of bills and resolutions of a public general nature introduced in the Senate or House of Representatives". For more information, refer to the User Guide that accompanies this file.</dc:description>
  </dublinCore>
</billStatus>

