<?xml version="1.0" encoding="UTF-8"?>
<billStatus>
  <bill>
    <sponsors>
      <item>
        <fullName>Rep. Frelinghuysen, Rodney P. [R-NJ-11]</fullName>
        <lastName>FRELINGHUYSEN</lastName>
        <bioguideId>F000372</bioguideId>
        <party>R</party>
        <middleName />
        <state>NJ</state>
        <firstName>RODNEY</firstName>
        <district>11</district>
        <byRequestType />
        <identifiers>
          <bioguideId>F000372</bioguideId>
          <lisID>414</lisID>
          <gpoId>8053</gpoId>
        </identifiers>
      </item>
    </sponsors>
    <laws />
    <version>1.0.0</version>
    <introducedDate>2017-10-12</introducedDate>
    <cboCostEstimates />
    <titles>
      <item>
        <chamberCode />
        <titleType>Official Title as Introduced</titleType>
        <parentTitleType />
        <chamberName />
        <title>Providing for a correction in the enrollment of H.R. 2266.</title>
      </item>
      <item>
        <chamberCode />
        <titleType>Display Title</titleType>
        <parentTitleType />
        <chamberName />
        <title>Providing for a correction in the enrollment of H.R. 2266.</title>
      </item>
    </titles>
    <amendments />
    <recordedVotes />
    <relatedBills>
      <item>
        <congress>115</congress>
        <number>2266</number>
        <type>HR</type>
        <relationshipDetails>
          <item>
            <type>Related bill</type>
            <identifiedBy>House</identifiedBy>
          </item>
        </relationshipDetails>
        <latestTitle>Additional Supplemental Appropriations for Disaster Relief Requirements Act, 2017</latestTitle>
        <latestAction>
          <text>Became Public Law No: 115-72.</text>
          <actionDate>2017-10-26</actionDate>
        </latestAction>
      </item>
    </relatedBills>
    <constitutionalAuthorityStatementText />
    <billType>HCONRES</billType>
    <actions>
      <actionByCounts>
        <senate>4</senate>
        <houseOfRepresentatives>7</houseOfRepresentatives>
      </actionByCounts>
      <item>
        <actionDate>2017-10-25</actionDate>
        <committee />
        <links />
        <sourceSystem>
          <name>Senate</name>
          <code>0</code>
        </sourceSystem>
        <text>Message on Senate action sent to the House.</text>
        <type>Floor</type>
      </item>
      <item>
        <actionDate>2017-10-25</actionDate>
        <committee />
        <links>
          <link>
            <name>S6781</name>
            <url>https://www.congress.gov/congressional-record/volume-163/senate-section/page/S6781</url>
          </link>
        </links>
        <sourceSystem>
          <name>Senate</name>
          <code>0</code>
        </sourceSystem>
        <text>Resolution agreed to in Senate without amendment by Unanimous Consent. (consideration: CR S6781)</text>
        <type>Floor</type>
      </item>
      <item>
        <text>Passed/agreed to in Senate: Resolution agreed to in Senate without amendment by Unanimous Consent.</text>
        <type>Floor</type>
        <sourceSystem>
          <name>Library of Congress</name>
          <code>9</code>
        </sourceSystem>
        <committee />
        <actionCode>17000</actionCode>
        <actionDate>2017-10-25</actionDate>
        <links />
      </item>
      <item>
        <actionDate>2017-10-16</actionDate>
        <committee />
        <links />
        <sourceSystem>
          <name>Senate</name>
          <code>0</code>
        </sourceSystem>
        <text>Received in the Senate.</text>
        <type>IntroReferral</type>
      </item>
      <item>
        <text>Motion to reconsider laid on the table Agreed to without objection.</text>
        <type>Floor</type>
        <sourceSystem>
          <name>House floor actions</name>
          <code>2</code>
        </sourceSystem>
        <committee />
        <actionTime>15:51:06</actionTime>
        <actionCode>H38310</actionCode>
        <actionDate>2017-10-12</actionDate>
        <links />
      </item>
      <item>
        <text>On agreeing to the resolution Agreed to without objection. (text: CR H8013-8014)</text>
        <type>Floor</type>
        <sourceSystem>
          <name>House floor actions</name>
          <code>2</code>
        </sourceSystem>
        <committee />
        <actionTime>15:51:05</actionTime>
        <actionCode>H37100</actionCode>
        <actionDate>2017-10-12</actionDate>
        <links>
          <link>
            <name>H8013-8014</name>
            <url>https://www.congress.gov/congressional-record/volume-163/house-section/page/H8013-8014</url>
          </link>
        </links>
      </item>
      <item>
        <text>Passed/agreed to in House: On agreeing to the resolution Agreed to without objection.(text: CR H8013-8014)</text>
        <type>Floor</type>
        <sourceSystem>
          <name>Library of Congress</name>
          <code>9</code>
        </sourceSystem>
        <committee />
        <actionTime>15:51:05</actionTime>
        <actionCode>8000</actionCode>
        <actionDate>2017-10-12</actionDate>
        <links>
          <link>
            <name>H8013-8014</name>
            <url>https://www.congress.gov/congressional-record/volume-163/house-section/page/H8013-8014</url>
          </link>
        </links>
      </item>
      <item>
        <text>Considered by unanimous consent. (consideration: CR H8013-8014)</text>
        <type>Floor</type>
        <sourceSystem>
          <name>House floor actions</name>
          <code>2</code>
        </sourceSystem>
        <committee />
        <actionTime>15:49:36</actionTime>
        <actionCode>H30000</actionCode>
        <actionDate>2017-10-12</actionDate>
        <links>
          <link>
            <name>H8013-8014</name>
            <url>https://www.congress.gov/congressional-record/volume-163/house-section/page/H8013-8014</url>
          </link>
        </links>
      </item>
      <item>
        <text>Mr. Frelinghuysen asked unanimous consent to consider as introduced.</text>
        <type>Floor</type>
        <sourceSystem>
          <name>House floor actions</name>
          <code>2</code>
        </sourceSystem>
        <committee />
        <actionTime>15:49:36</actionTime>
        <actionCode>H30200</actionCode>
        <actionDate>2017-10-12</actionDate>
        <links />
      </item>
      <item>
        <text>Introduced in House</text>
        <type>IntroReferral</type>
        <sourceSystem>
          <name>Library of Congress</name>
          <code>9</code>
        </sourceSystem>
        <committee />
        <actionCode>Intro-H</actionCode>
        <actionDate>2017-10-12</actionDate>
        <links />
      </item>
      <item>
        <text>Introduced in House</text>
        <type>IntroReferral</type>
        <sourceSystem>
          <name>Library of Congress</name>
          <code>9</code>
        </sourceSystem>
        <committee />
        <actionCode>1000</actionCode>
        <actionDate>2017-10-12</actionDate>
        <links />
      </item>
      <actionTypeCounts>
        <introducedInHouse>1</introducedInHouse>
        <motionToReconsiderResults>1</motionToReconsiderResults>
        <sentToHouse>1</sentToHouse>
        <passageOfAMeasure>1</passageOfAMeasure>
        <passedAgreedToInSenate>1</passedAgreedToInSenate>
        <unanimousConsentRequestToConsider>1</unanimousConsentRequestToConsider>
        <considerationByHouse>1</considerationByHouse>
        <passedAgreedToInHouse>1</passedAgreedToInHouse>
        <agreedToInSenate>1</agreedToInSenate>
        <introducedInSenate>1</introducedInSenate>
        <introducedInTheHouse>1</introducedInTheHouse>
      </actionTypeCounts>
    </actions>
    <notes />
    <originChamber>House</originChamber>
    <congress>115</congress>
    <subjects>
      <billSubjects>
        <policyArea>
          <name>Economics and Public Finance</name>
        </policyArea>
        <legislativeSubjects>
          <item>
            <name>Appropriations</name>
          </item>
        </legislativeSubjects>
      </billSubjects>
    </subjects>
    <billNumber>85</billNumber>
    <cosponsors />
    <summaries>
      <billSummaries>
        <item>
          <text><![CDATA[<p>Directs the Clerk of the House of Representatives to make a correction in the enrollment of H.R. 2266 (Additional Supplemental Appropriations for Disaster Relief Requirements Act, 2017) to amend the title.</p>]]></text>
          <actionDate>2017-10-12</actionDate>
          <updateDate>2017-10-12T04:00:00Z</updateDate>
          <lastSummaryUpdateDate>2017-10-25T17:37:32Z</lastSummaryUpdateDate>
          <name>Introduced in House</name>
          <actionDesc>Introduced in House</actionDesc>
          <versionCode>00</versionCode>
        </item>
        <item>
          <text><![CDATA[<p>(This measure has not been amended since it was introduced. The summary of that version is repeated here.)</p> <p>Directs the Clerk of the House of Representatives to make a correction in the enrollment of H.R. 2266 (Additional Supplemental Appropriations for Disaster Relief Requirements Act, 2017) to amend the title.</p>]]></text>
          <actionDate>2017-10-12</actionDate>
          <updateDate>2017-10-12T17:01:55Z</updateDate>
          <lastSummaryUpdateDate>2017-10-30T21:19:04Z</lastSummaryUpdateDate>
          <name>Passed House without amendment</name>
          <actionDesc>Passed House without amendment</actionDesc>
          <versionCode>81</versionCode>
        </item>
        <item>
          <text><![CDATA[<p>(This measure has not been amended since it was introduced. The summary of that version is repeated here.)</p> <p>Directs the Clerk of the House of Representatives to make a correction in the enrollment of H.R. 2266 (Additional Supplemental Appropriations for Disaster Relief Requirements Act, 2017) to amend the title.</p>]]></text>
          <actionDate>2017-10-25</actionDate>
          <updateDate>2017-10-25T12:21:34Z</updateDate>
          <lastSummaryUpdateDate>2017-10-31T20:13:48Z</lastSummaryUpdateDate>
          <name>Passed Senate without amendment</name>
          <actionDesc>Passed Senate without amendment</actionDesc>
          <versionCode>82</versionCode>
        </item>
      </billSummaries>
    </summaries>
    <policyArea>
      <name>Economics and Public Finance</name>
    </policyArea>
    <latestAction>
      <links />
      <actionDate>2017-10-25</actionDate>
      <text>Message on Senate action sent to the House.</text>
    </latestAction>
    <updateDate>2018-02-06T16:39:28Z</updateDate>
    <committees>
      <billCommittees />
    </committees>
    <createDate>2017-10-13T03:11:17Z</createDate>
    <title>Providing for a correction in the enrollment of H.R. 2266.</title>
    <committeeReports />
    <calendarNumbers />
  </bill>
  <dublinCore xmlns:dc="http://purl.org/dc/elements/1.1/">
    <dc:format>text/xml</dc:format>
    <dc:language>EN</dc:language>
    <dc:rights>Pursuant to Title 17 Section 105 of the United States Code, this file is not subject to copyright protection and is in the public domain.</dc:rights>
    <dc:contributor>Congressional Research Service, Library of Congress</dc:contributor>
    <dc:description>This file contains bill summaries and statuses for federal legislation. A bill summary describes the most significant provisions of a piece of legislation and details the effects the legislative text may have on current law and federal programs. Bill summaries are authored by the Congressional Research Service (CRS) of the Library of Congress. As stated in Public Law 91-510 (2 USC 166 (d)(6)), one of the duties of CRS is "to prepare summaries and digests of bills and resolutions of a public general nature introduced in the Senate or House of Representatives". For more information, refer to the User Guide that accompanies this file.</dc:description>
  </dublinCore>
</billStatus>

