<?xml version="1.0" encoding="UTF-8"?>
<billStatus>
  <bill>
    <policyArea>
      <name>Armed Forces and National Security</name>
    </policyArea>
    <committeeReports />
    <congress>115</congress>
    <sponsors>
      <item>
        <identifiers>
          <lisID>1640</lisID>
          <bioguideId>I000056</bioguideId>
          <gpoId>7854</gpoId>
        </identifiers>
        <district>49</district>
        <middleName>E.</middleName>
        <byRequestType />
        <fullName>Rep. Issa, Darrell E. [R-CA-49]</fullName>
        <bioguideId>I000056</bioguideId>
        <state>CA</state>
        <party>R</party>
        <firstName>DARRELL</firstName>
        <lastName>ISSA</lastName>
      </item>
    </sponsors>
    <calendarNumbers />
    <amendments />
    <relatedBills />
    <notes />
    <originChamber>House</originChamber>
    <version>1.0.0</version>
    <billNumber>59</billNumber>
    <title>Recognizing the 75th anniversary of Marine Corps Base Camp Pendleton.</title>
    <cosponsors>
      <item>
        <isOriginalCosponsor>True</isOriginalCosponsor>
        <fullName>Rep. Hunter, Duncan D. [R-CA-50]</fullName>
        <middleName>D.</middleName>
        <sponsorshipDate>2017-05-22</sponsorshipDate>
        <bioguideId>H001048</bioguideId>
        <lastName>Hunter</lastName>
        <party>R</party>
        <district>50</district>
        <firstName>Duncan</firstName>
        <state>CA</state>
        <identifiers>
          <lisID>1909</lisID>
          <bioguideId>H001048</bioguideId>
          <gpoId>7857</gpoId>
        </identifiers>
        <sponsorshipWithdrawnDate />
      </item>
      <item>
        <isOriginalCosponsor>True</isOriginalCosponsor>
        <fullName>Rep. Peters, Scott H. [D-CA-52]</fullName>
        <middleName>H.</middleName>
        <sponsorshipDate>2017-05-22</sponsorshipDate>
        <bioguideId>P000608</bioguideId>
        <lastName>Peters</lastName>
        <party>D</party>
        <district>52</district>
        <firstName>Scott</firstName>
        <state>CA</state>
        <identifiers>
          <lisID>2113</lisID>
          <bioguideId>P000608</bioguideId>
          <gpoId />
        </identifiers>
        <sponsorshipWithdrawnDate />
      </item>
      <item>
        <isOriginalCosponsor>True</isOriginalCosponsor>
        <fullName>Rep. Vargas, Juan [D-CA-51]</fullName>
        <middleName />
        <sponsorshipDate>2017-05-22</sponsorshipDate>
        <bioguideId>V000130</bioguideId>
        <lastName>Vargas</lastName>
        <party>D</party>
        <district>51</district>
        <firstName>Juan</firstName>
        <state>CA</state>
        <identifiers>
          <bioguideId>V000130</bioguideId>
          <lisID>2112</lisID>
          <gpoId />
        </identifiers>
        <sponsorshipWithdrawnDate />
      </item>
      <item>
        <isOriginalCosponsor>True</isOriginalCosponsor>
        <fullName>Rep. Davis, Susan A. [D-CA-53]</fullName>
        <middleName>A.</middleName>
        <sponsorshipDate>2017-05-22</sponsorshipDate>
        <bioguideId>D000598</bioguideId>
        <lastName>DAVIS</lastName>
        <party>D</party>
        <district>53</district>
        <firstName>SUSAN</firstName>
        <state>CA</state>
        <identifiers>
          <lisID>1641</lisID>
          <bioguideId>D000598</bioguideId>
          <gpoId>7858</gpoId>
        </identifiers>
        <sponsorshipWithdrawnDate />
      </item>
      <item>
        <isOriginalCosponsor>True</isOriginalCosponsor>
        <fullName>Rep. Jones, Walter B., Jr. [R-NC-3]</fullName>
        <middleName>B.</middleName>
        <sponsorshipDate>2017-05-22</sponsorshipDate>
        <bioguideId>J000255</bioguideId>
        <lastName>JONES</lastName>
        <party>R</party>
        <district>3</district>
        <firstName>WALTER</firstName>
        <state>NC</state>
        <identifiers>
          <lisID>612</lisID>
          <bioguideId>J000255</bioguideId>
          <gpoId>8026</gpoId>
        </identifiers>
        <sponsorshipWithdrawnDate />
      </item>
      <item>
        <isOriginalCosponsor>True</isOriginalCosponsor>
        <fullName>Rep. Cook, Paul [R-CA-8]</fullName>
        <middleName />
        <sponsorshipDate>2017-05-22</sponsorshipDate>
        <bioguideId>C001094</bioguideId>
        <lastName>Cook</lastName>
        <party>R</party>
        <district>8</district>
        <firstName>Paul</firstName>
        <state>CA</state>
        <identifiers>
          <bioguideId>C001094</bioguideId>
          <lisID>2103</lisID>
          <gpoId />
        </identifiers>
        <sponsorshipWithdrawnDate />
      </item>
      <item>
        <isOriginalCosponsor>True</isOriginalCosponsor>
        <fullName>Rep. Knight, Stephen [R-CA-25]</fullName>
        <middleName />
        <sponsorshipDate>2017-05-22</sponsorshipDate>
        <bioguideId>K000387</bioguideId>
        <lastName>Knight</lastName>
        <party>R</party>
        <district>25</district>
        <firstName>Stephen</firstName>
        <state>CA</state>
        <identifiers>
          <lisID>2228</lisID>
          <gpoId />
          <bioguideId>K000387</bioguideId>
        </identifiers>
        <sponsorshipWithdrawnDate />
      </item>
      <item>
        <isOriginalCosponsor>True</isOriginalCosponsor>
        <fullName>Rep. Himes, James A. [D-CT-4]</fullName>
        <middleName>A.</middleName>
        <sponsorshipDate>2017-05-22</sponsorshipDate>
        <bioguideId>H001047</bioguideId>
        <lastName>Himes</lastName>
        <party>D</party>
        <district>4</district>
        <firstName>James</firstName>
        <state>CT</state>
        <identifiers>
          <bioguideId>H001047</bioguideId>
          <lisID>1913</lisID>
          <gpoId>7869</gpoId>
        </identifiers>
        <sponsorshipWithdrawnDate />
      </item>
      <item>
        <isOriginalCosponsor>True</isOriginalCosponsor>
        <fullName>Rep. Byrne, Bradley [R-AL-1]</fullName>
        <middleName />
        <sponsorshipDate>2017-05-22</sponsorshipDate>
        <bioguideId>B001289</bioguideId>
        <lastName>Byrne</lastName>
        <party>R</party>
        <district>1</district>
        <firstName>Bradley</firstName>
        <state>AL</state>
        <identifiers>
          <gpoId />
          <bioguideId>B001289</bioguideId>
          <lisID>2197</lisID>
        </identifiers>
        <sponsorshipWithdrawnDate />
      </item>
      <item>
        <isOriginalCosponsor>True</isOriginalCosponsor>
        <fullName>Rep. Hartzler, Vicky [R-MO-4]</fullName>
        <middleName />
        <sponsorshipDate>2017-05-22</sponsorshipDate>
        <bioguideId>H001053</bioguideId>
        <lastName>Hartzler</lastName>
        <party>R</party>
        <district>4</district>
        <firstName>Vicky</firstName>
        <state>MO</state>
        <identifiers>
          <gpoId>8012</gpoId>
          <bioguideId>H001053</bioguideId>
          <lisID>2032</lisID>
        </identifiers>
        <sponsorshipWithdrawnDate />
      </item>
      <item>
        <isOriginalCosponsor>True</isOriginalCosponsor>
        <fullName>Rep. Gallagher, Mike [R-WI-8]</fullName>
        <middleName />
        <sponsorshipDate>2017-05-22</sponsorshipDate>
        <bioguideId>G000579</bioguideId>
        <lastName>Gallagher</lastName>
        <party>R</party>
        <district>8</district>
        <firstName>Mike</firstName>
        <state>WI</state>
        <identifiers>
          <gpoId />
          <bioguideId>G000579</bioguideId>
          <lisID>2355</lisID>
        </identifiers>
        <sponsorshipWithdrawnDate />
      </item>
      <item>
        <isOriginalCosponsor>True</isOriginalCosponsor>
        <fullName>Rep. Calvert, Ken [R-CA-42]</fullName>
        <middleName />
        <sponsorshipDate>2017-05-22</sponsorshipDate>
        <bioguideId>C000059</bioguideId>
        <lastName>CALVERT</lastName>
        <party>R</party>
        <district>42</district>
        <firstName>KEN</firstName>
        <state>CA</state>
        <identifiers>
          <bioguideId>C000059</bioguideId>
          <lisID>165</lisID>
          <gpoId>7849</gpoId>
        </identifiers>
        <sponsorshipWithdrawnDate />
      </item>
      <item>
        <isOriginalCosponsor>True</isOriginalCosponsor>
        <fullName>Rep. Moulton, Seth [D-MA-6]</fullName>
        <middleName />
        <sponsorshipDate>2017-05-22</sponsorshipDate>
        <bioguideId>M001196</bioguideId>
        <lastName>Moulton</lastName>
        <party>D</party>
        <district>6</district>
        <firstName>Seth</firstName>
        <state>MA</state>
        <identifiers>
          <lisID>2246</lisID>
          <gpoId />
          <bioguideId>M001196</bioguideId>
        </identifiers>
        <sponsorshipWithdrawnDate />
      </item>
      <item>
        <isOriginalCosponsor>True</isOriginalCosponsor>
        <fullName>Rep. Duncan, Jeff [R-SC-3]</fullName>
        <middleName />
        <sponsorshipDate>2017-05-22</sponsorshipDate>
        <bioguideId>D000615</bioguideId>
        <lastName>Duncan</lastName>
        <party>R</party>
        <district>3</district>
        <firstName>Jeff</firstName>
        <state>SC</state>
        <identifiers>
          <bioguideId>D000615</bioguideId>
          <gpoId>8143</gpoId>
          <lisID>2057</lisID>
        </identifiers>
        <sponsorshipWithdrawnDate />
      </item>
      <item>
        <isOriginalCosponsor>True</isOriginalCosponsor>
        <fullName>Rep. Pittenger, Robert [R-NC-9]</fullName>
        <middleName />
        <sponsorshipDate>2017-05-22</sponsorshipDate>
        <bioguideId>P000606</bioguideId>
        <lastName>Pittenger</lastName>
        <party>R</party>
        <district>9</district>
        <firstName>Robert</firstName>
        <state>NC</state>
        <identifiers>
          <gpoId />
          <lisID>2141</lisID>
          <bioguideId>P000606</bioguideId>
        </identifiers>
        <sponsorshipWithdrawnDate />
      </item>
      <item>
        <isOriginalCosponsor>True</isOriginalCosponsor>
        <fullName>Rep. Wittman, Robert J. [R-VA-1]</fullName>
        <middleName>J.</middleName>
        <sponsorshipDate>2017-05-22</sponsorshipDate>
        <bioguideId>W000804</bioguideId>
        <lastName>Wittman</lastName>
        <party>R</party>
        <district>1</district>
        <firstName>Robert</firstName>
        <state>VA</state>
        <identifiers>
          <lisID>1886</lisID>
          <bioguideId>W000804</bioguideId>
          <gpoId>8192</gpoId>
        </identifiers>
        <sponsorshipWithdrawnDate />
      </item>
      <item>
        <isOriginalCosponsor>True</isOriginalCosponsor>
        <fullName>Rep. Roe, David P. [R-TN-1]</fullName>
        <middleName>P.</middleName>
        <sponsorshipDate>2017-05-22</sponsorshipDate>
        <bioguideId>R000582</bioguideId>
        <lastName>Roe</lastName>
        <party>R</party>
        <district>1</district>
        <firstName>David</firstName>
        <state>TN</state>
        <identifiers>
          <bioguideId>R000582</bioguideId>
          <lisID>1954</lisID>
          <gpoId>8148</gpoId>
        </identifiers>
        <sponsorshipWithdrawnDate />
      </item>
      <item>
        <isOriginalCosponsor>True</isOriginalCosponsor>
        <fullName>Rep. Chabot, Steve [R-OH-1]</fullName>
        <middleName />
        <sponsorshipDate>2017-05-22</sponsorshipDate>
        <bioguideId>C000266</bioguideId>
        <lastName>CHABOT</lastName>
        <party>R</party>
        <district>1</district>
        <firstName>STEVE</firstName>
        <state>OH</state>
        <identifiers>
          <lisID>186</lisID>
          <bioguideId>C000266</bioguideId>
          <gpoId>8091</gpoId>
        </identifiers>
        <sponsorshipWithdrawnDate />
      </item>
      <item>
        <isOriginalCosponsor>True</isOriginalCosponsor>
        <fullName>Rep. Cole, Tom [R-OK-4]</fullName>
        <middleName />
        <sponsorshipDate>2017-05-22</sponsorshipDate>
        <bioguideId>C001053</bioguideId>
        <lastName>Cole</lastName>
        <party>R</party>
        <district>4</district>
        <firstName>Tom</firstName>
        <state>OK</state>
        <identifiers>
          <lisID>1742</lisID>
          <gpoId>8112</gpoId>
          <bioguideId>C001053</bioguideId>
        </identifiers>
        <sponsorshipWithdrawnDate />
      </item>
      <item>
        <isOriginalCosponsor>True</isOriginalCosponsor>
        <fullName>Rep. LaMalfa, Doug [R-CA-1]</fullName>
        <middleName />
        <sponsorshipDate>2017-05-22</sponsorshipDate>
        <bioguideId>L000578</bioguideId>
        <lastName>LaMalfa</lastName>
        <party>R</party>
        <district>1</district>
        <firstName>Doug</firstName>
        <state>CA</state>
        <identifiers>
          <lisID>2100</lisID>
          <gpoId />
          <bioguideId>L000578</bioguideId>
        </identifiers>
        <sponsorshipWithdrawnDate />
      </item>
      <item>
        <isOriginalCosponsor>True</isOriginalCosponsor>
        <fullName>Rep. Dingell, Debbie [D-MI-12]</fullName>
        <middleName />
        <sponsorshipDate>2017-05-22</sponsorshipDate>
        <bioguideId>D000624</bioguideId>
        <lastName>Dingell</lastName>
        <party>D</party>
        <district>12</district>
        <firstName>Debbie</firstName>
        <state>MI</state>
        <identifiers>
          <bioguideId>D000624</bioguideId>
          <lisID>2251</lisID>
          <gpoId />
        </identifiers>
        <sponsorshipWithdrawnDate />
      </item>
      <item>
        <isOriginalCosponsor>True</isOriginalCosponsor>
        <fullName>Rep. Bost, Mike [R-IL-12]</fullName>
        <middleName />
        <sponsorshipDate>2017-05-22</sponsorshipDate>
        <bioguideId>B001295</bioguideId>
        <lastName>Bost</lastName>
        <party>R</party>
        <district>12</district>
        <firstName>Mike</firstName>
        <state>IL</state>
        <identifiers>
          <bioguideId>B001295</bioguideId>
          <gpoId />
          <lisID>2243</lisID>
        </identifiers>
        <sponsorshipWithdrawnDate />
      </item>
      <item>
        <isOriginalCosponsor>True</isOriginalCosponsor>
        <fullName>Rep. Coffman, Mike [R-CO-6]</fullName>
        <middleName />
        <sponsorshipDate>2017-05-22</sponsorshipDate>
        <bioguideId>C001077</bioguideId>
        <lastName>Coffman</lastName>
        <party>R</party>
        <district>6</district>
        <firstName>Mike</firstName>
        <state>CO</state>
        <identifiers>
          <lisID>1912</lisID>
          <gpoId>7864</gpoId>
          <bioguideId>C001077</bioguideId>
        </identifiers>
        <sponsorshipWithdrawnDate />
      </item>
      <item>
        <isOriginalCosponsor>True</isOriginalCosponsor>
        <fullName>Rep. Walters, Mimi [R-CA-45]</fullName>
        <middleName />
        <sponsorshipDate>2017-05-22</sponsorshipDate>
        <bioguideId>W000820</bioguideId>
        <lastName>Walters</lastName>
        <party>R</party>
        <district>45</district>
        <firstName>Mimi</firstName>
        <state>CA</state>
        <identifiers>
          <lisID>2232</lisID>
          <gpoId />
          <bioguideId>W000820</bioguideId>
        </identifiers>
        <sponsorshipWithdrawnDate />
      </item>
      <item>
        <isOriginalCosponsor>True</isOriginalCosponsor>
        <fullName>Rep. Hill, J. French [R-AR-2]</fullName>
        <middleName>French</middleName>
        <sponsorshipDate>2017-05-22</sponsorshipDate>
        <bioguideId>H001072</bioguideId>
        <lastName>Hill</lastName>
        <party>R</party>
        <district>2</district>
        <firstName>J.</firstName>
        <state>AR</state>
        <identifiers>
          <bioguideId>H001072</bioguideId>
          <lisID>2223</lisID>
          <gpoId />
        </identifiers>
        <sponsorshipWithdrawnDate />
      </item>
      <item>
        <isOriginalCosponsor>True</isOriginalCosponsor>
        <fullName>Rep. Carbajal, Salud O. [D-CA-24]</fullName>
        <middleName>O.</middleName>
        <sponsorshipDate>2017-05-22</sponsorshipDate>
        <bioguideId>C001112</bioguideId>
        <lastName>Carbajal</lastName>
        <party>D</party>
        <district>24</district>
        <firstName>Salud</firstName>
        <state>CA</state>
        <identifiers>
          <gpoId />
          <lisID>2310</lisID>
          <bioguideId>C001112</bioguideId>
        </identifiers>
        <sponsorshipWithdrawnDate />
      </item>
      <item>
        <isOriginalCosponsor>True</isOriginalCosponsor>
        <fullName>Rep. Correa, J. Luis [D-CA-46]</fullName>
        <middleName>Luis</middleName>
        <sponsorshipDate>2017-05-22</sponsorshipDate>
        <bioguideId>C001110</bioguideId>
        <lastName>Correa</lastName>
        <party>D</party>
        <district>46</district>
        <firstName>J.</firstName>
        <state>CA</state>
        <identifiers>
          <lisID>2312</lisID>
          <bioguideId>C001110</bioguideId>
          <gpoId />
        </identifiers>
        <sponsorshipWithdrawnDate />
      </item>
      <item>
        <isOriginalCosponsor>True</isOriginalCosponsor>
        <fullName>Rep. Kilmer, Derek [D-WA-6]</fullName>
        <middleName />
        <sponsorshipDate>2017-05-22</sponsorshipDate>
        <bioguideId>K000381</bioguideId>
        <lastName>Kilmer</lastName>
        <party>D</party>
        <district>6</district>
        <firstName>Derek</firstName>
        <state>WA</state>
        <identifiers>
          <lisID>2169</lisID>
          <gpoId />
          <bioguideId>K000381</bioguideId>
        </identifiers>
        <sponsorshipWithdrawnDate />
      </item>
      <item>
        <isOriginalCosponsor>True</isOriginalCosponsor>
        <fullName>Rep. Banks, Jim [R-IN-3]</fullName>
        <middleName />
        <sponsorshipDate>2017-05-22</sponsorshipDate>
        <bioguideId>B001299</bioguideId>
        <lastName>Banks</lastName>
        <party>R</party>
        <district>3</district>
        <firstName>Jim</firstName>
        <state>IN</state>
        <identifiers>
          <lisID>2326</lisID>
          <gpoId />
          <bioguideId>B001299</bioguideId>
        </identifiers>
        <sponsorshipWithdrawnDate />
      </item>
      <item>
        <isOriginalCosponsor>False</isOriginalCosponsor>
        <fullName>Rep. McClintock, Tom [R-CA-4]</fullName>
        <middleName />
        <sponsorshipDate>2017-06-20</sponsorshipDate>
        <bioguideId>M001177</bioguideId>
        <lastName>McClintock</lastName>
        <party>R</party>
        <district>4</district>
        <firstName>Tom</firstName>
        <state>CA</state>
        <identifiers>
          <gpoId>7809</gpoId>
          <bioguideId>M001177</bioguideId>
          <lisID>1908</lisID>
        </identifiers>
        <sponsorshipWithdrawnDate />
      </item>
      <item>
        <isOriginalCosponsor>False</isOriginalCosponsor>
        <fullName>Rep. Royce, Edward R. [R-CA-39]</fullName>
        <middleName />
        <sponsorshipDate>2017-06-21</sponsorshipDate>
        <bioguideId>R000487</bioguideId>
        <lastName>ROYCE</lastName>
        <party>R</party>
        <district>39</district>
        <firstName>ED</firstName>
        <state>CA</state>
        <identifiers>
          <bioguideId>R000487</bioguideId>
          <lisID>998</lisID>
          <gpoId>7845</gpoId>
        </identifiers>
        <sponsorshipWithdrawnDate />
      </item>
      <item>
        <isOriginalCosponsor>False</isOriginalCosponsor>
        <fullName>Rep. Valadao, David G. [R-CA-21]</fullName>
        <middleName>G.</middleName>
        <sponsorshipDate>2017-06-21</sponsorshipDate>
        <bioguideId>V000129</bioguideId>
        <lastName>Valadao</lastName>
        <party>R</party>
        <district>21</district>
        <firstName>David</firstName>
        <state>CA</state>
        <identifiers>
          <lisID>2105</lisID>
          <gpoId />
          <bioguideId>V000129</bioguideId>
        </identifiers>
        <sponsorshipWithdrawnDate />
      </item>
      <item>
        <isOriginalCosponsor>False</isOriginalCosponsor>
        <fullName>Rep. Rohrabacher, Dana [R-CA-48]</fullName>
        <middleName />
        <sponsorshipDate>2017-06-27</sponsorshipDate>
        <bioguideId>R000409</bioguideId>
        <lastName>ROHRABACHER</lastName>
        <party>R</party>
        <district>48</district>
        <firstName>DANA</firstName>
        <state>CA</state>
        <identifiers>
          <gpoId>7851</gpoId>
          <bioguideId>R000409</bioguideId>
          <lisID>979</lisID>
        </identifiers>
        <sponsorshipWithdrawnDate />
      </item>
      <item>
        <isOriginalCosponsor>False</isOriginalCosponsor>
        <fullName>Rep. Nunes, Devin [R-CA-22]</fullName>
        <middleName />
        <sponsorshipDate>2017-06-27</sponsorshipDate>
        <bioguideId>N000181</bioguideId>
        <lastName>Nunes</lastName>
        <party>R</party>
        <district>22</district>
        <firstName>Devin</firstName>
        <state>CA</state>
        <identifiers>
          <bioguideId>N000181</bioguideId>
          <gpoId>7826</gpoId>
          <lisID>1710</lisID>
        </identifiers>
        <sponsorshipWithdrawnDate />
      </item>
      <item>
        <isOriginalCosponsor>False</isOriginalCosponsor>
        <fullName>Rep. McCarthy, Kevin [R-CA-23]</fullName>
        <middleName />
        <sponsorshipDate>2017-07-06</sponsorshipDate>
        <bioguideId>M001165</bioguideId>
        <lastName>McCarthy</lastName>
        <party>R</party>
        <district>23</district>
        <firstName>Kevin</firstName>
        <state>CA</state>
        <identifiers>
          <lisID>1833</lisID>
          <bioguideId>M001165</bioguideId>
          <gpoId>7827</gpoId>
        </identifiers>
        <sponsorshipWithdrawnDate />
      </item>
      <item>
        <isOriginalCosponsor>False</isOriginalCosponsor>
        <fullName>Rep. Barragan, Nanette Diaz [D-CA-44]</fullName>
        <middleName>Diaz</middleName>
        <sponsorshipDate>2017-07-06</sponsorshipDate>
        <bioguideId>B001300</bioguideId>
        <lastName>Barragan</lastName>
        <party>D</party>
        <district>44</district>
        <firstName>Nanette</firstName>
        <state>CA</state>
        <identifiers>
          <gpoId />
          <bioguideId>B001300</bioguideId>
          <lisID>2311</lisID>
        </identifiers>
        <sponsorshipWithdrawnDate />
      </item>
      <item>
        <isOriginalCosponsor>False</isOriginalCosponsor>
        <fullName>Rep. Takano, Mark [D-CA-41]</fullName>
        <middleName />
        <sponsorshipDate>2017-07-12</sponsorshipDate>
        <bioguideId>T000472</bioguideId>
        <lastName>Takano</lastName>
        <party>D</party>
        <district>41</district>
        <firstName>Mark</firstName>
        <state>CA</state>
        <identifiers>
          <lisID>2110</lisID>
          <bioguideId>T000472</bioguideId>
          <gpoId />
        </identifiers>
        <sponsorshipWithdrawnDate />
      </item>
      <item>
        <isOriginalCosponsor>False</isOriginalCosponsor>
        <fullName>Rep. Denham, Jeff [R-CA-10]</fullName>
        <middleName />
        <sponsorshipDate>2017-07-12</sponsorshipDate>
        <bioguideId>D000612</bioguideId>
        <lastName>Denham</lastName>
        <party>R</party>
        <district>10</district>
        <firstName>Jeff</firstName>
        <state>CA</state>
        <identifiers>
          <bioguideId>D000612</bioguideId>
          <lisID>1995</lisID>
          <gpoId>7824</gpoId>
        </identifiers>
        <sponsorshipWithdrawnDate />
      </item>
      <item>
        <isOriginalCosponsor>False</isOriginalCosponsor>
        <fullName>Rep. Panetta, Jimmy [D-CA-20]</fullName>
        <middleName />
        <sponsorshipDate>2017-07-12</sponsorshipDate>
        <bioguideId>P000613</bioguideId>
        <lastName>Panetta</lastName>
        <party>D</party>
        <district>20</district>
        <firstName>Jimmy</firstName>
        <state>CA</state>
        <identifiers>
          <gpoId />
          <bioguideId>P000613</bioguideId>
          <lisID>2309</lisID>
        </identifiers>
        <sponsorshipWithdrawnDate />
      </item>
      <item>
        <isOriginalCosponsor>False</isOriginalCosponsor>
        <fullName>Rep. Brownley, Julia [D-CA-26]</fullName>
        <middleName />
        <sponsorshipDate>2017-07-13</sponsorshipDate>
        <bioguideId>B001285</bioguideId>
        <lastName>Brownley</lastName>
        <party>D</party>
        <district>26</district>
        <firstName>Julia</firstName>
        <state>CA</state>
        <identifiers>
          <bioguideId>B001285</bioguideId>
          <lisID>2106</lisID>
          <gpoId />
        </identifiers>
        <sponsorshipWithdrawnDate />
      </item>
      <item>
        <isOriginalCosponsor>False</isOriginalCosponsor>
        <fullName>Rep. Speier, Jackie [D-CA-14]</fullName>
        <middleName />
        <sponsorshipDate>2017-07-13</sponsorshipDate>
        <bioguideId>S001175</bioguideId>
        <lastName>Speier</lastName>
        <party>D</party>
        <district>14</district>
        <firstName>Jackie</firstName>
        <state>CA</state>
        <identifiers>
          <bioguideId>S001175</bioguideId>
          <lisID>1890</lisID>
          <gpoId>7817</gpoId>
        </identifiers>
        <sponsorshipWithdrawnDate />
      </item>
      <item>
        <isOriginalCosponsor>False</isOriginalCosponsor>
        <fullName>Rep. Khanna, Ro [D-CA-17]</fullName>
        <middleName />
        <sponsorshipDate>2017-07-13</sponsorshipDate>
        <bioguideId>K000389</bioguideId>
        <lastName>Khanna</lastName>
        <party>D</party>
        <district>17</district>
        <firstName>Ro</firstName>
        <state>CA</state>
        <identifiers>
          <bioguideId>K000389</bioguideId>
          <gpoId />
          <lisID>2308</lisID>
        </identifiers>
        <sponsorshipWithdrawnDate />
      </item>
      <item>
        <isOriginalCosponsor>False</isOriginalCosponsor>
        <fullName>Rep. Norman, Ralph [R-SC-5]</fullName>
        <middleName />
        <sponsorshipDate>2017-07-14</sponsorshipDate>
        <bioguideId>N000190</bioguideId>
        <lastName>Norman</lastName>
        <party>R</party>
        <district>5</district>
        <firstName>Ralph</firstName>
        <state>SC</state>
        <identifiers>
          <gpoId />
          <lisID>2361</lisID>
          <bioguideId>N000190</bioguideId>
        </identifiers>
        <sponsorshipWithdrawnDate />
      </item>
      <item>
        <isOriginalCosponsor>False</isOriginalCosponsor>
        <fullName>Rep. Radewagen, Aumua Amata Coleman [R-AS-At Large]</fullName>
        <middleName>Coleman</middleName>
        <sponsorshipDate>2017-07-14</sponsorshipDate>
        <bioguideId>R000600</bioguideId>
        <lastName>Radewagen</lastName>
        <party>R</party>
        <district>0</district>
        <firstName>Aumua Amata</firstName>
        <state>AS</state>
        <identifiers>
          <bioguideId>R000600</bioguideId>
          <gpoId />
          <lisID>2222</lisID>
        </identifiers>
        <sponsorshipWithdrawnDate />
      </item>
      <item>
        <isOriginalCosponsor>False</isOriginalCosponsor>
        <fullName>Rep. Gosar, Paul A. [R-AZ-4]</fullName>
        <middleName>A.</middleName>
        <sponsorshipDate>2017-07-14</sponsorshipDate>
        <bioguideId>G000565</bioguideId>
        <lastName>Gosar</lastName>
        <party>R</party>
        <district>4</district>
        <firstName>Paul</firstName>
        <state>AZ</state>
        <identifiers>
          <bioguideId>G000565</bioguideId>
          <lisID>1992</lisID>
          <gpoId>7798</gpoId>
        </identifiers>
        <sponsorshipWithdrawnDate />
      </item>
      <item>
        <isOriginalCosponsor>False</isOriginalCosponsor>
        <fullName>Rep. Napolitano, Grace F. [D-CA-32]</fullName>
        <middleName>F.</middleName>
        <sponsorshipDate>2017-07-19</sponsorshipDate>
        <bioguideId>N000179</bioguideId>
        <lastName>NAPOLITANO</lastName>
        <party>D</party>
        <district>32</district>
        <firstName>GRACE</firstName>
        <state>CA</state>
        <identifiers>
          <bioguideId>N000179</bioguideId>
          <lisID>1602</lisID>
          <gpoId>7843</gpoId>
        </identifiers>
        <sponsorshipWithdrawnDate />
      </item>
      <item>
        <isOriginalCosponsor>False</isOriginalCosponsor>
        <fullName>Rep. Eshoo, Anna G. [D-CA-18]</fullName>
        <middleName>G.</middleName>
        <sponsorshipDate>2017-07-19</sponsorshipDate>
        <bioguideId>E000215</bioguideId>
        <lastName>ESHOO</lastName>
        <party>D</party>
        <district>18</district>
        <firstName>ANNA</firstName>
        <state>CA</state>
        <identifiers>
          <gpoId>7819</gpoId>
          <lisID>355</lisID>
          <bioguideId>E000215</bioguideId>
        </identifiers>
        <sponsorshipWithdrawnDate />
      </item>
      <item>
        <isOriginalCosponsor>False</isOriginalCosponsor>
        <fullName>Rep. Lofgren, Zoe [D-CA-19]</fullName>
        <middleName />
        <sponsorshipDate>2017-07-25</sponsorshipDate>
        <bioguideId>L000397</bioguideId>
        <lastName>LOFGREN</lastName>
        <party>D</party>
        <district>19</district>
        <firstName>ZOE</firstName>
        <state>CA</state>
        <identifiers>
          <lisID>701</lisID>
          <bioguideId>L000397</bioguideId>
          <gpoId>7821</gpoId>
        </identifiers>
        <sponsorshipWithdrawnDate />
      </item>
      <item>
        <isOriginalCosponsor>False</isOriginalCosponsor>
        <fullName>Rep. Crawford, Eric A. "Rick" [R-AR-1]</fullName>
        <middleName>A. "Rick"</middleName>
        <sponsorshipDate>2017-07-25</sponsorshipDate>
        <bioguideId>C001087</bioguideId>
        <lastName>Crawford</lastName>
        <party>R</party>
        <district>1</district>
        <firstName>Eric</firstName>
        <state>AR</state>
        <identifiers>
          <lisID>1989</lisID>
          <gpoId>7793</gpoId>
          <bioguideId>C001087</bioguideId>
        </identifiers>
        <sponsorshipWithdrawnDate />
      </item>
      <item>
        <isOriginalCosponsor>False</isOriginalCosponsor>
        <fullName>Rep. Roybal-Allard, Lucille [D-CA-40]</fullName>
        <middleName />
        <sponsorshipDate>2017-07-25</sponsorshipDate>
        <bioguideId>R000486</bioguideId>
        <lastName>ROYBAL-ALLARD</lastName>
        <party>D</party>
        <district>40</district>
        <firstName>LUCILLE</firstName>
        <state>CA</state>
        <identifiers>
          <lisID>997</lisID>
          <bioguideId>R000486</bioguideId>
          <gpoId>7839</gpoId>
        </identifiers>
        <sponsorshipWithdrawnDate />
      </item>
      <item>
        <isOriginalCosponsor>False</isOriginalCosponsor>
        <fullName>Rep. Rush, Bobby L. [D-IL-1]</fullName>
        <middleName>L.</middleName>
        <sponsorshipDate>2017-07-27</sponsorshipDate>
        <bioguideId>R000515</bioguideId>
        <lastName>RUSH</lastName>
        <party>D</party>
        <district>1</district>
        <firstName>BOBBY</firstName>
        <state>IL</state>
        <identifiers>
          <lisID>1003</lisID>
          <bioguideId>R000515</bioguideId>
          <gpoId>7921</gpoId>
        </identifiers>
        <sponsorshipWithdrawnDate />
      </item>
      <item>
        <isOriginalCosponsor>False</isOriginalCosponsor>
        <fullName>Rep. Stefanik, Elise M. [R-NY-21]</fullName>
        <middleName>M.</middleName>
        <sponsorshipDate>2017-09-08</sponsorshipDate>
        <bioguideId>S001196</bioguideId>
        <lastName>Stefanik</lastName>
        <party>R</party>
        <district>21</district>
        <firstName>Elise</firstName>
        <state>NY</state>
        <identifiers>
          <lisID>2263</lisID>
          <bioguideId>S001196</bioguideId>
          <gpoId />
        </identifiers>
        <sponsorshipWithdrawnDate />
      </item>
      <item>
        <isOriginalCosponsor>False</isOriginalCosponsor>
        <fullName>Rep. Collins, Doug [R-GA-9]</fullName>
        <middleName />
        <sponsorshipDate>2017-10-11</sponsorshipDate>
        <bioguideId>C001093</bioguideId>
        <lastName>Collins</lastName>
        <party>R</party>
        <district>9</district>
        <firstName>Doug</firstName>
        <state>GA</state>
        <identifiers>
          <lisID>2121</lisID>
          <bioguideId>C001093</bioguideId>
          <gpoId />
        </identifiers>
        <sponsorshipWithdrawnDate />
      </item>
      <item>
        <isOriginalCosponsor>False</isOriginalCosponsor>
        <fullName>Rep. Kaptur, Marcy [D-OH-9]</fullName>
        <middleName />
        <sponsorshipDate>2017-10-23</sponsorshipDate>
        <bioguideId>K000009</bioguideId>
        <lastName>KAPTUR</lastName>
        <party>D</party>
        <district>9</district>
        <firstName>MARCY</firstName>
        <state>OH</state>
        <identifiers>
          <lisID>616</lisID>
          <bioguideId>K000009</bioguideId>
          <gpoId>8099</gpoId>
        </identifiers>
        <sponsorshipWithdrawnDate />
      </item>
      <item>
        <isOriginalCosponsor>False</isOriginalCosponsor>
        <fullName>Rep. Aderholt, Robert B. [R-AL-4]</fullName>
        <middleName>B.</middleName>
        <sponsorshipDate>2017-10-24</sponsorshipDate>
        <bioguideId>A000055</bioguideId>
        <lastName>ADERHOLT</lastName>
        <party>R</party>
        <district>4</district>
        <firstName>ROBERT</firstName>
        <state>AL</state>
        <identifiers>
          <bioguideId>A000055</bioguideId>
          <lisID>1460</lisID>
          <gpoId>7789</gpoId>
        </identifiers>
        <sponsorshipWithdrawnDate />
      </item>
      <item>
        <isOriginalCosponsor>False</isOriginalCosponsor>
        <fullName>Rep. Gonzalez-Colon, Jenniffer [R-PR-At Large]</fullName>
        <middleName />
        <sponsorshipDate>2017-11-01</sponsorshipDate>
        <bioguideId>G000582</bioguideId>
        <lastName>Gonzalez-Colon</lastName>
        <party>R</party>
        <district>0</district>
        <firstName>Jenniffer</firstName>
        <state>PR</state>
        <identifiers>
          <gpoId />
          <lisID>2347</lisID>
          <bioguideId>G000582</bioguideId>
        </identifiers>
        <sponsorshipWithdrawnDate />
      </item>
      <item>
        <isOriginalCosponsor>False</isOriginalCosponsor>
        <fullName>Rep. Loebsack, David [D-IA-2]</fullName>
        <middleName />
        <sponsorshipDate>2017-11-02</sponsorshipDate>
        <bioguideId>L000565</bioguideId>
        <lastName>Loebsack</lastName>
        <party>D</party>
        <district>2</district>
        <firstName>David</firstName>
        <state>IA</state>
        <identifiers>
          <bioguideId>L000565</bioguideId>
          <lisID>1846</lisID>
          <gpoId>7915</gpoId>
        </identifiers>
        <sponsorshipWithdrawnDate />
      </item>
      <item>
        <isOriginalCosponsor>False</isOriginalCosponsor>
        <fullName>Rep. Bordallo, Madeleine Z. [D-GU-At Large]</fullName>
        <middleName>Z.</middleName>
        <sponsorshipDate>2017-11-03</sponsorshipDate>
        <bioguideId>B001245</bioguideId>
        <lastName>Bordallo</lastName>
        <party>D</party>
        <district>0</district>
        <firstName>Madeleine</firstName>
        <state>GU</state>
        <identifiers>
          <lisID>1723</lisID>
          <gpoId>7911</gpoId>
          <bioguideId>B001245</bioguideId>
        </identifiers>
        <sponsorshipWithdrawnDate />
      </item>
      <item>
        <isOriginalCosponsor>False</isOriginalCosponsor>
        <fullName>Rep. Waters, Maxine [D-CA-43]</fullName>
        <middleName />
        <sponsorshipDate>2017-11-07</sponsorshipDate>
        <bioguideId>W000187</bioguideId>
        <lastName>WATERS</lastName>
        <party>D</party>
        <district>43</district>
        <firstName>MAXINE</firstName>
        <state>CA</state>
        <identifiers>
          <bioguideId>W000187</bioguideId>
          <lisID>1205</lisID>
          <gpoId>7840</gpoId>
        </identifiers>
        <sponsorshipWithdrawnDate />
      </item>
      <item>
        <isOriginalCosponsor>False</isOriginalCosponsor>
        <fullName>Rep. Jackson Lee, Sheila [D-TX-18]</fullName>
        <middleName />
        <sponsorshipDate>2017-11-29</sponsorshipDate>
        <bioguideId>J000032</bioguideId>
        <lastName>JACKSON LEE</lastName>
        <party>D</party>
        <district>18</district>
        <firstName>SHEILA</firstName>
        <state>TX</state>
        <identifiers>
          <bioguideId>J000032</bioguideId>
          <gpoId>8174</gpoId>
          <lisID>588</lisID>
        </identifiers>
        <sponsorshipWithdrawnDate />
      </item>
      <item>
        <isOriginalCosponsor>False</isOriginalCosponsor>
        <fullName>Rep. Delaney, John K. [D-MD-6]</fullName>
        <middleName>K.</middleName>
        <sponsorshipDate>2018-01-03</sponsorshipDate>
        <bioguideId>D000620</bioguideId>
        <lastName>Delaney</lastName>
        <party>D</party>
        <district>6</district>
        <firstName>John</firstName>
        <state>MD</state>
        <identifiers>
          <lisID>2133</lisID>
          <bioguideId>D000620</bioguideId>
          <gpoId />
        </identifiers>
        <sponsorshipWithdrawnDate />
      </item>
      <item>
        <isOriginalCosponsor>False</isOriginalCosponsor>
        <fullName>Rep. Palazzo, Steven M. [R-MS-4]</fullName>
        <middleName>M.</middleName>
        <sponsorshipDate>2018-01-30</sponsorshipDate>
        <bioguideId>P000601</bioguideId>
        <lastName>Palazzo</lastName>
        <party>R</party>
        <district>4</district>
        <firstName>Steven</firstName>
        <state>MS</state>
        <identifiers>
          <bioguideId>P000601</bioguideId>
          <lisID>2035</lisID>
          <gpoId>8022</gpoId>
        </identifiers>
        <sponsorshipWithdrawnDate />
      </item>
    </cosponsors>
    <subjects>
      <billSubjects>
        <policyArea>
          <name>Armed Forces and National Security</name>
        </policyArea>
        <legislativeSubjects>
          <item>
            <name>Afghanistan</name>
          </item>
          <item>
            <name>Asia</name>
          </item>
          <item>
            <name>California</name>
          </item>
          <item>
            <name>Conflicts and wars</name>
          </item>
          <item>
            <name>Congressional tributes</name>
          </item>
          <item>
            <name>Iraq</name>
          </item>
          <item>
            <name>Kuwait</name>
          </item>
          <item>
            <name>Middle East</name>
          </item>
          <item>
            <name>Military education and training</name>
          </item>
          <item>
            <name>Military facilities and property</name>
          </item>
          <item>
            <name>Military personnel and dependents</name>
          </item>
          <item>
            <name>North Korea</name>
          </item>
          <item>
            <name>South Korea</name>
          </item>
          <item>
            <name>Veterans' organizations and recognition</name>
          </item>
          <item>
            <name>Vietnam</name>
          </item>
        </legislativeSubjects>
      </billSubjects>
    </subjects>
    <constitutionalAuthorityStatementText />
    <laws />
    <actions>
      <actionByCounts>
        <houseOfRepresentatives>4</houseOfRepresentatives>
      </actionByCounts>
      <item>
        <actionDate>2017-06-16</actionDate>
        <committee>
          <name>Military Personnel Subcommittee</name>
          <systemCode>hsas02</systemCode>
        </committee>
        <links />
        <sourceSystem>
          <name>House committee actions</name>
          <code>1</code>
        </sourceSystem>
        <text>Referred to the Subcommittee on Military Personnel.</text>
        <type>Committee</type>
      </item>
      <item>
        <text>Referred to the House Committee on Armed Services.</text>
        <type>IntroReferral</type>
        <sourceSystem>
          <name>House floor actions</name>
          <code>2</code>
        </sourceSystem>
        <committee>
          <name>Armed Services Committee</name>
          <systemCode>hsas00</systemCode>
        </committee>
        <actionCode>H11100</actionCode>
        <actionDate>2017-05-22</actionDate>
        <links />
      </item>
      <item>
        <text>Introduced in House</text>
        <type>IntroReferral</type>
        <sourceSystem>
          <name>Library of Congress</name>
          <code>9</code>
        </sourceSystem>
        <committee />
        <actionCode>Intro-H</actionCode>
        <actionDate>2017-05-22</actionDate>
        <links />
      </item>
      <item>
        <text>Introduced in House</text>
        <type>IntroReferral</type>
        <sourceSystem>
          <name>Library of Congress</name>
          <code>9</code>
        </sourceSystem>
        <committee />
        <actionCode>1000</actionCode>
        <actionDate>2017-05-22</actionDate>
        <links />
      </item>
      <actionTypeCounts>
        <introducedInHouse>1</introducedInHouse>
        <billReferrals>1</billReferrals>
        <placeholderTextForH>1</placeholderTextForH>
        <introducedInTheHouse>1</introducedInTheHouse>
      </actionTypeCounts>
    </actions>
    <titles>
      <item>
        <chamberName />
        <titleType>Official Title as Introduced</titleType>
        <title>Recognizing the 75th anniversary of Marine Corps Base Camp Pendleton.</title>
        <parentTitleType />
        <chamberCode />
      </item>
      <item>
        <chamberName />
        <titleType>Display Title</titleType>
        <title>Recognizing the 75th anniversary of Marine Corps Base Camp Pendleton.</title>
        <parentTitleType />
        <chamberCode />
      </item>
    </titles>
    <summaries>
      <billSummaries>
        <item>
          <versionCode>00</versionCode>
          <actionDate>2017-05-22</actionDate>
          <updateDate>2017-05-22T04:00:00Z</updateDate>
          <text><![CDATA[<p>Commemorates the service, dedication, and sacrifice of our armed service members and their families who served at Marine Corps Base Camp Pendleton on its 75th anniversary.</p> <p>Recognizes the fighting force of the I Marine Expeditionary Force, 1st Marine Division, 1st Marine Logistics Group, Marine Corps Installation-West, 1st Marine Raider Battalion, Wounded Warriors Battalion-West, Marine Corps Air Station at Munn Field, Marine Aircraft Group 39, Marine Corps Tactical Systems Support Activity, Marine Corps Recruit Depot San Diego's Weapons &amp; Field Training Battalion, Marine Corps School of Infantry-West, Marine Corps and Army Reserve Forces, the Navy's Assault Craft Unit 5, Naval Hospital Camp Pendleton, and 1st Dental Battalion.</p> <p>Commends the members of the Armed Forces who deployed from Camp Pendleton to fight in World War II and the Korean, Vietnam, Kuwait, Iraq, and Afghanistan wars.</p>]]></text>
          <actionDesc>Introduced in House</actionDesc>
          <name>Introduced in House</name>
          <lastSummaryUpdateDate>2017-08-24T15:49:20Z</lastSummaryUpdateDate>
        </item>
      </billSummaries>
    </summaries>
    <committees>
      <billCommittees>
        <item>
          <chamber>House</chamber>
          <subcommittees>
            <item>
              <activities>
                <item>
                  <date>2017-06-16T14:22:25Z</date>
                  <name>Referred to</name>
                </item>
              </activities>
              <systemCode>hsas02</systemCode>
              <name>Military Personnel Subcommittee</name>
            </item>
          </subcommittees>
          <type>Standing</type>
          <activities>
            <item>
              <date>2017-05-22T16:01:35Z</date>
              <name>Referred to</name>
            </item>
          </activities>
          <systemCode>hsas00</systemCode>
          <name>Armed Services Committee</name>
        </item>
      </billCommittees>
    </committees>
    <introducedDate>2017-05-22</introducedDate>
    <updateDate>2018-02-06T16:39:22Z</updateDate>
    <cboCostEstimates />
    <recordedVotes />
    <billType>HCONRES</billType>
    <createDate>2017-05-23T03:11:38Z</createDate>
    <latestAction>
      <text>Referred to the Subcommittee on Military Personnel.</text>
      <links />
      <actionDate>2017-06-16</actionDate>
    </latestAction>
  </bill>
  <dublinCore xmlns:dc="http://purl.org/dc/elements/1.1/">
    <dc:format>text/xml</dc:format>
    <dc:language>EN</dc:language>
    <dc:rights>Pursuant to Title 17 Section 105 of the United States Code, this file is not subject to copyright protection and is in the public domain.</dc:rights>
    <dc:contributor>Congressional Research Service, Library of Congress</dc:contributor>
    <dc:description>This file contains bill summaries and statuses for federal legislation. A bill summary describes the most significant provisions of a piece of legislation and details the effects the legislative text may have on current law and federal programs. Bill summaries are authored by the Congressional Research Service (CRS) of the Library of Congress. As stated in Public Law 91-510 (2 USC 166 (d)(6)), one of the duties of CRS is "to prepare summaries and digests of bills and resolutions of a public general nature introduced in the Senate or House of Representatives". For more information, refer to the User Guide that accompanies this file.</dc:description>
  </dublinCore>
</billStatus>

