<?xml version="1.0" encoding="UTF-8"?>
<billStatus>
  <bill>
    <introducedDate>2017-01-24</introducedDate>
    <congress>115</congress>
    <latestAction>
      <actionDate>2017-01-24</actionDate>
      <links />
      <text>Referred to the House Committee on Oversight and Government Reform.</text>
    </latestAction>
    <originChamber>House</originChamber>
    <billNumber>12</billNumber>
    <sponsors>
      <item>
        <state>MI</state>
        <identifiers>
          <lisID>2249</lisID>
          <bioguideId>B001293</bioguideId>
          <gpoId />
        </identifiers>
        <bioguideId>B001293</bioguideId>
        <lastName>Bishop</lastName>
        <fullName>Rep. Bishop, Mike [R-MI-8]</fullName>
        <district>8</district>
        <firstName>Mike</firstName>
        <byRequestType />
        <middleName />
        <party>R</party>
      </item>
    </sponsors>
    <committeeReports />
    <relatedBills />
    <titles>
      <item>
        <chamberName />
        <titleType>Official Title as Introduced</titleType>
        <title>Supporting the designation of the week of September 11 to September 17 as "Patriot Week".</title>
        <parentTitleType />
        <chamberCode />
      </item>
      <item>
        <chamberName />
        <titleType>Display Title</titleType>
        <title>Supporting the designation of the week of September 11 to September 17 as "Patriot Week".</title>
        <parentTitleType />
        <chamberCode />
      </item>
    </titles>
    <constitutionalAuthorityStatementText />
    <billType>HCONRES</billType>
    <summaries>
      <billSummaries>
        <item>
          <versionCode>00</versionCode>
          <text><![CDATA[<p>Expresses support for the designation of Patriot Week.</p> <p>Recognizes that each generation should renew the spirit of the nation based on the first principles, historical figures, founding documents, and symbols of the United States.</p>]]></text>
          <actionDesc>Introduced in House</actionDesc>
          <actionDate>2017-01-24</actionDate>
          <lastSummaryUpdateDate>2017-01-30T20:38:59Z</lastSummaryUpdateDate>
          <name>Introduced in House</name>
          <updateDate>2017-01-24T05:00:00Z</updateDate>
        </item>
      </billSummaries>
    </summaries>
    <subjects>
      <billSubjects>
        <legislativeSubjects>
          <item>
            <name>Commemorative events and holidays</name>
          </item>
          <item>
            <name>Constitution and constitutional amendments</name>
          </item>
          <item>
            <name>Elementary and secondary education</name>
          </item>
          <item>
            <name>National symbols</name>
          </item>
          <item>
            <name>U.S. history</name>
          </item>
        </legislativeSubjects>
        <policyArea>
          <name>Social Sciences and History</name>
        </policyArea>
      </billSubjects>
    </subjects>
    <laws />
    <policyArea>
      <name>Social Sciences and History</name>
    </policyArea>
    <committees>
      <billCommittees>
        <item>
          <systemCode>hsgo00</systemCode>
          <chamber>House</chamber>
          <type>Standing</type>
          <activities>
            <item>
              <date>2017-01-24T15:05:50Z</date>
              <name>Referred to</name>
            </item>
          </activities>
          <name>Oversight and Government Reform Committee</name>
          <subcommittees />
        </item>
      </billCommittees>
    </committees>
    <version>1.0.0</version>
    <recordedVotes />
    <updateDate>2018-02-06T16:39:20Z</updateDate>
    <title>Supporting the designation of the week of September 11 to September 17 as "Patriot Week".</title>
    <createDate>2017-01-25T04:45:51Z</createDate>
    <cboCostEstimates />
    <actions>
      <item>
        <links />
        <actionDate>2017-01-24</actionDate>
        <type>IntroReferral</type>
        <text>Referred to the House Committee on Oversight and Government Reform.</text>
        <actionCode>H11100</actionCode>
        <sourceSystem>
          <name>House floor actions</name>
          <code>2</code>
        </sourceSystem>
        <committee>
          <systemCode>hsgo00</systemCode>
          <name>Oversight and Government Reform Committee</name>
        </committee>
      </item>
      <item>
        <links />
        <actionDate>2017-01-24</actionDate>
        <type>IntroReferral</type>
        <text>Introduced in House</text>
        <actionCode>Intro-H</actionCode>
        <sourceSystem>
          <name>Library of Congress</name>
          <code>9</code>
        </sourceSystem>
        <committee />
      </item>
      <item>
        <links />
        <actionDate>2017-01-24</actionDate>
        <type>IntroReferral</type>
        <text>Introduced in House</text>
        <actionCode>1000</actionCode>
        <sourceSystem>
          <name>Library of Congress</name>
          <code>9</code>
        </sourceSystem>
        <committee />
      </item>
      <actionByCounts>
        <houseOfRepresentatives>3</houseOfRepresentatives>
      </actionByCounts>
      <actionTypeCounts>
        <billReferrals>1</billReferrals>
        <introducedInTheHouse>1</introducedInTheHouse>
        <introducedInHouse>1</introducedInHouse>
      </actionTypeCounts>
    </actions>
    <amendments />
    <notes />
    <calendarNumbers />
    <cosponsors>
      <item>
        <sponsorshipWithdrawnDate />
        <state>MI</state>
        <bioguideId>H001058</bioguideId>
        <fullName>Rep. Huizenga, Bill [R-MI-2]</fullName>
        <district>2</district>
        <firstName>Bill</firstName>
        <middleName />
        <isOriginalCosponsor>True</isOriginalCosponsor>
        <sponsorshipDate>2017-01-24</sponsorshipDate>
        <identifiers>
          <gpoId>7987</gpoId>
          <bioguideId>H001058</bioguideId>
          <lisID>2028</lisID>
        </identifiers>
        <lastName>Huizenga</lastName>
        <party>R</party>
      </item>
      <item>
        <sponsorshipWithdrawnDate />
        <state>MI</state>
        <bioguideId>M001194</bioguideId>
        <fullName>Rep. Moolenaar, John R. [R-MI-4]</fullName>
        <district>4</district>
        <firstName>John</firstName>
        <middleName>R.</middleName>
        <isOriginalCosponsor>True</isOriginalCosponsor>
        <sponsorshipDate>2017-01-24</sponsorshipDate>
        <identifiers>
          <bioguideId>M001194</bioguideId>
          <lisID>2248</lisID>
          <gpoId />
        </identifiers>
        <lastName>Moolenaar</lastName>
        <party>R</party>
      </item>
      <item>
        <sponsorshipWithdrawnDate />
        <state>MI</state>
        <bioguideId>W000798</bioguideId>
        <fullName>Rep. Walberg, Tim [R-MI-7]</fullName>
        <district>7</district>
        <firstName>Tim</firstName>
        <middleName />
        <isOriginalCosponsor>True</isOriginalCosponsor>
        <sponsorshipDate>2017-01-24</sponsorshipDate>
        <identifiers>
          <lisID>1855</lisID>
          <gpoId>7992</gpoId>
          <bioguideId>W000798</bioguideId>
        </identifiers>
        <lastName>Walberg</lastName>
        <party>R</party>
      </item>
      <item>
        <sponsorshipWithdrawnDate />
        <state>MI</state>
        <bioguideId>T000475</bioguideId>
        <fullName>Rep. Trott, David A. [R-MI-11]</fullName>
        <district>11</district>
        <firstName>David</firstName>
        <middleName>A.</middleName>
        <isOriginalCosponsor>True</isOriginalCosponsor>
        <sponsorshipDate>2017-01-24</sponsorshipDate>
        <identifiers>
          <lisID>2250</lisID>
          <gpoId />
          <bioguideId>T000475</bioguideId>
        </identifiers>
        <lastName>Trott</lastName>
        <party>R</party>
      </item>
      <item>
        <sponsorshipWithdrawnDate />
        <state>MI</state>
        <bioguideId>M001201</bioguideId>
        <fullName>Rep. Mitchell, Paul [R-MI-10]</fullName>
        <district>10</district>
        <firstName>Paul</firstName>
        <middleName />
        <isOriginalCosponsor>True</isOriginalCosponsor>
        <sponsorshipDate>2017-01-24</sponsorshipDate>
        <identifiers>
          <lisID>2334</lisID>
          <gpoId />
          <bioguideId>M001201</bioguideId>
        </identifiers>
        <lastName>Mitchell</lastName>
        <party>R</party>
      </item>
    </cosponsors>
  </bill>
  <dublinCore xmlns:dc="http://purl.org/dc/elements/1.1/">
    <dc:format>text/xml</dc:format>
    <dc:language>EN</dc:language>
    <dc:rights>Pursuant to Title 17 Section 105 of the United States Code, this file is not subject to copyright protection and is in the public domain.</dc:rights>
    <dc:contributor>Congressional Research Service, Library of Congress</dc:contributor>
    <dc:description>This file contains bill summaries and statuses for federal legislation. A bill summary describes the most significant provisions of a piece of legislation and details the effects the legislative text may have on current law and federal programs. Bill summaries are authored by the Congressional Research Service (CRS) of the Library of Congress. As stated in Public Law 91-510 (2 USC 166 (d)(6)), one of the duties of CRS is "to prepare summaries and digests of bills and resolutions of a public general nature introduced in the Senate or House of Representatives". For more information, refer to the User Guide that accompanies this file.</dc:description>
  </dublinCore>
</billStatus>

