<?xml version="1.0" encoding="UTF-8"?>
<billStatus>
  <bill>
    <policyArea>
      <name>Congress</name>
    </policyArea>
    <introducedDate>2017-09-28</introducedDate>
    <cosponsors>
      <item>
        <identifiers>
          <gpoId>8189</gpoId>
          <lisID>1753</lisID>
          <bioguideId>B001250</bioguideId>
        </identifiers>
        <sponsorshipDate>2017-09-28</sponsorshipDate>
        <district>1</district>
        <middleName />
        <sponsorshipWithdrawnDate />
        <fullName>Rep. Bishop, Rob [R-UT-1]</fullName>
        <party>R</party>
        <firstName>Rob</firstName>
        <isOriginalCosponsor>True</isOriginalCosponsor>
        <lastName>Bishop</lastName>
        <state>UT</state>
        <bioguideId>B001250</bioguideId>
      </item>
      <item>
        <identifiers>
          <lisID>1723</lisID>
          <gpoId>7911</gpoId>
          <bioguideId>B001245</bioguideId>
        </identifiers>
        <sponsorshipDate>2017-09-28</sponsorshipDate>
        <district>0</district>
        <middleName>Z.</middleName>
        <sponsorshipWithdrawnDate />
        <fullName>Rep. Bordallo, Madeleine Z. [D-GU-At Large]</fullName>
        <party>D</party>
        <firstName>Madeleine</firstName>
        <isOriginalCosponsor>True</isOriginalCosponsor>
        <lastName>Bordallo</lastName>
        <state>GU</state>
        <bioguideId>B001245</bioguideId>
      </item>
      <item>
        <identifiers>
          <bioguideId>C001101</bioguideId>
          <lisID>2196</lisID>
          <gpoId />
        </identifiers>
        <sponsorshipDate>2017-09-28</sponsorshipDate>
        <district>5</district>
        <middleName>M.</middleName>
        <sponsorshipWithdrawnDate />
        <fullName>Rep. Clark, Katherine M. [D-MA-5]</fullName>
        <party>D</party>
        <firstName>Katherine</firstName>
        <isOriginalCosponsor>True</isOriginalCosponsor>
        <lastName>Clark</lastName>
        <state>MA</state>
        <bioguideId>C001101</bioguideId>
      </item>
      <item>
        <identifiers>
          <lisID>1976</lisID>
          <bioguideId>D000610</bioguideId>
          <gpoId>7891</gpoId>
        </identifiers>
        <sponsorshipDate>2017-09-28</sponsorshipDate>
        <district>22</district>
        <middleName>E.</middleName>
        <sponsorshipWithdrawnDate />
        <fullName>Rep. Deutch, Theodore E. [D-FL-22]</fullName>
        <party>D</party>
        <firstName>Theodore</firstName>
        <isOriginalCosponsor>True</isOriginalCosponsor>
        <lastName>Deutch</lastName>
        <state>FL</state>
        <bioguideId>D000610</bioguideId>
      </item>
      <item>
        <identifiers>
          <gpoId />
          <bioguideId>D000625</bioguideId>
          <lisID>2293</lisID>
        </identifiers>
        <sponsorshipDate>2017-09-28</sponsorshipDate>
        <district>11</district>
        <middleName>M.</middleName>
        <sponsorshipWithdrawnDate />
        <fullName>Rep. Donovan, Daniel M., Jr. [R-NY-11]</fullName>
        <party>R</party>
        <firstName>Daniel</firstName>
        <isOriginalCosponsor>True</isOriginalCosponsor>
        <lastName>Donovan</lastName>
        <state>NY</state>
        <bioguideId>D000625</bioguideId>
      </item>
      <item>
        <identifiers>
          <lisID>2046</lisID>
          <bioguideId>J000292</bioguideId>
          <gpoId>8096</gpoId>
        </identifiers>
        <sponsorshipDate>2017-09-28</sponsorshipDate>
        <district>6</district>
        <middleName />
        <sponsorshipWithdrawnDate />
        <fullName>Rep. Johnson, Bill [R-OH-6]</fullName>
        <party>R</party>
        <firstName>Bill</firstName>
        <isOriginalCosponsor>True</isOriginalCosponsor>
        <lastName>Johnson</lastName>
        <state>OH</state>
        <bioguideId>J000292</bioguideId>
      </item>
      <item>
        <identifiers>
          <lisID>612</lisID>
          <gpoId>8026</gpoId>
          <bioguideId>J000255</bioguideId>
        </identifiers>
        <sponsorshipDate>2017-09-28</sponsorshipDate>
        <district>3</district>
        <middleName>B.</middleName>
        <sponsorshipWithdrawnDate />
        <fullName>Rep. Jones, Walter B., Jr. [R-NC-3]</fullName>
        <party>R</party>
        <firstName>WALTER</firstName>
        <isOriginalCosponsor>True</isOriginalCosponsor>
        <lastName>JONES</lastName>
        <state>NC</state>
        <bioguideId>J000255</bioguideId>
      </item>
      <item>
        <identifiers>
          <bioguideId>K000375</bioguideId>
          <gpoId>7975</gpoId>
          <lisID>2025</lisID>
        </identifiers>
        <sponsorshipDate>2017-09-28</sponsorshipDate>
        <district>9</district>
        <middleName>R.</middleName>
        <sponsorshipWithdrawnDate />
        <fullName>Rep. Keating, William R. [D-MA-9]</fullName>
        <party>D</party>
        <firstName>William</firstName>
        <isOriginalCosponsor>True</isOriginalCosponsor>
        <lastName>Keating</lastName>
        <state>MA</state>
        <bioguideId>K000375</bioguideId>
      </item>
      <item>
        <identifiers>
          <bioguideId>K000210</bioguideId>
          <gpoId>8064</gpoId>
          <lisID>635</lisID>
        </identifiers>
        <sponsorshipDate>2017-09-28</sponsorshipDate>
        <district>2</district>
        <middleName>T.</middleName>
        <sponsorshipWithdrawnDate />
        <fullName>Rep. King, Peter T. [R-NY-2]</fullName>
        <party>R</party>
        <firstName>PETER</firstName>
        <isOriginalCosponsor>True</isOriginalCosponsor>
        <lastName>KING</lastName>
        <state>NY</state>
        <bioguideId>K000210</bioguideId>
      </item>
      <item>
        <identifiers>
          <lisID>1936</lisID>
          <bioguideId>L000567</bioguideId>
          <gpoId>8049</gpoId>
        </identifiers>
        <sponsorshipDate>2017-09-28</sponsorshipDate>
        <district>7</district>
        <middleName />
        <sponsorshipWithdrawnDate />
        <fullName>Rep. Lance, Leonard [R-NJ-7]</fullName>
        <party>R</party>
        <firstName>Leonard</firstName>
        <isOriginalCosponsor>True</isOriginalCosponsor>
        <lastName>Lance</lastName>
        <state>NJ</state>
        <bioguideId>L000567</bioguideId>
      </item>
      <item>
        <identifiers>
          <lisID>1846</lisID>
          <gpoId>7915</gpoId>
          <bioguideId>L000565</bioguideId>
        </identifiers>
        <sponsorshipDate>2017-09-28</sponsorshipDate>
        <district>2</district>
        <middleName />
        <sponsorshipWithdrawnDate />
        <fullName>Rep. Loebsack, David [D-IA-2]</fullName>
        <party>D</party>
        <firstName>David</firstName>
        <isOriginalCosponsor>True</isOriginalCosponsor>
        <lastName>Loebsack</lastName>
        <state>IA</state>
        <bioguideId>L000565</bioguideId>
      </item>
      <item>
        <identifiers>
          <lisID>1504</lisID>
          <gpoId>7968</gpoId>
          <bioguideId>M000312</bioguideId>
        </identifiers>
        <sponsorshipDate>2017-09-28</sponsorshipDate>
        <district>2</district>
        <middleName>P.</middleName>
        <sponsorshipWithdrawnDate />
        <fullName>Rep. McGovern, James P. [D-MA-2]</fullName>
        <party>D</party>
        <firstName>JAMES</firstName>
        <isOriginalCosponsor>True</isOriginalCosponsor>
        <lastName>MCGOVERN</lastName>
        <state>MA</state>
        <bioguideId>M000312</bioguideId>
      </item>
      <item>
        <identifiers>
          <bioguideId>P000034</bioguideId>
          <gpoId>8048</gpoId>
          <lisID>887</lisID>
        </identifiers>
        <sponsorshipDate>2017-09-28</sponsorshipDate>
        <district>6</district>
        <middleName />
        <sponsorshipWithdrawnDate />
        <fullName>Rep. Pallone, Frank, Jr. [D-NJ-6]</fullName>
        <party>D</party>
        <firstName>FRANK</firstName>
        <isOriginalCosponsor>True</isOriginalCosponsor>
        <lastName>PALLONE</lastName>
        <state>NJ</state>
        <bioguideId>P000034</bioguideId>
      </item>
      <item>
        <identifiers>
          <lisID>910</lisID>
          <bioguideId>P000258</bioguideId>
          <gpoId>8007</gpoId>
        </identifiers>
        <sponsorshipDate>2017-09-28</sponsorshipDate>
        <district>7</district>
        <middleName>C.</middleName>
        <sponsorshipWithdrawnDate />
        <fullName>Rep. Peterson, Collin C. [D-MN-7]</fullName>
        <party>D</party>
        <firstName>COLLIN</firstName>
        <isOriginalCosponsor>True</isOriginalCosponsor>
        <lastName>PETERSON</lastName>
        <state>MN</state>
        <bioguideId>P000258</bioguideId>
      </item>
      <item>
        <identifiers>
          <lisID>1954</lisID>
          <bioguideId>R000582</bioguideId>
          <gpoId>8148</gpoId>
        </identifiers>
        <sponsorshipDate>2017-09-28</sponsorshipDate>
        <district>1</district>
        <middleName>P.</middleName>
        <sponsorshipWithdrawnDate />
        <fullName>Rep. Roe, David P. [R-TN-1]</fullName>
        <party>R</party>
        <firstName>David</firstName>
        <isOriginalCosponsor>True</isOriginalCosponsor>
        <lastName>Roe</lastName>
        <state>TN</state>
        <bioguideId>R000582</bioguideId>
      </item>
      <item>
        <identifiers>
          <bioguideId>R000603</bioguideId>
          <lisID>2256</lisID>
          <gpoId />
        </identifiers>
        <sponsorshipDate>2017-09-28</sponsorshipDate>
        <district>7</district>
        <middleName />
        <sponsorshipWithdrawnDate />
        <fullName>Rep. Rouzer, David [R-NC-7]</fullName>
        <party>R</party>
        <firstName>David</firstName>
        <isOriginalCosponsor>True</isOriginalCosponsor>
        <lastName>Rouzer</lastName>
        <state>NC</state>
        <bioguideId>R000603</bioguideId>
      </item>
      <item>
        <identifiers>
          <lisID>2128</lisID>
          <gpoId />
          <bioguideId>W000813</bioguideId>
        </identifiers>
        <sponsorshipDate>2017-09-28</sponsorshipDate>
        <district>2</district>
        <middleName />
        <sponsorshipWithdrawnDate />
        <fullName>Rep. Walorski, Jackie [R-IN-2]</fullName>
        <party>R</party>
        <firstName>Jackie</firstName>
        <isOriginalCosponsor>True</isOriginalCosponsor>
        <lastName>Walorski</lastName>
        <state>IN</state>
        <bioguideId>W000813</bioguideId>
      </item>
    </cosponsors>
    <titles>
      <item>
        <chamberName />
        <parentTitleType />
        <chamberCode />
        <titleType>Official Title as Introduced</titleType>
        <title>Authorizing the use of Emancipation Hall in the Capitol Visitor Center for the unveiling of the American Prisoners of War/Missing in Action (POW/MIA) Chair of Honor.</title>
      </item>
      <item>
        <chamberName />
        <parentTitleType />
        <chamberCode />
        <titleType>Display Title</titleType>
        <title>Authorizing the use of Emancipation Hall in the Capitol Visitor Center for the unveiling of the American Prisoners of War/Missing in Action (POW/MIA) Chair of Honor.</title>
      </item>
    </titles>
    <congress>115</congress>
    <recordedVotes />
    <amendments />
    <laws />
    <cboCostEstimates />
    <actions>
      <actionTypeCounts>
        <introducedInTheHouse>1</introducedInTheHouse>
        <billReferrals>1</billReferrals>
        <introducedInHouse>1</introducedInHouse>
      </actionTypeCounts>
      <item>
        <type>IntroReferral</type>
        <links />
        <text>Referred to the House Committee on House Administration.</text>
        <committee>
          <systemCode>hsha00</systemCode>
          <name>House Administration Committee</name>
        </committee>
        <actionDate>2017-09-28</actionDate>
        <sourceSystem>
          <name>House floor actions</name>
          <code>2</code>
        </sourceSystem>
        <actionCode>H11100</actionCode>
      </item>
      <item>
        <type>IntroReferral</type>
        <links />
        <text>Introduced in House</text>
        <committee />
        <actionDate>2017-09-28</actionDate>
        <sourceSystem>
          <name>Library of Congress</name>
          <code>9</code>
        </sourceSystem>
        <actionCode>Intro-H</actionCode>
      </item>
      <item>
        <type>IntroReferral</type>
        <links />
        <text>Introduced in House</text>
        <committee />
        <actionDate>2017-09-28</actionDate>
        <sourceSystem>
          <name>Library of Congress</name>
          <code>9</code>
        </sourceSystem>
        <actionCode>1000</actionCode>
      </item>
      <actionByCounts>
        <houseOfRepresentatives>3</houseOfRepresentatives>
      </actionByCounts>
    </actions>
    <updateDate>2018-02-06T16:39:28Z</updateDate>
    <summaries>
      <billSummaries>
        <item>
          <updateDate>2017-09-28T04:00:00Z</updateDate>
          <lastSummaryUpdateDate>2017-11-09T20:27:38Z</lastSummaryUpdateDate>
          <actionDate>2017-09-28</actionDate>
          <name>Introduced in House</name>
          <actionDesc>Introduced in House</actionDesc>
          <versionCode>00</versionCode>
          <text><![CDATA[<p>Authorizes the use of Emancipation Hall in the Capitol Visitor Center for the unveiling of the American Prisoners of War/Missing in Action (POW/MIA) Chair of Honor.</p>]]></text>
        </item>
      </billSummaries>
    </summaries>
    <title>Authorizing the use of Emancipation Hall in the Capitol Visitor Center for the unveiling of the American Prisoners of War/Missing in Action (POW/MIA) Chair of Honor.</title>
    <calendarNumbers />
    <originChamber>House</originChamber>
    <constitutionalAuthorityStatementText />
    <notes />
    <billType>HCONRES</billType>
    <committees>
      <billCommittees>
        <item>
          <chamber>House</chamber>
          <subcommittees />
          <systemCode>hsha00</systemCode>
          <name>House Administration Committee</name>
          <activities>
            <item>
              <name>Referred to</name>
              <date>2017-09-28T13:04:05Z</date>
            </item>
          </activities>
          <type>Standing</type>
        </item>
      </billCommittees>
    </committees>
    <latestAction>
      <text>Referred to the House Committee on House Administration.</text>
      <actionDate>2017-09-28</actionDate>
      <links />
    </latestAction>
    <committeeReports />
    <billNumber>83</billNumber>
    <sponsors>
      <item>
        <byRequestType />
        <state>MA</state>
        <bioguideId>L000562</bioguideId>
        <identifiers>
          <gpoId>7974</gpoId>
          <bioguideId>L000562</bioguideId>
          <lisID>1686</lisID>
        </identifiers>
        <fullName>Rep. Lynch, Stephen F. [D-MA-8]</fullName>
        <district>8</district>
        <lastName>Lynch</lastName>
        <firstName>Stephen</firstName>
        <middleName>F.</middleName>
        <party>D</party>
      </item>
    </sponsors>
    <subjects>
      <billSubjects>
        <policyArea>
          <name>Congress</name>
        </policyArea>
        <legislativeSubjects>
          <item>
            <name>Conflicts and wars</name>
          </item>
          <item>
            <name>Congressional tributes</name>
          </item>
          <item>
            <name>Military personnel and dependents</name>
          </item>
          <item>
            <name>Monuments and memorials</name>
          </item>
          <item>
            <name>U.S. Capitol</name>
          </item>
        </legislativeSubjects>
      </billSubjects>
    </subjects>
    <createDate>2017-09-29T03:11:20Z</createDate>
    <version>1.0.0</version>
    <relatedBills>
      <item>
        <latestTitle>A concurrent resolution authorizing the use of Emancipation Hall in the Capitol Visitor Center for the unveiling of the American Prisoners of War/Missing in Action (POW/MIA) Chair of Honor.</latestTitle>
        <number>26</number>
        <latestAction>
          <actionDate>2017-10-25</actionDate>
          <text>Motion to reconsider laid on the table Agreed to without objection.</text>
          <actionTime>14:12:43</actionTime>
        </latestAction>
        <congress>115</congress>
        <relationshipDetails>
          <item>
            <identifiedBy>CRS</identifiedBy>
            <type>Identical bill</type>
          </item>
        </relationshipDetails>
        <type>SCONRES</type>
      </item>
    </relatedBills>
  </bill>
  <dublinCore xmlns:dc="http://purl.org/dc/elements/1.1/">
    <dc:format>text/xml</dc:format>
    <dc:language>EN</dc:language>
    <dc:rights>Pursuant to Title 17 Section 105 of the United States Code, this file is not subject to copyright protection and is in the public domain.</dc:rights>
    <dc:contributor>Congressional Research Service, Library of Congress</dc:contributor>
    <dc:description>This file contains bill summaries and statuses for federal legislation. A bill summary describes the most significant provisions of a piece of legislation and details the effects the legislative text may have on current law and federal programs. Bill summaries are authored by the Congressional Research Service (CRS) of the Library of Congress. As stated in Public Law 91-510 (2 USC 166 (d)(6)), one of the duties of CRS is "to prepare summaries and digests of bills and resolutions of a public general nature introduced in the Senate or House of Representatives". For more information, refer to the User Guide that accompanies this file.</dc:description>
  </dublinCore>
</billStatus>

