<?xml version="1.0" encoding="UTF-8"?>
<billStatus>
  <bill>
    <policyArea>
      <name>Health</name>
    </policyArea>
    <committeeReports />
    <congress>115</congress>
    <sponsors>
      <item>
        <identifiers>
          <lisID>2152</lisID>
          <bioguideId>W000815</bioguideId>
          <gpoId />
        </identifiers>
        <district>2</district>
        <middleName>R.</middleName>
        <byRequestType />
        <fullName>Rep. Wenstrup, Brad R. [R-OH-2]</fullName>
        <bioguideId>W000815</bioguideId>
        <state>OH</state>
        <party>R</party>
        <firstName>Brad</firstName>
        <lastName>Wenstrup</lastName>
      </item>
    </sponsors>
    <calendarNumbers />
    <amendments />
    <relatedBills />
    <notes />
    <originChamber>House</originChamber>
    <version>1.0.0</version>
    <billNumber>80</billNumber>
    <title>Expressing the sense of the Congress that assisted suicide (sometimes referred to as death with dignity, end-of-life options, aid-in-dying, or similar phrases) puts everyone, including those most vulnerable, at risk of deadly harm and undermines the integrity of the health care system.</title>
    <cosponsors>
      <item>
        <isOriginalCosponsor>True</isOriginalCosponsor>
        <fullName>Rep. Correa, J. Luis [D-CA-46]</fullName>
        <middleName>Luis</middleName>
        <sponsorshipDate>2017-09-26</sponsorshipDate>
        <bioguideId>C001110</bioguideId>
        <lastName>Correa</lastName>
        <party>D</party>
        <district>46</district>
        <firstName>J.</firstName>
        <state>CA</state>
        <identifiers>
          <lisID>2312</lisID>
          <bioguideId>C001110</bioguideId>
          <gpoId />
        </identifiers>
        <sponsorshipWithdrawnDate />
      </item>
      <item>
        <isOriginalCosponsor>True</isOriginalCosponsor>
        <fullName>Rep. Vargas, Juan [D-CA-51]</fullName>
        <middleName />
        <sponsorshipDate>2017-09-26</sponsorshipDate>
        <bioguideId>V000130</bioguideId>
        <lastName>Vargas</lastName>
        <party>D</party>
        <district>51</district>
        <firstName>Juan</firstName>
        <state>CA</state>
        <identifiers>
          <lisID>2112</lisID>
          <bioguideId>V000130</bioguideId>
          <gpoId />
        </identifiers>
        <sponsorshipWithdrawnDate />
      </item>
      <item>
        <isOriginalCosponsor>True</isOriginalCosponsor>
        <fullName>Rep. Langevin, James R. [D-RI-2]</fullName>
        <middleName>R.</middleName>
        <sponsorshipDate>2017-09-26</sponsorshipDate>
        <bioguideId>L000559</bioguideId>
        <lastName>LANGEVIN</lastName>
        <party>D</party>
        <district>2</district>
        <firstName>JAMES</firstName>
        <state>RI</state>
        <identifiers>
          <lisID>1668</lisID>
          <gpoId>8140</gpoId>
          <bioguideId>L000559</bioguideId>
        </identifiers>
        <sponsorshipWithdrawnDate />
      </item>
      <item>
        <isOriginalCosponsor>True</isOriginalCosponsor>
        <fullName>Rep. Lipinski, Daniel [D-IL-3]</fullName>
        <middleName>William</middleName>
        <sponsorshipDate>2017-09-26</sponsorshipDate>
        <bioguideId>L000563</bioguideId>
        <lastName>Lipinski</lastName>
        <party>D</party>
        <district>3</district>
        <firstName>Daniel</firstName>
        <state>IL</state>
        <identifiers>
          <lisID>1781</lisID>
          <gpoId>7923</gpoId>
          <bioguideId>L000563</bioguideId>
        </identifiers>
        <sponsorshipWithdrawnDate />
      </item>
      <item>
        <isOriginalCosponsor>True</isOriginalCosponsor>
        <fullName>Rep. Harris, Andy [R-MD-1]</fullName>
        <middleName />
        <sponsorshipDate>2017-09-26</sponsorshipDate>
        <bioguideId>H001052</bioguideId>
        <lastName>Harris</lastName>
        <party>R</party>
        <district>1</district>
        <firstName>Andy</firstName>
        <state>MD</state>
        <identifiers>
          <bioguideId>H001052</bioguideId>
          <lisID>2026</lisID>
          <gpoId>7976</gpoId>
        </identifiers>
        <sponsorshipWithdrawnDate />
      </item>
      <item>
        <isOriginalCosponsor>True</isOriginalCosponsor>
        <fullName>Rep. LaHood, Darin [R-IL-18]</fullName>
        <middleName />
        <sponsorshipDate>2017-09-26</sponsorshipDate>
        <bioguideId>L000585</bioguideId>
        <lastName>LaHood</lastName>
        <party>R</party>
        <district>18</district>
        <firstName>Darin</firstName>
        <state>IL</state>
        <identifiers>
          <lisID>2295</lisID>
          <gpoId />
          <bioguideId>L000585</bioguideId>
        </identifiers>
        <sponsorshipWithdrawnDate />
      </item>
      <item>
        <isOriginalCosponsor>True</isOriginalCosponsor>
        <fullName>Rep. Abraham, Ralph Lee [R-LA-5]</fullName>
        <middleName>Lee</middleName>
        <sponsorshipDate>2017-09-26</sponsorshipDate>
        <bioguideId>A000374</bioguideId>
        <lastName>Abraham</lastName>
        <party>R</party>
        <district>5</district>
        <firstName>Ralph</firstName>
        <state>LA</state>
        <identifiers>
          <lisID>2244</lisID>
          <bioguideId>A000374</bioguideId>
          <gpoId />
        </identifiers>
        <sponsorshipWithdrawnDate />
      </item>
      <item>
        <isOriginalCosponsor>True</isOriginalCosponsor>
        <fullName>Rep. Rothfus, Keith J. [R-PA-12]</fullName>
        <middleName>J.</middleName>
        <sponsorshipDate>2017-09-26</sponsorshipDate>
        <bioguideId>R000598</bioguideId>
        <lastName>Rothfus</lastName>
        <party>R</party>
        <district>12</district>
        <firstName>Keith</firstName>
        <state>PA</state>
        <identifiers>
          <bioguideId>R000598</bioguideId>
          <lisID>2158</lisID>
          <gpoId />
        </identifiers>
        <sponsorshipWithdrawnDate />
      </item>
      <item>
        <isOriginalCosponsor>True</isOriginalCosponsor>
        <fullName>Rep. Suozzi, Thomas R. [D-NY-3]</fullName>
        <middleName>R.</middleName>
        <sponsorshipDate>2017-09-26</sponsorshipDate>
        <bioguideId>S001201</bioguideId>
        <lastName>Suozzi</lastName>
        <party>D</party>
        <district>3</district>
        <firstName>Thomas</firstName>
        <state>NY</state>
        <identifiers>
          <bioguideId>S001201</bioguideId>
          <lisID>2341</lisID>
          <gpoId />
        </identifiers>
        <sponsorshipWithdrawnDate />
      </item>
      <item>
        <isOriginalCosponsor>False</isOriginalCosponsor>
        <fullName>Rep. Smith, Christopher H. [R-NJ-4]</fullName>
        <middleName>H.</middleName>
        <sponsorshipDate>2017-10-16</sponsorshipDate>
        <bioguideId>S000522</bioguideId>
        <lastName>SMITH</lastName>
        <party>R</party>
        <district>4</district>
        <firstName>CHRISTOPHER</firstName>
        <state>NJ</state>
        <identifiers>
          <bioguideId>S000522</bioguideId>
          <lisID>1071</lisID>
          <gpoId>8046</gpoId>
        </identifiers>
        <sponsorshipWithdrawnDate />
      </item>
      <item>
        <isOriginalCosponsor>False</isOriginalCosponsor>
        <fullName>Rep. Peterson, Collin C. [D-MN-7]</fullName>
        <middleName>C.</middleName>
        <sponsorshipDate>2017-10-16</sponsorshipDate>
        <bioguideId>P000258</bioguideId>
        <lastName>PETERSON</lastName>
        <party>D</party>
        <district>7</district>
        <firstName>COLLIN</firstName>
        <state>MN</state>
        <identifiers>
          <lisID>910</lisID>
          <bioguideId>P000258</bioguideId>
          <gpoId>8007</gpoId>
        </identifiers>
        <sponsorshipWithdrawnDate />
      </item>
      <item>
        <isOriginalCosponsor>False</isOriginalCosponsor>
        <fullName>Rep. Cartwright, Matt [D-PA-17]</fullName>
        <middleName />
        <sponsorshipDate>2017-11-02</sponsorshipDate>
        <bioguideId>C001090</bioguideId>
        <lastName>Cartwright</lastName>
        <party>D</party>
        <district>17</district>
        <firstName>Matt</firstName>
        <state>PA</state>
        <identifiers>
          <bioguideId>C001090</bioguideId>
          <lisID>2159</lisID>
          <gpoId />
        </identifiers>
        <sponsorshipWithdrawnDate />
      </item>
      <item>
        <isOriginalCosponsor>False</isOriginalCosponsor>
        <fullName>Rep. Wagner, Ann [R-MO-2]</fullName>
        <middleName />
        <sponsorshipDate>2017-11-06</sponsorshipDate>
        <bioguideId>W000812</bioguideId>
        <lastName>Wagner</lastName>
        <party>R</party>
        <district>2</district>
        <firstName>Ann</firstName>
        <state>MO</state>
        <identifiers>
          <lisID>2137</lisID>
          <gpoId />
          <bioguideId>W000812</bioguideId>
        </identifiers>
        <sponsorshipWithdrawnDate />
      </item>
    </cosponsors>
    <subjects>
      <billSubjects>
        <legislativeSubjects />
        <policyArea>
          <name>Health</name>
        </policyArea>
      </billSubjects>
    </subjects>
    <constitutionalAuthorityStatementText />
    <laws />
    <actions>
      <item>
        <actionDate>2017-09-29</actionDate>
        <committee>
          <systemCode>hsif14</systemCode>
          <name>Health Subcommittee</name>
        </committee>
        <links />
        <sourceSystem>
          <code>1</code>
          <name>House committee actions</name>
        </sourceSystem>
        <text>Referred to the Subcommittee on Health.</text>
        <type>Committee</type>
      </item>
      <item>
        <committee>
          <systemCode>hsif00</systemCode>
          <name>Energy and Commerce Committee</name>
        </committee>
        <sourceSystem>
          <code>2</code>
          <name>House floor actions</name>
        </sourceSystem>
        <actionDate>2017-09-26</actionDate>
        <text>Referred to the House Committee on Energy and Commerce.</text>
        <links />
        <type>IntroReferral</type>
        <actionCode>H11100</actionCode>
      </item>
      <item>
        <committee />
        <sourceSystem>
          <code>9</code>
          <name>Library of Congress</name>
        </sourceSystem>
        <actionDate>2017-09-26</actionDate>
        <text>Introduced in House</text>
        <links />
        <type>IntroReferral</type>
        <actionCode>Intro-H</actionCode>
      </item>
      <item>
        <committee />
        <sourceSystem>
          <code>9</code>
          <name>Library of Congress</name>
        </sourceSystem>
        <actionDate>2017-09-26</actionDate>
        <text>Introduced in House</text>
        <links />
        <type>IntroReferral</type>
        <actionCode>1000</actionCode>
      </item>
      <actionByCounts>
        <houseOfRepresentatives>4</houseOfRepresentatives>
      </actionByCounts>
      <actionTypeCounts>
        <billReferrals>1</billReferrals>
        <placeholderTextForH>1</placeholderTextForH>
        <introducedInTheHouse>1</introducedInTheHouse>
        <introducedInHouse>1</introducedInHouse>
      </actionTypeCounts>
    </actions>
    <titles>
      <item>
        <parentTitleType />
        <chamberCode />
        <chamberName />
        <titleType>Official Title as Introduced</titleType>
        <title>Expressing the sense of the Congress that assisted suicide (sometimes referred to as death with dignity, end-of-life options, aid-in-dying, or similar phrases) puts everyone, including those most vulnerable, at risk of deadly harm and undermines the integrity of the health care system.</title>
      </item>
      <item>
        <parentTitleType />
        <chamberCode />
        <chamberName />
        <titleType>Display Title</titleType>
        <title>Expressing the sense of the Congress that assisted suicide (sometimes referred to as death with dignity, end-of-life options, aid-in-dying, or similar phrases) puts everyone, including those most vulnerable, at risk of deadly harm and undermines the integrity of the health care system.</title>
      </item>
    </titles>
    <summaries>
      <billSummaries>
        <item>
          <versionCode>00</versionCode>
          <text><![CDATA[<p>Expresses the sense of Congress that the federal government should ensure that: (1) every person facing the end of their life has access to quality, comprehensive medical care; and (2) policies or practices supporting assisted suicide are not adopted. </p>]]></text>
          <actionDesc>Introduced in House</actionDesc>
          <actionDate>2017-09-26</actionDate>
          <lastSummaryUpdateDate>2018-02-05T20:07:08Z</lastSummaryUpdateDate>
          <name>Introduced in House</name>
          <updateDate>2017-09-26T04:00:00Z</updateDate>
        </item>
      </billSummaries>
    </summaries>
    <committees>
      <billCommittees>
        <item>
          <chamber>House</chamber>
          <name>Energy and Commerce Committee</name>
          <systemCode>hsif00</systemCode>
          <type>Standing</type>
          <subcommittees>
            <item>
              <systemCode>hsif14</systemCode>
              <name>Health Subcommittee</name>
              <activities>
                <item>
                  <name>Referred to</name>
                  <date>2017-09-29T20:39:18Z</date>
                </item>
              </activities>
            </item>
          </subcommittees>
          <activities>
            <item>
              <name>Referred to</name>
              <date>2017-09-26T14:00:20Z</date>
            </item>
          </activities>
        </item>
      </billCommittees>
    </committees>
    <introducedDate>2017-09-26</introducedDate>
    <updateDate>2018-02-06T16:39:28Z</updateDate>
    <cboCostEstimates />
    <recordedVotes />
    <billType>HCONRES</billType>
    <createDate>2017-09-27T03:11:20Z</createDate>
    <latestAction>
      <text>Referred to the Subcommittee on Health.</text>
      <links />
      <actionDate>2017-09-29</actionDate>
    </latestAction>
  </bill>
  <dublinCore xmlns:dc="http://purl.org/dc/elements/1.1/">
    <dc:format>text/xml</dc:format>
    <dc:language>EN</dc:language>
    <dc:rights>Pursuant to Title 17 Section 105 of the United States Code, this file is not subject to copyright protection and is in the public domain.</dc:rights>
    <dc:contributor>Congressional Research Service, Library of Congress</dc:contributor>
    <dc:description>This file contains bill summaries and statuses for federal legislation. A bill summary describes the most significant provisions of a piece of legislation and details the effects the legislative text may have on current law and federal programs. Bill summaries are authored by the Congressional Research Service (CRS) of the Library of Congress. As stated in Public Law 91-510 (2 USC 166 (d)(6)), one of the duties of CRS is "to prepare summaries and digests of bills and resolutions of a public general nature introduced in the Senate or House of Representatives". For more information, refer to the User Guide that accompanies this file.</dc:description>
  </dublinCore>
</billStatus>

