<?xml version="1.0" encoding="UTF-8"?>
<billStatus>
  <bill>
    <notes />
    <cosponsors>
      <item>
        <firstName>Daniel</firstName>
        <lastName>Lipinski</lastName>
        <sponsorshipDate>2017-12-01</sponsorshipDate>
        <state>IL</state>
        <party>D</party>
        <identifiers>
          <gpoId>7923</gpoId>
          <bioguideId>L000563</bioguideId>
          <lisID>1781</lisID>
        </identifiers>
        <bioguideId>L000563</bioguideId>
        <district>3</district>
        <middleName>William</middleName>
        <fullName>Rep. Lipinski, Daniel [D-IL-3]</fullName>
        <isOriginalCosponsor>True</isOriginalCosponsor>
        <sponsorshipWithdrawnDate />
      </item>
      <item>
        <firstName>Charles</firstName>
        <lastName>Fleischmann</lastName>
        <sponsorshipDate>2017-12-01</sponsorshipDate>
        <state>TN</state>
        <party>R</party>
        <identifiers>
          <bioguideId>F000459</bioguideId>
          <lisID>2061</lisID>
          <gpoId>8150</gpoId>
        </identifiers>
        <bioguideId>F000459</bioguideId>
        <district>3</district>
        <middleName>J. "Chuck"</middleName>
        <fullName>Rep. Fleischmann, Charles J. "Chuck" [R-TN-3]</fullName>
        <isOriginalCosponsor>True</isOriginalCosponsor>
        <sponsorshipWithdrawnDate />
      </item>
      <item>
        <firstName>Derek</firstName>
        <lastName>Kilmer</lastName>
        <sponsorshipDate>2017-12-01</sponsorshipDate>
        <state>WA</state>
        <party>D</party>
        <identifiers>
          <gpoId />
          <lisID>2169</lisID>
          <bioguideId>K000381</bioguideId>
        </identifiers>
        <bioguideId>K000381</bioguideId>
        <district>6</district>
        <middleName />
        <fullName>Rep. Kilmer, Derek [D-WA-6]</fullName>
        <isOriginalCosponsor>True</isOriginalCosponsor>
        <sponsorshipWithdrawnDate />
      </item>
      <item>
        <firstName>RICK</firstName>
        <lastName>LARSEN</lastName>
        <sponsorshipDate>2017-12-04</sponsorshipDate>
        <state>WA</state>
        <party>D</party>
        <identifiers>
          <lisID>1675</lisID>
          <gpoId>8206</gpoId>
          <bioguideId>L000560</bioguideId>
        </identifiers>
        <bioguideId>L000560</bioguideId>
        <district>2</district>
        <middleName />
        <fullName>Rep. Larsen, Rick [D-WA-2]</fullName>
        <isOriginalCosponsor>False</isOriginalCosponsor>
        <sponsorshipWithdrawnDate />
      </item>
      <item>
        <firstName>Dwight</firstName>
        <lastName>Evans</lastName>
        <sponsorshipDate>2017-12-04</sponsorshipDate>
        <state>PA</state>
        <party>D</party>
        <identifiers>
          <gpoId />
          <bioguideId>E000296</bioguideId>
          <lisID>2298</lisID>
        </identifiers>
        <bioguideId>E000296</bioguideId>
        <district>2</district>
        <middleName />
        <fullName>Rep. Evans, Dwight [D-PA-2]</fullName>
        <isOriginalCosponsor>False</isOriginalCosponsor>
        <sponsorshipWithdrawnDate />
      </item>
      <item>
        <firstName>Seth</firstName>
        <lastName>Moulton</lastName>
        <sponsorshipDate>2017-12-04</sponsorshipDate>
        <state>MA</state>
        <party>D</party>
        <identifiers>
          <bioguideId>M001196</bioguideId>
          <gpoId />
          <lisID>2246</lisID>
        </identifiers>
        <bioguideId>M001196</bioguideId>
        <district>6</district>
        <middleName />
        <fullName>Rep. Moulton, Seth [D-MA-6]</fullName>
        <isOriginalCosponsor>False</isOriginalCosponsor>
        <sponsorshipWithdrawnDate />
      </item>
      <item>
        <firstName>J.</firstName>
        <lastName>Correa</lastName>
        <sponsorshipDate>2017-12-04</sponsorshipDate>
        <state>CA</state>
        <party>D</party>
        <identifiers>
          <bioguideId>C001110</bioguideId>
          <lisID>2312</lisID>
          <gpoId />
        </identifiers>
        <bioguideId>C001110</bioguideId>
        <district>46</district>
        <middleName>Luis</middleName>
        <fullName>Rep. Correa, J. Luis [D-CA-46]</fullName>
        <isOriginalCosponsor>False</isOriginalCosponsor>
        <sponsorshipWithdrawnDate />
      </item>
      <item>
        <firstName>Tom</firstName>
        <lastName>Cole</lastName>
        <sponsorshipDate>2017-12-05</sponsorshipDate>
        <state>OK</state>
        <party>R</party>
        <identifiers>
          <gpoId>8112</gpoId>
          <lisID>1742</lisID>
          <bioguideId>C001053</bioguideId>
        </identifiers>
        <bioguideId>C001053</bioguideId>
        <district>4</district>
        <middleName />
        <fullName>Rep. Cole, Tom [R-OK-4]</fullName>
        <isOriginalCosponsor>False</isOriginalCosponsor>
        <sponsorshipWithdrawnDate />
      </item>
      <item>
        <firstName>Colleen</firstName>
        <lastName>Hanabusa</lastName>
        <sponsorshipDate>2017-12-06</sponsorshipDate>
        <state>HI</state>
        <party>D</party>
        <identifiers>
          <gpoId>7912</gpoId>
          <bioguideId>H001050</bioguideId>
          <lisID>2010</lisID>
        </identifiers>
        <bioguideId>H001050</bioguideId>
        <district>1</district>
        <middleName />
        <fullName>Rep. Hanabusa, Colleen [D-HI-1]</fullName>
        <isOriginalCosponsor>False</isOriginalCosponsor>
        <sponsorshipWithdrawnDate />
      </item>
      <item>
        <firstName>Sean</firstName>
        <lastName>Maloney</lastName>
        <sponsorshipDate>2017-12-06</sponsorshipDate>
        <state>NY</state>
        <party>D</party>
        <identifiers>
          <bioguideId>M001185</bioguideId>
          <gpoId />
          <lisID>2150</lisID>
        </identifiers>
        <bioguideId>M001185</bioguideId>
        <district>18</district>
        <middleName>Patrick</middleName>
        <fullName>Rep. Maloney, Sean Patrick [D-NY-18]</fullName>
        <isOriginalCosponsor>False</isOriginalCosponsor>
        <sponsorshipWithdrawnDate />
      </item>
      <item>
        <firstName>Jacky</firstName>
        <lastName>Rosen</lastName>
        <sponsorshipDate>2017-12-06</sponsorshipDate>
        <state>NV</state>
        <party>D</party>
        <identifiers>
          <bioguideId>R000608</bioguideId>
          <lisID>2339</lisID>
          <gpoId />
        </identifiers>
        <bioguideId>R000608</bioguideId>
        <district>3</district>
        <middleName />
        <fullName>Rep. Rosen, Jacky [D-NV-3]</fullName>
        <isOriginalCosponsor>False</isOriginalCosponsor>
        <sponsorshipWithdrawnDate />
      </item>
      <item>
        <firstName>Barbara</firstName>
        <lastName>Comstock</lastName>
        <sponsorshipDate>2017-12-07</sponsorshipDate>
        <state>VA</state>
        <party>R</party>
        <identifiers>
          <bioguideId>C001105</bioguideId>
          <lisID>2273</lisID>
          <gpoId />
        </identifiers>
        <bioguideId>C001105</bioguideId>
        <district>10</district>
        <middleName />
        <fullName>Rep. Comstock, Barbara [R-VA-10]</fullName>
        <isOriginalCosponsor>False</isOriginalCosponsor>
        <sponsorshipWithdrawnDate />
      </item>
      <item>
        <firstName>Bill</firstName>
        <lastName>Foster</lastName>
        <sponsorshipDate>2017-12-07</sponsorshipDate>
        <state>IL</state>
        <party>D</party>
        <identifiers>
          <lisID>1888</lisID>
          <gpoId>7355</gpoId>
          <bioguideId>F000454</bioguideId>
        </identifiers>
        <bioguideId>F000454</bioguideId>
        <district>11</district>
        <middleName />
        <fullName>Rep. Foster, Bill [D-IL-11]</fullName>
        <isOriginalCosponsor>False</isOriginalCosponsor>
        <sponsorshipWithdrawnDate />
      </item>
      <item>
        <firstName>Mike</firstName>
        <lastName>Kelly</lastName>
        <sponsorshipDate>2017-12-07</sponsorshipDate>
        <state>PA</state>
        <party>R</party>
        <identifiers>
          <lisID>2051</lisID>
          <gpoId>8708</gpoId>
          <bioguideId>K000376</bioguideId>
        </identifiers>
        <bioguideId>K000376</bioguideId>
        <district>3</district>
        <middleName />
        <fullName>Rep. Kelly, Mike [R-PA-3]</fullName>
        <isOriginalCosponsor>False</isOriginalCosponsor>
        <sponsorshipWithdrawnDate />
      </item>
      <item>
        <firstName>Scott</firstName>
        <lastName>Peters</lastName>
        <sponsorshipDate>2017-12-11</sponsorshipDate>
        <state>CA</state>
        <party>D</party>
        <identifiers>
          <lisID>2113</lisID>
          <gpoId />
          <bioguideId>P000608</bioguideId>
        </identifiers>
        <bioguideId>P000608</bioguideId>
        <district>52</district>
        <middleName>H.</middleName>
        <fullName>Rep. Peters, Scott H. [D-CA-52]</fullName>
        <isOriginalCosponsor>False</isOriginalCosponsor>
        <sponsorshipWithdrawnDate />
      </item>
      <item>
        <firstName>SHEILA</firstName>
        <lastName>JACKSON LEE</lastName>
        <sponsorshipDate>2017-12-12</sponsorshipDate>
        <state>TX</state>
        <party>D</party>
        <identifiers>
          <gpoId>8174</gpoId>
          <lisID>588</lisID>
          <bioguideId>J000032</bioguideId>
        </identifiers>
        <bioguideId>J000032</bioguideId>
        <district>18</district>
        <middleName />
        <fullName>Rep. Jackson Lee, Sheila [D-TX-18]</fullName>
        <isOriginalCosponsor>False</isOriginalCosponsor>
        <sponsorshipWithdrawnDate />
      </item>
      <item>
        <firstName>John</firstName>
        <lastName>Delaney</lastName>
        <sponsorshipDate>2017-12-12</sponsorshipDate>
        <state>MD</state>
        <party>D</party>
        <identifiers>
          <gpoId />
          <bioguideId>D000620</bioguideId>
          <lisID>2133</lisID>
        </identifiers>
        <bioguideId>D000620</bioguideId>
        <district>6</district>
        <middleName>K.</middleName>
        <fullName>Rep. Delaney, John K. [D-MD-6]</fullName>
        <isOriginalCosponsor>False</isOriginalCosponsor>
        <sponsorshipWithdrawnDate />
      </item>
    </cosponsors>
    <introducedDate>2017-12-01</introducedDate>
    <committees>
      <billCommittees>
        <item>
          <activities>
            <item>
              <name>Referred to</name>
              <date>2017-12-19T16:18:30Z</date>
            </item>
          </activities>
          <subcommittees />
          <systemCode>sshr00</systemCode>
          <name>Health, Education, Labor, and Pensions Committee</name>
          <type>Standing</type>
          <chamber>Senate</chamber>
        </item>
        <item>
          <activities>
            <item>
              <name>Referred to</name>
              <date>2017-12-01T14:02:35Z</date>
            </item>
          </activities>
          <subcommittees />
          <systemCode>hsed00</systemCode>
          <name>Education and the Workforce Committee</name>
          <type>Standing</type>
          <chamber>House</chamber>
        </item>
      </billCommittees>
    </committees>
    <laws />
    <cboCostEstimates />
    <sponsors>
      <item>
        <firstName>Scott</firstName>
        <party>R</party>
        <byRequestType />
        <bioguideId>T000477</bioguideId>
        <identifiers>
          <gpoId />
          <lisID>2351</lisID>
          <bioguideId>T000477</bioguideId>
        </identifiers>
        <lastName>Taylor</lastName>
        <state>VA</state>
        <district>2</district>
        <fullName>Rep. Taylor, Scott [R-VA-2]</fullName>
        <middleName />
      </item>
    </sponsors>
    <createDate>2017-12-02T03:11:12Z</createDate>
    <billNumber>95</billNumber>
    <congress>115</congress>
    <subjects>
      <billSubjects>
        <legislativeSubjects />
        <policyArea>
          <name>Education</name>
        </policyArea>
      </billSubjects>
    </subjects>
    <billType>HCONRES</billType>
    <committeeReports />
    <policyArea>
      <name>Education</name>
    </policyArea>
    <relatedBills />
    <title>Expressing support for the use of public-private partnerships to bring computer science education to more K-12 classrooms.</title>
    <titles>
      <item>
        <parentTitleType />
        <titleType>Official Title as Introduced</titleType>
        <chamberCode />
        <chamberName />
        <title>Expressing support for the use of public-private partnerships to bring computer science education to more K-12 classrooms.</title>
      </item>
      <item>
        <parentTitleType />
        <titleType>Display Title</titleType>
        <chamberCode />
        <chamberName />
        <title>Expressing support for the use of public-private partnerships to bring computer science education to more K-12 classrooms.</title>
      </item>
    </titles>
    <summaries>
      <billSummaries>
        <item>
          <updateDate>2017-12-01T05:00:00Z</updateDate>
          <name>Introduced in House</name>
          <lastSummaryUpdateDate>2018-02-15T16:59:19Z</lastSummaryUpdateDate>
          <versionCode>00</versionCode>
          <text><![CDATA[<p>Expresses support for the use of public-private partnerships to bring computer science education to more primary and secondary schools.</p>]]></text>
          <actionDate>2017-12-01</actionDate>
          <actionDesc>Introduced in House</actionDesc>
        </item>
        <item>
          <updateDate>2017-12-18T13:30:14Z</updateDate>
          <name>Passed House amended</name>
          <lastSummaryUpdateDate>2018-02-16T19:32:12Z</lastSummaryUpdateDate>
          <versionCode>36</versionCode>
          <text><![CDATA[<p>Expresses support for the use of public-private partnerships to bring computer science education to more primary and secondary schools.</p>]]></text>
          <actionDate>2017-12-18</actionDate>
          <actionDesc>Passed House amended</actionDesc>
        </item>
      </billSummaries>
    </summaries>
    <latestAction>
      <actionDate>2017-12-19</actionDate>
      <links />
      <text>Received in the Senate and referred to the Committee on Health, Education, Labor, and Pensions.</text>
    </latestAction>
    <calendarNumbers />
    <recordedVotes />
    <updateDate>2018-02-27T05:28:18Z</updateDate>
    <amendments />
    <constitutionalAuthorityStatementText />
    <version>1.0.0</version>
    <actions>
      <actionByCounts>
        <senate>1</senate>
        <houseOfRepresentatives>9</houseOfRepresentatives>
      </actionByCounts>
      <actionTypeCounts>
        <motionMadeToSuspendTheRules>1</motionMadeToSuspendTheRules>
        <passedAgreedToInHouse>1</passedAgreedToInHouse>
        <billReferrals>1</billReferrals>
        <introducedInTheHouse>1</introducedInTheHouse>
        <generalDebate>1</generalDebate>
        <motionToReconsiderResults>1</motionToReconsiderResults>
        <considerationByHouse>1</considerationByHouse>
        <referredToCommittee>1</referredToCommittee>
        <introducedInHouse>1</introducedInHouse>
        <finalPassageUnderSuspensionOfTheRulesResults>1</finalPassageUnderSuspensionOfTheRulesResults>
      </actionTypeCounts>
      <item>
        <actionDate>2017-12-19</actionDate>
        <committee>
          <systemCode>sshr00</systemCode>
          <name>Health, Education, Labor, and Pensions Committee</name>
        </committee>
        <links />
        <sourceSystem>
          <code>0</code>
          <name>Senate</name>
        </sourceSystem>
        <text>Received in the Senate and referred to the Committee on Health, Education, Labor, and Pensions.</text>
        <type>IntroReferral</type>
      </item>
      <item>
        <actionDate>2017-12-18</actionDate>
        <committee />
        <links />
        <text>Motion to reconsider laid on the table Agreed to without objection.</text>
        <actionTime>17:11:33</actionTime>
        <type>Floor</type>
        <sourceSystem>
          <code>2</code>
          <name>House floor actions</name>
        </sourceSystem>
        <actionCode>H38310</actionCode>
      </item>
      <item>
        <actionDate>2017-12-18</actionDate>
        <committee />
        <links>
          <link>
            <name>H10152</name>
            <url>https://www.congress.gov/congressional-record/volume-163/house-section/page/H10152</url>
          </link>
        </links>
        <text>On motion to suspend the rules and agree to the resolution, as amended Agreed to by voice vote. (text: CR H10152)</text>
        <actionTime>17:11:27</actionTime>
        <type>Floor</type>
        <sourceSystem>
          <code>2</code>
          <name>House floor actions</name>
        </sourceSystem>
        <actionCode>H37300</actionCode>
      </item>
      <item>
        <actionDate>2017-12-18</actionDate>
        <committee />
        <links />
        <text>Passed/agreed to in House: On motion to suspend the rules and agree to the resolution, as amended Agreed to by voice vote.</text>
        <actionTime>17:11:27</actionTime>
        <type>Floor</type>
        <sourceSystem>
          <code>9</code>
          <name>Library of Congress</name>
        </sourceSystem>
        <actionCode>8000</actionCode>
      </item>
      <item>
        <actionDate>2017-12-18</actionDate>
        <committee />
        <links>
          <link>
            <name>H. Con. Res. 95</name>
            <url>https://www.congress.gov/bill/115th-congress/house-concurrent-resolution/95</url>
          </link>
        </links>
        <text>DEBATE - The House proceeded with forty minutes of debate on H. Con. Res. 95.</text>
        <actionTime>16:50:16</actionTime>
        <type>Floor</type>
        <sourceSystem>
          <code>2</code>
          <name>House floor actions</name>
        </sourceSystem>
        <actionCode>H8D000</actionCode>
      </item>
      <item>
        <actionDate>2017-12-18</actionDate>
        <committee />
        <links>
          <link>
            <name>H10152-10154</name>
            <url>https://www.congress.gov/congressional-record/volume-163/house-section/page/H10152-10154</url>
          </link>
        </links>
        <text>Considered under suspension of the rules. (consideration: CR H10152-10154)</text>
        <actionTime>16:50:15</actionTime>
        <type>Floor</type>
        <sourceSystem>
          <code>2</code>
          <name>House floor actions</name>
        </sourceSystem>
        <actionCode>H30000</actionCode>
      </item>
      <item>
        <actionDate>2017-12-18</actionDate>
        <committee />
        <links />
        <text>Mr. Estes (KS) moved to suspend the rules and agree to the resolution, as amended.</text>
        <actionTime>16:50:02</actionTime>
        <type>Floor</type>
        <sourceSystem>
          <code>2</code>
          <name>House floor actions</name>
        </sourceSystem>
        <actionCode>H30300</actionCode>
      </item>
      <item>
        <actionDate>2017-12-01</actionDate>
        <committee>
          <systemCode>hsed00</systemCode>
          <name>Education and the Workforce Committee</name>
        </committee>
        <links />
        <text>Referred to the House Committee on Education and the Workforce.</text>
        <type>IntroReferral</type>
        <sourceSystem>
          <code>2</code>
          <name>House floor actions</name>
        </sourceSystem>
        <actionCode>H11100</actionCode>
      </item>
      <item>
        <actionDate>2017-12-01</actionDate>
        <committee />
        <links />
        <text>Introduced in House</text>
        <type>IntroReferral</type>
        <sourceSystem>
          <code>9</code>
          <name>Library of Congress</name>
        </sourceSystem>
        <actionCode>Intro-H</actionCode>
      </item>
      <item>
        <actionDate>2017-12-01</actionDate>
        <committee />
        <links />
        <text>Introduced in House</text>
        <type>IntroReferral</type>
        <sourceSystem>
          <code>9</code>
          <name>Library of Congress</name>
        </sourceSystem>
        <actionCode>1000</actionCode>
      </item>
    </actions>
    <originChamber>House</originChamber>
  </bill>
  <dublinCore xmlns:dc="http://purl.org/dc/elements/1.1/">
    <dc:format>text/xml</dc:format>
    <dc:language>EN</dc:language>
    <dc:rights>Pursuant to Title 17 Section 105 of the United States Code, this file is not subject to copyright protection and is in the public domain.</dc:rights>
    <dc:contributor>Congressional Research Service, Library of Congress</dc:contributor>
    <dc:description>This file contains bill summaries and statuses for federal legislation. A bill summary describes the most significant provisions of a piece of legislation and details the effects the legislative text may have on current law and federal programs. Bill summaries are authored by the Congressional Research Service (CRS) of the Library of Congress. As stated in Public Law 91-510 (2 USC 166 (d)(6)), one of the duties of CRS is "to prepare summaries and digests of bills and resolutions of a public general nature introduced in the Senate or House of Representatives". For more information, refer to the User Guide that accompanies this file.</dc:description>
  </dublinCore>
</billStatus>

