<?xml version="1.0" encoding="UTF-8"?>
<billStatus>
  <bill>
    <sponsors>
      <item>
        <fullName>Rep. Smith, Christopher H. [R-NJ-4]</fullName>
        <lastName>SMITH</lastName>
        <bioguideId>S000522</bioguideId>
        <party>R</party>
        <middleName>H.</middleName>
        <state>NJ</state>
        <firstName>CHRISTOPHER</firstName>
        <district>4</district>
        <byRequestType />
        <identifiers>
          <bioguideId>S000522</bioguideId>
          <lisID>1071</lisID>
          <gpoId>8046</gpoId>
        </identifiers>
      </item>
    </sponsors>
    <laws />
    <version>1.0.0</version>
    <introducedDate>2017-06-28</introducedDate>
    <cboCostEstimates />
    <titles>
      <item>
        <chamberCode />
        <chamberName />
        <parentTitleType />
        <titleType>Official Title as Introduced</titleType>
        <title>Urging the Government of the People's Republic of China to unconditionally release Liu Xiaobo, together with his wife Liu Xia, to allow them to freely meet with friends, family, and counsel and seek medical treatment wherever they desire.</title>
      </item>
      <item>
        <chamberCode />
        <chamberName />
        <parentTitleType />
        <titleType>Display Title</titleType>
        <title>Urging the Government of the People's Republic of China to unconditionally release Liu Xiaobo, together with his wife Liu Xia, to allow them to freely meet with friends, family, and counsel and seek medical treatment wherever they desire.</title>
      </item>
    </titles>
    <amendments />
    <recordedVotes />
    <relatedBills>
      <item>
        <number>21</number>
        <congress>115</congress>
        <relationshipDetails>
          <item>
            <type>Related bill</type>
            <identifiedBy>CRS</identifiedBy>
          </item>
        </relationshipDetails>
        <latestTitle>A concurrent resolution urging the Government of the People's Republic of China to unconditionally release Liu Xiaobo, together with his wife Liu Xia, to allow them to freely meet with friends, family, and counsel and seek medical treatment wherever they desire.</latestTitle>
        <latestAction>
          <text>Referred to the Committee on Foreign Relations. (text of measure as introduced: CR S3866)</text>
          <actionDate>2017-06-29</actionDate>
        </latestAction>
        <type>SCONRES</type>
      </item>
    </relatedBills>
    <constitutionalAuthorityStatementText />
    <billType>HCONRES</billType>
    <actions>
      <item>
        <actionDate>2017-07-10</actionDate>
        <committee>
          <systemCode>ssfr00</systemCode>
          <name>Foreign Relations Committee</name>
        </committee>
        <links />
        <sourceSystem>
          <code>0</code>
          <name>Senate</name>
        </sourceSystem>
        <text>Received in the Senate and referred to the Committee on Foreign Relations.</text>
        <type>IntroReferral</type>
      </item>
      <item>
        <committee />
        <sourceSystem>
          <code>2</code>
          <name>House floor actions</name>
        </sourceSystem>
        <actionDate>2017-06-29</actionDate>
        <text>Motion to reconsider laid on the table Agreed to without objection.</text>
        <actionTime>17:28:44</actionTime>
        <links />
        <actionCode>H38310</actionCode>
        <type>Floor</type>
      </item>
      <item>
        <committee />
        <sourceSystem>
          <code>2</code>
          <name>House floor actions</name>
        </sourceSystem>
        <actionDate>2017-06-29</actionDate>
        <text>On agreeing to the resolution Agreed to without objection. (text: CR H5356)</text>
        <actionTime>17:28:42</actionTime>
        <links>
          <link>
            <url>https://www.congress.gov/congressional-record/volume-163/house-section/page/H5356</url>
            <name>H5356</name>
          </link>
        </links>
        <actionCode>H37100</actionCode>
        <type>Floor</type>
      </item>
      <item>
        <committee />
        <sourceSystem>
          <code>9</code>
          <name>Library of Congress</name>
        </sourceSystem>
        <actionDate>2017-06-29</actionDate>
        <text>Passed/agreed to in House: On agreeing to the resolution Agreed to without objection.</text>
        <actionTime>17:28:42</actionTime>
        <links />
        <actionCode>8000</actionCode>
        <type>Floor</type>
      </item>
      <item>
        <committee />
        <sourceSystem>
          <code>2</code>
          <name>House floor actions</name>
        </sourceSystem>
        <actionDate>2017-06-29</actionDate>
        <text>Considered by unanimous consent. (consideration: CR H5356)</text>
        <actionTime>17:27:54</actionTime>
        <links>
          <link>
            <url>https://www.congress.gov/congressional-record/volume-163/house-section/page/H5356</url>
            <name>H5356</name>
          </link>
        </links>
        <actionCode>H30000</actionCode>
        <type>Floor</type>
      </item>
      <item>
        <committee>
          <systemCode>hsfa00</systemCode>
          <name>Foreign Affairs Committee</name>
        </committee>
        <sourceSystem>
          <code>2</code>
          <name>House floor actions</name>
        </sourceSystem>
        <actionDate>2017-06-29</actionDate>
        <text>Committee on Foreign Affairs discharged.</text>
        <links />
        <type>Discharge</type>
        <actionCode>H12300</actionCode>
      </item>
      <item>
        <committee>
          <systemCode>hsfa00</systemCode>
          <name>Foreign Affairs Committee</name>
        </committee>
        <sourceSystem>
          <code>9</code>
          <name>Library of Congress</name>
        </sourceSystem>
        <actionDate>2017-06-29</actionDate>
        <text>Committee on Foreign Affairs discharged.</text>
        <links />
        <type>Committee</type>
        <actionCode>5500</actionCode>
      </item>
      <item>
        <committee />
        <sourceSystem>
          <code>2</code>
          <name>House floor actions</name>
        </sourceSystem>
        <actionDate>2017-06-29</actionDate>
        <text>Mr. Smith (NJ) asked unanimous consent to discharge from committee and consider.</text>
        <actionTime>17:27:52</actionTime>
        <links />
        <actionCode>H30200</actionCode>
        <type>Floor</type>
      </item>
      <item>
        <committee />
        <sourceSystem>
          <code>9</code>
          <name>Library of Congress</name>
        </sourceSystem>
        <actionDate>2017-06-29</actionDate>
        <text>Sponsor introductory remarks on measure. (CR H5370-5371, E938-939)</text>
        <links>
          <link>
            <url>https://www.congress.gov/congressional-record/volume-163/extensions-of-remarks-section/page/E938-939</url>
            <name>E938-939</name>
          </link>
          <link>
            <url>https://www.congress.gov/congressional-record/volume-163/house-section/page/H5370-5371</url>
            <name>H5370-5371</name>
          </link>
        </links>
        <type>IntroReferral</type>
        <actionCode>B00100</actionCode>
      </item>
      <item>
        <committee>
          <systemCode>hsfa00</systemCode>
          <name>Foreign Affairs Committee</name>
        </committee>
        <sourceSystem>
          <code>2</code>
          <name>House floor actions</name>
        </sourceSystem>
        <actionDate>2017-06-28</actionDate>
        <text>Referred to the House Committee on Foreign Affairs.</text>
        <links />
        <type>IntroReferral</type>
        <actionCode>H11100</actionCode>
      </item>
      <item>
        <committee />
        <sourceSystem>
          <code>9</code>
          <name>Library of Congress</name>
        </sourceSystem>
        <actionDate>2017-06-28</actionDate>
        <text>Introduced in House</text>
        <links />
        <type>IntroReferral</type>
        <actionCode>Intro-H</actionCode>
      </item>
      <item>
        <committee />
        <sourceSystem>
          <code>9</code>
          <name>Library of Congress</name>
        </sourceSystem>
        <actionDate>2017-06-28</actionDate>
        <text>Introduced in House</text>
        <links />
        <type>IntroReferral</type>
        <actionCode>1000</actionCode>
      </item>
      <actionByCounts>
        <houseOfRepresentatives>10</houseOfRepresentatives>
        <senate>1</senate>
      </actionByCounts>
      <actionTypeCounts>
        <billReferrals>1</billReferrals>
        <passedAgreedToInHouse>1</passedAgreedToInHouse>
        <referredToCommittee>1</referredToCommittee>
        <passageOfAMeasure>1</passageOfAMeasure>
        <placeholderTextForB>1</placeholderTextForB>
        <introducedInHouse>1</introducedInHouse>
        <motionToReconsiderResults>1</motionToReconsiderResults>
        <introducedInTheHouse>1</introducedInTheHouse>
        <considerationByHouse>1</considerationByHouse>
        <houseCommitteeDischarged>1</houseCommitteeDischarged>
        <unanimousConsentRequestToConsider>1</unanimousConsentRequestToConsider>
        <committeeDischarged>1</committeeDischarged>
      </actionTypeCounts>
    </actions>
    <notes />
    <originChamber>House</originChamber>
    <congress>115</congress>
    <subjects>
      <billSubjects>
        <legislativeSubjects>
          <item>
            <name>Asia</name>
          </item>
          <item>
            <name>China</name>
          </item>
          <item>
            <name>Congressional tributes</name>
          </item>
          <item>
            <name>Detention of persons</name>
          </item>
          <item>
            <name>Human rights</name>
          </item>
          <item>
            <name>Protest and dissent</name>
          </item>
          <item>
            <name>Sovereignty, recognition, national governance and status</name>
          </item>
        </legislativeSubjects>
        <policyArea>
          <name>International Affairs</name>
        </policyArea>
      </billSubjects>
    </subjects>
    <billNumber>67</billNumber>
    <cosponsors>
      <item>
        <lastName>PELOSI</lastName>
        <sponsorshipDate>2017-06-28</sponsorshipDate>
        <bioguideId>P000197</bioguideId>
        <middleName />
        <identifiers>
          <bioguideId>P000197</bioguideId>
          <gpoId>7813</gpoId>
          <lisID>905</lisID>
        </identifiers>
        <district>12</district>
        <party>D</party>
        <state>CA</state>
        <firstName>NANCY</firstName>
        <sponsorshipWithdrawnDate />
        <isOriginalCosponsor>True</isOriginalCosponsor>
        <fullName>Rep. Pelosi, Nancy [D-CA-12]</fullName>
      </item>
    </cosponsors>
    <summaries>
      <billSummaries>
        <item>
          <text><![CDATA[<p>Recognizes Liu Xiaobo for his decades of peaceful struggle for basic human rights and democracy in the People's Republic of China.</p> <p>Urges the Chinese government to unconditionally release Liu Xiaobo and his wife, Liu Xia, and the Administration to seek their humanitarian transfer from China so that he can seek medical treatment in the United States or elsewhere overseas.</p> <ul> </ul>]]></text>
          <versionCode>00</versionCode>
          <actionDate>2017-06-28</actionDate>
          <name>Introduced in House</name>
          <actionDesc>Introduced in House</actionDesc>
          <lastSummaryUpdateDate>2017-07-12T18:15:20Z</lastSummaryUpdateDate>
          <updateDate>2017-06-28T04:00:00Z</updateDate>
        </item>
        <item>
          <text><![CDATA[<p>(This measure has not been amended since it was introduced. The summary of that version is repeated here.)</p> <p>Recognizes Liu Xiaobo for his decades of peaceful struggle for basic human rights and democracy in the People's Republic of China.</p> <p>Urges the Chinese government to unconditionally release Liu Xiaobo and&nbsp;his wife, Liu Xia,&nbsp;and the Administration to seek their humanitarian transfer from China so that he can seek medical treatment in the United States or elsewhere overseas.</p> <ul></ul>]]></text>
          <versionCode>81</versionCode>
          <actionDate>2017-06-29</actionDate>
          <name>Passed House without amendment</name>
          <actionDesc>Passed House without amendment</actionDesc>
          <lastSummaryUpdateDate>2017-07-13T21:12:27Z</lastSummaryUpdateDate>
          <updateDate>2017-06-29T14:45:46Z</updateDate>
        </item>
      </billSummaries>
    </summaries>
    <policyArea>
      <name>International Affairs</name>
    </policyArea>
    <latestAction>
      <links />
      <actionDate>2017-07-10</actionDate>
      <text>Received in the Senate and referred to the Committee on Foreign Relations.</text>
    </latestAction>
    <updateDate>2018-02-06T16:39:23Z</updateDate>
    <committees>
      <billCommittees>
        <item>
          <type>Standing</type>
          <systemCode>ssfr00</systemCode>
          <subcommittees />
          <activities>
            <item>
              <date>2017-07-10T19:27:08Z</date>
              <name>Referred to</name>
            </item>
          </activities>
          <chamber>Senate</chamber>
          <name>Foreign Relations Committee</name>
        </item>
        <item>
          <type>Standing</type>
          <systemCode>hsfa00</systemCode>
          <subcommittees />
          <activities>
            <item>
              <date>2017-06-29T21:27:53Z</date>
              <name>Discharged from</name>
            </item>
            <item>
              <date>2017-06-28T14:02:15Z</date>
              <name>Referred to</name>
            </item>
          </activities>
          <chamber>House</chamber>
          <name>Foreign Affairs Committee</name>
        </item>
      </billCommittees>
    </committees>
    <createDate>2017-06-29T03:11:33Z</createDate>
    <title>Urging the Government of the People's Republic of China to unconditionally release Liu Xiaobo, together with his wife Liu Xia, to allow them to freely meet with friends, family, and counsel and seek medical treatment wherever they desire.</title>
    <committeeReports />
    <calendarNumbers />
  </bill>
  <dublinCore xmlns:dc="http://purl.org/dc/elements/1.1/">
    <dc:format>text/xml</dc:format>
    <dc:language>EN</dc:language>
    <dc:rights>Pursuant to Title 17 Section 105 of the United States Code, this file is not subject to copyright protection and is in the public domain.</dc:rights>
    <dc:contributor>Congressional Research Service, Library of Congress</dc:contributor>
    <dc:description>This file contains bill summaries and statuses for federal legislation. A bill summary describes the most significant provisions of a piece of legislation and details the effects the legislative text may have on current law and federal programs. Bill summaries are authored by the Congressional Research Service (CRS) of the Library of Congress. As stated in Public Law 91-510 (2 USC 166 (d)(6)), one of the duties of CRS is "to prepare summaries and digests of bills and resolutions of a public general nature introduced in the Senate or House of Representatives". For more information, refer to the User Guide that accompanies this file.</dc:description>
  </dublinCore>
</billStatus>

