<?xml version="1.0" encoding="UTF-8"?>
<billStatus>
  <bill>
    <calendarNumbers />
    <title>Original NAACP Resolution of 2017</title>
    <subjects>
      <billSubjects>
        <legislativeSubjects>
          <item>
            <name>Commemorative events and holidays</name>
          </item>
          <item>
            <name>Congressional tributes</name>
          </item>
          <item>
            <name>Racial and ethnic relations</name>
          </item>
        </legislativeSubjects>
        <policyArea>
          <name>Civil Rights and Liberties, Minority Issues</name>
        </policyArea>
      </billSubjects>
    </subjects>
    <summaries>
      <billSummaries>
        <item>
          <versionCode>00</versionCode>
          <name>Introduced in House</name>
          <actionDate>2017-02-01</actionDate>
          <lastSummaryUpdateDate>2017-02-04T14:53:51Z</lastSummaryUpdateDate>
          <text><![CDATA[<p><strong>Original NAACP Resolution of 2017</strong></p> <p>Recognizes the 108th anniversary of the founding of the National Association for the Advancement of Colored People (NAACP).</p> <p>Honors the NAACP for its work to ensure the political, educational, social, and economic rights of all persons.</p>]]></text>
          <updateDate>2017-02-01T05:00:00Z</updateDate>
          <actionDesc>Introduced in House</actionDesc>
        </item>
      </billSummaries>
    </summaries>
    <actions>
      <actionByCounts>
        <houseOfRepresentatives>4</houseOfRepresentatives>
      </actionByCounts>
      <actionTypeCounts>
        <introducedInHouse>1</introducedInHouse>
        <placeholderTextForH>1</placeholderTextForH>
        <billReferrals>1</billReferrals>
        <introducedInTheHouse>1</introducedInTheHouse>
      </actionTypeCounts>
      <item>
        <actionDate>2017-02-08</actionDate>
        <committee>
          <name>Constitution and Civil Justice Subcommittee</name>
          <systemCode>hsju10</systemCode>
        </committee>
        <links />
        <sourceSystem>
          <name>House committee actions</name>
          <code>1</code>
        </sourceSystem>
        <text>Referred to the Subcommittee on the Constitution and Civil Justice.</text>
        <type>Committee</type>
      </item>
      <item>
        <links />
        <committee>
          <name>Judiciary Committee</name>
          <systemCode>hsju00</systemCode>
        </committee>
        <actionDate>2017-02-01</actionDate>
        <text>Referred to the House Committee on the Judiciary.</text>
        <sourceSystem>
          <name>House floor actions</name>
          <code>2</code>
        </sourceSystem>
        <type>IntroReferral</type>
        <actionCode>H11100</actionCode>
      </item>
      <item>
        <links />
        <committee />
        <actionDate>2017-02-01</actionDate>
        <text>Introduced in House</text>
        <sourceSystem>
          <name>Library of Congress</name>
          <code>9</code>
        </sourceSystem>
        <type>IntroReferral</type>
        <actionCode>Intro-H</actionCode>
      </item>
      <item>
        <links />
        <committee />
        <actionDate>2017-02-01</actionDate>
        <text>Introduced in House</text>
        <sourceSystem>
          <name>Library of Congress</name>
          <code>9</code>
        </sourceSystem>
        <type>IntroReferral</type>
        <actionCode>1000</actionCode>
      </item>
    </actions>
    <updateDate>2018-02-28T20:45:11Z</updateDate>
    <committeeReports />
    <version>1.0.0</version>
    <billNumber>17</billNumber>
    <constitutionalAuthorityStatementText />
    <policyArea>
      <name>Civil Rights and Liberties, Minority Issues</name>
    </policyArea>
    <laws />
    <congress>115</congress>
    <relatedBills>
      <item>
        <type>HCONRES</type>
        <latestAction>
          <text>Referred to the House Committee on the Judiciary.</text>
          <actionDate>2018-02-27</actionDate>
        </latestAction>
        <relationshipDetails>
          <item>
            <type>Related bill</type>
            <identifiedBy>CRS</identifiedBy>
          </item>
        </relationshipDetails>
        <latestTitle>Original NAACP Resolution of 2018</latestTitle>
        <congress>115</congress>
        <number>108</number>
      </item>
    </relatedBills>
    <recordedVotes />
    <sponsors>
      <item>
        <fullName>Rep. Green, Al [D-TX-9]</fullName>
        <lastName>Green</lastName>
        <byRequestType />
        <bioguideId>G000553</bioguideId>
        <party>D</party>
        <middleName />
        <state>TX</state>
        <firstName>Al</firstName>
        <identifiers>
          <bioguideId>G000553</bioguideId>
          <lisID>1803</lisID>
          <gpoId>8165</gpoId>
        </identifiers>
        <district>9</district>
      </item>
    </sponsors>
    <titles>
      <item>
        <parentTitleType />
        <titleType>Short Titles as Introduced</titleType>
        <title>Original NAACP Resolution of 2017</title>
        <chamberCode />
        <chamberName />
      </item>
      <item>
        <parentTitleType />
        <titleType>Official Title as Introduced</titleType>
        <title>Honoring and praising the National Association for the Advancement of Colored People on the occasion of its 108th anniversary.</title>
        <chamberCode />
        <chamberName />
      </item>
      <item>
        <parentTitleType />
        <titleType>Display Title</titleType>
        <title>Original NAACP Resolution of 2017</title>
        <chamberCode />
        <chamberName />
      </item>
    </titles>
    <originChamber>House</originChamber>
    <latestAction>
      <text>Referred to the Subcommittee on the Constitution and Civil Justice.</text>
      <actionDate>2017-02-08</actionDate>
      <links />
    </latestAction>
    <createDate>2017-02-02T05:28:42Z</createDate>
    <cosponsors>
      <item>
        <party>D</party>
        <sponsorshipDate>2017-02-01</sponsorshipDate>
        <middleName>S.</middleName>
        <bioguideId>A000370</bioguideId>
        <isOriginalCosponsor>True</isOriginalCosponsor>
        <lastName>Adams</lastName>
        <identifiers>
          <gpoId />
          <lisID>2201</lisID>
          <bioguideId>A000370</bioguideId>
        </identifiers>
        <state>NC</state>
        <fullName>Rep. Adams, Alma S. [D-NC-12]</fullName>
        <sponsorshipWithdrawnDate />
        <firstName>Alma</firstName>
        <district>12</district>
      </item>
      <item>
        <party>D</party>
        <sponsorshipDate>2017-02-01</sponsorshipDate>
        <middleName />
        <bioguideId>B001270</bioguideId>
        <isOriginalCosponsor>True</isOriginalCosponsor>
        <lastName>Bass</lastName>
        <identifiers>
          <bioguideId>B001270</bioguideId>
          <lisID>1996</lisID>
          <gpoId>7838</gpoId>
        </identifiers>
        <state>CA</state>
        <fullName>Rep. Bass, Karen [D-CA-37]</fullName>
        <sponsorshipWithdrawnDate />
        <firstName>Karen</firstName>
        <district>37</district>
      </item>
      <item>
        <party>D</party>
        <sponsorshipDate>2017-02-01</sponsorshipDate>
        <middleName />
        <bioguideId>B001281</bioguideId>
        <isOriginalCosponsor>True</isOriginalCosponsor>
        <lastName>Beatty</lastName>
        <identifiers>
          <gpoId />
          <lisID>2153</lisID>
          <bioguideId>B001281</bioguideId>
        </identifiers>
        <state>OH</state>
        <fullName>Rep. Beatty, Joyce [D-OH-3]</fullName>
        <sponsorshipWithdrawnDate />
        <firstName>Joyce</firstName>
        <district>3</district>
      </item>
      <item>
        <party>D</party>
        <sponsorshipDate>2017-02-01</sponsorshipDate>
        <middleName>D.</middleName>
        <bioguideId>B000490</bioguideId>
        <isOriginalCosponsor>True</isOriginalCosponsor>
        <lastName>BISHOP</lastName>
        <identifiers>
          <lisID>91</lisID>
          <gpoId>7899</gpoId>
          <bioguideId>B000490</bioguideId>
        </identifiers>
        <state>GA</state>
        <fullName>Rep. Bishop, Sanford D., Jr. [D-GA-2]</fullName>
        <sponsorshipWithdrawnDate />
        <firstName>SANFORD</firstName>
        <district>2</district>
      </item>
      <item>
        <party>D</party>
        <sponsorshipDate>2017-02-01</sponsorshipDate>
        <middleName />
        <bioguideId>B001303</bioguideId>
        <isOriginalCosponsor>True</isOriginalCosponsor>
        <lastName>Blunt Rochester</lastName>
        <identifiers>
          <gpoId />
          <lisID>2313</lisID>
          <bioguideId>B001303</bioguideId>
        </identifiers>
        <state>DE</state>
        <fullName>Rep. Blunt Rochester, Lisa [D-DE-At Large]</fullName>
        <sponsorshipWithdrawnDate />
        <firstName>Lisa</firstName>
        <district>0</district>
      </item>
      <item>
        <party>D</party>
        <sponsorshipDate>2017-02-01</sponsorshipDate>
        <middleName>G.</middleName>
        <bioguideId>B001304</bioguideId>
        <isOriginalCosponsor>True</isOriginalCosponsor>
        <lastName>Brown</lastName>
        <identifiers>
          <gpoId />
          <lisID>2331</lisID>
          <bioguideId>B001304</bioguideId>
        </identifiers>
        <state>MD</state>
        <fullName>Rep. Brown, Anthony G. [D-MD-4]</fullName>
        <sponsorshipWithdrawnDate />
        <firstName>Anthony</firstName>
        <district>4</district>
      </item>
      <item>
        <party>D</party>
        <sponsorshipDate>2017-02-01</sponsorshipDate>
        <middleName />
        <bioguideId>B001251</bioguideId>
        <isOriginalCosponsor>True</isOriginalCosponsor>
        <lastName>Butterfield</lastName>
        <identifiers>
          <gpoId>8024</gpoId>
          <lisID>1761</lisID>
          <bioguideId>B001251</bioguideId>
        </identifiers>
        <state>NC</state>
        <fullName>Rep. Butterfield, G. K. [D-NC-1]</fullName>
        <sponsorshipWithdrawnDate />
        <firstName>G. K.</firstName>
        <district>1</district>
      </item>
      <item>
        <party>D</party>
        <sponsorshipDate>2017-02-01</sponsorshipDate>
        <middleName />
        <bioguideId>C001072</bioguideId>
        <isOriginalCosponsor>True</isOriginalCosponsor>
        <lastName>Carson</lastName>
        <identifiers>
          <bioguideId>C001072</bioguideId>
          <lisID>1889</lisID>
          <gpoId>7946</gpoId>
        </identifiers>
        <state>IN</state>
        <fullName>Rep. Carson, Andre [D-IN-7]</fullName>
        <sponsorshipWithdrawnDate />
        <firstName>Andre</firstName>
        <district>7</district>
      </item>
      <item>
        <party>D</party>
        <sponsorshipDate>2017-02-01</sponsorshipDate>
        <middleName>D.</middleName>
        <bioguideId>C001067</bioguideId>
        <isOriginalCosponsor>True</isOriginalCosponsor>
        <lastName>Clarke</lastName>
        <identifiers>
          <bioguideId>C001067</bioguideId>
          <lisID>1864</lisID>
          <gpoId>8072</gpoId>
        </identifiers>
        <state>NY</state>
        <fullName>Rep. Clarke, Yvette D. [D-NY-9]</fullName>
        <sponsorshipWithdrawnDate />
        <firstName>Yvette</firstName>
        <district>9</district>
      </item>
      <item>
        <party>D</party>
        <sponsorshipDate>2017-02-01</sponsorshipDate>
        <middleName>LACY</middleName>
        <bioguideId>C001049</bioguideId>
        <isOriginalCosponsor>True</isOriginalCosponsor>
        <lastName>CLAY</lastName>
        <identifiers>
          <bioguideId>C001049</bioguideId>
          <lisID>1654</lisID>
          <gpoId>8009</gpoId>
        </identifiers>
        <state>MO</state>
        <fullName>Rep. Clay, Wm. Lacy [D-MO-1]</fullName>
        <sponsorshipWithdrawnDate />
        <firstName>WM.</firstName>
        <district>1</district>
      </item>
      <item>
        <party>D</party>
        <sponsorshipDate>2017-02-01</sponsorshipDate>
        <middleName />
        <bioguideId>C001061</bioguideId>
        <isOriginalCosponsor>True</isOriginalCosponsor>
        <lastName>Cleaver</lastName>
        <identifiers>
          <gpoId>8013</gpoId>
          <bioguideId>C001061</bioguideId>
          <lisID>1790</lisID>
        </identifiers>
        <state>MO</state>
        <fullName>Rep. Cleaver, Emanuel [D-MO-5]</fullName>
        <sponsorshipWithdrawnDate />
        <firstName>Emanuel</firstName>
        <district>5</district>
      </item>
      <item>
        <party>D</party>
        <sponsorshipDate>2017-02-01</sponsorshipDate>
        <middleName>E.</middleName>
        <bioguideId>C000537</bioguideId>
        <isOriginalCosponsor>True</isOriginalCosponsor>
        <lastName>CLYBURN</lastName>
        <identifiers>
          <bioguideId>C000537</bioguideId>
          <lisID>208</lisID>
          <gpoId>8146</gpoId>
        </identifiers>
        <state>SC</state>
        <fullName>Rep. Clyburn, James E. [D-SC-6]</fullName>
        <sponsorshipWithdrawnDate />
        <firstName>JAMES</firstName>
        <district>6</district>
      </item>
      <item>
        <party>D</party>
        <sponsorshipDate>2017-02-01</sponsorshipDate>
        <middleName />
        <bioguideId>C000714</bioguideId>
        <isOriginalCosponsor>True</isOriginalCosponsor>
        <lastName>CONYERS</lastName>
        <identifiers>
          <bioguideId>C000714</bioguideId>
          <lisID>229</lisID>
          <gpoId>7999</gpoId>
        </identifiers>
        <state>MI</state>
        <fullName>Rep. Conyers, John, Jr. [D-MI-13]</fullName>
        <sponsorshipWithdrawnDate />
        <firstName>JOHN</firstName>
        <district>13</district>
      </item>
      <item>
        <party>D</party>
        <sponsorshipDate>2017-02-01</sponsorshipDate>
        <middleName>E.</middleName>
        <bioguideId>C000984</bioguideId>
        <isOriginalCosponsor>True</isOriginalCosponsor>
        <lastName>CUMMINGS</lastName>
        <identifiers>
          <bioguideId>C000984</bioguideId>
          <lisID>256</lisID>
          <gpoId>7982</gpoId>
        </identifiers>
        <state>MD</state>
        <fullName>Rep. Cummings, Elijah E. [D-MD-7]</fullName>
        <sponsorshipWithdrawnDate />
        <firstName>ELIJAH</firstName>
        <district>7</district>
      </item>
      <item>
        <party>D</party>
        <sponsorshipDate>2017-02-01</sponsorshipDate>
        <middleName>K.</middleName>
        <bioguideId>D000096</bioguideId>
        <isOriginalCosponsor>True</isOriginalCosponsor>
        <lastName>DAVIS</lastName>
        <identifiers>
          <gpoId>7927</gpoId>
          <bioguideId>D000096</bioguideId>
          <lisID>1477</lisID>
        </identifiers>
        <state>IL</state>
        <fullName>Rep. Davis, Danny K. [D-IL-7]</fullName>
        <sponsorshipWithdrawnDate />
        <firstName>DANNY</firstName>
        <district>7</district>
      </item>
      <item>
        <party>D</party>
        <sponsorshipDate>2017-02-01</sponsorshipDate>
        <middleName>Butler</middleName>
        <bioguideId>D000627</bioguideId>
        <isOriginalCosponsor>True</isOriginalCosponsor>
        <lastName>Demings</lastName>
        <identifiers>
          <gpoId />
          <lisID>2320</lisID>
          <bioguideId>D000627</bioguideId>
        </identifiers>
        <state>FL</state>
        <fullName>Rep. Demings, Val Butler [D-FL-10]</fullName>
        <sponsorshipWithdrawnDate />
        <firstName>Val</firstName>
        <district>10</district>
      </item>
      <item>
        <party>D</party>
        <sponsorshipDate>2017-02-01</sponsorshipDate>
        <middleName />
        <bioguideId>E000288</bioguideId>
        <isOriginalCosponsor>True</isOriginalCosponsor>
        <lastName>Ellison</lastName>
        <identifiers>
          <bioguideId>E000288</bioguideId>
          <lisID>1857</lisID>
          <gpoId>8005</gpoId>
        </identifiers>
        <state>MN</state>
        <fullName>Rep. Ellison, Keith [D-MN-5]</fullName>
        <sponsorshipWithdrawnDate />
        <firstName>Keith</firstName>
        <district>5</district>
      </item>
      <item>
        <party>D</party>
        <sponsorshipDate>2017-02-01</sponsorshipDate>
        <middleName />
        <bioguideId>E000296</bioguideId>
        <isOriginalCosponsor>True</isOriginalCosponsor>
        <lastName>Evans</lastName>
        <identifiers>
          <lisID>2298</lisID>
          <gpoId />
          <bioguideId>E000296</bioguideId>
        </identifiers>
        <state>PA</state>
        <fullName>Rep. Evans, Dwight [D-PA-2]</fullName>
        <sponsorshipWithdrawnDate />
        <firstName>Dwight</firstName>
        <district>2</district>
      </item>
      <item>
        <party>D</party>
        <sponsorshipDate>2017-02-01</sponsorshipDate>
        <middleName>L.</middleName>
        <bioguideId>F000455</bioguideId>
        <isOriginalCosponsor>True</isOriginalCosponsor>
        <lastName>Fudge</lastName>
        <identifiers>
          <bioguideId>F000455</bioguideId>
          <lisID>1895</lisID>
          <gpoId>8101</gpoId>
        </identifiers>
        <state>OH</state>
        <fullName>Rep. Fudge, Marcia L. [D-OH-11]</fullName>
        <sponsorshipWithdrawnDate />
        <firstName>Marcia</firstName>
        <district>11</district>
      </item>
      <item>
        <party>D</party>
        <sponsorshipDate>2017-02-01</sponsorshipDate>
        <middleName>L.</middleName>
        <bioguideId>H000324</bioguideId>
        <isOriginalCosponsor>True</isOriginalCosponsor>
        <lastName>HASTINGS</lastName>
        <identifiers>
          <gpoId>7895</gpoId>
          <lisID>511</lisID>
          <bioguideId>H000324</bioguideId>
        </identifiers>
        <state>FL</state>
        <fullName>Rep. Hastings, Alcee L. [D-FL-20]</fullName>
        <sponsorshipWithdrawnDate />
        <firstName>ALCEE</firstName>
        <district>20</district>
      </item>
      <item>
        <party>D</party>
        <sponsorshipDate>2017-02-01</sponsorshipDate>
        <middleName />
        <bioguideId>J000032</bioguideId>
        <isOriginalCosponsor>True</isOriginalCosponsor>
        <lastName>JACKSON LEE</lastName>
        <identifiers>
          <lisID>588</lisID>
          <gpoId>8174</gpoId>
          <bioguideId>J000032</bioguideId>
        </identifiers>
        <state>TX</state>
        <fullName>Rep. Jackson Lee, Sheila [D-TX-18]</fullName>
        <sponsorshipWithdrawnDate />
        <firstName>SHEILA</firstName>
        <district>18</district>
      </item>
      <item>
        <party>D</party>
        <sponsorshipDate>2017-02-01</sponsorshipDate>
        <middleName>S.</middleName>
        <bioguideId>J000294</bioguideId>
        <isOriginalCosponsor>True</isOriginalCosponsor>
        <lastName>Jeffries</lastName>
        <identifiers>
          <bioguideId>J000294</bioguideId>
          <gpoId />
          <lisID>2149</lisID>
        </identifiers>
        <state>NY</state>
        <fullName>Rep. Jeffries, Hakeem S. [D-NY-8]</fullName>
        <sponsorshipWithdrawnDate />
        <firstName>Hakeem</firstName>
        <district>8</district>
      </item>
      <item>
        <party>D</party>
        <sponsorshipDate>2017-02-01</sponsorshipDate>
        <middleName>BERNICE</middleName>
        <bioguideId>J000126</bioguideId>
        <isOriginalCosponsor>True</isOriginalCosponsor>
        <lastName>JOHNSON</lastName>
        <identifiers>
          <lisID>599</lisID>
          <gpoId>8186</gpoId>
          <bioguideId>J000126</bioguideId>
        </identifiers>
        <state>TX</state>
        <fullName>Rep. Johnson, Eddie Bernice [D-TX-30]</fullName>
        <sponsorshipWithdrawnDate />
        <firstName>EDDIE</firstName>
        <district>30</district>
      </item>
      <item>
        <party>D</party>
        <sponsorshipDate>2017-02-01</sponsorshipDate>
        <middleName>C. "Hank"</middleName>
        <bioguideId>J000288</bioguideId>
        <isOriginalCosponsor>True</isOriginalCosponsor>
        <lastName>Johnson</lastName>
        <identifiers>
          <gpoId>7901</gpoId>
          <lisID>1843</lisID>
          <bioguideId>J000288</bioguideId>
        </identifiers>
        <state>GA</state>
        <fullName>Rep. Johnson, Henry C. "Hank," Jr. [D-GA-4]</fullName>
        <sponsorshipWithdrawnDate />
        <firstName>Henry</firstName>
        <district>4</district>
      </item>
      <item>
        <party>D</party>
        <sponsorshipDate>2017-02-01</sponsorshipDate>
        <middleName>L.</middleName>
        <bioguideId>K000385</bioguideId>
        <isOriginalCosponsor>True</isOriginalCosponsor>
        <lastName>Kelly</lastName>
        <identifiers>
          <bioguideId>K000385</bioguideId>
          <lisID>2190</lisID>
          <gpoId />
        </identifiers>
        <state>IL</state>
        <fullName>Rep. Kelly, Robin L. [D-IL-2]</fullName>
        <sponsorshipWithdrawnDate />
        <firstName>Robin</firstName>
        <district>2</district>
      </item>
      <item>
        <party>D</party>
        <sponsorshipDate>2017-02-01</sponsorshipDate>
        <middleName>L.</middleName>
        <bioguideId>L000581</bioguideId>
        <isOriginalCosponsor>True</isOriginalCosponsor>
        <lastName>Lawrence</lastName>
        <identifiers>
          <bioguideId>L000581</bioguideId>
          <lisID>2252</lisID>
          <gpoId />
        </identifiers>
        <state>MI</state>
        <fullName>Rep. Lawrence, Brenda L. [D-MI-14]</fullName>
        <sponsorshipWithdrawnDate />
        <firstName>Brenda</firstName>
        <district>14</district>
      </item>
      <item>
        <party>D</party>
        <sponsorshipDate>2017-02-01</sponsorshipDate>
        <middleName />
        <bioguideId>L000586</bioguideId>
        <isOriginalCosponsor>True</isOriginalCosponsor>
        <lastName>Lawson</lastName>
        <identifiers>
          <gpoId />
          <lisID>2317</lisID>
          <bioguideId>L000586</bioguideId>
        </identifiers>
        <state>FL</state>
        <fullName>Rep. Lawson, Al, Jr. [D-FL-5]</fullName>
        <sponsorshipWithdrawnDate />
        <firstName>Al</firstName>
        <district>5</district>
      </item>
      <item>
        <party>D</party>
        <sponsorshipDate>2017-02-01</sponsorshipDate>
        <middleName />
        <bioguideId>L000551</bioguideId>
        <isOriginalCosponsor>True</isOriginalCosponsor>
        <lastName>LEE</lastName>
        <identifiers>
          <lisID>1501</lisID>
          <bioguideId>L000551</bioguideId>
          <gpoId>7814</gpoId>
        </identifiers>
        <state>CA</state>
        <fullName>Rep. Lee, Barbara [D-CA-13]</fullName>
        <sponsorshipWithdrawnDate />
        <firstName>BARBARA</firstName>
        <district>13</district>
      </item>
      <item>
        <party>D</party>
        <sponsorshipDate>2017-02-01</sponsorshipDate>
        <middleName />
        <bioguideId>L000287</bioguideId>
        <isOriginalCosponsor>True</isOriginalCosponsor>
        <lastName>LEWIS</lastName>
        <identifiers>
          <lisID>688</lisID>
          <bioguideId>L000287</bioguideId>
          <gpoId>7902</gpoId>
        </identifiers>
        <state>GA</state>
        <fullName>Rep. Lewis, John [D-GA-5]</fullName>
        <sponsorshipWithdrawnDate />
        <firstName>JOHN</firstName>
        <district>5</district>
      </item>
      <item>
        <party>D</party>
        <sponsorshipDate>2017-02-01</sponsorshipDate>
        <middleName>Donald</middleName>
        <bioguideId>M001200</bioguideId>
        <isOriginalCosponsor>True</isOriginalCosponsor>
        <lastName>McEachin</lastName>
        <identifiers>
          <bioguideId>M001200</bioguideId>
          <lisID>2352</lisID>
          <gpoId />
        </identifiers>
        <state>VA</state>
        <fullName>Rep. McEachin, A. Donald [D-VA-4]</fullName>
        <sponsorshipWithdrawnDate />
        <firstName>A.</firstName>
        <district>4</district>
      </item>
      <item>
        <party>D</party>
        <sponsorshipDate>2017-02-01</sponsorshipDate>
        <middleName>W.</middleName>
        <bioguideId>M001137</bioguideId>
        <isOriginalCosponsor>True</isOriginalCosponsor>
        <lastName>MEEKS</lastName>
        <identifiers>
          <gpoId>8067</gpoId>
          <lisID>1506</lisID>
          <bioguideId>M001137</bioguideId>
        </identifiers>
        <state>NY</state>
        <fullName>Rep. Meeks, Gregory W. [D-NY-5]</fullName>
        <sponsorshipWithdrawnDate />
        <firstName>GREGORY</firstName>
        <district>5</district>
      </item>
      <item>
        <party>D</party>
        <sponsorshipDate>2017-02-01</sponsorshipDate>
        <middleName />
        <bioguideId>M001160</bioguideId>
        <isOriginalCosponsor>True</isOriginalCosponsor>
        <lastName>Moore</lastName>
        <identifiers>
          <bioguideId>M001160</bioguideId>
          <lisID>1811</lisID>
          <gpoId>8217</gpoId>
        </identifiers>
        <state>WI</state>
        <fullName>Rep. Moore, Gwen [D-WI-4]</fullName>
        <sponsorshipWithdrawnDate />
        <firstName>Gwen</firstName>
        <district>4</district>
      </item>
      <item>
        <party>D</party>
        <sponsorshipDate>2017-02-01</sponsorshipDate>
        <middleName>HOLMES</middleName>
        <bioguideId>N000147</bioguideId>
        <isOriginalCosponsor>True</isOriginalCosponsor>
        <lastName>NORTON</lastName>
        <identifiers>
          <bioguideId>N000147</bioguideId>
          <gpoId>7871</gpoId>
          <lisID>868</lisID>
        </identifiers>
        <state>DC</state>
        <fullName>Rep. Norton, Eleanor Holmes [D-DC-At Large]</fullName>
        <sponsorshipWithdrawnDate />
        <firstName>ELEANOR</firstName>
        <district>0</district>
      </item>
      <item>
        <party>D</party>
        <sponsorshipDate>2017-02-01</sponsorshipDate>
        <middleName>M.</middleName>
        <bioguideId>P000604</bioguideId>
        <isOriginalCosponsor>True</isOriginalCosponsor>
        <lastName>Payne</lastName>
        <identifiers>
          <lisID>2097</lisID>
          <gpoId>8373</gpoId>
          <bioguideId>P000604</bioguideId>
        </identifiers>
        <state>NJ</state>
        <fullName>Rep. Payne, Donald M., Jr. [D-NJ-10]</fullName>
        <sponsorshipWithdrawnDate />
        <firstName>Donald</firstName>
        <district>10</district>
      </item>
      <item>
        <party>D</party>
        <sponsorshipDate>2017-02-01</sponsorshipDate>
        <middleName>E.</middleName>
        <bioguideId>P000610</bioguideId>
        <isOriginalCosponsor>True</isOriginalCosponsor>
        <lastName>Plaskett</lastName>
        <identifiers>
          <lisID>2274</lisID>
          <gpoId />
          <bioguideId>P000610</bioguideId>
        </identifiers>
        <state>VI</state>
        <fullName>Rep. Plaskett, Stacey E. [D-VI-At Large]</fullName>
        <sponsorshipWithdrawnDate />
        <firstName>Stacey</firstName>
        <district>0</district>
      </item>
      <item>
        <party>D</party>
        <sponsorshipDate>2017-02-01</sponsorshipDate>
        <middleName>L.</middleName>
        <bioguideId>R000588</bioguideId>
        <isOriginalCosponsor>True</isOriginalCosponsor>
        <lastName>Richmond</lastName>
        <identifiers>
          <gpoId>7960</gpoId>
          <lisID>2023</lisID>
          <bioguideId>R000588</bioguideId>
        </identifiers>
        <state>LA</state>
        <fullName>Rep. Richmond, Cedric L. [D-LA-2]</fullName>
        <sponsorshipWithdrawnDate />
        <firstName>Cedric</firstName>
        <district>2</district>
      </item>
      <item>
        <party>D</party>
        <sponsorshipDate>2017-02-01</sponsorshipDate>
        <middleName>L.</middleName>
        <bioguideId>R000515</bioguideId>
        <isOriginalCosponsor>True</isOriginalCosponsor>
        <lastName>RUSH</lastName>
        <identifiers>
          <lisID>1003</lisID>
          <bioguideId>R000515</bioguideId>
          <gpoId>7921</gpoId>
        </identifiers>
        <state>IL</state>
        <fullName>Rep. Rush, Bobby L. [D-IL-1]</fullName>
        <sponsorshipWithdrawnDate />
        <firstName>BOBBY</firstName>
        <district>1</district>
      </item>
      <item>
        <party>D</party>
        <sponsorshipDate>2017-02-01</sponsorshipDate>
        <middleName />
        <bioguideId>S001157</bioguideId>
        <isOriginalCosponsor>True</isOriginalCosponsor>
        <lastName>Scott</lastName>
        <identifiers>
          <lisID>1722</lisID>
          <gpoId>7910</gpoId>
          <bioguideId>S001157</bioguideId>
        </identifiers>
        <state>GA</state>
        <fullName>Rep. Scott, David [D-GA-13]</fullName>
        <sponsorshipWithdrawnDate />
        <firstName>David</firstName>
        <district>13</district>
      </item>
      <item>
        <party>D</party>
        <sponsorshipDate>2017-02-01</sponsorshipDate>
        <middleName>C. "Bobby"</middleName>
        <bioguideId>S000185</bioguideId>
        <isOriginalCosponsor>True</isOriginalCosponsor>
        <lastName>Scott</lastName>
        <identifiers>
          <gpoId>8194</gpoId>
          <bioguideId>S000185</bioguideId>
          <lisID>1037</lisID>
        </identifiers>
        <state>VA</state>
        <fullName>Rep. Scott, Robert C. "Bobby" [D-VA-3]</fullName>
        <sponsorshipWithdrawnDate />
        <firstName>Robert</firstName>
        <district>3</district>
      </item>
      <item>
        <party>D</party>
        <sponsorshipDate>2017-02-01</sponsorshipDate>
        <middleName>A.</middleName>
        <bioguideId>S001185</bioguideId>
        <isOriginalCosponsor>True</isOriginalCosponsor>
        <lastName>Sewell</lastName>
        <identifiers>
          <gpoId>7792</gpoId>
          <lisID>1988</lisID>
          <bioguideId>S001185</bioguideId>
        </identifiers>
        <state>AL</state>
        <fullName>Rep. Sewell, Terri A. [D-AL-7]</fullName>
        <sponsorshipWithdrawnDate />
        <firstName>Terri</firstName>
        <district>7</district>
      </item>
      <item>
        <party>D</party>
        <sponsorshipDate>2017-02-01</sponsorshipDate>
        <middleName />
        <bioguideId>T000193</bioguideId>
        <isOriginalCosponsor>True</isOriginalCosponsor>
        <lastName>THOMPSON</lastName>
        <identifiers>
          <lisID>1151</lisID>
          <bioguideId>T000193</bioguideId>
          <gpoId>8020</gpoId>
        </identifiers>
        <state>MS</state>
        <fullName>Rep. Thompson, Bennie G. [D-MS-2]</fullName>
        <sponsorshipWithdrawnDate />
        <firstName>BENNIE</firstName>
        <district>2</district>
      </item>
      <item>
        <party>D</party>
        <sponsorshipDate>2017-02-01</sponsorshipDate>
        <middleName>A.</middleName>
        <bioguideId>V000131</bioguideId>
        <isOriginalCosponsor>True</isOriginalCosponsor>
        <lastName>Veasey</lastName>
        <identifiers>
          <bioguideId>V000131</bioguideId>
          <gpoId />
          <lisID>2166</lisID>
        </identifiers>
        <state>TX</state>
        <fullName>Rep. Veasey, Marc A. [D-TX-33]</fullName>
        <sponsorshipWithdrawnDate />
        <firstName>Marc</firstName>
        <district>33</district>
      </item>
      <item>
        <party>D</party>
        <sponsorshipDate>2017-02-01</sponsorshipDate>
        <middleName />
        <bioguideId>W000187</bioguideId>
        <isOriginalCosponsor>True</isOriginalCosponsor>
        <lastName>WATERS</lastName>
        <identifiers>
          <gpoId>7840</gpoId>
          <lisID>1205</lisID>
          <bioguideId>W000187</bioguideId>
        </identifiers>
        <state>CA</state>
        <fullName>Rep. Waters, Maxine [D-CA-43]</fullName>
        <sponsorshipWithdrawnDate />
        <firstName>MAXINE</firstName>
        <district>43</district>
      </item>
      <item>
        <party>D</party>
        <sponsorshipDate>2017-02-01</sponsorshipDate>
        <middleName />
        <bioguideId>W000822</bioguideId>
        <isOriginalCosponsor>True</isOriginalCosponsor>
        <lastName>Watson Coleman</lastName>
        <identifiers>
          <bioguideId>W000822</bioguideId>
          <lisID>2259</lisID>
          <gpoId />
        </identifiers>
        <state>NJ</state>
        <fullName>Rep. Watson Coleman, Bonnie [D-NJ-12]</fullName>
        <sponsorshipWithdrawnDate />
        <firstName>Bonnie</firstName>
        <district>12</district>
      </item>
      <item>
        <party>D</party>
        <sponsorshipDate>2017-02-01</sponsorshipDate>
        <middleName>S.</middleName>
        <bioguideId>W000808</bioguideId>
        <isOriginalCosponsor>True</isOriginalCosponsor>
        <lastName>Wilson</lastName>
        <identifiers>
          <lisID>2004</lisID>
          <bioguideId>W000808</bioguideId>
          <gpoId>7889</gpoId>
        </identifiers>
        <state>FL</state>
        <fullName>Rep. Wilson, Frederica S. [D-FL-24]</fullName>
        <sponsorshipWithdrawnDate />
        <firstName>Frederica</firstName>
        <district>24</district>
      </item>
      <item>
        <party>D</party>
        <sponsorshipDate>2017-02-13</sponsorshipDate>
        <middleName />
        <bioguideId>S001200</bioguideId>
        <isOriginalCosponsor>False</isOriginalCosponsor>
        <lastName>Soto</lastName>
        <identifiers>
          <lisID>2319</lisID>
          <bioguideId>S001200</bioguideId>
          <gpoId />
        </identifiers>
        <state>FL</state>
        <fullName>Rep. Soto, Darren [D-FL-9]</fullName>
        <sponsorshipWithdrawnDate />
        <firstName>Darren</firstName>
        <district>9</district>
      </item>
    </cosponsors>
    <notes />
    <committees>
      <billCommittees>
        <item>
          <activities>
            <item>
              <name>Referred to</name>
              <date>2017-02-01T15:04:35Z</date>
            </item>
          </activities>
          <chamber>House</chamber>
          <subcommittees>
            <item>
              <name>Constitution and Civil Justice Subcommittee</name>
              <systemCode>hsju10</systemCode>
              <activities>
                <item>
                  <name>Referred to</name>
                  <date>2017-02-08T21:40:22Z</date>
                </item>
              </activities>
            </item>
          </subcommittees>
          <systemCode>hsju00</systemCode>
          <name>Judiciary Committee</name>
          <type>Standing</type>
        </item>
      </billCommittees>
    </committees>
    <introducedDate>2017-02-01</introducedDate>
    <billType>HCONRES</billType>
    <amendments />
    <cboCostEstimates />
  </bill>
  <dublinCore xmlns:dc="http://purl.org/dc/elements/1.1/">
    <dc:format>text/xml</dc:format>
    <dc:language>EN</dc:language>
    <dc:rights>Pursuant to Title 17 Section 105 of the United States Code, this file is not subject to copyright protection and is in the public domain.</dc:rights>
    <dc:contributor>Congressional Research Service, Library of Congress</dc:contributor>
    <dc:description>This file contains bill summaries and statuses for federal legislation. A bill summary describes the most significant provisions of a piece of legislation and details the effects the legislative text may have on current law and federal programs. Bill summaries are authored by the Congressional Research Service (CRS) of the Library of Congress. As stated in Public Law 91-510 (2 USC 166 (d)(6)), one of the duties of CRS is "to prepare summaries and digests of bills and resolutions of a public general nature introduced in the Senate or House of Representatives". For more information, refer to the User Guide that accompanies this file.</dc:description>
  </dublinCore>
</billStatus>

