<?xml version="1.0" encoding="UTF-8"?>
<billStatus>
  <bill>
    <cosponsors />
    <congress>115</congress>
    <committees>
      <billCommittees />
    </committees>
    <constitutionalAuthorityStatementText />
    <laws />
    <titles>
      <item>
        <titleType>Official Title as Introduced</titleType>
        <title>Providing for a conditional adjournment of the House of Representatives.</title>
        <chamberCode />
        <parentTitleType />
        <chamberName />
      </item>
      <item>
        <titleType>Display Title</titleType>
        <title>Providing for a conditional adjournment of the House of Representatives.</title>
        <chamberCode />
        <parentTitleType />
        <chamberName />
      </item>
    </titles>
    <billType>HCONRES</billType>
    <amendments />
    <recordedVotes />
    <actions>
      <item>
        <actionDate>2017-04-06</actionDate>
        <committee />
        <links />
        <sourceSystem>
          <name>Senate</name>
          <code>0</code>
        </sourceSystem>
        <text>Received in the Senate.</text>
        <type>IntroReferral</type>
      </item>
      <item>
        <links />
        <actionDate>2017-04-06</actionDate>
        <type>Floor</type>
        <text>Motion to reconsider laid on the table Agreed to without objection.</text>
        <actionCode>H38310</actionCode>
        <sourceSystem>
          <name>House floor actions</name>
          <code>2</code>
        </sourceSystem>
        <actionTime>14:31:19</actionTime>
        <committee />
      </item>
      <item>
        <links>
          <link>
            <url>https://www.congress.gov/congressional-record/volume-163/house-section/page/H2782</url>
            <name>H2782</name>
          </link>
        </links>
        <actionDate>2017-04-06</actionDate>
        <type>Floor</type>
        <text>On agreeing to the resolution Agreed to without objection. (text: CR H2782)</text>
        <actionCode>H37100</actionCode>
        <sourceSystem>
          <name>House floor actions</name>
          <code>2</code>
        </sourceSystem>
        <actionTime>14:31:10</actionTime>
        <committee />
      </item>
      <item>
        <links>
          <link>
            <url>https://www.congress.gov/congressional-record/volume-163/house-section/page/H2782</url>
            <name>H2782</name>
          </link>
        </links>
        <actionDate>2017-04-06</actionDate>
        <type>Floor</type>
        <text>Passed/agreed to in House: On agreeing to the resolution Agreed to without objection.(text: CR H2782)</text>
        <actionCode>8000</actionCode>
        <sourceSystem>
          <name>Library of Congress</name>
          <code>9</code>
        </sourceSystem>
        <actionTime>14:31:10</actionTime>
        <committee />
      </item>
      <item>
        <links>
          <link>
            <url>https://www.congress.gov/congressional-record/volume-163/house-section/page/H2782</url>
            <name>H2782</name>
          </link>
        </links>
        <actionDate>2017-04-06</actionDate>
        <type>Floor</type>
        <text>Considered as privileged matter. (consideration: CR H2782)</text>
        <actionCode>H30000</actionCode>
        <sourceSystem>
          <name>House floor actions</name>
          <code>2</code>
        </sourceSystem>
        <actionTime>14:30:07</actionTime>
        <committee />
      </item>
      <item>
        <links />
        <actionDate>2017-04-06</actionDate>
        <type>IntroReferral</type>
        <text>Introduced in House</text>
        <actionCode>Intro-H</actionCode>
        <sourceSystem>
          <name>Library of Congress</name>
          <code>9</code>
        </sourceSystem>
        <committee />
      </item>
      <item>
        <links />
        <actionDate>2017-04-06</actionDate>
        <type>IntroReferral</type>
        <text>Introduced in House</text>
        <actionCode>1000</actionCode>
        <sourceSystem>
          <name>Library of Congress</name>
          <code>9</code>
        </sourceSystem>
        <committee />
      </item>
      <actionByCounts>
        <senate>1</senate>
        <houseOfRepresentatives>6</houseOfRepresentatives>
      </actionByCounts>
      <actionTypeCounts>
        <introducedInSenate>1</introducedInSenate>
        <passageOfAMeasure>1</passageOfAMeasure>
        <introducedInHouse>1</introducedInHouse>
        <motionToReconsiderResults>1</motionToReconsiderResults>
        <considerationByHouse>1</considerationByHouse>
        <introducedInTheHouse>1</introducedInTheHouse>
        <passedAgreedToInHouse>1</passedAgreedToInHouse>
      </actionTypeCounts>
    </actions>
    <introducedDate>2017-04-06</introducedDate>
    <relatedBills />
    <committeeReports />
    <calendarNumbers />
    <billNumber>48</billNumber>
    <summaries>
      <billSummaries>
        <item>
          <versionCode>00</versionCode>
          <updateDate>2017-04-06T04:00:00Z</updateDate>
          <actionDesc>Introduced in House</actionDesc>
          <lastSummaryUpdateDate>2017-05-31T18:20:38Z</lastSummaryUpdateDate>
          <actionDate>2017-04-06</actionDate>
          <name>Introduced in House</name>
          <text><![CDATA[<p>Declares that when the House adjourns on any legislative day from Thursday, April 6, 2017, through Friday, April 21, 2017, it stand adjourned until 2 p.m. on Tuesday, April 25, 2017.</p>]]></text>
        </item>
        <item>
          <versionCode>81</versionCode>
          <updateDate>2017-04-06T14:41:52Z</updateDate>
          <actionDesc>Passed House without amendment</actionDesc>
          <lastSummaryUpdateDate>2017-05-31T18:21:21Z</lastSummaryUpdateDate>
          <actionDate>2017-04-06</actionDate>
          <name>Passed House without amendment</name>
          <text><![CDATA[<p>(This measure has not been amended since it was introduced. The summary of that version is repeated here.)</p> <p>Declares that when the House adjourns on any legislative day from Thursday, April 6, 2017, through Friday, April 21, 2017, it stand adjourned until 2 p.m. on Tuesday, April 25, 2017.</p>]]></text>
        </item>
      </billSummaries>
    </summaries>
    <cboCostEstimates />
    <updateDate>2018-02-06T16:39:22Z</updateDate>
    <policyArea>
      <name>Congress</name>
    </policyArea>
    <latestAction>
      <text>Received in the Senate.</text>
      <actionDate>2017-04-06</actionDate>
      <links />
    </latestAction>
    <version>1.0.0</version>
    <subjects>
      <billSubjects>
        <policyArea>
          <name>Congress</name>
        </policyArea>
        <legislativeSubjects>
          <item>
            <name>Congressional operations and organization</name>
          </item>
          <item>
            <name>House of Representatives</name>
          </item>
        </legislativeSubjects>
      </billSubjects>
    </subjects>
    <title>Providing for a conditional adjournment of the House of Representatives.</title>
    <originChamber>House</originChamber>
    <sponsors>
      <item>
        <byRequestType />
        <district>32</district>
        <party>R</party>
        <fullName>Rep. Sessions, Pete [R-TX-32]</fullName>
        <lastName>SESSIONS</lastName>
        <state>TX</state>
        <bioguideId>S000250</bioguideId>
        <middleName />
        <firstName>PETE</firstName>
        <identifiers>
          <lisID>1525</lisID>
          <gpoId>8188</gpoId>
          <bioguideId>S000250</bioguideId>
        </identifiers>
      </item>
    </sponsors>
    <notes />
    <createDate>2017-04-07T03:11:45Z</createDate>
  </bill>
  <dublinCore xmlns:dc="http://purl.org/dc/elements/1.1/">
    <dc:format>text/xml</dc:format>
    <dc:language>EN</dc:language>
    <dc:rights>Pursuant to Title 17 Section 105 of the United States Code, this file is not subject to copyright protection and is in the public domain.</dc:rights>
    <dc:contributor>Congressional Research Service, Library of Congress</dc:contributor>
    <dc:description>This file contains bill summaries and statuses for federal legislation. A bill summary describes the most significant provisions of a piece of legislation and details the effects the legislative text may have on current law and federal programs. Bill summaries are authored by the Congressional Research Service (CRS) of the Library of Congress. As stated in Public Law 91-510 (2 USC 166 (d)(6)), one of the duties of CRS is "to prepare summaries and digests of bills and resolutions of a public general nature introduced in the Senate or House of Representatives". For more information, refer to the User Guide that accompanies this file.</dc:description>
  </dublinCore>
</billStatus>

