<?xml version="1.0" encoding="UTF-8"?>
<billStatus>
  <bill>
    <committeeReports />
    <originChamber>House</originChamber>
    <billNumber>32</billNumber>
    <actions>
      <actionTypeCounts>
        <introducedInTheHouse>1</introducedInTheHouse>
        <introducedInHouse>1</introducedInHouse>
        <billReferrals>1</billReferrals>
      </actionTypeCounts>
      <item>
        <text>Referred to the House Committee on Oversight and Government Reform.</text>
        <links />
        <actionDate>2017-03-01</actionDate>
        <committee>
          <systemCode>hsgo00</systemCode>
          <name>Oversight and Government Reform Committee</name>
        </committee>
        <sourceSystem>
          <name>House floor actions</name>
          <code>2</code>
        </sourceSystem>
        <type>IntroReferral</type>
        <actionCode>H11100</actionCode>
      </item>
      <item>
        <text>Introduced in House</text>
        <links />
        <actionDate>2017-03-01</actionDate>
        <committee />
        <sourceSystem>
          <name>Library of Congress</name>
          <code>9</code>
        </sourceSystem>
        <type>IntroReferral</type>
        <actionCode>Intro-H</actionCode>
      </item>
      <item>
        <text>Introduced in House</text>
        <links />
        <actionDate>2017-03-01</actionDate>
        <committee />
        <sourceSystem>
          <name>Library of Congress</name>
          <code>9</code>
        </sourceSystem>
        <type>IntroReferral</type>
        <actionCode>1000</actionCode>
      </item>
      <actionByCounts>
        <houseOfRepresentatives>3</houseOfRepresentatives>
      </actionByCounts>
    </actions>
    <calendarNumbers />
    <updateDate>2018-02-06T16:39:21Z</updateDate>
    <cosponsors>
      <item>
        <bioguideId>S001172</bioguideId>
        <district>3</district>
        <isOriginalCosponsor>True</isOriginalCosponsor>
        <sponsorshipWithdrawnDate />
        <lastName>Smith</lastName>
        <state>NE</state>
        <fullName>Rep. Smith, Adrian [R-NE-3]</fullName>
        <sponsorshipDate>2017-03-01</sponsorshipDate>
        <middleName />
        <firstName>Adrian</firstName>
        <party>R</party>
        <identifiers>
          <lisID>1860</lisID>
          <bioguideId>S001172</bioguideId>
          <gpoId>8040</gpoId>
        </identifiers>
      </item>
      <item>
        <bioguideId>B001298</bioguideId>
        <district>2</district>
        <isOriginalCosponsor>True</isOriginalCosponsor>
        <sponsorshipWithdrawnDate />
        <lastName>Bacon</lastName>
        <state>NE</state>
        <fullName>Rep. Bacon, Don [R-NE-2]</fullName>
        <sponsorshipDate>2017-03-01</sponsorshipDate>
        <middleName />
        <firstName>Don</firstName>
        <party>R</party>
        <identifiers>
          <bioguideId>B001298</bioguideId>
          <lisID>2337</lisID>
          <gpoId />
        </identifiers>
      </item>
    </cosponsors>
    <notes />
    <subjects>
      <billSubjects>
        <legislativeSubjects>
          <item>
            <name>Commemorative events and holidays</name>
          </item>
          <item>
            <name>Congressional tributes</name>
          </item>
          <item>
            <name>Nebraska</name>
          </item>
          <item>
            <name>State and local government operations</name>
          </item>
          <item>
            <name>U.S. history</name>
          </item>
        </legislativeSubjects>
        <policyArea>
          <name>Government Operations and Politics</name>
        </policyArea>
      </billSubjects>
    </subjects>
    <committees>
      <billCommittees>
        <item>
          <type>Standing</type>
          <systemCode>hsgo00</systemCode>
          <subcommittees />
          <activities>
            <item>
              <date>2017-03-01T15:01:40Z</date>
              <name>Referred to</name>
            </item>
          </activities>
          <chamber>House</chamber>
          <name>Oversight and Government Reform Committee</name>
        </item>
      </billCommittees>
    </committees>
    <version>1.0.0</version>
    <recordedVotes />
    <policyArea>
      <name>Government Operations and Politics</name>
    </policyArea>
    <cboCostEstimates />
    <introducedDate>2017-03-01</introducedDate>
    <title>Congratulating the State of Nebraska on the 150th anniversary of the admission of that State into the United States.</title>
    <amendments />
    <latestAction>
      <text>Referred to the House Committee on Oversight and Government Reform.</text>
      <links />
      <actionDate>2017-03-01</actionDate>
    </latestAction>
    <congress>115</congress>
    <billType>HCONRES</billType>
    <createDate>2017-03-02T05:13:43Z</createDate>
    <sponsors>
      <item>
        <lastName>Fortenberry</lastName>
        <party>R</party>
        <state>NE</state>
        <bioguideId>F000449</bioguideId>
        <middleName />
        <byRequestType />
        <fullName>Rep. Fortenberry, Jeff [R-NE-1]</fullName>
        <firstName>Jeff</firstName>
        <district>1</district>
        <identifiers>
          <lisID>1793</lisID>
          <bioguideId>F000449</bioguideId>
          <gpoId>8038</gpoId>
        </identifiers>
      </item>
    </sponsors>
    <constitutionalAuthorityStatementText />
    <relatedBills>
      <item>
        <type>SRES</type>
        <latestAction>
          <text>Submitted in the Senate, considered, and agreed to without amendment and with a preamble by Unanimous Consent. (consideration: CR S1521-1523; text as passed Senate: CR S1541-1542)</text>
          <actionDate>2017-03-01</actionDate>
        </latestAction>
        <latestTitle>A resolution congratulating the State of Nebraska on the 150th anniversary of the admission of that State into the United States.</latestTitle>
        <relationshipDetails>
          <item>
            <type>Identical bill</type>
            <identifiedBy>CRS</identifiedBy>
          </item>
        </relationshipDetails>
        <congress>115</congress>
        <number>74</number>
      </item>
    </relatedBills>
    <laws />
    <titles>
      <item>
        <titleType>Official Title as Introduced</titleType>
        <title>Congratulating the State of Nebraska on the 150th anniversary of the admission of that State into the United States.</title>
        <chamberCode />
        <parentTitleType />
        <chamberName />
      </item>
      <item>
        <titleType>Display Title</titleType>
        <title>Congratulating the State of Nebraska on the 150th anniversary of the admission of that State into the United States.</title>
        <chamberCode />
        <parentTitleType />
        <chamberName />
      </item>
    </titles>
    <summaries>
      <billSummaries>
        <item>
          <versionCode>00</versionCode>
          <text><![CDATA[<p>Congratulates Nebraska on the 150th anniversary of its admission into the United States.</p>]]></text>
          <actionDesc>Introduced in House</actionDesc>
          <actionDate>2017-03-01</actionDate>
          <lastSummaryUpdateDate>2017-03-16T19:39:41Z</lastSummaryUpdateDate>
          <name>Introduced in House</name>
          <updateDate>2017-03-01T05:00:00Z</updateDate>
        </item>
      </billSummaries>
    </summaries>
  </bill>
  <dublinCore xmlns:dc="http://purl.org/dc/elements/1.1/">
    <dc:format>text/xml</dc:format>
    <dc:language>EN</dc:language>
    <dc:rights>Pursuant to Title 17 Section 105 of the United States Code, this file is not subject to copyright protection and is in the public domain.</dc:rights>
    <dc:contributor>Congressional Research Service, Library of Congress</dc:contributor>
    <dc:description>This file contains bill summaries and statuses for federal legislation. A bill summary describes the most significant provisions of a piece of legislation and details the effects the legislative text may have on current law and federal programs. Bill summaries are authored by the Congressional Research Service (CRS) of the Library of Congress. As stated in Public Law 91-510 (2 USC 166 (d)(6)), one of the duties of CRS is "to prepare summaries and digests of bills and resolutions of a public general nature introduced in the Senate or House of Representatives". For more information, refer to the User Guide that accompanies this file.</dc:description>
  </dublinCore>
</billStatus>

