<?xml version="1.0" encoding="UTF-8"?>
<billStatus>
  <bill>
    <billNumber>18</billNumber>
    <relatedBills />
    <originChamber>House</originChamber>
    <recordedVotes />
    <latestAction>
      <text>Message on Senate action sent to the House.</text>
      <links />
      <actionDate>2017-02-13</actionDate>
    </latestAction>
    <createDate>2017-02-02T05:28:42Z</createDate>
    <title>Permitting the use of the rotunda of the Capitol for a ceremony as part of the commemoration of the days of remembrance of victims of the Holocaust.</title>
    <summaries>
      <billSummaries>
        <item>
          <versionCode>00</versionCode>
          <actionDate>2017-02-01</actionDate>
          <updateDate>2017-02-01T05:00:00Z</updateDate>
          <text><![CDATA[<p>Authorizes the use of the Capitol rotunda on April 25, 2017, for a ceremony as part of the commemoration of the days of remembrance of victims of the Holocaust.</p>]]></text>
          <actionDesc>Introduced in House</actionDesc>
          <name>Introduced in House</name>
          <lastSummaryUpdateDate>2017-03-02T21:42:00Z</lastSummaryUpdateDate>
        </item>
        <item>
          <versionCode>81</versionCode>
          <actionDate>2017-02-06</actionDate>
          <updateDate>2017-02-06T14:04:51Z</updateDate>
          <text><![CDATA[<p>(This measure has not been amended since it was introduced. The summary of that version is repeated here.)</p> <p>Authorizes the use of the Capitol rotunda on April 25, 2017, for a ceremony as part of the commemoration of the days of remembrance of victims of the Holocaust.</p>]]></text>
          <actionDesc>Passed House without amendment</actionDesc>
          <name>Passed House without amendment</name>
          <lastSummaryUpdateDate>2017-03-15T18:23:43Z</lastSummaryUpdateDate>
        </item>
        <item>
          <versionCode>82</versionCode>
          <actionDate>2017-02-10</actionDate>
          <updateDate>2017-02-10T14:42:46Z</updateDate>
          <text><![CDATA[<p>(This measure has not been amended since it was introduced. The summary of that version is repeated here.)</p> <p>Authorizes the use of the Capitol rotunda on April 25, 2017, for a ceremony as part of the commemoration of the days of remembrance of victims of the Holocaust.</p>]]></text>
          <actionDesc>Passed Senate without amendment</actionDesc>
          <name>Passed Senate without amendment</name>
          <lastSummaryUpdateDate>2017-03-15T18:23:53Z</lastSummaryUpdateDate>
        </item>
      </billSummaries>
    </summaries>
    <actions>
      <actionByCounts>
        <senate>4</senate>
        <houseOfRepresentatives>10</houseOfRepresentatives>
      </actionByCounts>
      <actionTypeCounts>
        <committeeDischarged>1</committeeDischarged>
        <introducedInSenate>1</introducedInSenate>
        <introducedInTheHouse>1</introducedInTheHouse>
        <billReferrals>1</billReferrals>
        <introducedInHouse>1</introducedInHouse>
        <motionToReconsiderResults>1</motionToReconsiderResults>
        <passedAgreedToInHouse>1</passedAgreedToInHouse>
        <passageOfAMeasure>1</passageOfAMeasure>
        <considerationByHouse>1</considerationByHouse>
        <sentToHouse>1</sentToHouse>
        <unanimousConsentRequestToConsider>1</unanimousConsentRequestToConsider>
        <agreedToInSenate>1</agreedToInSenate>
        <passedAgreedToInSenate>1</passedAgreedToInSenate>
        <houseCommitteeDischarged>1</houseCommitteeDischarged>
      </actionTypeCounts>
      <item>
        <actionDate>2017-02-13</actionDate>
        <committee />
        <links />
        <sourceSystem>
          <name>Senate</name>
          <code>0</code>
        </sourceSystem>
        <text>Message on Senate action sent to the House.</text>
        <type>Floor</type>
      </item>
      <item>
        <actionDate>2017-02-10</actionDate>
        <committee />
        <links>
          <link>
            <name>S1092-1093</name>
            <url>https://www.congress.gov/congressional-record/volume-163/senate-section/page/S1092-1093</url>
          </link>
        </links>
        <sourceSystem>
          <name>Senate</name>
          <code>0</code>
        </sourceSystem>
        <text>Resolution agreed to in Senate without amendment by Unanimous Consent. (consideration: CR S1092-1093)</text>
        <type>Floor</type>
      </item>
      <item>
        <sourceSystem>
          <name>Library of Congress</name>
          <code>9</code>
        </sourceSystem>
        <actionDate>2017-02-10</actionDate>
        <text>Passed/agreed to in Senate: Resolution agreed to in Senate without amendment by Unanimous Consent.(consideration: CR S1092-1093)</text>
        <type>Floor</type>
        <links>
          <link>
            <name>S1092-1093</name>
            <url>https://www.congress.gov/congressional-record/volume-163/senate-section/page/S1092-1093</url>
          </link>
        </links>
        <committee />
        <actionCode>17000</actionCode>
      </item>
      <item>
        <actionDate>2017-02-07</actionDate>
        <committee />
        <links />
        <sourceSystem>
          <name>Senate</name>
          <code>0</code>
        </sourceSystem>
        <text>Received in the Senate.</text>
        <type>IntroReferral</type>
      </item>
      <item>
        <sourceSystem>
          <name>House floor actions</name>
          <code>2</code>
        </sourceSystem>
        <actionDate>2017-02-06</actionDate>
        <text>Motion to reconsider laid on the table Agreed to without objection.</text>
        <type>Floor</type>
        <links />
        <committee />
        <actionCode>H38310</actionCode>
        <actionTime>19:01:26</actionTime>
      </item>
      <item>
        <sourceSystem>
          <name>House floor actions</name>
          <code>2</code>
        </sourceSystem>
        <actionDate>2017-02-06</actionDate>
        <text>On agreeing to the resolution Agreed to without objection. (text: CR H994)</text>
        <type>Floor</type>
        <links>
          <link>
            <name>H994</name>
            <url>https://www.congress.gov/congressional-record/volume-163/house-section/page/H994</url>
          </link>
        </links>
        <committee />
        <actionCode>H37100</actionCode>
        <actionTime>19:01:23</actionTime>
      </item>
      <item>
        <sourceSystem>
          <name>Library of Congress</name>
          <code>9</code>
        </sourceSystem>
        <actionDate>2017-02-06</actionDate>
        <text>Passed/agreed to in House: On agreeing to the resolution Agreed to without objection.(text: CR H994)</text>
        <type>Floor</type>
        <links>
          <link>
            <name>H994</name>
            <url>https://www.congress.gov/congressional-record/volume-163/house-section/page/H994</url>
          </link>
        </links>
        <committee />
        <actionCode>8000</actionCode>
        <actionTime>19:01:23</actionTime>
      </item>
      <item>
        <sourceSystem>
          <name>House floor actions</name>
          <code>2</code>
        </sourceSystem>
        <actionDate>2017-02-06</actionDate>
        <text>Considered by unanimous consent. (consideration: CR H994)</text>
        <type>Floor</type>
        <links>
          <link>
            <name>H994</name>
            <url>https://www.congress.gov/congressional-record/volume-163/house-section/page/H994</url>
          </link>
        </links>
        <committee />
        <actionCode>H30000</actionCode>
        <actionTime>19:01:15</actionTime>
      </item>
      <item>
        <sourceSystem>
          <name>House floor actions</name>
          <code>2</code>
        </sourceSystem>
        <actionDate>2017-02-06</actionDate>
        <text>Committee on House Administration discharged.</text>
        <type>Discharge</type>
        <links />
        <committee>
          <systemCode>hsha00</systemCode>
          <name>House Administration Committee</name>
        </committee>
        <actionCode>H12300</actionCode>
      </item>
      <item>
        <sourceSystem>
          <name>Library of Congress</name>
          <code>9</code>
        </sourceSystem>
        <actionDate>2017-02-06</actionDate>
        <text>Committee on House Administration discharged.</text>
        <type>Committee</type>
        <links />
        <committee>
          <systemCode>hsha00</systemCode>
          <name>House Administration Committee</name>
        </committee>
        <actionCode>5500</actionCode>
      </item>
      <item>
        <sourceSystem>
          <name>House floor actions</name>
          <code>2</code>
        </sourceSystem>
        <actionDate>2017-02-06</actionDate>
        <text>Mr. Harper asked unanimous consent to discharge from committee and consider.</text>
        <type>Floor</type>
        <links />
        <committee />
        <actionCode>H30200</actionCode>
        <actionTime>19:00:59</actionTime>
      </item>
      <item>
        <sourceSystem>
          <name>House floor actions</name>
          <code>2</code>
        </sourceSystem>
        <actionDate>2017-02-01</actionDate>
        <text>Referred to the House Committee on House Administration.</text>
        <type>IntroReferral</type>
        <links />
        <committee>
          <systemCode>hsha00</systemCode>
          <name>House Administration Committee</name>
        </committee>
        <actionCode>H11100</actionCode>
      </item>
      <item>
        <sourceSystem>
          <name>Library of Congress</name>
          <code>9</code>
        </sourceSystem>
        <actionDate>2017-02-01</actionDate>
        <text>Introduced in House</text>
        <type>IntroReferral</type>
        <links />
        <committee />
        <actionCode>Intro-H</actionCode>
      </item>
      <item>
        <sourceSystem>
          <name>Library of Congress</name>
          <code>9</code>
        </sourceSystem>
        <actionDate>2017-02-01</actionDate>
        <text>Introduced in House</text>
        <type>IntroReferral</type>
        <links />
        <committee />
        <actionCode>1000</actionCode>
      </item>
    </actions>
    <updateDate>2018-02-06T16:39:20Z</updateDate>
    <amendments />
    <notes />
    <sponsors>
      <item>
        <bioguideId>M001181</bioguideId>
        <district>7</district>
        <middleName />
        <byRequestType />
        <firstName>Patrick</firstName>
        <lastName>Meehan</lastName>
        <state>PA</state>
        <party>R</party>
        <identifiers>
          <bioguideId>M001181</bioguideId>
          <gpoId>8125</gpoId>
          <lisID>2052</lisID>
        </identifiers>
        <fullName>Rep. Meehan, Patrick [R-PA-7]</fullName>
      </item>
    </sponsors>
    <committees>
      <billCommittees>
        <item>
          <subcommittees />
          <type>Standing</type>
          <systemCode>hsha00</systemCode>
          <activities>
            <item>
              <name>Discharged from</name>
              <date>2017-02-07T00:01:05Z</date>
            </item>
            <item>
              <name>Referred to</name>
              <date>2017-02-01T15:04:30Z</date>
            </item>
          </activities>
          <name>House Administration Committee</name>
          <chamber>House</chamber>
        </item>
      </billCommittees>
    </committees>
    <cosponsors>
      <item>
        <identifiers>
          <bioguideId>D000610</bioguideId>
          <lisID>1976</lisID>
          <gpoId>7891</gpoId>
        </identifiers>
        <sponsorshipDate>2017-02-01</sponsorshipDate>
        <district>22</district>
        <middleName>E.</middleName>
        <sponsorshipWithdrawnDate />
        <fullName>Rep. Deutch, Theodore E. [D-FL-22]</fullName>
        <party>D</party>
        <firstName>Theodore</firstName>
        <isOriginalCosponsor>True</isOriginalCosponsor>
        <lastName>Deutch</lastName>
        <state>FL</state>
        <bioguideId>D000610</bioguideId>
      </item>
    </cosponsors>
    <constitutionalAuthorityStatementText />
    <policyArea>
      <name>Congress</name>
    </policyArea>
    <cboCostEstimates />
    <laws />
    <congress>115</congress>
    <version>1.0.0</version>
    <introducedDate>2017-02-01</introducedDate>
    <committeeReports />
    <titles>
      <item>
        <parentTitleType />
        <chamberCode />
        <titleType>Official Title as Introduced</titleType>
        <chamberName />
        <title>Permitting the use of the rotunda of the Capitol for a ceremony as part of the commemoration of the days of remembrance of victims of the Holocaust.</title>
      </item>
      <item>
        <parentTitleType />
        <chamberCode />
        <titleType>Display Title</titleType>
        <chamberName />
        <title>Permitting the use of the rotunda of the Capitol for a ceremony as part of the commemoration of the days of remembrance of victims of the Holocaust.</title>
      </item>
    </titles>
    <calendarNumbers />
    <subjects>
      <billSubjects>
        <policyArea>
          <name>Congress</name>
        </policyArea>
        <legislativeSubjects>
          <item>
            <name>Commemorative events and holidays</name>
          </item>
          <item>
            <name>Crime victims</name>
          </item>
          <item>
            <name>Europe</name>
          </item>
          <item>
            <name>Germany</name>
          </item>
          <item>
            <name>Religion</name>
          </item>
          <item>
            <name>U.S. Capitol</name>
          </item>
          <item>
            <name>War crimes, genocide, crimes against humanity</name>
          </item>
        </legislativeSubjects>
      </billSubjects>
    </subjects>
    <billType>HCONRES</billType>
  </bill>
  <dublinCore xmlns:dc="http://purl.org/dc/elements/1.1/">
    <dc:format>text/xml</dc:format>
    <dc:language>EN</dc:language>
    <dc:rights>Pursuant to Title 17 Section 105 of the United States Code, this file is not subject to copyright protection and is in the public domain.</dc:rights>
    <dc:contributor>Congressional Research Service, Library of Congress</dc:contributor>
    <dc:description>This file contains bill summaries and statuses for federal legislation. A bill summary describes the most significant provisions of a piece of legislation and details the effects the legislative text may have on current law and federal programs. Bill summaries are authored by the Congressional Research Service (CRS) of the Library of Congress. As stated in Public Law 91-510 (2 USC 166 (d)(6)), one of the duties of CRS is "to prepare summaries and digests of bills and resolutions of a public general nature introduced in the Senate or House of Representatives". For more information, refer to the User Guide that accompanies this file.</dc:description>
  </dublinCore>
</billStatus>

