<?xml version="1.0" encoding="UTF-8"?>
<billStatus>
  <bill>
    <constitutionalAuthorityStatementText />
    <originChamber>House</originChamber>
    <subjects>
      <billSubjects>
        <policyArea>
          <name>Foreign Trade and International Finance</name>
        </policyArea>
        <legislativeSubjects>
          <item>
            <name>Agricultural prices, subsidies, credit</name>
          </item>
          <item>
            <name>Agricultural trade</name>
          </item>
          <item>
            <name>Congressional oversight</name>
          </item>
          <item>
            <name>Free trade and trade barriers</name>
          </item>
          <item>
            <name>Trade agreements and negotiations</name>
          </item>
        </legislativeSubjects>
      </billSubjects>
    </subjects>
    <cosponsors>
      <item>
        <identifiers>
          <lisID>2277</lisID>
          <gpoId />
          <bioguideId>M001195</bioguideId>
        </identifiers>
        <sponsorshipDate>2017-03-23</sponsorshipDate>
        <district>2</district>
        <middleName>X.</middleName>
        <sponsorshipWithdrawnDate />
        <fullName>Rep. Mooney, Alexander X. [R-WV-2]</fullName>
        <party>R</party>
        <firstName>Alexander</firstName>
        <isOriginalCosponsor>True</isOriginalCosponsor>
        <lastName>Mooney</lastName>
        <state>WV</state>
        <bioguideId>M001195</bioguideId>
      </item>
      <item>
        <identifiers>
          <lisID>612</lisID>
          <bioguideId>J000255</bioguideId>
          <gpoId>8026</gpoId>
        </identifiers>
        <sponsorshipDate>2017-03-23</sponsorshipDate>
        <district>3</district>
        <middleName>B.</middleName>
        <sponsorshipWithdrawnDate />
        <fullName>Rep. Jones, Walter B., Jr. [R-NC-3]</fullName>
        <party>R</party>
        <firstName>WALTER</firstName>
        <isOriginalCosponsor>True</isOriginalCosponsor>
        <lastName>JONES</lastName>
        <state>NC</state>
        <bioguideId>J000255</bioguideId>
      </item>
      <item>
        <identifiers>
          <bioguideId>S001180</bioguideId>
          <lisID>1950</lisID>
          <gpoId>8118</gpoId>
        </identifiers>
        <sponsorshipDate>2017-03-23</sponsorshipDate>
        <district>5</district>
        <middleName />
        <sponsorshipWithdrawnDate />
        <fullName>Rep. Schrader, Kurt [D-OR-5]</fullName>
        <party>D</party>
        <firstName>Kurt</firstName>
        <isOriginalCosponsor>True</isOriginalCosponsor>
        <lastName>Schrader</lastName>
        <state>OR</state>
        <bioguideId>S001180</bioguideId>
      </item>
      <item>
        <identifiers>
          <lisID>2245</lisID>
          <gpoId />
          <bioguideId>G000577</bioguideId>
        </identifiers>
        <sponsorshipDate>2017-03-23</sponsorshipDate>
        <district>6</district>
        <middleName />
        <sponsorshipWithdrawnDate />
        <fullName>Rep. Graves, Garret [R-LA-6]</fullName>
        <party>R</party>
        <firstName>Garret</firstName>
        <isOriginalCosponsor>True</isOriginalCosponsor>
        <lastName>Graves</lastName>
        <state>LA</state>
        <bioguideId>G000577</bioguideId>
      </item>
      <item>
        <identifiers>
          <lisID>2334</lisID>
          <gpoId />
          <bioguideId>M001201</bioguideId>
        </identifiers>
        <sponsorshipDate>2017-03-23</sponsorshipDate>
        <district>10</district>
        <middleName />
        <sponsorshipWithdrawnDate />
        <fullName>Rep. Mitchell, Paul [R-MI-10]</fullName>
        <party>R</party>
        <firstName>Paul</firstName>
        <isOriginalCosponsor>True</isOriginalCosponsor>
        <lastName>Mitchell</lastName>
        <state>MI</state>
        <bioguideId>M001201</bioguideId>
      </item>
      <item>
        <identifiers>
          <bioguideId>H000324</bioguideId>
          <lisID>511</lisID>
          <gpoId>7895</gpoId>
        </identifiers>
        <sponsorshipDate>2017-03-23</sponsorshipDate>
        <district>20</district>
        <middleName>L.</middleName>
        <sponsorshipWithdrawnDate />
        <fullName>Rep. Hastings, Alcee L. [D-FL-20]</fullName>
        <party>D</party>
        <firstName>ALCEE</firstName>
        <isOriginalCosponsor>True</isOriginalCosponsor>
        <lastName>HASTINGS</lastName>
        <state>FL</state>
        <bioguideId>H000324</bioguideId>
      </item>
      <item>
        <identifiers>
          <bioguideId>R000583</bioguideId>
          <lisID>1916</lisID>
          <gpoId>7888</gpoId>
        </identifiers>
        <sponsorshipDate>2017-03-23</sponsorshipDate>
        <district>17</district>
        <middleName>J.</middleName>
        <sponsorshipWithdrawnDate />
        <fullName>Rep. Rooney, Thomas J. [R-FL-17]</fullName>
        <party>R</party>
        <firstName>Thomas</firstName>
        <isOriginalCosponsor>True</isOriginalCosponsor>
        <lastName>Rooney</lastName>
        <state>FL</state>
        <bioguideId>R000583</bioguideId>
      </item>
      <item>
        <identifiers>
          <bioguideId>F000462</bioguideId>
          <gpoId />
          <lisID>2119</lisID>
        </identifiers>
        <sponsorshipDate>2017-03-23</sponsorshipDate>
        <district>21</district>
        <middleName />
        <sponsorshipWithdrawnDate />
        <fullName>Rep. Frankel, Lois [D-FL-21]</fullName>
        <party>D</party>
        <firstName>Lois</firstName>
        <isOriginalCosponsor>True</isOriginalCosponsor>
        <lastName>Frankel</lastName>
        <state>FL</state>
        <bioguideId>F000462</bioguideId>
      </item>
      <item>
        <identifiers>
          <bioguideId>K000380</bioguideId>
          <lisID>2134</lisID>
          <gpoId />
        </identifiers>
        <sponsorshipDate>2017-03-23</sponsorshipDate>
        <district>5</district>
        <middleName>T.</middleName>
        <sponsorshipWithdrawnDate />
        <fullName>Rep. Kildee, Daniel T. [D-MI-5]</fullName>
        <party>D</party>
        <firstName>Daniel</firstName>
        <isOriginalCosponsor>True</isOriginalCosponsor>
        <lastName>Kildee</lastName>
        <state>MI</state>
        <bioguideId>K000380</bioguideId>
      </item>
      <item>
        <identifiers>
          <lisID>2144</lisID>
          <gpoId />
          <bioguideId>C001096</bioguideId>
        </identifiers>
        <sponsorshipDate>2017-03-23</sponsorshipDate>
        <district>0</district>
        <middleName />
        <sponsorshipWithdrawnDate />
        <fullName>Rep. Cramer, Kevin [R-ND-At Large]</fullName>
        <party>R</party>
        <firstName>Kevin</firstName>
        <isOriginalCosponsor>True</isOriginalCosponsor>
        <lastName>Cramer</lastName>
        <state>ND</state>
        <bioguideId>C001096</bioguideId>
      </item>
      <item>
        <identifiers>
          <lisID>2049</lisID>
          <gpoId>8108</gpoId>
          <bioguideId>G000563</bioguideId>
        </identifiers>
        <sponsorshipDate>2017-03-23</sponsorshipDate>
        <district>7</district>
        <middleName />
        <sponsorshipWithdrawnDate />
        <fullName>Rep. Gibbs, Bob [R-OH-7]</fullName>
        <party>R</party>
        <firstName>Bob</firstName>
        <isOriginalCosponsor>True</isOriginalCosponsor>
        <lastName>Gibbs</lastName>
        <state>OH</state>
        <bioguideId>G000563</bioguideId>
      </item>
      <item>
        <identifiers>
          <lisID>2244</lisID>
          <bioguideId>A000374</bioguideId>
          <gpoId />
        </identifiers>
        <sponsorshipDate>2017-03-24</sponsorshipDate>
        <district>5</district>
        <middleName>Lee</middleName>
        <sponsorshipWithdrawnDate />
        <fullName>Rep. Abraham, Ralph Lee [R-LA-5]</fullName>
        <party>R</party>
        <firstName>Ralph</firstName>
        <isOriginalCosponsor>False</isOriginalCosponsor>
        <lastName>Abraham</lastName>
        <state>LA</state>
        <bioguideId>A000374</bioguideId>
      </item>
      <item>
        <identifiers>
          <bioguideId>H001077</bioguideId>
          <lisID>2329</lisID>
          <gpoId />
        </identifiers>
        <sponsorshipDate>2017-03-28</sponsorshipDate>
        <district>3</district>
        <middleName />
        <sponsorshipWithdrawnDate />
        <fullName>Rep. Higgins, Clay [R-LA-3]</fullName>
        <party>R</party>
        <firstName>Clay</firstName>
        <isOriginalCosponsor>False</isOriginalCosponsor>
        <lastName>Higgins</lastName>
        <state>LA</state>
        <bioguideId>H001077</bioguideId>
      </item>
      <item>
        <identifiers>
          <lisID>1688</lisID>
          <gpoId>8142</gpoId>
          <bioguideId>W000795</bioguideId>
        </identifiers>
        <sponsorshipDate>2017-11-01</sponsorshipDate>
        <district>2</district>
        <middleName />
        <sponsorshipWithdrawnDate />
        <fullName>Rep. Wilson, Joe [R-SC-2]</fullName>
        <party>R</party>
        <firstName>Joe</firstName>
        <isOriginalCosponsor>False</isOriginalCosponsor>
        <lastName>Wilson</lastName>
        <state>SC</state>
        <bioguideId>W000795</bioguideId>
      </item>
    </cosponsors>
    <billType>HCONRES</billType>
    <recordedVotes />
    <laws />
    <committeeReports />
    <actions>
      <actionByCounts>
        <houseOfRepresentatives>6</houseOfRepresentatives>
      </actionByCounts>
      <actionTypeCounts>
        <introducedInTheHouse>1</introducedInTheHouse>
        <billReferrals>2</billReferrals>
        <placeholderTextForH>1</placeholderTextForH>
        <introducedInHouse>1</introducedInHouse>
        <billReferralsAggregate>1</billReferralsAggregate>
      </actionTypeCounts>
      <item>
        <actionDate>2017-03-24</actionDate>
        <committee>
          <systemCode>hswm04</systemCode>
          <name>Trade Subcommittee</name>
        </committee>
        <links />
        <sourceSystem>
          <name>House committee actions</name>
          <code>1</code>
        </sourceSystem>
        <text>Referred to the Subcommittee on Trade.</text>
        <type>Committee</type>
      </item>
      <item>
        <actionDate>2017-03-23</actionDate>
        <text>Referred to the Committee on Ways and Means, and in addition to the Committee on Agriculture, for a period to be subsequently determined by the Speaker, in each case for consideration of such provisions as fall within the jurisdiction of the committee concerned.</text>
        <sourceSystem>
          <name>House floor actions</name>
          <code>2</code>
        </sourceSystem>
        <committee>
          <systemCode>hsag00</systemCode>
          <name>Agriculture Committee</name>
        </committee>
        <links />
        <actionCode>H11100</actionCode>
        <type>IntroReferral</type>
      </item>
      <item>
        <actionDate>2017-03-23</actionDate>
        <text>Referred to the Committee on Ways and Means, and in addition to the Committee on Agriculture, for a period to be subsequently determined by the Speaker, in each case for consideration of such provisions as fall within the jurisdiction of the committee concerned.</text>
        <sourceSystem>
          <name>House floor actions</name>
          <code>2</code>
        </sourceSystem>
        <committee>
          <systemCode>hswm00</systemCode>
          <name>Ways and Means Committee</name>
        </committee>
        <links />
        <actionCode>H11100</actionCode>
        <type>IntroReferral</type>
      </item>
      <item>
        <actionDate>2017-03-23</actionDate>
        <text>Referred to the Committee on Ways and Means, and in addition to the Committee on Agriculture, for a period to be subsequently determined by the Speaker, in each case for consideration of such provisions as fall within the jurisdiction of the committee concerned.</text>
        <sourceSystem>
          <name>Library of Congress</name>
          <code>9</code>
        </sourceSystem>
        <committee />
        <links />
        <actionCode>H11100-A</actionCode>
        <type>IntroReferral</type>
      </item>
      <item>
        <actionDate>2017-03-23</actionDate>
        <text>Introduced in House</text>
        <sourceSystem>
          <name>Library of Congress</name>
          <code>9</code>
        </sourceSystem>
        <committee />
        <links />
        <actionCode>Intro-H</actionCode>
        <type>IntroReferral</type>
      </item>
      <item>
        <actionDate>2017-03-23</actionDate>
        <text>Introduced in House</text>
        <sourceSystem>
          <name>Library of Congress</name>
          <code>9</code>
        </sourceSystem>
        <committee />
        <links />
        <actionCode>1000</actionCode>
        <type>IntroReferral</type>
      </item>
    </actions>
    <createDate>2017-03-24T05:20:55Z</createDate>
    <version>1.0.0</version>
    <notes />
    <latestAction>
      <actionDate>2017-03-24</actionDate>
      <text>Referred to the Subcommittee on Trade.</text>
      <links />
    </latestAction>
    <title>Expressing the sense of Congress that all direct and indirect subsidies that benefit the production or export of sugar by all major sugar producing and consuming countries should be eliminated.</title>
    <summaries>
      <billSummaries>
        <item>
          <lastSummaryUpdateDate>2017-04-26T15:52:11Z</lastSummaryUpdateDate>
          <updateDate>2017-03-23T04:00:00Z</updateDate>
          <versionCode>00</versionCode>
          <text><![CDATA[<p>Expresses the sense of Congress that the President should seek the elimination of all subsidies benefiting the production or export of sugar by any foreign country that:</p> <ul> <li> exported more than 200,000 metric tons of sugar in 2014, 2015, or 2016, or </li> <li> has in effect a free trade agreement with the United States.</li> </ul> <p>Urges the President to:</p> <ul> <li>report to Congress detailed information about how any of such country has eliminated such subsidies; and</li> <li>propose legislation to implement U.S. sugar policy reforms.</li> </ul>]]></text>
          <name>Introduced in House</name>
          <actionDesc>Introduced in House</actionDesc>
          <actionDate>2017-03-23</actionDate>
        </item>
      </billSummaries>
    </summaries>
    <congress>115</congress>
    <policyArea>
      <name>Foreign Trade and International Finance</name>
    </policyArea>
    <billNumber>40</billNumber>
    <calendarNumbers />
    <cboCostEstimates />
    <introducedDate>2017-03-23</introducedDate>
    <relatedBills />
    <committees>
      <billCommittees>
        <item>
          <subcommittees>
            <item>
              <name>Trade Subcommittee</name>
              <systemCode>hswm04</systemCode>
              <activities>
                <item>
                  <name>Referred to</name>
                  <date>2017-03-24T13:34:46Z</date>
                </item>
              </activities>
            </item>
          </subcommittees>
          <type>Standing</type>
          <systemCode>hswm00</systemCode>
          <activities>
            <item>
              <name>Referred to</name>
              <date>2017-03-23T13:02:20Z</date>
            </item>
          </activities>
          <name>Ways and Means Committee</name>
          <chamber>House</chamber>
        </item>
        <item>
          <subcommittees />
          <type>Standing</type>
          <systemCode>hsag00</systemCode>
          <activities>
            <item>
              <name>Referred to</name>
              <date>2017-03-23T13:02:25Z</date>
            </item>
          </activities>
          <name>Agriculture Committee</name>
          <chamber>House</chamber>
        </item>
      </billCommittees>
    </committees>
    <titles>
      <item>
        <chamberName />
        <parentTitleType />
        <chamberCode />
        <titleType>Official Title as Introduced</titleType>
        <title>Expressing the sense of Congress that all direct and indirect subsidies that benefit the production or export of sugar by all major sugar producing and consuming countries should be eliminated.</title>
      </item>
      <item>
        <chamberName />
        <parentTitleType />
        <chamberCode />
        <titleType>Display Title</titleType>
        <title>Expressing the sense of Congress that all direct and indirect subsidies that benefit the production or export of sugar by all major sugar producing and consuming countries should be eliminated.</title>
      </item>
    </titles>
    <sponsors>
      <item>
        <fullName>Rep. Yoho, Ted S. [R-FL-3]</fullName>
        <middleName>S.</middleName>
        <district>3</district>
        <byRequestType />
        <firstName>Ted</firstName>
        <bioguideId>Y000065</bioguideId>
        <state>FL</state>
        <party>R</party>
        <lastName>Yoho</lastName>
        <identifiers>
          <gpoId />
          <bioguideId>Y000065</bioguideId>
          <lisID>2115</lisID>
        </identifiers>
      </item>
    </sponsors>
    <updateDate>2018-02-06T16:39:21Z</updateDate>
    <amendments />
  </bill>
  <dublinCore xmlns:dc="http://purl.org/dc/elements/1.1/">
    <dc:format>text/xml</dc:format>
    <dc:language>EN</dc:language>
    <dc:rights>Pursuant to Title 17 Section 105 of the United States Code, this file is not subject to copyright protection and is in the public domain.</dc:rights>
    <dc:contributor>Congressional Research Service, Library of Congress</dc:contributor>
    <dc:description>This file contains bill summaries and statuses for federal legislation. A bill summary describes the most significant provisions of a piece of legislation and details the effects the legislative text may have on current law and federal programs. Bill summaries are authored by the Congressional Research Service (CRS) of the Library of Congress. As stated in Public Law 91-510 (2 USC 166 (d)(6)), one of the duties of CRS is "to prepare summaries and digests of bills and resolutions of a public general nature introduced in the Senate or House of Representatives". For more information, refer to the User Guide that accompanies this file.</dc:description>
  </dublinCore>
</billStatus>

