<?xml version="1.0" encoding="UTF-8"?>
<billStatus>
  <bill>
    <policyArea>
      <name>Armed Forces and National Security</name>
    </policyArea>
    <introducedDate>2017-07-20</introducedDate>
    <cosponsors>
      <item>
        <district>8</district>
        <sponsorshipWithdrawnDate />
        <party>R</party>
        <fullName>Rep. Brady, Kevin [R-TX-8]</fullName>
        <sponsorshipDate>2017-07-20</sponsorshipDate>
        <bioguideId>B000755</bioguideId>
        <middleName />
        <identifiers>
          <gpoId>8164</gpoId>
          <bioguideId>B000755</bioguideId>
          <lisID>1468</lisID>
        </identifiers>
        <lastName>BRADY</lastName>
        <isOriginalCosponsor>True</isOriginalCosponsor>
        <firstName>KEVIN</firstName>
        <state>TX</state>
      </item>
      <item>
        <district>13</district>
        <sponsorshipWithdrawnDate />
        <party>D</party>
        <fullName>Rep. Ryan, Tim [D-OH-13]</fullName>
        <sponsorshipDate>2017-07-20</sponsorshipDate>
        <bioguideId>R000577</bioguideId>
        <middleName />
        <identifiers>
          <lisID>1756</lisID>
          <gpoId>8107</gpoId>
          <bioguideId>R000577</bioguideId>
        </identifiers>
        <lastName>RYAN</lastName>
        <isOriginalCosponsor>True</isOriginalCosponsor>
        <firstName>TIM</firstName>
        <state>OH</state>
      </item>
      <item>
        <district>8</district>
        <sponsorshipWithdrawnDate />
        <party>R</party>
        <fullName>Rep. Posey, Bill [R-FL-8]</fullName>
        <sponsorshipDate>2017-07-20</sponsorshipDate>
        <bioguideId>P000599</bioguideId>
        <middleName />
        <identifiers>
          <gpoId>7887</gpoId>
          <bioguideId>P000599</bioguideId>
          <lisID>1915</lisID>
        </identifiers>
        <lastName>Posey</lastName>
        <isOriginalCosponsor>True</isOriginalCosponsor>
        <firstName>Bill</firstName>
        <state>FL</state>
      </item>
      <item>
        <district>22</district>
        <sponsorshipWithdrawnDate />
        <party>R</party>
        <fullName>Rep. Nunes, Devin [R-CA-22]</fullName>
        <sponsorshipDate>2017-07-20</sponsorshipDate>
        <bioguideId>N000181</bioguideId>
        <middleName />
        <identifiers>
          <bioguideId>N000181</bioguideId>
          <gpoId>7826</gpoId>
          <lisID>1710</lisID>
        </identifiers>
        <lastName>Nunes</lastName>
        <isOriginalCosponsor>True</isOriginalCosponsor>
        <firstName>Devin</firstName>
        <state>CA</state>
      </item>
      <item>
        <district>45</district>
        <sponsorshipWithdrawnDate />
        <party>R</party>
        <fullName>Rep. Walters, Mimi [R-CA-45]</fullName>
        <sponsorshipDate>2017-07-20</sponsorshipDate>
        <bioguideId>W000820</bioguideId>
        <middleName />
        <identifiers>
          <lisID>2232</lisID>
          <gpoId />
          <bioguideId>W000820</bioguideId>
        </identifiers>
        <lastName>Walters</lastName>
        <isOriginalCosponsor>True</isOriginalCosponsor>
        <firstName>Mimi</firstName>
        <state>CA</state>
      </item>
      <item>
        <district>8</district>
        <sponsorshipWithdrawnDate />
        <party>R</party>
        <fullName>Rep. Cook, Paul [R-CA-8]</fullName>
        <sponsorshipDate>2017-07-20</sponsorshipDate>
        <bioguideId>C001094</bioguideId>
        <middleName />
        <identifiers>
          <bioguideId>C001094</bioguideId>
          <lisID>2103</lisID>
          <gpoId />
        </identifiers>
        <lastName>Cook</lastName>
        <isOriginalCosponsor>True</isOriginalCosponsor>
        <firstName>Paul</firstName>
        <state>CA</state>
      </item>
      <item>
        <district>25</district>
        <sponsorshipWithdrawnDate />
        <party>R</party>
        <fullName>Rep. Knight, Stephen [R-CA-25]</fullName>
        <sponsorshipDate>2017-07-20</sponsorshipDate>
        <bioguideId>K000387</bioguideId>
        <middleName />
        <identifiers>
          <lisID>2228</lisID>
          <gpoId />
          <bioguideId>K000387</bioguideId>
        </identifiers>
        <lastName>Knight</lastName>
        <isOriginalCosponsor>True</isOriginalCosponsor>
        <firstName>Stephen</firstName>
        <state>CA</state>
      </item>
      <item>
        <district>48</district>
        <sponsorshipWithdrawnDate />
        <party>R</party>
        <fullName>Rep. Rohrabacher, Dana [R-CA-48]</fullName>
        <sponsorshipDate>2017-07-20</sponsorshipDate>
        <bioguideId>R000409</bioguideId>
        <middleName />
        <identifiers>
          <gpoId>7851</gpoId>
          <bioguideId>R000409</bioguideId>
          <lisID>979</lisID>
        </identifiers>
        <lastName>ROHRABACHER</lastName>
        <isOriginalCosponsor>True</isOriginalCosponsor>
        <firstName>DANA</firstName>
        <state>CA</state>
      </item>
      <item>
        <district>39</district>
        <sponsorshipWithdrawnDate />
        <party>R</party>
        <fullName>Rep. Royce, Edward R. [R-CA-39]</fullName>
        <sponsorshipDate>2017-07-20</sponsorshipDate>
        <bioguideId>R000487</bioguideId>
        <middleName />
        <identifiers>
          <bioguideId>R000487</bioguideId>
          <lisID>998</lisID>
          <gpoId>7845</gpoId>
        </identifiers>
        <lastName>ROYCE</lastName>
        <isOriginalCosponsor>True</isOriginalCosponsor>
        <firstName>ED</firstName>
        <state>CA</state>
      </item>
      <item>
        <district>2</district>
        <sponsorshipWithdrawnDate />
        <party>R</party>
        <fullName>Rep. Mooney, Alexander X. [R-WV-2]</fullName>
        <sponsorshipDate>2017-07-20</sponsorshipDate>
        <bioguideId>M001195</bioguideId>
        <middleName>X.</middleName>
        <identifiers>
          <lisID>2277</lisID>
          <gpoId />
          <bioguideId>M001195</bioguideId>
        </identifiers>
        <lastName>Mooney</lastName>
        <isOriginalCosponsor>True</isOriginalCosponsor>
        <firstName>Alexander</firstName>
        <state>WV</state>
      </item>
      <item>
        <district>6</district>
        <sponsorshipWithdrawnDate />
        <party>R</party>
        <fullName>Rep. Upton, Fred [R-MI-6]</fullName>
        <sponsorshipDate>2017-07-20</sponsorshipDate>
        <bioguideId>U000031</bioguideId>
        <middleName />
        <identifiers>
          <bioguideId>U000031</bioguideId>
          <lisID>1177</lisID>
          <gpoId>7991</gpoId>
        </identifiers>
        <lastName>UPTON</lastName>
        <isOriginalCosponsor>True</isOriginalCosponsor>
        <firstName>FRED</firstName>
        <state>MI</state>
      </item>
      <item>
        <district>26</district>
        <sponsorshipWithdrawnDate />
        <party>R</party>
        <fullName>Rep. Burgess, Michael C. [R-TX-26]</fullName>
        <sponsorshipDate>2017-07-20</sponsorshipDate>
        <bioguideId>B001248</bioguideId>
        <middleName>C.</middleName>
        <identifiers>
          <lisID>1751</lisID>
          <bioguideId>B001248</bioguideId>
          <gpoId>8182</gpoId>
        </identifiers>
        <lastName>Burgess</lastName>
        <isOriginalCosponsor>True</isOriginalCosponsor>
        <firstName>Michael</firstName>
        <state>TX</state>
      </item>
      <item>
        <district>22</district>
        <sponsorshipWithdrawnDate />
        <party>R</party>
        <fullName>Rep. Tenney, Claudia [R-NY-22]</fullName>
        <sponsorshipDate>2017-07-20</sponsorshipDate>
        <bioguideId>T000478</bioguideId>
        <middleName />
        <identifiers>
          <bioguideId>T000478</bioguideId>
          <lisID>2344</lisID>
          <gpoId />
        </identifiers>
        <lastName>Tenney</lastName>
        <isOriginalCosponsor>True</isOriginalCosponsor>
        <firstName>Claudia</firstName>
        <state>NY</state>
      </item>
      <item>
        <district>5</district>
        <sponsorshipWithdrawnDate />
        <party>R</party>
        <fullName>Rep. Lamborn, Doug [R-CO-5]</fullName>
        <sponsorshipDate>2017-07-20</sponsorshipDate>
        <bioguideId>L000564</bioguideId>
        <middleName />
        <identifiers>
          <lisID>1834</lisID>
          <bioguideId>L000564</bioguideId>
          <gpoId>7863</gpoId>
        </identifiers>
        <lastName>Lamborn</lastName>
        <isOriginalCosponsor>True</isOriginalCosponsor>
        <firstName>Doug</firstName>
        <state>CO</state>
      </item>
      <item>
        <district>4</district>
        <sponsorshipWithdrawnDate />
        <party>R</party>
        <fullName>Rep. Perry, Scott [R-PA-4]</fullName>
        <sponsorshipDate>2017-07-20</sponsorshipDate>
        <bioguideId>P000605</bioguideId>
        <middleName />
        <identifiers>
          <bioguideId>P000605</bioguideId>
          <gpoId />
          <lisID>2157</lisID>
        </identifiers>
        <lastName>Perry</lastName>
        <isOriginalCosponsor>True</isOriginalCosponsor>
        <firstName>Scott</firstName>
        <state>PA</state>
      </item>
      <item>
        <district>50</district>
        <sponsorshipWithdrawnDate />
        <party>R</party>
        <fullName>Rep. Hunter, Duncan D. [R-CA-50]</fullName>
        <sponsorshipDate>2017-07-20</sponsorshipDate>
        <bioguideId>H001048</bioguideId>
        <middleName>D.</middleName>
        <identifiers>
          <lisID>1909</lisID>
          <bioguideId>H001048</bioguideId>
          <gpoId>7857</gpoId>
        </identifiers>
        <lastName>Hunter</lastName>
        <isOriginalCosponsor>True</isOriginalCosponsor>
        <firstName>Duncan</firstName>
        <state>CA</state>
      </item>
      <item>
        <district>51</district>
        <sponsorshipWithdrawnDate />
        <party>D</party>
        <fullName>Rep. Vargas, Juan [D-CA-51]</fullName>
        <sponsorshipDate>2017-07-20</sponsorshipDate>
        <bioguideId>V000130</bioguideId>
        <middleName />
        <identifiers>
          <bioguideId>V000130</bioguideId>
          <lisID>2112</lisID>
          <gpoId />
        </identifiers>
        <lastName>Vargas</lastName>
        <isOriginalCosponsor>True</isOriginalCosponsor>
        <firstName>Juan</firstName>
        <state>CA</state>
      </item>
      <item>
        <district>46</district>
        <sponsorshipWithdrawnDate />
        <party>D</party>
        <fullName>Rep. Correa, J. Luis [D-CA-46]</fullName>
        <sponsorshipDate>2017-07-20</sponsorshipDate>
        <bioguideId>C001110</bioguideId>
        <middleName>Luis</middleName>
        <identifiers>
          <lisID>2312</lisID>
          <bioguideId>C001110</bioguideId>
          <gpoId />
        </identifiers>
        <lastName>Correa</lastName>
        <isOriginalCosponsor>True</isOriginalCosponsor>
        <firstName>J.</firstName>
        <state>CA</state>
      </item>
      <item>
        <district>28</district>
        <sponsorshipWithdrawnDate />
        <party>D</party>
        <fullName>Rep. Cuellar, Henry [D-TX-28]</fullName>
        <sponsorshipDate>2017-07-20</sponsorshipDate>
        <bioguideId>C001063</bioguideId>
        <middleName />
        <identifiers>
          <gpoId>8184</gpoId>
          <lisID>1807</lisID>
          <bioguideId>C001063</bioguideId>
        </identifiers>
        <lastName>Cuellar</lastName>
        <isOriginalCosponsor>True</isOriginalCosponsor>
        <firstName>Henry</firstName>
        <state>TX</state>
      </item>
      <item>
        <district>9</district>
        <sponsorshipWithdrawnDate />
        <party>D</party>
        <fullName>Rep. Kaptur, Marcy [D-OH-9]</fullName>
        <sponsorshipDate>2017-07-20</sponsorshipDate>
        <bioguideId>K000009</bioguideId>
        <middleName />
        <identifiers>
          <lisID>616</lisID>
          <bioguideId>K000009</bioguideId>
          <gpoId>8099</gpoId>
        </identifiers>
        <lastName>KAPTUR</lastName>
        <isOriginalCosponsor>True</isOriginalCosponsor>
        <firstName>MARCY</firstName>
        <state>OH</state>
      </item>
      <item>
        <district>27</district>
        <sponsorshipWithdrawnDate />
        <party>R</party>
        <fullName>Rep. Collins, Chris [R-NY-27]</fullName>
        <sponsorshipDate>2017-07-20</sponsorshipDate>
        <bioguideId>C001092</bioguideId>
        <middleName />
        <identifiers>
          <lisID>2151</lisID>
          <gpoId />
          <bioguideId>C001092</bioguideId>
        </identifiers>
        <lastName>Collins</lastName>
        <isOriginalCosponsor>True</isOriginalCosponsor>
        <firstName>Chris</firstName>
        <state>NY</state>
      </item>
      <item>
        <district>21</district>
        <sponsorshipWithdrawnDate />
        <party>R</party>
        <fullName>Rep. Stefanik, Elise M. [R-NY-21]</fullName>
        <sponsorshipDate>2017-07-20</sponsorshipDate>
        <bioguideId>S001196</bioguideId>
        <middleName>M.</middleName>
        <identifiers>
          <lisID>2263</lisID>
          <bioguideId>S001196</bioguideId>
          <gpoId />
        </identifiers>
        <lastName>Stefanik</lastName>
        <isOriginalCosponsor>True</isOriginalCosponsor>
        <firstName>Elise</firstName>
        <state>NY</state>
      </item>
      <item>
        <district>17</district>
        <sponsorshipWithdrawnDate />
        <party>R</party>
        <fullName>Rep. Flores, Bill [R-TX-17]</fullName>
        <sponsorshipDate>2017-07-20</sponsorshipDate>
        <bioguideId>F000461</bioguideId>
        <middleName />
        <identifiers>
          <gpoId>8173</gpoId>
          <lisID>2065</lisID>
          <bioguideId>F000461</bioguideId>
        </identifiers>
        <lastName>Flores</lastName>
        <isOriginalCosponsor>True</isOriginalCosponsor>
        <firstName>Bill</firstName>
        <state>TX</state>
      </item>
      <item>
        <district>4</district>
        <sponsorshipWithdrawnDate />
        <party>R</party>
        <fullName>Rep. McClintock, Tom [R-CA-4]</fullName>
        <sponsorshipDate>2017-07-20</sponsorshipDate>
        <bioguideId>M001177</bioguideId>
        <middleName />
        <identifiers>
          <gpoId>7809</gpoId>
          <bioguideId>M001177</bioguideId>
          <lisID>1908</lisID>
        </identifiers>
        <lastName>McClintock</lastName>
        <isOriginalCosponsor>True</isOriginalCosponsor>
        <firstName>Tom</firstName>
        <state>CA</state>
      </item>
      <item>
        <district>18</district>
        <sponsorshipWithdrawnDate />
        <party>R</party>
        <fullName>Rep. Mast, Brian J. [R-FL-18]</fullName>
        <sponsorshipDate>2017-07-20</sponsorshipDate>
        <bioguideId>M001199</bioguideId>
        <middleName>J.</middleName>
        <identifiers>
          <lisID>2322</lisID>
          <bioguideId>M001199</bioguideId>
          <gpoId />
        </identifiers>
        <lastName>Mast</lastName>
        <isOriginalCosponsor>True</isOriginalCosponsor>
        <firstName>Brian</firstName>
        <state>FL</state>
      </item>
      <item>
        <district>2</district>
        <sponsorshipWithdrawnDate />
        <party>R</party>
        <fullName>Rep. Poliquin, Bruce [R-ME-2]</fullName>
        <sponsorshipDate>2017-07-20</sponsorshipDate>
        <bioguideId>P000611</bioguideId>
        <middleName />
        <identifiers>
          <bioguideId>P000611</bioguideId>
          <lisID>2247</lisID>
          <gpoId />
        </identifiers>
        <lastName>Poliquin</lastName>
        <isOriginalCosponsor>True</isOriginalCosponsor>
        <firstName>Bruce</firstName>
        <state>ME</state>
      </item>
      <item>
        <district>2</district>
        <sponsorshipWithdrawnDate />
        <party>R</party>
        <fullName>Rep. Dunn, Neal P. [R-FL-2]</fullName>
        <sponsorshipDate>2017-07-20</sponsorshipDate>
        <bioguideId>D000628</bioguideId>
        <middleName>P.</middleName>
        <identifiers>
          <gpoId />
          <bioguideId>D000628</bioguideId>
          <lisID>2315</lisID>
        </identifiers>
        <lastName>Dunn</lastName>
        <isOriginalCosponsor>True</isOriginalCosponsor>
        <firstName>Neal</firstName>
        <state>FL</state>
      </item>
      <item>
        <district>7</district>
        <sponsorshipWithdrawnDate />
        <party>R</party>
        <fullName>Rep. Blackburn, Marsha [R-TN-7]</fullName>
        <sponsorshipDate>2017-07-20</sponsorshipDate>
        <bioguideId>B001243</bioguideId>
        <middleName />
        <identifiers>
          <bioguideId>B001243</bioguideId>
          <gpoId>8154</gpoId>
          <lisID>1748</lisID>
        </identifiers>
        <lastName>Blackburn</lastName>
        <isOriginalCosponsor>True</isOriginalCosponsor>
        <firstName>Marsha</firstName>
        <state>TN</state>
      </item>
      <item>
        <district>1</district>
        <sponsorshipWithdrawnDate />
        <party>R</party>
        <fullName>Rep. LaMalfa, Doug [R-CA-1]</fullName>
        <sponsorshipDate>2017-07-20</sponsorshipDate>
        <bioguideId>L000578</bioguideId>
        <middleName />
        <identifiers>
          <lisID>2100</lisID>
          <gpoId />
          <bioguideId>L000578</bioguideId>
        </identifiers>
        <lastName>LaMalfa</lastName>
        <isOriginalCosponsor>True</isOriginalCosponsor>
        <firstName>Doug</firstName>
        <state>CA</state>
      </item>
      <item>
        <district>36</district>
        <sponsorshipWithdrawnDate />
        <party>R</party>
        <fullName>Rep. Babin, Brian [R-TX-36]</fullName>
        <sponsorshipDate>2017-07-20</sponsorshipDate>
        <bioguideId>B001291</bioguideId>
        <middleName />
        <identifiers>
          <lisID>2270</lisID>
          <gpoId />
          <bioguideId>B001291</bioguideId>
        </identifiers>
        <lastName>Babin</lastName>
        <isOriginalCosponsor>True</isOriginalCosponsor>
        <firstName>Brian</firstName>
        <state>TX</state>
      </item>
      <item>
        <district>2</district>
        <sponsorshipWithdrawnDate />
        <party>R</party>
        <fullName>Rep. Huizenga, Bill [R-MI-2]</fullName>
        <sponsorshipDate>2017-07-20</sponsorshipDate>
        <bioguideId>H001058</bioguideId>
        <middleName />
        <identifiers>
          <gpoId>7987</gpoId>
          <bioguideId>H001058</bioguideId>
          <lisID>2028</lisID>
        </identifiers>
        <lastName>Huizenga</lastName>
        <isOriginalCosponsor>True</isOriginalCosponsor>
        <firstName>Bill</firstName>
        <state>MI</state>
      </item>
      <item>
        <district>9</district>
        <sponsorshipWithdrawnDate />
        <party>R</party>
        <fullName>Rep. Pittenger, Robert [R-NC-9]</fullName>
        <sponsorshipDate>2017-07-20</sponsorshipDate>
        <bioguideId>P000606</bioguideId>
        <middleName />
        <identifiers>
          <gpoId />
          <lisID>2141</lisID>
          <bioguideId>P000606</bioguideId>
        </identifiers>
        <lastName>Pittenger</lastName>
        <isOriginalCosponsor>True</isOriginalCosponsor>
        <firstName>Robert</firstName>
        <state>NC</state>
      </item>
      <item>
        <district>1</district>
        <sponsorshipWithdrawnDate />
        <party>R</party>
        <fullName>Rep. Chabot, Steve [R-OH-1]</fullName>
        <sponsorshipDate>2017-07-20</sponsorshipDate>
        <bioguideId>C000266</bioguideId>
        <middleName />
        <identifiers>
          <lisID>186</lisID>
          <bioguideId>C000266</bioguideId>
          <gpoId>8091</gpoId>
        </identifiers>
        <lastName>CHABOT</lastName>
        <isOriginalCosponsor>True</isOriginalCosponsor>
        <firstName>STEVE</firstName>
        <state>OH</state>
      </item>
      <item>
        <district>4</district>
        <sponsorshipWithdrawnDate />
        <party>R</party>
        <fullName>Rep. DesJarlais, Scott [R-TN-4]</fullName>
        <sponsorshipDate>2017-07-20</sponsorshipDate>
        <bioguideId>D000616</bioguideId>
        <middleName />
        <identifiers>
          <gpoId>8151</gpoId>
          <bioguideId>D000616</bioguideId>
          <lisID>2062</lisID>
        </identifiers>
        <lastName>DesJarlais</lastName>
        <isOriginalCosponsor>True</isOriginalCosponsor>
        <firstName>Scott</firstName>
        <state>TN</state>
      </item>
      <item>
        <district>0</district>
        <sponsorshipWithdrawnDate />
        <party>R</party>
        <fullName>Rep. Young, Don [R-AK-At Large]</fullName>
        <sponsorshipDate>2017-07-24</sponsorshipDate>
        <bioguideId>Y000033</bioguideId>
        <middleName>E.</middleName>
        <identifiers>
          <bioguideId>Y000033</bioguideId>
          <lisID>1256</lisID>
          <gpoId>7785</gpoId>
        </identifiers>
        <lastName>YOUNG</lastName>
        <isOriginalCosponsor>False</isOriginalCosponsor>
        <firstName>DON</firstName>
        <state>AK</state>
      </item>
      <item>
        <district>12</district>
        <sponsorshipWithdrawnDate />
        <party>R</party>
        <fullName>Rep. Allen, Rick W. [R-GA-12]</fullName>
        <sponsorshipDate>2017-07-25</sponsorshipDate>
        <bioguideId>A000372</bioguideId>
        <middleName>W.</middleName>
        <identifiers>
          <gpoId />
          <lisID>2239</lisID>
          <bioguideId>A000372</bioguideId>
        </identifiers>
        <lastName>Allen</lastName>
        <isOriginalCosponsor>False</isOriginalCosponsor>
        <firstName>Rick</firstName>
        <state>GA</state>
      </item>
    </cosponsors>
    <titles>
      <item>
        <chamberCode />
        <chamberName />
        <parentTitleType />
        <titleType>Official Title as Introduced</titleType>
        <title>Recognizing and commending the leadership, patriotism, and contributions of veterans service organizations and volunteers involved for their commitment and sacrifice to ensure veterans are laid to rest with the honor and ceremony they earned through selfless service to the people of the United States in the Armed Forces.</title>
      </item>
      <item>
        <chamberCode />
        <chamberName />
        <parentTitleType />
        <titleType>Display Title</titleType>
        <title>Recognizing and commending the leadership, patriotism, and contributions of veterans service organizations and volunteers involved for their commitment and sacrifice to ensure veterans are laid to rest with the honor and ceremony they earned through selfless service to the people of the United States in the Armed Forces.</title>
      </item>
    </titles>
    <congress>115</congress>
    <recordedVotes />
    <amendments />
    <laws />
    <cboCostEstimates />
    <actions>
      <actionTypeCounts>
        <introducedInTheHouse>1</introducedInTheHouse>
        <introducedInHouse>1</introducedInHouse>
        <billReferrals>1</billReferrals>
      </actionTypeCounts>
      <item>
        <text>Referred to the House Committee on Veterans' Affairs.</text>
        <links />
        <actionDate>2017-07-20</actionDate>
        <committee>
          <systemCode>hsvr00</systemCode>
          <name>Veterans' Affairs Committee</name>
        </committee>
        <sourceSystem>
          <name>House floor actions</name>
          <code>2</code>
        </sourceSystem>
        <type>IntroReferral</type>
        <actionCode>H11100</actionCode>
      </item>
      <item>
        <text>Introduced in House</text>
        <links />
        <actionDate>2017-07-20</actionDate>
        <committee />
        <sourceSystem>
          <name>Library of Congress</name>
          <code>9</code>
        </sourceSystem>
        <type>IntroReferral</type>
        <actionCode>Intro-H</actionCode>
      </item>
      <item>
        <text>Introduced in House</text>
        <links />
        <actionDate>2017-07-20</actionDate>
        <committee />
        <sourceSystem>
          <name>Library of Congress</name>
          <code>9</code>
        </sourceSystem>
        <type>IntroReferral</type>
        <actionCode>1000</actionCode>
      </item>
      <actionByCounts>
        <houseOfRepresentatives>3</houseOfRepresentatives>
      </actionByCounts>
    </actions>
    <updateDate>2018-02-06T16:39:23Z</updateDate>
    <summaries>
      <billSummaries>
        <item>
          <text><![CDATA[<p>Honors the patriotism of, and contributions to the United States by, generations of veterans service organizations.</p> <p>Commends members of such organizations for their dedicated service to, and support of, members of the Armed Forces. </p> <p>Calls on the people of the United States to follow the example of such organizations by volunteering support and services to those who have served this country.</p>]]></text>
          <actionDate>2017-07-20</actionDate>
          <updateDate>2017-07-20T04:00:00Z</updateDate>
          <lastSummaryUpdateDate>2017-10-16T22:03:33Z</lastSummaryUpdateDate>
          <name>Introduced in House</name>
          <actionDesc>Introduced in House</actionDesc>
          <versionCode>00</versionCode>
        </item>
      </billSummaries>
    </summaries>
    <title>Recognizing and commending the leadership, patriotism, and contributions of veterans service organizations and volunteers involved for their commitment and sacrifice to ensure veterans are laid to rest with the honor and ceremony they earned through selfless service to the people of the United States in the Armed Forces.</title>
    <calendarNumbers />
    <originChamber>House</originChamber>
    <constitutionalAuthorityStatementText />
    <notes />
    <billType>HCONRES</billType>
    <committees>
      <billCommittees>
        <item>
          <subcommittees />
          <type>Standing</type>
          <systemCode>hsvr00</systemCode>
          <activities>
            <item>
              <name>Referred to</name>
              <date>2017-07-20T13:03:30Z</date>
            </item>
          </activities>
          <name>Veterans' Affairs Committee</name>
          <chamber>House</chamber>
        </item>
      </billCommittees>
    </committees>
    <latestAction>
      <text>Referred to the House Committee on Veterans' Affairs.</text>
      <actionDate>2017-07-20</actionDate>
      <links />
    </latestAction>
    <committeeReports />
    <billNumber>70</billNumber>
    <sponsors>
      <item>
        <byRequestType />
        <state>CA</state>
        <bioguideId>I000056</bioguideId>
        <identifiers>
          <lisID>1640</lisID>
          <bioguideId>I000056</bioguideId>
          <gpoId>7854</gpoId>
        </identifiers>
        <fullName>Rep. Issa, Darrell E. [R-CA-49]</fullName>
        <district>49</district>
        <lastName>ISSA</lastName>
        <firstName>DARRELL</firstName>
        <middleName>E.</middleName>
        <party>R</party>
      </item>
    </sponsors>
    <subjects>
      <billSubjects>
        <legislativeSubjects>
          <item>
            <name>Congressional tributes</name>
          </item>
          <item>
            <name>Military personnel and dependents</name>
          </item>
          <item>
            <name>Social work, volunteer service, charitable organizations</name>
          </item>
          <item>
            <name>Veterans' organizations and recognition</name>
          </item>
        </legislativeSubjects>
        <policyArea>
          <name>Armed Forces and National Security</name>
        </policyArea>
      </billSubjects>
    </subjects>
    <createDate>2017-07-21T03:11:32Z</createDate>
    <version>1.0.0</version>
    <relatedBills>
      <item>
        <latestTitle>Recognizing the patriotism and contributions of veterans service organizations.</latestTitle>
        <number>462</number>
        <latestAction>
          <actionDate>2017-07-20</actionDate>
          <text>Referred to the House Committee on Veterans' Affairs.</text>
        </latestAction>
        <congress>115</congress>
        <relationshipDetails>
          <item>
            <identifiedBy>CRS</identifiedBy>
            <type>Related bill</type>
          </item>
          <item>
            <identifiedBy>CRS</identifiedBy>
            <type>Identical bill</type>
          </item>
        </relationshipDetails>
        <type>HRES</type>
      </item>
    </relatedBills>
  </bill>
  <dublinCore xmlns:dc="http://purl.org/dc/elements/1.1/">
    <dc:format>text/xml</dc:format>
    <dc:language>EN</dc:language>
    <dc:rights>Pursuant to Title 17 Section 105 of the United States Code, this file is not subject to copyright protection and is in the public domain.</dc:rights>
    <dc:contributor>Congressional Research Service, Library of Congress</dc:contributor>
    <dc:description>This file contains bill summaries and statuses for federal legislation. A bill summary describes the most significant provisions of a piece of legislation and details the effects the legislative text may have on current law and federal programs. Bill summaries are authored by the Congressional Research Service (CRS) of the Library of Congress. As stated in Public Law 91-510 (2 USC 166 (d)(6)), one of the duties of CRS is "to prepare summaries and digests of bills and resolutions of a public general nature introduced in the Senate or House of Representatives". For more information, refer to the User Guide that accompanies this file.</dc:description>
  </dublinCore>
</billStatus>

