<?xml version="1.0" encoding="UTF-8"?>
<billStatus>
  <bill>
    <policyArea>
      <name>Arts, Culture, Religion</name>
    </policyArea>
    <introducedDate>2017-03-15</introducedDate>
    <cosponsors>
      <item>
        <isOriginalCosponsor>True</isOriginalCosponsor>
        <firstName>Donald</firstName>
        <party>D</party>
        <sponsorshipDate>2017-03-15</sponsorshipDate>
        <lastName>Beyer</lastName>
        <bioguideId>B001292</bioguideId>
        <middleName>S.</middleName>
        <identifiers>
          <gpoId />
          <lisID>2272</lisID>
          <bioguideId>B001292</bioguideId>
        </identifiers>
        <fullName>Rep. Beyer, Donald S., Jr. [D-VA-8]</fullName>
        <state>VA</state>
        <district>8</district>
        <sponsorshipWithdrawnDate />
      </item>
      <item>
        <isOriginalCosponsor>True</isOriginalCosponsor>
        <firstName>Dave</firstName>
        <party>R</party>
        <sponsorshipDate>2017-03-15</sponsorshipDate>
        <lastName>Brat</lastName>
        <bioguideId>B001290</bioguideId>
        <middleName />
        <identifiers>
          <bioguideId>B001290</bioguideId>
          <lisID>2203</lisID>
          <gpoId />
        </identifiers>
        <fullName>Rep. Brat, Dave [R-VA-7]</fullName>
        <state>VA</state>
        <district>7</district>
        <sponsorshipWithdrawnDate />
      </item>
      <item>
        <isOriginalCosponsor>True</isOriginalCosponsor>
        <firstName>Barbara</firstName>
        <party>R</party>
        <sponsorshipDate>2017-03-15</sponsorshipDate>
        <lastName>Comstock</lastName>
        <bioguideId>C001105</bioguideId>
        <middleName />
        <identifiers>
          <gpoId />
          <lisID>2273</lisID>
          <bioguideId>C001105</bioguideId>
        </identifiers>
        <fullName>Rep. Comstock, Barbara [R-VA-10]</fullName>
        <state>VA</state>
        <district>10</district>
        <sponsorshipWithdrawnDate />
      </item>
      <item>
        <isOriginalCosponsor>True</isOriginalCosponsor>
        <firstName>Gerald</firstName>
        <party>D</party>
        <sponsorshipDate>2017-03-15</sponsorshipDate>
        <lastName>Connolly</lastName>
        <bioguideId>C001078</bioguideId>
        <middleName>E.</middleName>
        <identifiers>
          <lisID>1959</lisID>
          <gpoId>8202</gpoId>
          <bioguideId>C001078</bioguideId>
        </identifiers>
        <fullName>Rep. Connolly, Gerald E. [D-VA-11]</fullName>
        <state>VA</state>
        <district>11</district>
        <sponsorshipWithdrawnDate />
      </item>
      <item>
        <isOriginalCosponsor>True</isOriginalCosponsor>
        <firstName>Thomas</firstName>
        <party>R</party>
        <sponsorshipDate>2017-03-15</sponsorshipDate>
        <lastName>Garrett</lastName>
        <bioguideId>G000580</bioguideId>
        <middleName>A.</middleName>
        <identifiers>
          <lisID>2353</lisID>
          <bioguideId>G000580</bioguideId>
          <gpoId />
        </identifiers>
        <fullName>Rep. Garrett, Thomas A., Jr. [R-VA-5]</fullName>
        <state>VA</state>
        <district>5</district>
        <sponsorshipWithdrawnDate />
      </item>
      <item>
        <isOriginalCosponsor>True</isOriginalCosponsor>
        <firstName>H.</firstName>
        <party>R</party>
        <sponsorshipDate>2017-03-15</sponsorshipDate>
        <lastName>Griffith</lastName>
        <bioguideId>G000568</bioguideId>
        <middleName>Morgan</middleName>
        <identifiers>
          <bioguideId>G000568</bioguideId>
          <gpoId>8200</gpoId>
          <lisID>2070</lisID>
        </identifiers>
        <fullName>Rep. Griffith, H. Morgan [R-VA-9]</fullName>
        <state>VA</state>
        <district>9</district>
        <sponsorshipWithdrawnDate />
      </item>
      <item>
        <isOriginalCosponsor>True</isOriginalCosponsor>
        <firstName>A.</firstName>
        <party>D</party>
        <sponsorshipDate>2017-03-15</sponsorshipDate>
        <lastName>McEachin</lastName>
        <bioguideId>M001200</bioguideId>
        <middleName>Donald</middleName>
        <identifiers>
          <lisID>2352</lisID>
          <bioguideId>M001200</bioguideId>
          <gpoId />
        </identifiers>
        <fullName>Rep. McEachin, A. Donald [D-VA-4]</fullName>
        <state>VA</state>
        <district>4</district>
        <sponsorshipWithdrawnDate />
      </item>
      <item>
        <isOriginalCosponsor>True</isOriginalCosponsor>
        <firstName>Robert</firstName>
        <party>D</party>
        <sponsorshipDate>2017-03-15</sponsorshipDate>
        <lastName>Scott</lastName>
        <bioguideId>S000185</bioguideId>
        <middleName>C. "Bobby"</middleName>
        <identifiers>
          <lisID>1037</lisID>
          <gpoId>8194</gpoId>
          <bioguideId>S000185</bioguideId>
        </identifiers>
        <fullName>Rep. Scott, Robert C. "Bobby" [D-VA-3]</fullName>
        <state>VA</state>
        <district>3</district>
        <sponsorshipWithdrawnDate />
      </item>
      <item>
        <isOriginalCosponsor>True</isOriginalCosponsor>
        <firstName>Scott</firstName>
        <party>R</party>
        <sponsorshipDate>2017-03-15</sponsorshipDate>
        <lastName>Taylor</lastName>
        <bioguideId>T000477</bioguideId>
        <middleName />
        <identifiers>
          <lisID>2351</lisID>
          <bioguideId>T000477</bioguideId>
          <gpoId />
        </identifiers>
        <fullName>Rep. Taylor, Scott [R-VA-2]</fullName>
        <state>VA</state>
        <district>2</district>
        <sponsorshipWithdrawnDate />
      </item>
      <item>
        <isOriginalCosponsor>True</isOriginalCosponsor>
        <firstName>Robert</firstName>
        <party>R</party>
        <sponsorshipDate>2017-03-15</sponsorshipDate>
        <lastName>Wittman</lastName>
        <bioguideId>W000804</bioguideId>
        <middleName>J.</middleName>
        <identifiers>
          <lisID>1886</lisID>
          <bioguideId>W000804</bioguideId>
          <gpoId>8192</gpoId>
        </identifiers>
        <fullName>Rep. Wittman, Robert J. [R-VA-1]</fullName>
        <state>VA</state>
        <district>1</district>
        <sponsorshipWithdrawnDate />
      </item>
    </cosponsors>
    <titles>
      <item>
        <titleType>Official Title as Introduced</titleType>
        <title>Designating the George C. Marshall Museum and George C. Marshall Research Library in Lexington, Virginia, as the National George C. Marshall Museum and Library.</title>
        <chamberCode />
        <parentTitleType />
        <chamberName />
      </item>
      <item>
        <titleType>Display Title</titleType>
        <title>Designating the George C. Marshall Museum and George C. Marshall Research Library in Lexington, Virginia, as the National George C. Marshall Museum and Library.</title>
        <chamberCode />
        <parentTitleType />
        <chamberName />
      </item>
    </titles>
    <congress>115</congress>
    <recordedVotes />
    <amendments />
    <laws />
    <cboCostEstimates />
    <actions>
      <item>
        <actionDate>2017-06-08</actionDate>
        <committee>
          <systemCode>sseg00</systemCode>
          <name>Energy and Natural Resources Committee</name>
        </committee>
        <links />
        <sourceSystem>
          <code>0</code>
          <name>Senate</name>
        </sourceSystem>
        <text>Received in the Senate and referred to the Committee on Energy and Natural Resources.</text>
        <type>IntroReferral</type>
      </item>
      <item>
        <committee />
        <sourceSystem>
          <code>2</code>
          <name>House floor actions</name>
        </sourceSystem>
        <actionDate>2017-06-07</actionDate>
        <text>Motion to reconsider laid on the table Agreed to without objection.</text>
        <actionTime>15:04:03</actionTime>
        <links />
        <actionCode>H38310</actionCode>
        <type>Floor</type>
      </item>
      <item>
        <committee />
        <sourceSystem>
          <code>2</code>
          <name>House floor actions</name>
        </sourceSystem>
        <actionDate>2017-06-07</actionDate>
        <text>On motion to suspend the rules and agree to the resolution Agreed to by voice vote. (text: CR H4674-4675)</text>
        <actionTime>15:03:59</actionTime>
        <links>
          <link>
            <url>https://www.congress.gov/congressional-record/volume-163/house-section/page/H4674-4675</url>
            <name>H4674-4675</name>
          </link>
        </links>
        <actionCode>H37300</actionCode>
        <type>Floor</type>
      </item>
      <item>
        <committee />
        <sourceSystem>
          <code>9</code>
          <name>Library of Congress</name>
        </sourceSystem>
        <actionDate>2017-06-07</actionDate>
        <text>Passed/agreed to in House: On motion to suspend the rules and agree to the resolution Agreed to by voice vote.</text>
        <actionTime>15:03:59</actionTime>
        <links />
        <actionCode>8000</actionCode>
        <type>Floor</type>
      </item>
      <item>
        <committee />
        <sourceSystem>
          <code>2</code>
          <name>House floor actions</name>
        </sourceSystem>
        <actionDate>2017-06-07</actionDate>
        <text>DEBATE - The House proceeded with forty minutes of debate on H. Con. Res. 33.</text>
        <actionTime>14:52:38</actionTime>
        <links>
          <link>
            <url>https://www.congress.gov/bill/115th-congress/house-concurrent-resolution/33</url>
            <name>H. Con. Res. 33</name>
          </link>
        </links>
        <actionCode>H8D000</actionCode>
        <type>Floor</type>
      </item>
      <item>
        <committee />
        <sourceSystem>
          <code>2</code>
          <name>House floor actions</name>
        </sourceSystem>
        <actionDate>2017-06-07</actionDate>
        <text>Considered under suspension of the rules. (consideration: CR H4674-4676)</text>
        <actionTime>14:52:35</actionTime>
        <links>
          <link>
            <url>https://www.congress.gov/congressional-record/volume-163/house-section/page/H4674-4676</url>
            <name>H4674-4676</name>
          </link>
        </links>
        <actionCode>H30000</actionCode>
        <type>Floor</type>
      </item>
      <item>
        <committee />
        <sourceSystem>
          <code>2</code>
          <name>House floor actions</name>
        </sourceSystem>
        <actionDate>2017-06-07</actionDate>
        <text>Mr. Brat moved to suspend the rules and agree to the resolution.</text>
        <actionTime>14:52:14</actionTime>
        <links />
        <actionCode>H30300</actionCode>
        <type>Floor</type>
      </item>
      <item>
        <committee>
          <systemCode>hsed00</systemCode>
          <name>Education and the Workforce Committee</name>
        </committee>
        <sourceSystem>
          <code>2</code>
          <name>House floor actions</name>
        </sourceSystem>
        <actionDate>2017-03-15</actionDate>
        <text>Referred to the House Committee on Education and the Workforce.</text>
        <links />
        <type>IntroReferral</type>
        <actionCode>H11100</actionCode>
      </item>
      <item>
        <committee />
        <sourceSystem>
          <code>9</code>
          <name>Library of Congress</name>
        </sourceSystem>
        <actionDate>2017-03-15</actionDate>
        <text>Introduced in House</text>
        <links />
        <type>IntroReferral</type>
        <actionCode>Intro-H</actionCode>
      </item>
      <item>
        <committee />
        <sourceSystem>
          <code>9</code>
          <name>Library of Congress</name>
        </sourceSystem>
        <actionDate>2017-03-15</actionDate>
        <text>Introduced in House</text>
        <links />
        <type>IntroReferral</type>
        <actionCode>1000</actionCode>
      </item>
      <actionByCounts>
        <houseOfRepresentatives>9</houseOfRepresentatives>
        <senate>1</senate>
      </actionByCounts>
      <actionTypeCounts>
        <motionToReconsiderResults>1</motionToReconsiderResults>
        <billReferrals>1</billReferrals>
        <passedAgreedToInHouse>1</passedAgreedToInHouse>
        <introducedInTheHouse>1</introducedInTheHouse>
        <referredToCommittee>1</referredToCommittee>
        <motionMadeToSuspendTheRules>1</motionMadeToSuspendTheRules>
        <finalPassageUnderSuspensionOfTheRulesResults>1</finalPassageUnderSuspensionOfTheRulesResults>
        <generalDebate>1</generalDebate>
        <introducedInHouse>1</introducedInHouse>
        <considerationByHouse>1</considerationByHouse>
      </actionTypeCounts>
    </actions>
    <updateDate>2018-02-06T16:39:21Z</updateDate>
    <summaries>
      <billSummaries>
        <item>
          <updateDate>2017-03-15T04:00:00Z</updateDate>
          <actionDesc>Introduced in House</actionDesc>
          <versionCode>00</versionCode>
          <name>Introduced in House</name>
          <text><![CDATA[<p> Designates the George C. Marshall Museum and George C. Marshall Research Library in Lexington, Virginia, as the &quot;National George C. Marshall Museum and Library.&quot; </p>]]></text>
          <lastSummaryUpdateDate>2017-03-23T21:26:54Z</lastSummaryUpdateDate>
          <actionDate>2017-03-15</actionDate>
        </item>
        <item>
          <updateDate>2017-06-07T15:11:11Z</updateDate>
          <actionDesc>Passed House without amendment</actionDesc>
          <versionCode>81</versionCode>
          <name>Passed House without amendment</name>
          <text><![CDATA[<p>(This measure has not been amended since it was introduced. The summary of that version is repeated here.)</p> <p> Designates the George C. Marshall Museum and George C. Marshall Research Library in Lexington, Virginia, as the &quot;National George C. Marshall Museum and Library.&quot; </p>]]></text>
          <lastSummaryUpdateDate>2017-06-14T15:30:45Z</lastSummaryUpdateDate>
          <actionDate>2017-06-07</actionDate>
        </item>
      </billSummaries>
    </summaries>
    <title>Designating the George C. Marshall Museum and George C. Marshall Research Library in Lexington, Virginia, as the National George C. Marshall Museum and Library.</title>
    <calendarNumbers />
    <originChamber>House</originChamber>
    <constitutionalAuthorityStatementText />
    <notes />
    <billType>HCONRES</billType>
    <committees>
      <billCommittees>
        <item>
          <type>Standing</type>
          <systemCode>sseg00</systemCode>
          <subcommittees />
          <activities>
            <item>
              <date>2017-06-08T15:00:47Z</date>
              <name>Referred to</name>
            </item>
          </activities>
          <chamber>Senate</chamber>
          <name>Energy and Natural Resources Committee</name>
        </item>
        <item>
          <type>Standing</type>
          <systemCode>hsed00</systemCode>
          <subcommittees />
          <activities>
            <item>
              <date>2017-03-15T20:30:36Z</date>
              <name>Referred to</name>
            </item>
          </activities>
          <chamber>House</chamber>
          <name>Education and the Workforce Committee</name>
        </item>
      </billCommittees>
    </committees>
    <latestAction>
      <text>Received in the Senate and referred to the Committee on Energy and Natural Resources.</text>
      <actionDate>2017-06-08</actionDate>
      <links />
    </latestAction>
    <committeeReports />
    <billNumber>33</billNumber>
    <sponsors>
      <item>
        <byRequestType />
        <state>VA</state>
        <bioguideId>G000289</bioguideId>
        <identifiers>
          <lisID>446</lisID>
          <gpoId>8197</gpoId>
          <bioguideId>G000289</bioguideId>
        </identifiers>
        <fullName>Rep. Goodlatte, Bob [R-VA-6]</fullName>
        <district>6</district>
        <lastName>GOODLATTE</lastName>
        <firstName>ROBERT</firstName>
        <middleName>W.</middleName>
        <party>R</party>
      </item>
    </sponsors>
    <subjects>
      <billSubjects>
        <legislativeSubjects>
          <item>
            <name>Diplomacy, foreign officials, Americans abroad</name>
          </item>
          <item>
            <name>Libraries and archives</name>
          </item>
          <item>
            <name>Military history</name>
          </item>
          <item>
            <name>Museums, exhibitions, cultural centers</name>
          </item>
          <item>
            <name>U.S. history</name>
          </item>
          <item>
            <name>Virginia</name>
          </item>
        </legislativeSubjects>
        <policyArea>
          <name>Arts, Culture, Religion</name>
        </policyArea>
      </billSubjects>
    </subjects>
    <createDate>2017-03-16T05:28:08Z</createDate>
    <version>1.0.0</version>
    <relatedBills>
      <item>
        <type>SCONRES</type>
        <latestAction>
          <text>Referred to the Committee on Energy and Natural Resources. (Sponsor introductory remarks on measure: CR S1848; text of measure as introduced: CR S1847-1848)</text>
          <actionDate>2017-03-15</actionDate>
        </latestAction>
        <latestTitle>A concurrent resolution recognizing the George C. Marshall Museum and George C. Marshall Research Library in Lexington, Virginia, as the National George C. Marshall Museum and Library.</latestTitle>
        <relationshipDetails>
          <item>
            <type>Related bill</type>
            <identifiedBy>CRS</identifiedBy>
          </item>
        </relationshipDetails>
        <congress>115</congress>
        <number>9</number>
      </item>
    </relatedBills>
  </bill>
  <dublinCore xmlns:dc="http://purl.org/dc/elements/1.1/">
    <dc:format>text/xml</dc:format>
    <dc:language>EN</dc:language>
    <dc:rights>Pursuant to Title 17 Section 105 of the United States Code, this file is not subject to copyright protection and is in the public domain.</dc:rights>
    <dc:contributor>Congressional Research Service, Library of Congress</dc:contributor>
    <dc:description>This file contains bill summaries and statuses for federal legislation. A bill summary describes the most significant provisions of a piece of legislation and details the effects the legislative text may have on current law and federal programs. Bill summaries are authored by the Congressional Research Service (CRS) of the Library of Congress. As stated in Public Law 91-510 (2 USC 166 (d)(6)), one of the duties of CRS is "to prepare summaries and digests of bills and resolutions of a public general nature introduced in the Senate or House of Representatives". For more information, refer to the User Guide that accompanies this file.</dc:description>
  </dublinCore>
</billStatus>

