<?xml version="1.0" encoding="UTF-8"?>
<billStatus>
  <bill>
    <subjects>
      <billSubjects>
        <legislativeSubjects />
        <policyArea>
          <name>Armed Forces and National Security</name>
        </policyArea>
      </billSubjects>
    </subjects>
    <cosponsors>
      <item>
        <party>D</party>
        <sponsorshipDate>2018-02-06</sponsorshipDate>
        <middleName />
        <bioguideId>D000624</bioguideId>
        <isOriginalCosponsor>True</isOriginalCosponsor>
        <lastName>Dingell</lastName>
        <identifiers>
          <bioguideId>D000624</bioguideId>
          <lisID>2251</lisID>
          <gpoId />
        </identifiers>
        <state>MI</state>
        <fullName>Rep. Dingell, Debbie [D-MI-12]</fullName>
        <sponsorshipWithdrawnDate />
        <firstName>Debbie</firstName>
        <district>12</district>
      </item>
      <item>
        <party>R</party>
        <sponsorshipDate>2018-02-13</sponsorshipDate>
        <middleName>B.</middleName>
        <bioguideId>J000255</bioguideId>
        <isOriginalCosponsor>False</isOriginalCosponsor>
        <lastName>JONES</lastName>
        <identifiers>
          <lisID>612</lisID>
          <gpoId>8026</gpoId>
          <bioguideId>J000255</bioguideId>
        </identifiers>
        <state>NC</state>
        <fullName>Rep. Jones, Walter B., Jr. [R-NC-3]</fullName>
        <sponsorshipWithdrawnDate />
        <firstName>WALTER</firstName>
        <district>3</district>
      </item>
      <item>
        <party>D</party>
        <sponsorshipDate>2018-02-13</sponsorshipDate>
        <middleName>L.</middleName>
        <bioguideId>L000581</bioguideId>
        <isOriginalCosponsor>False</isOriginalCosponsor>
        <lastName>Lawrence</lastName>
        <identifiers>
          <bioguideId>L000581</bioguideId>
          <gpoId />
          <lisID>2252</lisID>
        </identifiers>
        <state>MI</state>
        <fullName>Rep. Lawrence, Brenda L. [D-MI-14]</fullName>
        <sponsorshipWithdrawnDate />
        <firstName>Brenda</firstName>
        <district>14</district>
      </item>
      <item>
        <party>D</party>
        <sponsorshipDate>2018-02-13</sponsorshipDate>
        <middleName>C. "Hank"</middleName>
        <bioguideId>J000288</bioguideId>
        <isOriginalCosponsor>False</isOriginalCosponsor>
        <lastName>Johnson</lastName>
        <identifiers>
          <bioguideId>J000288</bioguideId>
          <lisID>1843</lisID>
          <gpoId>7901</gpoId>
        </identifiers>
        <state>GA</state>
        <fullName>Rep. Johnson, Henry C. "Hank," Jr. [D-GA-4]</fullName>
        <sponsorshipWithdrawnDate />
        <firstName>Henry</firstName>
        <district>4</district>
      </item>
      <item>
        <party>D</party>
        <sponsorshipDate>2018-02-13</sponsorshipDate>
        <middleName />
        <bioguideId>G000574</bioguideId>
        <isOriginalCosponsor>False</isOriginalCosponsor>
        <lastName>Gallego</lastName>
        <identifiers>
          <lisID>2226</lisID>
          <gpoId />
          <bioguideId>G000574</bioguideId>
        </identifiers>
        <state>AZ</state>
        <fullName>Rep. Gallego, Ruben [D-AZ-7]</fullName>
        <sponsorshipWithdrawnDate />
        <firstName>Ruben</firstName>
        <district>7</district>
      </item>
      <item>
        <party>R</party>
        <sponsorshipDate>2018-02-13</sponsorshipDate>
        <middleName />
        <bioguideId>G000582</bioguideId>
        <isOriginalCosponsor>False</isOriginalCosponsor>
        <lastName>Gonzalez-Colon</lastName>
        <identifiers>
          <bioguideId>G000582</bioguideId>
          <lisID>2347</lisID>
          <gpoId />
        </identifiers>
        <state>PR</state>
        <fullName>Rep. Gonzalez-Colon, Jenniffer [R-PR-At Large]</fullName>
        <sponsorshipWithdrawnDate />
        <firstName>Jenniffer</firstName>
        <district>0</district>
      </item>
      <item>
        <party>D</party>
        <sponsorshipDate>2018-02-13</sponsorshipDate>
        <middleName />
        <bioguideId>L000565</bioguideId>
        <isOriginalCosponsor>False</isOriginalCosponsor>
        <lastName>Loebsack</lastName>
        <identifiers>
          <gpoId>7915</gpoId>
          <lisID>1846</lisID>
          <bioguideId>L000565</bioguideId>
        </identifiers>
        <state>IA</state>
        <fullName>Rep. Loebsack, David [D-IA-2]</fullName>
        <sponsorshipWithdrawnDate />
        <firstName>David</firstName>
        <district>2</district>
      </item>
      <item>
        <party>R</party>
        <sponsorshipDate>2018-02-13</sponsorshipDate>
        <middleName />
        <bioguideId>F000460</bioguideId>
        <isOriginalCosponsor>False</isOriginalCosponsor>
        <lastName>Farenthold</lastName>
        <identifiers>
          <lisID>2067</lisID>
          <gpoId>8183</gpoId>
          <bioguideId>F000460</bioguideId>
        </identifiers>
        <state>TX</state>
        <fullName>Rep. Farenthold, Blake [R-TX-27]</fullName>
        <sponsorshipWithdrawnDate />
        <firstName>Blake</firstName>
        <district>27</district>
      </item>
      <item>
        <party>R</party>
        <sponsorshipDate>2018-02-13</sponsorshipDate>
        <middleName />
        <bioguideId>N000190</bioguideId>
        <isOriginalCosponsor>False</isOriginalCosponsor>
        <lastName>Norman</lastName>
        <identifiers>
          <bioguideId>N000190</bioguideId>
          <lisID>2361</lisID>
          <gpoId />
        </identifiers>
        <state>SC</state>
        <fullName>Rep. Norman, Ralph [R-SC-5]</fullName>
        <sponsorshipWithdrawnDate />
        <firstName>Ralph</firstName>
        <district>5</district>
      </item>
      <item>
        <party>D</party>
        <sponsorshipDate>2018-02-13</sponsorshipDate>
        <middleName />
        <bioguideId>S001175</bioguideId>
        <isOriginalCosponsor>False</isOriginalCosponsor>
        <lastName>Speier</lastName>
        <identifiers>
          <bioguideId>S001175</bioguideId>
          <gpoId>7817</gpoId>
          <lisID>1890</lisID>
        </identifiers>
        <state>CA</state>
        <fullName>Rep. Speier, Jackie [D-CA-14]</fullName>
        <sponsorshipWithdrawnDate />
        <firstName>Jackie</firstName>
        <district>14</district>
      </item>
      <item>
        <party>R</party>
        <sponsorshipDate>2018-02-13</sponsorshipDate>
        <middleName />
        <bioguideId>W000820</bioguideId>
        <isOriginalCosponsor>False</isOriginalCosponsor>
        <lastName>Walters</lastName>
        <identifiers>
          <bioguideId>W000820</bioguideId>
          <gpoId />
          <lisID>2232</lisID>
        </identifiers>
        <state>CA</state>
        <fullName>Rep. Walters, Mimi [R-CA-45]</fullName>
        <sponsorshipWithdrawnDate />
        <firstName>Mimi</firstName>
        <district>45</district>
      </item>
      <item>
        <party>D</party>
        <sponsorshipDate>2018-02-13</sponsorshipDate>
        <middleName />
        <bioguideId>V000130</bioguideId>
        <isOriginalCosponsor>False</isOriginalCosponsor>
        <lastName>Vargas</lastName>
        <identifiers>
          <lisID>2112</lisID>
          <gpoId />
          <bioguideId>V000130</bioguideId>
        </identifiers>
        <state>CA</state>
        <fullName>Rep. Vargas, Juan [D-CA-51]</fullName>
        <sponsorshipWithdrawnDate />
        <firstName>Juan</firstName>
        <district>51</district>
      </item>
      <item>
        <party>D</party>
        <sponsorshipDate>2018-02-13</sponsorshipDate>
        <middleName>L.</middleName>
        <bioguideId>R000515</bioguideId>
        <isOriginalCosponsor>False</isOriginalCosponsor>
        <lastName>RUSH</lastName>
        <identifiers>
          <gpoId>7921</gpoId>
          <lisID>1003</lisID>
          <bioguideId>R000515</bioguideId>
        </identifiers>
        <state>IL</state>
        <fullName>Rep. Rush, Bobby L. [D-IL-1]</fullName>
        <sponsorshipWithdrawnDate />
        <firstName>BOBBY</firstName>
        <district>1</district>
      </item>
      <item>
        <party>D</party>
        <sponsorshipDate>2018-02-13</sponsorshipDate>
        <middleName />
        <bioguideId>C001068</bioguideId>
        <isOriginalCosponsor>False</isOriginalCosponsor>
        <lastName>Cohen</lastName>
        <identifiers>
          <gpoId>8156</gpoId>
          <lisID>1878</lisID>
          <bioguideId>C001068</bioguideId>
        </identifiers>
        <state>TN</state>
        <fullName>Rep. Cohen, Steve [D-TN-9]</fullName>
        <sponsorshipWithdrawnDate />
        <firstName>Steve</firstName>
        <district>9</district>
      </item>
      <item>
        <party>R</party>
        <sponsorshipDate>2018-02-13</sponsorshipDate>
        <middleName>Coleman</middleName>
        <bioguideId>R000600</bioguideId>
        <isOriginalCosponsor>False</isOriginalCosponsor>
        <lastName>Radewagen</lastName>
        <identifiers>
          <lisID>2222</lisID>
          <gpoId />
          <bioguideId>R000600</bioguideId>
        </identifiers>
        <state>AS</state>
        <fullName>Rep. Radewagen, Aumua Amata Coleman [R-AS-At Large]</fullName>
        <sponsorshipWithdrawnDate />
        <firstName>Aumua Amata</firstName>
        <district>0</district>
      </item>
      <item>
        <party>R</party>
        <sponsorshipDate>2018-02-15</sponsorshipDate>
        <middleName />
        <bioguideId>C001053</bioguideId>
        <isOriginalCosponsor>False</isOriginalCosponsor>
        <lastName>Cole</lastName>
        <identifiers>
          <gpoId>8112</gpoId>
          <lisID>1742</lisID>
          <bioguideId>C001053</bioguideId>
        </identifiers>
        <state>OK</state>
        <fullName>Rep. Cole, Tom [R-OK-4]</fullName>
        <sponsorshipWithdrawnDate />
        <firstName>Tom</firstName>
        <district>4</district>
      </item>
      <item>
        <party>D</party>
        <sponsorshipDate>2018-02-15</sponsorshipDate>
        <middleName>E.</middleName>
        <bioguideId>P000523</bioguideId>
        <isOriginalCosponsor>False</isOriginalCosponsor>
        <lastName>PRICE</lastName>
        <identifiers>
          <lisID>930</lisID>
          <bioguideId>P000523</bioguideId>
          <gpoId>8027</gpoId>
        </identifiers>
        <state>NC</state>
        <fullName>Rep. Price, David E. [D-NC-4]</fullName>
        <sponsorshipWithdrawnDate />
        <firstName>DAVID</firstName>
        <district>4</district>
      </item>
      <item>
        <party>D</party>
        <sponsorshipDate>2018-02-20</sponsorshipDate>
        <middleName />
        <bioguideId>K000381</bioguideId>
        <isOriginalCosponsor>False</isOriginalCosponsor>
        <lastName>Kilmer</lastName>
        <identifiers>
          <bioguideId>K000381</bioguideId>
          <lisID>2169</lisID>
          <gpoId />
        </identifiers>
        <state>WA</state>
        <fullName>Rep. Kilmer, Derek [D-WA-6]</fullName>
        <sponsorshipWithdrawnDate />
        <firstName>Derek</firstName>
        <district>6</district>
      </item>
      <item>
        <party>D</party>
        <sponsorshipDate>2018-02-20</sponsorshipDate>
        <middleName />
        <bioguideId>R000577</bioguideId>
        <isOriginalCosponsor>False</isOriginalCosponsor>
        <lastName>RYAN</lastName>
        <identifiers>
          <bioguideId>R000577</bioguideId>
          <lisID>1756</lisID>
          <gpoId>8107</gpoId>
        </identifiers>
        <state>OH</state>
        <fullName>Rep. Ryan, Tim [D-OH-13]</fullName>
        <sponsorshipWithdrawnDate />
        <firstName>TIM</firstName>
        <district>13</district>
      </item>
      <item>
        <party>R</party>
        <sponsorshipDate>2018-02-27</sponsorshipDate>
        <middleName>D.</middleName>
        <bioguideId>H001048</bioguideId>
        <isOriginalCosponsor>False</isOriginalCosponsor>
        <lastName>Hunter</lastName>
        <identifiers>
          <gpoId>7857</gpoId>
          <lisID>1909</lisID>
          <bioguideId>H001048</bioguideId>
        </identifiers>
        <state>CA</state>
        <fullName>Rep. Hunter, Duncan D. [R-CA-50]</fullName>
        <sponsorshipWithdrawnDate />
        <firstName>Duncan</firstName>
        <district>50</district>
      </item>
    </cosponsors>
    <introducedDate>2018-02-06</introducedDate>
    <cboCostEstimates />
    <constitutionalAuthorityStatementText />
    <notes />
    <billType>HCONRES</billType>
    <originChamber>House</originChamber>
    <summaries>
      <billSummaries />
    </summaries>
    <amendments />
    <relatedBills />
    <policyArea>
      <name>Armed Forces and National Security</name>
    </policyArea>
    <createDate>2018-02-07T03:11:00Z</createDate>
    <billNumber>105</billNumber>
    <titles>
      <item>
        <parentTitleType />
        <titleType>Official Title as Introduced</titleType>
        <title>Commemorating the 100th anniversary of women serving in the United States Marine Corps.</title>
        <chamberCode />
        <chamberName />
      </item>
      <item>
        <parentTitleType />
        <titleType>Display Title</titleType>
        <title>Commemorating the 100th anniversary of women serving in the United States Marine Corps.</title>
        <chamberCode />
        <chamberName />
      </item>
    </titles>
    <calendarNumbers />
    <title>Commemorating the 100th anniversary of women serving in the United States Marine Corps.</title>
    <sponsors>
      <item>
        <district>49</district>
        <firstName>DARRELL</firstName>
        <middleName>E.</middleName>
        <lastName>ISSA</lastName>
        <fullName>Rep. Issa, Darrell E. [R-CA-49]</fullName>
        <bioguideId>I000056</bioguideId>
        <state>CA</state>
        <byRequestType />
        <identifiers>
          <lisID>1640</lisID>
          <gpoId>7854</gpoId>
          <bioguideId>I000056</bioguideId>
        </identifiers>
        <party>R</party>
      </item>
    </sponsors>
    <latestAction>
      <text>Referred to the House Committee on Armed Services.</text>
      <actionDate>2018-02-06</actionDate>
      <links />
    </latestAction>
    <committeeReports />
    <version>1.0.0</version>
    <congress>115</congress>
    <updateDate>2018-02-28T18:57:19Z</updateDate>
    <committees>
      <billCommittees>
        <item>
          <type>Standing</type>
          <subcommittees />
          <chamber>House</chamber>
          <activities>
            <item>
              <date>2018-02-06T14:01:30Z</date>
              <name>Referred to</name>
            </item>
          </activities>
          <name>Armed Services Committee</name>
          <systemCode>hsas00</systemCode>
        </item>
      </billCommittees>
    </committees>
    <laws />
    <actions>
      <actionTypeCounts>
        <billReferrals>1</billReferrals>
        <introducedInTheHouse>1</introducedInTheHouse>
        <introducedInHouse>1</introducedInHouse>
      </actionTypeCounts>
      <actionByCounts>
        <houseOfRepresentatives>3</houseOfRepresentatives>
      </actionByCounts>
      <item>
        <text>Referred to the House Committee on Armed Services.</text>
        <actionDate>2018-02-06</actionDate>
        <sourceSystem>
          <name>House floor actions</name>
          <code>2</code>
        </sourceSystem>
        <type>IntroReferral</type>
        <actionCode>H11100</actionCode>
        <committee>
          <name>Armed Services Committee</name>
          <systemCode>hsas00</systemCode>
        </committee>
        <links />
      </item>
      <item>
        <text>Introduced in House</text>
        <actionDate>2018-02-06</actionDate>
        <sourceSystem>
          <name>Library of Congress</name>
          <code>9</code>
        </sourceSystem>
        <type>IntroReferral</type>
        <actionCode>Intro-H</actionCode>
        <committee />
        <links />
      </item>
      <item>
        <text>Introduced in House</text>
        <actionDate>2018-02-06</actionDate>
        <sourceSystem>
          <name>Library of Congress</name>
          <code>9</code>
        </sourceSystem>
        <type>IntroReferral</type>
        <actionCode>1000</actionCode>
        <committee />
        <links />
      </item>
    </actions>
    <recordedVotes />
  </bill>
  <dublinCore xmlns:dc="http://purl.org/dc/elements/1.1/">
    <dc:format>text/xml</dc:format>
    <dc:language>EN</dc:language>
    <dc:rights>Pursuant to Title 17 Section 105 of the United States Code, this file is not subject to copyright protection and is in the public domain.</dc:rights>
    <dc:contributor>Congressional Research Service, Library of Congress</dc:contributor>
    <dc:description>This file contains bill summaries and statuses for federal legislation. A bill summary describes the most significant provisions of a piece of legislation and details the effects the legislative text may have on current law and federal programs. Bill summaries are authored by the Congressional Research Service (CRS) of the Library of Congress. As stated in Public Law 91-510 (2 USC 166 (d)(6)), one of the duties of CRS is "to prepare summaries and digests of bills and resolutions of a public general nature introduced in the Senate or House of Representatives". For more information, refer to the User Guide that accompanies this file.</dc:description>
  </dublinCore>
</billStatus>

