<?xml version="1.0" encoding="UTF-8"?>
<billStatus>
  <bill>
    <relatedBills />
    <calendarNumbers>
      <item>
        <calendar>H00038</calendar>
        <number />
      </item>
    </calendarNumbers>
    <billType>HCONRES</billType>
    <title>Authorizing the use of the Capitol Grounds for the National Peace Officers Memorial Service and the National Honor Guard and Pipe Band Exhibition.</title>
    <introducedDate>2017-03-20</introducedDate>
    <titles>
      <item>
        <titleType>Official Title as Introduced</titleType>
        <parentTitleType />
        <title>Authorizing the use of the Capitol Grounds for the National Peace Officers Memorial Service and the National Honor Guard and Pipe Band Exhibition.</title>
        <chamberCode />
        <chamberName />
      </item>
      <item>
        <titleType>Display Title</titleType>
        <parentTitleType />
        <title>Authorizing the use of the Capitol Grounds for the National Peace Officers Memorial Service and the National Honor Guard and Pipe Band Exhibition.</title>
        <chamberCode />
        <chamberName />
      </item>
    </titles>
    <latestAction>
      <actionDate>2017-04-28</actionDate>
      <text>Message on Senate action sent to the House.</text>
      <links />
    </latestAction>
    <originChamber>House</originChamber>
    <actions>
      <actionByCounts>
        <senate>4</senate>
        <houseOfRepresentatives>16</houseOfRepresentatives>
      </actionByCounts>
      <item>
        <actionDate>2017-04-28</actionDate>
        <committee />
        <links />
        <sourceSystem>
          <code>0</code>
          <name>Senate</name>
        </sourceSystem>
        <text>Message on Senate action sent to the House.</text>
        <type>Floor</type>
      </item>
      <item>
        <actionDate>2017-04-27</actionDate>
        <committee />
        <links>
          <link>
            <name>S2630</name>
            <url>https://www.congress.gov/congressional-record/volume-163/senate-section/page/S2630</url>
          </link>
        </links>
        <sourceSystem>
          <code>0</code>
          <name>Senate</name>
        </sourceSystem>
        <text>Resolution agreed to in Senate without amendment by Unanimous Consent. (consideration: CR S2630)</text>
        <type>Floor</type>
      </item>
      <item>
        <committee />
        <links>
          <link>
            <name>S2630</name>
            <url>https://www.congress.gov/congressional-record/volume-163/senate-section/page/S2630</url>
          </link>
        </links>
        <text>Passed/agreed to in Senate: Resolution agreed to in Senate without amendment by Unanimous Consent.(consideration: CR S2630)</text>
        <actionDate>2017-04-27</actionDate>
        <type>Floor</type>
        <actionCode>17000</actionCode>
        <sourceSystem>
          <code>9</code>
          <name>Library of Congress</name>
        </sourceSystem>
      </item>
      <item>
        <actionDate>2017-04-26</actionDate>
        <committee />
        <links />
        <sourceSystem>
          <code>0</code>
          <name>Senate</name>
        </sourceSystem>
        <text>Received in the Senate.</text>
        <type>IntroReferral</type>
      </item>
      <item>
        <committee />
        <links />
        <text>Motion to reconsider laid on the table Agreed to without objection.</text>
        <actionDate>2017-04-25</actionDate>
        <actionTime>16:35:30</actionTime>
        <actionCode>H38310</actionCode>
        <sourceSystem>
          <code>2</code>
          <name>House floor actions</name>
        </sourceSystem>
        <type>Floor</type>
      </item>
      <item>
        <committee />
        <links>
          <link>
            <name>H2820</name>
            <url>https://www.congress.gov/congressional-record/volume-163/house-section/page/H2820</url>
          </link>
        </links>
        <text>On motion to suspend the rules and agree to the resolution Agreed to by voice vote. (text: CR H2820)</text>
        <actionDate>2017-04-25</actionDate>
        <actionTime>16:35:26</actionTime>
        <actionCode>H37300</actionCode>
        <sourceSystem>
          <code>2</code>
          <name>House floor actions</name>
        </sourceSystem>
        <type>Floor</type>
      </item>
      <item>
        <committee />
        <links />
        <text>Passed/agreed to in House: On motion to suspend the rules and agree to the resolution Agreed to by voice vote.</text>
        <actionDate>2017-04-25</actionDate>
        <actionTime>16:35:26</actionTime>
        <actionCode>8000</actionCode>
        <sourceSystem>
          <code>9</code>
          <name>Library of Congress</name>
        </sourceSystem>
        <type>Floor</type>
      </item>
      <item>
        <committee />
        <links>
          <link>
            <name>H. Con. Res. 35</name>
            <url>https://www.congress.gov/bill/115th-congress/house-concurrent-resolution/35</url>
          </link>
        </links>
        <text>DEBATE - The House proceeded with forty minutes of debate on H. Con. Res. 35.</text>
        <actionDate>2017-04-25</actionDate>
        <actionTime>16:31:18</actionTime>
        <actionCode>H8D000</actionCode>
        <sourceSystem>
          <code>2</code>
          <name>House floor actions</name>
        </sourceSystem>
        <type>Floor</type>
      </item>
      <item>
        <committee />
        <links>
          <link>
            <name>H2820-2821</name>
            <url>https://www.congress.gov/congressional-record/volume-163/house-section/page/H2820-2821</url>
          </link>
        </links>
        <text>Considered under suspension of the rules. (consideration: CR H2820-2821)</text>
        <actionDate>2017-04-25</actionDate>
        <actionTime>16:31:16</actionTime>
        <actionCode>H30000</actionCode>
        <sourceSystem>
          <code>2</code>
          <name>House floor actions</name>
        </sourceSystem>
        <type>Floor</type>
      </item>
      <item>
        <committee />
        <links />
        <text>Mr. Ferguson moved to suspend the rules and agree to the resolution.</text>
        <actionDate>2017-04-25</actionDate>
        <actionTime>16:31:02</actionTime>
        <actionCode>H30300</actionCode>
        <sourceSystem>
          <code>2</code>
          <name>House floor actions</name>
        </sourceSystem>
        <type>Floor</type>
      </item>
      <item>
        <committee />
        <links />
        <text>Placed on the House Calendar, Calendar No. 38.</text>
        <actionDate>2017-04-06</actionDate>
        <type>Calendars</type>
        <actionCode>H12420</actionCode>
        <sourceSystem>
          <code>2</code>
          <name>House floor actions</name>
        </sourceSystem>
      </item>
      <item>
        <committee>
          <name>Transportation and Infrastructure Committee</name>
          <systemCode>hspw00</systemCode>
        </committee>
        <links>
          <link>
            <name>H. Rept. 115-87</name>
            <url>https://www.congress.gov/congressional-report/115th-congress/house-report/87</url>
          </link>
        </links>
        <text>Reported by the Committee on Transportation and Infrastructure. H. Rept. 115-87.</text>
        <actionDate>2017-04-06</actionDate>
        <type>Committee</type>
        <actionCode>H12200</actionCode>
        <sourceSystem>
          <code>2</code>
          <name>House floor actions</name>
        </sourceSystem>
      </item>
      <item>
        <committee>
          <name>Transportation and Infrastructure Committee</name>
          <systemCode>hspw00</systemCode>
        </committee>
        <links>
          <link>
            <name>H. Rept. 115-87</name>
            <url>https://www.congress.gov/congressional-report/115th-congress/house-report/87</url>
          </link>
        </links>
        <text>Reported by the Committee on Transportation and Infrastructure. H. Rept. 115-87.</text>
        <actionDate>2017-04-06</actionDate>
        <type>Committee</type>
        <actionCode>5000</actionCode>
        <sourceSystem>
          <code>9</code>
          <name>Library of Congress</name>
        </sourceSystem>
      </item>
      <item>
        <actionDate>2017-03-29</actionDate>
        <committee>
          <name>Transportation and Infrastructure Committee</name>
          <systemCode>hspw00</systemCode>
        </committee>
        <links />
        <sourceSystem>
          <code>1</code>
          <name>House committee actions</name>
        </sourceSystem>
        <text>Ordered to be Reported by Voice Vote.</text>
        <type>Committee</type>
      </item>
      <item>
        <actionDate>2017-03-29</actionDate>
        <committee>
          <name>Transportation and Infrastructure Committee</name>
          <systemCode>hspw00</systemCode>
        </committee>
        <links />
        <sourceSystem>
          <code>1</code>
          <name>House committee actions</name>
        </sourceSystem>
        <text>Committee Consideration and Mark-up Session Held.</text>
        <type>Committee</type>
      </item>
      <item>
        <actionDate>2017-03-29</actionDate>
        <committee>
          <name>Transportation and Infrastructure Committee</name>
          <systemCode>hspw00</systemCode>
        </committee>
        <links />
        <sourceSystem>
          <code>1</code>
          <name>House committee actions</name>
        </sourceSystem>
        <text>Subcommittee on Economic Development, Public Buildings and Emergency Management Discharged.</text>
        <type>Committee</type>
      </item>
      <item>
        <actionDate>2017-03-21</actionDate>
        <committee>
          <name>Economic Development, Public Buildings and Emergency Management Subcommittee</name>
          <systemCode>hspw13</systemCode>
        </committee>
        <links />
        <sourceSystem>
          <code>1</code>
          <name>House committee actions</name>
        </sourceSystem>
        <text>Referred to the Subcommittee on Economic Development, Public Buildings and Emergency Management.</text>
        <type>Committee</type>
      </item>
      <item>
        <committee>
          <name>Transportation and Infrastructure Committee</name>
          <systemCode>hspw00</systemCode>
        </committee>
        <links />
        <text>Referred to the House Committee on Transportation and Infrastructure.</text>
        <actionDate>2017-03-20</actionDate>
        <type>IntroReferral</type>
        <actionCode>H11100</actionCode>
        <sourceSystem>
          <code>2</code>
          <name>House floor actions</name>
        </sourceSystem>
      </item>
      <item>
        <committee />
        <links />
        <text>Introduced in House</text>
        <actionDate>2017-03-20</actionDate>
        <type>IntroReferral</type>
        <actionCode>Intro-H</actionCode>
        <sourceSystem>
          <code>9</code>
          <name>Library of Congress</name>
        </sourceSystem>
      </item>
      <item>
        <committee />
        <links />
        <text>Introduced in House</text>
        <actionDate>2017-03-20</actionDate>
        <type>IntroReferral</type>
        <actionCode>1000</actionCode>
        <sourceSystem>
          <code>9</code>
          <name>Library of Congress</name>
        </sourceSystem>
      </item>
      <actionTypeCounts>
        <introducedInTheHouse>1</introducedInTheHouse>
        <introducedInSenate>1</introducedInSenate>
        <billReferrals>1</billReferrals>
        <generalDebate>1</generalDebate>
        <considerationByHouse>1</considerationByHouse>
        <introducedInHouse>1</introducedInHouse>
        <houseCalendarAssignment>1</houseCalendarAssignment>
        <agreedToInSenate>1</agreedToInSenate>
        <placeholderTextForH>3</placeholderTextForH>
        <motionToReconsiderResults>1</motionToReconsiderResults>
        <sentToHouse>1</sentToHouse>
        <finalPassageUnderSuspensionOfTheRulesResults>1</finalPassageUnderSuspensionOfTheRulesResults>
        <motionMadeToSuspendTheRules>1</motionMadeToSuspendTheRules>
        <passedAgreedToInHouse>1</passedAgreedToInHouse>
        <passedAgreedToInSenate>1</passedAgreedToInSenate>
        <committeeReportOfABill>1</committeeReportOfABill>
        <actionStageOverride>1</actionStageOverride>
        <reportedToHouse>1</reportedToHouse>
      </actionTypeCounts>
    </actions>
    <policyArea>
      <name>Congress</name>
    </policyArea>
    <constitutionalAuthorityStatementText />
    <subjects>
      <billSubjects>
        <legislativeSubjects>
          <item>
            <name>Commemorative events and holidays</name>
          </item>
          <item>
            <name>Law enforcement officers</name>
          </item>
          <item>
            <name>Museums, exhibitions, cultural centers</name>
          </item>
          <item>
            <name>U.S. Capitol</name>
          </item>
        </legislativeSubjects>
        <policyArea>
          <name>Congress</name>
        </policyArea>
      </billSubjects>
    </subjects>
    <recordedVotes />
    <cboCostEstimates />
    <billNumber>35</billNumber>
    <updateDate>2018-02-22T15:26:40Z</updateDate>
    <notes />
    <laws />
    <createDate>2017-03-21T04:51:58Z</createDate>
    <summaries>
      <billSummaries>
        <item>
          <updateDate>2017-03-20T04:00:00Z</updateDate>
          <actionDesc>Introduced in House</actionDesc>
          <text><![CDATA[<p>Permits the Grand Lodge of the Fraternal Order of Police and its auxiliary to sponsor as free public events on the Capitol grounds: </p> <UL> <LI>the 36th Annual National Peace Officers' Memorial Service, on May 15, 2017, to honor the law enforcement officers who died in the line of duty during 2016; and <LI>the National Honor Guard and Pipe Band Exhibition, on May 14, 2017, to allow law enforcement representatives to exhibit their ability to demonstrate Honor Guard programs and provide for a bag pipe exhibition.</LI> </UL>]]></text>
          <lastSummaryUpdateDate>2017-04-26T15:40:34Z</lastSummaryUpdateDate>
          <name>Introduced in House</name>
          <actionDate>2017-03-20</actionDate>
          <versionCode>00</versionCode>
        </item>
        <item>
          <updateDate>2017-04-06T14:25:26Z</updateDate>
          <actionDesc>Reported to House without amendment</actionDesc>
          <text><![CDATA[<p>(This measure has not been amended since it was introduced. The summary has been expanded because action occurred on the measure.)</p> <p>(Sec. 1) Permits the Grand Lodge of the Fraternal Order of Police and its auxiliary to sponsor as free public events on the Capitol grounds: </p> <ul> <li> the 36th Annual National Peace Officers' Memorial Service, on May 15, 2017, to honor the law enforcement officers who died in the line of duty during 2016; and</li> <li>the National Honor Guard and Pipe Band Exhibition, on May 14, 2017, to allow law enforcement representatives to exhibit their ability to demonstrate Honor Guard programs and provide for a bag pipe exhibition.</li> </ul>]]></text>
          <lastSummaryUpdateDate>2017-04-22T14:17:15Z</lastSummaryUpdateDate>
          <name>Reported to House without amendment</name>
          <actionDate>2017-04-06</actionDate>
          <versionCode>79</versionCode>
        </item>
        <item>
          <updateDate>2017-04-25T13:08:18Z</updateDate>
          <actionDesc>Passed House without amendment</actionDesc>
          <text><![CDATA[<p>(This measure has not been amended since it was introduced. The expanded summary of the House reported version is repeated here.)</p><p>(Sec. 1) Permits the Grand Lodge of the Fraternal Order of Police and its auxiliary to sponsor as free public events on the Capitol grounds: </p> <ul> <li> the 36th Annual National Peace Officers' Memorial Service, on May 15, 2017, to honor the law enforcement officers who died in the line of duty during 2016; and</li> <li>the National Honor Guard and Pipe Band Exhibition, on May 14, 2017, to allow law enforcement representatives to exhibit their ability to demonstrate Honor Guard programs and provide for a bag pipe exhibition.</li></ul>]]></text>
          <lastSummaryUpdateDate>2017-04-26T15:41:29Z</lastSummaryUpdateDate>
          <name>Passed House without amendment</name>
          <actionDate>2017-04-25</actionDate>
          <versionCode>81</versionCode>
        </item>
        <item>
          <updateDate>2017-04-27T12:02:34Z</updateDate>
          <actionDesc>Passed Senate without amendment</actionDesc>
          <text><![CDATA[<p>(This measure has not been amended since it was introduced. The expanded summary of the House reported version is repeated here.)</p> <p>(Sec. 1) Permits the Grand Lodge of the Fraternal Order of Police and its auxiliary to sponsor as free public events on the Capitol grounds: </p> <ul> <li> the 36th Annual National Peace Officers' Memorial Service, on May 15, 2017, to honor the law enforcement officers who died in the line of duty during 2016; and</li> <li>the National Honor Guard and Pipe Band Exhibition, on May 14, 2017, to allow law enforcement representatives to exhibit their ability to demonstrate Honor Guard programs and provide for a bag pipe exhibition.</li></ul>]]></text>
          <lastSummaryUpdateDate>2017-05-01T18:43:17Z</lastSummaryUpdateDate>
          <name>Passed Senate without amendment</name>
          <actionDate>2017-04-27</actionDate>
          <versionCode>82</versionCode>
        </item>
      </billSummaries>
    </summaries>
    <amendments />
    <committees>
      <billCommittees>
        <item>
          <systemCode>hspw00</systemCode>
          <type>Standing</type>
          <subcommittees>
            <item>
              <systemCode>hspw13</systemCode>
              <activities>
                <item>
                  <name>Discharged from</name>
                  <date>2017-03-29T14:03:46Z</date>
                </item>
                <item>
                  <name>Referred to</name>
                  <date>2017-03-21T20:12:48Z</date>
                </item>
              </activities>
              <name>Economic Development, Public Buildings and Emergency Management Subcommittee</name>
            </item>
          </subcommittees>
          <chamber>House</chamber>
          <name>Transportation and Infrastructure Committee</name>
          <activities>
            <item>
              <name>Reported by</name>
              <date>2017-04-06T15:21:31Z</date>
            </item>
            <item>
              <name>Markup by</name>
              <date>2017-03-29T14:22:33Z</date>
            </item>
            <item>
              <name>Referred to</name>
              <date>2017-03-20T16:01:45Z</date>
            </item>
          </activities>
        </item>
      </billCommittees>
    </committees>
    <cosponsors>
      <item>
        <lastName>Johnson</lastName>
        <firstName>Henry</firstName>
        <state>GA</state>
        <isOriginalCosponsor>True</isOriginalCosponsor>
        <district>4</district>
        <middleName>C. "Hank"</middleName>
        <identifiers>
          <bioguideId>J000288</bioguideId>
          <gpoId>7901</gpoId>
          <lisID>1843</lisID>
        </identifiers>
        <sponsorshipWithdrawnDate />
        <party>D</party>
        <sponsorshipDate>2017-03-20</sponsorshipDate>
        <fullName>Rep. Johnson, Henry C. "Hank," Jr. [D-GA-4]</fullName>
        <bioguideId>J000288</bioguideId>
      </item>
    </cosponsors>
    <congress>115</congress>
    <committeeReports>
      <committeeReport>
        <citation>H. Rept. 115-87</citation>
      </committeeReport>
    </committeeReports>
    <version>1.0.0</version>
    <sponsors>
      <item>
        <lastName>Barletta</lastName>
        <district>11</district>
        <fullName>Rep. Barletta, Lou [R-PA-11]</fullName>
        <middleName />
        <bioguideId>B001269</bioguideId>
        <identifiers>
          <bioguideId>B001269</bioguideId>
          <lisID>2054</lisID>
          <gpoId>8129</gpoId>
        </identifiers>
        <byRequestType />
        <state>PA</state>
        <firstName>Lou</firstName>
        <party>R</party>
      </item>
    </sponsors>
  </bill>
  <dublinCore xmlns:dc="http://purl.org/dc/elements/1.1/">
    <dc:format>text/xml</dc:format>
    <dc:language>EN</dc:language>
    <dc:rights>Pursuant to Title 17 Section 105 of the United States Code, this file is not subject to copyright protection and is in the public domain.</dc:rights>
    <dc:contributor>Congressional Research Service, Library of Congress</dc:contributor>
    <dc:description>This file contains bill summaries and statuses for federal legislation. A bill summary describes the most significant provisions of a piece of legislation and details the effects the legislative text may have on current law and federal programs. Bill summaries are authored by the Congressional Research Service (CRS) of the Library of Congress. As stated in Public Law 91-510 (2 USC 166 (d)(6)), one of the duties of CRS is "to prepare summaries and digests of bills and resolutions of a public general nature introduced in the Senate or House of Representatives". For more information, refer to the User Guide that accompanies this file.</dc:description>
  </dublinCore>
</billStatus>

