<?xml version="1.0" encoding="UTF-8"?>
<billStatus>
  <bill>
    <policyArea>
      <name>Emergency Management</name>
    </policyArea>
    <introducedDate>2017-05-18</introducedDate>
    <cosponsors>
      <item>
        <lastName>CAPUANO</lastName>
        <firstName>MICHAEL</firstName>
        <sponsorshipWithdrawnDate />
        <isOriginalCosponsor>True</isOriginalCosponsor>
        <district>7</district>
        <party>D</party>
        <fullName>Rep. Capuano, Michael E. [D-MA-7]</fullName>
        <middleName>E.</middleName>
        <state>MA</state>
        <bioguideId>C001037</bioguideId>
        <sponsorshipDate>2017-05-18</sponsorshipDate>
        <identifiers>
          <lisID>1564</lisID>
          <bioguideId>C001037</bioguideId>
          <gpoId>7973</gpoId>
        </identifiers>
      </item>
      <item>
        <lastName>CUMMINGS</lastName>
        <firstName>ELIJAH</firstName>
        <sponsorshipWithdrawnDate />
        <isOriginalCosponsor>True</isOriginalCosponsor>
        <district>7</district>
        <party>D</party>
        <fullName>Rep. Cummings, Elijah E. [D-MD-7]</fullName>
        <middleName>E.</middleName>
        <state>MD</state>
        <bioguideId>C000984</bioguideId>
        <sponsorshipDate>2017-05-18</sponsorshipDate>
        <identifiers>
          <bioguideId>C000984</bioguideId>
          <gpoId>7982</gpoId>
          <lisID>256</lisID>
        </identifiers>
      </item>
      <item>
        <lastName>Brownley</lastName>
        <firstName>Julia</firstName>
        <sponsorshipWithdrawnDate />
        <isOriginalCosponsor>False</isOriginalCosponsor>
        <district>26</district>
        <party>D</party>
        <fullName>Rep. Brownley, Julia [D-CA-26]</fullName>
        <middleName />
        <state>CA</state>
        <bioguideId>B001285</bioguideId>
        <sponsorshipDate>2017-10-05</sponsorshipDate>
        <identifiers>
          <bioguideId>B001285</bioguideId>
          <lisID>2106</lisID>
          <gpoId />
        </identifiers>
      </item>
    </cosponsors>
    <titles>
      <item>
        <parentTitleType />
        <chamberCode />
        <chamberName />
        <titleType>Official Title as Introduced</titleType>
        <title>Expressing support for designation of October 28 as "Honoring the Nation's First Responders Day".</title>
      </item>
      <item>
        <parentTitleType />
        <chamberCode />
        <chamberName />
        <titleType>Display Title</titleType>
        <title>Expressing support for designation of October 28 as "Honoring the Nation's First Responders Day".</title>
      </item>
    </titles>
    <congress>115</congress>
    <recordedVotes />
    <amendments />
    <laws />
    <cboCostEstimates />
    <actions>
      <actionByCounts>
        <houseOfRepresentatives>3</houseOfRepresentatives>
      </actionByCounts>
      <actionTypeCounts>
        <introducedInTheHouse>1</introducedInTheHouse>
        <billReferrals>1</billReferrals>
        <introducedInHouse>1</introducedInHouse>
      </actionTypeCounts>
      <item>
        <sourceSystem>
          <name>House floor actions</name>
          <code>2</code>
        </sourceSystem>
        <actionDate>2017-05-18</actionDate>
        <text>Referred to the House Committee on Transportation and Infrastructure.</text>
        <type>IntroReferral</type>
        <links />
        <committee>
          <systemCode>hspw00</systemCode>
          <name>Transportation and Infrastructure Committee</name>
        </committee>
        <actionCode>H11100</actionCode>
      </item>
      <item>
        <sourceSystem>
          <name>Library of Congress</name>
          <code>9</code>
        </sourceSystem>
        <actionDate>2017-05-18</actionDate>
        <text>Introduced in House</text>
        <type>IntroReferral</type>
        <links />
        <committee />
        <actionCode>Intro-H</actionCode>
      </item>
      <item>
        <sourceSystem>
          <name>Library of Congress</name>
          <code>9</code>
        </sourceSystem>
        <actionDate>2017-05-18</actionDate>
        <text>Introduced in House</text>
        <type>IntroReferral</type>
        <links />
        <committee />
        <actionCode>1000</actionCode>
      </item>
    </actions>
    <updateDate>2018-02-06T16:39:22Z</updateDate>
    <summaries>
      <billSummaries>
        <item>
          <lastSummaryUpdateDate>2017-08-24T15:34:03Z</lastSummaryUpdateDate>
          <updateDate>2017-05-18T04:00:00Z</updateDate>
          <versionCode>00</versionCode>
          <text><![CDATA[<p>Expresses support for the designation of Honoring the Nation's First Responders Day.</p> <ul> </ul>]]></text>
          <name>Introduced in House</name>
          <actionDesc>Introduced in House</actionDesc>
          <actionDate>2017-05-18</actionDate>
        </item>
      </billSummaries>
    </summaries>
    <title>Expressing support for designation of October 28 as "Honoring the Nation's First Responders Day".</title>
    <calendarNumbers />
    <originChamber>House</originChamber>
    <constitutionalAuthorityStatementText />
    <notes />
    <billType>HCONRES</billType>
    <committees>
      <billCommittees>
        <item>
          <systemCode>hspw00</systemCode>
          <chamber>House</chamber>
          <type>Standing</type>
          <activities>
            <item>
              <date>2017-05-18T14:02:20Z</date>
              <name>Referred to</name>
            </item>
          </activities>
          <name>Transportation and Infrastructure Committee</name>
          <subcommittees />
        </item>
      </billCommittees>
    </committees>
    <latestAction>
      <text>Referred to the House Committee on Transportation and Infrastructure.</text>
      <actionDate>2017-05-18</actionDate>
      <links />
    </latestAction>
    <committeeReports />
    <billNumber>56</billNumber>
    <sponsors>
      <item>
        <byRequestType />
        <state>NC</state>
        <bioguideId>M001187</bioguideId>
        <identifiers>
          <lisID>2142</lisID>
          <bioguideId>M001187</bioguideId>
          <gpoId />
        </identifiers>
        <fullName>Rep. Meadows, Mark [R-NC-11]</fullName>
        <district>11</district>
        <lastName>Meadows</lastName>
        <firstName>Mark</firstName>
        <middleName />
        <party>R</party>
      </item>
    </sponsors>
    <subjects>
      <billSubjects>
        <legislativeSubjects>
          <item>
            <name>Commemorative events and holidays</name>
          </item>
          <item>
            <name>Congressional tributes</name>
          </item>
          <item>
            <name>First responders and emergency personnel</name>
          </item>
        </legislativeSubjects>
        <policyArea>
          <name>Emergency Management</name>
        </policyArea>
      </billSubjects>
    </subjects>
    <createDate>2017-05-19T03:11:37Z</createDate>
    <version>1.0.0</version>
    <relatedBills>
      <item>
        <number>15</number>
        <congress>115</congress>
        <relationshipDetails>
          <item>
            <type>Related bill</type>
            <identifiedBy>CRS</identifiedBy>
          </item>
        </relationshipDetails>
        <latestTitle>A concurrent resolution expressing support for the designation of October 28, 2017, as "Honoring the Nation's First Responders Day".</latestTitle>
        <latestAction>
          <text>Held at the desk.</text>
          <actionTime>14:31:37</actionTime>
          <actionDate>2017-08-04</actionDate>
        </latestAction>
        <type>SCONRES</type>
      </item>
    </relatedBills>
  </bill>
  <dublinCore xmlns:dc="http://purl.org/dc/elements/1.1/">
    <dc:format>text/xml</dc:format>
    <dc:language>EN</dc:language>
    <dc:rights>Pursuant to Title 17 Section 105 of the United States Code, this file is not subject to copyright protection and is in the public domain.</dc:rights>
    <dc:contributor>Congressional Research Service, Library of Congress</dc:contributor>
    <dc:description>This file contains bill summaries and statuses for federal legislation. A bill summary describes the most significant provisions of a piece of legislation and details the effects the legislative text may have on current law and federal programs. Bill summaries are authored by the Congressional Research Service (CRS) of the Library of Congress. As stated in Public Law 91-510 (2 USC 166 (d)(6)), one of the duties of CRS is "to prepare summaries and digests of bills and resolutions of a public general nature introduced in the Senate or House of Representatives". For more information, refer to the User Guide that accompanies this file.</dc:description>
  </dublinCore>
</billStatus>

