<?xml version="1.0" encoding="UTF-8"?>
<billStatus>
  <bill>
    <congress>115</congress>
    <billNumber>91</billNumber>
    <laws />
    <titles>
      <item>
        <title>Expressing the sense of Congress that public health professionals should be commended for their dedication and continued service to the United States on "Public Health Thank You Day", November 20, 2017.</title>
        <titleType>Official Title as Introduced</titleType>
        <chamberCode />
        <chamberName />
        <parentTitleType />
      </item>
      <item>
        <title>Expressing the sense of Congress that public health professionals should be commended for their dedication and continued service to the United States on "Public Health Thank You Day", November 20, 2017.</title>
        <titleType>Display Title</titleType>
        <chamberCode />
        <chamberName />
        <parentTitleType />
      </item>
    </titles>
    <constitutionalAuthorityStatementText />
    <cosponsors>
      <item>
        <identifiers>
          <gpoId>8192</gpoId>
          <lisID>1886</lisID>
          <bioguideId>W000804</bioguideId>
        </identifiers>
        <fullName>Rep. Wittman, Robert J. [R-VA-1]</fullName>
        <state>VA</state>
        <sponsorshipDate>2017-11-08</sponsorshipDate>
        <bioguideId>W000804</bioguideId>
        <firstName>Robert</firstName>
        <sponsorshipWithdrawnDate />
        <lastName>Wittman</lastName>
        <party>R</party>
        <isOriginalCosponsor>True</isOriginalCosponsor>
        <district>1</district>
        <middleName>J.</middleName>
      </item>
      <item>
        <identifiers>
          <gpoId>7839</gpoId>
          <lisID>997</lisID>
          <bioguideId>R000486</bioguideId>
        </identifiers>
        <fullName>Rep. Roybal-Allard, Lucille [D-CA-40]</fullName>
        <state>CA</state>
        <sponsorshipDate>2017-11-08</sponsorshipDate>
        <bioguideId>R000486</bioguideId>
        <firstName>LUCILLE</firstName>
        <sponsorshipWithdrawnDate />
        <lastName>ROYBAL-ALLARD</lastName>
        <party>D</party>
        <isOriginalCosponsor>True</isOriginalCosponsor>
        <district>40</district>
        <middleName />
      </item>
      <item>
        <identifiers>
          <gpoId>8168</gpoId>
          <bioguideId>G000377</bioguideId>
          <lisID>1487</lisID>
        </identifiers>
        <fullName>Rep. Granger, Kay [R-TX-12]</fullName>
        <state>TX</state>
        <sponsorshipDate>2017-11-08</sponsorshipDate>
        <bioguideId>G000377</bioguideId>
        <firstName>KAY</firstName>
        <sponsorshipWithdrawnDate />
        <lastName>GRANGER</lastName>
        <party>R</party>
        <isOriginalCosponsor>True</isOriginalCosponsor>
        <district>12</district>
        <middleName />
      </item>
      <item>
        <identifiers>
          <bioguideId>G000410</bioguideId>
          <lisID>462</lisID>
          <gpoId>8185</gpoId>
        </identifiers>
        <fullName>Rep. Green, Gene [D-TX-29]</fullName>
        <state>TX</state>
        <sponsorshipDate>2017-11-08</sponsorshipDate>
        <bioguideId>G000410</bioguideId>
        <firstName>GENE</firstName>
        <sponsorshipWithdrawnDate />
        <lastName>GREEN</lastName>
        <party>D</party>
        <isOriginalCosponsor>True</isOriginalCosponsor>
        <district>29</district>
        <middleName />
      </item>
      <item>
        <identifiers>
          <lisID>1878</lisID>
          <gpoId>8156</gpoId>
          <bioguideId>C001068</bioguideId>
        </identifiers>
        <fullName>Rep. Cohen, Steve [D-TN-9]</fullName>
        <state>TN</state>
        <sponsorshipDate>2017-11-16</sponsorshipDate>
        <bioguideId>C001068</bioguideId>
        <firstName>Steve</firstName>
        <sponsorshipWithdrawnDate />
        <lastName>Cohen</lastName>
        <party>D</party>
        <isOriginalCosponsor>False</isOriginalCosponsor>
        <district>9</district>
        <middleName />
      </item>
    </cosponsors>
    <subjects>
      <billSubjects>
        <policyArea>
          <name>Health</name>
        </policyArea>
        <legislativeSubjects />
      </billSubjects>
    </subjects>
    <amendments />
    <version>1.0.0</version>
    <actions>
      <item>
        <actionDate>2017-11-10</actionDate>
        <committee>
          <name>Health Subcommittee</name>
          <systemCode>hsif14</systemCode>
        </committee>
        <links />
        <sourceSystem>
          <code>1</code>
          <name>House committee actions</name>
        </sourceSystem>
        <text>Referred to the Subcommittee on Health.</text>
        <type>Committee</type>
      </item>
      <item>
        <text>Referred to the House Committee on Energy and Commerce.</text>
        <links />
        <actionDate>2017-11-08</actionDate>
        <actionCode>H11100</actionCode>
        <sourceSystem>
          <code>2</code>
          <name>House floor actions</name>
        </sourceSystem>
        <type>IntroReferral</type>
        <committee>
          <name>Energy and Commerce Committee</name>
          <systemCode>hsif00</systemCode>
        </committee>
      </item>
      <item>
        <text>Introduced in House</text>
        <links />
        <actionDate>2017-11-08</actionDate>
        <actionCode>Intro-H</actionCode>
        <sourceSystem>
          <code>9</code>
          <name>Library of Congress</name>
        </sourceSystem>
        <type>IntroReferral</type>
        <committee />
      </item>
      <item>
        <text>Introduced in House</text>
        <links />
        <actionDate>2017-11-08</actionDate>
        <actionCode>1000</actionCode>
        <sourceSystem>
          <code>9</code>
          <name>Library of Congress</name>
        </sourceSystem>
        <type>IntroReferral</type>
        <committee />
      </item>
      <actionByCounts>
        <houseOfRepresentatives>4</houseOfRepresentatives>
      </actionByCounts>
      <actionTypeCounts>
        <billReferrals>1</billReferrals>
        <introducedInTheHouse>1</introducedInTheHouse>
        <introducedInHouse>1</introducedInHouse>
        <placeholderTextForH>1</placeholderTextForH>
      </actionTypeCounts>
    </actions>
    <createDate>2017-11-09T03:11:14Z</createDate>
    <billType>HCONRES</billType>
    <title>Expressing the sense of Congress that public health professionals should be commended for their dedication and continued service to the United States on "Public Health Thank You Day", November 20, 2017.</title>
    <originChamber>House</originChamber>
    <cboCostEstimates />
    <recordedVotes />
    <committeeReports />
    <introducedDate>2017-11-08</introducedDate>
    <latestAction>
      <links />
      <text>Referred to the Subcommittee on Health.</text>
      <actionDate>2017-11-10</actionDate>
    </latestAction>
    <calendarNumbers />
    <committees>
      <billCommittees>
        <item>
          <activities>
            <item>
              <name>Referred to</name>
              <date>2017-11-08T15:02:25Z</date>
            </item>
          </activities>
          <type>Standing</type>
          <systemCode>hsif00</systemCode>
          <name>Energy and Commerce Committee</name>
          <subcommittees>
            <item>
              <name>Health Subcommittee</name>
              <activities>
                <item>
                  <name>Referred to</name>
                  <date>2017-11-10T21:28:23Z</date>
                </item>
              </activities>
              <systemCode>hsif14</systemCode>
            </item>
          </subcommittees>
          <chamber>House</chamber>
        </item>
      </billCommittees>
    </committees>
    <notes />
    <summaries>
      <billSummaries>
        <item>
          <actionDesc>Introduced in House</actionDesc>
          <versionCode>00</versionCode>
          <lastSummaryUpdateDate>2018-02-12T20:50:37Z</lastSummaryUpdateDate>
          <updateDate>2017-11-08T05:00:00Z</updateDate>
          <text><![CDATA[<p>Expresses the sense of Congress that public health professionals are to be celebrated, commended, and thanked on Public Health Thank You Day for their profoundly important contributions to the nation.</p>]]></text>
          <name>Introduced in House</name>
          <actionDate>2017-11-08</actionDate>
        </item>
      </billSummaries>
    </summaries>
    <sponsors>
      <item>
        <identifiers>
          <lisID>1504</lisID>
          <gpoId>7968</gpoId>
          <bioguideId>M000312</bioguideId>
        </identifiers>
        <bioguideId>M000312</bioguideId>
        <middleName>P.</middleName>
        <state>MA</state>
        <fullName>Rep. McGovern, James P. [D-MA-2]</fullName>
        <firstName>JAMES</firstName>
        <byRequestType />
        <lastName>MCGOVERN</lastName>
        <district>2</district>
        <party>D</party>
      </item>
    </sponsors>
    <updateDate>2018-02-16T15:12:30Z</updateDate>
    <relatedBills />
    <policyArea>
      <name>Health</name>
    </policyArea>
  </bill>
  <dublinCore xmlns:dc="http://purl.org/dc/elements/1.1/">
    <dc:format>text/xml</dc:format>
    <dc:language>EN</dc:language>
    <dc:rights>Pursuant to Title 17 Section 105 of the United States Code, this file is not subject to copyright protection and is in the public domain.</dc:rights>
    <dc:contributor>Congressional Research Service, Library of Congress</dc:contributor>
    <dc:description>This file contains bill summaries and statuses for federal legislation. A bill summary describes the most significant provisions of a piece of legislation and details the effects the legislative text may have on current law and federal programs. Bill summaries are authored by the Congressional Research Service (CRS) of the Library of Congress. As stated in Public Law 91-510 (2 USC 166 (d)(6)), one of the duties of CRS is "to prepare summaries and digests of bills and resolutions of a public general nature introduced in the Senate or House of Representatives". For more information, refer to the User Guide that accompanies this file.</dc:description>
  </dublinCore>
</billStatus>

