<?xml version="1.0" encoding="UTF-8"?>
<billStatus>
  <bill>
    <notes />
    <cosponsors>
      <item>
        <isOriginalCosponsor>True</isOriginalCosponsor>
        <bioguideId>B001300</bioguideId>
        <district>44</district>
        <state>CA</state>
        <identifiers>
          <lisID>2311</lisID>
          <bioguideId>B001300</bioguideId>
          <gpoId />
        </identifiers>
        <fullName>Rep. Barragan, Nanette Diaz [D-CA-44]</fullName>
        <middleName>Diaz</middleName>
        <sponsorshipWithdrawnDate />
        <firstName>Nanette</firstName>
        <sponsorshipDate>2017-04-06</sponsorshipDate>
        <party>D</party>
        <lastName>Barragan</lastName>
      </item>
      <item>
        <isOriginalCosponsor>True</isOriginalCosponsor>
        <bioguideId>C001084</bioguideId>
        <district>1</district>
        <state>RI</state>
        <identifiers>
          <bioguideId>C001084</bioguideId>
          <lisID>2055</lisID>
          <gpoId>8139</gpoId>
        </identifiers>
        <fullName>Rep. Cicilline, David N. [D-RI-1]</fullName>
        <middleName>N.</middleName>
        <sponsorshipWithdrawnDate />
        <firstName>David</firstName>
        <sponsorshipDate>2017-04-06</sponsorshipDate>
        <party>D</party>
        <lastName>Cicilline</lastName>
      </item>
      <item>
        <isOriginalCosponsor>True</isOriginalCosponsor>
        <bioguideId>C001067</bioguideId>
        <district>9</district>
        <state>NY</state>
        <identifiers>
          <gpoId>8072</gpoId>
          <lisID>1864</lisID>
          <bioguideId>C001067</bioguideId>
        </identifiers>
        <fullName>Rep. Clarke, Yvette D. [D-NY-9]</fullName>
        <middleName>D.</middleName>
        <sponsorshipWithdrawnDate />
        <firstName>Yvette</firstName>
        <sponsorshipDate>2017-04-06</sponsorshipDate>
        <party>D</party>
        <lastName>Clarke</lastName>
      </item>
      <item>
        <isOriginalCosponsor>True</isOriginalCosponsor>
        <bioguideId>D000197</bioguideId>
        <district>1</district>
        <state>CO</state>
        <identifiers>
          <lisID>1479</lisID>
          <gpoId>7859</gpoId>
          <bioguideId>D000197</bioguideId>
        </identifiers>
        <fullName>Rep. DeGette, Diana [D-CO-1]</fullName>
        <middleName />
        <sponsorshipWithdrawnDate />
        <firstName>DIANA</firstName>
        <sponsorshipDate>2017-04-06</sponsorshipDate>
        <party>D</party>
        <lastName>DEGETTE</lastName>
      </item>
      <item>
        <isOriginalCosponsor>True</isOriginalCosponsor>
        <bioguideId>D000617</bioguideId>
        <district>1</district>
        <state>WA</state>
        <identifiers>
          <gpoId>8374</gpoId>
          <lisID>2096</lisID>
          <bioguideId>D000617</bioguideId>
        </identifiers>
        <fullName>Rep. DelBene, Suzan K. [D-WA-1]</fullName>
        <middleName>K.</middleName>
        <sponsorshipWithdrawnDate />
        <firstName>Suzan</firstName>
        <sponsorshipDate>2017-04-06</sponsorshipDate>
        <party>D</party>
        <lastName>DelBene</lastName>
      </item>
      <item>
        <isOriginalCosponsor>True</isOriginalCosponsor>
        <bioguideId>D000610</bioguideId>
        <district>22</district>
        <state>FL</state>
        <identifiers>
          <bioguideId>D000610</bioguideId>
          <lisID>1976</lisID>
          <gpoId>7891</gpoId>
        </identifiers>
        <fullName>Rep. Deutch, Theodore E. [D-FL-22]</fullName>
        <middleName>E.</middleName>
        <sponsorshipWithdrawnDate />
        <firstName>Theodore</firstName>
        <sponsorshipDate>2017-04-06</sponsorshipDate>
        <party>D</party>
        <lastName>Deutch</lastName>
      </item>
      <item>
        <isOriginalCosponsor>True</isOriginalCosponsor>
        <bioguideId>D000624</bioguideId>
        <district>12</district>
        <state>MI</state>
        <identifiers>
          <bioguideId>D000624</bioguideId>
          <lisID>2251</lisID>
          <gpoId />
        </identifiers>
        <fullName>Rep. Dingell, Debbie [D-MI-12]</fullName>
        <middleName />
        <sponsorshipWithdrawnDate />
        <firstName>Debbie</firstName>
        <sponsorshipDate>2017-04-06</sponsorshipDate>
        <party>D</party>
        <lastName>Dingell</lastName>
      </item>
      <item>
        <isOriginalCosponsor>True</isOriginalCosponsor>
        <bioguideId>E000293</bioguideId>
        <district>5</district>
        <state>CT</state>
        <identifiers>
          <bioguideId>E000293</bioguideId>
          <lisID>2114</lisID>
          <gpoId />
        </identifiers>
        <fullName>Rep. Esty, Elizabeth H. [D-CT-5]</fullName>
        <middleName>H.</middleName>
        <sponsorshipWithdrawnDate />
        <firstName>Elizabeth</firstName>
        <sponsorshipDate>2017-04-06</sponsorshipDate>
        <party>D</party>
        <lastName>Esty</lastName>
      </item>
      <item>
        <isOriginalCosponsor>True</isOriginalCosponsor>
        <bioguideId>G000551</bioguideId>
        <district>3</district>
        <state>AZ</state>
        <identifiers>
          <bioguideId>G000551</bioguideId>
          <gpoId>7804</gpoId>
          <lisID>1708</lisID>
        </identifiers>
        <fullName>Rep. Grijalva, Raul M. [D-AZ-3]</fullName>
        <middleName>M.</middleName>
        <sponsorshipWithdrawnDate />
        <firstName>Raul</firstName>
        <sponsorshipDate>2017-04-06</sponsorshipDate>
        <party>D</party>
        <lastName>Grijalva</lastName>
      </item>
      <item>
        <isOriginalCosponsor>True</isOriginalCosponsor>
        <bioguideId>H001050</bioguideId>
        <district>1</district>
        <state>HI</state>
        <identifiers>
          <lisID>2010</lisID>
          <bioguideId>H001050</bioguideId>
          <gpoId>7912</gpoId>
        </identifiers>
        <fullName>Rep. Hanabusa, Colleen [D-HI-1]</fullName>
        <middleName />
        <sponsorshipWithdrawnDate />
        <firstName>Colleen</firstName>
        <sponsorshipDate>2017-04-06</sponsorshipDate>
        <party>D</party>
        <lastName>Hanabusa</lastName>
      </item>
      <item>
        <isOriginalCosponsor>True</isOriginalCosponsor>
        <bioguideId>H000324</bioguideId>
        <district>20</district>
        <state>FL</state>
        <identifiers>
          <lisID>511</lisID>
          <gpoId>7895</gpoId>
          <bioguideId>H000324</bioguideId>
        </identifiers>
        <fullName>Rep. Hastings, Alcee L. [D-FL-20]</fullName>
        <middleName>L.</middleName>
        <sponsorshipWithdrawnDate />
        <firstName>ALCEE</firstName>
        <sponsorshipDate>2017-04-06</sponsorshipDate>
        <party>D</party>
        <lastName>HASTINGS</lastName>
      </item>
      <item>
        <isOriginalCosponsor>True</isOriginalCosponsor>
        <bioguideId>N000147</bioguideId>
        <district>0</district>
        <state>DC</state>
        <identifiers>
          <lisID>868</lisID>
          <bioguideId>N000147</bioguideId>
          <gpoId>7871</gpoId>
        </identifiers>
        <fullName>Rep. Norton, Eleanor Holmes [D-DC-At Large]</fullName>
        <middleName>HOLMES</middleName>
        <sponsorshipWithdrawnDate />
        <firstName>ELEANOR</firstName>
        <sponsorshipDate>2017-04-06</sponsorshipDate>
        <party>D</party>
        <lastName>NORTON</lastName>
      </item>
      <item>
        <isOriginalCosponsor>True</isOriginalCosponsor>
        <bioguideId>J000298</bioguideId>
        <district>7</district>
        <state>WA</state>
        <identifiers>
          <bioguideId>J000298</bioguideId>
          <lisID>2354</lisID>
          <gpoId />
        </identifiers>
        <fullName>Rep. Jayapal, Pramila [D-WA-7]</fullName>
        <middleName />
        <sponsorshipWithdrawnDate />
        <firstName>Pramila</firstName>
        <sponsorshipDate>2017-04-06</sponsorshipDate>
        <party>D</party>
        <lastName>Jayapal</lastName>
      </item>
      <item>
        <isOriginalCosponsor>True</isOriginalCosponsor>
        <bioguideId>K000375</bioguideId>
        <district>9</district>
        <state>MA</state>
        <identifiers>
          <gpoId>7975</gpoId>
          <lisID>2025</lisID>
          <bioguideId>K000375</bioguideId>
        </identifiers>
        <fullName>Rep. Keating, William R. [D-MA-9]</fullName>
        <middleName>R.</middleName>
        <sponsorshipWithdrawnDate />
        <firstName>William</firstName>
        <sponsorshipDate>2017-04-06</sponsorshipDate>
        <party>D</party>
        <lastName>Keating</lastName>
      </item>
      <item>
        <isOriginalCosponsor>True</isOriginalCosponsor>
        <bioguideId>K000389</bioguideId>
        <district>17</district>
        <state>CA</state>
        <identifiers>
          <bioguideId>K000389</bioguideId>
          <gpoId />
          <lisID>2308</lisID>
        </identifiers>
        <fullName>Rep. Khanna, Ro [D-CA-17]</fullName>
        <middleName />
        <sponsorshipWithdrawnDate />
        <firstName>Ro</firstName>
        <sponsorshipDate>2017-04-06</sponsorshipDate>
        <party>D</party>
        <lastName>Khanna</lastName>
      </item>
      <item>
        <isOriginalCosponsor>True</isOriginalCosponsor>
        <bioguideId>K000381</bioguideId>
        <district>6</district>
        <state>WA</state>
        <identifiers>
          <bioguideId>K000381</bioguideId>
          <lisID>2169</lisID>
          <gpoId />
        </identifiers>
        <fullName>Rep. Kilmer, Derek [D-WA-6]</fullName>
        <middleName />
        <sponsorshipWithdrawnDate />
        <firstName>Derek</firstName>
        <sponsorshipDate>2017-04-06</sponsorshipDate>
        <party>D</party>
        <lastName>Kilmer</lastName>
      </item>
      <item>
        <isOriginalCosponsor>True</isOriginalCosponsor>
        <bioguideId>K000391</bioguideId>
        <district>8</district>
        <state>IL</state>
        <identifiers>
          <gpoId />
          <lisID>2325</lisID>
          <bioguideId>K000391</bioguideId>
        </identifiers>
        <fullName>Rep. Krishnamoorthi, Raja [D-IL-8]</fullName>
        <middleName />
        <sponsorshipWithdrawnDate />
        <firstName>Raja</firstName>
        <sponsorshipDate>2017-04-06</sponsorshipDate>
        <party>D</party>
        <lastName>Krishnamoorthi</lastName>
      </item>
      <item>
        <isOriginalCosponsor>True</isOriginalCosponsor>
        <bioguideId>K000382</bioguideId>
        <district>2</district>
        <state>NH</state>
        <identifiers>
          <bioguideId>K000382</bioguideId>
          <lisID>2145</lisID>
          <gpoId />
        </identifiers>
        <fullName>Rep. Kuster, Ann M. [D-NH-2]</fullName>
        <middleName>M.</middleName>
        <sponsorshipWithdrawnDate />
        <firstName>Ann</firstName>
        <sponsorshipDate>2017-04-06</sponsorshipDate>
        <party>D</party>
        <lastName>Kuster</lastName>
      </item>
      <item>
        <isOriginalCosponsor>True</isOriginalCosponsor>
        <bioguideId>L000579</bioguideId>
        <district>47</district>
        <state>CA</state>
        <identifiers>
          <lisID>2111</lisID>
          <bioguideId>L000579</bioguideId>
          <gpoId />
        </identifiers>
        <fullName>Rep. Lowenthal, Alan S. [D-CA-47]</fullName>
        <middleName>S.</middleName>
        <sponsorshipWithdrawnDate />
        <firstName>Alan</firstName>
        <sponsorshipDate>2017-04-06</sponsorshipDate>
        <party>D</party>
        <lastName>Lowenthal</lastName>
      </item>
      <item>
        <isOriginalCosponsor>True</isOriginalCosponsor>
        <bioguideId>M000087</bioguideId>
        <district>12</district>
        <state>NY</state>
        <identifiers>
          <lisID>729</lisID>
          <gpoId>8075</gpoId>
          <bioguideId>M000087</bioguideId>
        </identifiers>
        <fullName>Rep. Maloney, Carolyn B. [D-NY-12]</fullName>
        <middleName>B.</middleName>
        <sponsorshipWithdrawnDate />
        <firstName>CAROLYN</firstName>
        <sponsorshipDate>2017-04-06</sponsorshipDate>
        <party>D</party>
        <lastName>MALONEY</lastName>
      </item>
      <item>
        <isOriginalCosponsor>True</isOriginalCosponsor>
        <bioguideId>M001196</bioguideId>
        <district>6</district>
        <state>MA</state>
        <identifiers>
          <gpoId />
          <lisID>2246</lisID>
          <bioguideId>M001196</bioguideId>
        </identifiers>
        <fullName>Rep. Moulton, Seth [D-MA-6]</fullName>
        <middleName />
        <sponsorshipWithdrawnDate />
        <firstName>Seth</firstName>
        <sponsorshipDate>2017-04-06</sponsorshipDate>
        <party>D</party>
        <lastName>Moulton</lastName>
      </item>
      <item>
        <isOriginalCosponsor>True</isOriginalCosponsor>
        <bioguideId>N000188</bioguideId>
        <district>1</district>
        <state>NJ</state>
        <identifiers>
          <bioguideId>N000188</bioguideId>
          <gpoId />
          <lisID>2202</lisID>
        </identifiers>
        <fullName>Rep. Norcross, Donald [D-NJ-1]</fullName>
        <middleName />
        <sponsorshipWithdrawnDate />
        <firstName>Donald</firstName>
        <sponsorshipDate>2017-04-06</sponsorshipDate>
        <party>D</party>
        <lastName>Norcross</lastName>
      </item>
      <item>
        <isOriginalCosponsor>True</isOriginalCosponsor>
        <bioguideId>P000034</bioguideId>
        <district>6</district>
        <state>NJ</state>
        <identifiers>
          <bioguideId>P000034</bioguideId>
          <lisID>887</lisID>
          <gpoId>8048</gpoId>
        </identifiers>
        <fullName>Rep. Pallone, Frank, Jr. [D-NJ-6]</fullName>
        <middleName />
        <sponsorshipWithdrawnDate />
        <firstName>FRANK</firstName>
        <sponsorshipDate>2017-04-06</sponsorshipDate>
        <party>D</party>
        <lastName>PALLONE</lastName>
      </item>
      <item>
        <isOriginalCosponsor>True</isOriginalCosponsor>
        <bioguideId>P000608</bioguideId>
        <district>52</district>
        <state>CA</state>
        <identifiers>
          <lisID>2113</lisID>
          <bioguideId>P000608</bioguideId>
          <gpoId />
        </identifiers>
        <fullName>Rep. Peters, Scott H. [D-CA-52]</fullName>
        <middleName>H.</middleName>
        <sponsorshipWithdrawnDate />
        <firstName>Scott</firstName>
        <sponsorshipDate>2017-04-06</sponsorshipDate>
        <party>D</party>
        <lastName>Peters</lastName>
      </item>
      <item>
        <isOriginalCosponsor>True</isOriginalCosponsor>
        <bioguideId>P000607</bioguideId>
        <district>2</district>
        <state>WI</state>
        <identifiers>
          <gpoId />
          <bioguideId>P000607</bioguideId>
          <lisID>2171</lisID>
        </identifiers>
        <fullName>Rep. Pocan, Mark [D-WI-2]</fullName>
        <middleName />
        <sponsorshipWithdrawnDate />
        <firstName>Mark</firstName>
        <sponsorshipDate>2017-04-06</sponsorshipDate>
        <party>D</party>
        <lastName>Pocan</lastName>
      </item>
      <item>
        <isOriginalCosponsor>True</isOriginalCosponsor>
        <bioguideId>P000523</bioguideId>
        <district>4</district>
        <state>NC</state>
        <identifiers>
          <gpoId>8027</gpoId>
          <lisID>930</lisID>
          <bioguideId>P000523</bioguideId>
        </identifiers>
        <fullName>Rep. Price, David E. [D-NC-4]</fullName>
        <middleName>E.</middleName>
        <sponsorshipWithdrawnDate />
        <firstName>DAVID</firstName>
        <sponsorshipDate>2017-04-06</sponsorshipDate>
        <party>D</party>
        <lastName>PRICE</lastName>
      </item>
      <item>
        <isOriginalCosponsor>True</isOriginalCosponsor>
        <bioguideId>R000602</bioguideId>
        <district>4</district>
        <state>NY</state>
        <identifiers>
          <bioguideId>R000602</bioguideId>
          <gpoId />
          <lisID>2262</lisID>
        </identifiers>
        <fullName>Rep. Rice, Kathleen M. [D-NY-4]</fullName>
        <middleName>M.</middleName>
        <sponsorshipWithdrawnDate />
        <firstName>Kathleen</firstName>
        <sponsorshipDate>2017-04-06</sponsorshipDate>
        <party>D</party>
        <lastName>Rice</lastName>
      </item>
      <item>
        <isOriginalCosponsor>True</isOriginalCosponsor>
        <bioguideId>S001156</bioguideId>
        <district>38</district>
        <state>CA</state>
        <identifiers>
          <bioguideId>S001156</bioguideId>
          <lisID>1757</lisID>
          <gpoId>7844</gpoId>
        </identifiers>
        <fullName>Rep. Sanchez, Linda T. [D-CA-38]</fullName>
        <middleName>T.</middleName>
        <sponsorshipWithdrawnDate />
        <firstName>LINDA</firstName>
        <sponsorshipDate>2017-04-06</sponsorshipDate>
        <party>D</party>
        <lastName>SANCHEZ</lastName>
      </item>
      <item>
        <isOriginalCosponsor>True</isOriginalCosponsor>
        <bioguideId>S001191</bioguideId>
        <district>9</district>
        <state>AZ</state>
        <identifiers>
          <lisID>2099</lisID>
          <gpoId />
          <bioguideId>S001191</bioguideId>
        </identifiers>
        <fullName>Rep. Sinema, Kyrsten [D-AZ-9]</fullName>
        <middleName />
        <sponsorshipWithdrawnDate />
        <firstName>Kyrsten</firstName>
        <sponsorshipDate>2017-04-06</sponsorshipDate>
        <party>D</party>
        <lastName>Sinema</lastName>
      </item>
      <item>
        <isOriginalCosponsor>True</isOriginalCosponsor>
        <bioguideId>S000480</bioguideId>
        <district>25</district>
        <state>NY</state>
        <identifiers>
          <lisID>1069</lisID>
          <gpoId>8089</gpoId>
          <bioguideId>S000480</bioguideId>
        </identifiers>
        <fullName>Rep. Slaughter, Louise McIntosh [D-NY-25]</fullName>
        <middleName>M.</middleName>
        <sponsorshipWithdrawnDate />
        <firstName>LOUISE</firstName>
        <sponsorshipDate>2017-04-06</sponsorshipDate>
        <party>D</party>
        <lastName>SLAUGHTER</lastName>
      </item>
      <item>
        <isOriginalCosponsor>True</isOriginalCosponsor>
        <bioguideId>S001175</bioguideId>
        <district>14</district>
        <state>CA</state>
        <identifiers>
          <bioguideId>S001175</bioguideId>
          <lisID>1890</lisID>
          <gpoId>7817</gpoId>
        </identifiers>
        <fullName>Rep. Speier, Jackie [D-CA-14]</fullName>
        <middleName />
        <sponsorshipWithdrawnDate />
        <firstName>Jackie</firstName>
        <sponsorshipDate>2017-04-06</sponsorshipDate>
        <party>D</party>
        <lastName>Speier</lastName>
      </item>
      <item>
        <isOriginalCosponsor>True</isOriginalCosponsor>
        <bioguideId>S001193</bioguideId>
        <district>15</district>
        <state>CA</state>
        <identifiers>
          <bioguideId>S001193</bioguideId>
          <lisID>2104</lisID>
          <gpoId />
        </identifiers>
        <fullName>Rep. Swalwell, Eric [D-CA-15]</fullName>
        <middleName />
        <sponsorshipWithdrawnDate />
        <firstName>Eric</firstName>
        <sponsorshipDate>2017-04-06</sponsorshipDate>
        <party>D</party>
        <lastName>Swalwell</lastName>
      </item>
      <item>
        <isOriginalCosponsor>True</isOriginalCosponsor>
        <bioguideId>T000472</bioguideId>
        <district>41</district>
        <state>CA</state>
        <identifiers>
          <gpoId />
          <bioguideId>T000472</bioguideId>
          <lisID>2110</lisID>
        </identifiers>
        <fullName>Rep. Takano, Mark [D-CA-41]</fullName>
        <middleName />
        <sponsorshipWithdrawnDate />
        <firstName>Mark</firstName>
        <sponsorshipDate>2017-04-06</sponsorshipDate>
        <party>D</party>
        <lastName>Takano</lastName>
      </item>
      <item>
        <isOriginalCosponsor>True</isOriginalCosponsor>
        <bioguideId>T000469</bioguideId>
        <district>20</district>
        <state>NY</state>
        <identifiers>
          <bioguideId>T000469</bioguideId>
          <gpoId>8082</gpoId>
          <lisID>1942</lisID>
        </identifiers>
        <fullName>Rep. Tonko, Paul [D-NY-20]</fullName>
        <middleName />
        <sponsorshipWithdrawnDate />
        <firstName>Paul</firstName>
        <sponsorshipDate>2017-04-06</sponsorshipDate>
        <party>D</party>
        <lastName>Tonko</lastName>
      </item>
      <item>
        <isOriginalCosponsor>True</isOriginalCosponsor>
        <bioguideId>T000465</bioguideId>
        <district>3</district>
        <state>MA</state>
        <identifiers>
          <gpoId>7970</gpoId>
          <lisID>1884</lisID>
          <bioguideId>T000465</bioguideId>
        </identifiers>
        <fullName>Rep. Tsongas, Niki [D-MA-3]</fullName>
        <middleName />
        <sponsorshipWithdrawnDate />
        <firstName>Niki</firstName>
        <sponsorshipDate>2017-04-06</sponsorshipDate>
        <party>D</party>
        <lastName>Tsongas</lastName>
      </item>
      <item>
        <isOriginalCosponsor>True</isOriginalCosponsor>
        <bioguideId>W000797</bioguideId>
        <district>23</district>
        <state>FL</state>
        <identifiers>
          <lisID>1777</lisID>
          <gpoId>7892</gpoId>
          <bioguideId>W000797</bioguideId>
        </identifiers>
        <fullName>Rep. Wasserman Schultz, Debbie [D-FL-23]</fullName>
        <middleName />
        <sponsorshipWithdrawnDate />
        <firstName>Debbie</firstName>
        <sponsorshipDate>2017-04-06</sponsorshipDate>
        <party>D</party>
        <lastName>Wasserman Schultz</lastName>
      </item>
      <item>
        <isOriginalCosponsor>True</isOriginalCosponsor>
        <bioguideId>W000800</bioguideId>
        <district>0</district>
        <state>VT</state>
        <identifiers>
          <lisID>1879</lisID>
          <gpoId>8204</gpoId>
          <bioguideId>W000800</bioguideId>
        </identifiers>
        <fullName>Rep. Welch, Peter [D-VT-At Large]</fullName>
        <middleName />
        <sponsorshipWithdrawnDate />
        <firstName>Peter</firstName>
        <sponsorshipDate>2017-04-06</sponsorshipDate>
        <party>D</party>
        <lastName>Welch</lastName>
      </item>
      <item>
        <isOriginalCosponsor>True</isOriginalCosponsor>
        <bioguideId>W000808</bioguideId>
        <district>24</district>
        <state>FL</state>
        <identifiers>
          <bioguideId>W000808</bioguideId>
          <lisID>2004</lisID>
          <gpoId>7889</gpoId>
        </identifiers>
        <fullName>Rep. Wilson, Frederica S. [D-FL-24]</fullName>
        <middleName>S.</middleName>
        <sponsorshipWithdrawnDate />
        <firstName>Frederica</firstName>
        <sponsorshipDate>2017-04-06</sponsorshipDate>
        <party>D</party>
        <lastName>Wilson</lastName>
      </item>
      <item>
        <isOriginalCosponsor>True</isOriginalCosponsor>
        <bioguideId>M001185</bioguideId>
        <district>18</district>
        <state>NY</state>
        <identifiers>
          <bioguideId>M001185</bioguideId>
          <lisID>2150</lisID>
          <gpoId />
        </identifiers>
        <fullName>Rep. Maloney, Sean Patrick [D-NY-18]</fullName>
        <middleName>Patrick</middleName>
        <sponsorshipWithdrawnDate />
        <firstName>Sean</firstName>
        <sponsorshipDate>2017-04-06</sponsorshipDate>
        <party>D</party>
        <lastName>Maloney</lastName>
      </item>
      <item>
        <isOriginalCosponsor>True</isOriginalCosponsor>
        <bioguideId>P000598</bioguideId>
        <district>2</district>
        <state>CO</state>
        <identifiers>
          <bioguideId>P000598</bioguideId>
          <lisID>1910</lisID>
          <gpoId>7860</gpoId>
        </identifiers>
        <fullName>Rep. Polis, Jared [D-CO-2]</fullName>
        <middleName />
        <sponsorshipWithdrawnDate />
        <firstName>Jared</firstName>
        <sponsorshipDate>2017-04-06</sponsorshipDate>
        <party>D</party>
        <lastName>Polis</lastName>
      </item>
      <item>
        <isOriginalCosponsor>False</isOriginalCosponsor>
        <bioguideId>E000297</bioguideId>
        <district>13</district>
        <state>NY</state>
        <identifiers>
          <bioguideId>E000297</bioguideId>
          <lisID>2342</lisID>
          <gpoId />
        </identifiers>
        <fullName>Rep. Espaillat, Adriano [D-NY-13]</fullName>
        <middleName />
        <sponsorshipWithdrawnDate />
        <firstName>Adriano</firstName>
        <sponsorshipDate>2017-04-12</sponsorshipDate>
        <party>D</party>
        <lastName>Espaillat</lastName>
      </item>
      <item>
        <isOriginalCosponsor>False</isOriginalCosponsor>
        <bioguideId>C001101</bioguideId>
        <district>5</district>
        <state>MA</state>
        <identifiers>
          <lisID>2196</lisID>
          <gpoId />
          <bioguideId>C001101</bioguideId>
        </identifiers>
        <fullName>Rep. Clark, Katherine M. [D-MA-5]</fullName>
        <middleName>M.</middleName>
        <sponsorshipWithdrawnDate />
        <firstName>Katherine</firstName>
        <sponsorshipDate>2017-04-12</sponsorshipDate>
        <party>D</party>
        <lastName>Clark</lastName>
      </item>
      <item>
        <isOriginalCosponsor>False</isOriginalCosponsor>
        <bioguideId>D000623</bioguideId>
        <district>11</district>
        <state>CA</state>
        <identifiers>
          <gpoId />
          <lisID>2227</lisID>
          <bioguideId>D000623</bioguideId>
        </identifiers>
        <fullName>Rep. DeSaulnier, Mark [D-CA-11]</fullName>
        <middleName />
        <sponsorshipWithdrawnDate />
        <firstName>Mark</firstName>
        <sponsorshipDate>2017-05-03</sponsorshipDate>
        <party>D</party>
        <lastName>DeSaulnier</lastName>
      </item>
      <item>
        <isOriginalCosponsor>False</isOriginalCosponsor>
        <bioguideId>L000480</bioguideId>
        <district>17</district>
        <state>NY</state>
        <identifiers>
          <bioguideId>L000480</bioguideId>
          <lisID>709</lisID>
          <gpoId>8079</gpoId>
        </identifiers>
        <fullName>Rep. Lowey, Nita M. [D-NY-17]</fullName>
        <middleName>M.</middleName>
        <sponsorshipWithdrawnDate />
        <firstName>NITA</firstName>
        <sponsorshipDate>2017-06-12</sponsorshipDate>
        <party>D</party>
        <lastName>LOWEY</lastName>
      </item>
      <item>
        <isOriginalCosponsor>False</isOriginalCosponsor>
        <bioguideId>B000574</bioguideId>
        <district>3</district>
        <state>OR</state>
        <identifiers>
          <bioguideId>B000574</bioguideId>
          <lisID>99</lisID>
          <gpoId>8116</gpoId>
        </identifiers>
        <fullName>Rep. Blumenauer, Earl [D-OR-3]</fullName>
        <middleName />
        <sponsorshipWithdrawnDate />
        <firstName>EARL</firstName>
        <sponsorshipDate>2017-06-13</sponsorshipDate>
        <party>D</party>
        <lastName>BLUMENAUER</lastName>
      </item>
      <item>
        <isOriginalCosponsor>False</isOriginalCosponsor>
        <bioguideId>W000822</bioguideId>
        <district>12</district>
        <state>NJ</state>
        <identifiers>
          <gpoId />
          <lisID>2259</lisID>
          <bioguideId>W000822</bioguideId>
        </identifiers>
        <fullName>Rep. Watson Coleman, Bonnie [D-NJ-12]</fullName>
        <middleName />
        <sponsorshipWithdrawnDate />
        <firstName>Bonnie</firstName>
        <sponsorshipDate>2018-02-27</sponsorshipDate>
        <party>D</party>
        <lastName>Watson Coleman</lastName>
      </item>
    </cosponsors>
    <introducedDate>2017-04-06</introducedDate>
    <committees>
      <billCommittees>
        <item>
          <systemCode>hsju00</systemCode>
          <activities>
            <item>
              <name>Referred to</name>
              <date>2017-04-06T13:04:05Z</date>
            </item>
          </activities>
          <subcommittees />
          <type>Standing</type>
          <name>Judiciary Committee</name>
          <chamber>House</chamber>
        </item>
        <item>
          <systemCode>hsed00</systemCode>
          <activities>
            <item>
              <name>Referred to</name>
              <date>2017-04-06T13:04:00Z</date>
            </item>
          </activities>
          <subcommittees />
          <type>Standing</type>
          <name>Education and the Workforce Committee</name>
          <chamber>House</chamber>
        </item>
      </billCommittees>
    </committees>
    <laws />
    <cboCostEstimates />
    <sponsors>
      <item>
        <firstName>ELIOT</firstName>
        <party>D</party>
        <byRequestType />
        <bioguideId>E000179</bioguideId>
        <identifiers>
          <gpoId>8078</gpoId>
          <bioguideId>E000179</bioguideId>
          <lisID>344</lisID>
        </identifiers>
        <lastName>ENGEL</lastName>
        <state>NY</state>
        <district>16</district>
        <fullName>Rep. Engel, Eliot L. [D-NY-16]</fullName>
        <middleName>L.</middleName>
      </item>
    </sponsors>
    <createDate>2017-04-07T03:11:45Z</createDate>
    <billNumber>49</billNumber>
    <congress>115</congress>
    <subjects>
      <billSubjects>
        <legislativeSubjects>
          <item>
            <name>Assault and harassment offenses</name>
          </item>
          <item>
            <name>Commemorative events and holidays</name>
          </item>
          <item>
            <name>Elementary and secondary education</name>
          </item>
          <item>
            <name>Higher education</name>
          </item>
          <item>
            <name>Sex, gender, sexual orientation discrimination</name>
          </item>
          <item>
            <name>State and local government operations</name>
          </item>
          <item>
            <name>Teaching, teachers, curricula</name>
          </item>
        </legislativeSubjects>
        <policyArea>
          <name>Education</name>
        </policyArea>
      </billSubjects>
    </subjects>
    <billType>HCONRES</billType>
    <committeeReports />
    <policyArea>
      <name>Education</name>
    </policyArea>
    <relatedBills />
    <title>Supporting the goals and ideals of GLSEN's 2017 Day of Silence in bringing attention to anti-lesbian, gay, bisexual, transgender, and queer name-calling, bullying, and harassment faced by individuals in schools.</title>
    <titles>
      <item>
        <title>Supporting the goals and ideals of GLSEN's 2017 Day of Silence in bringing attention to anti-lesbian, gay, bisexual, transgender, and queer name-calling, bullying, and harassment faced by individuals in schools.</title>
        <chamberCode />
        <titleType>Official Title as Introduced</titleType>
        <parentTitleType />
        <chamberName />
      </item>
      <item>
        <title>Supporting the goals and ideals of GLSEN's 2017 Day of Silence in bringing attention to anti-lesbian, gay, bisexual, transgender, and queer name-calling, bullying, and harassment faced by individuals in schools.</title>
        <chamberCode />
        <titleType>Display Title</titleType>
        <parentTitleType />
        <chamberName />
      </item>
    </titles>
    <summaries>
      <billSummaries>
        <item>
          <versionCode>00</versionCode>
          <actionDate>2017-04-06</actionDate>
          <actionDesc>Introduced in House</actionDesc>
          <text><![CDATA[<p>Supports the goals and ideals of the National Day of Silence (during which students vow to remain silent to bring attention to the harassment and discrimination faced by lesbian, gay, bisexual, transgender, and gay people in schools). Requests the President to issue a proclamation calling on the people of the United States to observe the GLSEN's Day of Silence.</p> <p>Encourages each state, city, and local educational agency to adopt laws and policies to prohibit name-calling, bullying, harassment, and discrimination against students, teachers, and other school staff regardless of their sexual orientation and gender identity or gender expression. </p>]]></text>
          <lastSummaryUpdateDate>2017-05-02T15:27:26Z</lastSummaryUpdateDate>
          <name>Introduced in House</name>
          <updateDate>2017-04-06T04:00:00Z</updateDate>
        </item>
      </billSummaries>
    </summaries>
    <latestAction>
      <actionDate>2017-04-06</actionDate>
      <links />
      <text>Referred to the Committee on Education and the Workforce, and in addition to the Committee on the Judiciary, for a period to be subsequently determined by the Speaker, in each case for consideration of such provisions as fall within the jurisdiction of the committee concerned.</text>
    </latestAction>
    <calendarNumbers />
    <recordedVotes />
    <updateDate>2018-02-28T08:15:20Z</updateDate>
    <amendments />
    <constitutionalAuthorityStatementText />
    <version>1.0.0</version>
    <actions>
      <actionByCounts>
        <houseOfRepresentatives>5</houseOfRepresentatives>
      </actionByCounts>
      <actionTypeCounts>
        <introducedInHouse>1</introducedInHouse>
        <billReferralsAggregate>1</billReferralsAggregate>
        <billReferrals>2</billReferrals>
        <introducedInTheHouse>1</introducedInTheHouse>
      </actionTypeCounts>
      <item>
        <links />
        <committee>
          <name>Judiciary Committee</name>
          <systemCode>hsju00</systemCode>
        </committee>
        <actionDate>2017-04-06</actionDate>
        <text>Referred to the Committee on Education and the Workforce, and in addition to the Committee on the Judiciary, for a period to be subsequently determined by the Speaker, in each case for consideration of such provisions as fall within the jurisdiction of the committee concerned.</text>
        <sourceSystem>
          <name>House floor actions</name>
          <code>2</code>
        </sourceSystem>
        <type>IntroReferral</type>
        <actionCode>H11100</actionCode>
      </item>
      <item>
        <links />
        <committee>
          <name>Education and the Workforce Committee</name>
          <systemCode>hsed00</systemCode>
        </committee>
        <actionDate>2017-04-06</actionDate>
        <text>Referred to the Committee on Education and the Workforce, and in addition to the Committee on the Judiciary, for a period to be subsequently determined by the Speaker, in each case for consideration of such provisions as fall within the jurisdiction of the committee concerned.</text>
        <sourceSystem>
          <name>House floor actions</name>
          <code>2</code>
        </sourceSystem>
        <type>IntroReferral</type>
        <actionCode>H11100</actionCode>
      </item>
      <item>
        <links />
        <committee />
        <actionDate>2017-04-06</actionDate>
        <text>Referred to the Committee on Education and the Workforce, and in addition to the Committee on the Judiciary, for a period to be subsequently determined by the Speaker, in each case for consideration of such provisions as fall within the jurisdiction of the committee concerned.</text>
        <sourceSystem>
          <name>Library of Congress</name>
          <code>9</code>
        </sourceSystem>
        <type>IntroReferral</type>
        <actionCode>H11100-A</actionCode>
      </item>
      <item>
        <links />
        <committee />
        <actionDate>2017-04-06</actionDate>
        <text>Introduced in House</text>
        <sourceSystem>
          <name>Library of Congress</name>
          <code>9</code>
        </sourceSystem>
        <type>IntroReferral</type>
        <actionCode>Intro-H</actionCode>
      </item>
      <item>
        <links />
        <committee />
        <actionDate>2017-04-06</actionDate>
        <text>Introduced in House</text>
        <sourceSystem>
          <name>Library of Congress</name>
          <code>9</code>
        </sourceSystem>
        <type>IntroReferral</type>
        <actionCode>1000</actionCode>
      </item>
    </actions>
    <originChamber>House</originChamber>
  </bill>
  <dublinCore xmlns:dc="http://purl.org/dc/elements/1.1/">
    <dc:format>text/xml</dc:format>
    <dc:language>EN</dc:language>
    <dc:rights>Pursuant to Title 17 Section 105 of the United States Code, this file is not subject to copyright protection and is in the public domain.</dc:rights>
    <dc:contributor>Congressional Research Service, Library of Congress</dc:contributor>
    <dc:description>This file contains bill summaries and statuses for federal legislation. A bill summary describes the most significant provisions of a piece of legislation and details the effects the legislative text may have on current law and federal programs. Bill summaries are authored by the Congressional Research Service (CRS) of the Library of Congress. As stated in Public Law 91-510 (2 USC 166 (d)(6)), one of the duties of CRS is "to prepare summaries and digests of bills and resolutions of a public general nature introduced in the Senate or House of Representatives". For more information, refer to the User Guide that accompanies this file.</dc:description>
  </dublinCore>
</billStatus>

