<?xml version="1.0" encoding="UTF-8"?>
<billStatus>
  <bill>
    <cosponsors>
      <item>
        <state>CA</state>
        <identifiers>
          <gpoId>7840</gpoId>
          <bioguideId>W000187</bioguideId>
          <lisID>1205</lisID>
        </identifiers>
        <district>43</district>
        <sponsorshipDate>2017-07-27</sponsorshipDate>
        <lastName>WATERS</lastName>
        <fullName>Rep. Waters, Maxine [D-CA-43]</fullName>
        <middleName />
        <party>D</party>
        <sponsorshipWithdrawnDate />
        <bioguideId>W000187</bioguideId>
        <firstName>MAXINE</firstName>
        <isOriginalCosponsor>True</isOriginalCosponsor>
      </item>
      <item>
        <state>OH</state>
        <identifiers>
          <lisID>2153</lisID>
          <bioguideId>B001281</bioguideId>
          <gpoId />
        </identifiers>
        <district>3</district>
        <sponsorshipDate>2017-07-27</sponsorshipDate>
        <lastName>Beatty</lastName>
        <fullName>Rep. Beatty, Joyce [D-OH-3]</fullName>
        <middleName />
        <party>D</party>
        <sponsorshipWithdrawnDate />
        <bioguideId>B001281</bioguideId>
        <firstName>Joyce</firstName>
        <isOriginalCosponsor>True</isOriginalCosponsor>
      </item>
      <item>
        <state>NY</state>
        <identifiers>
          <bioguideId>V000081</bioguideId>
          <lisID>1184</lisID>
          <gpoId>8073</gpoId>
        </identifiers>
        <district>7</district>
        <sponsorshipDate>2017-07-27</sponsorshipDate>
        <lastName>VELAZQUEZ</lastName>
        <fullName>Rep. Velazquez, Nydia M. [D-NY-7]</fullName>
        <middleName>M.</middleName>
        <party>D</party>
        <sponsorshipWithdrawnDate />
        <bioguideId>V000081</bioguideId>
        <firstName>NYDIA</firstName>
        <isOriginalCosponsor>True</isOriginalCosponsor>
      </item>
      <item>
        <state>TX</state>
        <identifiers>
          <lisID>1803</lisID>
          <gpoId>8165</gpoId>
          <bioguideId>G000553</bioguideId>
        </identifiers>
        <district>9</district>
        <sponsorshipDate>2017-07-27</sponsorshipDate>
        <lastName>Green</lastName>
        <fullName>Rep. Green, Al [D-TX-9]</fullName>
        <middleName />
        <party>D</party>
        <sponsorshipWithdrawnDate />
        <bioguideId>G000553</bioguideId>
        <firstName>Al</firstName>
        <isOriginalCosponsor>True</isOriginalCosponsor>
      </item>
      <item>
        <state>MN</state>
        <identifiers>
          <bioguideId>E000288</bioguideId>
          <gpoId>8005</gpoId>
          <lisID>1857</lisID>
        </identifiers>
        <district>5</district>
        <sponsorshipDate>2017-07-27</sponsorshipDate>
        <lastName>Ellison</lastName>
        <fullName>Rep. Ellison, Keith [D-MN-5]</fullName>
        <middleName />
        <party>D</party>
        <sponsorshipWithdrawnDate />
        <bioguideId>E000288</bioguideId>
        <firstName>Keith</firstName>
        <isOriginalCosponsor>True</isOriginalCosponsor>
      </item>
      <item>
        <state>WI</state>
        <identifiers>
          <bioguideId>M001160</bioguideId>
          <lisID>1811</lisID>
          <gpoId>8217</gpoId>
        </identifiers>
        <district>4</district>
        <sponsorshipDate>2017-12-12</sponsorshipDate>
        <lastName>Moore</lastName>
        <fullName>Rep. Moore, Gwen [D-WI-4]</fullName>
        <middleName />
        <party>D</party>
        <sponsorshipWithdrawnDate />
        <bioguideId>M001160</bioguideId>
        <firstName>Gwen</firstName>
        <isOriginalCosponsor>False</isOriginalCosponsor>
      </item>
    </cosponsors>
    <congress>115</congress>
    <committees>
      <billCommittees>
        <item>
          <systemCode>hsju00</systemCode>
          <name>Judiciary Committee</name>
          <type>Standing</type>
          <activities>
            <item>
              <name>Referred to</name>
              <date>2017-07-27T14:11:35Z</date>
            </item>
          </activities>
          <chamber>House</chamber>
          <subcommittees />
        </item>
        <item>
          <systemCode>hsbu00</systemCode>
          <name>Budget Committee</name>
          <type>Standing</type>
          <activities>
            <item>
              <name>Referred to</name>
              <date>2017-07-27T14:11:30Z</date>
            </item>
          </activities>
          <chamber>House</chamber>
          <subcommittees />
        </item>
        <item>
          <systemCode>hsba00</systemCode>
          <name>Financial Services Committee</name>
          <type>Standing</type>
          <activities>
            <item>
              <name>Referred to</name>
              <date>2017-07-27T14:11:25Z</date>
            </item>
          </activities>
          <chamber>House</chamber>
          <subcommittees />
        </item>
      </billCommittees>
    </committees>
    <constitutionalAuthorityStatementText />
    <laws />
    <titles>
      <item>
        <chamberCode />
        <titleType>Official Title as Introduced</titleType>
        <parentTitleType />
        <chamberName />
        <title>Affirming the right of all renters to a safe, affordable, and decent home.</title>
      </item>
      <item>
        <chamberCode />
        <titleType>Display Title</titleType>
        <parentTitleType />
        <chamberName />
        <title>Affirming the right of all renters to a safe, affordable, and decent home.</title>
      </item>
    </titles>
    <billType>HCONRES</billType>
    <amendments />
    <recordedVotes />
    <actions>
      <actionTypeCounts>
        <introducedInTheHouse>1</introducedInTheHouse>
        <introducedInHouse>1</introducedInHouse>
        <billReferrals>3</billReferrals>
      </actionTypeCounts>
      <item>
        <text>Referred to the Committee on Financial Services, and in addition to the Committees on the Budget, and the Judiciary, for a period to be subsequently determined by the Speaker, in each case for consideration of such provisions as fall within the jurisdiction of the committee concerned.</text>
        <links />
        <actionDate>2017-07-27</actionDate>
        <committee>
          <systemCode>hsju00</systemCode>
          <name>Judiciary Committee</name>
        </committee>
        <sourceSystem>
          <name>House floor actions</name>
          <code>2</code>
        </sourceSystem>
        <type>IntroReferral</type>
        <actionCode>H11100</actionCode>
      </item>
      <item>
        <text>Referred to the Committee on Financial Services, and in addition to the Committees on the Budget, and the Judiciary, for a period to be subsequently determined by the Speaker, in each case for consideration of such provisions as fall within the jurisdiction of the committee concerned.</text>
        <links />
        <actionDate>2017-07-27</actionDate>
        <committee>
          <systemCode>hsbu00</systemCode>
          <name>Budget Committee</name>
        </committee>
        <sourceSystem>
          <name>House floor actions</name>
          <code>2</code>
        </sourceSystem>
        <type>IntroReferral</type>
        <actionCode>H11100</actionCode>
      </item>
      <item>
        <text>Referred to the Committee on Financial Services, and in addition to the Committees on the Budget, and the Judiciary, for a period to be subsequently determined by the Speaker, in each case for consideration of such provisions as fall within the jurisdiction of the committee concerned.</text>
        <links />
        <actionDate>2017-07-27</actionDate>
        <committee>
          <systemCode>hsba00</systemCode>
          <name>Financial Services Committee</name>
        </committee>
        <sourceSystem>
          <name>House floor actions</name>
          <code>2</code>
        </sourceSystem>
        <type>IntroReferral</type>
        <actionCode>H11100</actionCode>
      </item>
      <item>
        <text>Introduced in House</text>
        <links />
        <actionDate>2017-07-27</actionDate>
        <committee />
        <sourceSystem>
          <name>Library of Congress</name>
          <code>9</code>
        </sourceSystem>
        <type>IntroReferral</type>
        <actionCode>Intro-H</actionCode>
      </item>
      <item>
        <text>Introduced in House</text>
        <links />
        <actionDate>2017-07-27</actionDate>
        <committee />
        <sourceSystem>
          <name>Library of Congress</name>
          <code>9</code>
        </sourceSystem>
        <type>IntroReferral</type>
        <actionCode>1000</actionCode>
      </item>
      <actionByCounts>
        <houseOfRepresentatives>5</houseOfRepresentatives>
      </actionByCounts>
    </actions>
    <introducedDate>2017-07-27</introducedDate>
    <relatedBills />
    <committeeReports />
    <calendarNumbers />
    <billNumber>74</billNumber>
    <summaries>
      <billSummaries>
        <item>
          <text><![CDATA[<p> Supports:</p> <ul> <li> lifting the spending caps required by the Budget Control Act of 2011 and robustly funding programs to increase access to affordable housing and address homelessness at the Department of Housing and Urban Development and other federal agencies, and</li> <li>increased funding to the Public Housing Capital Fund to address the backlog of capital repairs for public housing.</li> </ul> <p>Opposes any cuts to federal investments in affordable federal housing programs.</p>]]></text>
          <name>Introduced in House</name>
          <lastSummaryUpdateDate>2017-09-28T18:07:58Z</lastSummaryUpdateDate>
          <versionCode>00</versionCode>
          <actionDesc>Introduced in House</actionDesc>
          <updateDate>2017-07-27T04:00:00Z</updateDate>
          <actionDate>2017-07-27</actionDate>
        </item>
      </billSummaries>
    </summaries>
    <cboCostEstimates />
    <updateDate>2018-02-06T16:39:27Z</updateDate>
    <policyArea>
      <name>Housing and Community Development</name>
    </policyArea>
    <latestAction>
      <text>Referred to the Committee on Financial Services, and in addition to the Committees on the Budget, and the Judiciary, for a period to be subsequently determined by the Speaker, in each case for consideration of such provisions as fall within the jurisdiction of the committee concerned.</text>
      <actionDate>2017-07-27</actionDate>
      <links />
    </latestAction>
    <version>1.0.0</version>
    <subjects>
      <billSubjects>
        <legislativeSubjects>
          <item>
            <name>Criminal justice information and records</name>
          </item>
          <item>
            <name>Department of Housing and Urban Development</name>
          </item>
          <item>
            <name>Executive agency funding and structure</name>
          </item>
          <item>
            <name>Government trust funds</name>
          </item>
          <item>
            <name>Homelessness and emergency shelter</name>
          </item>
          <item>
            <name>Housing and community development funding</name>
          </item>
          <item>
            <name>Housing discrimination</name>
          </item>
          <item>
            <name>Housing supply and affordability</name>
          </item>
          <item>
            <name>Human rights</name>
          </item>
          <item>
            <name>Low- and moderate-income housing</name>
          </item>
          <item>
            <name>Public housing</name>
          </item>
          <item>
            <name>Residential rehabilitation and home repair</name>
          </item>
          <item>
            <name>State and local government operations</name>
          </item>
        </legislativeSubjects>
        <policyArea>
          <name>Housing and Community Development</name>
        </policyArea>
      </billSubjects>
    </subjects>
    <title>Affirming the right of all renters to a safe, affordable, and decent home.</title>
    <originChamber>House</originChamber>
    <sponsors>
      <item>
        <byRequestType />
        <district>13</district>
        <party>D</party>
        <fullName>Rep. Lee, Barbara [D-CA-13]</fullName>
        <lastName>LEE</lastName>
        <state>CA</state>
        <bioguideId>L000551</bioguideId>
        <middleName />
        <firstName>BARBARA</firstName>
        <identifiers>
          <bioguideId>L000551</bioguideId>
          <gpoId>7814</gpoId>
          <lisID>1501</lisID>
        </identifiers>
      </item>
    </sponsors>
    <notes />
    <createDate>2017-07-28T03:11:31Z</createDate>
  </bill>
  <dublinCore xmlns:dc="http://purl.org/dc/elements/1.1/">
    <dc:format>text/xml</dc:format>
    <dc:language>EN</dc:language>
    <dc:rights>Pursuant to Title 17 Section 105 of the United States Code, this file is not subject to copyright protection and is in the public domain.</dc:rights>
    <dc:contributor>Congressional Research Service, Library of Congress</dc:contributor>
    <dc:description>This file contains bill summaries and statuses for federal legislation. A bill summary describes the most significant provisions of a piece of legislation and details the effects the legislative text may have on current law and federal programs. Bill summaries are authored by the Congressional Research Service (CRS) of the Library of Congress. As stated in Public Law 91-510 (2 USC 166 (d)(6)), one of the duties of CRS is "to prepare summaries and digests of bills and resolutions of a public general nature introduced in the Senate or House of Representatives". For more information, refer to the User Guide that accompanies this file.</dc:description>
  </dublinCore>
</billStatus>

