<?xml version="1.0" encoding="UTF-8"?>
<billStatus>
  <bill>
    <notes />
    <cosponsors>
      <item>
        <sponsorshipDate>2017-12-04</sponsorshipDate>
        <sponsorshipWithdrawnDate />
        <identifiers>
          <gpoId>7890</gpoId>
          <lisID>985</lisID>
          <bioguideId>R000435</bioguideId>
        </identifiers>
        <isOriginalCosponsor>True</isOriginalCosponsor>
        <fullName>Rep. Ros-Lehtinen, Ileana [R-FL-27]</fullName>
        <middleName />
        <bioguideId>R000435</bioguideId>
        <firstName>ILEANA</firstName>
        <party>R</party>
        <lastName>ROS-LEHTINEN</lastName>
        <district>27</district>
        <state>FL</state>
      </item>
      <item>
        <sponsorshipDate>2017-12-04</sponsorshipDate>
        <sponsorshipWithdrawnDate />
        <identifiers>
          <lisID>2114</lisID>
          <bioguideId>E000293</bioguideId>
          <gpoId />
        </identifiers>
        <isOriginalCosponsor>True</isOriginalCosponsor>
        <fullName>Rep. Esty, Elizabeth H. [D-CT-5]</fullName>
        <middleName>H.</middleName>
        <bioguideId>E000293</bioguideId>
        <firstName>Elizabeth</firstName>
        <party>D</party>
        <lastName>Esty</lastName>
        <district>5</district>
        <state>CT</state>
      </item>
      <item>
        <sponsorshipDate>2017-12-04</sponsorshipDate>
        <sponsorshipWithdrawnDate />
        <identifiers>
          <lisID>1857</lisID>
          <gpoId>8005</gpoId>
          <bioguideId>E000288</bioguideId>
        </identifiers>
        <isOriginalCosponsor>True</isOriginalCosponsor>
        <fullName>Rep. Ellison, Keith [D-MN-5]</fullName>
        <middleName />
        <bioguideId>E000288</bioguideId>
        <firstName>Keith</firstName>
        <party>D</party>
        <lastName>Ellison</lastName>
        <district>5</district>
        <state>MN</state>
      </item>
      <item>
        <sponsorshipDate>2017-12-04</sponsorshipDate>
        <sponsorshipWithdrawnDate />
        <identifiers>
          <lisID>1889</lisID>
          <gpoId>7946</gpoId>
          <bioguideId>C001072</bioguideId>
        </identifiers>
        <isOriginalCosponsor>True</isOriginalCosponsor>
        <fullName>Rep. Carson, Andre [D-IN-7]</fullName>
        <middleName />
        <bioguideId>C001072</bioguideId>
        <firstName>Andre</firstName>
        <party>D</party>
        <lastName>Carson</lastName>
        <district>7</district>
        <state>IN</state>
      </item>
      <item>
        <sponsorshipDate>2017-12-04</sponsorshipDate>
        <sponsorshipWithdrawnDate />
        <identifiers>
          <bioguideId>W000797</bioguideId>
          <lisID>1777</lisID>
          <gpoId>7892</gpoId>
        </identifiers>
        <isOriginalCosponsor>True</isOriginalCosponsor>
        <fullName>Rep. Wasserman Schultz, Debbie [D-FL-23]</fullName>
        <middleName />
        <bioguideId>W000797</bioguideId>
        <firstName>Debbie</firstName>
        <party>D</party>
        <lastName>Wasserman Schultz</lastName>
        <district>23</district>
        <state>FL</state>
      </item>
      <item>
        <sponsorshipDate>2017-12-04</sponsorshipDate>
        <sponsorshipWithdrawnDate />
        <identifiers>
          <gpoId />
          <bioguideId>W000822</bioguideId>
          <lisID>2259</lisID>
        </identifiers>
        <isOriginalCosponsor>True</isOriginalCosponsor>
        <fullName>Rep. Watson Coleman, Bonnie [D-NJ-12]</fullName>
        <middleName />
        <bioguideId>W000822</bioguideId>
        <firstName>Bonnie</firstName>
        <party>D</party>
        <lastName>Watson Coleman</lastName>
        <district>12</district>
        <state>NJ</state>
      </item>
      <item>
        <sponsorshipDate>2017-12-04</sponsorshipDate>
        <sponsorshipWithdrawnDate />
        <identifiers>
          <gpoId />
          <lisID>2110</lisID>
          <bioguideId>T000472</bioguideId>
        </identifiers>
        <isOriginalCosponsor>True</isOriginalCosponsor>
        <fullName>Rep. Takano, Mark [D-CA-41]</fullName>
        <middleName />
        <bioguideId>T000472</bioguideId>
        <firstName>Mark</firstName>
        <party>D</party>
        <lastName>Takano</lastName>
        <district>41</district>
        <state>CA</state>
      </item>
      <item>
        <sponsorshipDate>2017-12-04</sponsorshipDate>
        <sponsorshipWithdrawnDate />
        <identifiers>
          <lisID>930</lisID>
          <bioguideId>P000523</bioguideId>
          <gpoId>8027</gpoId>
        </identifiers>
        <isOriginalCosponsor>True</isOriginalCosponsor>
        <fullName>Rep. Price, David E. [D-NC-4]</fullName>
        <middleName>E.</middleName>
        <bioguideId>P000523</bioguideId>
        <firstName>DAVID</firstName>
        <party>D</party>
        <lastName>PRICE</lastName>
        <district>4</district>
        <state>NC</state>
      </item>
      <item>
        <sponsorshipDate>2017-12-04</sponsorshipDate>
        <sponsorshipWithdrawnDate />
        <identifiers>
          <lisID>1976</lisID>
          <bioguideId>D000610</bioguideId>
          <gpoId>7891</gpoId>
        </identifiers>
        <isOriginalCosponsor>True</isOriginalCosponsor>
        <fullName>Rep. Deutch, Theodore E. [D-FL-22]</fullName>
        <middleName>E.</middleName>
        <bioguideId>D000610</bioguideId>
        <firstName>Theodore</firstName>
        <party>D</party>
        <lastName>Deutch</lastName>
        <district>22</district>
        <state>FL</state>
      </item>
      <item>
        <sponsorshipDate>2017-12-04</sponsorshipDate>
        <sponsorshipWithdrawnDate />
        <identifiers>
          <bioguideId>B001281</bioguideId>
          <lisID>2153</lisID>
          <gpoId />
        </identifiers>
        <isOriginalCosponsor>True</isOriginalCosponsor>
        <fullName>Rep. Beatty, Joyce [D-OH-3]</fullName>
        <middleName />
        <bioguideId>B001281</bioguideId>
        <firstName>Joyce</firstName>
        <party>D</party>
        <lastName>Beatty</lastName>
        <district>3</district>
        <state>OH</state>
      </item>
      <item>
        <sponsorshipDate>2017-12-04</sponsorshipDate>
        <sponsorshipWithdrawnDate />
        <identifiers>
          <gpoId>8373</gpoId>
          <bioguideId>P000604</bioguideId>
          <lisID>2097</lisID>
        </identifiers>
        <isOriginalCosponsor>True</isOriginalCosponsor>
        <fullName>Rep. Payne, Donald M., Jr. [D-NJ-10]</fullName>
        <middleName>M.</middleName>
        <bioguideId>P000604</bioguideId>
        <firstName>Donald</firstName>
        <party>D</party>
        <lastName>Payne</lastName>
        <district>10</district>
        <state>NJ</state>
      </item>
      <item>
        <sponsorshipDate>2017-12-04</sponsorshipDate>
        <sponsorshipWithdrawnDate />
        <identifiers>
          <bioguideId>J000032</bioguideId>
          <gpoId>8174</gpoId>
          <lisID>588</lisID>
        </identifiers>
        <isOriginalCosponsor>True</isOriginalCosponsor>
        <fullName>Rep. Jackson Lee, Sheila [D-TX-18]</fullName>
        <middleName />
        <bioguideId>J000032</bioguideId>
        <firstName>SHEILA</firstName>
        <party>D</party>
        <lastName>JACKSON LEE</lastName>
        <district>18</district>
        <state>TX</state>
      </item>
      <item>
        <sponsorshipDate>2017-12-04</sponsorshipDate>
        <sponsorshipWithdrawnDate />
        <identifiers>
          <lisID>2010</lisID>
          <gpoId>7912</gpoId>
          <bioguideId>H001050</bioguideId>
        </identifiers>
        <isOriginalCosponsor>True</isOriginalCosponsor>
        <fullName>Rep. Hanabusa, Colleen [D-HI-1]</fullName>
        <middleName />
        <bioguideId>H001050</bioguideId>
        <firstName>Colleen</firstName>
        <party>D</party>
        <lastName>Hanabusa</lastName>
        <district>1</district>
        <state>HI</state>
      </item>
      <item>
        <sponsorshipDate>2017-12-04</sponsorshipDate>
        <sponsorshipWithdrawnDate />
        <identifiers>
          <gpoId>8156</gpoId>
          <lisID>1878</lisID>
          <bioguideId>C001068</bioguideId>
        </identifiers>
        <isOriginalCosponsor>True</isOriginalCosponsor>
        <fullName>Rep. Cohen, Steve [D-TN-9]</fullName>
        <middleName />
        <bioguideId>C001068</bioguideId>
        <firstName>Steve</firstName>
        <party>D</party>
        <lastName>Cohen</lastName>
        <district>9</district>
        <state>TN</state>
      </item>
      <item>
        <sponsorshipDate>2017-12-04</sponsorshipDate>
        <sponsorshipWithdrawnDate />
        <identifiers>
          <bioguideId>C001067</bioguideId>
          <lisID>1864</lisID>
          <gpoId>8072</gpoId>
        </identifiers>
        <isOriginalCosponsor>True</isOriginalCosponsor>
        <fullName>Rep. Clarke, Yvette D. [D-NY-9]</fullName>
        <middleName>D.</middleName>
        <bioguideId>C001067</bioguideId>
        <firstName>Yvette</firstName>
        <party>D</party>
        <lastName>Clarke</lastName>
        <district>9</district>
        <state>NY</state>
      </item>
      <item>
        <sponsorshipDate>2017-12-04</sponsorshipDate>
        <sponsorshipWithdrawnDate />
        <identifiers>
          <lisID>1653</lisID>
          <bioguideId>M001143</bioguideId>
          <gpoId>8004</gpoId>
        </identifiers>
        <isOriginalCosponsor>True</isOriginalCosponsor>
        <fullName>Rep. McCollum, Betty [D-MN-4]</fullName>
        <middleName />
        <bioguideId>M001143</bioguideId>
        <firstName>BETTY</firstName>
        <party>D</party>
        <lastName>MCCOLLUM</lastName>
        <district>4</district>
        <state>MN</state>
      </item>
      <item>
        <sponsorshipDate>2017-12-04</sponsorshipDate>
        <sponsorshipWithdrawnDate />
        <identifiers>
          <lisID>1042</lisID>
          <gpoId>8077</gpoId>
          <bioguideId>S000248</bioguideId>
        </identifiers>
        <isOriginalCosponsor>True</isOriginalCosponsor>
        <fullName>Rep. Serrano, Jose E. [D-NY-15]</fullName>
        <middleName>E.</middleName>
        <bioguideId>S000248</bioguideId>
        <firstName>JOSE</firstName>
        <party>D</party>
        <lastName>SERRANO</lastName>
        <district>15</district>
        <state>NY</state>
      </item>
      <item>
        <sponsorshipDate>2017-12-04</sponsorshipDate>
        <sponsorshipWithdrawnDate />
        <identifiers>
          <gpoId>7902</gpoId>
          <bioguideId>L000287</bioguideId>
          <lisID>688</lisID>
        </identifiers>
        <isOriginalCosponsor>True</isOriginalCosponsor>
        <fullName>Rep. Lewis, John [D-GA-5]</fullName>
        <middleName />
        <bioguideId>L000287</bioguideId>
        <firstName>JOHN</firstName>
        <party>D</party>
        <lastName>LEWIS</lastName>
        <district>5</district>
        <state>GA</state>
      </item>
      <item>
        <sponsorshipDate>2017-12-04</sponsorshipDate>
        <sponsorshipWithdrawnDate />
        <identifiers>
          <bioguideId>C001084</bioguideId>
          <lisID>2055</lisID>
          <gpoId>8139</gpoId>
        </identifiers>
        <isOriginalCosponsor>True</isOriginalCosponsor>
        <fullName>Rep. Cicilline, David N. [D-RI-1]</fullName>
        <middleName>N.</middleName>
        <bioguideId>C001084</bioguideId>
        <firstName>David</firstName>
        <party>D</party>
        <lastName>Cicilline</lastName>
        <district>1</district>
        <state>RI</state>
      </item>
      <item>
        <sponsorshipDate>2017-12-06</sponsorshipDate>
        <sponsorshipWithdrawnDate />
        <identifiers>
          <gpoId>7838</gpoId>
          <bioguideId>B001270</bioguideId>
          <lisID>1996</lisID>
        </identifiers>
        <isOriginalCosponsor>False</isOriginalCosponsor>
        <fullName>Rep. Bass, Karen [D-CA-37]</fullName>
        <middleName />
        <bioguideId>B001270</bioguideId>
        <firstName>Karen</firstName>
        <party>D</party>
        <lastName>Bass</lastName>
        <district>37</district>
        <state>CA</state>
      </item>
      <item>
        <sponsorshipDate>2017-12-06</sponsorshipDate>
        <sponsorshipWithdrawnDate />
        <identifiers>
          <bioguideId>J000126</bioguideId>
          <gpoId>8186</gpoId>
          <lisID>599</lisID>
        </identifiers>
        <isOriginalCosponsor>False</isOriginalCosponsor>
        <fullName>Rep. Johnson, Eddie Bernice [D-TX-30]</fullName>
        <middleName>BERNICE</middleName>
        <bioguideId>J000126</bioguideId>
        <firstName>EDDIE</firstName>
        <party>D</party>
        <lastName>JOHNSON</lastName>
        <district>30</district>
        <state>TX</state>
      </item>
      <item>
        <sponsorshipDate>2017-12-06</sponsorshipDate>
        <sponsorshipWithdrawnDate />
        <identifiers>
          <gpoId>7871</gpoId>
          <lisID>868</lisID>
          <bioguideId>N000147</bioguideId>
        </identifiers>
        <isOriginalCosponsor>False</isOriginalCosponsor>
        <fullName>Rep. Norton, Eleanor Holmes [D-DC-At Large]</fullName>
        <middleName>HOLMES</middleName>
        <bioguideId>N000147</bioguideId>
        <firstName>ELEANOR</firstName>
        <party>D</party>
        <lastName>NORTON</lastName>
        <district>0</district>
        <state>DC</state>
      </item>
    </cosponsors>
    <introducedDate>2017-12-04</introducedDate>
    <committees>
      <billCommittees>
        <item>
          <systemCode>hsif00</systemCode>
          <name>Energy and Commerce Committee</name>
          <activities>
            <item>
              <name>Referred to</name>
              <date>2017-12-04T23:00:35Z</date>
            </item>
          </activities>
          <chamber>House</chamber>
          <type>Standing</type>
          <subcommittees>
            <item>
              <activities>
                <item>
                  <name>Referred to</name>
                  <date>2017-12-08T16:36:28Z</date>
                </item>
              </activities>
              <systemCode>hsif14</systemCode>
              <name>Health Subcommittee</name>
            </item>
          </subcommittees>
        </item>
        <item>
          <systemCode>hsfa00</systemCode>
          <name>Foreign Affairs Committee</name>
          <activities>
            <item>
              <name>Referred to</name>
              <date>2017-12-04T23:00:40Z</date>
            </item>
          </activities>
          <chamber>House</chamber>
          <type>Standing</type>
          <subcommittees />
        </item>
      </billCommittees>
    </committees>
    <laws />
    <cboCostEstimates />
    <sponsors>
      <item>
        <firstName>BARBARA</firstName>
        <party>D</party>
        <byRequestType />
        <bioguideId>L000551</bioguideId>
        <identifiers>
          <lisID>1501</lisID>
          <bioguideId>L000551</bioguideId>
          <gpoId>7814</gpoId>
        </identifiers>
        <lastName>LEE</lastName>
        <state>CA</state>
        <district>13</district>
        <fullName>Rep. Lee, Barbara [D-CA-13]</fullName>
        <middleName />
      </item>
    </sponsors>
    <createDate>2017-12-05T03:11:06Z</createDate>
    <billNumber>96</billNumber>
    <congress>115</congress>
    <subjects>
      <billSubjects>
        <legislativeSubjects>
          <item>
            <name>Cardiovascular and respiratory health</name>
          </item>
          <item>
            <name>Commemorative events and holidays</name>
          </item>
          <item>
            <name>Congressional tributes</name>
          </item>
          <item>
            <name>Elementary and secondary education</name>
          </item>
          <item>
            <name>Foreign aid and international relief</name>
          </item>
          <item>
            <name>HIV/AIDS</name>
          </item>
          <item>
            <name>Health care coverage and access</name>
          </item>
          <item>
            <name>Health programs administration and funding</name>
          </item>
          <item>
            <name>Health promotion and preventive care</name>
          </item>
          <item>
            <name>Human rights</name>
          </item>
          <item>
            <name>Infectious and parasitic diseases</name>
          </item>
          <item>
            <name>Medical research</name>
          </item>
          <item>
            <name>Medical tests and diagnostic methods</name>
          </item>
          <item>
            <name>News media and reporting</name>
          </item>
          <item>
            <name>Research administration and funding</name>
          </item>
          <item>
            <name>State and local government operations</name>
          </item>
          <item>
            <name>Women's rights</name>
          </item>
          <item>
            <name>World health</name>
          </item>
        </legislativeSubjects>
        <policyArea>
          <name>International Affairs</name>
        </policyArea>
      </billSubjects>
    </subjects>
    <billType>HCONRES</billType>
    <committeeReports />
    <policyArea>
      <name>International Affairs</name>
    </policyArea>
    <relatedBills />
    <title>Supporting the goals and ideals of World AIDS Day.</title>
    <titles>
      <item>
        <titleType>Official Title as Introduced</titleType>
        <chamberCode />
        <parentTitleType />
        <title>Supporting the goals and ideals of World AIDS Day.</title>
        <chamberName />
      </item>
      <item>
        <titleType>Display Title</titleType>
        <chamberCode />
        <parentTitleType />
        <title>Supporting the goals and ideals of World AIDS Day.</title>
        <chamberName />
      </item>
    </titles>
    <summaries>
      <billSummaries>
        <item>
          <actionDate>2017-12-04</actionDate>
          <actionDesc>Introduced in House</actionDesc>
          <lastSummaryUpdateDate>2018-02-16T20:43:06Z</lastSummaryUpdateDate>
          <name>Introduced in House</name>
          <versionCode>00</versionCode>
          <text><![CDATA[<p>Supports the goals and ideals of World AIDS Day and recognizes its 29th anniversary.</p> <p>Commends the President and state and local governments for recognizing such day and encouraging individuals to undergo testing for HIV.</p> <p>Supports:</p> <ul> <li> the goal of ending HIV/AIDS;</li> <li> continued funding for prevention, care, treatment services, and research programs for persons living with HIV/AIDS in the United States;</li> <li> the implementation of the National HIV/AIDS Strategy for the United States: Updated to 2020 (NHAS) and achieving the goals within the NHAS Federal Action Plan;</li> <li> continued funding for the President's Emergency Plan For AIDS Relief and the Global Fund to Fight AIDS, Tuberculosis, and Malaria; </li> <li> the goal of improving access to comprehensive HIV/AIDS prevention, treatment, care, and support programs; </li> <li> the goal of protecting human rights for all people; and </li> <li> efforts to address the factors that make populations vulnerable to HIV/AIDS by combatting poverty and hunger, expanding educational opportunities for children, and empowering women and girls.</li> </ul> <ul> </ul>]]></text>
          <updateDate>2017-12-04T05:00:00Z</updateDate>
        </item>
      </billSummaries>
    </summaries>
    <latestAction>
      <actionDate>2017-12-08</actionDate>
      <links />
      <text>Referred to the Subcommittee on Health.</text>
    </latestAction>
    <calendarNumbers />
    <recordedVotes />
    <updateDate>2018-02-28T18:57:18Z</updateDate>
    <amendments />
    <constitutionalAuthorityStatementText />
    <version>1.0.0</version>
    <actions>
      <item>
        <actionDate>2017-12-08</actionDate>
        <committee>
          <name>Health Subcommittee</name>
          <systemCode>hsif14</systemCode>
        </committee>
        <links />
        <sourceSystem>
          <code>1</code>
          <name>House committee actions</name>
        </sourceSystem>
        <text>Referred to the Subcommittee on Health.</text>
        <type>Committee</type>
      </item>
      <item>
        <type>IntroReferral</type>
        <actionCode>H11100</actionCode>
        <committee>
          <name>Foreign Affairs Committee</name>
          <systemCode>hsfa00</systemCode>
        </committee>
        <sourceSystem>
          <code>2</code>
          <name>House floor actions</name>
        </sourceSystem>
        <text>Referred to the Committee on Energy and Commerce, and in addition to the Committee on Foreign Affairs, for a period to be subsequently determined by the Speaker, in each case for consideration of such provisions as fall within the jurisdiction of the committee concerned.</text>
        <actionDate>2017-12-04</actionDate>
        <links />
      </item>
      <item>
        <type>IntroReferral</type>
        <actionCode>H11100</actionCode>
        <committee>
          <name>Energy and Commerce Committee</name>
          <systemCode>hsif00</systemCode>
        </committee>
        <sourceSystem>
          <code>2</code>
          <name>House floor actions</name>
        </sourceSystem>
        <text>Referred to the Committee on Energy and Commerce, and in addition to the Committee on Foreign Affairs, for a period to be subsequently determined by the Speaker, in each case for consideration of such provisions as fall within the jurisdiction of the committee concerned.</text>
        <actionDate>2017-12-04</actionDate>
        <links />
      </item>
      <item>
        <type>IntroReferral</type>
        <actionCode>Intro-H</actionCode>
        <committee />
        <sourceSystem>
          <code>9</code>
          <name>Library of Congress</name>
        </sourceSystem>
        <text>Introduced in House</text>
        <actionDate>2017-12-04</actionDate>
        <links />
      </item>
      <item>
        <type>IntroReferral</type>
        <actionCode>1000</actionCode>
        <committee />
        <sourceSystem>
          <code>9</code>
          <name>Library of Congress</name>
        </sourceSystem>
        <text>Introduced in House</text>
        <actionDate>2017-12-04</actionDate>
        <links />
      </item>
      <actionTypeCounts>
        <billReferrals>2</billReferrals>
        <introducedInTheHouse>1</introducedInTheHouse>
        <introducedInHouse>1</introducedInHouse>
        <placeholderTextForH>1</placeholderTextForH>
      </actionTypeCounts>
      <actionByCounts>
        <houseOfRepresentatives>5</houseOfRepresentatives>
      </actionByCounts>
    </actions>
    <originChamber>House</originChamber>
  </bill>
  <dublinCore xmlns:dc="http://purl.org/dc/elements/1.1/">
    <dc:format>text/xml</dc:format>
    <dc:language>EN</dc:language>
    <dc:rights>Pursuant to Title 17 Section 105 of the United States Code, this file is not subject to copyright protection and is in the public domain.</dc:rights>
    <dc:contributor>Congressional Research Service, Library of Congress</dc:contributor>
    <dc:description>This file contains bill summaries and statuses for federal legislation. A bill summary describes the most significant provisions of a piece of legislation and details the effects the legislative text may have on current law and federal programs. Bill summaries are authored by the Congressional Research Service (CRS) of the Library of Congress. As stated in Public Law 91-510 (2 USC 166 (d)(6)), one of the duties of CRS is "to prepare summaries and digests of bills and resolutions of a public general nature introduced in the Senate or House of Representatives". For more information, refer to the User Guide that accompanies this file.</dc:description>
  </dublinCore>
</billStatus>

