<?xml version="1.0" encoding="UTF-8"?>
<billStatus>
  <bill>
    <policyArea>
      <name>Sports and Recreation</name>
    </policyArea>
    <committeeReports />
    <congress>115</congress>
    <sponsors>
      <item>
        <identifiers>
          <lisID>2246</lisID>
          <gpoId />
          <bioguideId>M001196</bioguideId>
        </identifiers>
        <district>6</district>
        <middleName />
        <byRequestType />
        <fullName>Rep. Moulton, Seth [D-MA-6]</fullName>
        <bioguideId>M001196</bioguideId>
        <state>MA</state>
        <party>D</party>
        <firstName>Seth</firstName>
        <lastName>Moulton</lastName>
      </item>
    </sponsors>
    <calendarNumbers />
    <amendments />
    <relatedBills>
      <item>
        <number>18</number>
        <type>SCONRES</type>
        <latestAction>
          <text>Referred to the Committee on the Judiciary. (text of measure as introduced: CR S3736-3737)</text>
          <actionDate>2017-06-22</actionDate>
        </latestAction>
        <congress>115</congress>
        <latestTitle>A concurrent resolution honoring David Americo Ortiz Arias, the 3-time World Series Champion Major League Baseball player who played for the Minnesota Twins and the Boston Red Sox for a combined 20 seasons.</latestTitle>
        <relationshipDetails>
          <item>
            <identifiedBy>CRS</identifiedBy>
            <type>Identical bill</type>
          </item>
        </relationshipDetails>
      </item>
    </relatedBills>
    <notes />
    <originChamber>House</originChamber>
    <version>1.0.0</version>
    <billNumber>65</billNumber>
    <title>Honoring David Américo Ortiz Arias, the three-time World Series Champion Major League Baseball player who played for the Minnesota Twins and the Boston Red Sox for a combined 20 seasons.</title>
    <cosponsors>
      <item>
        <district>7</district>
        <sponsorshipWithdrawnDate />
        <party>D</party>
        <fullName>Rep. Capuano, Michael E. [D-MA-7]</fullName>
        <sponsorshipDate>2017-06-23</sponsorshipDate>
        <bioguideId>C001037</bioguideId>
        <middleName>E.</middleName>
        <identifiers>
          <lisID>1564</lisID>
          <bioguideId>C001037</bioguideId>
          <gpoId>7973</gpoId>
        </identifiers>
        <lastName>CAPUANO</lastName>
        <isOriginalCosponsor>True</isOriginalCosponsor>
        <firstName>MICHAEL</firstName>
        <state>MA</state>
      </item>
      <item>
        <district>1</district>
        <sponsorshipWithdrawnDate />
        <party>D</party>
        <fullName>Rep. Neal, Richard E. [D-MA-1]</fullName>
        <sponsorshipDate>2017-06-23</sponsorshipDate>
        <bioguideId>N000015</bioguideId>
        <middleName>E.</middleName>
        <identifiers>
          <gpoId>7967</gpoId>
          <bioguideId>N000015</bioguideId>
          <lisID>854</lisID>
        </identifiers>
        <lastName>NEAL</lastName>
        <isOriginalCosponsor>True</isOriginalCosponsor>
        <firstName>RICHARD</firstName>
        <state>MA</state>
      </item>
      <item>
        <district>3</district>
        <sponsorshipWithdrawnDate />
        <party>D</party>
        <fullName>Rep. DeLauro, Rosa L. [D-CT-3]</fullName>
        <sponsorshipDate>2017-06-23</sponsorshipDate>
        <bioguideId>D000216</bioguideId>
        <middleName />
        <identifiers>
          <bioguideId>D000216</bioguideId>
          <gpoId>7868</gpoId>
          <lisID>281</lisID>
        </identifiers>
        <lastName>DELAURO</lastName>
        <isOriginalCosponsor>True</isOriginalCosponsor>
        <firstName>ROSA</firstName>
        <state>CT</state>
      </item>
      <item>
        <district>1</district>
        <sponsorshipWithdrawnDate />
        <party>D</party>
        <fullName>Rep. Pingree, Chellie [D-ME-1]</fullName>
        <sponsorshipDate>2017-06-23</sponsorshipDate>
        <bioguideId>P000597</bioguideId>
        <middleName />
        <identifiers>
          <lisID>1927</lisID>
          <bioguideId>P000597</bioguideId>
          <gpoId>7984</gpoId>
        </identifiers>
        <lastName>Pingree</lastName>
        <isOriginalCosponsor>True</isOriginalCosponsor>
        <firstName>Chellie</firstName>
        <state>ME</state>
      </item>
      <item>
        <district>4</district>
        <sponsorshipWithdrawnDate />
        <party>D</party>
        <fullName>Rep. Kennedy, Joseph P., III [D-MA-4]</fullName>
        <sponsorshipDate>2017-06-23</sponsorshipDate>
        <bioguideId>K000379</bioguideId>
        <middleName>P.</middleName>
        <identifiers>
          <lisID>2172</lisID>
          <bioguideId>K000379</bioguideId>
          <gpoId />
        </identifiers>
        <lastName>Kennedy</lastName>
        <isOriginalCosponsor>True</isOriginalCosponsor>
        <firstName>Joseph</firstName>
        <state>MA</state>
      </item>
      <item>
        <district>2</district>
        <sponsorshipWithdrawnDate />
        <party>D</party>
        <fullName>Rep. McGovern, James P. [D-MA-2]</fullName>
        <sponsorshipDate>2017-06-23</sponsorshipDate>
        <bioguideId>M000312</bioguideId>
        <middleName>P.</middleName>
        <identifiers>
          <bioguideId>M000312</bioguideId>
          <lisID>1504</lisID>
          <gpoId>7968</gpoId>
        </identifiers>
        <lastName>MCGOVERN</lastName>
        <isOriginalCosponsor>True</isOriginalCosponsor>
        <firstName>JAMES</firstName>
        <state>MA</state>
      </item>
      <item>
        <district>9</district>
        <sponsorshipWithdrawnDate />
        <party>D</party>
        <fullName>Rep. Keating, William R. [D-MA-9]</fullName>
        <sponsorshipDate>2017-06-23</sponsorshipDate>
        <bioguideId>K000375</bioguideId>
        <middleName>R.</middleName>
        <identifiers>
          <lisID>2025</lisID>
          <bioguideId>K000375</bioguideId>
          <gpoId>7975</gpoId>
        </identifiers>
        <lastName>Keating</lastName>
        <isOriginalCosponsor>True</isOriginalCosponsor>
        <firstName>William</firstName>
        <state>MA</state>
      </item>
      <item>
        <district>8</district>
        <sponsorshipWithdrawnDate />
        <party>D</party>
        <fullName>Rep. Lynch, Stephen F. [D-MA-8]</fullName>
        <sponsorshipDate>2017-06-23</sponsorshipDate>
        <bioguideId>L000562</bioguideId>
        <middleName>F.</middleName>
        <identifiers>
          <lisID>1686</lisID>
          <bioguideId>L000562</bioguideId>
          <gpoId>7974</gpoId>
        </identifiers>
        <lastName>Lynch</lastName>
        <isOriginalCosponsor>True</isOriginalCosponsor>
        <firstName>Stephen</firstName>
        <state>MA</state>
      </item>
      <item>
        <district>1</district>
        <sponsorshipWithdrawnDate />
        <party>D</party>
        <fullName>Rep. Larson, John B. [D-CT-1]</fullName>
        <sponsorshipDate>2017-06-23</sponsorshipDate>
        <bioguideId>L000557</bioguideId>
        <middleName>B.</middleName>
        <identifiers>
          <lisID>1583</lisID>
          <bioguideId>L000557</bioguideId>
          <gpoId>7866</gpoId>
        </identifiers>
        <lastName>LARSON</lastName>
        <isOriginalCosponsor>True</isOriginalCosponsor>
        <firstName>JOHN</firstName>
        <state>CT</state>
      </item>
      <item>
        <district>3</district>
        <sponsorshipWithdrawnDate />
        <party>D</party>
        <fullName>Rep. Tsongas, Niki [D-MA-3]</fullName>
        <sponsorshipDate>2017-06-23</sponsorshipDate>
        <bioguideId>T000465</bioguideId>
        <middleName />
        <identifiers>
          <lisID>1884</lisID>
          <bioguideId>T000465</bioguideId>
          <gpoId>7970</gpoId>
        </identifiers>
        <lastName>Tsongas</lastName>
        <isOriginalCosponsor>True</isOriginalCosponsor>
        <firstName>Niki</firstName>
        <state>MA</state>
      </item>
      <item>
        <district>1</district>
        <sponsorshipWithdrawnDate />
        <party>D</party>
        <fullName>Rep. Shea-Porter, Carol [D-NH-1]</fullName>
        <sponsorshipDate>2017-06-23</sponsorshipDate>
        <bioguideId>S001170</bioguideId>
        <middleName />
        <identifiers>
          <lisID>1861</lisID>
          <bioguideId>S001170</bioguideId>
          <gpoId>7528</gpoId>
        </identifiers>
        <lastName>Shea-Porter</lastName>
        <isOriginalCosponsor>True</isOriginalCosponsor>
        <firstName>Carol</firstName>
        <state>NH</state>
      </item>
      <item>
        <district>2</district>
        <sponsorshipWithdrawnDate />
        <party>R</party>
        <fullName>Rep. Poliquin, Bruce [R-ME-2]</fullName>
        <sponsorshipDate>2017-06-23</sponsorshipDate>
        <bioguideId>P000611</bioguideId>
        <middleName />
        <identifiers>
          <bioguideId>P000611</bioguideId>
          <lisID>2247</lisID>
          <gpoId />
        </identifiers>
        <lastName>Poliquin</lastName>
        <isOriginalCosponsor>True</isOriginalCosponsor>
        <firstName>Bruce</firstName>
        <state>ME</state>
      </item>
      <item>
        <district>2</district>
        <sponsorshipWithdrawnDate />
        <party>D</party>
        <fullName>Rep. Langevin, James R. [D-RI-2]</fullName>
        <sponsorshipDate>2017-06-23</sponsorshipDate>
        <bioguideId>L000559</bioguideId>
        <middleName>R.</middleName>
        <identifiers>
          <lisID>1668</lisID>
          <bioguideId>L000559</bioguideId>
          <gpoId>8140</gpoId>
        </identifiers>
        <lastName>LANGEVIN</lastName>
        <isOriginalCosponsor>True</isOriginalCosponsor>
        <firstName>JAMES</firstName>
        <state>RI</state>
      </item>
      <item>
        <district>0</district>
        <sponsorshipWithdrawnDate />
        <party>D</party>
        <fullName>Rep. Welch, Peter [D-VT-At Large]</fullName>
        <sponsorshipDate>2017-06-23</sponsorshipDate>
        <bioguideId>W000800</bioguideId>
        <middleName />
        <identifiers>
          <bioguideId>W000800</bioguideId>
          <gpoId>8204</gpoId>
          <lisID>1879</lisID>
        </identifiers>
        <lastName>Welch</lastName>
        <isOriginalCosponsor>True</isOriginalCosponsor>
        <firstName>Peter</firstName>
        <state>VT</state>
      </item>
      <item>
        <district>5</district>
        <sponsorshipWithdrawnDate />
        <party>D</party>
        <fullName>Rep. Clark, Katherine M. [D-MA-5]</fullName>
        <sponsorshipDate>2017-06-23</sponsorshipDate>
        <bioguideId>C001101</bioguideId>
        <middleName>M.</middleName>
        <identifiers>
          <lisID>2196</lisID>
          <bioguideId>C001101</bioguideId>
          <gpoId />
        </identifiers>
        <lastName>Clark</lastName>
        <isOriginalCosponsor>True</isOriginalCosponsor>
        <firstName>Katherine</firstName>
        <state>MA</state>
      </item>
      <item>
        <district>2</district>
        <sponsorshipWithdrawnDate />
        <party>D</party>
        <fullName>Rep. Kuster, Ann M. [D-NH-2]</fullName>
        <sponsorshipDate>2017-06-26</sponsorshipDate>
        <bioguideId>K000382</bioguideId>
        <middleName>M.</middleName>
        <identifiers>
          <bioguideId>K000382</bioguideId>
          <lisID>2145</lisID>
          <gpoId />
        </identifiers>
        <lastName>Kuster</lastName>
        <isOriginalCosponsor>False</isOriginalCosponsor>
        <firstName>Ann</firstName>
        <state>NH</state>
      </item>
      <item>
        <district>1</district>
        <sponsorshipWithdrawnDate />
        <party>D</party>
        <fullName>Rep. Cicilline, David N. [D-RI-1]</fullName>
        <sponsorshipDate>2017-06-26</sponsorshipDate>
        <bioguideId>C001084</bioguideId>
        <middleName>N.</middleName>
        <identifiers>
          <bioguideId>C001084</bioguideId>
          <lisID>2055</lisID>
          <gpoId>8139</gpoId>
        </identifiers>
        <lastName>Cicilline</lastName>
        <isOriginalCosponsor>False</isOriginalCosponsor>
        <firstName>David</firstName>
        <state>RI</state>
      </item>
    </cosponsors>
    <subjects>
      <billSubjects>
        <legislativeSubjects>
          <item>
            <name>Athletes</name>
          </item>
          <item>
            <name>Congressional tributes</name>
          </item>
          <item>
            <name>Massachusetts</name>
          </item>
          <item>
            <name>Professional sports</name>
          </item>
        </legislativeSubjects>
        <policyArea>
          <name>Sports and Recreation</name>
        </policyArea>
      </billSubjects>
    </subjects>
    <constitutionalAuthorityStatementText />
    <laws />
    <actions>
      <actionByCounts>
        <houseOfRepresentatives>3</houseOfRepresentatives>
      </actionByCounts>
      <actionTypeCounts>
        <introducedInTheHouse>1</introducedInTheHouse>
        <billReferrals>1</billReferrals>
        <introducedInHouse>1</introducedInHouse>
      </actionTypeCounts>
      <item>
        <sourceSystem>
          <name>House floor actions</name>
          <code>2</code>
        </sourceSystem>
        <actionDate>2017-06-23</actionDate>
        <text>Referred to the House Committee on Oversight and Government Reform.</text>
        <type>IntroReferral</type>
        <links />
        <committee>
          <systemCode>hsgo00</systemCode>
          <name>Oversight and Government Reform Committee</name>
        </committee>
        <actionCode>H11100</actionCode>
      </item>
      <item>
        <sourceSystem>
          <name>Library of Congress</name>
          <code>9</code>
        </sourceSystem>
        <actionDate>2017-06-23</actionDate>
        <text>Introduced in House</text>
        <type>IntroReferral</type>
        <links />
        <committee />
        <actionCode>Intro-H</actionCode>
      </item>
      <item>
        <sourceSystem>
          <name>Library of Congress</name>
          <code>9</code>
        </sourceSystem>
        <actionDate>2017-06-23</actionDate>
        <text>Introduced in House</text>
        <type>IntroReferral</type>
        <links />
        <committee />
        <actionCode>1000</actionCode>
      </item>
    </actions>
    <titles>
      <item>
        <chamberCode />
        <titleType>Official Title as Introduced</titleType>
        <parentTitleType />
        <chamberName />
        <title>Honoring David Américo Ortiz Arias, the three-time World Series Champion Major League Baseball player who played for the Minnesota Twins and the Boston Red Sox for a combined 20 seasons.</title>
      </item>
      <item>
        <chamberCode />
        <titleType>Display Title</titleType>
        <parentTitleType />
        <chamberName />
        <title>Honoring David Américo Ortiz Arias, the three-time World Series Champion Major League Baseball player who played for the Minnesota Twins and the Boston Red Sox for a combined 20 seasons.</title>
      </item>
    </titles>
    <summaries>
      <billSummaries>
        <item>
          <updateDate>2017-06-23T04:00:00Z</updateDate>
          <lastSummaryUpdateDate>2017-09-14T18:58:46Z</lastSummaryUpdateDate>
          <actionDate>2017-06-23</actionDate>
          <name>Introduced in House</name>
          <actionDesc>Introduced in House</actionDesc>
          <versionCode>00</versionCode>
          <text><![CDATA[<p>Honors the career of Major League Baseball player David Americo Ortiz Arias.</p>]]></text>
        </item>
      </billSummaries>
    </summaries>
    <committees>
      <billCommittees>
        <item>
          <chamber>House</chamber>
          <subcommittees />
          <type>Standing</type>
          <activities>
            <item>
              <date>2017-06-23T13:03:35Z</date>
              <name>Referred to</name>
            </item>
          </activities>
          <systemCode>hsgo00</systemCode>
          <name>Oversight and Government Reform Committee</name>
        </item>
      </billCommittees>
    </committees>
    <introducedDate>2017-06-23</introducedDate>
    <updateDate>2018-02-06T16:39:23Z</updateDate>
    <cboCostEstimates />
    <recordedVotes />
    <billType>HCONRES</billType>
    <createDate>2017-06-24T03:11:33Z</createDate>
    <latestAction>
      <text>Referred to the House Committee on Oversight and Government Reform.</text>
      <links />
      <actionDate>2017-06-23</actionDate>
    </latestAction>
  </bill>
  <dublinCore xmlns:dc="http://purl.org/dc/elements/1.1/">
    <dc:format>text/xml</dc:format>
    <dc:language>EN</dc:language>
    <dc:rights>Pursuant to Title 17 Section 105 of the United States Code, this file is not subject to copyright protection and is in the public domain.</dc:rights>
    <dc:contributor>Congressional Research Service, Library of Congress</dc:contributor>
    <dc:description>This file contains bill summaries and statuses for federal legislation. A bill summary describes the most significant provisions of a piece of legislation and details the effects the legislative text may have on current law and federal programs. Bill summaries are authored by the Congressional Research Service (CRS) of the Library of Congress. As stated in Public Law 91-510 (2 USC 166 (d)(6)), one of the duties of CRS is "to prepare summaries and digests of bills and resolutions of a public general nature introduced in the Senate or House of Representatives". For more information, refer to the User Guide that accompanies this file.</dc:description>
  </dublinCore>
</billStatus>

