<?xml version="1.0" encoding="UTF-8"?>
<billStatus>
  <bill>
    <billNumber>28</billNumber>
    <relatedBills />
    <originChamber>House</originChamber>
    <recordedVotes />
    <latestAction>
      <text>Referred to the House Committee on Rules.</text>
      <links />
      <actionDate>2017-02-16</actionDate>
    </latestAction>
    <createDate>2017-02-17T04:46:06Z</createDate>
    <title>Establishing a Joint Committee on the Organization of Congress.</title>
    <summaries>
      <billSummaries>
        <item>
          <text><![CDATA[<p>Establishes an ad hoc Joint Committee on the Organization of the Congress to study the organization, operations, functions, and relevant interactions of the Members of Congress and to make recommendations to:</p> <ul> <li> make such operations and organization more effective and efficient;</li> <li>make Congress and its Members more accountable; and </li> <li>improve the orderly, timely, and effective consideration and disposal of legislation; and </li> <li>improve the relationships between the Houses of Congress, with and among other branches of government, among elected Members and their staffs, and between Members and the citizens.</li> </ul> <p>The committee shall also study the role and effectiveness of the standing, select, and special committees in addressing legislative responsibilities, particularly the authorization of federal programs and agencies and the future fiscal impact of entitlement programs.</p>  <p>Requires the committee to include in its report to both chambers at the end of a congressional session recommendations for its continuation or for designation of a similar entity to continue the pursuit of improvements in the congressional process.</p>]]></text>
          <versionCode>00</versionCode>
          <actionDate>2017-02-16</actionDate>
          <name>Introduced in House</name>
          <actionDesc>Introduced in House</actionDesc>
          <lastSummaryUpdateDate>2017-04-21T13:53:42Z</lastSummaryUpdateDate>
          <updateDate>2017-02-16T05:00:00Z</updateDate>
        </item>
      </billSummaries>
    </summaries>
    <actions>
      <item>
        <sourceSystem>
          <name>House floor actions</name>
          <code>2</code>
        </sourceSystem>
        <actionDate>2017-02-16</actionDate>
        <links />
        <text>Referred to the House Committee on Rules.</text>
        <committee>
          <systemCode>hsru00</systemCode>
          <name>Rules Committee</name>
        </committee>
        <actionCode>H11100</actionCode>
        <type>IntroReferral</type>
      </item>
      <item>
        <sourceSystem>
          <name>Library of Congress</name>
          <code>9</code>
        </sourceSystem>
        <actionDate>2017-02-16</actionDate>
        <links />
        <text>Introduced in House</text>
        <committee />
        <actionCode>Intro-H</actionCode>
        <type>IntroReferral</type>
      </item>
      <item>
        <sourceSystem>
          <name>Library of Congress</name>
          <code>9</code>
        </sourceSystem>
        <actionDate>2017-02-16</actionDate>
        <links />
        <text>Introduced in House</text>
        <committee />
        <actionCode>1000</actionCode>
        <type>IntroReferral</type>
      </item>
      <actionByCounts>
        <houseOfRepresentatives>3</houseOfRepresentatives>
      </actionByCounts>
      <actionTypeCounts>
        <billReferrals>1</billReferrals>
        <introducedInTheHouse>1</introducedInTheHouse>
        <introducedInHouse>1</introducedInHouse>
      </actionTypeCounts>
    </actions>
    <updateDate>2018-02-06T16:39:20Z</updateDate>
    <amendments />
    <notes />
    <sponsors>
      <item>
        <bioguideId>L000585</bioguideId>
        <district>18</district>
        <middleName />
        <byRequestType />
        <firstName>Darin</firstName>
        <lastName>LaHood</lastName>
        <state>IL</state>
        <party>R</party>
        <identifiers>
          <lisID>2295</lisID>
          <bioguideId>L000585</bioguideId>
          <gpoId />
        </identifiers>
        <fullName>Rep. LaHood, Darin [R-IL-18]</fullName>
      </item>
    </sponsors>
    <committees>
      <billCommittees>
        <item>
          <chamber>House</chamber>
          <subcommittees />
          <type>Standing</type>
          <activities>
            <item>
              <date>2017-02-16T15:14:30Z</date>
              <name>Referred to</name>
            </item>
          </activities>
          <systemCode>hsru00</systemCode>
          <name>Rules Committee</name>
        </item>
      </billCommittees>
    </committees>
    <cosponsors>
      <item>
        <district>3</district>
        <sponsorshipWithdrawnDate />
        <party>D</party>
        <fullName>Rep. Lipinski, Daniel [D-IL-3]</fullName>
        <sponsorshipDate>2017-02-16</sponsorshipDate>
        <bioguideId>L000563</bioguideId>
        <middleName>William</middleName>
        <identifiers>
          <lisID>1781</lisID>
          <bioguideId>L000563</bioguideId>
          <gpoId>7923</gpoId>
        </identifiers>
        <lastName>Lipinski</lastName>
        <isOriginalCosponsor>True</isOriginalCosponsor>
        <firstName>Daniel</firstName>
        <state>IL</state>
      </item>
      <item>
        <district>8</district>
        <sponsorshipWithdrawnDate />
        <party>D</party>
        <fullName>Rep. Krishnamoorthi, Raja [D-IL-8]</fullName>
        <sponsorshipDate>2017-02-16</sponsorshipDate>
        <bioguideId>K000391</bioguideId>
        <middleName />
        <identifiers>
          <lisID>2325</lisID>
          <gpoId />
          <bioguideId>K000391</bioguideId>
        </identifiers>
        <lastName>Krishnamoorthi</lastName>
        <isOriginalCosponsor>True</isOriginalCosponsor>
        <firstName>Raja</firstName>
        <state>IL</state>
      </item>
      <item>
        <district>3</district>
        <sponsorshipWithdrawnDate />
        <party>D</party>
        <fullName>Rep. Kind, Ron [D-WI-3]</fullName>
        <sponsorshipDate>2017-02-16</sponsorshipDate>
        <bioguideId>K000188</bioguideId>
        <middleName />
        <identifiers>
          <lisID>1498</lisID>
          <bioguideId>K000188</bioguideId>
          <gpoId>8216</gpoId>
        </identifiers>
        <lastName>KIND</lastName>
        <isOriginalCosponsor>True</isOriginalCosponsor>
        <firstName>RON</firstName>
        <state>WI</state>
      </item>
      <item>
        <district>6</district>
        <sponsorshipWithdrawnDate />
        <party>D</party>
        <fullName>Rep. Moulton, Seth [D-MA-6]</fullName>
        <sponsorshipDate>2017-02-16</sponsorshipDate>
        <bioguideId>M001196</bioguideId>
        <middleName />
        <identifiers>
          <lisID>2246</lisID>
          <gpoId />
          <bioguideId>M001196</bioguideId>
        </identifiers>
        <lastName>Moulton</lastName>
        <isOriginalCosponsor>True</isOriginalCosponsor>
        <firstName>Seth</firstName>
        <state>MA</state>
      </item>
      <item>
        <district>1</district>
        <sponsorshipWithdrawnDate />
        <party>D</party>
        <fullName>Rep. Walz, Timothy J. [D-MN-1]</fullName>
        <sponsorshipDate>2017-02-16</sponsorshipDate>
        <bioguideId>W000799</bioguideId>
        <middleName>J.</middleName>
        <identifiers>
          <lisID>1856</lisID>
          <bioguideId>W000799</bioguideId>
          <gpoId>8001</gpoId>
        </identifiers>
        <lastName>Walz</lastName>
        <isOriginalCosponsor>True</isOriginalCosponsor>
        <firstName>Timothy</firstName>
        <state>MN</state>
      </item>
      <item>
        <district>1</district>
        <sponsorshipWithdrawnDate />
        <party>D</party>
        <fullName>Rep. O'Halleran, Tom [D-AZ-1]</fullName>
        <sponsorshipDate>2017-02-16</sponsorshipDate>
        <bioguideId>O000171</bioguideId>
        <middleName />
        <identifiers>
          <gpoId />
          <lisID>2306</lisID>
          <bioguideId>O000171</bioguideId>
        </identifiers>
        <lastName>O'Halleran</lastName>
        <isOriginalCosponsor>True</isOriginalCosponsor>
        <firstName>Tom</firstName>
        <state>AZ</state>
      </item>
      <item>
        <district>7</district>
        <sponsorshipWithdrawnDate />
        <party>D</party>
        <fullName>Rep. Murphy, Stephanie N. [D-FL-7]</fullName>
        <sponsorshipDate>2017-02-16</sponsorshipDate>
        <bioguideId>M001202</bioguideId>
        <middleName>N.</middleName>
        <identifiers>
          <bioguideId>M001202</bioguideId>
          <gpoId />
          <lisID>2318</lisID>
        </identifiers>
        <lastName>Murphy</lastName>
        <isOriginalCosponsor>True</isOriginalCosponsor>
        <firstName>Stephanie</firstName>
        <state>FL</state>
      </item>
      <item>
        <district>23</district>
        <sponsorshipWithdrawnDate />
        <party>D</party>
        <fullName>Rep. Wasserman Schultz, Debbie [D-FL-23]</fullName>
        <sponsorshipDate>2017-02-16</sponsorshipDate>
        <bioguideId>W000797</bioguideId>
        <middleName />
        <identifiers>
          <lisID>1777</lisID>
          <bioguideId>W000797</bioguideId>
          <gpoId>7892</gpoId>
        </identifiers>
        <lastName>Wasserman Schultz</lastName>
        <isOriginalCosponsor>True</isOriginalCosponsor>
        <firstName>Debbie</firstName>
        <state>FL</state>
      </item>
      <item>
        <district>8</district>
        <sponsorshipWithdrawnDate />
        <party>D</party>
        <fullName>Rep. Sires, Albio [D-NJ-8]</fullName>
        <sponsorshipDate>2017-02-16</sponsorshipDate>
        <bioguideId>S001165</bioguideId>
        <middleName />
        <identifiers>
          <bioguideId>S001165</bioguideId>
          <lisID>1818</lisID>
          <gpoId>8055</gpoId>
        </identifiers>
        <lastName>Sires</lastName>
        <isOriginalCosponsor>True</isOriginalCosponsor>
        <firstName>Albio</firstName>
        <state>NJ</state>
      </item>
      <item>
        <district>52</district>
        <sponsorshipWithdrawnDate />
        <party>D</party>
        <fullName>Rep. Peters, Scott H. [D-CA-52]</fullName>
        <sponsorshipDate>2017-02-16</sponsorshipDate>
        <bioguideId>P000608</bioguideId>
        <middleName>H.</middleName>
        <identifiers>
          <lisID>2113</lisID>
          <bioguideId>P000608</bioguideId>
          <gpoId />
        </identifiers>
        <lastName>Peters</lastName>
        <isOriginalCosponsor>True</isOriginalCosponsor>
        <firstName>Scott</firstName>
        <state>CA</state>
      </item>
      <item>
        <district>51</district>
        <sponsorshipWithdrawnDate />
        <party>D</party>
        <fullName>Rep. Vargas, Juan [D-CA-51]</fullName>
        <sponsorshipDate>2017-02-16</sponsorshipDate>
        <bioguideId>V000130</bioguideId>
        <middleName />
        <identifiers>
          <bioguideId>V000130</bioguideId>
          <lisID>2112</lisID>
          <gpoId />
        </identifiers>
        <lastName>Vargas</lastName>
        <isOriginalCosponsor>True</isOriginalCosponsor>
        <firstName>Juan</firstName>
        <state>CA</state>
      </item>
      <item>
        <district>2</district>
        <sponsorshipWithdrawnDate />
        <party>D</party>
        <fullName>Rep. Huffman, Jared [D-CA-2]</fullName>
        <sponsorshipDate>2017-02-16</sponsorshipDate>
        <bioguideId>H001068</bioguideId>
        <middleName />
        <identifiers>
          <lisID>2101</lisID>
          <gpoId />
          <bioguideId>H001068</bioguideId>
        </identifiers>
        <lastName>Huffman</lastName>
        <isOriginalCosponsor>True</isOriginalCosponsor>
        <firstName>Jared</firstName>
        <state>CA</state>
      </item>
      <item>
        <district>33</district>
        <sponsorshipWithdrawnDate />
        <party>D</party>
        <fullName>Rep. Veasey, Marc A. [D-TX-33]</fullName>
        <sponsorshipDate>2017-02-16</sponsorshipDate>
        <bioguideId>V000131</bioguideId>
        <middleName>A.</middleName>
        <identifiers>
          <gpoId />
          <lisID>2166</lisID>
          <bioguideId>V000131</bioguideId>
        </identifiers>
        <lastName>Veasey</lastName>
        <isOriginalCosponsor>True</isOriginalCosponsor>
        <firstName>Marc</firstName>
        <state>TX</state>
      </item>
      <item>
        <district>2</district>
        <sponsorshipWithdrawnDate />
        <party>D</party>
        <fullName>Rep. Loebsack, David [D-IA-2]</fullName>
        <sponsorshipDate>2017-02-16</sponsorshipDate>
        <bioguideId>L000565</bioguideId>
        <middleName />
        <identifiers>
          <bioguideId>L000565</bioguideId>
          <lisID>1846</lisID>
          <gpoId>7915</gpoId>
        </identifiers>
        <lastName>Loebsack</lastName>
        <isOriginalCosponsor>True</isOriginalCosponsor>
        <firstName>David</firstName>
        <state>IA</state>
      </item>
      <item>
        <district>23</district>
        <sponsorshipWithdrawnDate />
        <party>R</party>
        <fullName>Rep. Reed, Tom [R-NY-23]</fullName>
        <sponsorshipDate>2017-02-16</sponsorshipDate>
        <bioguideId>R000585</bioguideId>
        <middleName />
        <identifiers>
          <gpoId>8090</gpoId>
          <lisID>1982</lisID>
          <bioguideId>R000585</bioguideId>
        </identifiers>
        <lastName>Reed</lastName>
        <isOriginalCosponsor>True</isOriginalCosponsor>
        <firstName>Tom</firstName>
        <state>NY</state>
      </item>
      <item>
        <district>14</district>
        <sponsorshipWithdrawnDate />
        <party>R</party>
        <fullName>Rep. Hultgren, Randy [R-IL-14]</fullName>
        <sponsorshipDate>2017-02-16</sponsorshipDate>
        <bioguideId>H001059</bioguideId>
        <middleName />
        <identifiers>
          <lisID>2015</lisID>
          <gpoId>7934</gpoId>
          <bioguideId>H001059</bioguideId>
        </identifiers>
        <lastName>Hultgren</lastName>
        <isOriginalCosponsor>True</isOriginalCosponsor>
        <firstName>Randy</firstName>
        <state>IL</state>
      </item>
      <item>
        <district>4</district>
        <sponsorshipWithdrawnDate />
        <party>R</party>
        <fullName>Rep. Moolenaar, John R. [R-MI-4]</fullName>
        <sponsorshipDate>2017-02-16</sponsorshipDate>
        <bioguideId>M001194</bioguideId>
        <middleName>R.</middleName>
        <identifiers>
          <bioguideId>M001194</bioguideId>
          <lisID>2248</lisID>
          <gpoId />
        </identifiers>
        <lastName>Moolenaar</lastName>
        <isOriginalCosponsor>True</isOriginalCosponsor>
        <firstName>John</firstName>
        <state>MI</state>
      </item>
      <item>
        <district>3</district>
        <sponsorshipWithdrawnDate />
        <party>R</party>
        <fullName>Rep. Young, David [R-IA-3]</fullName>
        <sponsorshipDate>2017-02-16</sponsorshipDate>
        <bioguideId>Y000066</bioguideId>
        <middleName />
        <identifiers>
          <gpoId />
          <bioguideId>Y000066</bioguideId>
          <lisID>2242</lisID>
        </identifiers>
        <lastName>Young</lastName>
        <isOriginalCosponsor>True</isOriginalCosponsor>
        <firstName>David</firstName>
        <state>IA</state>
      </item>
      <item>
        <district>6</district>
        <sponsorshipWithdrawnDate />
        <party>R</party>
        <fullName>Rep. Graves, Garret [R-LA-6]</fullName>
        <sponsorshipDate>2017-02-16</sponsorshipDate>
        <bioguideId>G000577</bioguideId>
        <middleName />
        <identifiers>
          <lisID>2245</lisID>
          <gpoId />
          <bioguideId>G000577</bioguideId>
        </identifiers>
        <lastName>Graves</lastName>
        <isOriginalCosponsor>True</isOriginalCosponsor>
        <firstName>Garret</firstName>
        <state>LA</state>
      </item>
      <item>
        <district>10</district>
        <sponsorshipWithdrawnDate />
        <party>R</party>
        <fullName>Rep. Denham, Jeff [R-CA-10]</fullName>
        <sponsorshipDate>2017-02-16</sponsorshipDate>
        <bioguideId>D000612</bioguideId>
        <middleName />
        <identifiers>
          <bioguideId>D000612</bioguideId>
          <lisID>1995</lisID>
          <gpoId>7824</gpoId>
        </identifiers>
        <lastName>Denham</lastName>
        <isOriginalCosponsor>True</isOriginalCosponsor>
        <firstName>Jeff</firstName>
        <state>CA</state>
      </item>
      <item>
        <district>16</district>
        <sponsorshipWithdrawnDate />
        <party>R</party>
        <fullName>Rep. Kinzinger, Adam [R-IL-16]</fullName>
        <sponsorshipDate>2017-02-16</sponsorshipDate>
        <bioguideId>K000378</bioguideId>
        <middleName />
        <identifiers>
          <bioguideId>K000378</bioguideId>
          <gpoId>7931</gpoId>
          <lisID>2014</lisID>
        </identifiers>
        <lastName>Kinzinger</lastName>
        <isOriginalCosponsor>True</isOriginalCosponsor>
        <firstName>Adam</firstName>
        <state>IL</state>
      </item>
      <item>
        <district>1</district>
        <sponsorshipWithdrawnDate />
        <party>R</party>
        <fullName>Rep. Byrne, Bradley [R-AL-1]</fullName>
        <sponsorshipDate>2017-02-16</sponsorshipDate>
        <bioguideId>B001289</bioguideId>
        <middleName />
        <identifiers>
          <gpoId />
          <bioguideId>B001289</bioguideId>
          <lisID>2197</lisID>
        </identifiers>
        <lastName>Byrne</lastName>
        <isOriginalCosponsor>True</isOriginalCosponsor>
        <firstName>Bradley</firstName>
        <state>AL</state>
      </item>
      <item>
        <district>1</district>
        <sponsorshipWithdrawnDate />
        <party>R</party>
        <fullName>Rep. Bergman, Jack [R-MI-1]</fullName>
        <sponsorshipDate>2017-02-16</sponsorshipDate>
        <bioguideId>B001301</bioguideId>
        <middleName />
        <identifiers>
          <gpoId />
          <bioguideId>B001301</bioguideId>
          <lisID>2333</lisID>
        </identifiers>
        <lastName>Bergman</lastName>
        <isOriginalCosponsor>True</isOriginalCosponsor>
        <firstName>Jack</firstName>
        <state>MI</state>
      </item>
      <item>
        <district>26</district>
        <sponsorshipWithdrawnDate />
        <party>R</party>
        <fullName>Rep. Curbelo, Carlos [R-FL-26]</fullName>
        <sponsorshipDate>2017-02-16</sponsorshipDate>
        <bioguideId>C001107</bioguideId>
        <middleName />
        <identifiers>
          <lisID>2235</lisID>
          <bioguideId>C001107</bioguideId>
          <gpoId />
        </identifiers>
        <lastName>Curbelo</lastName>
        <isOriginalCosponsor>True</isOriginalCosponsor>
        <firstName>Carlos</firstName>
        <state>FL</state>
      </item>
      <item>
        <district>9</district>
        <sponsorshipWithdrawnDate />
        <party>R</party>
        <fullName>Rep. Griffith, H. Morgan [R-VA-9]</fullName>
        <sponsorshipDate>2017-02-16</sponsorshipDate>
        <bioguideId>G000568</bioguideId>
        <middleName>Morgan</middleName>
        <identifiers>
          <bioguideId>G000568</bioguideId>
          <gpoId>8200</gpoId>
          <lisID>2070</lisID>
        </identifiers>
        <lastName>Griffith</lastName>
        <isOriginalCosponsor>True</isOriginalCosponsor>
        <firstName>H.</firstName>
        <state>VA</state>
      </item>
      <item>
        <district>16</district>
        <sponsorshipWithdrawnDate />
        <party>R</party>
        <fullName>Rep. Renacci, James B. [R-OH-16]</fullName>
        <sponsorshipDate>2017-02-16</sponsorshipDate>
        <bioguideId>R000586</bioguideId>
        <middleName>B.</middleName>
        <identifiers>
          <lisID>2048</lisID>
          <bioguideId>R000586</bioguideId>
          <gpoId>8106</gpoId>
        </identifiers>
        <lastName>Renacci</lastName>
        <isOriginalCosponsor>True</isOriginalCosponsor>
        <firstName>James</firstName>
        <state>OH</state>
      </item>
      <item>
        <district>12</district>
        <sponsorshipWithdrawnDate />
        <party>R</party>
        <fullName>Rep. Bost, Mike [R-IL-12]</fullName>
        <sponsorshipDate>2017-02-16</sponsorshipDate>
        <bioguideId>B001295</bioguideId>
        <middleName />
        <identifiers>
          <bioguideId>B001295</bioguideId>
          <gpoId />
          <lisID>2243</lisID>
        </identifiers>
        <lastName>Bost</lastName>
        <isOriginalCosponsor>True</isOriginalCosponsor>
        <firstName>Mike</firstName>
        <state>IL</state>
      </item>
      <item>
        <district>6</district>
        <sponsorshipWithdrawnDate />
        <party>R</party>
        <fullName>Rep. Roskam, Peter J. [R-IL-6]</fullName>
        <sponsorshipDate>2017-02-16</sponsorshipDate>
        <bioguideId>R000580</bioguideId>
        <middleName>J.</middleName>
        <identifiers>
          <lisID>1848</lisID>
          <bioguideId>R000580</bioguideId>
          <gpoId>7926</gpoId>
        </identifiers>
        <lastName>Roskam</lastName>
        <isOriginalCosponsor>True</isOriginalCosponsor>
        <firstName>Peter</firstName>
        <state>IL</state>
      </item>
      <item>
        <district>13</district>
        <sponsorshipWithdrawnDate />
        <party>R</party>
        <fullName>Rep. Davis, Rodney [R-IL-13]</fullName>
        <sponsorshipDate>2017-02-16</sponsorshipDate>
        <bioguideId>D000619</bioguideId>
        <middleName />
        <identifiers>
          <lisID>2126</lisID>
          <bioguideId>D000619</bioguideId>
          <gpoId />
        </identifiers>
        <lastName>Davis</lastName>
        <isOriginalCosponsor>True</isOriginalCosponsor>
        <firstName>Rodney</firstName>
        <state>IL</state>
      </item>
      <item>
        <district>17</district>
        <sponsorshipWithdrawnDate />
        <party>R</party>
        <fullName>Rep. Rooney, Thomas J. [R-FL-17]</fullName>
        <sponsorshipDate>2017-02-16</sponsorshipDate>
        <bioguideId>R000583</bioguideId>
        <middleName>J.</middleName>
        <identifiers>
          <bioguideId>R000583</bioguideId>
          <lisID>1916</lisID>
          <gpoId>7888</gpoId>
        </identifiers>
        <lastName>Rooney</lastName>
        <isOriginalCosponsor>True</isOriginalCosponsor>
        <firstName>Thomas</firstName>
        <state>FL</state>
      </item>
      <item>
        <district>6</district>
        <sponsorshipWithdrawnDate />
        <party>R</party>
        <fullName>Rep. Messer, Luke [R-IN-6]</fullName>
        <sponsorshipDate>2017-02-16</sponsorshipDate>
        <bioguideId>M001189</bioguideId>
        <middleName />
        <identifiers>
          <lisID>2130</lisID>
          <bioguideId>M001189</bioguideId>
          <gpoId />
        </identifiers>
        <lastName>Messer</lastName>
        <isOriginalCosponsor>True</isOriginalCosponsor>
        <firstName>Luke</firstName>
        <state>IN</state>
      </item>
      <item>
        <district>6</district>
        <sponsorshipWithdrawnDate />
        <party>R</party>
        <fullName>Rep. Coffman, Mike [R-CO-6]</fullName>
        <sponsorshipDate>2017-02-16</sponsorshipDate>
        <bioguideId>C001077</bioguideId>
        <middleName />
        <identifiers>
          <lisID>1912</lisID>
          <gpoId>7864</gpoId>
          <bioguideId>C001077</bioguideId>
        </identifiers>
        <lastName>Coffman</lastName>
        <isOriginalCosponsor>True</isOriginalCosponsor>
        <firstName>Mike</firstName>
        <state>CO</state>
      </item>
      <item>
        <district>8</district>
        <sponsorshipWithdrawnDate />
        <party>R</party>
        <fullName>Rep. Gallagher, Mike [R-WI-8]</fullName>
        <sponsorshipDate>2017-02-16</sponsorshipDate>
        <bioguideId>G000579</bioguideId>
        <middleName />
        <identifiers>
          <gpoId />
          <bioguideId>G000579</bioguideId>
          <lisID>2355</lisID>
        </identifiers>
        <lastName>Gallagher</lastName>
        <isOriginalCosponsor>True</isOriginalCosponsor>
        <firstName>Mike</firstName>
        <state>WI</state>
      </item>
      <item>
        <district>8</district>
        <sponsorshipWithdrawnDate />
        <party>R</party>
        <fullName>Rep. Fitzpatrick, Brian K. [R-PA-8]</fullName>
        <sponsorshipDate>2017-02-16</sponsorshipDate>
        <bioguideId>F000466</bioguideId>
        <middleName>K.</middleName>
        <identifiers>
          <lisID>2345</lisID>
          <bioguideId>F000466</bioguideId>
          <gpoId />
        </identifiers>
        <lastName>Fitzpatrick</lastName>
        <isOriginalCosponsor>True</isOriginalCosponsor>
        <firstName>Brian</firstName>
        <state>PA</state>
      </item>
      <item>
        <district>16</district>
        <sponsorshipWithdrawnDate />
        <party>D</party>
        <fullName>Rep. O'Rourke, Beto [D-TX-16]</fullName>
        <sponsorshipDate>2017-02-16</sponsorshipDate>
        <bioguideId>O000170</bioguideId>
        <middleName />
        <identifiers>
          <bioguideId>O000170</bioguideId>
          <lisID>2162</lisID>
          <gpoId />
        </identifiers>
        <lastName>O'Rourke</lastName>
        <isOriginalCosponsor>True</isOriginalCosponsor>
        <firstName>Beto</firstName>
        <state>TX</state>
      </item>
      <item>
        <district>5</district>
        <sponsorshipWithdrawnDate />
        <party>D</party>
        <fullName>Rep. Cooper, Jim [D-TN-5]</fullName>
        <sponsorshipDate>2017-02-16</sponsorshipDate>
        <bioguideId>C000754</bioguideId>
        <middleName>H.</middleName>
        <identifiers>
          <lisID>231</lisID>
          <gpoId>8152</gpoId>
          <bioguideId>C000754</bioguideId>
        </identifiers>
        <lastName>COOPER</lastName>
        <isOriginalCosponsor>True</isOriginalCosponsor>
        <firstName>JAMES</firstName>
        <state>TN</state>
      </item>
      <item>
        <district>16</district>
        <sponsorshipWithdrawnDate />
        <party>D</party>
        <fullName>Rep. Costa, Jim [D-CA-16]</fullName>
        <sponsorshipDate>2017-02-16</sponsorshipDate>
        <bioguideId>C001059</bioguideId>
        <middleName />
        <identifiers>
          <lisID>1774</lisID>
          <bioguideId>C001059</bioguideId>
          <gpoId>7825</gpoId>
        </identifiers>
        <lastName>Costa</lastName>
        <isOriginalCosponsor>True</isOriginalCosponsor>
        <firstName>Jim</firstName>
        <state>CA</state>
      </item>
      <item>
        <district>26</district>
        <sponsorshipWithdrawnDate />
        <party>D</party>
        <fullName>Rep. Brownley, Julia [D-CA-26]</fullName>
        <sponsorshipDate>2017-02-16</sponsorshipDate>
        <bioguideId>B001285</bioguideId>
        <middleName />
        <identifiers>
          <bioguideId>B001285</bioguideId>
          <lisID>2106</lisID>
          <gpoId />
        </identifiers>
        <lastName>Brownley</lastName>
        <isOriginalCosponsor>True</isOriginalCosponsor>
        <firstName>Julia</firstName>
        <state>CA</state>
      </item>
      <item>
        <district>9</district>
        <sponsorshipWithdrawnDate />
        <party>D</party>
        <fullName>Rep. Sinema, Kyrsten [D-AZ-9]</fullName>
        <sponsorshipDate>2017-02-16</sponsorshipDate>
        <bioguideId>S001191</bioguideId>
        <middleName />
        <identifiers>
          <lisID>2099</lisID>
          <bioguideId>S001191</bioguideId>
          <gpoId />
        </identifiers>
        <lastName>Sinema</lastName>
        <isOriginalCosponsor>True</isOriginalCosponsor>
        <firstName>Kyrsten</firstName>
        <state>AZ</state>
      </item>
      <item>
        <district>16</district>
        <sponsorshipWithdrawnDate />
        <party>R</party>
        <fullName>Rep. Smucker, Lloyd [R-PA-16]</fullName>
        <sponsorshipDate>2017-02-16</sponsorshipDate>
        <bioguideId>S001199</bioguideId>
        <middleName />
        <identifiers>
          <lisID>2346</lisID>
          <bioguideId>S001199</bioguideId>
          <gpoId />
        </identifiers>
        <lastName>Smucker</lastName>
        <isOriginalCosponsor>True</isOriginalCosponsor>
        <firstName>Lloyd</firstName>
        <state>PA</state>
      </item>
      <item>
        <district>14</district>
        <sponsorshipWithdrawnDate />
        <party>R</party>
        <fullName>Rep. Joyce, David P. [R-OH-14]</fullName>
        <sponsorshipDate>2017-02-16</sponsorshipDate>
        <bioguideId>J000295</bioguideId>
        <middleName>P.</middleName>
        <identifiers>
          <lisID>2154</lisID>
          <gpoId />
          <bioguideId>J000295</bioguideId>
        </identifiers>
        <lastName>Joyce</lastName>
        <isOriginalCosponsor>True</isOriginalCosponsor>
        <firstName>David</firstName>
        <state>OH</state>
      </item>
      <item>
        <district>11</district>
        <sponsorshipWithdrawnDate />
        <party>R</party>
        <fullName>Rep. Donovan, Daniel M., Jr. [R-NY-11]</fullName>
        <sponsorshipDate>2017-02-16</sponsorshipDate>
        <bioguideId>D000625</bioguideId>
        <middleName>M.</middleName>
        <identifiers>
          <lisID>2293</lisID>
          <bioguideId>D000625</bioguideId>
          <gpoId />
        </identifiers>
        <lastName>Donovan</lastName>
        <isOriginalCosponsor>True</isOriginalCosponsor>
        <firstName>Daniel</firstName>
        <state>NY</state>
      </item>
      <item>
        <district>7</district>
        <sponsorshipWithdrawnDate />
        <party>R</party>
        <fullName>Rep. Rouzer, David [R-NC-7]</fullName>
        <sponsorshipDate>2017-02-16</sponsorshipDate>
        <bioguideId>R000603</bioguideId>
        <middleName />
        <identifiers>
          <lisID>2256</lisID>
          <bioguideId>R000603</bioguideId>
          <gpoId />
        </identifiers>
        <lastName>Rouzer</lastName>
        <isOriginalCosponsor>True</isOriginalCosponsor>
        <firstName>David</firstName>
        <state>NC</state>
      </item>
      <item>
        <district>2</district>
        <sponsorshipWithdrawnDate />
        <party>R</party>
        <fullName>Rep. Bacon, Don [R-NE-2]</fullName>
        <sponsorshipDate>2017-02-16</sponsorshipDate>
        <bioguideId>B001298</bioguideId>
        <middleName />
        <identifiers>
          <bioguideId>B001298</bioguideId>
          <lisID>2337</lisID>
          <gpoId />
        </identifiers>
        <lastName>Bacon</lastName>
        <isOriginalCosponsor>True</isOriginalCosponsor>
        <firstName>Don</firstName>
        <state>NE</state>
      </item>
      <item>
        <district>21</district>
        <sponsorshipWithdrawnDate />
        <party>R</party>
        <fullName>Rep. Stefanik, Elise M. [R-NY-21]</fullName>
        <sponsorshipDate>2017-02-27</sponsorshipDate>
        <bioguideId>S001196</bioguideId>
        <middleName>M.</middleName>
        <identifiers>
          <lisID>2263</lisID>
          <bioguideId>S001196</bioguideId>
          <gpoId />
        </identifiers>
        <lastName>Stefanik</lastName>
        <isOriginalCosponsor>False</isOriginalCosponsor>
        <firstName>Elise</firstName>
        <state>NY</state>
      </item>
      <item>
        <district>17</district>
        <sponsorshipWithdrawnDate />
        <party>D</party>
        <fullName>Rep. Cartwright, Matt [D-PA-17]</fullName>
        <sponsorshipDate>2017-03-09</sponsorshipDate>
        <bioguideId>C001090</bioguideId>
        <middleName />
        <identifiers>
          <gpoId />
          <bioguideId>C001090</bioguideId>
          <lisID>2159</lisID>
        </identifiers>
        <lastName>Cartwright</lastName>
        <isOriginalCosponsor>False</isOriginalCosponsor>
        <firstName>Matt</firstName>
        <state>PA</state>
      </item>
      <item>
        <district>46</district>
        <sponsorshipWithdrawnDate />
        <party>D</party>
        <fullName>Rep. Correa, J. Luis [D-CA-46]</fullName>
        <sponsorshipDate>2017-03-09</sponsorshipDate>
        <bioguideId>C001110</bioguideId>
        <middleName>Luis</middleName>
        <identifiers>
          <lisID>2312</lisID>
          <bioguideId>C001110</bioguideId>
          <gpoId />
        </identifiers>
        <lastName>Correa</lastName>
        <isOriginalCosponsor>False</isOriginalCosponsor>
        <firstName>J.</firstName>
        <state>CA</state>
      </item>
      <item>
        <district>13</district>
        <sponsorshipWithdrawnDate />
        <party>R</party>
        <fullName>Rep. Thornberry, Mac [R-TX-13]</fullName>
        <sponsorshipDate>2017-03-20</sponsorshipDate>
        <bioguideId>T000238</bioguideId>
        <middleName>M.</middleName>
        <identifiers>
          <lisID>1155</lisID>
          <gpoId>8755</gpoId>
          <bioguideId>T000238</bioguideId>
        </identifiers>
        <lastName>THORNBERRY</lastName>
        <isOriginalCosponsor>False</isOriginalCosponsor>
        <firstName>WILLIAM</firstName>
        <state>TX</state>
      </item>
      <item>
        <district>6</district>
        <sponsorshipWithdrawnDate />
        <party>R</party>
        <fullName>Rep. Upton, Fred [R-MI-6]</fullName>
        <sponsorshipDate>2017-03-20</sponsorshipDate>
        <bioguideId>U000031</bioguideId>
        <middleName />
        <identifiers>
          <bioguideId>U000031</bioguideId>
          <lisID>1177</lisID>
          <gpoId>7991</gpoId>
        </identifiers>
        <lastName>UPTON</lastName>
        <isOriginalCosponsor>False</isOriginalCosponsor>
        <firstName>FRED</firstName>
        <state>MI</state>
      </item>
      <item>
        <district>3</district>
        <sponsorshipWithdrawnDate />
        <party>R</party>
        <fullName>Rep. Yoder, Kevin [R-KS-3]</fullName>
        <sponsorshipDate>2017-03-27</sponsorshipDate>
        <bioguideId>Y000063</bioguideId>
        <middleName />
        <identifiers>
          <lisID>2021</lisID>
          <bioguideId>Y000063</bioguideId>
          <gpoId>7951</gpoId>
        </identifiers>
        <lastName>Yoder</lastName>
        <isOriginalCosponsor>False</isOriginalCosponsor>
        <firstName>Kevin</firstName>
        <state>KS</state>
      </item>
      <item>
        <district>24</district>
        <sponsorshipWithdrawnDate />
        <party>D</party>
        <fullName>Rep. Carbajal, Salud O. [D-CA-24]</fullName>
        <sponsorshipDate>2017-06-06</sponsorshipDate>
        <bioguideId>C001112</bioguideId>
        <middleName>O.</middleName>
        <identifiers>
          <gpoId />
          <lisID>2310</lisID>
          <bioguideId>C001112</bioguideId>
        </identifiers>
        <lastName>Carbajal</lastName>
        <isOriginalCosponsor>False</isOriginalCosponsor>
        <firstName>Salud</firstName>
        <state>CA</state>
      </item>
      <item>
        <district>17</district>
        <sponsorshipWithdrawnDate />
        <party>D</party>
        <fullName>Rep. Khanna, Ro [D-CA-17]</fullName>
        <sponsorshipDate>2017-06-06</sponsorshipDate>
        <bioguideId>K000389</bioguideId>
        <middleName />
        <identifiers>
          <bioguideId>K000389</bioguideId>
          <gpoId />
          <lisID>2308</lisID>
        </identifiers>
        <lastName>Khanna</lastName>
        <isOriginalCosponsor>False</isOriginalCosponsor>
        <firstName>Ro</firstName>
        <state>CA</state>
      </item>
      <item>
        <district>15</district>
        <sponsorshipWithdrawnDate />
        <party>R</party>
        <fullName>Rep. Dent, Charles W. [R-PA-15]</fullName>
        <sponsorshipDate>2017-06-20</sponsorshipDate>
        <bioguideId>D000604</bioguideId>
        <middleName>W.</middleName>
        <identifiers>
          <lisID>1799</lisID>
          <bioguideId>D000604</bioguideId>
          <gpoId>8133</gpoId>
        </identifiers>
        <lastName>Dent</lastName>
        <isOriginalCosponsor>False</isOriginalCosponsor>
        <firstName>Charles</firstName>
        <state>PA</state>
      </item>
      <item>
        <district>6</district>
        <sponsorshipWithdrawnDate />
        <party>R</party>
        <fullName>Rep. Barton, Joe [R-TX-6]</fullName>
        <sponsorshipDate>2017-06-29</sponsorshipDate>
        <bioguideId>B000213</bioguideId>
        <middleName>L.</middleName>
        <identifiers>
          <bioguideId>B000213</bioguideId>
          <lisID>62</lisID>
          <gpoId>8162</gpoId>
        </identifiers>
        <lastName>BARTON</lastName>
        <isOriginalCosponsor>False</isOriginalCosponsor>
        <firstName>JOE</firstName>
        <state>TX</state>
      </item>
      <item>
        <district>8</district>
        <sponsorshipWithdrawnDate />
        <party>R</party>
        <fullName>Rep. Davidson, Warren [R-OH-8]</fullName>
        <sponsorshipDate>2017-07-19</sponsorshipDate>
        <bioguideId>D000626</bioguideId>
        <middleName />
        <identifiers>
          <lisID>2296</lisID>
          <gpoId />
          <bioguideId>D000626</bioguideId>
        </identifiers>
        <lastName>Davidson</lastName>
        <isOriginalCosponsor>False</isOriginalCosponsor>
        <firstName>Warren</firstName>
        <state>OH</state>
      </item>
      <item>
        <district>4</district>
        <sponsorshipWithdrawnDate />
        <party>R</party>
        <fullName>Rep. DesJarlais, Scott [R-TN-4]</fullName>
        <sponsorshipDate>2017-07-19</sponsorshipDate>
        <bioguideId>D000616</bioguideId>
        <middleName />
        <identifiers>
          <gpoId>8151</gpoId>
          <bioguideId>D000616</bioguideId>
          <lisID>2062</lisID>
        </identifiers>
        <lastName>DesJarlais</lastName>
        <isOriginalCosponsor>False</isOriginalCosponsor>
        <firstName>Scott</firstName>
        <state>TN</state>
      </item>
      <item>
        <district>2</district>
        <sponsorshipWithdrawnDate />
        <party>R</party>
        <fullName>Rep. Huizenga, Bill [R-MI-2]</fullName>
        <sponsorshipDate>2017-07-19</sponsorshipDate>
        <bioguideId>H001058</bioguideId>
        <middleName />
        <identifiers>
          <gpoId>7987</gpoId>
          <bioguideId>H001058</bioguideId>
          <lisID>2028</lisID>
        </identifiers>
        <lastName>Huizenga</lastName>
        <isOriginalCosponsor>False</isOriginalCosponsor>
        <firstName>Bill</firstName>
        <state>MI</state>
      </item>
      <item>
        <district>1</district>
        <sponsorshipWithdrawnDate />
        <party>R</party>
        <fullName>Rep. LaMalfa, Doug [R-CA-1]</fullName>
        <sponsorshipDate>2017-07-19</sponsorshipDate>
        <bioguideId>L000578</bioguideId>
        <middleName />
        <identifiers>
          <lisID>2100</lisID>
          <gpoId />
          <bioguideId>L000578</bioguideId>
        </identifiers>
        <lastName>LaMalfa</lastName>
        <isOriginalCosponsor>False</isOriginalCosponsor>
        <firstName>Doug</firstName>
        <state>CA</state>
      </item>
      <item>
        <district>19</district>
        <sponsorshipWithdrawnDate />
        <party>R</party>
        <fullName>Rep. Faso, John J. [R-NY-19]</fullName>
        <sponsorshipDate>2017-07-25</sponsorshipDate>
        <bioguideId>F000464</bioguideId>
        <middleName>J.</middleName>
        <identifiers>
          <lisID>2343</lisID>
          <bioguideId>F000464</bioguideId>
          <gpoId />
        </identifiers>
        <lastName>Faso</lastName>
        <isOriginalCosponsor>False</isOriginalCosponsor>
        <firstName>John</firstName>
        <state>NY</state>
      </item>
      <item>
        <district>4</district>
        <sponsorshipWithdrawnDate />
        <party>R</party>
        <fullName>Rep. Buck, Ken [R-CO-4]</fullName>
        <sponsorshipDate>2017-08-08</sponsorshipDate>
        <bioguideId>B001297</bioguideId>
        <middleName />
        <identifiers>
          <lisID>2233</lisID>
          <bioguideId>B001297</bioguideId>
          <gpoId />
        </identifiers>
        <lastName>Buck</lastName>
        <isOriginalCosponsor>False</isOriginalCosponsor>
        <firstName>Ken</firstName>
        <state>CO</state>
      </item>
      <item>
        <district>11</district>
        <sponsorshipWithdrawnDate />
        <party>R</party>
        <fullName>Rep. Loudermilk, Barry [R-GA-11]</fullName>
        <sponsorshipDate>2017-09-07</sponsorshipDate>
        <bioguideId>L000583</bioguideId>
        <middleName />
        <identifiers>
          <lisID>2238</lisID>
          <gpoId />
          <bioguideId>L000583</bioguideId>
        </identifiers>
        <lastName>Loudermilk</lastName>
        <isOriginalCosponsor>False</isOriginalCosponsor>
        <firstName>Barry</firstName>
        <state>GA</state>
      </item>
      <item>
        <district>49</district>
        <sponsorshipWithdrawnDate />
        <party>R</party>
        <fullName>Rep. Issa, Darrell E. [R-CA-49]</fullName>
        <sponsorshipDate>2017-12-13</sponsorshipDate>
        <bioguideId>I000056</bioguideId>
        <middleName>E.</middleName>
        <identifiers>
          <lisID>1640</lisID>
          <bioguideId>I000056</bioguideId>
          <gpoId>7854</gpoId>
        </identifiers>
        <lastName>ISSA</lastName>
        <isOriginalCosponsor>False</isOriginalCosponsor>
        <firstName>DARRELL</firstName>
        <state>CA</state>
      </item>
      <item>
        <district>21</district>
        <sponsorshipWithdrawnDate />
        <party>R</party>
        <fullName>Rep. Valadao, David G. [R-CA-21]</fullName>
        <sponsorshipDate>2017-12-13</sponsorshipDate>
        <bioguideId>V000129</bioguideId>
        <middleName>G.</middleName>
        <identifiers>
          <lisID>2105</lisID>
          <gpoId />
          <bioguideId>V000129</bioguideId>
        </identifiers>
        <lastName>Valadao</lastName>
        <isOriginalCosponsor>False</isOriginalCosponsor>
        <firstName>David</firstName>
        <state>CA</state>
      </item>
      <item>
        <district>7</district>
        <sponsorshipWithdrawnDate />
        <party>R</party>
        <fullName>Rep. Lance, Leonard [R-NJ-7]</fullName>
        <sponsorshipDate>2017-12-13</sponsorshipDate>
        <bioguideId>L000567</bioguideId>
        <middleName />
        <identifiers>
          <bioguideId>L000567</bioguideId>
          <lisID>1936</lisID>
          <gpoId>8049</gpoId>
        </identifiers>
        <lastName>Lance</lastName>
        <isOriginalCosponsor>False</isOriginalCosponsor>
        <firstName>Leonard</firstName>
        <state>NJ</state>
      </item>
    </cosponsors>
    <constitutionalAuthorityStatementText />
    <policyArea>
      <name>Congress</name>
    </policyArea>
    <cboCostEstimates />
    <laws />
    <congress>115</congress>
    <version>1.0.0</version>
    <introducedDate>2017-02-16</introducedDate>
    <committeeReports />
    <titles>
      <item>
        <chamberCode />
        <titleType>Official Title as Introduced</titleType>
        <parentTitleType />
        <chamberName />
        <title>Establishing a Joint Committee on the Organization of Congress.</title>
      </item>
      <item>
        <chamberCode />
        <titleType>Display Title</titleType>
        <parentTitleType />
        <chamberName />
        <title>Establishing a Joint Committee on the Organization of Congress.</title>
      </item>
    </titles>
    <calendarNumbers />
    <subjects>
      <billSubjects>
        <policyArea>
          <name>Congress</name>
        </policyArea>
        <legislativeSubjects>
          <item>
            <name>Congressional committees</name>
          </item>
          <item>
            <name>Congressional operations and organization</name>
          </item>
          <item>
            <name>Government studies and investigations</name>
          </item>
          <item>
            <name>Legislative rules and procedure</name>
          </item>
        </legislativeSubjects>
      </billSubjects>
    </subjects>
    <billType>HCONRES</billType>
  </bill>
  <dublinCore xmlns:dc="http://purl.org/dc/elements/1.1/">
    <dc:format>text/xml</dc:format>
    <dc:language>EN</dc:language>
    <dc:rights>Pursuant to Title 17 Section 105 of the United States Code, this file is not subject to copyright protection and is in the public domain.</dc:rights>
    <dc:contributor>Congressional Research Service, Library of Congress</dc:contributor>
    <dc:description>This file contains bill summaries and statuses for federal legislation. A bill summary describes the most significant provisions of a piece of legislation and details the effects the legislative text may have on current law and federal programs. Bill summaries are authored by the Congressional Research Service (CRS) of the Library of Congress. As stated in Public Law 91-510 (2 USC 166 (d)(6)), one of the duties of CRS is "to prepare summaries and digests of bills and resolutions of a public general nature introduced in the Senate or House of Representatives". For more information, refer to the User Guide that accompanies this file.</dc:description>
  </dublinCore>
</billStatus>

