<?xml version="1.0" encoding="UTF-8"?>
<billStatus>
  <bill>
    <calendarNumbers />
    <constitutionalAuthorityStatementText />
    <congress>115</congress>
    <titles>
      <item>
        <titleType>Official Title as Introduced</titleType>
        <parentTitleType />
        <chamberName />
        <title>Expressing the sense of Congress regarding the United States Capitol Police and their role in securing the United States Capitol complex and protecting Members of Congress, their staff, and the general public.</title>
        <chamberCode />
      </item>
      <item>
        <titleType>Display Title</titleType>
        <parentTitleType />
        <chamberName />
        <title>Expressing the sense of Congress regarding the United States Capitol Police and their role in securing the United States Capitol complex and protecting Members of Congress, their staff, and the general public.</title>
        <chamberCode />
      </item>
    </titles>
    <introducedDate>2017-06-14</introducedDate>
    <latestAction>
      <actionDate>2017-06-14</actionDate>
      <text>Referred to the House Committee on House Administration.</text>
      <links />
    </latestAction>
    <title>Expressing the sense of Congress regarding the United States Capitol Police and their role in securing the United States Capitol complex and protecting Members of Congress, their staff, and the general public.</title>
    <subjects>
      <billSubjects>
        <legislativeSubjects>
          <item>
            <name>Congressional agencies</name>
          </item>
          <item>
            <name>Congressional officers and employees</name>
          </item>
          <item>
            <name>Congressional tributes</name>
          </item>
          <item>
            <name>Law enforcement officers</name>
          </item>
          <item>
            <name>Members of Congress</name>
          </item>
          <item>
            <name>Protection of officials</name>
          </item>
          <item>
            <name>U.S. Capitol</name>
          </item>
        </legislativeSubjects>
        <policyArea>
          <name>Congress</name>
        </policyArea>
      </billSubjects>
    </subjects>
    <relatedBills />
    <updateDate>2018-02-06T16:39:23Z</updateDate>
    <committeeReports />
    <notes />
    <recordedVotes />
    <amendments />
    <billType>HCONRES</billType>
    <committees>
      <billCommittees>
        <item>
          <chamber>House</chamber>
          <subcommittees />
          <type>Standing</type>
          <activities>
            <item>
              <date>2017-06-14T14:00:09Z</date>
              <name>Referred to</name>
            </item>
          </activities>
          <systemCode>hsha00</systemCode>
          <name>House Administration Committee</name>
        </item>
      </billCommittees>
    </committees>
    <cboCostEstimates />
    <billNumber>64</billNumber>
    <policyArea>
      <name>Congress</name>
    </policyArea>
    <version>1.0.0</version>
    <createDate>2017-06-15T03:11:34Z</createDate>
    <originChamber>House</originChamber>
    <actions>
      <actionByCounts>
        <houseOfRepresentatives>3</houseOfRepresentatives>
      </actionByCounts>
      <item>
        <text>Referred to the House Committee on House Administration.</text>
        <type>IntroReferral</type>
        <sourceSystem>
          <name>House floor actions</name>
          <code>2</code>
        </sourceSystem>
        <committee>
          <name>House Administration Committee</name>
          <systemCode>hsha00</systemCode>
        </committee>
        <actionCode>H11100</actionCode>
        <actionDate>2017-06-14</actionDate>
        <links />
      </item>
      <item>
        <text>Introduced in House</text>
        <type>IntroReferral</type>
        <sourceSystem>
          <name>Library of Congress</name>
          <code>9</code>
        </sourceSystem>
        <committee />
        <actionCode>Intro-H</actionCode>
        <actionDate>2017-06-14</actionDate>
        <links />
      </item>
      <item>
        <text>Introduced in House</text>
        <type>IntroReferral</type>
        <sourceSystem>
          <name>Library of Congress</name>
          <code>9</code>
        </sourceSystem>
        <committee />
        <actionCode>1000</actionCode>
        <actionDate>2017-06-14</actionDate>
        <links />
      </item>
      <actionTypeCounts>
        <introducedInHouse>1</introducedInHouse>
        <billReferrals>1</billReferrals>
        <introducedInTheHouse>1</introducedInTheHouse>
      </actionTypeCounts>
    </actions>
    <sponsors>
      <item>
        <party>D</party>
        <bioguideId>J000126</bioguideId>
        <district>30</district>
        <firstName>EDDIE</firstName>
        <middleName>BERNICE</middleName>
        <state>TX</state>
        <fullName>Rep. Johnson, Eddie Bernice [D-TX-30]</fullName>
        <identifiers>
          <gpoId>8186</gpoId>
          <lisID>599</lisID>
          <bioguideId>J000126</bioguideId>
        </identifiers>
        <lastName>JOHNSON</lastName>
        <byRequestType />
      </item>
    </sponsors>
    <summaries>
      <billSummaries>
        <item>
          <versionCode>00</versionCode>
          <updateDate>2017-06-14T04:00:00Z</updateDate>
          <actionDate>2017-06-14</actionDate>
          <text><![CDATA[<p>Expresses the sense of Congress that: (1) the United States Capitol Police is an invaluable asset to Congress and the community; (2) its officers deserve the utmost appreciation and respect; and (3) the congressional community is expressly grateful for the innumerable contributions and sacrifices of its officers to secure the U.S. Capitol complex and protect Members of Congress, their staff, and the general public.</p>]]></text>
          <actionDesc>Introduced in House</actionDesc>
          <lastSummaryUpdateDate>2017-07-05T18:27:47Z</lastSummaryUpdateDate>
          <name>Introduced in House</name>
        </item>
      </billSummaries>
    </summaries>
    <laws />
    <cosponsors>
      <item>
        <identifiers>
          <lisID>1810</lisID>
          <bioguideId>R000578</bioguideId>
          <gpoId>8212</gpoId>
        </identifiers>
        <sponsorshipDate>2017-06-14</sponsorshipDate>
        <district>8</district>
        <middleName>G.</middleName>
        <sponsorshipWithdrawnDate />
        <fullName>Rep. Reichert, David G. [R-WA-8]</fullName>
        <party>R</party>
        <firstName>David</firstName>
        <isOriginalCosponsor>True</isOriginalCosponsor>
        <lastName>Reichert</lastName>
        <state>WA</state>
        <bioguideId>R000578</bioguideId>
      </item>
      <item>
        <identifiers>
          <lisID>1889</lisID>
          <bioguideId>C001072</bioguideId>
          <gpoId>7946</gpoId>
        </identifiers>
        <sponsorshipDate>2017-06-14</sponsorshipDate>
        <district>7</district>
        <middleName />
        <sponsorshipWithdrawnDate />
        <fullName>Rep. Carson, Andre [D-IN-7]</fullName>
        <party>D</party>
        <firstName>Andre</firstName>
        <isOriginalCosponsor>True</isOriginalCosponsor>
        <lastName>Carson</lastName>
        <state>IN</state>
        <bioguideId>C001072</bioguideId>
      </item>
      <item>
        <identifiers>
          <lisID>1510</lisID>
          <bioguideId>P000096</bioguideId>
          <gpoId>8050</gpoId>
        </identifiers>
        <sponsorshipDate>2017-06-14</sponsorshipDate>
        <district>9</district>
        <middleName>J.</middleName>
        <sponsorshipWithdrawnDate />
        <fullName>Rep. Pascrell, Bill, Jr. [D-NJ-9]</fullName>
        <party>D</party>
        <firstName>WILLIAM</firstName>
        <isOriginalCosponsor>True</isOriginalCosponsor>
        <lastName>PASCRELL</lastName>
        <state>NJ</state>
        <bioguideId>P000096</bioguideId>
      </item>
      <item>
        <identifiers>
          <bioguideId>N000147</bioguideId>
          <gpoId>7871</gpoId>
          <lisID>868</lisID>
        </identifiers>
        <sponsorshipDate>2017-06-26</sponsorshipDate>
        <district>0</district>
        <middleName>HOLMES</middleName>
        <sponsorshipWithdrawnDate />
        <fullName>Rep. Norton, Eleanor Holmes [D-DC-At Large]</fullName>
        <party>D</party>
        <firstName>ELEANOR</firstName>
        <isOriginalCosponsor>False</isOriginalCosponsor>
        <lastName>NORTON</lastName>
        <state>DC</state>
        <bioguideId>N000147</bioguideId>
      </item>
      <item>
        <identifiers>
          <lisID>1184</lisID>
          <bioguideId>V000081</bioguideId>
          <gpoId>8073</gpoId>
        </identifiers>
        <sponsorshipDate>2017-06-26</sponsorshipDate>
        <district>7</district>
        <middleName>M.</middleName>
        <sponsorshipWithdrawnDate />
        <fullName>Rep. Velazquez, Nydia M. [D-NY-7]</fullName>
        <party>D</party>
        <firstName>NYDIA</firstName>
        <isOriginalCosponsor>False</isOriginalCosponsor>
        <lastName>VELAZQUEZ</lastName>
        <state>NY</state>
        <bioguideId>V000081</bioguideId>
      </item>
      <item>
        <identifiers>
          <bioguideId>L000565</bioguideId>
          <lisID>1846</lisID>
          <gpoId>7915</gpoId>
        </identifiers>
        <sponsorshipDate>2017-06-26</sponsorshipDate>
        <district>2</district>
        <middleName />
        <sponsorshipWithdrawnDate />
        <fullName>Rep. Loebsack, David [D-IA-2]</fullName>
        <party>D</party>
        <firstName>David</firstName>
        <isOriginalCosponsor>False</isOriginalCosponsor>
        <lastName>Loebsack</lastName>
        <state>IA</state>
        <bioguideId>L000565</bioguideId>
      </item>
      <item>
        <identifiers>
          <gpoId />
          <lisID>2273</lisID>
          <bioguideId>C001105</bioguideId>
        </identifiers>
        <sponsorshipDate>2017-06-26</sponsorshipDate>
        <district>10</district>
        <middleName />
        <sponsorshipWithdrawnDate />
        <fullName>Rep. Comstock, Barbara [R-VA-10]</fullName>
        <party>R</party>
        <firstName>Barbara</firstName>
        <isOriginalCosponsor>False</isOriginalCosponsor>
        <lastName>Comstock</lastName>
        <state>VA</state>
        <bioguideId>C001105</bioguideId>
      </item>
      <item>
        <identifiers>
          <gpoId />
          <bioguideId>K000385</bioguideId>
          <lisID>2190</lisID>
        </identifiers>
        <sponsorshipDate>2017-06-26</sponsorshipDate>
        <district>2</district>
        <middleName>L.</middleName>
        <sponsorshipWithdrawnDate />
        <fullName>Rep. Kelly, Robin L. [D-IL-2]</fullName>
        <party>D</party>
        <firstName>Robin</firstName>
        <isOriginalCosponsor>False</isOriginalCosponsor>
        <lastName>Kelly</lastName>
        <state>IL</state>
        <bioguideId>K000385</bioguideId>
      </item>
      <item>
        <identifiers>
          <lisID>2293</lisID>
          <bioguideId>D000625</bioguideId>
          <gpoId />
        </identifiers>
        <sponsorshipDate>2017-06-26</sponsorshipDate>
        <district>11</district>
        <middleName>M.</middleName>
        <sponsorshipWithdrawnDate />
        <fullName>Rep. Donovan, Daniel M., Jr. [R-NY-11]</fullName>
        <party>R</party>
        <firstName>Daniel</firstName>
        <isOriginalCosponsor>False</isOriginalCosponsor>
        <lastName>Donovan</lastName>
        <state>NY</state>
        <bioguideId>D000625</bioguideId>
      </item>
    </cosponsors>
  </bill>
  <dublinCore xmlns:dc="http://purl.org/dc/elements/1.1/">
    <dc:format>text/xml</dc:format>
    <dc:language>EN</dc:language>
    <dc:rights>Pursuant to Title 17 Section 105 of the United States Code, this file is not subject to copyright protection and is in the public domain.</dc:rights>
    <dc:contributor>Congressional Research Service, Library of Congress</dc:contributor>
    <dc:description>This file contains bill summaries and statuses for federal legislation. A bill summary describes the most significant provisions of a piece of legislation and details the effects the legislative text may have on current law and federal programs. Bill summaries are authored by the Congressional Research Service (CRS) of the Library of Congress. As stated in Public Law 91-510 (2 USC 166 (d)(6)), one of the duties of CRS is "to prepare summaries and digests of bills and resolutions of a public general nature introduced in the Senate or House of Representatives". For more information, refer to the User Guide that accompanies this file.</dc:description>
  </dublinCore>
</billStatus>

