<?xml version="1.0" encoding="UTF-8"?>
<billStatus>
  <bill>
    <titles>
      <item>
        <title>Commemorating the 100th anniversary of the United States declaration of war against Germany and entry into World War I and recognizing and appreciating the lasting historical significance and heroic human endeavor and sacrifice of the United States Armed Forces in that conflict.</title>
        <titleType>Official Title as Introduced</titleType>
        <parentTitleType />
        <chamberCode />
        <chamberName />
      </item>
      <item>
        <title>Commemorating the 100th anniversary of the United States declaration of war against Germany and entry into World War I and recognizing and appreciating the lasting historical significance and heroic human endeavor and sacrifice of the United States Armed Forces in that conflict.</title>
        <titleType>Display Title</titleType>
        <parentTitleType />
        <chamberCode />
        <chamberName />
      </item>
    </titles>
    <committeeReports />
    <sponsors>
      <item>
        <firstName>WALTER</firstName>
        <middleName>B.</middleName>
        <identifiers>
          <lisID>612</lisID>
          <bioguideId>J000255</bioguideId>
          <gpoId>8026</gpoId>
        </identifiers>
        <party>R</party>
        <bioguideId>J000255</bioguideId>
        <lastName>JONES</lastName>
        <fullName>Rep. Jones, Walter B., Jr. [R-NC-3]</fullName>
        <byRequestType />
        <district>3</district>
        <state>NC</state>
      </item>
    </sponsors>
    <title>Commemorating the 100th anniversary of the United States declaration of war against Germany and entry into World War I and recognizing and appreciating the lasting historical significance and heroic human endeavor and sacrifice of the United States Armed Forces in that conflict.</title>
    <actions>
      <actionByCounts>
        <houseOfRepresentatives>4</houseOfRepresentatives>
      </actionByCounts>
      <item>
        <actionDate>2017-04-05</actionDate>
        <committee>
          <name>Military Personnel Subcommittee</name>
          <systemCode>hsas02</systemCode>
        </committee>
        <links />
        <sourceSystem>
          <name>House committee actions</name>
          <code>1</code>
        </sourceSystem>
        <text>Referred to the Subcommittee on Military Personnel.</text>
        <type>Committee</type>
      </item>
      <item>
        <text>Sponsor introductory remarks on measure. (CR H2699)</text>
        <type>IntroReferral</type>
        <sourceSystem>
          <name>Library of Congress</name>
          <code>9</code>
        </sourceSystem>
        <committee />
        <actionCode>B00100</actionCode>
        <actionDate>2017-04-05</actionDate>
        <links>
          <link>
            <name>H2699</name>
            <url>https://www.congress.gov/congressional-record/volume-163/house-section/page/H2699</url>
          </link>
        </links>
      </item>
      <item>
        <text>Referred to the House Committee on Armed Services.</text>
        <type>IntroReferral</type>
        <sourceSystem>
          <name>House floor actions</name>
          <code>2</code>
        </sourceSystem>
        <committee>
          <name>Armed Services Committee</name>
          <systemCode>hsas00</systemCode>
        </committee>
        <actionCode>H11100</actionCode>
        <actionDate>2017-03-29</actionDate>
        <links />
      </item>
      <item>
        <text>Introduced in House</text>
        <type>IntroReferral</type>
        <sourceSystem>
          <name>Library of Congress</name>
          <code>9</code>
        </sourceSystem>
        <committee />
        <actionCode>Intro-H</actionCode>
        <actionDate>2017-03-29</actionDate>
        <links />
      </item>
      <item>
        <text>Introduced in House</text>
        <type>IntroReferral</type>
        <sourceSystem>
          <name>Library of Congress</name>
          <code>9</code>
        </sourceSystem>
        <committee />
        <actionCode>1000</actionCode>
        <actionDate>2017-03-29</actionDate>
        <links />
      </item>
      <actionTypeCounts>
        <introducedInHouse>1</introducedInHouse>
        <placeholderTextForH>1</placeholderTextForH>
        <billReferrals>1</billReferrals>
        <placeholderTextForB>1</placeholderTextForB>
        <introducedInTheHouse>1</introducedInTheHouse>
      </actionTypeCounts>
    </actions>
    <summaries>
      <billSummaries>
        <item>
          <updateDate>2017-03-29T04:00:00Z</updateDate>
          <actionDesc>Introduced in House</actionDesc>
          <versionCode>00</versionCode>
          <name>Introduced in House</name>
          <text><![CDATA[<p>Honors the members of the U.S. Armed Forces for their service during World War I.</p>  <p>Congratulates the U.S. Army, Navy, Marine Corps, Air Force, and Coast Guard during the commemoration of the centennial of World War I.</p>  <ul> </ul>]]></text>
          <lastSummaryUpdateDate>2017-06-15T18:48:48Z</lastSummaryUpdateDate>
          <actionDate>2017-03-29</actionDate>
        </item>
      </billSummaries>
    </summaries>
    <constitutionalAuthorityStatementText />
    <billNumber>41</billNumber>
    <calendarNumbers />
    <originChamber>House</originChamber>
    <version>1.0.0</version>
    <subjects>
      <billSubjects>
        <policyArea>
          <name>Armed Forces and National Security</name>
        </policyArea>
        <legislativeSubjects>
          <item>
            <name>Commemorative events and holidays</name>
          </item>
          <item>
            <name>Conflicts and wars</name>
          </item>
          <item>
            <name>Congressional tributes</name>
          </item>
          <item>
            <name>Europe</name>
          </item>
          <item>
            <name>Military history</name>
          </item>
          <item>
            <name>Military personnel and dependents</name>
          </item>
          <item>
            <name>Veterans' organizations and recognition</name>
          </item>
          <item>
            <name>World history</name>
          </item>
        </legislativeSubjects>
      </billSubjects>
    </subjects>
    <cosponsors>
      <item>
        <isOriginalCosponsor>True</isOriginalCosponsor>
        <fullName>Rep. Shea-Porter, Carol [D-NH-1]</fullName>
        <middleName />
        <sponsorshipDate>2017-03-29</sponsorshipDate>
        <bioguideId>S001170</bioguideId>
        <lastName>Shea-Porter</lastName>
        <party>D</party>
        <district>1</district>
        <firstName>Carol</firstName>
        <state>NH</state>
        <identifiers>
          <lisID>1861</lisID>
          <bioguideId>S001170</bioguideId>
          <gpoId>7528</gpoId>
        </identifiers>
        <sponsorshipWithdrawnDate />
      </item>
      <item>
        <isOriginalCosponsor>False</isOriginalCosponsor>
        <fullName>Rep. Courtney, Joe [D-CT-2]</fullName>
        <middleName />
        <sponsorshipDate>2017-04-08</sponsorshipDate>
        <bioguideId>C001069</bioguideId>
        <lastName>Courtney</lastName>
        <party>D</party>
        <district>2</district>
        <firstName>Joe</firstName>
        <state>CT</state>
        <identifiers>
          <lisID>1836</lisID>
          <gpoId>7867</gpoId>
          <bioguideId>C001069</bioguideId>
        </identifiers>
        <sponsorshipWithdrawnDate />
      </item>
      <item>
        <isOriginalCosponsor>False</isOriginalCosponsor>
        <fullName>Rep. Hanabusa, Colleen [D-HI-1]</fullName>
        <middleName />
        <sponsorshipDate>2017-04-08</sponsorshipDate>
        <bioguideId>H001050</bioguideId>
        <lastName>Hanabusa</lastName>
        <party>D</party>
        <district>1</district>
        <firstName>Colleen</firstName>
        <state>HI</state>
        <identifiers>
          <bioguideId>H001050</bioguideId>
          <lisID>2010</lisID>
          <gpoId>7912</gpoId>
        </identifiers>
        <sponsorshipWithdrawnDate />
      </item>
      <item>
        <isOriginalCosponsor>False</isOriginalCosponsor>
        <fullName>Rep. Coffman, Mike [R-CO-6]</fullName>
        <middleName />
        <sponsorshipDate>2017-04-08</sponsorshipDate>
        <bioguideId>C001077</bioguideId>
        <lastName>Coffman</lastName>
        <party>R</party>
        <district>6</district>
        <firstName>Mike</firstName>
        <state>CO</state>
        <identifiers>
          <lisID>1912</lisID>
          <gpoId>7864</gpoId>
          <bioguideId>C001077</bioguideId>
        </identifiers>
        <sponsorshipWithdrawnDate />
      </item>
      <item>
        <isOriginalCosponsor>False</isOriginalCosponsor>
        <fullName>Rep. Peters, Scott H. [D-CA-52]</fullName>
        <middleName>H.</middleName>
        <sponsorshipDate>2017-04-08</sponsorshipDate>
        <bioguideId>P000608</bioguideId>
        <lastName>Peters</lastName>
        <party>D</party>
        <district>52</district>
        <firstName>Scott</firstName>
        <state>CA</state>
        <identifiers>
          <lisID>2113</lisID>
          <bioguideId>P000608</bioguideId>
          <gpoId />
        </identifiers>
        <sponsorshipWithdrawnDate />
      </item>
      <item>
        <isOriginalCosponsor>False</isOriginalCosponsor>
        <fullName>Rep. Graves, Sam [R-MO-6]</fullName>
        <middleName />
        <sponsorshipDate>2017-04-25</sponsorshipDate>
        <bioguideId>G000546</bioguideId>
        <lastName>GRAVES</lastName>
        <party>R</party>
        <district>6</district>
        <firstName>SAM</firstName>
        <state>MO</state>
        <identifiers>
          <lisID>1656</lisID>
          <bioguideId>G000546</bioguideId>
          <gpoId>8014</gpoId>
        </identifiers>
        <sponsorshipWithdrawnDate />
      </item>
      <item>
        <isOriginalCosponsor>False</isOriginalCosponsor>
        <fullName>Rep. Mast, Brian J. [R-FL-18]</fullName>
        <middleName>J.</middleName>
        <sponsorshipDate>2017-04-27</sponsorshipDate>
        <bioguideId>M001199</bioguideId>
        <lastName>Mast</lastName>
        <party>R</party>
        <district>18</district>
        <firstName>Brian</firstName>
        <state>FL</state>
        <identifiers>
          <lisID>2322</lisID>
          <bioguideId>M001199</bioguideId>
          <gpoId />
        </identifiers>
        <sponsorshipWithdrawnDate />
      </item>
      <item>
        <isOriginalCosponsor>False</isOriginalCosponsor>
        <fullName>Rep. DeFazio, Peter A. [D-OR-4]</fullName>
        <middleName>A.</middleName>
        <sponsorshipDate>2017-05-01</sponsorshipDate>
        <bioguideId>D000191</bioguideId>
        <lastName>DEFAZIO</lastName>
        <party>D</party>
        <district>4</district>
        <firstName>PETER</firstName>
        <state>OR</state>
        <identifiers>
          <lisID>279</lisID>
          <bioguideId>D000191</bioguideId>
          <gpoId>8117</gpoId>
        </identifiers>
        <sponsorshipWithdrawnDate />
      </item>
      <item>
        <isOriginalCosponsor>False</isOriginalCosponsor>
        <fullName>Rep. Shimkus, John [R-IL-15]</fullName>
        <middleName>M.</middleName>
        <sponsorshipDate>2017-05-01</sponsorshipDate>
        <bioguideId>S000364</bioguideId>
        <lastName>SHIMKUS</lastName>
        <party>R</party>
        <district>15</district>
        <firstName>JOHN</firstName>
        <state>IL</state>
        <identifiers>
          <gpoId>7939</gpoId>
          <bioguideId>S000364</bioguideId>
          <lisID>1527</lisID>
        </identifiers>
        <sponsorshipWithdrawnDate />
      </item>
      <item>
        <isOriginalCosponsor>False</isOriginalCosponsor>
        <fullName>Rep. Gallagher, Mike [R-WI-8]</fullName>
        <middleName />
        <sponsorshipDate>2017-05-02</sponsorshipDate>
        <bioguideId>G000579</bioguideId>
        <lastName>Gallagher</lastName>
        <party>R</party>
        <district>8</district>
        <firstName>Mike</firstName>
        <state>WI</state>
        <identifiers>
          <gpoId />
          <bioguideId>G000579</bioguideId>
          <lisID>2355</lisID>
        </identifiers>
        <sponsorshipWithdrawnDate />
      </item>
      <item>
        <isOriginalCosponsor>False</isOriginalCosponsor>
        <fullName>Rep. Gabbard, Tulsi [D-HI-2]</fullName>
        <middleName />
        <sponsorshipDate>2017-05-03</sponsorshipDate>
        <bioguideId>G000571</bioguideId>
        <lastName>Gabbard</lastName>
        <party>D</party>
        <district>2</district>
        <firstName>Tulsi</firstName>
        <state>HI</state>
        <identifiers>
          <gpoId />
          <lisID>2122</lisID>
          <bioguideId>G000571</bioguideId>
        </identifiers>
        <sponsorshipWithdrawnDate />
      </item>
      <item>
        <isOriginalCosponsor>False</isOriginalCosponsor>
        <fullName>Rep. Russell, Steve [R-OK-5]</fullName>
        <middleName />
        <sponsorshipDate>2017-05-08</sponsorshipDate>
        <bioguideId>R000604</bioguideId>
        <lastName>Russell</lastName>
        <party>R</party>
        <district>5</district>
        <firstName>Steve</firstName>
        <state>OK</state>
        <identifiers>
          <lisID>2265</lisID>
          <bioguideId>R000604</bioguideId>
          <gpoId />
        </identifiers>
        <sponsorshipWithdrawnDate />
      </item>
      <item>
        <isOriginalCosponsor>False</isOriginalCosponsor>
        <fullName>Rep. Sablan, Gregorio Kilili Camacho [D-MP-At Large]</fullName>
        <middleName>Kilili Camacho</middleName>
        <sponsorshipDate>2017-05-16</sponsorshipDate>
        <bioguideId>S001177</bioguideId>
        <lastName>Sablan</lastName>
        <party>D</party>
        <district>0</district>
        <firstName>Gregorio</firstName>
        <state>MP</state>
        <identifiers>
          <lisID>1962</lisID>
          <gpoId>8018</gpoId>
          <bioguideId>S001177</bioguideId>
        </identifiers>
        <sponsorshipWithdrawnDate />
      </item>
      <item>
        <isOriginalCosponsor>False</isOriginalCosponsor>
        <fullName>Rep. Radewagen, Aumua Amata Coleman [R-AS-At Large]</fullName>
        <middleName>Coleman</middleName>
        <sponsorshipDate>2017-05-16</sponsorshipDate>
        <bioguideId>R000600</bioguideId>
        <lastName>Radewagen</lastName>
        <party>R</party>
        <district>0</district>
        <firstName>Aumua Amata</firstName>
        <state>AS</state>
        <identifiers>
          <bioguideId>R000600</bioguideId>
          <gpoId />
          <lisID>2222</lisID>
        </identifiers>
        <sponsorshipWithdrawnDate />
      </item>
      <item>
        <isOriginalCosponsor>False</isOriginalCosponsor>
        <fullName>Rep. McKinley, David B. [R-WV-1]</fullName>
        <middleName>B.</middleName>
        <sponsorshipDate>2017-05-16</sponsorshipDate>
        <bioguideId>M001180</bioguideId>
        <lastName>McKinley</lastName>
        <party>R</party>
        <district>1</district>
        <firstName>David</firstName>
        <state>WV</state>
        <identifiers>
          <lisID>2074</lisID>
          <gpoId>8222</gpoId>
          <bioguideId>M001180</bioguideId>
        </identifiers>
        <sponsorshipWithdrawnDate />
      </item>
      <item>
        <isOriginalCosponsor>False</isOriginalCosponsor>
        <fullName>Rep. Ryan, Tim [D-OH-13]</fullName>
        <middleName />
        <sponsorshipDate>2017-05-16</sponsorshipDate>
        <bioguideId>R000577</bioguideId>
        <lastName>RYAN</lastName>
        <party>D</party>
        <district>13</district>
        <firstName>TIM</firstName>
        <state>OH</state>
        <identifiers>
          <lisID>1756</lisID>
          <gpoId>8107</gpoId>
          <bioguideId>R000577</bioguideId>
        </identifiers>
        <sponsorshipWithdrawnDate />
      </item>
      <item>
        <isOriginalCosponsor>False</isOriginalCosponsor>
        <fullName>Rep. Marshall, Roger W. [R-KS-1]</fullName>
        <middleName>W.</middleName>
        <sponsorshipDate>2017-05-16</sponsorshipDate>
        <bioguideId>M001198</bioguideId>
        <lastName>Marshall</lastName>
        <party>R</party>
        <district>1</district>
        <firstName>Roger</firstName>
        <state>KS</state>
        <identifiers>
          <bioguideId>M001198</bioguideId>
          <gpoId />
          <lisID>2328</lisID>
        </identifiers>
        <sponsorshipWithdrawnDate />
      </item>
      <item>
        <isOriginalCosponsor>False</isOriginalCosponsor>
        <fullName>Rep. Banks, Jim [R-IN-3]</fullName>
        <middleName />
        <sponsorshipDate>2017-05-18</sponsorshipDate>
        <bioguideId>B001299</bioguideId>
        <lastName>Banks</lastName>
        <party>R</party>
        <district>3</district>
        <firstName>Jim</firstName>
        <state>IN</state>
        <identifiers>
          <lisID>2326</lisID>
          <gpoId />
          <bioguideId>B001299</bioguideId>
        </identifiers>
        <sponsorshipWithdrawnDate />
      </item>
      <item>
        <isOriginalCosponsor>False</isOriginalCosponsor>
        <fullName>Rep. Bacon, Don [R-NE-2]</fullName>
        <middleName />
        <sponsorshipDate>2017-05-22</sponsorshipDate>
        <bioguideId>B001298</bioguideId>
        <lastName>Bacon</lastName>
        <party>R</party>
        <district>2</district>
        <firstName>Don</firstName>
        <state>NE</state>
        <identifiers>
          <bioguideId>B001298</bioguideId>
          <lisID>2337</lisID>
          <gpoId />
        </identifiers>
        <sponsorshipWithdrawnDate />
      </item>
      <item>
        <isOriginalCosponsor>False</isOriginalCosponsor>
        <fullName>Rep. Poe, Ted [R-TX-2]</fullName>
        <middleName />
        <sponsorshipDate>2017-06-02</sponsorshipDate>
        <bioguideId>P000592</bioguideId>
        <lastName>Poe</lastName>
        <party>R</party>
        <district>2</district>
        <firstName>Ted</firstName>
        <state>TX</state>
        <identifiers>
          <bioguideId>P000592</bioguideId>
          <lisID>1802</lisID>
          <gpoId>8158</gpoId>
        </identifiers>
        <sponsorshipWithdrawnDate />
      </item>
    </cosponsors>
    <latestAction>
      <text>Referred to the Subcommittee on Military Personnel.</text>
      <links />
      <actionDate>2017-04-05</actionDate>
    </latestAction>
    <laws />
    <notes />
    <createDate>2017-03-30T04:33:00Z</createDate>
    <billType>HCONRES</billType>
    <updateDate>2018-02-06T16:39:21Z</updateDate>
    <relatedBills>
      <item>
        <number>2810</number>
        <latestTitle>National Defense Authorization Act for Fiscal Year 2018</latestTitle>
        <type>HR</type>
        <relationshipDetails>
          <item>
            <identifiedBy>CRS</identifiedBy>
            <type>Related bill</type>
          </item>
        </relationshipDetails>
        <congress>115</congress>
        <latestAction>
          <text>Became Public Law No: 115-91.</text>
          <actionDate>2017-12-12</actionDate>
        </latestAction>
      </item>
    </relatedBills>
    <cboCostEstimates />
    <introducedDate>2017-03-29</introducedDate>
    <amendments />
    <policyArea>
      <name>Armed Forces and National Security</name>
    </policyArea>
    <recordedVotes />
    <congress>115</congress>
    <committees>
      <billCommittees>
        <item>
          <chamber>House</chamber>
          <subcommittees>
            <item>
              <systemCode>hsas02</systemCode>
              <activities>
                <item>
                  <name>Referred to</name>
                  <date>2017-04-05T14:07:41Z</date>
                </item>
              </activities>
              <name>Military Personnel Subcommittee</name>
            </item>
          </subcommittees>
          <systemCode>hsas00</systemCode>
          <name>Armed Services Committee</name>
          <activities>
            <item>
              <name>Referred to</name>
              <date>2017-03-29T12:01:45Z</date>
            </item>
          </activities>
          <type>Standing</type>
        </item>
      </billCommittees>
    </committees>
  </bill>
  <dublinCore xmlns:dc="http://purl.org/dc/elements/1.1/">
    <dc:format>text/xml</dc:format>
    <dc:language>EN</dc:language>
    <dc:rights>Pursuant to Title 17 Section 105 of the United States Code, this file is not subject to copyright protection and is in the public domain.</dc:rights>
    <dc:contributor>Congressional Research Service, Library of Congress</dc:contributor>
    <dc:description>This file contains bill summaries and statuses for federal legislation. A bill summary describes the most significant provisions of a piece of legislation and details the effects the legislative text may have on current law and federal programs. Bill summaries are authored by the Congressional Research Service (CRS) of the Library of Congress. As stated in Public Law 91-510 (2 USC 166 (d)(6)), one of the duties of CRS is "to prepare summaries and digests of bills and resolutions of a public general nature introduced in the Senate or House of Representatives". For more information, refer to the User Guide that accompanies this file.</dc:description>
  </dublinCore>
</billStatus>

