<?xml version="1.0" encoding="UTF-8"?>
<billStatus>
  <bill>
    <calendarNumbers />
    <title>Expressing the sense of Congress on the occasion of the 100th anniversary of the proclamation of independence of Czechoslovakia, the 25th anniversary of the independence of the Czech Republic and the Slovak Republic, and reaffirming the bonds of friendship and cooperation between the United States and the Czech Republic and the Slovak Republic.</title>
    <subjects>
      <billSubjects>
        <legislativeSubjects>
          <item>
            <name>Alliances</name>
          </item>
          <item>
            <name>Commemorative events and holidays</name>
          </item>
          <item>
            <name>Congressional tributes</name>
          </item>
          <item>
            <name>Czech Republic</name>
          </item>
          <item>
            <name>Diplomacy, foreign officials, Americans abroad</name>
          </item>
          <item>
            <name>Europe</name>
          </item>
          <item>
            <name>European Union</name>
          </item>
          <item>
            <name>International organizations and cooperation</name>
          </item>
          <item>
            <name>Political movements and philosophies</name>
          </item>
          <item>
            <name>Rule of law and government transparency</name>
          </item>
          <item>
            <name>Slovakia</name>
          </item>
          <item>
            <name>Sovereignty, recognition, national governance and status</name>
          </item>
          <item>
            <name>Terrorism</name>
          </item>
        </legislativeSubjects>
        <policyArea>
          <name>International Affairs</name>
        </policyArea>
      </billSubjects>
    </subjects>
    <summaries>
      <billSummaries />
    </summaries>
    <actions>
      <actionByCounts>
        <houseOfRepresentatives>3</houseOfRepresentatives>
      </actionByCounts>
      <actionTypeCounts>
        <introducedInHouse>1</introducedInHouse>
        <billReferrals>1</billReferrals>
        <introducedInTheHouse>1</introducedInTheHouse>
      </actionTypeCounts>
      <item>
        <links />
        <committee>
          <name>Foreign Affairs Committee</name>
          <systemCode>hsfa00</systemCode>
        </committee>
        <actionDate>2018-01-19</actionDate>
        <text>Referred to the House Committee on Foreign Affairs.</text>
        <sourceSystem>
          <name>House floor actions</name>
          <code>2</code>
        </sourceSystem>
        <type>IntroReferral</type>
        <actionCode>H11100</actionCode>
      </item>
      <item>
        <links />
        <committee />
        <actionDate>2018-01-19</actionDate>
        <text>Introduced in House</text>
        <sourceSystem>
          <name>Library of Congress</name>
          <code>9</code>
        </sourceSystem>
        <type>IntroReferral</type>
        <actionCode>Intro-H</actionCode>
      </item>
      <item>
        <links />
        <committee />
        <actionDate>2018-01-19</actionDate>
        <text>Introduced in House</text>
        <sourceSystem>
          <name>Library of Congress</name>
          <code>9</code>
        </sourceSystem>
        <type>IntroReferral</type>
        <actionCode>1000</actionCode>
      </item>
    </actions>
    <updateDate>2018-02-28T18:57:19Z</updateDate>
    <committeeReports />
    <version>1.0.0</version>
    <billNumber>99</billNumber>
    <constitutionalAuthorityStatementText />
    <policyArea>
      <name>International Affairs</name>
    </policyArea>
    <laws />
    <congress>115</congress>
    <relatedBills />
    <recordedVotes />
    <sponsors>
      <item>
        <fullName>Rep. Blum, Rod [R-IA-1]</fullName>
        <lastName>Blum</lastName>
        <byRequestType />
        <bioguideId>B001294</bioguideId>
        <party>R</party>
        <middleName />
        <state>IA</state>
        <firstName>Rod</firstName>
        <identifiers>
          <bioguideId>B001294</bioguideId>
          <lisID>2241</lisID>
          <gpoId />
        </identifiers>
        <district>1</district>
      </item>
    </sponsors>
    <titles>
      <item>
        <parentTitleType />
        <chamberCode />
        <chamberName />
        <titleType>Official Title as Introduced</titleType>
        <title>Expressing the sense of Congress on the occasion of the 100th anniversary of the proclamation of independence of Czechoslovakia, the 25th anniversary of the independence of the Czech Republic and the Slovak Republic, and reaffirming the bonds of friendship and cooperation between the United States and the Czech Republic and the Slovak Republic.</title>
      </item>
      <item>
        <parentTitleType />
        <chamberCode />
        <chamberName />
        <titleType>Display Title</titleType>
        <title>Expressing the sense of Congress on the occasion of the 100th anniversary of the proclamation of independence of Czechoslovakia, the 25th anniversary of the independence of the Czech Republic and the Slovak Republic, and reaffirming the bonds of friendship and cooperation between the United States and the Czech Republic and the Slovak Republic.</title>
      </item>
    </titles>
    <originChamber>House</originChamber>
    <latestAction>
      <text>Referred to the House Committee on Foreign Affairs.</text>
      <actionDate>2018-01-19</actionDate>
      <links />
    </latestAction>
    <createDate>2018-01-20T03:11:02Z</createDate>
    <cosponsors>
      <item>
        <middleName>J.</middleName>
        <firstName>PETER</firstName>
        <sponsorshipWithdrawnDate />
        <sponsorshipDate>2018-01-19</sponsorshipDate>
        <party>D</party>
        <isOriginalCosponsor>True</isOriginalCosponsor>
        <identifiers>
          <gpoId>7940</gpoId>
          <lisID>1188</lisID>
          <bioguideId>V000108</bioguideId>
        </identifiers>
        <bioguideId>V000108</bioguideId>
        <state>IN</state>
        <fullName>Rep. Visclosky, Peter J. [D-IN-1]</fullName>
        <lastName>VISCLOSKY</lastName>
        <district>1</district>
      </item>
      <item>
        <middleName>D.</middleName>
        <firstName>JANICE</firstName>
        <sponsorshipWithdrawnDate />
        <sponsorshipDate>2018-01-19</sponsorshipDate>
        <party>D</party>
        <isOriginalCosponsor>True</isOriginalCosponsor>
        <identifiers>
          <lisID>1588</lisID>
          <gpoId>7929</gpoId>
          <bioguideId>S001145</bioguideId>
        </identifiers>
        <bioguideId>S001145</bioguideId>
        <state>IL</state>
        <fullName>Rep. Schakowsky, Janice D. [D-IL-9]</fullName>
        <lastName>SCHAKOWSKY</lastName>
        <district>9</district>
      </item>
      <item>
        <middleName>L.</middleName>
        <firstName>JOE</firstName>
        <sponsorshipWithdrawnDate />
        <sponsorshipDate>2018-01-19</sponsorshipDate>
        <party>R</party>
        <isOriginalCosponsor>True</isOriginalCosponsor>
        <identifiers>
          <bioguideId>B000213</bioguideId>
          <gpoId>8162</gpoId>
          <lisID>62</lisID>
        </identifiers>
        <bioguideId>B000213</bioguideId>
        <state>TX</state>
        <fullName>Rep. Barton, Joe [R-TX-6]</fullName>
        <lastName>BARTON</lastName>
        <district>6</district>
      </item>
      <item>
        <middleName />
        <firstName>Debbie</firstName>
        <sponsorshipWithdrawnDate />
        <sponsorshipDate>2018-01-19</sponsorshipDate>
        <party>D</party>
        <isOriginalCosponsor>True</isOriginalCosponsor>
        <identifiers>
          <bioguideId>D000624</bioguideId>
          <lisID>2251</lisID>
          <gpoId />
        </identifiers>
        <bioguideId>D000624</bioguideId>
        <state>MI</state>
        <fullName>Rep. Dingell, Debbie [D-MI-12]</fullName>
        <lastName>Dingell</lastName>
        <district>12</district>
      </item>
      <item>
        <middleName />
        <firstName>MARCY</firstName>
        <sponsorshipWithdrawnDate />
        <sponsorshipDate>2018-02-08</sponsorshipDate>
        <party>D</party>
        <isOriginalCosponsor>False</isOriginalCosponsor>
        <identifiers>
          <gpoId>8099</gpoId>
          <bioguideId>K000009</bioguideId>
          <lisID>616</lisID>
        </identifiers>
        <bioguideId>K000009</bioguideId>
        <state>OH</state>
        <fullName>Rep. Kaptur, Marcy [D-OH-9]</fullName>
        <lastName>KAPTUR</lastName>
        <district>9</district>
      </item>
    </cosponsors>
    <notes />
    <committees>
      <billCommittees>
        <item>
          <activities>
            <item>
              <name>Referred to</name>
              <date>2018-01-19T14:00:53Z</date>
            </item>
          </activities>
          <subcommittees />
          <systemCode>hsfa00</systemCode>
          <name>Foreign Affairs Committee</name>
          <type>Standing</type>
          <chamber>House</chamber>
        </item>
      </billCommittees>
    </committees>
    <introducedDate>2018-01-19</introducedDate>
    <billType>HCONRES</billType>
    <amendments />
    <cboCostEstimates />
  </bill>
  <dublinCore xmlns:dc="http://purl.org/dc/elements/1.1/">
    <dc:format>text/xml</dc:format>
    <dc:language>EN</dc:language>
    <dc:rights>Pursuant to Title 17 Section 105 of the United States Code, this file is not subject to copyright protection and is in the public domain.</dc:rights>
    <dc:contributor>Congressional Research Service, Library of Congress</dc:contributor>
    <dc:description>This file contains bill summaries and statuses for federal legislation. A bill summary describes the most significant provisions of a piece of legislation and details the effects the legislative text may have on current law and federal programs. Bill summaries are authored by the Congressional Research Service (CRS) of the Library of Congress. As stated in Public Law 91-510 (2 USC 166 (d)(6)), one of the duties of CRS is "to prepare summaries and digests of bills and resolutions of a public general nature introduced in the Senate or House of Representatives". For more information, refer to the User Guide that accompanies this file.</dc:description>
  </dublinCore>
</billStatus>

