<?xml version="1.0" encoding="UTF-8"?>
<billStatus>
  <bill>
    <policyArea>
      <name>Taxation</name>
    </policyArea>
    <introducedDate>2017-03-17</introducedDate>
    <cosponsors>
      <item>
        <isOriginalCosponsor>True</isOriginalCosponsor>
        <middleName>J.</middleName>
        <sponsorshipDate>2017-03-17</sponsorshipDate>
        <firstName>PATRICK</firstName>
        <party>R</party>
        <identifiers>
          <gpoId>8102</gpoId>
          <bioguideId>T000462</bioguideId>
          <lisID>1664</lisID>
        </identifiers>
        <district>12</district>
        <sponsorshipWithdrawnDate />
        <fullName>Rep. Tiberi, Patrick J. [R-OH-12]</fullName>
        <bioguideId>T000462</bioguideId>
        <lastName>TIBERI</lastName>
        <state>OH</state>
      </item>
      <item>
        <isOriginalCosponsor>False</isOriginalCosponsor>
        <middleName>K.</middleName>
        <sponsorshipDate>2017-06-29</sponsorshipDate>
        <firstName>DANNY</firstName>
        <party>D</party>
        <identifiers>
          <lisID>1477</lisID>
          <bioguideId>D000096</bioguideId>
          <gpoId>7927</gpoId>
        </identifiers>
        <district>7</district>
        <sponsorshipWithdrawnDate />
        <fullName>Rep. Davis, Danny K. [D-IL-7]</fullName>
        <bioguideId>D000096</bioguideId>
        <lastName>DAVIS</lastName>
        <state>IL</state>
      </item>
    </cosponsors>
    <titles>
      <item>
        <chamberCode />
        <title>Recognizing the 100th anniversary of the charitable contribution deduction.</title>
        <titleType>Official Title as Introduced</titleType>
        <parentTitleType />
        <chamberName />
      </item>
      <item>
        <chamberCode />
        <title>Recognizing the 100th anniversary of the charitable contribution deduction.</title>
        <titleType>Display Title</titleType>
        <parentTitleType />
        <chamberName />
      </item>
    </titles>
    <congress>115</congress>
    <recordedVotes />
    <amendments />
    <laws />
    <cboCostEstimates />
    <actions>
      <actionTypeCounts>
        <introducedInTheHouse>1</introducedInTheHouse>
        <introducedInHouse>1</introducedInHouse>
        <billReferrals>1</billReferrals>
      </actionTypeCounts>
      <item>
        <text>Referred to the House Committee on Ways and Means.</text>
        <links />
        <actionDate>2017-03-17</actionDate>
        <committee>
          <systemCode>hswm00</systemCode>
          <name>Ways and Means Committee</name>
        </committee>
        <sourceSystem>
          <name>House floor actions</name>
          <code>2</code>
        </sourceSystem>
        <type>IntroReferral</type>
        <actionCode>H11100</actionCode>
      </item>
      <item>
        <text>Introduced in House</text>
        <links />
        <actionDate>2017-03-17</actionDate>
        <committee />
        <sourceSystem>
          <name>Library of Congress</name>
          <code>9</code>
        </sourceSystem>
        <type>IntroReferral</type>
        <actionCode>Intro-H</actionCode>
      </item>
      <item>
        <text>Introduced in House</text>
        <links />
        <actionDate>2017-03-17</actionDate>
        <committee />
        <sourceSystem>
          <name>Library of Congress</name>
          <code>9</code>
        </sourceSystem>
        <type>IntroReferral</type>
        <actionCode>1000</actionCode>
      </item>
      <actionByCounts>
        <houseOfRepresentatives>3</houseOfRepresentatives>
      </actionByCounts>
    </actions>
    <updateDate>2018-02-06T16:39:21Z</updateDate>
    <summaries>
      <billSummaries>
        <item>
          <text><![CDATA[<p>Reaffirms the importance of encouraging rather than diminishing philanthropic services which respond to the needs of communities. Recognizes the 100th anniversary of the tax deduction for charitable contributions. </p>]]></text>
          <actionDate>2017-03-17</actionDate>
          <updateDate>2017-03-17T04:00:00Z</updateDate>
          <lastSummaryUpdateDate>2017-03-24T18:28:18Z</lastSummaryUpdateDate>
          <name>Introduced in House</name>
          <actionDesc>Introduced in House</actionDesc>
          <versionCode>00</versionCode>
        </item>
      </billSummaries>
    </summaries>
    <title>Recognizing the 100th anniversary of the charitable contribution deduction.</title>
    <calendarNumbers />
    <originChamber>House</originChamber>
    <constitutionalAuthorityStatementText />
    <notes />
    <billType>HCONRES</billType>
    <committees>
      <billCommittees>
        <item>
          <systemCode>hswm00</systemCode>
          <chamber>House</chamber>
          <type>Standing</type>
          <activities>
            <item>
              <name>Referred to</name>
              <date>2017-03-17T13:00:46Z</date>
            </item>
          </activities>
          <name>Ways and Means Committee</name>
          <subcommittees />
        </item>
      </billCommittees>
    </committees>
    <latestAction>
      <text>Referred to the House Committee on Ways and Means.</text>
      <actionDate>2017-03-17</actionDate>
      <links />
    </latestAction>
    <committeeReports />
    <billNumber>34</billNumber>
    <sponsors>
      <item>
        <byRequestType />
        <state>GA</state>
        <bioguideId>L000287</bioguideId>
        <identifiers>
          <gpoId>7902</gpoId>
          <lisID>688</lisID>
          <bioguideId>L000287</bioguideId>
        </identifiers>
        <fullName>Rep. Lewis, John [D-GA-5]</fullName>
        <district>5</district>
        <lastName>LEWIS</lastName>
        <firstName>JOHN</firstName>
        <middleName />
        <party>D</party>
      </item>
    </sponsors>
    <subjects>
      <billSubjects>
        <legislativeSubjects>
          <item>
            <name>Charitable contributions</name>
          </item>
          <item>
            <name>Commemorative events and holidays</name>
          </item>
          <item>
            <name>Income tax deductions</name>
          </item>
        </legislativeSubjects>
        <policyArea>
          <name>Taxation</name>
        </policyArea>
      </billSubjects>
    </subjects>
    <createDate>2017-03-18T04:55:10Z</createDate>
    <version>1.0.0</version>
    <relatedBills />
  </bill>
  <dublinCore xmlns:dc="http://purl.org/dc/elements/1.1/">
    <dc:format>text/xml</dc:format>
    <dc:language>EN</dc:language>
    <dc:rights>Pursuant to Title 17 Section 105 of the United States Code, this file is not subject to copyright protection and is in the public domain.</dc:rights>
    <dc:contributor>Congressional Research Service, Library of Congress</dc:contributor>
    <dc:description>This file contains bill summaries and statuses for federal legislation. A bill summary describes the most significant provisions of a piece of legislation and details the effects the legislative text may have on current law and federal programs. Bill summaries are authored by the Congressional Research Service (CRS) of the Library of Congress. As stated in Public Law 91-510 (2 USC 166 (d)(6)), one of the duties of CRS is "to prepare summaries and digests of bills and resolutions of a public general nature introduced in the Senate or House of Representatives". For more information, refer to the User Guide that accompanies this file.</dc:description>
  </dublinCore>
</billStatus>

