<?xml version="1.0" encoding="UTF-8"?>
<billStatus>
  <bill>
    <titles>
      <item>
        <titleType>Official Title as Introduced</titleType>
        <parentTitleType />
        <chamberName />
        <title>Regarding consent to assemble outside the seat of government.</title>
        <chamberCode />
      </item>
      <item>
        <titleType>Display Title</titleType>
        <parentTitleType />
        <chamberName />
        <title>Regarding consent to assemble outside the seat of government.</title>
        <chamberCode />
      </item>
    </titles>
    <committeeReports />
    <sponsors>
      <item>
        <firstName>PETE</firstName>
        <middleName />
        <identifiers>
          <lisID>1525</lisID>
          <gpoId>8188</gpoId>
          <bioguideId>S000250</bioguideId>
        </identifiers>
        <party>R</party>
        <bioguideId>S000250</bioguideId>
        <lastName>SESSIONS</lastName>
        <fullName>Rep. Sessions, Pete [R-TX-32]</fullName>
        <byRequestType />
        <district>32</district>
        <state>TX</state>
      </item>
    </sponsors>
    <title>Regarding consent to assemble outside the seat of government.</title>
    <actions>
      <actionByCounts>
        <senate>1</senate>
        <houseOfRepresentatives>6</houseOfRepresentatives>
      </actionByCounts>
      <actionTypeCounts>
        <passedAgreedToInHouse>1</passedAgreedToInHouse>
        <passageOfAMeasure>1</passageOfAMeasure>
        <considerationByHouse>1</considerationByHouse>
        <introducedInTheHouse>1</introducedInTheHouse>
        <introducedInSenate>1</introducedInSenate>
        <introducedInHouse>1</introducedInHouse>
        <motionToReconsiderResults>1</motionToReconsiderResults>
      </actionTypeCounts>
      <item>
        <actionDate>2017-01-04</actionDate>
        <committee />
        <links />
        <sourceSystem>
          <name>Senate</name>
          <code>0</code>
        </sourceSystem>
        <text>Received in the Senate.</text>
        <type>IntroReferral</type>
      </item>
      <item>
        <sourceSystem>
          <name>House floor actions</name>
          <code>2</code>
        </sourceSystem>
        <actionDate>2017-01-03</actionDate>
        <text>Motion to reconsider laid on the table Agreed to without objection.</text>
        <type>Floor</type>
        <links />
        <committee />
        <actionCode>H38310</actionCode>
        <actionTime>17:39:05</actionTime>
      </item>
      <item>
        <sourceSystem>
          <name>House floor actions</name>
          <code>2</code>
        </sourceSystem>
        <actionDate>2017-01-03</actionDate>
        <text>On agreeing to the resolution Agreed to without objection. (text: CR H29)</text>
        <type>Floor</type>
        <links>
          <link>
            <name>H29</name>
            <url>https://www.congress.gov/congressional-record/volume-163/house-section/page/H29</url>
          </link>
        </links>
        <committee />
        <actionCode>H37100</actionCode>
        <actionTime>17:39:02</actionTime>
      </item>
      <item>
        <sourceSystem>
          <name>Library of Congress</name>
          <code>9</code>
        </sourceSystem>
        <actionDate>2017-01-03</actionDate>
        <text>Passed/agreed to in House: On agreeing to the resolution Agreed to without objection.(text: CR H29)</text>
        <type>Floor</type>
        <links>
          <link>
            <name>H29</name>
            <url>https://www.congress.gov/congressional-record/volume-163/house-section/page/H29</url>
          </link>
        </links>
        <committee />
        <actionCode>8000</actionCode>
        <actionTime>17:39:02</actionTime>
      </item>
      <item>
        <sourceSystem>
          <name>House floor actions</name>
          <code>2</code>
        </sourceSystem>
        <actionDate>2017-01-03</actionDate>
        <text>Considered as privileged matter. (consideration: CR H29)</text>
        <type>Floor</type>
        <links>
          <link>
            <name>H29</name>
            <url>https://www.congress.gov/congressional-record/volume-163/house-section/page/H29</url>
          </link>
        </links>
        <committee />
        <actionCode>H30000</actionCode>
        <actionTime>17:38:14</actionTime>
      </item>
      <item>
        <sourceSystem>
          <name>Library of Congress</name>
          <code>9</code>
        </sourceSystem>
        <actionDate>2017-01-03</actionDate>
        <text>Introduced in House</text>
        <type>IntroReferral</type>
        <links />
        <committee />
        <actionCode>Intro-H</actionCode>
      </item>
      <item>
        <sourceSystem>
          <name>Library of Congress</name>
          <code>9</code>
        </sourceSystem>
        <actionDate>2017-01-03</actionDate>
        <text>Introduced in House</text>
        <type>IntroReferral</type>
        <links />
        <committee />
        <actionCode>1000</actionCode>
      </item>
    </actions>
    <summaries>
      <billSummaries>
        <item>
          <updateDate>2017-01-03T05:00:00Z</updateDate>
          <actionDesc>Introduced in House</actionDesc>
          <versionCode>00</versionCode>
          <name>Introduced in House</name>
          <text><![CDATA[<p>Authorizes the Speaker of the House and the Majority Leader of the Senate, or their respective designees, to notify the Members of the House and the Senate, respectively, to assemble at a place outside the District of Columbia whenever, in their opinion, the public interest shall warrant it.</p>]]></text>
          <lastSummaryUpdateDate>2017-01-23T21:05:21Z</lastSummaryUpdateDate>
          <actionDate>2017-01-03</actionDate>
        </item>
        <item>
          <updateDate>2017-01-03T14:24:31Z</updateDate>
          <actionDesc>Passed House without amendment</actionDesc>
          <versionCode>81</versionCode>
          <name>Passed House without amendment</name>
          <text><![CDATA[<p>(This measure has not been amended since it was introduced. The summary of that version is repeated here.)</p> <p>Authorizes the Speaker of the House and the Majority Leader of the Senate, or their respective designees, to notify the Members of the House and the Senate to assemble at a place outside the District of Columbia whenever, in their opinion, the public interest shall warrant it.</p>]]></text>
          <lastSummaryUpdateDate>2017-01-05T16:06:07Z</lastSummaryUpdateDate>
          <actionDate>2017-01-03</actionDate>
        </item>
      </billSummaries>
    </summaries>
    <constitutionalAuthorityStatementText />
    <billNumber>1</billNumber>
    <calendarNumbers />
    <originChamber>House</originChamber>
    <version>1.0.0</version>
    <subjects>
      <billSubjects>
        <legislativeSubjects>
          <item>
            <name>Congressional operations and organization</name>
          </item>
        </legislativeSubjects>
        <policyArea>
          <name>Congress</name>
        </policyArea>
      </billSubjects>
    </subjects>
    <cosponsors />
    <latestAction>
      <text>Received in the Senate.</text>
      <links />
      <actionDate>2017-01-04</actionDate>
    </latestAction>
    <laws />
    <notes />
    <createDate>2017-01-04T07:01:07Z</createDate>
    <billType>HCONRES</billType>
    <updateDate>2018-02-06T16:39:19Z</updateDate>
    <relatedBills />
    <cboCostEstimates />
    <introducedDate>2017-01-03</introducedDate>
    <amendments />
    <policyArea>
      <name>Congress</name>
    </policyArea>
    <recordedVotes />
    <congress>115</congress>
    <committees>
      <billCommittees />
    </committees>
  </bill>
  <dublinCore xmlns:dc="http://purl.org/dc/elements/1.1/">
    <dc:format>text/xml</dc:format>
    <dc:language>EN</dc:language>
    <dc:rights>Pursuant to Title 17 Section 105 of the United States Code, this file is not subject to copyright protection and is in the public domain.</dc:rights>
    <dc:contributor>Congressional Research Service, Library of Congress</dc:contributor>
    <dc:description>This file contains bill summaries and statuses for federal legislation. A bill summary describes the most significant provisions of a piece of legislation and details the effects the legislative text may have on current law and federal programs. Bill summaries are authored by the Congressional Research Service (CRS) of the Library of Congress. As stated in Public Law 91-510 (2 USC 166 (d)(6)), one of the duties of CRS is "to prepare summaries and digests of bills and resolutions of a public general nature introduced in the Senate or House of Representatives". For more information, refer to the User Guide that accompanies this file.</dc:description>
  </dublinCore>
</billStatus>

