<?xml version="1.0" encoding="UTF-8"?>
<billStatus>
  <bill>
    <cosponsors>
      <item>
        <isOriginalCosponsor>True</isOriginalCosponsor>
        <fullName>Rep. Sinema, Kyrsten [D-AZ-9]</fullName>
        <middleName />
        <sponsorshipDate>2017-01-06</sponsorshipDate>
        <bioguideId>S001191</bioguideId>
        <lastName>Sinema</lastName>
        <party>D</party>
        <district>9</district>
        <firstName>Kyrsten</firstName>
        <state>AZ</state>
        <identifiers>
          <lisID>2099</lisID>
          <bioguideId>S001191</bioguideId>
          <gpoId />
        </identifiers>
        <sponsorshipWithdrawnDate />
      </item>
      <item>
        <isOriginalCosponsor>True</isOriginalCosponsor>
        <fullName>Rep. O'Rourke, Beto [D-TX-16]</fullName>
        <middleName />
        <sponsorshipDate>2017-01-06</sponsorshipDate>
        <bioguideId>O000170</bioguideId>
        <lastName>O'Rourke</lastName>
        <party>D</party>
        <district>16</district>
        <firstName>Beto</firstName>
        <state>TX</state>
        <identifiers>
          <bioguideId>O000170</bioguideId>
          <lisID>2162</lisID>
          <gpoId />
        </identifiers>
        <sponsorshipWithdrawnDate />
      </item>
      <item>
        <isOriginalCosponsor>True</isOriginalCosponsor>
        <fullName>Rep. Cooper, Jim [D-TN-5]</fullName>
        <middleName>H.</middleName>
        <sponsorshipDate>2017-01-06</sponsorshipDate>
        <bioguideId>C000754</bioguideId>
        <lastName>COOPER</lastName>
        <party>D</party>
        <district>5</district>
        <firstName>JAMES</firstName>
        <state>TN</state>
        <identifiers>
          <lisID>231</lisID>
          <gpoId>8152</gpoId>
          <bioguideId>C000754</bioguideId>
        </identifiers>
        <sponsorshipWithdrawnDate />
      </item>
      <item>
        <isOriginalCosponsor>True</isOriginalCosponsor>
        <fullName>Rep. Barton, Joe [R-TX-6]</fullName>
        <middleName>L.</middleName>
        <sponsorshipDate>2017-01-06</sponsorshipDate>
        <bioguideId>B000213</bioguideId>
        <lastName>BARTON</lastName>
        <party>R</party>
        <district>6</district>
        <firstName>JOE</firstName>
        <state>TX</state>
        <identifiers>
          <bioguideId>B000213</bioguideId>
          <lisID>62</lisID>
          <gpoId>8162</gpoId>
        </identifiers>
        <sponsorshipWithdrawnDate />
      </item>
      <item>
        <isOriginalCosponsor>True</isOriginalCosponsor>
        <fullName>Rep. Davidson, Warren [R-OH-8]</fullName>
        <middleName />
        <sponsorshipDate>2017-01-06</sponsorshipDate>
        <bioguideId>D000626</bioguideId>
        <lastName>Davidson</lastName>
        <party>R</party>
        <district>8</district>
        <firstName>Warren</firstName>
        <state>OH</state>
        <identifiers>
          <lisID>2296</lisID>
          <gpoId />
          <bioguideId>D000626</bioguideId>
        </identifiers>
        <sponsorshipWithdrawnDate />
      </item>
      <item>
        <isOriginalCosponsor>True</isOriginalCosponsor>
        <fullName>Rep. Stefanik, Elise M. [R-NY-21]</fullName>
        <middleName>M.</middleName>
        <sponsorshipDate>2017-01-06</sponsorshipDate>
        <bioguideId>S001196</bioguideId>
        <lastName>Stefanik</lastName>
        <party>R</party>
        <district>21</district>
        <firstName>Elise</firstName>
        <state>NY</state>
        <identifiers>
          <lisID>2263</lisID>
          <bioguideId>S001196</bioguideId>
          <gpoId />
        </identifiers>
        <sponsorshipWithdrawnDate />
      </item>
      <item>
        <isOriginalCosponsor>True</isOriginalCosponsor>
        <fullName>Rep. Lipinski, Daniel [D-IL-3]</fullName>
        <middleName>William</middleName>
        <sponsorshipDate>2017-01-06</sponsorshipDate>
        <bioguideId>L000563</bioguideId>
        <lastName>Lipinski</lastName>
        <party>D</party>
        <district>3</district>
        <firstName>Daniel</firstName>
        <state>IL</state>
        <identifiers>
          <lisID>1781</lisID>
          <bioguideId>L000563</bioguideId>
          <gpoId>7923</gpoId>
        </identifiers>
        <sponsorshipWithdrawnDate />
      </item>
      <item>
        <isOriginalCosponsor>True</isOriginalCosponsor>
        <fullName>Rep. Rice, Kathleen M. [D-NY-4]</fullName>
        <middleName>M.</middleName>
        <sponsorshipDate>2017-01-06</sponsorshipDate>
        <bioguideId>R000602</bioguideId>
        <lastName>Rice</lastName>
        <party>D</party>
        <district>4</district>
        <firstName>Kathleen</firstName>
        <state>NY</state>
        <identifiers>
          <gpoId />
          <bioguideId>R000602</bioguideId>
          <lisID>2262</lisID>
        </identifiers>
        <sponsorshipWithdrawnDate />
      </item>
      <item>
        <isOriginalCosponsor>True</isOriginalCosponsor>
        <fullName>Rep. Huizenga, Bill [R-MI-2]</fullName>
        <middleName />
        <sponsorshipDate>2017-01-06</sponsorshipDate>
        <bioguideId>H001058</bioguideId>
        <lastName>Huizenga</lastName>
        <party>R</party>
        <district>2</district>
        <firstName>Bill</firstName>
        <state>MI</state>
        <identifiers>
          <gpoId>7987</gpoId>
          <bioguideId>H001058</bioguideId>
          <lisID>2028</lisID>
        </identifiers>
        <sponsorshipWithdrawnDate />
      </item>
      <item>
        <isOriginalCosponsor>True</isOriginalCosponsor>
        <fullName>Rep. Gohmert, Louie [R-TX-1]</fullName>
        <middleName />
        <sponsorshipDate>2017-01-06</sponsorshipDate>
        <bioguideId>G000552</bioguideId>
        <lastName>Gohmert</lastName>
        <party>R</party>
        <district>1</district>
        <firstName>Louie</firstName>
        <state>TX</state>
        <identifiers>
          <lisID>1801</lisID>
          <bioguideId>G000552</bioguideId>
          <gpoId>8157</gpoId>
        </identifiers>
        <sponsorshipWithdrawnDate />
      </item>
      <item>
        <isOriginalCosponsor>True</isOriginalCosponsor>
        <fullName>Rep. Sanford, Mark [R-SC-1]</fullName>
        <middleName />
        <sponsorshipDate>2017-01-06</sponsorshipDate>
        <bioguideId>S000051</bioguideId>
        <lastName>Sanford</lastName>
        <party>R</party>
        <district>1</district>
        <firstName>Mark</firstName>
        <state>SC</state>
        <identifiers>
          <bioguideId>S000051</bioguideId>
          <gpoId />
          <lisID>1012</lisID>
        </identifiers>
        <sponsorshipWithdrawnDate />
      </item>
      <item>
        <isOriginalCosponsor>True</isOriginalCosponsor>
        <fullName>Rep. Costello, Ryan A. [R-PA-6]</fullName>
        <middleName>A.</middleName>
        <sponsorshipDate>2017-01-06</sponsorshipDate>
        <bioguideId>C001106</bioguideId>
        <lastName>Costello</lastName>
        <party>R</party>
        <district>6</district>
        <firstName>Ryan</firstName>
        <state>PA</state>
        <identifiers>
          <bioguideId>C001106</bioguideId>
          <lisID>2266</lisID>
          <gpoId />
        </identifiers>
        <sponsorshipWithdrawnDate />
      </item>
      <item>
        <isOriginalCosponsor>True</isOriginalCosponsor>
        <fullName>Rep. Byrne, Bradley [R-AL-1]</fullName>
        <middleName />
        <sponsorshipDate>2017-01-06</sponsorshipDate>
        <bioguideId>B001289</bioguideId>
        <lastName>Byrne</lastName>
        <party>R</party>
        <district>1</district>
        <firstName>Bradley</firstName>
        <state>AL</state>
        <identifiers>
          <gpoId />
          <bioguideId>B001289</bioguideId>
          <lisID>2197</lisID>
        </identifiers>
        <sponsorshipWithdrawnDate />
      </item>
      <item>
        <isOriginalCosponsor>True</isOriginalCosponsor>
        <fullName>Rep. Burgess, Michael C. [R-TX-26]</fullName>
        <middleName>C.</middleName>
        <sponsorshipDate>2017-01-06</sponsorshipDate>
        <bioguideId>B001248</bioguideId>
        <lastName>Burgess</lastName>
        <party>R</party>
        <district>26</district>
        <firstName>Michael</firstName>
        <state>TX</state>
        <identifiers>
          <lisID>1751</lisID>
          <bioguideId>B001248</bioguideId>
          <gpoId>8182</gpoId>
        </identifiers>
        <sponsorshipWithdrawnDate />
      </item>
      <item>
        <isOriginalCosponsor>True</isOriginalCosponsor>
        <fullName>Rep. Bucshon, Larry [R-IN-8]</fullName>
        <middleName />
        <sponsorshipDate>2017-01-06</sponsorshipDate>
        <bioguideId>B001275</bioguideId>
        <lastName>Bucshon</lastName>
        <party>R</party>
        <district>8</district>
        <firstName>Larry</firstName>
        <state>IN</state>
        <identifiers>
          <lisID>2018</lisID>
          <gpoId>7947</gpoId>
          <bioguideId>B001275</bioguideId>
        </identifiers>
        <sponsorshipWithdrawnDate />
      </item>
      <item>
        <isOriginalCosponsor>True</isOriginalCosponsor>
        <fullName>Rep. Westerman, Bruce [R-AR-4]</fullName>
        <middleName />
        <sponsorshipDate>2017-01-06</sponsorshipDate>
        <bioguideId>W000821</bioguideId>
        <lastName>Westerman</lastName>
        <party>R</party>
        <district>4</district>
        <firstName>Bruce</firstName>
        <state>AR</state>
        <identifiers>
          <gpoId />
          <bioguideId>W000821</bioguideId>
          <lisID>2224</lisID>
        </identifiers>
        <sponsorshipWithdrawnDate />
      </item>
      <item>
        <isOriginalCosponsor>True</isOriginalCosponsor>
        <fullName>Rep. Meehan, Patrick [R-PA-7]</fullName>
        <middleName />
        <sponsorshipDate>2017-01-06</sponsorshipDate>
        <bioguideId>M001181</bioguideId>
        <lastName>Meehan</lastName>
        <party>R</party>
        <district>7</district>
        <firstName>Patrick</firstName>
        <state>PA</state>
        <identifiers>
          <bioguideId>M001181</bioguideId>
          <gpoId>8125</gpoId>
          <lisID>2052</lisID>
        </identifiers>
        <sponsorshipWithdrawnDate />
      </item>
      <item>
        <isOriginalCosponsor>True</isOriginalCosponsor>
        <fullName>Rep. Kilmer, Derek [D-WA-6]</fullName>
        <middleName />
        <sponsorshipDate>2017-01-06</sponsorshipDate>
        <bioguideId>K000381</bioguideId>
        <lastName>Kilmer</lastName>
        <party>D</party>
        <district>6</district>
        <firstName>Derek</firstName>
        <state>WA</state>
        <identifiers>
          <lisID>2169</lisID>
          <gpoId />
          <bioguideId>K000381</bioguideId>
        </identifiers>
        <sponsorshipWithdrawnDate />
      </item>
      <item>
        <isOriginalCosponsor>True</isOriginalCosponsor>
        <fullName>Rep. Turner, Michael R. [R-OH-10]</fullName>
        <middleName>R.</middleName>
        <sponsorshipDate>2017-01-06</sponsorshipDate>
        <bioguideId>T000463</bioguideId>
        <lastName>Turner</lastName>
        <party>R</party>
        <district>10</district>
        <firstName>Michael</firstName>
        <state>OH</state>
        <identifiers>
          <lisID>1741</lisID>
          <gpoId>8093</gpoId>
          <bioguideId>T000463</bioguideId>
        </identifiers>
        <sponsorshipWithdrawnDate />
      </item>
      <item>
        <isOriginalCosponsor>True</isOriginalCosponsor>
        <fullName>Rep. Webster, Daniel [R-FL-11]</fullName>
        <middleName />
        <sponsorshipDate>2017-01-06</sponsorshipDate>
        <bioguideId>W000806</bioguideId>
        <lastName>Webster</lastName>
        <party>R</party>
        <district>11</district>
        <firstName>Daniel</firstName>
        <state>FL</state>
        <identifiers>
          <gpoId>7880</gpoId>
          <lisID>2002</lisID>
          <bioguideId>W000806</bioguideId>
        </identifiers>
        <sponsorshipWithdrawnDate />
      </item>
      <item>
        <isOriginalCosponsor>True</isOriginalCosponsor>
        <fullName>Rep. Joyce, David P. [R-OH-14]</fullName>
        <middleName>P.</middleName>
        <sponsorshipDate>2017-01-06</sponsorshipDate>
        <bioguideId>J000295</bioguideId>
        <lastName>Joyce</lastName>
        <party>R</party>
        <district>14</district>
        <firstName>David</firstName>
        <state>OH</state>
        <identifiers>
          <lisID>2154</lisID>
          <gpoId />
          <bioguideId>J000295</bioguideId>
        </identifiers>
        <sponsorshipWithdrawnDate />
      </item>
      <item>
        <isOriginalCosponsor>True</isOriginalCosponsor>
        <fullName>Rep. McClintock, Tom [R-CA-4]</fullName>
        <middleName />
        <sponsorshipDate>2017-01-06</sponsorshipDate>
        <bioguideId>M001177</bioguideId>
        <lastName>McClintock</lastName>
        <party>R</party>
        <district>4</district>
        <firstName>Tom</firstName>
        <state>CA</state>
        <identifiers>
          <gpoId>7809</gpoId>
          <bioguideId>M001177</bioguideId>
          <lisID>1908</lisID>
        </identifiers>
        <sponsorshipWithdrawnDate />
      </item>
      <item>
        <isOriginalCosponsor>True</isOriginalCosponsor>
        <fullName>Rep. Calvert, Ken [R-CA-42]</fullName>
        <middleName />
        <sponsorshipDate>2017-01-06</sponsorshipDate>
        <bioguideId>C000059</bioguideId>
        <lastName>CALVERT</lastName>
        <party>R</party>
        <district>42</district>
        <firstName>KEN</firstName>
        <state>CA</state>
        <identifiers>
          <bioguideId>C000059</bioguideId>
          <lisID>165</lisID>
          <gpoId>7849</gpoId>
        </identifiers>
        <sponsorshipWithdrawnDate />
      </item>
      <item>
        <isOriginalCosponsor>True</isOriginalCosponsor>
        <fullName>Rep. Sensenbrenner, F. James, Jr. [R-WI-5]</fullName>
        <middleName>JAMES</middleName>
        <sponsorshipDate>2017-01-06</sponsorshipDate>
        <bioguideId>S000244</bioguideId>
        <lastName>SENSENBRENNER</lastName>
        <party>R</party>
        <district>5</district>
        <firstName>F.</firstName>
        <state>WI</state>
        <identifiers>
          <gpoId>8218</gpoId>
          <bioguideId>S000244</bioguideId>
          <lisID>1041</lisID>
        </identifiers>
        <sponsorshipWithdrawnDate />
      </item>
      <item>
        <isOriginalCosponsor>True</isOriginalCosponsor>
        <fullName>Rep. Amodei, Mark E. [R-NV-2]</fullName>
        <middleName>E.</middleName>
        <sponsorshipDate>2017-01-06</sponsorshipDate>
        <bioguideId>A000369</bioguideId>
        <lastName>Amodei</lastName>
        <party>R</party>
        <district>2</district>
        <firstName>Mark</firstName>
        <state>NV</state>
        <identifiers>
          <bioguideId>A000369</bioguideId>
          <gpoId>8366</gpoId>
          <lisID>2090</lisID>
        </identifiers>
        <sponsorshipWithdrawnDate />
      </item>
      <item>
        <isOriginalCosponsor>True</isOriginalCosponsor>
        <fullName>Rep. Smith, Adrian [R-NE-3]</fullName>
        <middleName />
        <sponsorshipDate>2017-01-06</sponsorshipDate>
        <bioguideId>S001172</bioguideId>
        <lastName>Smith</lastName>
        <party>R</party>
        <district>3</district>
        <firstName>Adrian</firstName>
        <state>NE</state>
        <identifiers>
          <lisID>1860</lisID>
          <bioguideId>S001172</bioguideId>
          <gpoId>8040</gpoId>
        </identifiers>
        <sponsorshipWithdrawnDate />
      </item>
      <item>
        <isOriginalCosponsor>True</isOriginalCosponsor>
        <fullName>Rep. Johnson, Bill [R-OH-6]</fullName>
        <middleName />
        <sponsorshipDate>2017-01-06</sponsorshipDate>
        <bioguideId>J000292</bioguideId>
        <lastName>Johnson</lastName>
        <party>R</party>
        <district>6</district>
        <firstName>Bill</firstName>
        <state>OH</state>
        <identifiers>
          <lisID>2046</lisID>
          <gpoId>8096</gpoId>
          <bioguideId>J000292</bioguideId>
        </identifiers>
        <sponsorshipWithdrawnDate />
      </item>
      <item>
        <isOriginalCosponsor>True</isOriginalCosponsor>
        <fullName>Rep. Peters, Scott H. [D-CA-52]</fullName>
        <middleName>H.</middleName>
        <sponsorshipDate>2017-01-06</sponsorshipDate>
        <bioguideId>P000608</bioguideId>
        <lastName>Peters</lastName>
        <party>D</party>
        <district>52</district>
        <firstName>Scott</firstName>
        <state>CA</state>
        <identifiers>
          <lisID>2113</lisID>
          <bioguideId>P000608</bioguideId>
          <gpoId />
        </identifiers>
        <sponsorshipWithdrawnDate />
      </item>
      <item>
        <isOriginalCosponsor>True</isOriginalCosponsor>
        <fullName>Rep. Moulton, Seth [D-MA-6]</fullName>
        <middleName />
        <sponsorshipDate>2017-01-06</sponsorshipDate>
        <bioguideId>M001196</bioguideId>
        <lastName>Moulton</lastName>
        <party>D</party>
        <district>6</district>
        <firstName>Seth</firstName>
        <state>MA</state>
        <identifiers>
          <lisID>2246</lisID>
          <gpoId />
          <bioguideId>M001196</bioguideId>
        </identifiers>
        <sponsorshipWithdrawnDate />
      </item>
      <item>
        <isOriginalCosponsor>True</isOriginalCosponsor>
        <fullName>Rep. LaHood, Darin [R-IL-18]</fullName>
        <middleName />
        <sponsorshipDate>2017-01-06</sponsorshipDate>
        <bioguideId>L000585</bioguideId>
        <lastName>LaHood</lastName>
        <party>R</party>
        <district>18</district>
        <firstName>Darin</firstName>
        <state>IL</state>
        <identifiers>
          <lisID>2295</lisID>
          <bioguideId>L000585</bioguideId>
          <gpoId />
        </identifiers>
        <sponsorshipWithdrawnDate />
      </item>
      <item>
        <isOriginalCosponsor>True</isOriginalCosponsor>
        <fullName>Rep. Barletta, Lou [R-PA-11]</fullName>
        <middleName />
        <sponsorshipDate>2017-01-06</sponsorshipDate>
        <bioguideId>B001269</bioguideId>
        <lastName>Barletta</lastName>
        <party>R</party>
        <district>11</district>
        <firstName>Lou</firstName>
        <state>PA</state>
        <identifiers>
          <lisID>2054</lisID>
          <bioguideId>B001269</bioguideId>
          <gpoId>8129</gpoId>
        </identifiers>
        <sponsorshipWithdrawnDate />
      </item>
      <item>
        <isOriginalCosponsor>True</isOriginalCosponsor>
        <fullName>Rep. Bishop, Mike [R-MI-8]</fullName>
        <middleName />
        <sponsorshipDate>2017-01-06</sponsorshipDate>
        <bioguideId>B001293</bioguideId>
        <lastName>Bishop</lastName>
        <party>R</party>
        <district>8</district>
        <firstName>Mike</firstName>
        <state>MI</state>
        <identifiers>
          <lisID>2249</lisID>
          <bioguideId>B001293</bioguideId>
          <gpoId />
        </identifiers>
        <sponsorshipWithdrawnDate />
      </item>
      <item>
        <isOriginalCosponsor>True</isOriginalCosponsor>
        <fullName>Rep. Valadao, David G. [R-CA-21]</fullName>
        <middleName>G.</middleName>
        <sponsorshipDate>2017-01-06</sponsorshipDate>
        <bioguideId>V000129</bioguideId>
        <lastName>Valadao</lastName>
        <party>R</party>
        <district>21</district>
        <firstName>David</firstName>
        <state>CA</state>
        <identifiers>
          <lisID>2105</lisID>
          <gpoId />
          <bioguideId>V000129</bioguideId>
        </identifiers>
        <sponsorshipWithdrawnDate />
      </item>
      <item>
        <isOriginalCosponsor>True</isOriginalCosponsor>
        <fullName>Rep. Marino, Tom [R-PA-10]</fullName>
        <middleName />
        <sponsorshipDate>2017-01-06</sponsorshipDate>
        <bioguideId>M001179</bioguideId>
        <lastName>Marino</lastName>
        <party>R</party>
        <district>10</district>
        <firstName>Tom</firstName>
        <state>PA</state>
        <identifiers>
          <bioguideId>M001179</bioguideId>
          <gpoId>8128</gpoId>
          <lisID>2053</lisID>
        </identifiers>
        <sponsorshipWithdrawnDate />
      </item>
      <item>
        <isOriginalCosponsor>False</isOriginalCosponsor>
        <fullName>Rep. Wenstrup, Brad R. [R-OH-2]</fullName>
        <middleName>R.</middleName>
        <sponsorshipDate>2017-01-11</sponsorshipDate>
        <bioguideId>W000815</bioguideId>
        <lastName>Wenstrup</lastName>
        <party>R</party>
        <district>2</district>
        <firstName>Brad</firstName>
        <state>OH</state>
        <identifiers>
          <lisID>2152</lisID>
          <gpoId />
          <bioguideId>W000815</bioguideId>
        </identifiers>
        <sponsorshipWithdrawnDate />
      </item>
      <item>
        <isOriginalCosponsor>False</isOriginalCosponsor>
        <fullName>Rep. Chaffetz, Jason [R-UT-3]</fullName>
        <middleName />
        <sponsorshipDate>2017-01-11</sponsorshipDate>
        <bioguideId>C001076</bioguideId>
        <lastName>Chaffetz</lastName>
        <party>R</party>
        <district>3</district>
        <firstName>Jason</firstName>
        <state>UT</state>
        <identifiers>
          <gpoId>8191</gpoId>
          <lisID>1956</lisID>
          <bioguideId>C001076</bioguideId>
        </identifiers>
        <sponsorshipWithdrawnDate />
      </item>
      <item>
        <isOriginalCosponsor>False</isOriginalCosponsor>
        <fullName>Rep. Katko, John [R-NY-24]</fullName>
        <middleName />
        <sponsorshipDate>2017-01-11</sponsorshipDate>
        <bioguideId>K000386</bioguideId>
        <lastName>Katko</lastName>
        <party>R</party>
        <district>24</district>
        <firstName>John</firstName>
        <state>NY</state>
        <identifiers>
          <lisID>2264</lisID>
          <bioguideId>K000386</bioguideId>
          <gpoId />
        </identifiers>
        <sponsorshipWithdrawnDate />
      </item>
      <item>
        <isOriginalCosponsor>False</isOriginalCosponsor>
        <fullName>Rep. Jeffries, Hakeem S. [D-NY-8]</fullName>
        <middleName>S.</middleName>
        <sponsorshipDate>2017-01-17</sponsorshipDate>
        <bioguideId>J000294</bioguideId>
        <lastName>Jeffries</lastName>
        <party>D</party>
        <district>8</district>
        <firstName>Hakeem</firstName>
        <state>NY</state>
        <identifiers>
          <bioguideId>J000294</bioguideId>
          <lisID>2149</lisID>
          <gpoId />
        </identifiers>
        <sponsorshipWithdrawnDate />
      </item>
      <item>
        <isOriginalCosponsor>False</isOriginalCosponsor>
        <fullName>Rep. Maloney, Sean Patrick [D-NY-18]</fullName>
        <middleName>Patrick</middleName>
        <sponsorshipDate>2017-01-24</sponsorshipDate>
        <bioguideId>M001185</bioguideId>
        <lastName>Maloney</lastName>
        <party>D</party>
        <district>18</district>
        <firstName>Sean</firstName>
        <state>NY</state>
        <identifiers>
          <bioguideId>M001185</bioguideId>
          <gpoId />
          <lisID>2150</lisID>
        </identifiers>
        <sponsorshipWithdrawnDate />
      </item>
      <item>
        <isOriginalCosponsor>False</isOriginalCosponsor>
        <fullName>Rep. Cuellar, Henry [D-TX-28]</fullName>
        <middleName />
        <sponsorshipDate>2017-01-24</sponsorshipDate>
        <bioguideId>C001063</bioguideId>
        <lastName>Cuellar</lastName>
        <party>D</party>
        <district>28</district>
        <firstName>Henry</firstName>
        <state>TX</state>
        <identifiers>
          <gpoId>8184</gpoId>
          <lisID>1807</lisID>
          <bioguideId>C001063</bioguideId>
        </identifiers>
        <sponsorshipWithdrawnDate />
      </item>
      <item>
        <isOriginalCosponsor>False</isOriginalCosponsor>
        <fullName>Rep. Faso, John J. [R-NY-19]</fullName>
        <middleName>J.</middleName>
        <sponsorshipDate>2017-02-06</sponsorshipDate>
        <bioguideId>F000464</bioguideId>
        <lastName>Faso</lastName>
        <party>R</party>
        <district>19</district>
        <firstName>John</firstName>
        <state>NY</state>
        <identifiers>
          <lisID>2343</lisID>
          <bioguideId>F000464</bioguideId>
          <gpoId />
        </identifiers>
        <sponsorshipWithdrawnDate />
      </item>
      <item>
        <isOriginalCosponsor>False</isOriginalCosponsor>
        <fullName>Rep. Rice, Tom [R-SC-7]</fullName>
        <middleName />
        <sponsorshipDate>2017-03-08</sponsorshipDate>
        <bioguideId>R000597</bioguideId>
        <lastName>Rice</lastName>
        <party>R</party>
        <district>7</district>
        <firstName>Tom</firstName>
        <state>SC</state>
        <identifiers>
          <lisID>2160</lisID>
          <gpoId />
          <bioguideId>R000597</bioguideId>
        </identifiers>
        <sponsorshipWithdrawnDate />
      </item>
      <item>
        <isOriginalCosponsor>False</isOriginalCosponsor>
        <fullName>Rep. Arrington, Jodey C. [R-TX-19]</fullName>
        <middleName>C.</middleName>
        <sponsorshipDate>2017-03-24</sponsorshipDate>
        <bioguideId>A000375</bioguideId>
        <lastName>Arrington</lastName>
        <party>R</party>
        <district>19</district>
        <firstName>Jodey</firstName>
        <state>TX</state>
        <identifiers>
          <gpoId />
          <lisID>2350</lisID>
          <bioguideId>A000375</bioguideId>
        </identifiers>
        <sponsorshipWithdrawnDate />
      </item>
      <item>
        <isOriginalCosponsor>False</isOriginalCosponsor>
        <fullName>Rep. Meadows, Mark [R-NC-11]</fullName>
        <middleName />
        <sponsorshipDate>2017-03-29</sponsorshipDate>
        <bioguideId>M001187</bioguideId>
        <lastName>Meadows</lastName>
        <party>R</party>
        <district>11</district>
        <firstName>Mark</firstName>
        <state>NC</state>
        <identifiers>
          <lisID>2142</lisID>
          <bioguideId>M001187</bioguideId>
          <gpoId />
        </identifiers>
        <sponsorshipWithdrawnDate />
      </item>
      <item>
        <isOriginalCosponsor>False</isOriginalCosponsor>
        <fullName>Rep. Tipton, Scott  R. [R-CO-3]</fullName>
        <middleName>R.</middleName>
        <sponsorshipDate>2017-03-29</sponsorshipDate>
        <bioguideId>T000470</bioguideId>
        <lastName>Tipton</lastName>
        <party>R</party>
        <district>3</district>
        <firstName>Scott</firstName>
        <state>CO</state>
        <identifiers>
          <bioguideId>T000470</bioguideId>
          <gpoId>7861</gpoId>
          <lisID>1997</lisID>
        </identifiers>
        <sponsorshipWithdrawnDate />
      </item>
      <item>
        <isOriginalCosponsor>False</isOriginalCosponsor>
        <fullName>Rep. Royce, Edward R. [R-CA-39]</fullName>
        <middleName />
        <sponsorshipDate>2017-03-29</sponsorshipDate>
        <bioguideId>R000487</bioguideId>
        <lastName>ROYCE</lastName>
        <party>R</party>
        <district>39</district>
        <firstName>ED</firstName>
        <state>CA</state>
        <identifiers>
          <bioguideId>R000487</bioguideId>
          <lisID>998</lisID>
          <gpoId>7845</gpoId>
        </identifiers>
        <sponsorshipWithdrawnDate />
      </item>
      <item>
        <isOriginalCosponsor>False</isOriginalCosponsor>
        <fullName>Rep. Messer, Luke [R-IN-6]</fullName>
        <middleName />
        <sponsorshipDate>2017-03-29</sponsorshipDate>
        <bioguideId>M001189</bioguideId>
        <lastName>Messer</lastName>
        <party>R</party>
        <district>6</district>
        <firstName>Luke</firstName>
        <state>IN</state>
        <identifiers>
          <lisID>2130</lisID>
          <bioguideId>M001189</bioguideId>
          <gpoId />
        </identifiers>
        <sponsorshipWithdrawnDate />
      </item>
      <item>
        <isOriginalCosponsor>False</isOriginalCosponsor>
        <fullName>Rep. Lance, Leonard [R-NJ-7]</fullName>
        <middleName />
        <sponsorshipDate>2017-03-29</sponsorshipDate>
        <bioguideId>L000567</bioguideId>
        <lastName>Lance</lastName>
        <party>R</party>
        <district>7</district>
        <firstName>Leonard</firstName>
        <state>NJ</state>
        <identifiers>
          <bioguideId>L000567</bioguideId>
          <lisID>1936</lisID>
          <gpoId>8049</gpoId>
        </identifiers>
        <sponsorshipWithdrawnDate />
      </item>
      <item>
        <isOriginalCosponsor>False</isOriginalCosponsor>
        <fullName>Rep. Jordan, Jim [R-OH-4]</fullName>
        <middleName />
        <sponsorshipDate>2017-03-29</sponsorshipDate>
        <bioguideId>J000289</bioguideId>
        <lastName>Jordan</lastName>
        <party>R</party>
        <district>4</district>
        <firstName>Jim</firstName>
        <state>OH</state>
        <identifiers>
          <bioguideId>J000289</bioguideId>
          <gpoId>8094</gpoId>
          <lisID>1868</lisID>
        </identifiers>
        <sponsorshipWithdrawnDate />
      </item>
      <item>
        <isOriginalCosponsor>False</isOriginalCosponsor>
        <fullName>Rep. Fortenberry, Jeff [R-NE-1]</fullName>
        <middleName />
        <sponsorshipDate>2017-03-30</sponsorshipDate>
        <bioguideId>F000449</bioguideId>
        <lastName>Fortenberry</lastName>
        <party>R</party>
        <district>1</district>
        <firstName>Jeff</firstName>
        <state>NE</state>
        <identifiers>
          <lisID>1793</lisID>
          <bioguideId>F000449</bioguideId>
          <gpoId>8038</gpoId>
        </identifiers>
        <sponsorshipWithdrawnDate />
      </item>
      <item>
        <isOriginalCosponsor>False</isOriginalCosponsor>
        <fullName>Rep. Lucas, Frank D. [R-OK-3]</fullName>
        <middleName>D.</middleName>
        <sponsorshipDate>2017-04-04</sponsorshipDate>
        <bioguideId>L000491</bioguideId>
        <lastName>LUCAS</lastName>
        <party>R</party>
        <district>3</district>
        <firstName>FRANK</firstName>
        <state>OK</state>
        <identifiers>
          <bioguideId>L000491</bioguideId>
          <gpoId>8111</gpoId>
          <lisID>711</lisID>
        </identifiers>
        <sponsorshipWithdrawnDate />
      </item>
      <item>
        <isOriginalCosponsor>False</isOriginalCosponsor>
        <fullName>Rep. Mooney, Alexander X. [R-WV-2]</fullName>
        <middleName>X.</middleName>
        <sponsorshipDate>2017-04-05</sponsorshipDate>
        <bioguideId>M001195</bioguideId>
        <lastName>Mooney</lastName>
        <party>R</party>
        <district>2</district>
        <firstName>Alexander</firstName>
        <state>WV</state>
        <identifiers>
          <lisID>2277</lisID>
          <gpoId />
          <bioguideId>M001195</bioguideId>
        </identifiers>
        <sponsorshipWithdrawnDate />
      </item>
      <item>
        <isOriginalCosponsor>False</isOriginalCosponsor>
        <fullName>Rep. Brat, Dave [R-VA-7]</fullName>
        <middleName />
        <sponsorshipDate>2017-04-08</sponsorshipDate>
        <bioguideId>B001290</bioguideId>
        <lastName>Brat</lastName>
        <party>R</party>
        <district>7</district>
        <firstName>Dave</firstName>
        <state>VA</state>
        <identifiers>
          <bioguideId>B001290</bioguideId>
          <lisID>2203</lisID>
          <gpoId />
        </identifiers>
        <sponsorshipWithdrawnDate />
      </item>
      <item>
        <isOriginalCosponsor>False</isOriginalCosponsor>
        <fullName>Rep. Tenney, Claudia [R-NY-22]</fullName>
        <middleName />
        <sponsorshipDate>2017-04-12</sponsorshipDate>
        <bioguideId>T000478</bioguideId>
        <lastName>Tenney</lastName>
        <party>R</party>
        <district>22</district>
        <firstName>Claudia</firstName>
        <state>NY</state>
        <identifiers>
          <bioguideId>T000478</bioguideId>
          <lisID>2344</lisID>
          <gpoId />
        </identifiers>
        <sponsorshipWithdrawnDate />
      </item>
      <item>
        <isOriginalCosponsor>False</isOriginalCosponsor>
        <fullName>Rep. DeFazio, Peter A. [D-OR-4]</fullName>
        <middleName>A.</middleName>
        <sponsorshipDate>2017-04-24</sponsorshipDate>
        <bioguideId>D000191</bioguideId>
        <lastName>DEFAZIO</lastName>
        <party>D</party>
        <district>4</district>
        <firstName>PETER</firstName>
        <state>OR</state>
        <identifiers>
          <lisID>279</lisID>
          <bioguideId>D000191</bioguideId>
          <gpoId>8117</gpoId>
        </identifiers>
        <sponsorshipWithdrawnDate />
      </item>
      <item>
        <isOriginalCosponsor>False</isOriginalCosponsor>
        <fullName>Rep. Meeks, Gregory W. [D-NY-5]</fullName>
        <middleName>W.</middleName>
        <sponsorshipDate>2017-04-24</sponsorshipDate>
        <bioguideId>M001137</bioguideId>
        <lastName>MEEKS</lastName>
        <party>D</party>
        <district>5</district>
        <firstName>GREGORY</firstName>
        <state>NY</state>
        <identifiers>
          <bioguideId>M001137</bioguideId>
          <lisID>1506</lisID>
          <gpoId>8067</gpoId>
        </identifiers>
        <sponsorshipWithdrawnDate />
      </item>
      <item>
        <isOriginalCosponsor>False</isOriginalCosponsor>
        <fullName>Rep. Brooks, Mo [R-AL-5]</fullName>
        <middleName />
        <sponsorshipDate>2017-04-24</sponsorshipDate>
        <bioguideId>B001274</bioguideId>
        <lastName>Brooks</lastName>
        <party>R</party>
        <district>5</district>
        <firstName>Mo</firstName>
        <state>AL</state>
        <identifiers>
          <gpoId>7790</gpoId>
          <bioguideId>B001274</bioguideId>
          <lisID>1987</lisID>
        </identifiers>
        <sponsorshipWithdrawnDate />
      </item>
      <item>
        <isOriginalCosponsor>False</isOriginalCosponsor>
        <fullName>Rep. Reichert, David G. [R-WA-8]</fullName>
        <middleName>G.</middleName>
        <sponsorshipDate>2017-04-24</sponsorshipDate>
        <bioguideId>R000578</bioguideId>
        <lastName>Reichert</lastName>
        <party>R</party>
        <district>8</district>
        <firstName>David</firstName>
        <state>WA</state>
        <identifiers>
          <lisID>1810</lisID>
          <bioguideId>R000578</bioguideId>
          <gpoId>8212</gpoId>
        </identifiers>
        <sponsorshipWithdrawnDate />
      </item>
      <item>
        <isOriginalCosponsor>False</isOriginalCosponsor>
        <fullName>Rep. Fleischmann, Charles J. "Chuck" [R-TN-3]</fullName>
        <middleName>J. "Chuck"</middleName>
        <sponsorshipDate>2017-04-24</sponsorshipDate>
        <bioguideId>F000459</bioguideId>
        <lastName>Fleischmann</lastName>
        <party>R</party>
        <district>3</district>
        <firstName>Charles</firstName>
        <state>TN</state>
        <identifiers>
          <bioguideId>F000459</bioguideId>
          <gpoId>8150</gpoId>
          <lisID>2061</lisID>
        </identifiers>
        <sponsorshipWithdrawnDate />
      </item>
      <item>
        <isOriginalCosponsor>False</isOriginalCosponsor>
        <fullName>Rep. Curbelo, Carlos [R-FL-26]</fullName>
        <middleName />
        <sponsorshipDate>2017-04-24</sponsorshipDate>
        <bioguideId>C001107</bioguideId>
        <lastName>Curbelo</lastName>
        <party>R</party>
        <district>26</district>
        <firstName>Carlos</firstName>
        <state>FL</state>
        <identifiers>
          <lisID>2235</lisID>
          <bioguideId>C001107</bioguideId>
          <gpoId />
        </identifiers>
        <sponsorshipWithdrawnDate />
      </item>
      <item>
        <isOriginalCosponsor>False</isOriginalCosponsor>
        <fullName>Rep. Chabot, Steve [R-OH-1]</fullName>
        <middleName />
        <sponsorshipDate>2017-04-25</sponsorshipDate>
        <bioguideId>C000266</bioguideId>
        <lastName>CHABOT</lastName>
        <party>R</party>
        <district>1</district>
        <firstName>STEVE</firstName>
        <state>OH</state>
        <identifiers>
          <lisID>186</lisID>
          <bioguideId>C000266</bioguideId>
          <gpoId>8091</gpoId>
        </identifiers>
        <sponsorshipWithdrawnDate />
      </item>
      <item>
        <isOriginalCosponsor>False</isOriginalCosponsor>
        <fullName>Rep. Kelly, Mike [R-PA-3]</fullName>
        <middleName />
        <sponsorshipDate>2017-04-25</sponsorshipDate>
        <bioguideId>K000376</bioguideId>
        <lastName>Kelly</lastName>
        <party>R</party>
        <district>3</district>
        <firstName>Mike</firstName>
        <state>PA</state>
        <identifiers>
          <bioguideId>K000376</bioguideId>
          <gpoId>8708</gpoId>
          <lisID>2051</lisID>
        </identifiers>
        <sponsorshipWithdrawnDate />
      </item>
      <item>
        <isOriginalCosponsor>False</isOriginalCosponsor>
        <fullName>Rep. Capuano, Michael E. [D-MA-7]</fullName>
        <middleName>E.</middleName>
        <sponsorshipDate>2017-04-25</sponsorshipDate>
        <bioguideId>C001037</bioguideId>
        <lastName>CAPUANO</lastName>
        <party>D</party>
        <district>7</district>
        <firstName>MICHAEL</firstName>
        <state>MA</state>
        <identifiers>
          <lisID>1564</lisID>
          <bioguideId>C001037</bioguideId>
          <gpoId>7973</gpoId>
        </identifiers>
        <sponsorshipWithdrawnDate />
      </item>
      <item>
        <isOriginalCosponsor>False</isOriginalCosponsor>
        <fullName>Rep. Lynch, Stephen F. [D-MA-8]</fullName>
        <middleName>F.</middleName>
        <sponsorshipDate>2017-04-25</sponsorshipDate>
        <bioguideId>L000562</bioguideId>
        <lastName>Lynch</lastName>
        <party>D</party>
        <district>8</district>
        <firstName>Stephen</firstName>
        <state>MA</state>
        <identifiers>
          <lisID>1686</lisID>
          <bioguideId>L000562</bioguideId>
          <gpoId>7974</gpoId>
        </identifiers>
        <sponsorshipWithdrawnDate />
      </item>
      <item>
        <isOriginalCosponsor>False</isOriginalCosponsor>
        <fullName>Rep. Roe, David P. [R-TN-1]</fullName>
        <middleName>P.</middleName>
        <sponsorshipDate>2017-04-25</sponsorshipDate>
        <bioguideId>R000582</bioguideId>
        <lastName>Roe</lastName>
        <party>R</party>
        <district>1</district>
        <firstName>David</firstName>
        <state>TN</state>
        <identifiers>
          <bioguideId>R000582</bioguideId>
          <lisID>1954</lisID>
          <gpoId>8148</gpoId>
        </identifiers>
        <sponsorshipWithdrawnDate />
      </item>
      <item>
        <isOriginalCosponsor>False</isOriginalCosponsor>
        <fullName>Rep. Jenkins, Lynn [R-KS-2]</fullName>
        <middleName />
        <sponsorshipDate>2017-04-25</sponsorshipDate>
        <bioguideId>J000290</bioguideId>
        <lastName>Jenkins</lastName>
        <party>R</party>
        <district>2</district>
        <firstName>Lynn</firstName>
        <state>KS</state>
        <identifiers>
          <lisID>1921</lisID>
          <gpoId>7950</gpoId>
          <bioguideId>J000290</bioguideId>
        </identifiers>
        <sponsorshipWithdrawnDate />
      </item>
      <item>
        <isOriginalCosponsor>False</isOriginalCosponsor>
        <fullName>Rep. Jones, Walter B., Jr. [R-NC-3]</fullName>
        <middleName>B.</middleName>
        <sponsorshipDate>2017-04-25</sponsorshipDate>
        <bioguideId>J000255</bioguideId>
        <lastName>JONES</lastName>
        <party>R</party>
        <district>3</district>
        <firstName>WALTER</firstName>
        <state>NC</state>
        <identifiers>
          <lisID>612</lisID>
          <bioguideId>J000255</bioguideId>
          <gpoId>8026</gpoId>
        </identifiers>
        <sponsorshipWithdrawnDate />
      </item>
      <item>
        <isOriginalCosponsor>False</isOriginalCosponsor>
        <fullName>Rep. Coffman, Mike [R-CO-6]</fullName>
        <middleName />
        <sponsorshipDate>2017-04-25</sponsorshipDate>
        <bioguideId>C001077</bioguideId>
        <lastName>Coffman</lastName>
        <party>R</party>
        <district>6</district>
        <firstName>Mike</firstName>
        <state>CO</state>
        <identifiers>
          <lisID>1912</lisID>
          <gpoId>7864</gpoId>
          <bioguideId>C001077</bioguideId>
        </identifiers>
        <sponsorshipWithdrawnDate />
      </item>
      <item>
        <isOriginalCosponsor>False</isOriginalCosponsor>
        <fullName>Rep. Stivers, Steve [R-OH-15]</fullName>
        <middleName />
        <sponsorshipDate>2017-04-26</sponsorshipDate>
        <bioguideId>S001187</bioguideId>
        <lastName>Stivers</lastName>
        <party>R</party>
        <district>15</district>
        <firstName>Steve</firstName>
        <state>OH</state>
        <identifiers>
          <bioguideId>S001187</bioguideId>
          <lisID>2047</lisID>
          <gpoId>8105</gpoId>
        </identifiers>
        <sponsorshipWithdrawnDate />
      </item>
      <item>
        <isOriginalCosponsor>False</isOriginalCosponsor>
        <fullName>Rep. King, Peter T. [R-NY-2]</fullName>
        <middleName>T.</middleName>
        <sponsorshipDate>2017-04-26</sponsorshipDate>
        <bioguideId>K000210</bioguideId>
        <lastName>KING</lastName>
        <party>R</party>
        <district>2</district>
        <firstName>PETER</firstName>
        <state>NY</state>
        <identifiers>
          <bioguideId>K000210</bioguideId>
          <lisID>635</lisID>
          <gpoId>8064</gpoId>
        </identifiers>
        <sponsorshipWithdrawnDate />
      </item>
      <item>
        <isOriginalCosponsor>False</isOriginalCosponsor>
        <fullName>Rep. Cole, Tom [R-OK-4]</fullName>
        <middleName />
        <sponsorshipDate>2017-04-26</sponsorshipDate>
        <bioguideId>C001053</bioguideId>
        <lastName>Cole</lastName>
        <party>R</party>
        <district>4</district>
        <firstName>Tom</firstName>
        <state>OK</state>
        <identifiers>
          <lisID>1742</lisID>
          <gpoId>8112</gpoId>
          <bioguideId>C001053</bioguideId>
        </identifiers>
        <sponsorshipWithdrawnDate />
      </item>
      <item>
        <isOriginalCosponsor>False</isOriginalCosponsor>
        <fullName>Rep. Poliquin, Bruce [R-ME-2]</fullName>
        <middleName />
        <sponsorshipDate>2017-04-27</sponsorshipDate>
        <bioguideId>P000611</bioguideId>
        <lastName>Poliquin</lastName>
        <party>R</party>
        <district>2</district>
        <firstName>Bruce</firstName>
        <state>ME</state>
        <identifiers>
          <bioguideId>P000611</bioguideId>
          <lisID>2247</lisID>
          <gpoId />
        </identifiers>
        <sponsorshipWithdrawnDate />
      </item>
      <item>
        <isOriginalCosponsor>False</isOriginalCosponsor>
        <fullName>Rep. McMorris Rodgers, Cathy [R-WA-5]</fullName>
        <middleName />
        <sponsorshipDate>2017-04-27</sponsorshipDate>
        <bioguideId>M001159</bioguideId>
        <lastName>McMorris Rodgers</lastName>
        <party>R</party>
        <district>5</district>
        <firstName>Cathy</firstName>
        <state>WA</state>
        <identifiers>
          <lisID>1809</lisID>
          <gpoId>8209</gpoId>
          <bioguideId>M001159</bioguideId>
        </identifiers>
        <sponsorshipWithdrawnDate />
      </item>
      <item>
        <isOriginalCosponsor>False</isOriginalCosponsor>
        <fullName>Rep. Fitzpatrick, Brian K. [R-PA-8]</fullName>
        <middleName>K.</middleName>
        <sponsorshipDate>2017-04-27</sponsorshipDate>
        <bioguideId>F000466</bioguideId>
        <lastName>Fitzpatrick</lastName>
        <party>R</party>
        <district>8</district>
        <firstName>Brian</firstName>
        <state>PA</state>
        <identifiers>
          <lisID>2345</lisID>
          <bioguideId>F000466</bioguideId>
          <gpoId />
        </identifiers>
        <sponsorshipWithdrawnDate />
      </item>
      <item>
        <isOriginalCosponsor>False</isOriginalCosponsor>
        <fullName>Rep. Holding, George [R-NC-2]</fullName>
        <middleName />
        <sponsorshipDate>2017-04-27</sponsorshipDate>
        <bioguideId>H001065</bioguideId>
        <lastName>Holding</lastName>
        <party>R</party>
        <district>2</district>
        <firstName>George</firstName>
        <state>NC</state>
        <identifiers>
          <bioguideId>H001065</bioguideId>
          <lisID>2143</lisID>
          <gpoId />
        </identifiers>
        <sponsorshipWithdrawnDate />
      </item>
      <item>
        <isOriginalCosponsor>False</isOriginalCosponsor>
        <fullName>Rep. Banks, Jim [R-IN-3]</fullName>
        <middleName />
        <sponsorshipDate>2017-04-27</sponsorshipDate>
        <bioguideId>B001299</bioguideId>
        <lastName>Banks</lastName>
        <party>R</party>
        <district>3</district>
        <firstName>Jim</firstName>
        <state>IN</state>
        <identifiers>
          <lisID>2326</lisID>
          <gpoId />
          <bioguideId>B001299</bioguideId>
        </identifiers>
        <sponsorshipWithdrawnDate />
      </item>
      <item>
        <isOriginalCosponsor>False</isOriginalCosponsor>
        <fullName>Rep. Mast, Brian J. [R-FL-18]</fullName>
        <middleName>J.</middleName>
        <sponsorshipDate>2017-05-01</sponsorshipDate>
        <bioguideId>M001199</bioguideId>
        <lastName>Mast</lastName>
        <party>R</party>
        <district>18</district>
        <firstName>Brian</firstName>
        <state>FL</state>
        <identifiers>
          <lisID>2322</lisID>
          <bioguideId>M001199</bioguideId>
          <gpoId />
        </identifiers>
        <sponsorshipWithdrawnDate />
      </item>
      <item>
        <isOriginalCosponsor>False</isOriginalCosponsor>
        <fullName>Rep. Welch, Peter [D-VT-At Large]</fullName>
        <middleName />
        <sponsorshipDate>2017-05-01</sponsorshipDate>
        <bioguideId>W000800</bioguideId>
        <lastName>Welch</lastName>
        <party>D</party>
        <district>0</district>
        <firstName>Peter</firstName>
        <state>VT</state>
        <identifiers>
          <bioguideId>W000800</bioguideId>
          <gpoId>8204</gpoId>
          <lisID>1879</lisID>
        </identifiers>
        <sponsorshipWithdrawnDate />
      </item>
      <item>
        <isOriginalCosponsor>False</isOriginalCosponsor>
        <fullName>Rep. Lewis, Jason [R-MN-2]</fullName>
        <middleName />
        <sponsorshipDate>2017-05-03</sponsorshipDate>
        <bioguideId>L000587</bioguideId>
        <lastName>Lewis</lastName>
        <party>R</party>
        <district>2</district>
        <firstName>Jason</firstName>
        <state>MN</state>
        <identifiers>
          <lisID>2335</lisID>
          <gpoId />
          <bioguideId>L000587</bioguideId>
        </identifiers>
        <sponsorshipWithdrawnDate />
      </item>
      <item>
        <isOriginalCosponsor>False</isOriginalCosponsor>
        <fullName>Rep. Walker, Mark [R-NC-6]</fullName>
        <middleName />
        <sponsorshipDate>2017-05-11</sponsorshipDate>
        <bioguideId>W000819</bioguideId>
        <lastName>Walker</lastName>
        <party>R</party>
        <district>6</district>
        <firstName>Mark</firstName>
        <state>NC</state>
        <identifiers>
          <lisID>2255</lisID>
          <gpoId />
          <bioguideId>W000819</bioguideId>
        </identifiers>
        <sponsorshipWithdrawnDate />
      </item>
      <item>
        <isOriginalCosponsor>False</isOriginalCosponsor>
        <fullName>Rep. Brooks, Susan W. [R-IN-5]</fullName>
        <middleName>W.</middleName>
        <sponsorshipDate>2017-05-15</sponsorshipDate>
        <bioguideId>B001284</bioguideId>
        <lastName>Brooks</lastName>
        <party>R</party>
        <district>5</district>
        <firstName>Susan</firstName>
        <state>IN</state>
        <identifiers>
          <bioguideId>B001284</bioguideId>
          <lisID>2129</lisID>
          <gpoId />
        </identifiers>
        <sponsorshipWithdrawnDate />
      </item>
      <item>
        <isOriginalCosponsor>False</isOriginalCosponsor>
        <fullName>Rep. Bera, Ami [D-CA-7]</fullName>
        <middleName />
        <sponsorshipDate>2017-05-16</sponsorshipDate>
        <bioguideId>B001287</bioguideId>
        <lastName>Bera</lastName>
        <party>D</party>
        <district>7</district>
        <firstName>Ami</firstName>
        <state>CA</state>
        <identifiers>
          <lisID>2102</lisID>
          <gpoId />
          <bioguideId>B001287</bioguideId>
        </identifiers>
        <sponsorshipWithdrawnDate />
      </item>
      <item>
        <isOriginalCosponsor>False</isOriginalCosponsor>
        <fullName>Rep. Rouzer, David [R-NC-7]</fullName>
        <middleName />
        <sponsorshipDate>2017-05-17</sponsorshipDate>
        <bioguideId>R000603</bioguideId>
        <lastName>Rouzer</lastName>
        <party>R</party>
        <district>7</district>
        <firstName>David</firstName>
        <state>NC</state>
        <identifiers>
          <lisID>2256</lisID>
          <bioguideId>R000603</bioguideId>
          <gpoId />
        </identifiers>
        <sponsorshipWithdrawnDate />
      </item>
      <item>
        <isOriginalCosponsor>False</isOriginalCosponsor>
        <fullName>Rep. Correa, J. Luis [D-CA-46]</fullName>
        <middleName>Luis</middleName>
        <sponsorshipDate>2017-05-17</sponsorshipDate>
        <bioguideId>C001110</bioguideId>
        <lastName>Correa</lastName>
        <party>D</party>
        <district>46</district>
        <firstName>J.</firstName>
        <state>CA</state>
        <identifiers>
          <lisID>2312</lisID>
          <bioguideId>C001110</bioguideId>
          <gpoId />
        </identifiers>
        <sponsorshipWithdrawnDate />
      </item>
      <item>
        <isOriginalCosponsor>False</isOriginalCosponsor>
        <fullName>Rep. Himes, James A. [D-CT-4]</fullName>
        <middleName>A.</middleName>
        <sponsorshipDate>2017-05-18</sponsorshipDate>
        <bioguideId>H001047</bioguideId>
        <lastName>Himes</lastName>
        <party>D</party>
        <district>4</district>
        <firstName>James</firstName>
        <state>CT</state>
        <identifiers>
          <bioguideId>H001047</bioguideId>
          <lisID>1913</lisID>
          <gpoId>7869</gpoId>
        </identifiers>
        <sponsorshipWithdrawnDate />
      </item>
      <item>
        <isOriginalCosponsor>False</isOriginalCosponsor>
        <fullName>Rep. Soto, Darren [D-FL-9]</fullName>
        <middleName />
        <sponsorshipDate>2017-05-18</sponsorshipDate>
        <bioguideId>S001200</bioguideId>
        <lastName>Soto</lastName>
        <party>D</party>
        <district>9</district>
        <firstName>Darren</firstName>
        <state>FL</state>
        <identifiers>
          <lisID>2319</lisID>
          <bioguideId>S001200</bioguideId>
          <gpoId />
        </identifiers>
        <sponsorshipWithdrawnDate />
      </item>
      <item>
        <isOriginalCosponsor>False</isOriginalCosponsor>
        <fullName>Rep. Brownley, Julia [D-CA-26]</fullName>
        <middleName />
        <sponsorshipDate>2017-05-19</sponsorshipDate>
        <bioguideId>B001285</bioguideId>
        <lastName>Brownley</lastName>
        <party>D</party>
        <district>26</district>
        <firstName>Julia</firstName>
        <state>CA</state>
        <identifiers>
          <bioguideId>B001285</bioguideId>
          <lisID>2106</lisID>
          <gpoId />
        </identifiers>
        <sponsorshipWithdrawnDate />
      </item>
      <item>
        <isOriginalCosponsor>False</isOriginalCosponsor>
        <fullName>Rep. Harper, Gregg [R-MS-3]</fullName>
        <middleName />
        <sponsorshipDate>2017-05-23</sponsorshipDate>
        <bioguideId>H001045</bioguideId>
        <lastName>Harper</lastName>
        <party>R</party>
        <district>3</district>
        <firstName>Gregg</firstName>
        <state>MS</state>
        <identifiers>
          <bioguideId>H001045</bioguideId>
          <lisID>1933</lisID>
          <gpoId>8021</gpoId>
        </identifiers>
        <sponsorshipWithdrawnDate />
      </item>
      <item>
        <isOriginalCosponsor>False</isOriginalCosponsor>
        <fullName>Rep. Shimkus, John [R-IL-15]</fullName>
        <middleName>M.</middleName>
        <sponsorshipDate>2017-05-23</sponsorshipDate>
        <bioguideId>S000364</bioguideId>
        <lastName>SHIMKUS</lastName>
        <party>R</party>
        <district>15</district>
        <firstName>JOHN</firstName>
        <state>IL</state>
        <identifiers>
          <gpoId>7939</gpoId>
          <bioguideId>S000364</bioguideId>
          <lisID>1527</lisID>
        </identifiers>
        <sponsorshipWithdrawnDate />
      </item>
      <item>
        <isOriginalCosponsor>False</isOriginalCosponsor>
        <fullName>Rep. Flores, Bill [R-TX-17]</fullName>
        <middleName />
        <sponsorshipDate>2017-05-23</sponsorshipDate>
        <bioguideId>F000461</bioguideId>
        <lastName>Flores</lastName>
        <party>R</party>
        <district>17</district>
        <firstName>Bill</firstName>
        <state>TX</state>
        <identifiers>
          <gpoId>8173</gpoId>
          <lisID>2065</lisID>
          <bioguideId>F000461</bioguideId>
        </identifiers>
        <sponsorshipWithdrawnDate />
      </item>
      <item>
        <isOriginalCosponsor>False</isOriginalCosponsor>
        <fullName>Rep. Zeldin, Lee M. [R-NY-1]</fullName>
        <middleName>M.</middleName>
        <sponsorshipDate>2017-05-25</sponsorshipDate>
        <bioguideId>Z000017</bioguideId>
        <lastName>Zeldin</lastName>
        <party>R</party>
        <district>1</district>
        <firstName>Lee</firstName>
        <state>NY</state>
        <identifiers>
          <lisID>2261</lisID>
          <bioguideId>Z000017</bioguideId>
          <gpoId />
        </identifiers>
        <sponsorshipWithdrawnDate />
      </item>
      <item>
        <isOriginalCosponsor>False</isOriginalCosponsor>
        <fullName>Rep. Kind, Ron [D-WI-3]</fullName>
        <middleName />
        <sponsorshipDate>2017-05-25</sponsorshipDate>
        <bioguideId>K000188</bioguideId>
        <lastName>KIND</lastName>
        <party>D</party>
        <district>3</district>
        <firstName>RON</firstName>
        <state>WI</state>
        <identifiers>
          <lisID>1498</lisID>
          <bioguideId>K000188</bioguideId>
          <gpoId>8216</gpoId>
        </identifiers>
        <sponsorshipWithdrawnDate />
      </item>
      <item>
        <isOriginalCosponsor>False</isOriginalCosponsor>
        <fullName>Rep. Murphy, Stephanie N. [D-FL-7]</fullName>
        <middleName>N.</middleName>
        <sponsorshipDate>2017-05-25</sponsorshipDate>
        <bioguideId>M001202</bioguideId>
        <lastName>Murphy</lastName>
        <party>D</party>
        <district>7</district>
        <firstName>Stephanie</firstName>
        <state>FL</state>
        <identifiers>
          <bioguideId>M001202</bioguideId>
          <gpoId />
          <lisID>2318</lisID>
        </identifiers>
        <sponsorshipWithdrawnDate />
      </item>
      <item>
        <isOriginalCosponsor>False</isOriginalCosponsor>
        <fullName>Rep. Polis, Jared [D-CO-2]</fullName>
        <middleName />
        <sponsorshipDate>2017-05-25</sponsorshipDate>
        <bioguideId>P000598</bioguideId>
        <lastName>Polis</lastName>
        <party>D</party>
        <district>2</district>
        <firstName>Jared</firstName>
        <state>CO</state>
        <identifiers>
          <bioguideId>P000598</bioguideId>
          <lisID>1910</lisID>
          <gpoId>7860</gpoId>
        </identifiers>
        <sponsorshipWithdrawnDate />
      </item>
      <item>
        <isOriginalCosponsor>False</isOriginalCosponsor>
        <fullName>Rep. Bordallo, Madeleine Z. [D-GU-At Large]</fullName>
        <middleName>Z.</middleName>
        <sponsorshipDate>2017-05-25</sponsorshipDate>
        <bioguideId>B001245</bioguideId>
        <lastName>Bordallo</lastName>
        <party>D</party>
        <district>0</district>
        <firstName>Madeleine</firstName>
        <state>GU</state>
        <identifiers>
          <lisID>1723</lisID>
          <gpoId>7911</gpoId>
          <bioguideId>B001245</bioguideId>
        </identifiers>
        <sponsorshipWithdrawnDate />
      </item>
      <item>
        <isOriginalCosponsor>False</isOriginalCosponsor>
        <fullName>Rep. Graves, Tom [R-GA-14]</fullName>
        <middleName />
        <sponsorshipDate>2017-05-30</sponsorshipDate>
        <bioguideId>G000560</bioguideId>
        <lastName>Graves</lastName>
        <party>R</party>
        <district>14</district>
        <firstName>Tom</firstName>
        <state>GA</state>
        <identifiers>
          <lisID>1979</lisID>
          <bioguideId>G000560</bioguideId>
          <gpoId>7906</gpoId>
        </identifiers>
        <sponsorshipWithdrawnDate />
      </item>
      <item>
        <isOriginalCosponsor>False</isOriginalCosponsor>
        <fullName>Rep. Ferguson, A. Drew, IV [R-GA-3]</fullName>
        <middleName>Drew</middleName>
        <sponsorshipDate>2017-06-02</sponsorshipDate>
        <bioguideId>F000465</bioguideId>
        <lastName>Ferguson</lastName>
        <party>R</party>
        <district>3</district>
        <firstName>A.</firstName>
        <state>GA</state>
        <identifiers>
          <bioguideId>F000465</bioguideId>
          <lisID>2324</lisID>
          <gpoId />
        </identifiers>
        <sponsorshipWithdrawnDate />
      </item>
      <item>
        <isOriginalCosponsor>False</isOriginalCosponsor>
        <fullName>Rep. Hice, Jody B. [R-GA-10]</fullName>
        <middleName>B.</middleName>
        <sponsorshipDate>2017-06-02</sponsorshipDate>
        <bioguideId>H001071</bioguideId>
        <lastName>Hice</lastName>
        <party>R</party>
        <district>10</district>
        <firstName>Jody</firstName>
        <state>GA</state>
        <identifiers>
          <bioguideId>H001071</bioguideId>
          <lisID>2237</lisID>
          <gpoId />
        </identifiers>
        <sponsorshipWithdrawnDate />
      </item>
      <item>
        <isOriginalCosponsor>False</isOriginalCosponsor>
        <fullName>Rep. Meng, Grace [D-NY-6]</fullName>
        <middleName />
        <sponsorshipDate>2017-06-02</sponsorshipDate>
        <bioguideId>M001188</bioguideId>
        <lastName>Meng</lastName>
        <party>D</party>
        <district>6</district>
        <firstName>Grace</firstName>
        <state>NY</state>
        <identifiers>
          <gpoId />
          <bioguideId>M001188</bioguideId>
          <lisID>2148</lisID>
        </identifiers>
        <sponsorshipWithdrawnDate />
      </item>
      <item>
        <isOriginalCosponsor>False</isOriginalCosponsor>
        <fullName>Rep. Culberson, John Abney [R-TX-7]</fullName>
        <middleName>ABNEY</middleName>
        <sponsorshipDate>2017-06-06</sponsorshipDate>
        <bioguideId>C001048</bioguideId>
        <lastName>CULBERSON</lastName>
        <party>R</party>
        <district>7</district>
        <firstName>JOHN</firstName>
        <state>TX</state>
        <identifiers>
          <lisID>1670</lisID>
          <bioguideId>C001048</bioguideId>
          <gpoId>8163</gpoId>
        </identifiers>
        <sponsorshipWithdrawnDate />
      </item>
      <item>
        <isOriginalCosponsor>False</isOriginalCosponsor>
        <fullName>Rep. Rosen, Jacky [D-NV-3]</fullName>
        <middleName />
        <sponsorshipDate>2017-06-07</sponsorshipDate>
        <bioguideId>R000608</bioguideId>
        <lastName>Rosen</lastName>
        <party>D</party>
        <district>3</district>
        <firstName>Jacky</firstName>
        <state>NV</state>
        <identifiers>
          <bioguideId>R000608</bioguideId>
          <lisID>2339</lisID>
          <gpoId />
        </identifiers>
        <sponsorshipWithdrawnDate />
      </item>
      <item>
        <isOriginalCosponsor>False</isOriginalCosponsor>
        <fullName>Rep. Tsongas, Niki [D-MA-3]</fullName>
        <middleName />
        <sponsorshipDate>2017-06-12</sponsorshipDate>
        <bioguideId>T000465</bioguideId>
        <lastName>Tsongas</lastName>
        <party>D</party>
        <district>3</district>
        <firstName>Niki</firstName>
        <state>MA</state>
        <identifiers>
          <lisID>1884</lisID>
          <bioguideId>T000465</bioguideId>
          <gpoId>7970</gpoId>
        </identifiers>
        <sponsorshipWithdrawnDate />
      </item>
      <item>
        <isOriginalCosponsor>False</isOriginalCosponsor>
        <fullName>Rep. Bacon, Don [R-NE-2]</fullName>
        <middleName />
        <sponsorshipDate>2017-06-12</sponsorshipDate>
        <bioguideId>B001298</bioguideId>
        <lastName>Bacon</lastName>
        <party>R</party>
        <district>2</district>
        <firstName>Don</firstName>
        <state>NE</state>
        <identifiers>
          <bioguideId>B001298</bioguideId>
          <lisID>2337</lisID>
          <gpoId />
        </identifiers>
        <sponsorshipWithdrawnDate />
      </item>
      <item>
        <isOriginalCosponsor>False</isOriginalCosponsor>
        <fullName>Rep. Barr, Andy [R-KY-6]</fullName>
        <middleName />
        <sponsorshipDate>2017-06-12</sponsorshipDate>
        <bioguideId>B001282</bioguideId>
        <lastName>Barr</lastName>
        <party>R</party>
        <district>6</district>
        <firstName>Andy</firstName>
        <state>KY</state>
        <identifiers>
          <lisID>2131</lisID>
          <bioguideId>B001282</bioguideId>
          <gpoId />
        </identifiers>
        <sponsorshipWithdrawnDate />
      </item>
      <item>
        <isOriginalCosponsor>False</isOriginalCosponsor>
        <fullName>Rep. Esty, Elizabeth H. [D-CT-5]</fullName>
        <middleName>H.</middleName>
        <sponsorshipDate>2017-06-21</sponsorshipDate>
        <bioguideId>E000293</bioguideId>
        <lastName>Esty</lastName>
        <party>D</party>
        <district>5</district>
        <firstName>Elizabeth</firstName>
        <state>CT</state>
        <identifiers>
          <lisID>2114</lisID>
          <gpoId />
          <bioguideId>E000293</bioguideId>
        </identifiers>
        <sponsorshipWithdrawnDate />
      </item>
      <item>
        <isOriginalCosponsor>False</isOriginalCosponsor>
        <fullName>Rep. Larson, John B. [D-CT-1]</fullName>
        <middleName>B.</middleName>
        <sponsorshipDate>2017-06-26</sponsorshipDate>
        <bioguideId>L000557</bioguideId>
        <lastName>LARSON</lastName>
        <party>D</party>
        <district>1</district>
        <firstName>JOHN</firstName>
        <state>CT</state>
        <identifiers>
          <lisID>1583</lisID>
          <bioguideId>L000557</bioguideId>
          <gpoId>7866</gpoId>
        </identifiers>
        <sponsorshipWithdrawnDate />
      </item>
      <item>
        <isOriginalCosponsor>False</isOriginalCosponsor>
        <fullName>Rep. McGovern, James P. [D-MA-2]</fullName>
        <middleName>P.</middleName>
        <sponsorshipDate>2017-06-26</sponsorshipDate>
        <bioguideId>M000312</bioguideId>
        <lastName>MCGOVERN</lastName>
        <party>D</party>
        <district>2</district>
        <firstName>JAMES</firstName>
        <state>MA</state>
        <identifiers>
          <bioguideId>M000312</bioguideId>
          <lisID>1504</lisID>
          <gpoId>7968</gpoId>
        </identifiers>
        <sponsorshipWithdrawnDate />
      </item>
      <item>
        <isOriginalCosponsor>False</isOriginalCosponsor>
        <fullName>Rep. Kuster, Ann M. [D-NH-2]</fullName>
        <middleName>M.</middleName>
        <sponsorshipDate>2017-06-26</sponsorshipDate>
        <bioguideId>K000382</bioguideId>
        <lastName>Kuster</lastName>
        <party>D</party>
        <district>2</district>
        <firstName>Ann</firstName>
        <state>NH</state>
        <identifiers>
          <bioguideId>K000382</bioguideId>
          <lisID>2145</lisID>
          <gpoId />
        </identifiers>
        <sponsorshipWithdrawnDate />
      </item>
      <item>
        <isOriginalCosponsor>False</isOriginalCosponsor>
        <fullName>Rep. Quigley, Mike [D-IL-5]</fullName>
        <middleName />
        <sponsorshipDate>2017-06-26</sponsorshipDate>
        <bioguideId>Q000023</bioguideId>
        <lastName>Quigley</lastName>
        <party>D</party>
        <district>5</district>
        <firstName>Mike</firstName>
        <state>IL</state>
        <identifiers>
          <gpoId>7925</gpoId>
          <lisID>1967</lisID>
          <bioguideId>Q000023</bioguideId>
        </identifiers>
        <sponsorshipWithdrawnDate />
      </item>
      <item>
        <isOriginalCosponsor>False</isOriginalCosponsor>
        <fullName>Rep. Thompson, Mike [D-CA-5]</fullName>
        <middleName />
        <sponsorshipDate>2017-06-26</sponsorshipDate>
        <bioguideId>T000460</bioguideId>
        <lastName>THOMPSON</lastName>
        <party>D</party>
        <district>5</district>
        <firstName>MIKE</firstName>
        <state>CA</state>
        <identifiers>
          <bioguideId>T000460</bioguideId>
          <lisID>1593</lisID>
          <gpoId>7806</gpoId>
        </identifiers>
        <sponsorshipWithdrawnDate />
      </item>
      <item>
        <isOriginalCosponsor>False</isOriginalCosponsor>
        <fullName>Rep. Aguilar, Pete [D-CA-31]</fullName>
        <middleName />
        <sponsorshipDate>2017-06-26</sponsorshipDate>
        <bioguideId>A000371</bioguideId>
        <lastName>Aguilar</lastName>
        <party>D</party>
        <district>31</district>
        <firstName>Pete</firstName>
        <state>CA</state>
        <identifiers>
          <gpoId />
          <bioguideId>A000371</bioguideId>
          <lisID>2229</lisID>
        </identifiers>
        <sponsorshipWithdrawnDate />
      </item>
      <item>
        <isOriginalCosponsor>False</isOriginalCosponsor>
        <fullName>Rep. Bustos, Cheri [D-IL-17]</fullName>
        <middleName />
        <sponsorshipDate>2017-06-26</sponsorshipDate>
        <bioguideId>B001286</bioguideId>
        <lastName>Bustos</lastName>
        <party>D</party>
        <district>17</district>
        <firstName>Cheri</firstName>
        <state>IL</state>
        <identifiers>
          <lisID>2127</lisID>
          <gpoId />
          <bioguideId>B001286</bioguideId>
        </identifiers>
        <sponsorshipWithdrawnDate />
      </item>
      <item>
        <isOriginalCosponsor>False</isOriginalCosponsor>
        <fullName>Rep. Clark, Katherine M. [D-MA-5]</fullName>
        <middleName>M.</middleName>
        <sponsorshipDate>2017-06-26</sponsorshipDate>
        <bioguideId>C001101</bioguideId>
        <lastName>Clark</lastName>
        <party>D</party>
        <district>5</district>
        <firstName>Katherine</firstName>
        <state>MA</state>
        <identifiers>
          <lisID>2196</lisID>
          <bioguideId>C001101</bioguideId>
          <gpoId />
        </identifiers>
        <sponsorshipWithdrawnDate />
      </item>
      <item>
        <isOriginalCosponsor>False</isOriginalCosponsor>
        <fullName>Rep. DeSaulnier, Mark [D-CA-11]</fullName>
        <middleName />
        <sponsorshipDate>2017-06-26</sponsorshipDate>
        <bioguideId>D000623</bioguideId>
        <lastName>DeSaulnier</lastName>
        <party>D</party>
        <district>11</district>
        <firstName>Mark</firstName>
        <state>CA</state>
        <identifiers>
          <lisID>2227</lisID>
          <bioguideId>D000623</bioguideId>
          <gpoId />
        </identifiers>
        <sponsorshipWithdrawnDate />
      </item>
      <item>
        <isOriginalCosponsor>False</isOriginalCosponsor>
        <fullName>Rep. Schneider, Bradley Scott [D-IL-10]</fullName>
        <middleName>Scott</middleName>
        <sponsorshipDate>2017-06-27</sponsorshipDate>
        <bioguideId>S001190</bioguideId>
        <lastName>Schneider</lastName>
        <party>D</party>
        <district>10</district>
        <firstName>Bradley</firstName>
        <state>IL</state>
        <identifiers>
          <bioguideId>S001190</bioguideId>
          <lisID>2124</lisID>
          <gpoId />
        </identifiers>
        <sponsorshipWithdrawnDate />
      </item>
      <item>
        <isOriginalCosponsor>False</isOriginalCosponsor>
        <fullName>Rep. Keating, William R. [D-MA-9]</fullName>
        <middleName>R.</middleName>
        <sponsorshipDate>2017-07-06</sponsorshipDate>
        <bioguideId>K000375</bioguideId>
        <lastName>Keating</lastName>
        <party>D</party>
        <district>9</district>
        <firstName>William</firstName>
        <state>MA</state>
        <identifiers>
          <lisID>2025</lisID>
          <bioguideId>K000375</bioguideId>
          <gpoId>7975</gpoId>
        </identifiers>
        <sponsorshipWithdrawnDate />
      </item>
      <item>
        <isOriginalCosponsor>False</isOriginalCosponsor>
        <fullName>Rep. Sherman, Brad [D-CA-30]</fullName>
        <middleName />
        <sponsorshipDate>2017-07-06</sponsorshipDate>
        <bioguideId>S000344</bioguideId>
        <lastName>SHERMAN</lastName>
        <party>D</party>
        <district>30</district>
        <firstName>BRAD</firstName>
        <state>CA</state>
        <identifiers>
          <lisID>1526</lisID>
          <bioguideId>S000344</bioguideId>
          <gpoId>7832</gpoId>
        </identifiers>
        <sponsorshipWithdrawnDate />
      </item>
      <item>
        <isOriginalCosponsor>False</isOriginalCosponsor>
        <fullName>Rep. Marshall, Roger W. [R-KS-1]</fullName>
        <middleName>W.</middleName>
        <sponsorshipDate>2017-07-28</sponsorshipDate>
        <bioguideId>M001198</bioguideId>
        <lastName>Marshall</lastName>
        <party>R</party>
        <district>1</district>
        <firstName>Roger</firstName>
        <state>KS</state>
        <identifiers>
          <bioguideId>M001198</bioguideId>
          <gpoId />
          <lisID>2328</lisID>
        </identifiers>
        <sponsorshipWithdrawnDate />
      </item>
      <item>
        <isOriginalCosponsor>False</isOriginalCosponsor>
        <fullName>Rep. Crist, Charlie [D-FL-13]</fullName>
        <middleName />
        <sponsorshipDate>2017-08-22</sponsorshipDate>
        <bioguideId>C001111</bioguideId>
        <lastName>Crist</lastName>
        <party>D</party>
        <district>13</district>
        <firstName>Charlie</firstName>
        <state>FL</state>
        <identifiers>
          <bioguideId>C001111</bioguideId>
          <lisID>2321</lisID>
          <gpoId />
        </identifiers>
        <sponsorshipWithdrawnDate />
      </item>
      <item>
        <isOriginalCosponsor>False</isOriginalCosponsor>
        <fullName>Rep. Gonzalez, Vicente [D-TX-15]</fullName>
        <middleName />
        <sponsorshipDate>2017-09-01</sponsorshipDate>
        <bioguideId>G000581</bioguideId>
        <lastName>Gonzalez</lastName>
        <party>D</party>
        <district>15</district>
        <firstName>Vicente</firstName>
        <state>TX</state>
        <identifiers>
          <lisID>2349</lisID>
          <bioguideId>G000581</bioguideId>
          <gpoId />
        </identifiers>
        <sponsorshipWithdrawnDate />
      </item>
      <item>
        <isOriginalCosponsor>False</isOriginalCosponsor>
        <fullName>Rep. Smith, Adam [D-WA-9]</fullName>
        <middleName />
        <sponsorshipDate>2017-12-11</sponsorshipDate>
        <bioguideId>S000510</bioguideId>
        <lastName>SMITH</lastName>
        <party>D</party>
        <district>9</district>
        <firstName>ADAM</firstName>
        <state>WA</state>
        <identifiers>
          <lisID>1528</lisID>
          <bioguideId>S000510</bioguideId>
          <gpoId>8213</gpoId>
        </identifiers>
        <sponsorshipWithdrawnDate />
      </item>
      <item>
        <isOriginalCosponsor>False</isOriginalCosponsor>
        <fullName>Rep. Dingell, Debbie [D-MI-12]</fullName>
        <middleName />
        <sponsorshipDate>2018-01-18</sponsorshipDate>
        <bioguideId>D000624</bioguideId>
        <lastName>Dingell</lastName>
        <party>D</party>
        <district>12</district>
        <firstName>Debbie</firstName>
        <state>MI</state>
        <identifiers>
          <bioguideId>D000624</bioguideId>
          <lisID>2251</lisID>
          <gpoId />
        </identifiers>
        <sponsorshipWithdrawnDate />
      </item>
    </cosponsors>
    <congress>115</congress>
    <committees>
      <billCommittees>
        <item>
          <chamber>House</chamber>
          <subcommittees />
          <systemCode>hsha00</systemCode>
          <name>House Administration Committee</name>
          <activities>
            <item>
              <name>Referred to</name>
              <date>2017-01-06T17:00:45Z</date>
            </item>
          </activities>
          <type>Standing</type>
        </item>
      </billCommittees>
    </committees>
    <constitutionalAuthorityStatementText />
    <laws />
    <titles>
      <item>
        <chamberName />
        <titleType>Official Title as Introduced</titleType>
        <title>Providing for a joint session of Congress to receive a presentation from the Comptroller General of the United States regarding the audited financial statement of the executive branch.</title>
        <parentTitleType />
        <chamberCode />
      </item>
      <item>
        <chamberName />
        <titleType>Display Title</titleType>
        <title>Providing for a joint session of Congress to receive a presentation from the Comptroller General of the United States regarding the audited financial statement of the executive branch.</title>
        <parentTitleType />
        <chamberCode />
      </item>
    </titles>
    <billType>HCONRES</billType>
    <amendments />
    <recordedVotes />
    <actions>
      <actionByCounts>
        <houseOfRepresentatives>3</houseOfRepresentatives>
      </actionByCounts>
      <actionTypeCounts>
        <introducedInTheHouse>1</introducedInTheHouse>
        <billReferrals>1</billReferrals>
        <introducedInHouse>1</introducedInHouse>
      </actionTypeCounts>
      <item>
        <actionDate>2017-01-06</actionDate>
        <text>Referred to the House Committee on House Administration.</text>
        <sourceSystem>
          <name>House floor actions</name>
          <code>2</code>
        </sourceSystem>
        <committee>
          <systemCode>hsha00</systemCode>
          <name>House Administration Committee</name>
        </committee>
        <links />
        <actionCode>H11100</actionCode>
        <type>IntroReferral</type>
      </item>
      <item>
        <actionDate>2017-01-06</actionDate>
        <text>Introduced in House</text>
        <sourceSystem>
          <name>Library of Congress</name>
          <code>9</code>
        </sourceSystem>
        <committee />
        <links />
        <actionCode>Intro-H</actionCode>
        <type>IntroReferral</type>
      </item>
      <item>
        <actionDate>2017-01-06</actionDate>
        <text>Introduced in House</text>
        <sourceSystem>
          <name>Library of Congress</name>
          <code>9</code>
        </sourceSystem>
        <committee />
        <links />
        <actionCode>1000</actionCode>
        <type>IntroReferral</type>
      </item>
    </actions>
    <introducedDate>2017-01-06</introducedDate>
    <relatedBills />
    <committeeReports />
    <calendarNumbers />
    <billNumber>8</billNumber>
    <summaries>
      <billSummaries>
        <item>
          <versionCode>00</versionCode>
          <actionDate>2017-01-06</actionDate>
          <updateDate>2017-01-06T05:00:00Z</updateDate>
          <text><![CDATA[<p>Requires both chambers of Congress to assemble annually in the Hall of the House of Representatives to receive a presentation from the Comptroller General on the Government Accountability Office's audited financial statement of the accounts and associated activities of the executive branch, together with an analysis of the financial position and condition of the federal government.</p>]]></text>
          <actionDesc>Introduced in House</actionDesc>
          <name>Introduced in House</name>
          <lastSummaryUpdateDate>2017-02-17T23:02:20Z</lastSummaryUpdateDate>
        </item>
      </billSummaries>
    </summaries>
    <cboCostEstimates />
    <updateDate>2018-02-06T16:39:20Z</updateDate>
    <policyArea>
      <name>Congress</name>
    </policyArea>
    <latestAction>
      <text>Referred to the House Committee on House Administration.</text>
      <actionDate>2017-01-06</actionDate>
      <links />
    </latestAction>
    <version>1.0.0</version>
    <subjects>
      <billSubjects>
        <policyArea>
          <name>Congress</name>
        </policyArea>
        <legislativeSubjects>
          <item>
            <name>Accounting and auditing</name>
          </item>
          <item>
            <name>Congressional operations and organization</name>
          </item>
          <item>
            <name>Congressional oversight</name>
          </item>
          <item>
            <name>Executive agency funding and structure</name>
          </item>
          <item>
            <name>Government Accountability Office (GAO)</name>
          </item>
          <item>
            <name>Government studies and investigations</name>
          </item>
        </legislativeSubjects>
      </billSubjects>
    </subjects>
    <title>Providing for a joint session of Congress to receive a presentation from the Comptroller General of the United States regarding the audited financial statement of the executive branch.</title>
    <originChamber>House</originChamber>
    <sponsors>
      <item>
        <byRequestType />
        <district>16</district>
        <party>R</party>
        <fullName>Rep. Renacci, James B. [R-OH-16]</fullName>
        <lastName>Renacci</lastName>
        <state>OH</state>
        <bioguideId>R000586</bioguideId>
        <middleName>B.</middleName>
        <firstName>James</firstName>
        <identifiers>
          <lisID>2048</lisID>
          <bioguideId>R000586</bioguideId>
          <gpoId>8106</gpoId>
        </identifiers>
      </item>
    </sponsors>
    <notes />
    <createDate>2017-01-07T04:48:24Z</createDate>
  </bill>
  <dublinCore xmlns:dc="http://purl.org/dc/elements/1.1/">
    <dc:format>text/xml</dc:format>
    <dc:language>EN</dc:language>
    <dc:rights>Pursuant to Title 17 Section 105 of the United States Code, this file is not subject to copyright protection and is in the public domain.</dc:rights>
    <dc:contributor>Congressional Research Service, Library of Congress</dc:contributor>
    <dc:description>This file contains bill summaries and statuses for federal legislation. A bill summary describes the most significant provisions of a piece of legislation and details the effects the legislative text may have on current law and federal programs. Bill summaries are authored by the Congressional Research Service (CRS) of the Library of Congress. As stated in Public Law 91-510 (2 USC 166 (d)(6)), one of the duties of CRS is "to prepare summaries and digests of bills and resolutions of a public general nature introduced in the Senate or House of Representatives". For more information, refer to the User Guide that accompanies this file.</dc:description>
  </dublinCore>
</billStatus>

