<?xml version="1.0" encoding="UTF-8"?>
<billStatus>
  <bill>
    <policyArea>
      <name>Families</name>
    </policyArea>
    <introducedDate>2017-07-24</introducedDate>
    <cosponsors>
      <item>
        <isOriginalCosponsor>True</isOriginalCosponsor>
        <fullName>Rep. Maloney, Carolyn B. [D-NY-12]</fullName>
        <middleName>B.</middleName>
        <sponsorshipDate>2017-07-24</sponsorshipDate>
        <bioguideId>M000087</bioguideId>
        <lastName>MALONEY</lastName>
        <party>D</party>
        <district>12</district>
        <firstName>CAROLYN</firstName>
        <state>NY</state>
        <identifiers>
          <gpoId>8075</gpoId>
          <lisID>729</lisID>
          <bioguideId>M000087</bioguideId>
        </identifiers>
        <sponsorshipWithdrawnDate />
      </item>
      <item>
        <isOriginalCosponsor>True</isOriginalCosponsor>
        <fullName>Rep. Franks, Trent [R-AZ-8]</fullName>
        <middleName />
        <sponsorshipDate>2017-07-24</sponsorshipDate>
        <bioguideId>F000448</bioguideId>
        <lastName>Franks</lastName>
        <party>R</party>
        <district>8</district>
        <firstName>Trent</firstName>
        <state>AZ</state>
        <identifiers>
          <lisID>1707</lisID>
          <bioguideId>F000448</bioguideId>
          <gpoId>7799</gpoId>
        </identifiers>
        <sponsorshipWithdrawnDate />
      </item>
      <item>
        <isOriginalCosponsor>True</isOriginalCosponsor>
        <fullName>Rep. Suozzi, Thomas R. [D-NY-3]</fullName>
        <middleName>R.</middleName>
        <sponsorshipDate>2017-07-24</sponsorshipDate>
        <bioguideId>S001201</bioguideId>
        <lastName>Suozzi</lastName>
        <party>D</party>
        <district>3</district>
        <firstName>Thomas</firstName>
        <state>NY</state>
        <identifiers>
          <bioguideId>S001201</bioguideId>
          <lisID>2341</lisID>
          <gpoId />
        </identifiers>
        <sponsorshipWithdrawnDate />
      </item>
      <item>
        <isOriginalCosponsor>True</isOriginalCosponsor>
        <fullName>Rep. Raskin, Jamie [D-MD-8]</fullName>
        <middleName />
        <sponsorshipDate>2017-07-24</sponsorshipDate>
        <bioguideId>R000606</bioguideId>
        <lastName>Raskin</lastName>
        <party>D</party>
        <district>8</district>
        <firstName>Jamie</firstName>
        <state>MD</state>
        <identifiers>
          <gpoId />
          <lisID>2332</lisID>
          <bioguideId>R000606</bioguideId>
        </identifiers>
        <sponsorshipWithdrawnDate />
      </item>
      <item>
        <isOriginalCosponsor>True</isOriginalCosponsor>
        <fullName>Rep. Eshoo, Anna G. [D-CA-18]</fullName>
        <middleName>G.</middleName>
        <sponsorshipDate>2017-07-24</sponsorshipDate>
        <bioguideId>E000215</bioguideId>
        <lastName>ESHOO</lastName>
        <party>D</party>
        <district>18</district>
        <firstName>ANNA</firstName>
        <state>CA</state>
        <identifiers>
          <gpoId>7819</gpoId>
          <lisID>355</lisID>
          <bioguideId>E000215</bioguideId>
        </identifiers>
        <sponsorshipWithdrawnDate />
      </item>
      <item>
        <isOriginalCosponsor>True</isOriginalCosponsor>
        <fullName>Rep. Speier, Jackie [D-CA-14]</fullName>
        <middleName />
        <sponsorshipDate>2017-07-24</sponsorshipDate>
        <bioguideId>S001175</bioguideId>
        <lastName>Speier</lastName>
        <party>D</party>
        <district>14</district>
        <firstName>Jackie</firstName>
        <state>CA</state>
        <identifiers>
          <bioguideId>S001175</bioguideId>
          <lisID>1890</lisID>
          <gpoId>7817</gpoId>
        </identifiers>
        <sponsorshipWithdrawnDate />
      </item>
      <item>
        <isOriginalCosponsor>True</isOriginalCosponsor>
        <fullName>Rep. Carter, John R. [R-TX-31]</fullName>
        <middleName>R.</middleName>
        <sponsorshipDate>2017-07-24</sponsorshipDate>
        <bioguideId>C001051</bioguideId>
        <lastName>Carter</lastName>
        <party>R</party>
        <district>31</district>
        <firstName>John</firstName>
        <state>TX</state>
        <identifiers>
          <bioguideId>C001051</bioguideId>
          <lisID>1752</lisID>
          <gpoId>8187</gpoId>
        </identifiers>
        <sponsorshipWithdrawnDate />
      </item>
      <item>
        <isOriginalCosponsor>False</isOriginalCosponsor>
        <fullName>Rep. Cole, Tom [R-OK-4]</fullName>
        <middleName />
        <sponsorshipDate>2017-07-25</sponsorshipDate>
        <bioguideId>C001053</bioguideId>
        <lastName>Cole</lastName>
        <party>R</party>
        <district>4</district>
        <firstName>Tom</firstName>
        <state>OK</state>
        <identifiers>
          <lisID>1742</lisID>
          <bioguideId>C001053</bioguideId>
          <gpoId>8112</gpoId>
        </identifiers>
        <sponsorshipWithdrawnDate />
      </item>
      <item>
        <isOriginalCosponsor>False</isOriginalCosponsor>
        <fullName>Rep. McNerney, Jerry [D-CA-9]</fullName>
        <middleName />
        <sponsorshipDate>2017-08-04</sponsorshipDate>
        <bioguideId>M001166</bioguideId>
        <lastName>McNerney</lastName>
        <party>D</party>
        <district>9</district>
        <firstName>Jerry</firstName>
        <state>CA</state>
        <identifiers>
          <lisID>1832</lisID>
          <gpoId>7816</gpoId>
          <bioguideId>M001166</bioguideId>
        </identifiers>
        <sponsorshipWithdrawnDate />
      </item>
      <item>
        <isOriginalCosponsor>False</isOriginalCosponsor>
        <fullName>Rep. Knight, Stephen [R-CA-25]</fullName>
        <middleName />
        <sponsorshipDate>2017-08-04</sponsorshipDate>
        <bioguideId>K000387</bioguideId>
        <lastName>Knight</lastName>
        <party>R</party>
        <district>25</district>
        <firstName>Stephen</firstName>
        <state>CA</state>
        <identifiers>
          <lisID>2228</lisID>
          <bioguideId>K000387</bioguideId>
          <gpoId />
        </identifiers>
        <sponsorshipWithdrawnDate />
      </item>
      <item>
        <isOriginalCosponsor>False</isOriginalCosponsor>
        <fullName>Rep. Green, Gene [D-TX-29]</fullName>
        <middleName />
        <sponsorshipDate>2017-09-28</sponsorshipDate>
        <bioguideId>G000410</bioguideId>
        <lastName>GREEN</lastName>
        <party>D</party>
        <district>29</district>
        <firstName>GENE</firstName>
        <state>TX</state>
        <identifiers>
          <lisID>462</lisID>
          <bioguideId>G000410</bioguideId>
          <gpoId>8185</gpoId>
        </identifiers>
        <sponsorshipWithdrawnDate />
      </item>
      <item>
        <isOriginalCosponsor>False</isOriginalCosponsor>
        <fullName>Rep. Gallego, Ruben [D-AZ-7]</fullName>
        <middleName />
        <sponsorshipDate>2017-10-02</sponsorshipDate>
        <bioguideId>G000574</bioguideId>
        <lastName>Gallego</lastName>
        <party>D</party>
        <district>7</district>
        <firstName>Ruben</firstName>
        <state>AZ</state>
        <identifiers>
          <gpoId />
          <bioguideId>G000574</bioguideId>
          <lisID>2226</lisID>
        </identifiers>
        <sponsorshipWithdrawnDate />
      </item>
      <item>
        <isOriginalCosponsor>False</isOriginalCosponsor>
        <fullName>Rep. Lieu, Ted [D-CA-33]</fullName>
        <middleName />
        <sponsorshipDate>2017-10-04</sponsorshipDate>
        <bioguideId>L000582</bioguideId>
        <lastName>Lieu</lastName>
        <party>D</party>
        <district>33</district>
        <firstName>Ted</firstName>
        <state>CA</state>
        <identifiers>
          <gpoId />
          <lisID>2230</lisID>
          <bioguideId>L000582</bioguideId>
        </identifiers>
        <sponsorshipWithdrawnDate />
      </item>
      <item>
        <isOriginalCosponsor>False</isOriginalCosponsor>
        <fullName>Rep. Ryan, Tim [D-OH-13]</fullName>
        <middleName />
        <sponsorshipDate>2017-10-04</sponsorshipDate>
        <bioguideId>R000577</bioguideId>
        <lastName>RYAN</lastName>
        <party>D</party>
        <district>13</district>
        <firstName>TIM</firstName>
        <state>OH</state>
        <identifiers>
          <lisID>1756</lisID>
          <gpoId>8107</gpoId>
          <bioguideId>R000577</bioguideId>
        </identifiers>
        <sponsorshipWithdrawnDate />
      </item>
      <item>
        <isOriginalCosponsor>False</isOriginalCosponsor>
        <fullName>Rep. Rice, Kathleen M. [D-NY-4]</fullName>
        <middleName>M.</middleName>
        <sponsorshipDate>2017-10-04</sponsorshipDate>
        <bioguideId>R000602</bioguideId>
        <lastName>Rice</lastName>
        <party>D</party>
        <district>4</district>
        <firstName>Kathleen</firstName>
        <state>NY</state>
        <identifiers>
          <lisID>2262</lisID>
          <bioguideId>R000602</bioguideId>
          <gpoId />
        </identifiers>
        <sponsorshipWithdrawnDate />
      </item>
      <item>
        <isOriginalCosponsor>False</isOriginalCosponsor>
        <fullName>Rep. Donovan, Daniel M., Jr. [R-NY-11]</fullName>
        <middleName>M.</middleName>
        <sponsorshipDate>2017-10-11</sponsorshipDate>
        <bioguideId>D000625</bioguideId>
        <lastName>Donovan</lastName>
        <party>R</party>
        <district>11</district>
        <firstName>Daniel</firstName>
        <state>NY</state>
        <identifiers>
          <gpoId />
          <bioguideId>D000625</bioguideId>
          <lisID>2293</lisID>
        </identifiers>
        <sponsorshipWithdrawnDate />
      </item>
      <item>
        <isOriginalCosponsor>False</isOriginalCosponsor>
        <fullName>Rep. O'Halleran, Tom [D-AZ-1]</fullName>
        <middleName />
        <sponsorshipDate>2017-10-11</sponsorshipDate>
        <bioguideId>O000171</bioguideId>
        <lastName>O'Halleran</lastName>
        <party>D</party>
        <district>1</district>
        <firstName>Tom</firstName>
        <state>AZ</state>
        <identifiers>
          <lisID>2306</lisID>
          <bioguideId>O000171</bioguideId>
          <gpoId />
        </identifiers>
        <sponsorshipWithdrawnDate />
      </item>
      <item>
        <isOriginalCosponsor>False</isOriginalCosponsor>
        <fullName>Rep. Napolitano, Grace F. [D-CA-32]</fullName>
        <middleName>F.</middleName>
        <sponsorshipDate>2017-10-12</sponsorshipDate>
        <bioguideId>N000179</bioguideId>
        <lastName>NAPOLITANO</lastName>
        <party>D</party>
        <district>32</district>
        <firstName>GRACE</firstName>
        <state>CA</state>
        <identifiers>
          <bioguideId>N000179</bioguideId>
          <gpoId>7843</gpoId>
          <lisID>1602</lisID>
        </identifiers>
        <sponsorshipWithdrawnDate />
      </item>
      <item>
        <isOriginalCosponsor>False</isOriginalCosponsor>
        <fullName>Rep. Jeffries, Hakeem S. [D-NY-8]</fullName>
        <middleName>S.</middleName>
        <sponsorshipDate>2017-10-12</sponsorshipDate>
        <bioguideId>J000294</bioguideId>
        <lastName>Jeffries</lastName>
        <party>D</party>
        <district>8</district>
        <firstName>Hakeem</firstName>
        <state>NY</state>
        <identifiers>
          <bioguideId>J000294</bioguideId>
          <lisID>2149</lisID>
          <gpoId />
        </identifiers>
        <sponsorshipWithdrawnDate />
      </item>
      <item>
        <isOriginalCosponsor>False</isOriginalCosponsor>
        <fullName>Rep. Royce, Edward R. [R-CA-39]</fullName>
        <middleName />
        <sponsorshipDate>2017-11-16</sponsorshipDate>
        <bioguideId>R000487</bioguideId>
        <lastName>ROYCE</lastName>
        <party>R</party>
        <district>39</district>
        <firstName>ED</firstName>
        <state>CA</state>
        <identifiers>
          <lisID>998</lisID>
          <bioguideId>R000487</bioguideId>
          <gpoId>7845</gpoId>
        </identifiers>
        <sponsorshipWithdrawnDate />
      </item>
      <item>
        <isOriginalCosponsor>False</isOriginalCosponsor>
        <fullName>Rep. Chu, Judy [D-CA-27]</fullName>
        <middleName />
        <sponsorshipDate>2017-11-16</sponsorshipDate>
        <bioguideId>C001080</bioguideId>
        <lastName>Chu</lastName>
        <party>D</party>
        <district>27</district>
        <firstName>Judy</firstName>
        <state>CA</state>
        <identifiers>
          <lisID>1970</lisID>
          <bioguideId>C001080</bioguideId>
          <gpoId>7837</gpoId>
        </identifiers>
        <sponsorshipWithdrawnDate />
      </item>
      <item>
        <isOriginalCosponsor>False</isOriginalCosponsor>
        <fullName>Rep. Cook, Paul [R-CA-8]</fullName>
        <middleName />
        <sponsorshipDate>2017-12-07</sponsorshipDate>
        <bioguideId>C001094</bioguideId>
        <lastName>Cook</lastName>
        <party>R</party>
        <district>8</district>
        <firstName>Paul</firstName>
        <state>CA</state>
        <identifiers>
          <gpoId />
          <bioguideId>C001094</bioguideId>
          <lisID>2103</lisID>
        </identifiers>
        <sponsorshipWithdrawnDate />
      </item>
      <item>
        <isOriginalCosponsor>False</isOriginalCosponsor>
        <fullName>Rep. Engel, Eliot L. [D-NY-16]</fullName>
        <middleName>L.</middleName>
        <sponsorshipDate>2017-12-07</sponsorshipDate>
        <bioguideId>E000179</bioguideId>
        <lastName>ENGEL</lastName>
        <party>D</party>
        <district>16</district>
        <firstName>ELIOT</firstName>
        <state>NY</state>
        <identifiers>
          <gpoId>8078</gpoId>
          <lisID>344</lisID>
          <bioguideId>E000179</bioguideId>
        </identifiers>
        <sponsorshipWithdrawnDate />
      </item>
      <item>
        <isOriginalCosponsor>False</isOriginalCosponsor>
        <fullName>Rep. Smith, Lamar [R-TX-21]</fullName>
        <middleName />
        <sponsorshipDate>2018-01-03</sponsorshipDate>
        <bioguideId>S000583</bioguideId>
        <lastName>SMITH</lastName>
        <party>R</party>
        <district>21</district>
        <firstName>LAMAR</firstName>
        <state>TX</state>
        <identifiers>
          <lisID>1075</lisID>
          <gpoId>8177</gpoId>
          <bioguideId>S000583</bioguideId>
        </identifiers>
        <sponsorshipWithdrawnDate />
      </item>
      <item>
        <isOriginalCosponsor>False</isOriginalCosponsor>
        <fullName>Rep. Farenthold, Blake [R-TX-27]</fullName>
        <middleName />
        <sponsorshipDate>2018-01-03</sponsorshipDate>
        <bioguideId>F000460</bioguideId>
        <lastName>Farenthold</lastName>
        <party>R</party>
        <district>27</district>
        <firstName>Blake</firstName>
        <state>TX</state>
        <identifiers>
          <lisID>2067</lisID>
          <gpoId>8183</gpoId>
          <bioguideId>F000460</bioguideId>
        </identifiers>
        <sponsorshipWithdrawnDate />
      </item>
      <item>
        <isOriginalCosponsor>False</isOriginalCosponsor>
        <fullName>Rep. Bass, Karen [D-CA-37]</fullName>
        <middleName />
        <sponsorshipDate>2018-01-03</sponsorshipDate>
        <bioguideId>B001270</bioguideId>
        <lastName>Bass</lastName>
        <party>D</party>
        <district>37</district>
        <firstName>Karen</firstName>
        <state>CA</state>
        <identifiers>
          <lisID>1996</lisID>
          <bioguideId>B001270</bioguideId>
          <gpoId>7838</gpoId>
        </identifiers>
        <sponsorshipWithdrawnDate />
      </item>
      <item>
        <isOriginalCosponsor>False</isOriginalCosponsor>
        <fullName>Rep. Polis, Jared [D-CO-2]</fullName>
        <middleName />
        <sponsorshipDate>2018-01-03</sponsorshipDate>
        <bioguideId>P000598</bioguideId>
        <lastName>Polis</lastName>
        <party>D</party>
        <district>2</district>
        <firstName>Jared</firstName>
        <state>CO</state>
        <identifiers>
          <gpoId>7860</gpoId>
          <bioguideId>P000598</bioguideId>
          <lisID>1910</lisID>
        </identifiers>
        <sponsorshipWithdrawnDate />
      </item>
      <item>
        <isOriginalCosponsor>False</isOriginalCosponsor>
        <fullName>Rep. DeLauro, Rosa L. [D-CT-3]</fullName>
        <middleName />
        <sponsorshipDate>2018-01-29</sponsorshipDate>
        <bioguideId>D000216</bioguideId>
        <lastName>DELAURO</lastName>
        <party>D</party>
        <district>3</district>
        <firstName>ROSA</firstName>
        <state>CT</state>
        <identifiers>
          <bioguideId>D000216</bioguideId>
          <lisID>281</lisID>
          <gpoId>7868</gpoId>
        </identifiers>
        <sponsorshipWithdrawnDate />
      </item>
      <item>
        <isOriginalCosponsor>False</isOriginalCosponsor>
        <fullName>Rep. Lowenthal, Alan S. [D-CA-47]</fullName>
        <middleName>S.</middleName>
        <sponsorshipDate>2018-01-29</sponsorshipDate>
        <bioguideId>L000579</bioguideId>
        <lastName>Lowenthal</lastName>
        <party>D</party>
        <district>47</district>
        <firstName>Alan</firstName>
        <state>CA</state>
        <identifiers>
          <gpoId />
          <lisID>2111</lisID>
          <bioguideId>L000579</bioguideId>
        </identifiers>
        <sponsorshipWithdrawnDate />
      </item>
      <item>
        <isOriginalCosponsor>False</isOriginalCosponsor>
        <fullName>Rep. Peters, Scott H. [D-CA-52]</fullName>
        <middleName>H.</middleName>
        <sponsorshipDate>2018-01-29</sponsorshipDate>
        <bioguideId>P000608</bioguideId>
        <lastName>Peters</lastName>
        <party>D</party>
        <district>52</district>
        <firstName>Scott</firstName>
        <state>CA</state>
        <identifiers>
          <bioguideId>P000608</bioguideId>
          <gpoId />
          <lisID>2113</lisID>
        </identifiers>
        <sponsorshipWithdrawnDate />
      </item>
      <item>
        <isOriginalCosponsor>False</isOriginalCosponsor>
        <fullName>Rep. Jayapal, Pramila [D-WA-7]</fullName>
        <middleName />
        <sponsorshipDate>2018-01-29</sponsorshipDate>
        <bioguideId>J000298</bioguideId>
        <lastName>Jayapal</lastName>
        <party>D</party>
        <district>7</district>
        <firstName>Pramila</firstName>
        <state>WA</state>
        <identifiers>
          <lisID>2354</lisID>
          <bioguideId>J000298</bioguideId>
          <gpoId />
        </identifiers>
        <sponsorshipWithdrawnDate />
      </item>
      <item>
        <isOriginalCosponsor>False</isOriginalCosponsor>
        <fullName>Rep. Lofgren, Zoe [D-CA-19]</fullName>
        <middleName />
        <sponsorshipDate>2018-01-29</sponsorshipDate>
        <bioguideId>L000397</bioguideId>
        <lastName>LOFGREN</lastName>
        <party>D</party>
        <district>19</district>
        <firstName>ZOE</firstName>
        <state>CA</state>
        <identifiers>
          <bioguideId>L000397</bioguideId>
          <lisID>701</lisID>
          <gpoId>7821</gpoId>
        </identifiers>
        <sponsorshipWithdrawnDate />
      </item>
      <item>
        <isOriginalCosponsor>False</isOriginalCosponsor>
        <fullName>Rep. Schiff, Adam B. [D-CA-28]</fullName>
        <middleName>B.</middleName>
        <sponsorshipDate>2018-01-29</sponsorshipDate>
        <bioguideId>S001150</bioguideId>
        <lastName>SCHIFF</lastName>
        <party>D</party>
        <district>28</district>
        <firstName>ADAM</firstName>
        <state>CA</state>
        <identifiers>
          <lisID>1635</lisID>
          <bioguideId>S001150</bioguideId>
          <gpoId>7834</gpoId>
        </identifiers>
        <sponsorshipWithdrawnDate />
      </item>
    </cosponsors>
    <titles>
      <item>
        <parentTitleType />
        <chamberCode />
        <chamberName />
        <titleType>Official Title as Introduced</titleType>
        <title>Expressing the sense of Congress that child safety is the first priority of custody and visitation adjudications, and that State courts should improve adjudications of custody where family violence is alleged.</title>
      </item>
      <item>
        <parentTitleType />
        <chamberCode />
        <chamberName />
        <titleType>Display Title</titleType>
        <title>Expressing the sense of Congress that child safety is the first priority of custody and visitation adjudications, and that State courts should improve adjudications of custody where family violence is alleged.</title>
      </item>
    </titles>
    <congress>115</congress>
    <recordedVotes />
    <amendments />
    <laws />
    <cboCostEstimates />
    <actions>
      <actionByCounts>
        <houseOfRepresentatives>3</houseOfRepresentatives>
      </actionByCounts>
      <actionTypeCounts>
        <introducedInTheHouse>1</introducedInTheHouse>
        <billReferrals>1</billReferrals>
        <introducedInHouse>1</introducedInHouse>
      </actionTypeCounts>
      <item>
        <actionDate>2017-07-24</actionDate>
        <text>Referred to the House Committee on the Judiciary.</text>
        <sourceSystem>
          <name>House floor actions</name>
          <code>2</code>
        </sourceSystem>
        <committee>
          <systemCode>hsju00</systemCode>
          <name>Judiciary Committee</name>
        </committee>
        <links />
        <actionCode>H11100</actionCode>
        <type>IntroReferral</type>
      </item>
      <item>
        <actionDate>2017-07-24</actionDate>
        <text>Introduced in House</text>
        <sourceSystem>
          <name>Library of Congress</name>
          <code>9</code>
        </sourceSystem>
        <committee />
        <links />
        <actionCode>Intro-H</actionCode>
        <type>IntroReferral</type>
      </item>
      <item>
        <actionDate>2017-07-24</actionDate>
        <text>Introduced in House</text>
        <sourceSystem>
          <name>Library of Congress</name>
          <code>9</code>
        </sourceSystem>
        <committee />
        <links />
        <actionCode>1000</actionCode>
        <type>IntroReferral</type>
      </item>
    </actions>
    <updateDate>2018-02-06T16:39:27Z</updateDate>
    <summaries>
      <billSummaries>
        <item>
          <updateDate>2017-07-24T04:00:00Z</updateDate>
          <lastSummaryUpdateDate>2017-12-18T20:21:03Z</lastSummaryUpdateDate>
          <actionDate>2017-07-24</actionDate>
          <name>Introduced in House</name>
          <actionDesc>Introduced in House</actionDesc>
          <versionCode>00</versionCode>
          <text><![CDATA[<p>Expresses the sense of Congress that:</p> <ul> <li>child safety is the first priority of custody and parenting adjudications, and courts should resolve safety risks and claims of family violence before assessing other best interest factors; </li> <li>quasi-scientific evidence should be admitted by courts only when it meets admissibility standards for scientific evidence; </li> <li>evidence from court-affiliated or appointed fee-paid professionals regarding adult or child abuse allegations in custody cases should be considered only when the professional possesses documented expertise and experience in the relevant types of abuse, trauma, and the behaviors of victims and perpetrators; </li> <li>states should define required standards of expertise and experience for appointed fee-paid professionals who provide evidence to the court on abuse, trauma and behaviors of victims and perpetrators, specify requirements for the contents of such professional reports, and require courts to find that any appointed professionals meet those standards; </li> <li>states should consider models under which court-appointed professionals are paid directly by the courts, with potential reimbursement by the parties after due consideration of the parties' financial circumstances; and </li> <li>Congress should schedule hearings on family courts' practices with regard to children's safety and civil rights. </li></ul>]]></text>
        </item>
      </billSummaries>
    </summaries>
    <title>Expressing the sense of Congress that child safety is the first priority of custody and visitation adjudications, and that State courts should improve adjudications of custody where family violence is alleged.</title>
    <calendarNumbers />
    <originChamber>House</originChamber>
    <constitutionalAuthorityStatementText />
    <notes />
    <billType>HCONRES</billType>
    <committees>
      <billCommittees>
        <item>
          <chamber>House</chamber>
          <subcommittees />
          <type>Standing</type>
          <activities>
            <item>
              <date>2017-07-24T16:02:20Z</date>
              <name>Referred to</name>
            </item>
          </activities>
          <systemCode>hsju00</systemCode>
          <name>Judiciary Committee</name>
        </item>
      </billCommittees>
    </committees>
    <latestAction>
      <text>Referred to the House Committee on the Judiciary.</text>
      <actionDate>2017-07-24</actionDate>
      <links />
    </latestAction>
    <committeeReports />
    <billNumber>72</billNumber>
    <sponsors>
      <item>
        <byRequestType />
        <state>PA</state>
        <bioguideId>M001181</bioguideId>
        <identifiers>
          <lisID>2052</lisID>
          <bioguideId>M001181</bioguideId>
          <gpoId>8125</gpoId>
        </identifiers>
        <fullName>Rep. Meehan, Patrick [R-PA-7]</fullName>
        <district>7</district>
        <lastName>Meehan</lastName>
        <firstName>Patrick</firstName>
        <middleName />
        <party>R</party>
      </item>
    </sponsors>
    <subjects>
      <billSubjects>
        <policyArea>
          <name>Families</name>
        </policyArea>
        <legislativeSubjects>
          <item>
            <name>Child safety and welfare</name>
          </item>
          <item>
            <name>Crimes against children</name>
          </item>
          <item>
            <name>Domestic violence and child abuse</name>
          </item>
          <item>
            <name>Evidence and witnesses</name>
          </item>
          <item>
            <name>Judicial procedure and administration</name>
          </item>
          <item>
            <name>Legal fees and court costs</name>
          </item>
          <item>
            <name>Separation, divorce, custody, support</name>
          </item>
          <item>
            <name>Social work, volunteer service, charitable organizations</name>
          </item>
        </legislativeSubjects>
      </billSubjects>
    </subjects>
    <createDate>2017-07-25T03:11:30Z</createDate>
    <version>1.0.0</version>
    <relatedBills />
  </bill>
  <dublinCore xmlns:dc="http://purl.org/dc/elements/1.1/">
    <dc:format>text/xml</dc:format>
    <dc:language>EN</dc:language>
    <dc:rights>Pursuant to Title 17 Section 105 of the United States Code, this file is not subject to copyright protection and is in the public domain.</dc:rights>
    <dc:contributor>Congressional Research Service, Library of Congress</dc:contributor>
    <dc:description>This file contains bill summaries and statuses for federal legislation. A bill summary describes the most significant provisions of a piece of legislation and details the effects the legislative text may have on current law and federal programs. Bill summaries are authored by the Congressional Research Service (CRS) of the Library of Congress. As stated in Public Law 91-510 (2 USC 166 (d)(6)), one of the duties of CRS is "to prepare summaries and digests of bills and resolutions of a public general nature introduced in the Senate or House of Representatives". For more information, refer to the User Guide that accompanies this file.</dc:description>
  </dublinCore>
</billStatus>

